Actual,Predicted,Probability
1,1,0.9558677
1,1,0.9558677
1,1,0.9558677
1,1,0.95570165
1,1,0.9558677
1,1,0.95570165
1,1,0.9558677
1,1,0.9558677
1,1,0.9558677
1,1,0.9558677
1,1,0.9558677
1,1,0.9044963
1,1,0.9558677
1,1,0.9558677
1,1,0.9558677
1,1,0.9558677
1,1,0.95054066
1,1,0.9558677
1,1,0.9558677
1,1,0.95487374
1,1,0.9558677
1,1,0.9558677
1,1,0.9558677
1,1,0.9558677
1,1,0.9558677
1,1,0.9558677
1,1,0.9558677
1,1,0.95576024
1,1,0.9508211
1,1,0.9558677
1,1,0.9558677
1,1,0.9558677
0,1,0.9455773
1,1,0.9558677
1,1,0.95209605
1,1,0.9558677
1,1,0.95581937
1,1,0.9558677
1,1,0.9558677
1,1,0.9558677
1,1,0.9558677
1,1,0.9558677
1,1,0.9558677
1,1,0.9558677
1,1,0.95570165
1,1,0.9558677
1,1,0.9558677
1,1,0.9498729
1,1,0.9558677
1,1,0.9558677
1,1,0.9558677
1,1,0.9558677
1,1,0.9558677
1,1,0.9558677
1,1,0.9558677
1,1,0.9558677
1,1,0.9558677
1,1,0.9558677
1,1,0.9558677
1,1,0.9558677
1,1,0.9558677
1,1,0.9558677
1,1,0.9540408
1,1,0.9558677
1,1,0.9558677
1,1,0.9558677
1,1,0.9558677
1,1,0.9558677
1,1,0.948673
1,1,0.94507325
1,1,0.9558677
1,1,0.9558677
1,1,0.9558677
1,1,0.9558677
1,1,0.95570165
1,1,0.9558677
1,1,0.9558677
1,1,0.95581937
1,1,0.9558677
1,1,0.9558677
1,1,0.9558677
1,1,0.9558677
1,1,0.9558565
1,1,0.9558677
1,1,0.9558677
1,1,0.9558677
1,1,0.9558677
1,1,0.9558677
1,1,0.9558677
1,1,0.9558677
1,1,0.9558677
1,1,0.9558677
1,1,0.9558677
1,1,0.9558677
1,1,0.9558677
1,1,0.9558677
1,1,0.9558677
1,1,0.95208687
1,1,0.9537753
1,1,0.9558677
1,1,0.9558677
1,1,0.9558677
1,1,0.94417703
1,1,0.9558677
1,1,0.9522972
1,1,0.94371957
1,1,0.9558677
1,1,0.9558677
1,1,0.9525243
1,1,0.9558677
1,1,0.92562824
1,1,0.95576024
1,1,0.9558677
1,1,0.9558677
1,1,0.9558677
1,1,0.9558677
1,1,0.9558677
1,1,0.9558677
1,1,0.9399606
1,1,0.9558565
1,1,0.9558677
1,1,0.9558677
1,1,0.9558677
1,1,0.955782
1,1,0.9558677
1,1,0.9558677
1,1,0.95209605
1,1,0.9558677
1,1,0.9558677
1,1,0.9558677
1,1,0.9558677
1,1,0.9558677
1,1,0.9525243
1,1,0.9558677
1,1,0.9558677
1,1,0.9558677
1,1,0.95208687
1,1,0.9558677
1,1,0.9558677
1,1,0.9558677
1,1,0.9365686
1,1,0.9558677
1,1,0.9551525
1,1,0.9558677
1,1,0.9558677
1,1,0.9558565
1,1,0.94392514
1,1,0.9558677
1,1,0.9558677
1,1,0.9558677
1,1,0.9558677
1,1,0.92726374
1,1,0.95208687
1,1,0.9558677
1,1,0.9558677
1,1,0.95209605
1,1,0.9558677
1,1,0.9558677
1,1,0.9558677
1,1,0.9558677
1,1,0.9472436
1,1,0.9558677
1,1,0.9558677
1,1,0.95487374
0,1,0.9044963
1,1,0.9558677
1,1,0.9558677
1,1,0.9558677
1,1,0.95163375
1,1,0.9558677
1,1,0.9558677
1,1,0.9558677
1,1,0.9558677
1,1,0.9558119
1,1,0.95248514
1,1,0.9558677
1,1,0.95208687
1,1,0.9558677
1,1,0.9558677
1,1,0.9558677
1,1,0.9093274
1,1,0.94673973
1,1,0.9558677
1,1,0.95581937
1,1,0.9558677
1,1,0.9558677
1,1,0.95067436
1,1,0.9558677
1,1,0.9558677
1,1,0.9558677
1,1,0.955853
1,1,0.95208687
1,1,0.94417703
1,1,0.9558677
1,1,0.9558677
1,1,0.9558677
1,1,0.9558677
1,1,0.955853
1,1,0.95209605
1,1,0.9558677
1,1,0.9555738
1,1,0.9558677
1,1,0.9558677
1,1,0.94562423
1,1,0.9558677
1,1,0.9558677
1,1,0.9558677
1,1,0.9555738
1,1,0.95581937
1,1,0.9558677
1,1,0.9558677
1,1,0.9558677
1,1,0.9558677
1,1,0.9558677
1,1,0.9558677
1,1,0.9558677
1,1,0.9503867
1,1,0.9558677
1,1,0.9558677
1,1,0.9558677
1,1,0.9558677
1,1,0.9558677
1,1,0.9558677
0,1,0.95208687
1,1,0.95208687
1,1,0.9558677
1,1,0.95208687
1,1,0.9558677
1,1,0.9558677
1,1,0.9558677
1,1,0.9558677
0,1,0.92726374
1,1,0.95487374
1,1,0.9558677
1,1,0.95568866
1,1,0.95576024
1,1,0.9558677
1,1,0.95208687
1,1,0.94819605
1,1,0.9558677
1,1,0.9558677
1,1,0.9558677
1,1,0.9558677
0,1,0.9503867
0,1,0.94417703
1,1,0.95257306
1,1,0.9558677
1,1,0.9558677
1,1,0.9558677
1,1,0.9558677
1,1,0.9558677
1,1,0.9558677
1,1,0.955723
0,1,0.9089315
1,1,0.9558677
1,1,0.955853
1,1,0.9558677
1,1,0.9558677
1,1,0.9558677
1,1,0.9558677
1,1,0.9558677
1,1,0.95581937
1,1,0.9558677
1,1,0.95487374
1,1,0.929159
1,1,0.9521121
1,1,0.9558677
1,1,0.9521121
1,1,0.9558565
1,1,0.9558677
1,1,0.95208687
1,1,0.9558677
1,1,0.9558677
1,1,0.9556792
1,1,0.9558677
1,1,0.9555833
1,1,0.9558677
1,1,0.9519471
1,1,0.9558677
1,1,0.9558677
1,1,0.95208687
1,1,0.94417703
1,1,0.9558677
1,1,0.9558677
1,1,0.9558677
1,1,0.9558677
1,1,0.9558677
1,1,0.9558677
1,1,0.95208687
1,1,0.9558677
0,1,0.93099433
1,1,0.9558677
1,1,0.95487374
1,1,0.94562423
1,1,0.9558677
1,1,0.95581937
1,1,0.9558677
1,1,0.9089315
1,1,0.9558677
1,1,0.9558677
1,1,0.9558677
1,1,0.9558677
1,1,0.9558677
1,1,0.9558677
1,1,0.9558677
1,1,0.9557156
1,1,0.9558677
1,1,0.9558565
1,1,0.9558677
1,1,0.9558677
1,1,0.9558677
1,1,0.9558677
1,1,0.9558677
1,1,0.955853
1,1,0.95208687
1,1,0.9558677
1,1,0.9558565
1,1,0.9558677
1,1,0.9558677
1,1,0.9558677
1,1,0.95208687
1,1,0.9558677
1,1,0.94345254
1,1,0.9089315
1,1,0.9557567
1,1,0.9558677
1,1,0.9558677
1,1,0.9558677
1,1,0.9558565
1,1,0.9558677
1,1,0.9558677
1,1,0.9558565
1,1,0.9558677
1,1,0.9558677
1,1,0.9558677
1,1,0.9558677
1,1,0.9558677
1,1,0.9558677
1,1,0.9558677
1,1,0.9558677
1,1,0.94702816
1,1,0.9558677
1,1,0.9558677
1,1,0.9558677
1,1,0.9558677
1,1,0.9558677
1,1,0.9558677
1,1,0.9558677
1,1,0.9558677
1,1,0.9558677
1,1,0.9558677
1,1,0.9558677
1,1,0.9558677
1,1,0.953295
1,1,0.9558677
1,1,0.9558677
1,1,0.9558677
1,1,0.9558677
1,1,0.9558677
1,1,0.9558677
1,1,0.9558677
1,1,0.9558677
1,1,0.9558677
1,1,0.9558677
1,1,0.9558677
1,1,0.9558677
1,1,0.9035344
1,1,0.9558677
0,1,0.9531821
1,1,0.9558677
1,1,0.9558677
1,1,0.9558677
1,1,0.9558677
1,1,0.95308685
1,1,0.9558677
1,1,0.9558677
1,1,0.9558677
1,1,0.9558677
1,1,0.9558677
0,1,0.94507325
1,1,0.9558677
0,1,0.9455538
1,1,0.9558677
1,1,0.9558677
1,1,0.9558677
1,1,0.9558677
1,1,0.9558677
1,1,0.9558677
1,1,0.9558677
1,1,0.95487374
1,1,0.95576024
1,1,0.9558677
1,1,0.9558677
1,1,0.9558677
1,1,0.9558677
1,1,0.9558677
1,1,0.9558677
1,1,0.9558677
1,1,0.9522089
1,1,0.9558119
1,1,0.9558677
1,1,0.9558677
1,1,0.9558677
1,1,0.9558677
1,1,0.9558677
1,1,0.9558677
1,1,0.9558677
1,1,0.9558677
1,1,0.9558677
1,1,0.9558677
1,1,0.9558677
1,1,0.9558677
1,1,0.9558677
1,1,0.9558677
1,1,0.9558677
1,1,0.9527517
1,1,0.95487374
1,1,0.9558677
0,1,0.95487374
1,1,0.9558677
1,1,0.9558677
1,1,0.9557567
1,1,0.9558677
1,1,0.9558677
1,1,0.9558677
1,1,0.9558565
1,1,0.9503867
1,1,0.9558677
1,1,0.9558677
1,1,0.9558677
1,1,0.9558677
1,1,0.9558677
1,1,0.9558677
1,1,0.9558677
1,1,0.9558677
1,1,0.9558677
1,1,0.9558677
1,1,0.9558677
1,1,0.9558677
1,1,0.9558677
1,1,0.9558677
1,1,0.9558677
1,1,0.9558677
1,1,0.9558677
1,1,0.9558677
0,1,0.9009405
1,1,0.9558677
1,1,0.9558677
1,1,0.9558565
1,1,0.95208687
1,1,0.95576024
1,1,0.95208687
1,1,0.9558677
1,1,0.95208687
1,1,0.9558677
1,1,0.95107293
1,1,0.9558677
1,1,0.9558677
1,1,0.9558677
1,1,0.9558677
1,1,0.9558677
1,1,0.9558677
1,1,0.9558677
1,1,0.9558677
1,1,0.9558677
1,1,0.95576024
1,1,0.9558565
1,1,0.9343531
1,1,0.9558677
1,1,0.9558677
1,1,0.95208687
1,1,0.9558677
1,1,0.9558677
1,1,0.9558677
1,1,0.9558677
1,1,0.9558677
1,1,0.9558677
1,1,0.9558677
1,1,0.9558677
1,1,0.9558565
1,1,0.9558677
1,1,0.9558677
1,1,0.955723
1,1,0.9558677
1,1,0.9558677
1,1,0.9558677
1,1,0.9558677
1,1,0.95208687
1,1,0.9558677
1,1,0.9558677
1,1,0.95487374
1,1,0.9558677
1,1,0.9558677
1,1,0.9558677
1,1,0.9558677
1,1,0.9558677
1,1,0.94417703
1,1,0.9558677
1,1,0.9558677
1,1,0.9558677
1,1,0.9558677
1,1,0.9558677
1,1,0.9275862
1,1,0.95263547
1,1,0.9558677
1,1,0.9558677
0,1,0.94507325
1,1,0.9558677
1,1,0.9558677
1,1,0.9558677
1,1,0.9558677
1,1,0.9558677
1,1,0.94562423
1,1,0.9445379
1,1,0.9558677
1,1,0.95208687
1,1,0.9558677
1,1,0.9558677
1,1,0.9558677
1,1,0.9558677
1,1,0.9558677
1,1,0.9558677
1,1,0.955853
1,1,0.9558677
1,1,0.9558677
1,1,0.9558677
1,1,0.95576024
1,1,0.9558565
1,1,0.9558677
1,1,0.9558677
1,1,0.9558677
1,1,0.9558677
1,1,0.9558565
1,1,0.9558565
1,1,0.9558677
1,1,0.95581937
1,1,0.9558677
1,1,0.94417703
1,1,0.9558677
1,1,0.9558677
1,1,0.9558677
1,1,0.9558677
1,1,0.9558677
1,1,0.9558677
0,1,0.94507325
1,1,0.95408344
1,1,0.9558677
1,1,0.9558677
1,1,0.9558677
1,1,0.9558677
1,1,0.9558677
1,1,0.9558677
1,1,0.9558677
1,1,0.9558677
1,1,0.955853
1,1,0.9558677
1,1,0.9558677
1,1,0.9558677
1,1,0.9503867
1,1,0.9558677
1,1,0.9558677
1,1,0.9558677
1,1,0.9558677
1,1,0.95568866
1,1,0.9558677
1,1,0.9558677
1,1,0.9558677
1,1,0.9558677
1,1,0.9558677
1,1,0.9558677
1,1,0.95208687
1,1,0.9556644
1,1,0.95535386
1,1,0.9558677
1,1,0.9558677
1,1,0.9558677
1,1,0.95100904
1,1,0.9558677
1,1,0.9558677
0,1,0.95163375
1,1,0.948673
1,1,0.9558677
1,1,0.9558677
1,1,0.9558677
1,1,0.9558677
1,1,0.9558677
1,1,0.9558677
1,1,0.9558677
1,1,0.9558677
1,1,0.9558677
1,1,0.9558677
1,1,0.9558677
1,1,0.9558677
1,1,0.9558677
1,1,0.9558677
1,1,0.9558677
1,1,0.9558677
0,1,0.9399606
1,1,0.9558677
1,1,0.9558677
1,1,0.95576024
1,1,0.9558677
1,1,0.9558565
1,1,0.9558677
1,1,0.9558677
1,1,0.95208687
1,1,0.9558677
1,1,0.9558677
1,1,0.95568866
1,1,0.9558677
1,1,0.9558677
1,1,0.9558677
1,1,0.9558677
1,1,0.9558677
1,1,0.9558677
1,1,0.9558677
1,1,0.9557259
1,1,0.95487374
1,1,0.9558677
1,1,0.9558677
1,1,0.9525243
1,1,0.9558677
1,1,0.9558677
1,1,0.9558677
1,1,0.9558677
1,1,0.9558677
1,1,0.9558677
1,1,0.9558677
1,1,0.9455773
1,1,0.9558677
1,1,0.9558677
1,1,0.9558677
1,1,0.9558677
1,1,0.94562423
1,1,0.9558677
0,1,0.9343531
1,1,0.95254344
1,1,0.953295
1,1,0.9558677
1,1,0.9558677
1,1,0.955853
1,1,0.9558677
1,1,0.9558677
1,1,0.9558677
1,1,0.9558677
1,1,0.955853
1,1,0.9558677
1,1,0.9558677
1,1,0.9558677
1,1,0.9558677
1,1,0.9558677
1,1,0.95208687
1,1,0.9558677
1,1,0.9558677
1,1,0.9558677
1,1,0.9539357
1,1,0.94562423
1,1,0.9242915
1,1,0.9558677
1,1,0.92726374
1,1,0.9558677
1,1,0.95208687
1,1,0.9558677
0,1,0.94417703
1,1,0.9558677
1,1,0.9556644
1,1,0.9558677
1,1,0.9558677
1,1,0.9558677
1,1,0.9558677
1,1,0.95208687
1,1,0.9558677
1,1,0.9558677
1,1,0.9558677
1,1,0.9558677
1,1,0.9558677
1,1,0.9558677
1,1,0.955853
1,1,0.9558677
1,1,0.9558677
1,1,0.95208687
1,1,0.9067937
1,1,0.9487549
1,1,0.9558677
1,1,0.9558565
1,1,0.9558677
1,1,0.9558677
1,1,0.9558677
1,1,0.9558677
1,1,0.9558677
1,1,0.9558677
1,1,0.9558677
1,1,0.9558565
1,1,0.9527517
1,1,0.9558677
1,1,0.9558677
1,1,0.9558677
1,1,0.95208687
1,1,0.9558677
1,1,0.9558677
1,1,0.9558677
1,1,0.9558677
1,1,0.9558677
1,1,0.9558677
1,1,0.9558677
1,1,0.9558677
1,1,0.95576024
1,1,0.9558677
1,1,0.9558677
1,1,0.9558677
1,1,0.9558677
1,1,0.95208687
1,1,0.9558677
1,1,0.9558677
1,1,0.9558677
1,1,0.9437011
1,1,0.9555738
1,1,0.9558677
1,1,0.9558677
1,1,0.9455773
1,1,0.955853
1,1,0.955853
1,1,0.9558677
1,1,0.9558677
1,1,0.9558677
1,1,0.9558677
1,1,0.9558677
1,1,0.95266414
1,1,0.95487374
1,1,0.9558677
1,1,0.9558677
1,1,0.9558677
1,1,0.95554703
1,1,0.9558677
1,1,0.9558119
1,1,0.955782
1,1,0.9558565
1,1,0.9558677
1,1,0.9558677
1,1,0.9558677
1,1,0.95209605
1,1,0.9558677
1,1,0.9558677
1,1,0.9558677
1,1,0.9558677
1,1,0.9558677
1,1,0.95209605
1,1,0.9555738
1,1,0.9558677
1,1,0.9558677
1,1,0.9558677
1,1,0.9558677
1,1,0.9558677
1,1,0.9558677
1,1,0.9558677
1,1,0.9503363
1,1,0.95209605
1,1,0.9558677
1,1,0.9558677
1,1,0.9558677
1,1,0.9089315
1,1,0.94562423
1,1,0.9558677
1,1,0.9558677
1,1,0.9557259
1,1,0.9558677
1,1,0.9558677
1,1,0.9558677
1,1,0.9558677
1,1,0.9558677
1,1,0.92726374
1,1,0.9558677
1,1,0.9558677
1,1,0.9558677
1,1,0.9558677
1,1,0.95208687
1,1,0.9558677
1,1,0.9558677
1,1,0.9558677
1,1,0.95208687
1,1,0.9558677
1,1,0.9558677
1,1,0.9558677
1,1,0.9558677
1,1,0.9558677
1,1,0.9558677
1,1,0.9558565
1,1,0.9558677
1,1,0.9558677
1,1,0.9558677
1,1,0.9558677
1,1,0.9558677
1,1,0.9558677
1,1,0.9558677
1,1,0.95208687
1,1,0.9558677
1,1,0.9558677
1,1,0.9558677
1,1,0.95576024
1,1,0.9558677
1,1,0.9558677
1,1,0.9558677
1,1,0.9558677
1,1,0.9558677
1,1,0.9558677
1,1,0.9558677
1,1,0.9558677
1,1,0.9558677
1,1,0.9558677
1,1,0.9558677
1,1,0.95208687
1,1,0.9558677
1,1,0.9558677
1,1,0.9558677
1,1,0.9557496
1,1,0.9556718
1,1,0.9558677
1,1,0.9558677
1,1,0.9558677
1,1,0.9236463
1,1,0.95208687
1,1,0.9558677
1,1,0.9525243
1,1,0.95208687
1,1,0.94819605
1,1,0.955853
1,1,0.9558677
1,1,0.9558677
1,1,0.9558677
1,1,0.9558677
1,1,0.9558677
1,1,0.9558677
1,1,0.94365245
1,1,0.9533406
1,1,0.9558677
1,1,0.9558677
1,1,0.9558677
1,1,0.9558677
1,1,0.9044963
1,1,0.9558677
1,1,0.95576024
1,1,0.9557259
1,1,0.94392514
1,1,0.9558565
1,1,0.9558677
1,1,0.9558677
1,1,0.9558677
1,1,0.9455773
1,1,0.9558677
1,1,0.9558677
1,1,0.9558677
1,1,0.9558677
1,1,0.9558677
1,1,0.9558677
1,1,0.9558677
1,1,0.9558677
1,1,0.9558677
1,1,0.9558677
1,1,0.9558677
1,1,0.9558677
1,1,0.9558677
1,1,0.9558677
1,1,0.9558677
1,1,0.9558677
1,1,0.9558677
1,1,0.9558677
1,1,0.9558677
1,1,0.9507801
1,1,0.9558677
1,1,0.9558677
1,1,0.9558677
1,1,0.9558677
1,1,0.9558677
1,1,0.9558677
1,1,0.9558677
1,1,0.9558677
1,1,0.9558677
1,1,0.9558677
1,1,0.95487374
1,1,0.9525243
1,1,0.9558677
1,1,0.9558677
1,1,0.9558677
1,1,0.9558677
1,1,0.9558677
1,1,0.9537488
1,1,0.9558677
1,1,0.9558677
1,1,0.9558677
1,1,0.9558677
1,1,0.9558677
1,1,0.9558677
1,1,0.95208687
0,1,0.92726374
1,1,0.9558677
1,1,0.9558677
1,1,0.9558677
1,1,0.9558677
1,1,0.9558677
1,1,0.9558677
1,1,0.955853
1,1,0.9558677
1,1,0.9558677
1,1,0.954107
1,1,0.9558677
1,1,0.9558677
1,1,0.9558677
1,1,0.95208687
1,1,0.9558677
1,1,0.9558677
1,1,0.94392514
1,1,0.9558677
1,1,0.9558677
1,1,0.9558677
1,1,0.9558677
1,1,0.9558677
1,1,0.9558677
1,1,0.9558677
1,1,0.95487374
1,1,0.9558677
1,1,0.9558677
1,1,0.94507325
1,1,0.9558677
1,1,0.94507325
1,1,0.9558677
1,1,0.9558677
1,1,0.9558677
1,1,0.9558677
1,1,0.9558677
1,1,0.9558677
1,1,0.9408494
1,1,0.9558677
1,1,0.9558677
1,1,0.9558677
1,1,0.9558677
1,1,0.95208687
1,1,0.9558677
1,1,0.9558677
1,1,0.9558677
1,1,0.9558677
1,1,0.9558677
1,1,0.9558677
1,1,0.95208687
1,1,0.95208687
1,1,0.9558677
1,1,0.9558677
1,1,0.9558677
1,1,0.955853
1,1,0.9558565
1,1,0.9558677
1,1,0.9558677
1,1,0.9558677
1,1,0.9558677
1,1,0.9558677
1,1,0.9558677
1,1,0.9558677
1,1,0.9558677
1,1,0.9558677
1,1,0.9558677
1,1,0.95208687
1,1,0.9558677
1,1,0.95209605
1,1,0.9558677
1,1,0.9558677
1,1,0.9558677
1,1,0.9558677
1,1,0.95223784
1,1,0.9558677
1,1,0.94621366
1,1,0.9558677
1,1,0.9558677
1,1,0.9558677
1,1,0.9558677
1,1,0.955853
1,1,0.9556176
1,1,0.95487374
1,1,0.9558677
1,1,0.9508211
1,1,0.9558677
1,1,0.9558677
1,1,0.9558677
1,1,0.9558677
1,1,0.9558677
1,1,0.9558677
1,1,0.9558677
1,1,0.95061713
1,1,0.9558677
1,1,0.95208687
1,1,0.95081145
1,1,0.9558677
0,1,0.9089315
1,1,0.9558677
1,1,0.9558677
1,1,0.9558677
1,1,0.9558677
1,1,0.95487374
1,1,0.9558677
1,1,0.9558677
1,1,0.9558677
1,1,0.9558677
1,1,0.9558677
1,1,0.95209605
1,1,0.9468248
1,1,0.9558677
0,1,0.95272505
1,1,0.95566046
1,1,0.9558677
1,1,0.9558677
1,1,0.9558677
1,1,0.9521121
1,1,0.9558677
1,1,0.9558677
1,1,0.9558677
1,1,0.9558677
1,1,0.9558677
1,1,0.95208687
1,1,0.9558677
1,1,0.9558677
1,1,0.9558677
1,1,0.9558677
1,1,0.9558677
1,1,0.948673
1,1,0.9558677
1,1,0.9525243
1,1,0.9558677
1,1,0.9558677
1,1,0.9558677
1,1,0.9558677
1,1,0.95208687
1,1,0.9558677
1,1,0.9558677
1,1,0.9558677
0,1,0.92755467
1,1,0.9558677
1,1,0.9558677
1,1,0.9558119
1,1,0.9526798
1,1,0.9558677
1,1,0.9558677
1,1,0.9558677
1,1,0.955853
1,1,0.9558677
1,1,0.9558677
1,1,0.9558677
1,1,0.9558677
1,1,0.9558677
1,1,0.9558677
1,1,0.9558677
1,1,0.9558677
1,1,0.9558677
1,1,0.9558677
1,1,0.9558677
1,1,0.9558677
1,1,0.9558565
1,1,0.9558677
1,1,0.9558677
1,1,0.9558677
1,1,0.9558677
1,1,0.9558677
1,1,0.95108235
1,1,0.9558677
1,1,0.9558677
1,1,0.9558677
1,1,0.9558565
1,1,0.9558677
1,1,0.9558677
1,1,0.9558677
1,1,0.9558677
1,1,0.9558677
1,1,0.9558677
1,1,0.9558677
1,1,0.9558677
1,1,0.9558677
1,1,0.955853
1,1,0.955853
1,1,0.9558677
1,1,0.9558677
1,1,0.9558677
1,1,0.9558677
1,1,0.95209605
1,1,0.9558677
1,1,0.9558677
1,1,0.9558677
1,1,0.9558677
1,1,0.9558677
1,1,0.9558677
1,1,0.9558677
1,1,0.9558677
1,1,0.9558677
1,1,0.953295
1,1,0.94562423
1,1,0.9558119
1,1,0.9558677
1,1,0.9558677
1,1,0.94417703
1,1,0.9558677
1,1,0.9558677
1,1,0.9558677
1,1,0.94417703
1,1,0.9558677
1,1,0.9558677
1,1,0.9558677
1,1,0.9091431
1,1,0.9558677
1,1,0.9558677
1,1,0.9558677
1,1,0.9558677
1,1,0.9558677
1,1,0.9557567
1,1,0.9558565
1,1,0.9558677
1,1,0.9558677
1,1,0.9558677
1,1,0.9558677
1,1,0.9558677
1,1,0.9558677
1,1,0.9558677
1,1,0.9558677
1,1,0.9558677
1,1,0.9558677
1,1,0.95487374
1,1,0.9558677
1,1,0.9558677
1,1,0.9558677
1,1,0.9558677
1,1,0.9558677
1,1,0.9558677
1,1,0.9558677
1,1,0.9558677
1,1,0.9558677
1,1,0.9558677
1,1,0.9558677
1,1,0.9558677
1,1,0.9558677
1,1,0.9558677
1,1,0.9558677
1,1,0.9558677
1,1,0.9558677
1,1,0.95576024
1,1,0.9558677
1,1,0.9558677
1,1,0.9558677
1,1,0.9558677
1,1,0.9558677
1,1,0.9558677
1,1,0.9558677
1,1,0.9558677
1,1,0.9558677
1,1,0.955853
1,1,0.9558677
1,1,0.9558677
1,1,0.9558677
1,1,0.9558677
1,1,0.9242915
1,1,0.94379294
1,1,0.9558677
1,1,0.9558677
1,1,0.9558677
1,1,0.9558677
1,1,0.9558677
1,1,0.9558677
1,1,0.94417703
1,1,0.955853
1,1,0.9558677
1,1,0.9558677
1,1,0.9558677
1,1,0.9558677
1,1,0.955853
1,1,0.95252913
1,1,0.9558677
1,1,0.9555738
1,1,0.9558677
1,1,0.95487374
1,1,0.9558677
1,1,0.94392514
1,1,0.9558677
1,1,0.9558677
1,1,0.9558677
1,1,0.9558677
1,1,0.9558677
1,1,0.9558677
1,1,0.9558677
1,1,0.9455773
1,1,0.9558677
1,1,0.9558677
1,1,0.9558677
0,1,0.95208687
1,1,0.9558677
1,1,0.95487374
1,1,0.9558677
1,1,0.95208687
1,1,0.95355725
1,1,0.9508211
1,1,0.9558677
1,1,0.9558677
1,1,0.9544304
1,1,0.9558677
1,1,0.95487374
1,1,0.9558677
1,1,0.9558677
1,1,0.9558677
1,1,0.9558677
1,1,0.9558677
1,1,0.9558677
1,1,0.9558677
1,1,0.95576024
1,1,0.9558677
1,1,0.9558677
1,1,0.9558677
1,1,0.9558677
1,1,0.9558677
1,1,0.9558677
1,1,0.9544304
1,1,0.9558677
1,1,0.9558677
1,1,0.9557156
1,1,0.95266414
1,1,0.9558677
1,1,0.95208687
1,1,0.9558677
1,1,0.9558677
1,1,0.9558677
1,1,0.9558677
1,1,0.94417703
1,1,0.9558677
1,1,0.9558677
1,1,0.9558677
1,1,0.9558677
1,1,0.9558677
1,1,0.9558677
1,1,0.9558677
1,1,0.9558677
1,1,0.9558677
1,1,0.9558677
1,1,0.9558677
1,1,0.9558677
1,1,0.9558677
1,1,0.9558677
1,1,0.9558677
1,1,0.9558677
1,1,0.9558677
1,1,0.9558677
0,1,0.95209605
1,1,0.9558677
1,1,0.9557454
1,1,0.95208687
1,1,0.9558677
1,1,0.9558677
1,1,0.9558677
1,1,0.9558677
1,1,0.9558677
1,1,0.9558677
1,1,0.9558677
1,1,0.9558677
1,1,0.9527674
1,1,0.9558677
1,1,0.9558677
1,1,0.9558677
0,1,0.95208687
1,1,0.9558677
1,1,0.9558677
1,1,0.9558677
1,1,0.9558677
1,1,0.9558677
1,1,0.95576024
1,1,0.9558677
1,1,0.9558677
1,1,0.9558677
1,1,0.9558677
1,1,0.9558677
1,1,0.9558677
1,1,0.9558677
1,1,0.9558565
1,1,0.95487374
1,1,0.9558677
1,1,0.9558677
1,1,0.9558677
1,1,0.9558677
1,1,0.9558677
1,1,0.9558677
1,1,0.95487374
1,1,0.9558677
1,1,0.9558677
1,1,0.9558677
1,1,0.95379925
1,1,0.955853
1,1,0.9558677
1,1,0.9558677
1,1,0.94417703
1,1,0.92562824
1,1,0.9089315
1,1,0.95209605
1,1,0.9558677
1,1,0.9558677
1,1,0.9558677
1,1,0.9558677
1,1,0.9558677
1,1,0.9555738
1,1,0.94562423
1,1,0.9558677
1,1,0.9558677
1,1,0.9558677
1,1,0.9558677
1,1,0.95577145
1,1,0.9558677
1,1,0.9558677
1,1,0.9558677
1,1,0.9558677
1,1,0.9558677
1,1,0.9558677
1,1,0.955853
1,1,0.9558677
1,1,0.9558677
1,1,0.9558677
1,1,0.9557496
1,1,0.9558677
1,1,0.95581937
1,1,0.9558677
1,1,0.9558677
1,1,0.9558677
1,1,0.9558677
1,1,0.9558677
1,1,0.9521121
1,1,0.9512072
1,1,0.9558565
1,1,0.95487374
1,1,0.9558677
1,1,0.9558677
1,1,0.95208687
1,1,0.9558677
1,1,0.9558677
1,1,0.9558677
1,1,0.955853
1,1,0.94345254
1,1,0.9089315
1,1,0.94417703
1,1,0.9558677
1,1,0.9558677
1,1,0.9558677
1,1,0.95208687
1,1,0.9558677
1,1,0.92562824
1,1,0.9558677
0,1,0.95208687
1,1,0.9558677
0,1,0.9312888
1,1,0.95581937
1,1,0.9558677
1,1,0.9558677
1,1,0.9558677
1,1,0.9555738
1,1,0.9558677
1,1,0.9558677
1,1,0.9521121
1,1,0.9558677
1,1,0.9558677
1,1,0.9558677
1,1,0.9558677
1,1,0.9558677
1,1,0.9558677
1,1,0.95208687
1,1,0.9445379
1,1,0.9558677
1,1,0.9558677
1,1,0.95487374
1,1,0.9558677
1,1,0.95208687
1,1,0.9558677
1,1,0.9558677
1,1,0.9558565
1,1,0.9558677
1,1,0.9558677
1,1,0.9524889
1,1,0.9558677
1,1,0.9558677
1,1,0.9558677
1,1,0.9558677
1,1,0.9558677
1,1,0.9558677
1,1,0.9558565
1,1,0.9506345
1,1,0.9558565
1,1,0.9558677
1,1,0.95208687
1,1,0.9558677
1,1,0.9558677
1,1,0.9558677
1,1,0.9558677
1,1,0.9558677
0,1,0.9399606
1,1,0.9558677
1,1,0.9558677
1,1,0.9558677
1,1,0.9558677
1,1,0.9558677
1,1,0.95263547
1,1,0.9558677
1,1,0.9558677
1,1,0.95208687
1,1,0.9558677
1,1,0.9558677
1,1,0.9557259
1,1,0.9558677
1,1,0.9558677
1,1,0.95192236
1,1,0.9558677
1,1,0.9558677
1,1,0.9558677
1,1,0.9558677
1,1,0.9558677
1,1,0.9558677
1,1,0.9089315
1,1,0.9558677
1,1,0.9558677
1,1,0.9558677
1,1,0.9558677
1,1,0.9558677
1,1,0.955853
1,1,0.9558677
1,1,0.9558677
1,1,0.9558565
1,1,0.9558677
1,1,0.9558677
1,1,0.9558677
1,1,0.9558677
1,1,0.9558677
1,1,0.95107293
1,1,0.9558677
1,1,0.9558677
1,1,0.9558306
1,1,0.9558677
1,1,0.9558677
1,1,0.95487374
1,1,0.9558677
1,1,0.9558677
1,1,0.9558677
1,1,0.9558677
1,1,0.9558677
1,1,0.9558677
1,1,0.9436743
1,1,0.9558677
1,1,0.9558677
1,1,0.9558677
1,1,0.95208687
1,1,0.9558677
1,1,0.9558677
1,1,0.9558677
1,1,0.9558677
1,1,0.9558677
1,1,0.9558677
1,1,0.9558677
1,1,0.94562423
1,1,0.9558677
1,1,0.9558565
1,1,0.9558677
1,1,0.9558677
1,1,0.9558677
1,1,0.9558677
1,1,0.95208687
1,1,0.9558677
1,1,0.95208687
1,1,0.9558677
1,1,0.9558677
0,1,0.95117086
1,1,0.9558677
1,1,0.9558677
1,1,0.9558677
1,1,0.9558677
1,1,0.9558677
1,1,0.9558677
1,1,0.9558677
1,1,0.9558677
1,1,0.9558677
1,1,0.9558677
1,1,0.95208687
1,1,0.95576024
1,1,0.9558677
1,1,0.9558677
1,1,0.9558677
1,1,0.9558677
1,1,0.9558677
0,1,0.94417703
1,1,0.95355725
1,1,0.9558677
1,1,0.95208687
1,1,0.9475976
1,1,0.9558677
1,1,0.9544304
1,1,0.9558677
1,1,0.9558677
1,1,0.9558677
1,1,0.9558677
1,1,0.9044963
1,1,0.9558677
1,1,0.955853
1,1,0.9558677
1,1,0.9558677
1,1,0.9558677
1,1,0.9558677
1,1,0.9558677
1,1,0.9558677
1,1,0.9558677
1,1,0.9558677
1,1,0.9558677
1,1,0.9558677
1,1,0.9558677
1,1,0.9558677
1,1,0.9558677
1,1,0.9558677
1,1,0.95568866
1,1,0.9558677
1,1,0.9455773
1,1,0.9558677
1,1,0.955853
1,1,0.9558119
1,1,0.9558677
1,1,0.94417703
1,1,0.9558677
1,1,0.9558677
1,1,0.9558677
1,1,0.9558677
1,1,0.9558677
1,1,0.9558677
1,1,0.9455773
1,1,0.9558677
1,1,0.95208687
1,1,0.9558677
1,1,0.9558677
1,1,0.9558677
1,1,0.9558677
1,1,0.9555833
1,1,0.9558677
1,1,0.9558677
0,1,0.9048285
1,1,0.9558565
1,1,0.9558677
1,1,0.9558677
1,1,0.9558677
1,1,0.9558677
1,1,0.9558677
1,1,0.9558677
1,1,0.955853
1,1,0.9558677
1,1,0.9558677
1,1,0.9558677
1,1,0.9558677
1,1,0.95581937
1,1,0.9558677
1,1,0.9558677
1,1,0.9558677
1,1,0.95229906
1,1,0.9558677
1,1,0.9558677
1,1,0.9558677
1,1,0.9558677
1,1,0.9558677
1,1,0.9558677
1,1,0.9558677
1,1,0.9558677
1,1,0.9558677
1,1,0.9558677
1,1,0.9558677
1,1,0.9557567
1,1,0.955853
1,1,0.955723
1,1,0.9558677
1,1,0.9558677
1,1,0.9558677
1,1,0.9558677
1,1,0.9558677
1,1,0.9555738
1,1,0.9558677
1,1,0.9558677
1,1,0.9558677
1,1,0.9558677
1,1,0.9558677
1,1,0.95208687
1,1,0.9558677
1,1,0.9558677
1,1,0.9558677
1,1,0.9558677
1,1,0.9558677
1,1,0.9558677
1,1,0.9558677
1,1,0.9558677
1,1,0.9558677
1,1,0.955853
1,1,0.9558677
1,1,0.9558677
1,1,0.9558677
1,1,0.9557156
1,1,0.9558565
1,1,0.9558677
1,1,0.9558677
1,1,0.9558677
1,1,0.9558677
1,1,0.9558677
1,1,0.9558677
1,1,0.9558677
1,1,0.9558677
1,1,0.9558677
1,1,0.9558677
1,1,0.95208687
1,1,0.9558565
1,1,0.9558677
1,1,0.9558677
1,1,0.9558677
1,1,0.94562423
1,1,0.9558677
1,1,0.9558677
1,1,0.9558677
1,1,0.9558677
1,1,0.9558677
1,1,0.9558677
1,1,0.9558677
1,1,0.9558677
1,1,0.9558677
1,1,0.9558677
1,1,0.9558677
1,1,0.9558677
1,1,0.9558677
1,1,0.9558677
1,1,0.9558677
1,1,0.9558677
1,1,0.9556176
1,1,0.9558677
1,1,0.9558565
1,1,0.955853
1,1,0.9558565
1,1,0.90319824
1,1,0.9558677
1,1,0.9558677
1,1,0.9558677
1,1,0.9558677
1,1,0.9558677
1,1,0.9558677
1,1,0.9044963
1,1,0.9558677
1,1,0.95208687
1,1,0.9558677
1,1,0.9558677
1,1,0.9558677
1,1,0.9558677
1,1,0.9558677
1,1,0.95209605
1,1,0.95581937
1,1,0.9558677
1,1,0.9558677
1,1,0.9558677
1,1,0.9558677
1,1,0.9558677
1,1,0.955853
1,1,0.95581937
1,1,0.9558677
1,1,0.9558677
1,1,0.9558677
1,1,0.9558677
1,1,0.9558677
1,1,0.94507325
1,1,0.9558677
1,1,0.9558677
1,1,0.9558677
1,1,0.95277125
1,1,0.9558677
1,1,0.9558677
1,1,0.9558677
1,1,0.9558677
1,1,0.9557143
1,1,0.9558677
1,1,0.9558677
1,1,0.9558677
1,1,0.9558677
1,1,0.9558677
1,1,0.9558677
1,1,0.95570165
1,1,0.9558677
1,1,0.9558677
1,1,0.9558677
0,1,0.9089315
0,1,0.95117086
1,1,0.9557111
1,1,0.9558677
1,1,0.9558677
1,1,0.9558677
1,1,0.9558677
1,1,0.9558677
1,1,0.9558677
1,1,0.9558677
1,1,0.9533406
1,1,0.9558677
1,1,0.9558677
1,1,0.9558677
1,1,0.9521121
1,1,0.9558677
1,1,0.9558677
1,1,0.9558677
1,1,0.95209605
1,1,0.9558677
1,1,0.9558677
1,1,0.9558677
1,1,0.9558677
1,1,0.9558677
1,1,0.9558677
1,1,0.95487374
1,1,0.9558677
1,1,0.9558677
1,1,0.9522089
1,1,0.9558677
1,1,0.9558677
1,1,0.9399606
1,1,0.9558677
1,1,0.9558677
1,1,0.9558677
1,1,0.9558677
1,1,0.9558677
1,1,0.9558677
1,1,0.95208687
1,1,0.9558565
1,1,0.9558677
1,1,0.9558677
1,1,0.9558677
1,1,0.9558677
0,1,0.9445379
1,1,0.9558677
1,1,0.9558677
1,1,0.9558677
1,1,0.9558677
1,1,0.9523889
1,1,0.9558677
1,1,0.9455773
1,1,0.9558677
1,1,0.9558677
1,1,0.9558677
1,1,0.9558677
1,1,0.9558677
1,1,0.9455773
1,1,0.9558677
1,1,0.9558677
1,1,0.9558677
1,1,0.95208687
1,1,0.9558677
1,1,0.9558677
1,1,0.9558677
1,1,0.95487374
1,1,0.9558677
1,1,0.9558677
1,1,0.9558677
1,1,0.9558677
1,1,0.9558677
1,1,0.9558677
0,1,0.9555738
1,1,0.9558677
1,1,0.9558677
1,1,0.9558677
1,1,0.9558677
1,1,0.9558677
1,1,0.9558677
1,1,0.9558677
1,1,0.9558677
1,1,0.9558677
1,1,0.9558677
1,1,0.9558677
1,1,0.9558677
1,1,0.9558677
1,1,0.9558677
1,1,0.9558565
1,1,0.9558677
1,1,0.95208687
1,1,0.9558677
1,1,0.9558677
1,1,0.9558677
1,1,0.9557143
1,1,0.9558677
1,1,0.9558677
1,1,0.9558677
1,1,0.9558677
1,1,0.9558565
1,1,0.9558677
1,1,0.9558677
1,1,0.9558677
1,1,0.9558677
1,1,0.9558677
1,1,0.9558677
1,1,0.9558677
1,1,0.9558677
1,1,0.95576024
1,1,0.9558677
1,1,0.9558677
1,1,0.9558677
1,1,0.9558677
1,1,0.9558677
1,1,0.9558677
1,1,0.95209605
1,1,0.9558677
1,1,0.9558677
1,1,0.9558677
1,1,0.9558677
1,1,0.9558677
1,1,0.9558677
1,1,0.955853
1,1,0.95581937
1,1,0.9558677
1,1,0.9558565
1,1,0.9558677
1,1,0.9089315
1,1,0.9558677
1,1,0.9558677
1,1,0.9558677
1,1,0.9558677
1,1,0.9558677
1,1,0.9558677
1,1,0.95270795
1,1,0.9536624
1,1,0.9558677
1,1,0.9558677
1,1,0.9558677
1,1,0.9553207
1,1,0.9558677
1,1,0.9558677
1,1,0.9558677
1,1,0.9558677
1,1,0.9558677
1,1,0.9558677
1,1,0.9558677
1,1,0.9558677
1,1,0.9558677
1,1,0.9558677
1,1,0.9558677
1,1,0.9527517
1,1,0.9558677
1,1,0.9558677
0,1,0.9236463
1,1,0.9558677
1,1,0.95270795
1,1,0.9558677
1,1,0.9558677
1,1,0.9558677
1,1,0.9558677
1,1,0.9558677
1,1,0.9558677
1,1,0.9558677
1,1,0.9558677
1,1,0.955853
1,1,0.9558677
1,1,0.9558677
1,1,0.9089315
1,1,0.9558677
1,1,0.9558677
1,1,0.9558677
1,1,0.9558677
1,1,0.9558677
1,1,0.9558677
1,1,0.9558677
1,1,0.9558677
1,1,0.9558677
1,1,0.9089315
1,1,0.9558677
1,1,0.9558677
1,1,0.90319824
1,1,0.9558677
1,1,0.95487374
1,1,0.9558565
1,1,0.95487374
1,1,0.9558677
1,1,0.9558677
1,1,0.9558677
1,1,0.95208687
1,1,0.95487374
1,1,0.9544304
1,1,0.95568866
1,1,0.9558677
1,1,0.9558677
1,1,0.9558677
1,1,0.95487374
1,1,0.9558677
1,1,0.9558677
1,1,0.9558677
1,1,0.9558677
1,1,0.9558677
1,1,0.9558677
1,1,0.9558565
1,1,0.9558677
1,1,0.9558677
1,1,0.95487374
1,1,0.9521121
1,1,0.9558677
1,1,0.9558677
1,1,0.95581937
1,1,0.9558677
1,1,0.9558677
1,1,0.9558677
1,1,0.9558677
1,1,0.9558677
1,1,0.95581937
1,1,0.9558677
1,1,0.9558677
1,1,0.9557259
1,1,0.95487374
1,1,0.9555738
1,1,0.9555738
1,1,0.9557567
1,1,0.955853
1,1,0.9558677
1,1,0.9558677
1,1,0.9558677
1,1,0.9558677
1,1,0.9558677
1,1,0.9558677
1,1,0.9558677
1,1,0.9558677
1,1,0.9558677
1,1,0.9558677
1,1,0.9558677
1,1,0.9558677
1,1,0.9558677
1,1,0.9558677
1,1,0.9558677
1,1,0.9558677
1,1,0.9465812
1,1,0.9558677
1,1,0.93322486
1,1,0.9558677
1,1,0.9558677
1,1,0.9558677
1,1,0.95568866
1,1,0.955853
1,1,0.9558677
1,1,0.9558677
1,1,0.9558677
1,1,0.95487374
1,1,0.9558677
1,1,0.9558677
1,1,0.9558677
1,1,0.9558565
1,1,0.9558677
1,1,0.9558677
1,1,0.9558677
1,1,0.95576024
1,1,0.9558677
1,1,0.9558677
1,1,0.9455773
1,1,0.9558565
1,1,0.9558677
1,1,0.9558677
1,1,0.9558677
1,1,0.9558677
1,1,0.9558677
1,1,0.9558677
1,1,0.95487374
1,1,0.9558677
1,1,0.95487374
1,1,0.9558677
1,1,0.9558677
1,1,0.9558677
1,1,0.9558677
1,1,0.9558677
1,1,0.9558677
1,1,0.94621366
1,1,0.94392514
1,1,0.9558677
1,1,0.9508211
1,1,0.9558677
1,1,0.9558677
1,1,0.9558677
1,1,0.9558677
1,1,0.9558677
1,1,0.955853
1,1,0.95408344
1,1,0.9558677
1,1,0.9558677
1,1,0.9558677
1,1,0.9558677
1,1,0.9558677
1,1,0.95571643
1,1,0.9455773
1,1,0.9557156
1,1,0.9558677
1,1,0.955853
1,1,0.9558677
1,1,0.9558677
1,1,0.9558677
1,1,0.95487374
0,1,0.9089315
1,1,0.9558677
1,1,0.9558677
1,1,0.9558677
1,1,0.9558677
1,1,0.9558677
1,1,0.9558677
1,1,0.9558677
1,1,0.94345254
1,1,0.9558677
1,1,0.9558677
1,1,0.95209605
1,1,0.9558677
1,1,0.9558677
1,1,0.9558677
1,1,0.955723
1,1,0.9558677
1,1,0.9558565
1,1,0.95208687
1,1,0.9558677
1,1,0.9558677
1,1,0.9558677
1,1,0.9558677
1,1,0.9558677
1,1,0.9558677
1,1,0.9091431
1,1,0.9558677
1,1,0.9558677
1,1,0.9558677
1,1,0.9558677
1,1,0.9558677
1,1,0.9558677
1,1,0.9558677
1,1,0.9558677
1,1,0.9558677
1,1,0.9558677
1,1,0.9558677
1,1,0.9558119
1,1,0.9558677
1,1,0.9558677
1,1,0.9558677
1,1,0.9558565
1,1,0.9558565
1,1,0.9558677
1,1,0.9558677
1,1,0.9558677
1,1,0.9512072
1,1,0.9558677
1,1,0.9558677
1,1,0.9558677
1,1,0.9558677
1,1,0.9558677
1,1,0.9558677
1,1,0.9558677
1,1,0.9558677
1,1,0.9521121
1,1,0.9558677
1,1,0.9558677
1,1,0.9558677
1,1,0.9558677
1,1,0.9558677
1,1,0.9558677
1,1,0.9558677
1,1,0.9558677
1,1,0.9558677
1,1,0.9558677
1,1,0.9558677
1,1,0.9558677
1,1,0.9558677
1,1,0.9558677
1,1,0.9558677
1,1,0.9558677
1,1,0.9558677
1,1,0.9558677
1,1,0.9557259
1,1,0.9558677
1,1,0.9558677
1,1,0.9558677
1,1,0.9558677
1,1,0.94392514
1,1,0.9558677
1,1,0.9525243
1,1,0.9558677
1,1,0.9558677
1,1,0.95208687
1,1,0.9522089
1,1,0.9558677
1,1,0.95208687
1,1,0.9553395
1,1,0.9558677
1,1,0.9558677
1,1,0.9558677
1,1,0.9558677
1,1,0.9558677
1,1,0.9487549
1,1,0.9558565
1,1,0.9558677
1,1,0.9558677
0,1,0.94350123
1,1,0.9558677
1,1,0.9558677
1,1,0.9558677
1,1,0.9558677
1,1,0.9558677
1,1,0.9558677
1,1,0.9525243
1,1,0.9558677
1,1,0.9558677
1,1,0.9558677
0,1,0.94507325
1,1,0.9555738
1,1,0.9558677
1,1,0.95487374
1,1,0.9558677
1,1,0.9558677
1,1,0.9558677
1,1,0.9558677
1,1,0.9558677
1,1,0.9558677
1,1,0.9558677
1,1,0.9558677
1,1,0.95576024
1,1,0.9558677
1,1,0.9558677
1,1,0.9558677
1,1,0.95487374
1,1,0.94621366
1,1,0.9558677
1,1,0.9558677
1,1,0.9558677
1,1,0.9558677
1,1,0.9558677
1,1,0.9558677
1,1,0.95208687
1,1,0.9558677
1,1,0.9558677
1,1,0.9558565
1,1,0.955853
1,1,0.9558677
1,1,0.955723
1,1,0.9558677
1,1,0.9558677
1,1,0.9558677
1,1,0.9558677
1,1,0.9558677
1,1,0.95487374
1,1,0.9558677
1,1,0.95208687
1,1,0.9521121
1,1,0.9558677
1,1,0.9558677
1,1,0.9558677
1,1,0.9558677
1,1,0.9558677
1,1,0.9521121
1,1,0.9558677
1,1,0.9558677
1,1,0.9558677
1,1,0.9558677
1,1,0.9558677
1,1,0.95487374
1,1,0.9558677
1,1,0.9558677
1,1,0.9558677
1,1,0.9558677
1,1,0.9558677
1,1,0.9558677
1,1,0.9558677
1,1,0.9558677
1,1,0.9558677
1,1,0.9558677
1,1,0.9558677
1,1,0.9558677
1,1,0.95576024
1,1,0.9558677
1,1,0.9558677
1,1,0.9557454
1,1,0.9558677
1,1,0.9558677
1,1,0.9558677
1,1,0.9557454
1,1,0.9558677
1,1,0.9558677
1,1,0.9558119
1,1,0.9558677
1,1,0.9558677
1,1,0.9558677
1,1,0.9445379
1,1,0.955853
1,1,0.9044963
1,1,0.9558677
1,1,0.9558677
1,1,0.9558677
1,1,0.9558677
1,1,0.9558677
1,1,0.9558677
1,1,0.95277125
1,1,0.9558677
1,1,0.9558677
1,1,0.9558677
1,1,0.9558677
1,1,0.9558677
1,1,0.9558677
1,1,0.9558677
1,1,0.9558565
1,1,0.9558677
1,1,0.9558677
1,1,0.9558677
1,1,0.9558677
1,1,0.9558677
1,1,0.9523729
1,1,0.95487374
1,1,0.9558677
1,1,0.9558677
1,1,0.9558677
1,1,0.9558677
1,1,0.9558677
1,1,0.9558677
1,1,0.9558677
1,1,0.952384
1,1,0.9521121
1,1,0.9558677
1,1,0.9558677
1,1,0.9558677
1,1,0.9558677
1,1,0.9558677
1,1,0.9558677
1,1,0.9558677
1,1,0.9558677
1,1,0.9558677
1,1,0.9558677
1,1,0.9558677
1,1,0.9558677
1,1,0.9558677
1,1,0.9558677
1,1,0.9558677
1,1,0.9558677
1,1,0.95487374
1,1,0.9558677
1,1,0.9558677
1,1,0.9558677
1,1,0.9558677
1,1,0.95209605
1,1,0.9558677
1,1,0.9558677
1,1,0.9558677
1,1,0.955853
1,1,0.9558677
1,1,0.9558677
1,1,0.95487374
1,1,0.9558677
1,1,0.9558677
1,1,0.9558677
1,1,0.9558677
1,1,0.9558677
1,1,0.9558677
1,1,0.9558677
1,1,0.9558677
1,1,0.9558677
1,1,0.9558677
1,1,0.9522089
1,1,0.95487374
1,1,0.9558677
1,1,0.9558677
1,1,0.9558677
1,1,0.955853
1,1,0.9558677
1,1,0.9558677
1,1,0.9557454
1,1,0.95208687
1,1,0.9558677
1,1,0.9558677
1,1,0.9558677
1,1,0.95487374
1,1,0.9558677
1,1,0.9558677
1,1,0.95487374
1,1,0.9558677
1,1,0.9558677
1,1,0.9558677
1,1,0.9558677
1,1,0.95487374
1,1,0.9558677
1,1,0.9558677
1,1,0.9558677
1,1,0.955853
1,1,0.9558677
1,1,0.9558677
1,1,0.95466053
1,1,0.9558677
1,1,0.9558565
1,1,0.9558677
1,1,0.9558677
1,1,0.9558677
1,1,0.95208687
1,1,0.95576024
1,1,0.9558677
1,1,0.9558677
1,1,0.9558677
0,1,0.92726374
1,1,0.95581937
1,1,0.9558677
1,1,0.9558677
1,1,0.9558677
1,1,0.94507325
1,1,0.95277125
1,1,0.9558677
1,1,0.955853
1,1,0.9558677
1,1,0.9508211
1,1,0.95487374
1,1,0.9558677
1,1,0.9558677
1,1,0.95576024
1,1,0.95395106
1,1,0.9558677
1,1,0.9558677
1,1,0.9558677
1,1,0.9558677
1,1,0.9558677
1,1,0.955723
1,1,0.9558677
1,1,0.9558677
1,1,0.95581937
1,1,0.95581937
1,1,0.9558677
1,1,0.9558677
1,1,0.94673973
1,1,0.9558677
1,1,0.9555738
1,1,0.9558677
1,1,0.9558677
1,1,0.9558677
1,1,0.9558677
1,1,0.9558677
1,1,0.9558677
1,1,0.9558677
1,1,0.9558677
1,1,0.95581937
1,1,0.9558677
1,1,0.9558677
1,1,0.9445379
1,1,0.9558677
1,1,0.9558677
1,1,0.9558677
1,1,0.9558677
1,1,0.9558677
1,1,0.94417703
1,1,0.9558677
1,1,0.95108235
1,1,0.9558677
1,1,0.9558677
1,1,0.9558677
1,1,0.9558565
1,1,0.9558677
1,1,0.9558677
1,1,0.9558677
1,1,0.9558677
1,1,0.94663274
1,1,0.9558677
1,1,0.9558677
1,1,0.9558677
1,1,0.9558677
1,1,0.9558677
1,1,0.9558677
1,1,0.9558677
1,1,0.9558677
1,1,0.9558677
1,1,0.9558677
1,1,0.9558677
1,1,0.9558677
1,1,0.9558677
1,1,0.9558677
1,1,0.9558677
1,1,0.9558677
1,1,0.9558677
1,1,0.9558677
1,1,0.9558677
1,1,0.95570165
1,1,0.9558677
1,1,0.95208687
1,1,0.9558677
1,1,0.9044963
1,1,0.9558677
1,1,0.9558677
1,1,0.95576024
1,1,0.9558677
1,1,0.9558677
1,1,0.9558677
1,1,0.9558677
1,1,0.9558677
1,1,0.9558677
1,1,0.9558677
1,1,0.95208687
1,1,0.9558677
1,1,0.94350123
1,1,0.9558677
1,1,0.9558677
1,1,0.9558677
1,1,0.94417703
1,1,0.9558677
1,1,0.9558677
1,1,0.95487374
1,1,0.94417703
1,1,0.95487374
1,1,0.9558677
1,1,0.9544304
1,1,0.95208687
1,1,0.92562824
1,1,0.9558677
1,1,0.9544304
1,1,0.95061713
1,1,0.95487374
1,1,0.9558677
1,1,0.9558677
1,1,0.9558677
1,1,0.9558677
1,1,0.9558677
1,1,0.9558677
1,1,0.9558677
1,1,0.9558677
1,1,0.9555738
1,1,0.9558677
1,1,0.9558677
1,1,0.9558677
1,1,0.95581937
1,1,0.9558677
1,1,0.9558677
1,1,0.9558677
1,1,0.9558677
1,1,0.9558677
1,1,0.9558677
1,1,0.9558677
1,1,0.9399606
1,1,0.9558677
1,1,0.95208687
1,1,0.9558677
1,1,0.9558677
1,1,0.9558677
1,1,0.9558677
1,1,0.9558677
1,1,0.9558677
1,1,0.9558677
1,1,0.9558677
1,1,0.9558677
1,1,0.9558677
1,1,0.9558677
1,1,0.9558677
0,1,0.92726374
1,1,0.9558677
1,1,0.9558677
1,1,0.9558677
1,1,0.9558677
1,1,0.9558677
1,1,0.9558677
1,1,0.9558677
1,1,0.955853
1,1,0.9558677
1,1,0.9558677
1,1,0.9558677
1,1,0.9558677
1,1,0.9558677
1,1,0.9558677
1,1,0.9558677
1,1,0.9558677
1,1,0.95208687
1,1,0.9558677
1,1,0.9558677
1,1,0.9558677
1,1,0.9558677
1,1,0.9527517
1,1,0.9558677
1,1,0.9558677
1,1,0.9558677
1,1,0.9558677
1,1,0.9558677
1,1,0.9558677
1,1,0.9558677
1,1,0.9558677
1,1,0.9558677
1,1,0.9558677
1,1,0.955853
1,1,0.9558677
1,1,0.9558565
1,1,0.9558677
1,1,0.94417703
1,1,0.9558677
1,1,0.9558677
1,1,0.9558677
1,1,0.9558677
1,1,0.9558677
1,1,0.9558677
1,1,0.9558677
1,1,0.9558677
1,1,0.9558677
1,1,0.9558677
1,1,0.9558677
1,1,0.9558677
1,1,0.9558677
1,1,0.9558677
1,1,0.9558565
1,1,0.9558677
1,1,0.9558677
1,1,0.9558677
1,1,0.94417703
1,1,0.9558677
1,1,0.9558677
1,1,0.9558677
1,1,0.9558677
1,1,0.9558677
1,1,0.9558677
1,1,0.9558677
1,1,0.9558677
1,1,0.9558677
1,1,0.9555738
1,1,0.9558677
1,1,0.9558677
1,1,0.9558677
1,1,0.9558677
1,1,0.9558677
1,1,0.95208687
1,1,0.9558677
1,1,0.9519228
1,1,0.9558677
1,1,0.9558677
1,1,0.9558677
1,1,0.9558677
1,1,0.95487374
1,1,0.9558677
1,1,0.9558677
1,1,0.9558677
1,1,0.9558677
0,1,0.9089315
1,1,0.9558677
1,1,0.9558677
1,1,0.9558677
1,1,0.95208687
1,1,0.9558677
0,1,0.92755467
1,1,0.9236463
1,1,0.9558677
1,1,0.9558677
1,1,0.94583887
1,1,0.95487374
1,1,0.955853
1,1,0.9558677
1,1,0.9558677
1,1,0.9558677
1,1,0.9558677
1,1,0.9558677
1,1,0.9558677
1,1,0.9558677
1,1,0.9558677
1,1,0.9558677
1,1,0.9558677
1,1,0.9558677
1,1,0.9558677
1,1,0.9558677
1,1,0.9558677
0,1,0.9091431
1,1,0.9558677
1,1,0.9558677
1,1,0.95487374
1,1,0.95208687
1,1,0.9558565
1,1,0.9558677
1,1,0.9558677
1,1,0.95487374
1,1,0.9558677
1,1,0.95570165
1,1,0.9558677
1,1,0.9558565
1,1,0.95270795
1,1,0.9558677
1,1,0.9558677
1,1,0.9558677
1,1,0.9558677
1,1,0.9558677
1,1,0.9558677
1,1,0.9558677
1,1,0.9558677
1,1,0.9558677
1,1,0.95322686
1,1,0.95576024
1,1,0.9558677
1,1,0.9558677
1,1,0.955853
1,1,0.9558677
1,1,0.9558677
1,1,0.9445379
1,1,0.95208687
1,1,0.9558677
1,1,0.94562423
1,1,0.9558677
1,1,0.9558677
1,1,0.9558677
1,1,0.9558677
1,1,0.9558677
1,1,0.9558677
1,1,0.9558677
1,1,0.9558677
1,1,0.9558677
1,1,0.9558677
1,1,0.9558677
1,1,0.9558677
1,1,0.9558677
1,1,0.9558677
1,1,0.9558677
1,1,0.9558677
1,1,0.9558677
1,1,0.9558677
1,1,0.9558565
1,1,0.95487374
1,1,0.9558677
1,1,0.9558677
0,1,0.9236463
1,1,0.9558677
1,1,0.9558677
1,1,0.9558677
1,1,0.955853
1,1,0.9558677
1,1,0.9558677
1,1,0.9558677
1,1,0.9558677
1,1,0.95487374
1,1,0.9558677
1,1,0.9558677
1,1,0.9558677
0,1,0.9236463
1,1,0.9558677
1,1,0.9558565
1,1,0.955723
1,1,0.9558677
1,1,0.9558677
1,1,0.9558677
1,1,0.9558677
1,1,0.9558677
1,1,0.9558677
1,1,0.9558677
1,1,0.9558677
1,1,0.95509183
1,1,0.9558677
1,1,0.9558677
1,1,0.9558677
1,1,0.9558677
1,1,0.955853
1,1,0.9558677
1,1,0.9558677
1,1,0.955853
1,1,0.94507325
1,1,0.9558677
1,1,0.9558677
1,1,0.95487374
1,1,0.9558677
1,1,0.9558677
1,1,0.95487374
1,1,0.9558677
1,1,0.9558677
1,1,0.9558677
1,1,0.95487374
1,1,0.9558677
1,1,0.9558677
1,1,0.9558677
1,1,0.9558677
1,1,0.9558677
1,1,0.955782
1,1,0.955853
1,1,0.9558677
1,1,0.94728386
1,1,0.9558677
1,1,0.9558677
1,1,0.955853
1,1,0.946246
1,1,0.9558677
1,1,0.9558677
1,1,0.9558677
1,1,0.9558677
1,1,0.9558677
1,1,0.9558677
1,1,0.9558677
1,1,0.9558677
1,1,0.9556176
1,1,0.9558677
1,1,0.9558565
1,1,0.9558677
1,1,0.9558677
1,1,0.9558677
1,1,0.9558677
1,1,0.9558565
1,1,0.9558677
1,1,0.9558677
1,1,0.9558677
1,1,0.9558677
1,1,0.9558677
1,1,0.9480932
1,1,0.9558677
1,1,0.9558677
1,1,0.9558677
1,1,0.94417703
1,1,0.9557454
1,1,0.9558677
1,1,0.9558677
1,1,0.955853
1,1,0.9558677
1,1,0.9558677
1,1,0.953295
1,1,0.9558677
1,1,0.9558677
1,1,0.9558677
1,1,0.95208687
1,1,0.9558677
1,1,0.9558677
1,1,0.9558677
1,1,0.95581937
1,1,0.9558677
1,1,0.9558677
1,1,0.9558677
1,1,0.9558677
1,1,0.9558677
1,1,0.95487374
1,1,0.9558677
1,1,0.9531821
1,1,0.9558677
1,1,0.9558677
1,1,0.9558677
1,1,0.9558677
1,1,0.95576024
1,1,0.9522089
1,1,0.95570165
1,1,0.95487374
1,1,0.9544304
1,1,0.9558677
1,1,0.9558677
1,1,0.9558677
1,1,0.9558677
1,1,0.9558677
1,1,0.9558677
1,1,0.9558677
1,1,0.94417703
1,1,0.9558677
1,1,0.9558677
1,1,0.9558677
1,1,0.9558677
1,1,0.9522089
1,1,0.9558677
1,1,0.9558677
1,1,0.9558677
1,1,0.9558677
1,1,0.9558677
1,1,0.9558677
1,1,0.9558677
1,1,0.9558677
1,1,0.9558677
1,1,0.95487374
1,1,0.9558677
1,1,0.9558677
1,1,0.9558677
1,1,0.92726374
1,1,0.95209605
1,1,0.9558677
1,1,0.9558677
1,1,0.9558677
1,1,0.9558677
1,1,0.95277125
1,1,0.9558677
1,1,0.95576024
1,1,0.9558677
1,1,0.9557454
1,1,0.9558677
1,1,0.9558677
1,1,0.9558677
1,1,0.9558677
1,1,0.9558677
1,1,0.9558677
1,1,0.9558677
1,1,0.9558677
1,1,0.95570165
1,1,0.9558677
1,1,0.9522089
1,1,0.9558677
1,1,0.94417703
1,1,0.9558677
1,1,0.9558677
0,1,0.929159
1,1,0.9558677
1,1,0.9558677
1,1,0.9558677
1,1,0.95266414
1,1,0.9557259
1,1,0.9558677
1,1,0.95345104
1,1,0.95208687
1,1,0.9465812
1,1,0.9557143
1,1,0.9558677
1,1,0.9558677
1,1,0.9558677
1,1,0.9558677
1,1,0.9558677
1,1,0.9558677
0,1,0.94507325
1,1,0.9558677
1,1,0.9498357
1,1,0.9558677
1,1,0.95395106
1,1,0.95208687
1,1,0.9558677
0,1,0.95208687
1,1,0.9558677
1,1,0.9558677
1,1,0.955853
1,1,0.9558677
1,1,0.9558677
1,1,0.9558677
1,1,0.9558677
1,1,0.9558677
1,1,0.9558677
1,1,0.9558677
1,1,0.9558677
1,1,0.95581937
1,1,0.9522089
1,1,0.9558677
1,1,0.9558677
1,1,0.95487374
1,1,0.9445379
1,1,0.9558677
1,1,0.9558677
1,1,0.95061713
1,1,0.9558677
1,1,0.9558677
1,1,0.9558677
1,1,0.9558677
1,1,0.95566046
1,1,0.95208687
1,1,0.9558677
1,1,0.9558677
1,1,0.9558677
1,1,0.9558677
1,1,0.95208687
1,1,0.9558677
1,1,0.9558677
1,1,0.9458209
1,1,0.9558677
1,1,0.9558677
1,1,0.9558677
1,1,0.9558677
1,1,0.9527517
1,1,0.94562423
1,1,0.95209605
1,1,0.9558677
1,1,0.9558677
1,1,0.9408924
1,1,0.9558677
1,1,0.9558677
1,1,0.9558677
1,1,0.9558677
1,1,0.9558677
1,1,0.9558677
1,1,0.9558677
1,1,0.9472397
1,1,0.9558677
1,1,0.9558677
1,1,0.9558677
1,1,0.9558677
1,1,0.9558677
1,1,0.9558677
1,1,0.9558677
1,1,0.9558677
1,1,0.94507325
1,1,0.95581937
1,1,0.9558677
1,1,0.9558677
1,1,0.9558677
1,1,0.9558565
1,1,0.9558677
1,1,0.9558677
1,1,0.9558677
1,1,0.9558677
1,1,0.9558677
1,1,0.9558565
1,1,0.9558677
1,1,0.9558677
1,1,0.9558677
1,1,0.9558677
1,1,0.9558677
1,1,0.9558677
1,1,0.95576024
1,1,0.9539357
1,1,0.9558677
1,1,0.9557156
1,1,0.9558677
1,1,0.9558677
1,1,0.9558677
1,1,0.94345254
1,1,0.9558677
1,1,0.9558677
1,1,0.9544304
1,1,0.9558677
1,1,0.9558677
1,1,0.9558677
1,1,0.9558677
1,1,0.9558677
1,1,0.9558677
1,1,0.9558677
1,1,0.95487374
1,1,0.9558677
1,1,0.9558677
1,1,0.9558677
1,1,0.9558677
1,1,0.9558677
1,1,0.9558677
1,1,0.95208687
1,1,0.9558677
1,1,0.9558677
1,1,0.9558677
1,1,0.9558677
1,1,0.9558677
1,1,0.9558677
1,1,0.9048285
1,1,0.9556792
1,1,0.9487549
1,1,0.9558677
1,1,0.9558677
1,1,0.9558677
1,1,0.9558677
1,1,0.94901913
1,1,0.9558677
1,1,0.94667816
1,1,0.9558677
1,1,0.9558677
1,1,0.955853
1,1,0.9558677
1,1,0.9558677
1,1,0.9558677
1,1,0.9558677
1,1,0.9365686
1,1,0.9558677
1,1,0.9558677
0,1,0.9365686
1,1,0.9558677
1,1,0.95108235
1,1,0.9558677
1,1,0.9558677
1,1,0.9558677
1,1,0.9558677
1,1,0.9558677
1,1,0.9558677
1,1,0.9558677
1,1,0.9558677
1,1,0.9558677
1,1,0.9558677
1,1,0.9558677
1,1,0.9558677
1,1,0.9558677
1,1,0.9558677
1,1,0.9558677
1,1,0.9522089
1,1,0.955853
1,1,0.94562423
1,1,0.9558677
1,1,0.95208687
1,1,0.9558677
1,1,0.9558677
1,1,0.9558677
1,1,0.94392514
1,1,0.95487374
1,1,0.9468635
1,1,0.9558677
1,1,0.9558677
1,1,0.9558677
1,1,0.9558677
1,1,0.9558677
1,1,0.9558677
1,1,0.9558677
1,1,0.9558677
1,1,0.9558677
1,1,0.9558677
1,1,0.95570165
1,1,0.9558677
1,1,0.9558677
1,1,0.9558677
1,1,0.9558677
1,1,0.9558677
1,1,0.9558677
1,1,0.9518539
1,1,0.955853
1,1,0.94417703
1,1,0.95487374
1,1,0.9558677
1,1,0.9558677
1,1,0.9558677
1,1,0.9558677
1,1,0.955853
1,1,0.9558677
1,1,0.9558677
1,1,0.9558677
1,1,0.9558677
1,1,0.95576024
1,1,0.9558677
1,1,0.9558677
1,1,0.9558677
0,1,0.94562423
1,1,0.9558677
1,1,0.9558677
1,1,0.9558677
1,1,0.9543332
1,1,0.9558677
1,1,0.9558677
1,1,0.9558677
1,1,0.9558677
1,1,0.9558677
1,1,0.9558677
1,1,0.9558677
1,1,0.9558677
1,1,0.9558677
1,1,0.9558677
1,1,0.9558677
1,1,0.9558677
1,1,0.9558677
1,1,0.9558677
1,1,0.9558677
1,1,0.95208687
1,1,0.9558677
1,1,0.9558677
1,1,0.9558677
1,1,0.9558677
1,1,0.9558677
1,1,0.9558677
1,1,0.9506345
1,1,0.9558677
1,1,0.9558677
1,1,0.9558677
1,1,0.95209605
1,1,0.9558677
1,1,0.9558677
1,1,0.9558677
1,1,0.9558677
1,1,0.9558677
1,1,0.9558677
1,1,0.95576024
1,1,0.9555738
1,1,0.9558677
1,1,0.9558565
1,1,0.9558677
1,1,0.95487374
1,1,0.9558677
1,1,0.9558677
1,1,0.9558677
1,1,0.955723
1,1,0.9558677
1,1,0.9558677
1,1,0.9558677
1,1,0.9558677
1,1,0.9558677
1,1,0.9558677
0,1,0.95576024
1,1,0.9558677
1,1,0.9558677
1,1,0.9558677
1,1,0.94542867
1,1,0.9558677
1,1,0.9558677
1,1,0.9558677
1,1,0.9558677
1,1,0.9558306
1,1,0.9558677
1,1,0.9558677
1,1,0.9558677
1,1,0.9558677
1,1,0.95208687
1,1,0.94819605
1,1,0.9558677
1,1,0.95208687
1,1,0.9558677
1,1,0.95487374
1,1,0.95209605
1,1,0.9558677
1,1,0.9558677
1,1,0.95576024
1,1,0.9558677
1,1,0.955853
1,1,0.9558677
1,1,0.95487374
1,1,0.9558677
1,1,0.9558677
1,1,0.9558677
1,1,0.9558677
1,1,0.9558677
1,1,0.9558565
1,1,0.9558677
1,1,0.9558677
1,1,0.9558677
1,1,0.9558677
1,1,0.9558677
1,1,0.955853
1,1,0.9558677
1,1,0.9558677
1,1,0.9558677
1,1,0.9558677
1,1,0.9558677
1,1,0.9548295
1,1,0.9558677
1,1,0.9558677
1,1,0.9558677
1,1,0.9558677
1,1,0.9558677
1,1,0.9558677
1,1,0.95487374
1,1,0.9558677
1,1,0.9558677
1,1,0.9555738
1,1,0.9558677
1,1,0.9558677
1,1,0.9558677
1,1,0.9558677
1,1,0.9558677
1,1,0.9558677
1,1,0.9558677
1,1,0.95209605
1,1,0.9558677
1,1,0.9558677
1,1,0.9558677
1,1,0.9558677
1,1,0.9558677
1,1,0.9558677
1,1,0.9558677
1,1,0.9558677
1,1,0.9558677
1,1,0.955782
1,1,0.9558677
1,1,0.9558677
1,1,0.9558677
1,1,0.9558677
1,1,0.9558677
1,1,0.9558677
1,1,0.9558677
1,1,0.95581937
1,1,0.9558677
1,1,0.9558677
1,1,0.9558677
1,1,0.9558677
1,1,0.9558677
1,1,0.9558677
1,1,0.9558677
1,1,0.9558677
1,1,0.9558677
1,1,0.95061713
1,1,0.95208687
0,1,0.94417703
1,1,0.9558677
1,1,0.9558677
1,1,0.9558677
1,1,0.95487374
1,1,0.9558677
1,1,0.9558565
1,1,0.9558677
1,1,0.9558677
1,1,0.9558677
1,1,0.9558677
1,1,0.9558677
1,1,0.9558677
1,1,0.9558677
1,1,0.9558677
1,1,0.9558677
1,1,0.95408344
1,1,0.9522972
1,1,0.9554368
1,1,0.9558677
1,1,0.9558677
1,1,0.9558677
1,1,0.9558677
1,1,0.95208687
1,1,0.9558677
1,1,0.9558677
1,1,0.95208687
1,1,0.9558677
1,1,0.9558677
1,1,0.955853
1,1,0.9558677
1,1,0.9558677
1,1,0.9558565
1,1,0.9558677
1,1,0.9558677
1,1,0.9558677
1,1,0.9558677
1,1,0.9558677
1,1,0.9558677
1,1,0.9558677
1,1,0.9555738
1,1,0.9558677
1,1,0.9558677
1,1,0.9558677
1,1,0.955853
1,1,0.9558677
1,1,0.9558677
1,1,0.9558677
1,1,0.95570165
1,1,0.955853
1,1,0.9558677
1,1,0.9558677
1,1,0.9558677
1,1,0.95487374
1,1,0.9558677
1,1,0.95576024
1,1,0.9558677
1,1,0.9558677
1,1,0.9558677
1,1,0.9558677
1,1,0.94903773
1,1,0.9558677
1,1,0.9521121
1,1,0.9558677
1,1,0.9525243
1,1,0.95581937
1,1,0.9558677
0,1,0.95208687
1,1,0.9558677
1,1,0.9558677
1,1,0.9558677
1,1,0.9558677
1,1,0.9558677
1,1,0.9558677
1,1,0.9558677
1,1,0.9558677
1,1,0.9558677
1,1,0.9558677
1,1,0.9558677
1,1,0.9558677
1,1,0.95581937
1,1,0.9558677
1,1,0.9558677
1,1,0.9558677
1,1,0.9558677
1,1,0.9558677
1,1,0.9558677
1,1,0.9558677
1,1,0.94562423
1,1,0.9558677
1,1,0.9558677
1,1,0.9558677
1,1,0.9558677
1,1,0.955853
1,1,0.95570165
1,1,0.9558677
1,1,0.9558677
1,1,0.9558677
1,1,0.95355725
1,1,0.9558677
1,1,0.9458209
1,1,0.9558677
1,1,0.9558677
1,1,0.9558677
1,1,0.9558677
1,1,0.94507325
1,1,0.9558677
1,1,0.9558677
1,1,0.95581937
1,1,0.9558677
1,1,0.9558677
1,1,0.9558677
1,1,0.9558677
1,1,0.9558677
1,1,0.9558677
1,1,0.9558677
1,1,0.95208687
1,1,0.9558677
1,1,0.9558677
1,1,0.9558677
1,1,0.9558677
1,1,0.9558677
1,1,0.9557454
1,1,0.955853
1,1,0.9558677
1,1,0.9558677
1,1,0.9558677
1,1,0.9558677
1,1,0.9558677
1,1,0.9558677
1,1,0.9558677
1,1,0.9558677
1,1,0.9558677
1,1,0.9558677
1,1,0.9558677
1,1,0.955853
1,1,0.95067436
1,1,0.9558677
1,1,0.9558677
1,1,0.9558677
1,1,0.95487374
1,1,0.9558677
1,1,0.9558565
1,1,0.9558677
1,1,0.9558677
1,1,0.9558677
1,1,0.95487374
1,1,0.9558677
1,1,0.9558677
1,1,0.9558677
1,1,0.95208687
1,1,0.9409557
1,1,0.9558677
1,1,0.94562423
1,1,0.9558677
1,1,0.9558677
1,1,0.9558677
0,1,0.9465812
1,1,0.95208687
1,1,0.9533406
1,1,0.95209605
1,1,0.9558677
1,1,0.9558677
1,1,0.9558677
1,1,0.95570165
1,1,0.9558677
1,1,0.9558677
1,1,0.9558677
1,1,0.9553207
1,1,0.9558677
1,1,0.9558677
1,1,0.9558677
1,1,0.9558677
1,1,0.95576024
1,1,0.95208687
1,1,0.9558677
1,1,0.9558677
1,1,0.9558677
1,1,0.9558677
1,1,0.9558677
1,1,0.9558677
1,1,0.9399606
1,1,0.94392514
1,1,0.9558677
1,1,0.9506345
1,1,0.9558677
1,1,0.9558677
0,1,0.94507325
1,1,0.9558677
1,1,0.9558677
1,1,0.9558677
1,1,0.9558677
1,1,0.9558677
1,1,0.95209605
1,1,0.9558677
1,1,0.92732704
1,1,0.9558677
1,1,0.9558677
1,1,0.955853
1,1,0.9558677
1,1,0.9558677
1,1,0.9558677
1,1,0.9558677
1,1,0.9558677
1,1,0.9558677
1,1,0.9558677
1,1,0.9558677
1,1,0.9526798
1,1,0.95208687
1,1,0.92562824
1,1,0.9558677
1,1,0.9558677
1,1,0.9558677
1,1,0.9558677
1,1,0.9558677
1,1,0.9558677
1,1,0.9558119
1,1,0.9558677
1,1,0.9558119
1,1,0.9558677
1,1,0.9558677
1,1,0.9558677
1,1,0.9558677
1,1,0.9558677
1,1,0.9558677
1,1,0.9558677
1,1,0.9558677
1,1,0.9558677
1,1,0.9538975
0,1,0.9089315
1,1,0.9558677
1,1,0.9558677
1,1,0.9558677
1,1,0.9558677
1,1,0.9558677
1,1,0.9527517
1,1,0.9558677
1,1,0.9558677
1,1,0.9558565
1,1,0.95581937
1,1,0.9558677
1,1,0.9558677
1,1,0.9558677
1,1,0.9558677
1,1,0.9558677
1,1,0.9558677
1,1,0.95208687
1,1,0.94345254
1,1,0.9558677
1,1,0.9558677
0,1,0.9236463
1,1,0.9558677
1,1,0.9558677
1,1,0.9558677
1,1,0.95279574
1,1,0.9558677
1,1,0.9558677
1,1,0.9558677
1,1,0.9558677
1,1,0.9558677
1,1,0.9558677
1,1,0.9558677
1,1,0.9558677
1,1,0.9558677
1,1,0.9558677
1,1,0.9503363
1,1,0.9558677
1,1,0.9558677
1,1,0.9558677
1,1,0.955853
1,1,0.9558677
1,1,0.955782
1,1,0.9558677
1,1,0.9558677
1,1,0.9558677
1,1,0.94507325
1,1,0.955853
1,1,0.9558677
1,1,0.955853
1,1,0.9558677
1,1,0.9558677
1,1,0.9558677
1,1,0.9093274
1,1,0.9558677
1,1,0.94417703
1,1,0.9558677
1,1,0.9558677
1,1,0.9558677
1,1,0.9527517
1,1,0.9558677
1,1,0.9555738
1,1,0.9558677
1,1,0.95345104
1,1,0.95487374
1,1,0.9558677
1,1,0.9558677
1,1,0.9558677
1,1,0.9558565
1,1,0.95395106
1,1,0.9558565
1,1,0.9558677
1,1,0.94350123
1,1,0.9558565
1,1,0.9558677
1,1,0.9558677
1,1,0.9558677
1,1,0.9558677
1,1,0.95208687
1,1,0.9558677
1,1,0.9558677
1,1,0.9558677
1,1,0.9455773
1,1,0.9558677
1,1,0.9558677
1,1,0.9558677
1,1,0.9558677
1,1,0.95487374
1,1,0.9558677
1,1,0.9558677
1,1,0.94903773
1,1,0.9558565
1,1,0.9557454
1,1,0.9558677
1,1,0.9558677
1,1,0.9558677
1,1,0.9558677
1,1,0.95581937
1,1,0.9558677
1,1,0.9503867
1,1,0.9558677
1,1,0.9558677
1,1,0.9558677
1,1,0.9558677
1,1,0.9558565
1,1,0.9503363
1,1,0.9558677
1,1,0.9558677
1,1,0.95423234
1,1,0.9558677
1,1,0.94417703
1,1,0.9558677
1,1,0.9558677
1,1,0.9503867
1,1,0.9558677
1,1,0.9558677
1,1,0.9558677
1,1,0.9558677
1,1,0.9558677
1,1,0.9558677
1,1,0.9558677
1,1,0.95576024
1,1,0.9558677
1,1,0.9558677
1,1,0.9558677
1,1,0.9558677
1,1,0.9558677
1,1,0.9558677
1,1,0.9558677
1,1,0.9558677
1,1,0.94417703
1,1,0.9558677
1,1,0.9558677
1,1,0.9558677
1,1,0.9558677
1,1,0.9558677
1,1,0.9558677
1,1,0.95487374
1,1,0.9555833
1,1,0.9558677
1,1,0.94417703
1,1,0.9558677
1,1,0.9558677
1,1,0.9558677
1,1,0.9558677
1,1,0.9558677
1,1,0.9558677
1,1,0.9558677
1,1,0.94562423
1,1,0.9558677
1,1,0.9558677
1,1,0.9558677
1,1,0.9558677
1,1,0.9558677
1,1,0.9558677
1,1,0.9558677
1,1,0.9558677
1,1,0.9558677
1,1,0.9558677
1,1,0.9558677
1,1,0.9558677
1,1,0.9558565
1,1,0.9558677
1,1,0.95208687
1,1,0.94583887
1,1,0.9558677
1,1,0.9558677
0,1,0.9236463
1,1,0.95581937
1,1,0.9558677
1,1,0.95576024
1,1,0.955853
1,1,0.9558677
1,1,0.9558565
1,1,0.9558677
1,1,0.9544304
1,1,0.9455773
1,1,0.9558677
1,1,0.95209605
0,1,0.92726374
1,1,0.955853
1,1,0.9558677
1,1,0.9558677
1,1,0.9558677
1,1,0.9558677
1,1,0.95576024
1,1,0.9558677
1,1,0.9558677
1,1,0.9558677
1,1,0.9558677
1,1,0.95208687
1,1,0.9558677
1,1,0.9558677
1,1,0.95208687
1,1,0.9091431
1,1,0.9558677
1,1,0.9558677
1,1,0.9558677
1,1,0.9558677
1,1,0.9558677
1,1,0.9558677
1,1,0.9558677
1,1,0.9558677
1,1,0.9558677
1,1,0.95107293
1,1,0.9558677
1,1,0.9558677
1,1,0.9558677
1,1,0.9558677
1,1,0.9558677
1,1,0.9558677
1,1,0.95252913
1,1,0.9558677
1,1,0.9558677
1,1,0.9558677
1,1,0.9558677
1,1,0.9558677
1,1,0.9558677
1,1,0.9558677
1,1,0.9558677
1,1,0.9558677
0,1,0.94417703
1,1,0.9093274
1,1,0.9558677
1,1,0.9558677
1,1,0.95568866
1,1,0.95208687
1,1,0.9558677
1,1,0.9558677
1,1,0.9558677
1,1,0.9558677
1,1,0.9558677
1,1,0.9558677
1,1,0.9558677
1,1,0.9558677
1,1,0.9558677
1,1,0.9558677
1,1,0.9558677
1,1,0.9558677
1,1,0.9558677
1,1,0.9558677
1,1,0.9558677
1,1,0.94968086
1,1,0.9558677
1,1,0.9558677
1,1,0.9558677
1,1,0.9558677
1,1,0.9558677
1,1,0.9558677
1,1,0.9558677
1,1,0.9558565
1,1,0.9558677
1,1,0.9558677
1,1,0.9558677
1,1,0.9558677
1,1,0.9558677
1,1,0.9558677
1,1,0.94350123
1,1,0.9558677
1,1,0.9558677
1,1,0.9558677
1,1,0.9558677
1,1,0.9558677
1,1,0.9558677
1,1,0.94417703
1,1,0.9558677
1,1,0.95209605
1,1,0.9558677
1,1,0.9558677
1,1,0.9558677
1,1,0.95566046
1,1,0.9558677
1,1,0.9558677
1,1,0.9558565
1,1,0.9558677
1,1,0.9558677
1,1,0.9558677
1,1,0.9558677
1,1,0.9558677
1,1,0.9558677
1,1,0.9558677
1,1,0.9558677
1,1,0.9558677
1,1,0.9558565
1,1,0.9455773
1,1,0.9558677
1,1,0.9558677
1,1,0.9558677
1,1,0.9558677
1,1,0.9558677
1,1,0.9558677
1,1,0.9558677
1,1,0.9558677
1,1,0.9558677
1,1,0.9558677
1,1,0.9455773
1,1,0.94507325
1,1,0.9558677
0,1,0.9089315
1,1,0.9558677
1,1,0.9558677
1,1,0.9558565
0,1,0.9312888
1,1,0.9558677
1,1,0.9558677
1,1,0.9558677
1,1,0.9558677
1,1,0.9558677
1,1,0.9461574
1,1,0.9558677
1,1,0.95576024
1,1,0.9558677
1,1,0.9558677
1,1,0.9558677
1,1,0.9558677
1,1,0.9558677
1,1,0.9558565
1,1,0.9558677
1,1,0.9558677
1,1,0.9558677
1,1,0.9558677
1,1,0.9558677
1,1,0.9558677
1,1,0.9558677
1,1,0.9558677
1,1,0.9558677
1,1,0.9558677
1,1,0.9558677
1,1,0.9558677
1,1,0.9558677
1,1,0.9558677
1,1,0.9558677
1,1,0.9558677
1,1,0.9557111
1,1,0.9558677
1,1,0.9558677
1,1,0.9558677
1,1,0.9558677
1,1,0.9558677
1,1,0.9558677
1,1,0.9558677
1,1,0.9521121
1,1,0.9558677
1,1,0.9558677
1,1,0.9558677
1,1,0.9558677
1,1,0.9558677
1,1,0.9558677
1,1,0.9558677
1,1,0.9558677
1,1,0.9558677
1,1,0.9558677
1,1,0.9558677
1,1,0.9558677
1,1,0.95208687
1,1,0.9558677
1,1,0.9558677
1,1,0.9558677
1,1,0.9558677
1,1,0.9558677
1,1,0.9558677
1,1,0.9558677
1,1,0.9558677
1,1,0.9558677
1,1,0.9399606
1,1,0.9558677
1,1,0.9558677
1,1,0.9558677
1,1,0.90924984
1,1,0.95277125
1,1,0.9558677
1,1,0.9558677
1,1,0.9558677
1,1,0.9558677
1,1,0.9558677
1,1,0.9558677
1,1,0.9558677
1,1,0.9558677
1,1,0.9558677
1,1,0.9558677
1,1,0.9503363
1,1,0.9558677
1,1,0.9558677
1,1,0.9558677
1,1,0.9465812
1,1,0.9558677
1,1,0.9558677
1,1,0.95487374
1,1,0.9558677
1,1,0.9558677
1,1,0.95054066
0,1,0.9044963
1,1,0.9558677
1,1,0.94417703
1,1,0.9558677
1,1,0.9558677
1,1,0.9558677
1,1,0.9558677
1,1,0.9558677
1,1,0.9558677
1,1,0.9558677
1,1,0.9558677
1,1,0.9558677
1,1,0.9558677
1,1,0.94417703
1,1,0.9558677
1,1,0.9558677
1,1,0.9558677
1,1,0.9558677
1,1,0.9558677
1,1,0.9558677
1,1,0.9558677
1,1,0.9558677
1,1,0.9558677
1,1,0.9558677
1,1,0.9558677
1,1,0.955853
1,1,0.9522089
1,1,0.9558677
1,1,0.9558677
1,1,0.94507325
1,1,0.9558677
1,1,0.9558677
1,1,0.9558677
1,1,0.9558677
1,1,0.9472985
1,1,0.9558677
1,1,0.9558565
1,1,0.9522089
1,1,0.9558677
1,1,0.9558677
1,1,0.9558677
1,1,0.9558677
1,1,0.95061713
1,1,0.9558677
1,1,0.9558677
1,1,0.9558677
1,1,0.9558677
1,1,0.9558677
1,1,0.9553246
1,1,0.9558677
1,1,0.9558677
1,1,0.9558677
1,1,0.9558677
1,1,0.94345254
1,1,0.9558677
1,1,0.9558565
1,1,0.955853
1,1,0.94507325
1,1,0.9558677
1,1,0.9522089
1,1,0.9455773
1,1,0.95266414
1,1,0.9558677
1,1,0.9558677
1,1,0.9558677
1,1,0.9558677
1,1,0.9558677
1,1,0.9558677
1,1,0.9558677
1,1,0.94592965
1,1,0.9558677
1,1,0.9558677
1,1,0.9558677
1,1,0.9558677
1,1,0.9558677
1,1,0.94417703
1,1,0.9558677
1,1,0.9558677
1,1,0.9558677
1,1,0.9558677
1,1,0.9558677
1,1,0.9558565
1,1,0.9558677
1,1,0.9558677
1,1,0.9558677
1,1,0.9558677
1,1,0.9558677
1,1,0.9558677
1,1,0.9558677
1,1,0.9558677
1,1,0.9555589
1,1,0.9558677
1,1,0.94902074
1,1,0.9558677
1,1,0.94417703
1,1,0.9558677
1,1,0.9558677
1,1,0.9544304
1,1,0.9522089
1,1,0.9558677
1,1,0.9558677
1,1,0.9558677
1,1,0.9558677
1,1,0.9558677
1,1,0.9525243
1,1,0.9558677
1,1,0.9557454
1,1,0.9558677
1,1,0.9558677
1,1,0.955723
1,1,0.9558677
1,1,0.95570165
1,1,0.9558677
1,1,0.95285934
1,1,0.9399606
1,1,0.9558677
1,1,0.9558677
1,1,0.95576024
0,1,0.9455773
1,1,0.9558565
1,1,0.9558677
1,1,0.9558677
1,1,0.9558677
1,1,0.9558677
1,1,0.95487374
1,1,0.9558677
1,1,0.9479685
1,1,0.95208687
1,1,0.9558677
1,1,0.9558677
1,1,0.9558677
1,1,0.9558677
1,1,0.9558677
1,1,0.9558565
1,1,0.9558677
1,1,0.9558677
1,1,0.9558677
1,1,0.9558677
1,1,0.9558677
1,1,0.9558677
1,1,0.9558677
1,1,0.9558677
1,1,0.95576024
1,1,0.9558677
1,1,0.9558677
1,1,0.9558677
1,1,0.9558677
1,1,0.9558677
1,1,0.9558677
1,1,0.9558677
1,1,0.9558677
1,1,0.9558677
1,1,0.9558677
1,1,0.95576024
1,1,0.9558677
1,1,0.9558677
1,1,0.9558677
1,1,0.953295
1,1,0.9558677
1,1,0.9558677
1,1,0.9558677
1,1,0.9558677
1,1,0.9558677
1,1,0.9558677
1,1,0.9558677
1,1,0.9558677
1,1,0.9558677
1,1,0.9558677
1,1,0.9558677
1,1,0.9558677
1,1,0.9558677
1,1,0.9558677
1,1,0.9558677
1,1,0.9558677
1,1,0.95208687
1,1,0.9558677
1,1,0.9558677
1,1,0.9558677
1,1,0.9558677
1,1,0.9558677
1,1,0.9558677
1,1,0.9558677
0,1,0.90319824
1,1,0.9558677
1,1,0.95581937
1,1,0.9558677
1,1,0.9558677
1,1,0.9558677
1,1,0.9558677
1,1,0.9558565
1,1,0.9512656
1,1,0.95487374
1,1,0.9557259
1,1,0.9555738
1,1,0.95581937
1,1,0.9558677
1,1,0.9558677
1,1,0.9558677
1,1,0.95208687
1,1,0.9558677
1,1,0.9558677
1,1,0.9558677
0,1,0.95054066
1,1,0.9558677
1,1,0.94111556
1,1,0.9558677
1,1,0.9558677
1,1,0.94621366
1,1,0.9558677
1,1,0.95208687
1,1,0.9558565
1,1,0.9558677
1,1,0.9557567
1,1,0.9558677
1,1,0.9558677
1,1,0.9557111
1,1,0.9558677
1,1,0.9558677
1,1,0.9558677
0,1,0.9093274
1,1,0.9558677
1,1,0.94417703
1,1,0.92787606
1,1,0.955853
1,1,0.9558677
1,1,0.9558677
1,1,0.95209605
1,1,0.9558677
1,1,0.9558677
1,1,0.9558677
1,1,0.9558677
1,1,0.9558677
1,1,0.95581937
1,1,0.9558677
1,1,0.9558677
1,1,0.9558677
1,1,0.9558677
1,1,0.9558677
1,1,0.9558677
1,1,0.9253301
1,1,0.9558677
1,1,0.9558677
1,1,0.9521121
1,1,0.9558677
1,1,0.94392514
1,1,0.9558677
1,1,0.9558677
1,1,0.9558677
1,1,0.9558677
1,1,0.95487374
1,1,0.9558677
1,1,0.9558677
1,1,0.95208687
1,1,0.9558677
1,1,0.9558677
1,1,0.95208687
1,1,0.9558677
1,1,0.9558677
1,1,0.9558677
1,1,0.9558677
1,1,0.9558677
1,1,0.9558677
1,1,0.9558677
1,1,0.9558677
1,1,0.9558677
1,1,0.9558677
1,1,0.9558677
1,1,0.9558677
1,1,0.9558677
1,1,0.94562423
1,1,0.9521121
1,1,0.9558677
1,1,0.9558677
1,1,0.9558677
1,1,0.9558677
1,1,0.9558677
1,1,0.9558677
1,1,0.95208687
1,1,0.9558677
1,1,0.9558677
1,1,0.9558677
1,1,0.9558677
1,1,0.95248514
1,1,0.9558677
1,1,0.9558677
1,1,0.9558677
1,1,0.9558677
1,1,0.9558677
0,1,0.9236463
1,1,0.9558677
1,1,0.9558677
1,1,0.9558677
1,1,0.9558677
1,1,0.9558677
1,1,0.9558677
1,1,0.9558677
1,1,0.9558677
1,1,0.9522089
1,1,0.9558677
1,1,0.9558677
1,1,0.9558677
1,1,0.9557454
1,1,0.9558119
1,1,0.94417703
1,1,0.9558677
1,1,0.9558677
1,1,0.9558677
1,1,0.9521121
1,1,0.9558677
1,1,0.9558677
1,1,0.9558677
1,1,0.9558677
1,1,0.9558677
1,1,0.9558677
1,1,0.9558677
1,1,0.95568866
1,1,0.9558677
1,1,0.9558677
1,1,0.9522089
1,1,0.9558677
1,1,0.9558677
1,1,0.9558677
1,1,0.9558677
1,1,0.9558565
1,1,0.95487374
1,1,0.9558677
1,1,0.9558677
1,1,0.95071197
1,1,0.9558677
1,1,0.95581937
1,1,0.9558677
1,1,0.9558677
1,1,0.9558677
1,1,0.95208687
1,1,0.9558677
1,1,0.9558677
1,1,0.9558677
1,1,0.9558677
1,1,0.9558677
1,1,0.95576024
1,1,0.9558677
1,1,0.9558677
1,1,0.9558677
1,1,0.9558677
1,1,0.9558677
1,1,0.9558677
1,1,0.9558677
1,1,0.9555738
1,1,0.9558677
1,1,0.9558677
1,1,0.9558677
1,1,0.9558677
1,1,0.95208687
1,1,0.9558677
1,1,0.9558677
1,1,0.9558677
0,1,0.948673
1,1,0.95487374
1,1,0.9558677
1,1,0.9558677
1,1,0.9558677
1,1,0.9558677
1,1,0.9558677
1,1,0.9558677
1,1,0.9558677
1,1,0.9558677
1,1,0.9558677
1,1,0.9558677
0,1,0.9089315
1,1,0.9558677
1,1,0.95161563
1,1,0.9558677
1,1,0.9558677
1,1,0.9553395
1,1,0.9558677
1,1,0.9558677
1,1,0.9399606
1,1,0.95487374
1,1,0.9548295
1,1,0.9558677
1,1,0.9558565
1,1,0.9558677
1,1,0.9533406
1,1,0.9558677
1,1,0.9558677
1,1,0.9558677
1,1,0.9558677
1,1,0.95272505
1,1,0.9558677
1,1,0.9558677
1,1,0.9558677
1,1,0.9558677
0,1,0.92258626
1,1,0.9558677
1,1,0.9558677
1,1,0.9558677
1,1,0.9399606
1,1,0.9558677
1,1,0.9558677
1,1,0.9455773
1,1,0.9558677
1,1,0.9558677
1,1,0.9558677
1,1,0.9558677
1,1,0.9558677
1,1,0.9558677
1,1,0.9558677
1,1,0.9558677
1,1,0.9558677
1,1,0.9558677
1,1,0.95581937
1,1,0.9558677
1,1,0.9558677
1,1,0.9558677
1,1,0.9558677
1,1,0.9558677
1,1,0.9558677
1,1,0.9558677
1,1,0.955853
1,1,0.95308685
1,1,0.9558677
1,1,0.95487374
1,1,0.9558677
1,1,0.9558677
1,1,0.9558677
1,1,0.9558677
1,1,0.9558677
1,1,0.9558677
1,1,0.9558677
1,1,0.95208687
1,1,0.9558677
1,1,0.9558677
1,1,0.9558677
1,1,0.9558677
1,1,0.9558677
1,1,0.9558677
0,1,0.9455773
1,1,0.9558565
1,1,0.9558677
1,1,0.9558677
1,1,0.9558677
1,1,0.9558677
1,1,0.9558677
0,1,0.94365245
1,1,0.9558677
1,1,0.9558677
1,1,0.9558677
1,1,0.9558677
1,1,0.9558677
1,1,0.9558677
1,1,0.9558677
1,1,0.9558565
1,1,0.9558677
1,1,0.95571643
1,1,0.9558677
1,1,0.9544304
1,1,0.9558677
1,1,0.9558677
1,1,0.9558677
1,1,0.9558677
1,1,0.9558677
1,1,0.95208687
1,1,0.9558677
1,1,0.9558677
1,1,0.9558677
1,1,0.9558677
1,1,0.9558677
1,1,0.94417703
1,1,0.95487374
1,1,0.9558677
1,1,0.9558677
1,1,0.9445379
1,1,0.9558677
1,1,0.9555738
1,1,0.9558677
1,1,0.9558677
1,1,0.9558677
1,1,0.9044963
1,1,0.9558677
1,1,0.9558677
1,1,0.9558677
1,1,0.9557259
1,1,0.9558677
1,1,0.95487374
1,1,0.9558677
1,1,0.9455773
1,1,0.9503363
1,1,0.9558677
1,1,0.9558677
1,1,0.9558677
1,1,0.9558677
1,1,0.9558677
1,1,0.9558677
1,1,0.9558677
1,1,0.9558677
1,1,0.9558565
1,1,0.9558677
1,1,0.95581937
1,1,0.95345104
1,1,0.9558677
1,1,0.94592965
1,1,0.95581937
1,1,0.9558677
1,1,0.9558677
1,1,0.9558677
1,1,0.9558677
1,1,0.9558677
1,1,0.9558677
1,1,0.9558677
0,1,0.94417703
1,1,0.9558677
1,1,0.9558677
1,1,0.9558677
1,1,0.95487374
1,1,0.9558677
1,1,0.9558677
1,1,0.9558677
1,1,0.95107293
1,1,0.95209605
1,1,0.9554368
1,1,0.9558677
1,1,0.9558677
1,1,0.9558677
1,1,0.9558677
1,1,0.9558677
1,1,0.95360017
1,1,0.9558677
1,1,0.9558565
1,1,0.9558677
1,1,0.9558677
1,1,0.9558677
1,1,0.9557111
1,1,0.9558677
1,1,0.9531821
1,1,0.9558677
1,1,0.9558677
1,1,0.9558677
1,1,0.95487374
1,1,0.9558565
1,1,0.94562423
1,1,0.9558677
1,1,0.95208687
1,1,0.9558677
1,1,0.9558677
1,1,0.9558677
1,1,0.9558677
1,1,0.9558677
1,1,0.9558677
1,1,0.9558677
1,1,0.9558677
1,1,0.955853
1,1,0.9557454
1,1,0.9558677
1,1,0.9558677
1,1,0.9558677
1,1,0.9558677
1,1,0.9558677
1,1,0.9558677
1,1,0.9558677
1,1,0.9557111
1,1,0.9558677
0,1,0.95071197
1,1,0.9558677
1,1,0.9558677
1,1,0.9558677
1,1,0.9558677
1,1,0.9558677
1,1,0.9533406
0,1,0.9399606
1,1,0.9558677
1,1,0.9558677
1,1,0.9558677
1,1,0.95556813
1,1,0.9558677
1,1,0.9558677
1,1,0.9558677
1,1,0.9558677
1,1,0.95570165
1,1,0.9558677
1,1,0.9558677
1,1,0.9558677
1,1,0.9558677
1,1,0.9558677
1,1,0.9558677
1,1,0.9558677
1,1,0.9558677
1,1,0.9558677
1,1,0.9558677
1,1,0.9558677
1,1,0.9558677
1,1,0.9558677
1,1,0.9558677
1,1,0.9558677
1,1,0.9558677
1,1,0.9558677
1,1,0.9558677
1,1,0.9558677
1,1,0.9558677
1,1,0.9558677
1,1,0.9558677
1,1,0.9558677
1,1,0.9558677
1,1,0.9558677
1,1,0.9558677
1,1,0.9558677
1,1,0.9455773
1,1,0.9558677
1,1,0.955723
1,1,0.9558565
1,1,0.9558677
1,1,0.95208687
1,1,0.9558677
1,1,0.9558677
1,1,0.95581937
1,1,0.9558677
1,1,0.9558677
1,1,0.9558677
1,1,0.9558119
1,1,0.9558677
1,1,0.9558677
1,1,0.9558677
1,1,0.9558677
1,1,0.9558677
1,1,0.9558677
1,1,0.9558677
1,1,0.9558677
1,1,0.9558677
1,1,0.9558677
1,1,0.9558677
1,1,0.94407046
1,1,0.9558677
1,1,0.9558677
1,1,0.9558677
1,1,0.9558677
1,1,0.9558677
1,1,0.9558677
1,1,0.9558677
1,1,0.9558677
1,1,0.9558677
1,1,0.9558677
1,1,0.9558677
1,1,0.9558677
1,1,0.9558677
1,1,0.95581937
1,1,0.95209605
1,1,0.9558677
1,1,0.9558677
1,1,0.9558677
1,1,0.9558677
1,1,0.9558677
1,1,0.9558677
1,1,0.9558677
1,1,0.95351887
1,1,0.9558677
1,1,0.9558677
1,1,0.9558677
1,1,0.9558677
1,1,0.9558677
1,1,0.9558677
1,1,0.95570165
1,1,0.9558677
1,1,0.9558677
1,1,0.9558677
1,1,0.9558677
1,1,0.9558677
1,1,0.94417703
1,1,0.9558677
1,1,0.9558677
1,1,0.9558677
1,1,0.952645
1,1,0.9558677
1,1,0.9558677
1,1,0.9558677
1,1,0.95581937
1,1,0.9558677
1,1,0.9558677
1,1,0.9558677
1,1,0.9558677
1,1,0.9558677
1,1,0.94350123
1,1,0.9558677
1,1,0.9558677
1,1,0.9558677
1,1,0.9555738
1,1,0.9558677
1,1,0.9522089
1,1,0.9558677
1,1,0.95576024
1,1,0.9558677
1,1,0.9558677
1,1,0.9452146
1,1,0.9558677
1,1,0.9555738
1,1,0.95570165
1,1,0.95108235
1,1,0.9558677
1,1,0.95279574
1,1,0.9558677
1,1,0.9558677
1,1,0.9558677
1,1,0.95208687
1,1,0.955853
1,1,0.9558677
1,1,0.9558677
1,1,0.9558677
1,1,0.9558677
1,1,0.9558677
1,1,0.9558677
1,1,0.9558677
1,1,0.9558677
1,1,0.9558677
1,1,0.9558677
1,1,0.9558677
1,1,0.9558677
1,1,0.9558677
1,1,0.9558677
1,1,0.9558677
0,1,0.92726374
1,1,0.9558677
0,1,0.9093274
1,1,0.9558677
1,1,0.9544304
1,1,0.9558677
1,1,0.9558677
1,1,0.9558677
1,1,0.9558677
1,1,0.9558677
1,1,0.9558677
1,1,0.95208687
1,1,0.9558677
1,1,0.9558677
1,1,0.9558677
1,1,0.9558677
1,1,0.9558677
1,1,0.9558677
1,1,0.9558677
1,1,0.9558677
1,1,0.9558677
1,1,0.9558677
1,1,0.9558677
1,1,0.9558677
1,1,0.9558677
1,1,0.9558677
1,1,0.9558677
1,1,0.9558677
1,1,0.9558677
1,1,0.95208687
1,1,0.9558677
1,1,0.9558677
1,1,0.95208687
1,1,0.9558677
1,1,0.9558677
1,1,0.95487374
1,1,0.9558677
1,1,0.9558677
1,1,0.9558677
1,1,0.9558565
1,1,0.9558677
1,1,0.9558677
1,1,0.9558677
1,1,0.9558677
1,1,0.9558677
1,1,0.9558677
1,1,0.9558677
1,1,0.9558677
1,1,0.9558677
1,1,0.9558677
1,1,0.9558677
1,1,0.9558677
1,1,0.9558677
1,1,0.95547116
1,1,0.9558677
1,1,0.9558677
1,1,0.9558677
1,1,0.955853
1,1,0.9558677
1,1,0.9558677
1,1,0.9558677
0,1,0.95487374
1,1,0.9558677
1,1,0.9558677
1,1,0.9558677
1,1,0.9558677
1,1,0.9558677
1,1,0.9558677
1,1,0.9558677
1,1,0.9558677
1,1,0.9558677
1,1,0.9558677
1,1,0.9522089
1,1,0.9558677
1,1,0.9544304
1,1,0.9558677
1,1,0.9558677
1,1,0.9558677
1,1,0.9558677
1,1,0.9558677
1,1,0.9558677
1,1,0.9527517
1,1,0.95209605
1,1,0.9558677
1,1,0.9236463
1,1,0.95570165
1,1,0.9522089
1,1,0.9526252
1,1,0.9558677
1,1,0.9558677
1,1,0.9558677
1,1,0.9558677
1,1,0.9558677
1,1,0.9558677
1,1,0.94507325
1,1,0.9558677
1,1,0.9558677
1,1,0.9558677
1,1,0.9558677
1,1,0.9558677
1,1,0.9558677
1,1,0.9558677
1,1,0.9558677
1,1,0.9558677
1,1,0.9558677
1,1,0.9558677
1,1,0.9558677
1,1,0.95581937
1,1,0.9558677
1,1,0.95487374
1,1,0.9558677
1,1,0.955853
1,1,0.9558677
0,1,0.90319824
1,1,0.9558677
1,1,0.9558677
1,1,0.9558677
1,1,0.95576024
1,1,0.9523729
1,1,0.9558677
1,1,0.9558677
1,1,0.9558677
1,1,0.9558677
1,1,0.9558677
1,1,0.9558677
1,1,0.9558677
1,1,0.9558677
1,1,0.9558677
1,1,0.94592965
1,1,0.9558677
1,1,0.9558677
1,1,0.9558677
1,1,0.9558677
1,1,0.9558677
1,1,0.9558677
1,1,0.9558677
1,1,0.9558677
1,1,0.9558677
1,1,0.9558677
1,1,0.9558677
1,1,0.9558677
1,1,0.95274955
1,1,0.9558677
1,1,0.9558677
1,1,0.95208687
1,1,0.95209605
1,1,0.9558677
1,1,0.9236463
1,1,0.9558677
1,1,0.9558677
1,1,0.9558677
1,1,0.9558677
1,1,0.9544304
1,1,0.9558677
1,1,0.9558677
1,1,0.9558677
1,1,0.95208687
1,1,0.9558677
1,1,0.9558677
0,1,0.9044963
1,1,0.9558677
1,1,0.9558677
1,1,0.9558677
1,1,0.9558677
1,1,0.9558677
1,1,0.9558677
1,1,0.9558677
1,1,0.9558677
1,1,0.95209605
1,1,0.9558677
1,1,0.95487374
1,1,0.9558677
1,1,0.9558677
1,1,0.9558677
1,1,0.9558677
1,1,0.9556792
0,1,0.9458209
1,1,0.9558677
1,1,0.9458209
1,1,0.9558677
1,1,0.9522972
1,1,0.955853
1,1,0.9558677
1,1,0.9558565
1,1,0.9558677
1,1,0.9558677
1,1,0.95208687
1,1,0.95426655
1,1,0.9556176
1,1,0.9558677
1,1,0.9558677
1,1,0.95487374
1,1,0.95487374
1,1,0.9558677
1,1,0.9558677
1,1,0.9558677
1,1,0.9503867
1,1,0.955853
1,1,0.9558677
1,1,0.9558677
1,1,0.9558677
1,1,0.9558677
1,1,0.95570165
1,1,0.955853
1,1,0.95208687
1,1,0.9558677
1,1,0.9558677
1,1,0.95209605
1,1,0.9558677
0,1,0.9089315
1,1,0.9558677
1,1,0.9558677
1,1,0.9512604
1,1,0.94345254
1,1,0.9558677
1,1,0.9558677
1,1,0.9558677
1,1,0.9558677
1,1,0.9558677
1,1,0.9558677
1,1,0.9521121
1,1,0.9558677
1,1,0.9558677
1,1,0.955723
1,1,0.9557567
1,1,0.9558677
1,1,0.9558677
0,1,0.9253301
1,1,0.9558677
1,1,0.9558677
1,1,0.955782
1,1,0.9558677
1,1,0.9558677
1,1,0.9558677
1,1,0.9558677
1,1,0.9558677
1,1,0.9558677
1,1,0.9558677
1,1,0.9455773
1,1,0.95487374
1,1,0.95487374
1,1,0.955853
1,1,0.9558677
1,1,0.9558677
1,1,0.9558677
1,1,0.9558677
1,1,0.9558677
1,1,0.9558677
1,1,0.9558677
1,1,0.9558677
1,1,0.9558677
1,1,0.9455773
1,1,0.9558677
1,1,0.9558677
1,1,0.9558677
1,1,0.9558677
1,1,0.9558677
1,1,0.9558677
1,1,0.9558677
1,1,0.9558677
1,1,0.9558677
1,1,0.9558677
1,1,0.94417703
1,1,0.9558677
1,1,0.92726374
1,1,0.9558677
1,1,0.9399606
1,1,0.9558677
1,1,0.9558677
1,1,0.9557454
1,1,0.9558677
1,1,0.9558677
1,1,0.955853
1,1,0.9558677
1,1,0.9558677
1,1,0.95208687
1,1,0.9553553
1,1,0.95208687
1,1,0.95285934
1,1,0.9544304
1,1,0.9558677
1,1,0.9558677
1,1,0.9558677
1,1,0.9558677
1,1,0.9558677
1,1,0.9487961
1,1,0.95487374
1,1,0.9558677
1,1,0.9558677
1,1,0.9558677
1,1,0.9558677
1,1,0.9558677
1,1,0.95322686
1,1,0.9558677
1,1,0.9558677
1,1,0.9558677
1,1,0.9558677
1,1,0.9554368
1,1,0.9558677
1,1,0.9558677
1,1,0.9558677
1,1,0.95581937
1,1,0.9558677
1,1,0.9558677
1,1,0.9558677
1,1,0.9558677
1,1,0.9558677
1,1,0.9558677
1,1,0.9558677
1,1,0.9558677
1,1,0.9558677
1,1,0.9558677
1,1,0.95208687
1,1,0.9558677
1,1,0.9558677
1,1,0.9558677
1,1,0.9558677
1,1,0.9558677
1,1,0.9558677
1,1,0.9558677
1,1,0.9558677
1,1,0.9558677
1,1,0.9558677
0,1,0.947672
1,1,0.9521121
1,1,0.9556735
1,1,0.9558677
1,1,0.9558677
1,1,0.9465812
1,1,0.95208687
1,1,0.9558677
1,1,0.9558565
1,1,0.95208687
1,1,0.9558677
1,1,0.9558677
1,1,0.9558677
1,1,0.9558677
1,1,0.9558677
1,1,0.9558677
1,1,0.9558677
1,1,0.9558677
1,1,0.9558677
1,1,0.9558565
0,1,0.95208687
1,1,0.9093274
1,1,0.9558565
1,1,0.9558677
1,1,0.95345104
1,1,0.9558677
1,1,0.9558677
1,1,0.9558677
1,1,0.9558677
1,1,0.95208687
1,1,0.9558677
1,1,0.9558677
1,1,0.95257306
1,1,0.9558119
1,1,0.9558677
1,1,0.9558677
1,1,0.9558677
0,1,0.9399606
1,1,0.9558677
1,1,0.9558677
1,1,0.9558677
1,1,0.9558677
1,1,0.9558677
1,1,0.9558677
1,1,0.9558677
0,1,0.9091431
1,1,0.9558677
1,1,0.9558677
1,1,0.9558677
1,1,0.9558677
1,1,0.955853
1,1,0.94562423
1,1,0.9503867
1,1,0.9558677
1,1,0.9558677
1,1,0.9558677
1,1,0.9558677
1,1,0.9558677
1,1,0.9558677
1,1,0.9558677
1,1,0.9558677
1,1,0.9558677
1,1,0.955723
1,1,0.95208687
1,1,0.9558677
1,1,0.9558677
1,1,0.9558677
1,1,0.9558677
1,1,0.9522089
1,1,0.9558677
1,1,0.9558677
1,1,0.9558677
1,1,0.9558677
1,1,0.9558677
1,1,0.9558677
1,1,0.9558677
1,1,0.9558677
1,1,0.9558677
1,1,0.9558565
1,1,0.9558677
1,1,0.9558677
1,1,0.9558677
1,1,0.9558677
1,1,0.9558677
1,1,0.9558677
1,1,0.9455773
1,1,0.9558677
1,1,0.9558677
1,1,0.95487374
1,1,0.9558677
1,1,0.9558677
1,1,0.9558677
1,1,0.955853
1,1,0.9558677
1,1,0.9558677
1,1,0.95570165
1,1,0.9558677
1,1,0.95208687
1,1,0.955723
1,1,0.9558677
1,1,0.9558677
1,1,0.9558677
1,1,0.9521121
1,1,0.9558677
1,1,0.9558306
1,1,0.9558677
1,1,0.9558677
1,1,0.9558677
1,1,0.9558677
1,1,0.9558677
1,1,0.9558677
1,1,0.9558565
1,1,0.9558677
1,1,0.955853
1,1,0.9558677
1,1,0.9558677
1,1,0.955853
1,1,0.9558677
1,1,0.9558677
1,1,0.9558677
1,1,0.9558565
1,1,0.9558677
1,1,0.9558677
1,1,0.9558677
1,1,0.9558677
1,1,0.9558565
1,1,0.9558677
1,1,0.9558119
1,1,0.9558677
1,1,0.9558677
1,1,0.9558677
1,1,0.9558677
1,1,0.95209605
1,1,0.9558677
1,1,0.955853
1,1,0.9558677
1,1,0.9558677
1,1,0.9558677
1,1,0.955853
1,1,0.9558677
1,1,0.9558677
1,1,0.9558677
1,1,0.9558677
1,1,0.955853
1,1,0.95487374
1,1,0.9558677
1,1,0.9558677
1,1,0.9558677
1,1,0.9558677
1,1,0.9558677
1,1,0.9558677
1,1,0.9558677
1,1,0.9522089
1,1,0.9558677
1,1,0.9558677
1,1,0.9558677
1,1,0.9558677
1,1,0.95487374
1,1,0.9558677
1,1,0.9558677
1,1,0.9558677
1,1,0.9558677
1,1,0.9558677
1,1,0.9558677
1,1,0.9558677
1,1,0.9558677
1,1,0.95252913
0,1,0.90319824
1,1,0.9558677
1,1,0.9558677
1,1,0.9558677
1,1,0.9558677
1,1,0.9558677
1,1,0.9558677
1,1,0.9558677
1,1,0.9558677
1,1,0.9461574
1,1,0.9558677
1,1,0.9558677
1,1,0.9558677
1,1,0.9558677
1,1,0.9558677
1,1,0.92726374
1,1,0.9558677
1,1,0.9558677
1,1,0.95208687
1,1,0.9558677
1,1,0.9558677
1,1,0.9558677
1,1,0.9558677
1,1,0.9558677
1,1,0.9558677
1,1,0.9558677
1,1,0.95208687
1,1,0.9558677
1,1,0.9533406
1,1,0.9558677
1,1,0.9558677
1,1,0.9558677
1,1,0.95576024
1,1,0.95208687
1,1,0.9558677
1,1,0.9558677
1,1,0.9558677
1,1,0.9558677
1,1,0.9558677
1,1,0.9544304
1,1,0.9558677
1,1,0.9558677
1,1,0.95576024
1,1,0.9558677
1,1,0.9558677
1,1,0.9558677
1,1,0.9558677
1,1,0.95208687
1,1,0.9558677
1,1,0.9558677
1,1,0.9558677
1,1,0.94562423
1,1,0.9558677
1,1,0.95322686
1,1,0.9558677
1,1,0.9558677
1,1,0.95487374
1,1,0.9544304
1,1,0.9558677
1,1,0.9558677
1,1,0.9558677
1,1,0.9558677
1,1,0.9558677
1,1,0.9527517
1,1,0.9558677
1,1,0.95153403
1,1,0.9558677
1,1,0.94417703
1,1,0.9557454
1,1,0.9558677
1,1,0.9558677
1,1,0.94365245
1,1,0.9558677
1,1,0.9558677
1,1,0.9558677
1,1,0.9558677
1,1,0.9558677
1,1,0.9558565
1,1,0.9558677
1,1,0.9558677
1,1,0.9558677
1,1,0.9558677
1,1,0.9558677
1,1,0.9558677
1,1,0.94417703
1,1,0.9558677
1,1,0.9558677
1,1,0.9558677
1,1,0.9558677
1,1,0.9558677
1,1,0.95571643
1,1,0.9555738
1,1,0.9558677
1,1,0.9523889
1,1,0.9558677
1,1,0.95188594
1,1,0.9558677
1,1,0.9558677
1,1,0.95568126
1,1,0.9558677
1,1,0.9558565
1,1,0.955853
1,1,0.9558677
1,1,0.9558677
1,1,0.95487374
1,1,0.9558677
1,1,0.9558677
1,1,0.9558677
1,1,0.9558677
1,1,0.9558677
1,1,0.9558677
1,1,0.95208687
1,1,0.9558677
1,1,0.9558677
1,1,0.95209605
1,1,0.9558677
1,1,0.9465812
1,1,0.9558677
1,1,0.94523084
1,1,0.9558677
1,1,0.9558677
1,1,0.94953185
1,1,0.9558677
1,1,0.9558677
1,1,0.9558677
1,1,0.9558677
1,1,0.9558677
1,1,0.9558677
1,1,0.9558677
1,1,0.9558565
1,1,0.94392514
1,1,0.95581937
1,1,0.95487374
1,1,0.952024
1,1,0.955853
1,1,0.9558677
1,1,0.9558677
1,1,0.9558677
1,1,0.9558677
1,1,0.9558677
1,1,0.9558677
1,1,0.9558677
1,1,0.9533406
1,1,0.9558677
1,1,0.9558677
1,1,0.94542867
0,1,0.9044963
1,1,0.9558677
1,1,0.9558677
1,1,0.9558677
1,1,0.95566046
1,1,0.9558677
1,1,0.9556176
1,1,0.9558677
1,1,0.9558677
1,1,0.95487374
1,1,0.9527517
1,1,0.9558677
1,1,0.9558677
1,1,0.9558677
1,1,0.9558677
1,1,0.955723
1,1,0.9548295
1,1,0.9558677
1,1,0.9558677
1,1,0.9558677
1,1,0.9558677
1,1,0.9558565
1,1,0.9558677
1,1,0.9558677
1,1,0.9455773
1,1,0.95108235
1,1,0.9558677
1,1,0.9558677
1,1,0.9558677
1,1,0.9558677
1,1,0.9558677
1,1,0.9558677
1,1,0.94507325
1,1,0.955853
1,1,0.9558677
1,1,0.9558677
1,1,0.9558677
1,1,0.9557259
1,1,0.9558677
1,1,0.9558677
1,1,0.9558677
1,1,0.9558677
1,1,0.9558677
1,1,0.95581937
1,1,0.9558119
1,1,0.9558677
1,1,0.9558677
1,1,0.9399606
1,1,0.9558677
1,1,0.9558677
1,1,0.9558677
1,1,0.9558677
1,1,0.9522089
1,1,0.9558677
1,1,0.9558677
1,1,0.9558677
1,1,0.9558677
1,1,0.9558677
0,1,0.94562423
0,1,0.95100904
1,1,0.9558677
1,1,0.9558677
1,1,0.9558677
1,1,0.9558677
1,1,0.9558677
1,1,0.95581937
1,1,0.9558565
1,1,0.9455773
1,1,0.9557454
1,1,0.9558677
1,1,0.9558677
1,1,0.95108235
1,1,0.9558677
1,1,0.9558677
1,1,0.9558565
1,1,0.955853
1,1,0.9558677
1,1,0.9558677
1,1,0.9558677
1,1,0.9558677
1,1,0.9558677
1,1,0.94392514
1,1,0.9558677
1,1,0.9558677
1,1,0.95568866
1,1,0.95576024
1,1,0.95581937
1,1,0.9558677
0,1,0.92755467
1,1,0.9558677
1,1,0.9522089
1,1,0.9558677
1,1,0.9558677
1,1,0.9544304
1,1,0.94417703
1,1,0.95208687
1,1,0.9558677
1,1,0.95581937
1,1,0.9558677
1,1,0.9558677
1,1,0.9555738
1,1,0.9558677
1,1,0.9558677
1,1,0.9522089
1,1,0.9558677
1,1,0.95487374
1,1,0.9558677
1,1,0.9557567
1,1,0.9558677
1,1,0.9558677
1,1,0.9558677
1,1,0.9558677
1,1,0.9558677
1,1,0.9558677
1,1,0.9558677
1,1,0.94507325
1,1,0.9544304
1,1,0.9558677
1,1,0.9558677
1,1,0.95487374
1,1,0.9558677
1,1,0.9558677
1,1,0.9555738
1,1,0.95581937
1,1,0.9558677
1,1,0.9558677
1,1,0.9558677
1,1,0.9558677
1,1,0.9558677
0,1,0.92726374
1,1,0.9558565
1,1,0.9558677
1,1,0.95208687
1,1,0.9558677
1,1,0.9558677
1,1,0.9558677
1,1,0.9558677
1,1,0.9558677
1,1,0.9558677
1,1,0.9558677
1,1,0.95208687
1,1,0.9558677
1,1,0.9558677
1,1,0.9558677
1,1,0.9558677
1,1,0.95487374
1,1,0.9558677
1,1,0.9558677
1,1,0.9558677
1,1,0.9558677
1,1,0.9558677
1,1,0.9558677
1,1,0.9558677
1,1,0.9558677
1,1,0.9558677
1,1,0.9558677
1,1,0.9558677
1,1,0.9522972
1,1,0.9558677
1,1,0.9558677
1,1,0.9558677
1,1,0.95208687
1,1,0.9558677
1,1,0.95209605
1,1,0.9558677
1,1,0.9558677
1,1,0.9558677
1,1,0.955723
1,1,0.9503867
1,1,0.95208687
1,1,0.9558677
1,1,0.9558677
1,1,0.9558677
0,1,0.95188594
1,1,0.95487374
1,1,0.9558677
1,1,0.9558677
1,1,0.9501013
1,1,0.9558677
1,1,0.9558677
1,1,0.9558677
0,1,0.9365686
1,1,0.9558565
1,1,0.9558677
1,1,0.95208687
1,1,0.9558677
1,1,0.9558677
1,1,0.9553395
1,1,0.95477736
1,1,0.9558677
1,1,0.9558677
1,1,0.9558677
1,1,0.9558677
1,1,0.9558677
1,1,0.95208687
1,1,0.9557143
1,1,0.9558677
1,1,0.9558677
1,1,0.9558677
0,1,0.929159
1,1,0.9558677
1,1,0.9558677
1,1,0.9558677
1,1,0.9558677
1,1,0.9558677
1,1,0.9558677
1,1,0.95208687
1,1,0.9558677
1,1,0.9558677
1,1,0.9558677
1,1,0.9558677
1,1,0.9556304
1,1,0.95208687
1,1,0.95209605
1,1,0.9558677
1,1,0.9558677
1,1,0.9558677
1,1,0.9558677
0,1,0.94507325
1,1,0.95487374
1,1,0.9558677
1,1,0.9558677
1,1,0.9558677
1,1,0.9558677
1,1,0.9558677
1,1,0.9558677
1,1,0.9558677
1,1,0.9558677
1,1,0.9558565
1,1,0.9558677
1,1,0.9558677
1,1,0.9558677
1,1,0.9558677
1,1,0.9558677
1,1,0.9558677
1,1,0.95581937
1,1,0.9558677
1,1,0.9558677
1,1,0.94507325
1,1,0.9558677
1,1,0.9558677
1,1,0.9558677
1,1,0.9558677
1,1,0.955853
0,1,0.929159
1,1,0.9558677
1,1,0.9558677
1,1,0.9558677
1,1,0.95487374
1,1,0.95581937
1,1,0.9558677
1,1,0.9558677
1,1,0.95487374
1,1,0.9558677
1,1,0.9558677
1,1,0.9557259
1,1,0.9558677
1,1,0.9558677
1,1,0.9558677
1,1,0.9503867
1,1,0.95547116
1,1,0.9558677
1,1,0.9558677
1,1,0.9558677
1,1,0.9558677
1,1,0.9555738
1,1,0.9558677
1,1,0.9558677
1,1,0.9558677
1,1,0.9558677
1,1,0.9558677
1,1,0.9558677
1,1,0.9558677
1,1,0.95576024
1,1,0.9465812
1,1,0.9558677
1,1,0.9558677
1,1,0.95211846
1,1,0.9558677
1,1,0.9558677
1,1,0.9558677
1,1,0.94583887
1,1,0.9558677
1,1,0.9558677
1,1,0.9558677
1,1,0.95208687
1,1,0.9558677
1,1,0.9558677
1,1,0.9558677
1,1,0.9558677
1,1,0.9557454
1,1,0.9558677
1,1,0.9558677
1,1,0.9558677
1,1,0.9558677
1,1,0.9558677
1,1,0.9558677
1,1,0.9558677
1,1,0.9558677
1,1,0.9558677
1,1,0.9558677
1,1,0.9498357
1,1,0.9558677
1,1,0.9558677
1,1,0.94365245
1,1,0.9558677
1,1,0.9558677
1,1,0.9558677
1,1,0.9558677
1,1,0.9558677
1,1,0.9555738
1,1,0.9558677
1,1,0.955853
1,1,0.9558677
1,1,0.9558565
1,1,0.9558677
1,1,0.95581937
1,1,0.9558677
1,1,0.95566046
0,1,0.94417703
1,1,0.9558677
1,1,0.9558677
1,1,0.9558677
1,1,0.9558677
1,1,0.9558677
1,1,0.9558677
1,1,0.9558677
1,1,0.9558677
1,1,0.9558677
1,1,0.9558677
1,1,0.9558677
1,1,0.9558677
1,1,0.95487374
1,1,0.9558677
1,1,0.9521121
1,1,0.9558677
1,1,0.9557259
1,1,0.9558677
1,1,0.95186996
1,1,0.9558677
1,1,0.9558677
1,1,0.94345254
1,1,0.9558677
1,1,0.9558677
1,1,0.9368527
1,1,0.9558677
1,1,0.9558677
1,1,0.9558677
1,1,0.9558677
1,1,0.9522089
1,1,0.9558677
1,1,0.9558677
1,1,0.9558677
1,1,0.95209605
1,1,0.95576024
1,1,0.9558677
1,1,0.9558565
1,1,0.9558677
1,1,0.95523137
1,1,0.9558677
1,1,0.9558677
1,1,0.95487374
1,1,0.9558677
1,1,0.95208687
1,1,0.9558677
1,1,0.9558677
1,1,0.9558565
0,1,0.9253301
1,1,0.9558677
1,1,0.9558677
1,1,0.9558677
1,1,0.9558677
1,1,0.9558677
1,1,0.9558677
1,1,0.9558677
1,1,0.9558677
1,1,0.9558677
0,1,0.9455773
1,1,0.9558677
0,1,0.9089315
1,1,0.9558565
1,1,0.9544304
1,1,0.9558677
1,1,0.95208687
1,1,0.9558677
1,1,0.9558677
1,1,0.9558677
1,1,0.9558677
1,1,0.9558565
1,1,0.9558677
1,1,0.95487374
1,1,0.9558677
1,1,0.955723
1,1,0.9558677
1,1,0.95058185
1,1,0.9558677
1,1,0.9558677
1,1,0.95487374
1,1,0.9558677
1,1,0.9558677
1,1,0.9558677
1,1,0.9558677
1,1,0.9558677
1,1,0.92562824
1,1,0.9558677
1,1,0.9558677
1,1,0.9558677
1,1,0.9558677
1,1,0.9558677
1,1,0.9558677
1,1,0.9558677
1,1,0.9558677
1,1,0.9558677
1,1,0.9558677
1,1,0.9558677
1,1,0.9558677
1,1,0.955723
1,1,0.9558677
1,1,0.9558677
1,1,0.9558677
1,1,0.9558677
1,1,0.9558677
1,1,0.92732704
1,1,0.9558677
1,1,0.9089315
1,1,0.9558677
1,1,0.9558677
1,1,0.9558677
1,1,0.9558677
1,1,0.9558677
1,1,0.95487374
1,1,0.9558677
1,1,0.955853
1,1,0.9558677
1,1,0.9558677
1,1,0.9558677
1,1,0.9558677
1,1,0.9558677
1,1,0.9558677
1,1,0.9558677
1,1,0.9236463
1,1,0.9558677
1,1,0.9558677
1,1,0.9558677
1,1,0.95208687
1,1,0.9558677
1,1,0.9558677
1,1,0.9558677
1,1,0.9558677
1,1,0.9558677
1,1,0.9558677
1,1,0.9558677
1,1,0.9558677
1,1,0.95576024
1,1,0.9558677
1,1,0.9558677
1,1,0.9558677
1,1,0.9558119
1,1,0.955853
1,1,0.9558677
1,1,0.9522089
1,1,0.9558677
1,1,0.9558677
1,1,0.9558677
1,1,0.9558677
1,1,0.95570165
1,1,0.9558677
1,1,0.9558677
1,1,0.9558677
1,1,0.9556792
1,1,0.9558677
0,1,0.92755467
1,1,0.9558677
1,1,0.9558677
1,1,0.9558677
1,1,0.9558677
1,1,0.95581937
1,1,0.95581937
1,1,0.95208687
1,1,0.94621366
1,1,0.9558677
1,1,0.9558677
1,1,0.9558677
1,1,0.9558677
1,1,0.9558677
1,1,0.9558677
0,1,0.94417703
1,1,0.9558677
1,1,0.9558677
1,1,0.9558677
1,1,0.9558677
1,1,0.955853
1,1,0.95570165
1,1,0.9558677
1,1,0.9558677
1,1,0.9558677
1,1,0.9558677
1,1,0.9558677
1,1,0.9558677
1,1,0.9558677
1,1,0.9550589
1,1,0.9558677
1,1,0.9558677
1,1,0.9558677
1,1,0.9089315
1,1,0.9558677
1,1,0.9558677
1,1,0.9558677
1,1,0.9558677
1,1,0.9558677
1,1,0.9558677
1,1,0.9457381
1,1,0.9558677
1,1,0.9558677
1,1,0.9558677
1,1,0.9558677
1,1,0.9558677
1,1,0.9558677
1,1,0.9558677
1,1,0.9558677
1,1,0.9558677
1,1,0.9558677
1,1,0.9544304
1,1,0.9558677
1,1,0.9554368
1,1,0.9558677
1,1,0.9558677
1,1,0.9558677
1,1,0.9558677
1,1,0.95208687
1,1,0.9558677
1,1,0.9527517
1,1,0.9558677
1,1,0.95534444
1,1,0.9558677
1,1,0.95487374
1,1,0.9558677
1,1,0.9558677
1,1,0.9558677
1,1,0.95266414
1,1,0.9558677
1,1,0.9558677
1,1,0.9558677
1,1,0.9558677
1,1,0.955853
1,1,0.9558677
1,1,0.955853
1,1,0.9558677
1,1,0.94562423
1,1,0.9558677
1,1,0.9558677
1,1,0.9558677
1,1,0.9558677
1,1,0.9558677
1,1,0.9558677
1,1,0.9558565
1,1,0.955853
0,1,0.9044963
1,1,0.9558677
1,1,0.9555738
1,1,0.95208687
1,1,0.9558677
1,1,0.9558677
1,1,0.9558677
1,1,0.9558677
1,1,0.95208687
1,1,0.9487549
1,1,0.9558677
1,1,0.94392514
1,1,0.9558677
1,1,0.9558677
1,1,0.9558677
1,1,0.9558677
1,1,0.9558677
1,1,0.9558677
1,1,0.95208687
1,1,0.95487374
1,1,0.9558677
1,1,0.9558677
1,1,0.9558677
1,1,0.9558677
1,1,0.9558565
1,1,0.9558677
1,1,0.9558119
0,1,0.94621366
1,1,0.9558677
1,1,0.95487374
1,1,0.9558677
1,1,0.9558677
1,1,0.955782
1,1,0.9558677
1,1,0.9558677
1,1,0.9558677
1,1,0.9558677
1,1,0.9558677
1,1,0.955853
1,1,0.9558677
1,1,0.9558677
1,1,0.9558677
1,1,0.9558677
1,1,0.9558677
1,1,0.9558677
1,1,0.95576024
1,1,0.9558677
1,1,0.95208687
1,1,0.9558677
1,1,0.95576024
1,1,0.9558677
1,1,0.9558677
1,1,0.9558677
1,1,0.9558677
1,1,0.9558677
1,1,0.9558677
1,1,0.9558677
1,1,0.9558677
1,1,0.9558677
1,1,0.9558677
1,1,0.955853
1,1,0.9558677
1,1,0.9558677
1,1,0.9558677
1,1,0.9277265
1,1,0.9558677
1,1,0.9558677
1,1,0.9558677
1,1,0.9558677
1,1,0.9558677
1,1,0.9558677
1,1,0.95345104
1,1,0.9558677
1,1,0.9558677
1,1,0.9558677
1,1,0.9558677
1,1,0.9558119
1,1,0.9558677
1,1,0.9543332
1,1,0.9503867
1,1,0.9558677
1,1,0.9558565
1,1,0.95209605
1,1,0.9558677
1,1,0.9558677
1,1,0.9558677
1,1,0.9558677
1,1,0.9558677
1,1,0.9558677
1,1,0.9558677
1,1,0.9558677
1,1,0.9558677
1,1,0.9558677
1,1,0.9558677
1,1,0.9558677
1,1,0.9558677
1,1,0.9558677
1,1,0.95209605
1,1,0.95208687
1,1,0.9558677
1,1,0.9558677
1,1,0.9558677
1,1,0.9558677
1,1,0.9558677
1,1,0.9511847
1,1,0.9558677
1,1,0.9558677
1,1,0.9558677
1,1,0.9558677
1,1,0.9558677
1,1,0.9558677
1,1,0.9399606
1,1,0.9558677
0,1,0.9445379
1,1,0.9527517
1,1,0.9558565
1,1,0.9558677
1,1,0.95208687
1,1,0.9558677
1,1,0.9558677
1,1,0.9558677
1,1,0.9558677
1,1,0.9558677
1,1,0.9557567
1,1,0.9558677
1,1,0.9558677
1,1,0.9558677
1,1,0.9558677
1,1,0.9558677
1,1,0.9558677
1,1,0.95581937
1,1,0.9558677
1,1,0.9558677
1,1,0.9558677
1,1,0.9556176
1,1,0.9558677
1,1,0.9558677
1,1,0.95208687
1,1,0.9558677
1,1,0.9558677
1,1,0.9558677
1,1,0.9558677
1,1,0.9558677
1,1,0.9558677
1,1,0.9558677
1,1,0.9558677
1,1,0.95576024
1,1,0.9558565
1,1,0.9558677
1,1,0.9558677
1,1,0.9558677
1,1,0.95208687
1,1,0.9558677
0,1,0.94507325
1,1,0.9558677
1,1,0.9558677
1,1,0.95208687
1,1,0.9558677
1,1,0.9558677
1,1,0.9558677
1,1,0.9558677
1,1,0.95576024
1,1,0.95208687
1,1,0.9558677
1,1,0.9558677
1,1,0.9558677
1,1,0.9558677
1,1,0.95208687
1,1,0.9558677
1,1,0.9558677
1,1,0.9533406
1,1,0.9558677
1,1,0.9558677
1,1,0.9044963
1,1,0.9558119
1,1,0.9558677
1,1,0.9558677
1,1,0.9558677
1,1,0.95570165
1,1,0.9558677
1,1,0.9558677
1,1,0.9558677
1,1,0.95208687
1,1,0.9558677
1,1,0.9558677
1,1,0.9558677
1,1,0.9558677
1,1,0.9558677
1,1,0.9558677
1,1,0.9399606
1,1,0.9558677
1,1,0.9558677
1,1,0.9558677
1,1,0.9558677
1,1,0.9558677
1,1,0.9558677
1,1,0.9558677
1,1,0.9558677
1,1,0.9558677
1,1,0.9558677
1,1,0.9455773
1,1,0.9558677
1,1,0.9558677
1,1,0.9558677
1,1,0.94562423
1,1,0.9558677
1,1,0.9558677
1,1,0.9522089
1,1,0.9558677
1,1,0.95208687
1,1,0.95208687
1,1,0.9558677
1,1,0.9558677
1,1,0.9558677
1,1,0.9558565
1,1,0.9558677
1,1,0.9556855
1,1,0.9558677
1,1,0.95209605
1,1,0.9558677
1,1,0.9558677
1,1,0.9558677
1,1,0.9558677
1,1,0.9558677
1,1,0.9558677
1,1,0.952024
1,1,0.9558677
1,1,0.9558677
1,1,0.95208687
1,1,0.9558677
1,1,0.95270795
1,1,0.9558677
1,1,0.9558677
1,1,0.9558677
1,1,0.9524424
1,1,0.95576024
1,1,0.9558677
1,1,0.9558677
1,1,0.9558677
1,1,0.9558677
1,1,0.9558677
1,1,0.9558677
1,1,0.9558677
1,1,0.9558677
1,1,0.9558677
1,1,0.9558677
1,1,0.9558677
1,1,0.9558677
1,1,0.95487374
1,1,0.9558677
1,1,0.95208687
1,1,0.9558677
1,1,0.9558677
1,1,0.9558677
1,1,0.9558677
1,1,0.9558677
1,1,0.9558677
1,1,0.9515986
1,1,0.9558677
1,1,0.9558677
1,1,0.9558677
1,1,0.95208687
1,1,0.9558677
1,1,0.9558677
1,1,0.95566046
1,1,0.9522089
1,1,0.9465812
1,1,0.9558677
1,1,0.9558565
1,1,0.9558677
1,1,0.9558677
1,1,0.9558677
1,1,0.9558677
1,1,0.9558677
1,1,0.95576024
1,1,0.9044963
1,1,0.9558677
1,1,0.9558677
1,1,0.9558565
1,1,0.9558677
1,1,0.9558677
1,1,0.9558677
1,1,0.9558677
1,1,0.95570165
1,1,0.9558677
1,1,0.9558677
1,1,0.9506345
1,1,0.9558677
1,1,0.9558677
1,1,0.9558677
1,1,0.9522089
1,1,0.9558677
1,1,0.9558677
1,1,0.9558677
1,1,0.94562423
1,1,0.9558565
1,1,0.9558677
1,1,0.9558677
1,1,0.9558677
1,1,0.9558677
1,1,0.9558677
1,1,0.9544304
1,1,0.9558677
1,1,0.9510657
1,1,0.9558677
1,1,0.9558677
1,1,0.9558677
1,1,0.9558677
1,1,0.9558677
1,1,0.9558677
1,1,0.9558677
1,1,0.9558677
1,1,0.9558677
1,1,0.948673
1,1,0.9558677
1,1,0.9558677
1,1,0.9558677
1,1,0.9558677
1,1,0.9558677
0,1,0.9455773
1,1,0.9558677
1,1,0.9558677
1,1,0.9558677
1,1,0.9558677
1,1,0.9558677
1,1,0.9558677
1,1,0.9558677
1,1,0.9558677
1,1,0.9558677
1,1,0.9558677
1,1,0.95208687
1,1,0.9558677
1,1,0.9558677
1,1,0.9558677
1,1,0.9558677
1,1,0.9558677
1,1,0.9558677
1,1,0.9558677
1,1,0.9558677
1,1,0.9558677
1,1,0.95208687
1,1,0.9558677
1,1,0.9558677
1,1,0.9558677
1,1,0.9558677
1,1,0.9558677
1,1,0.9558677
1,1,0.9558677
1,1,0.9558677
1,1,0.9558677
1,1,0.9558677
1,1,0.9558677
1,1,0.9558677
1,1,0.9558565
1,1,0.9558677
0,1,0.94407046
1,1,0.9558677
1,1,0.9558677
1,1,0.9558677
1,1,0.9558677
1,1,0.9558677
1,1,0.9544304
1,1,0.9558677
1,1,0.9558677
1,1,0.9558677
1,1,0.9558677
1,1,0.95322686
1,1,0.9558677
1,1,0.9558677
1,1,0.9558677
1,1,0.9558677
1,1,0.9558677
1,1,0.9558677
1,1,0.9558677
1,1,0.95556813
1,1,0.9558677
1,1,0.95487374
1,1,0.9558677
1,1,0.9558677
1,1,0.94562423
1,1,0.9557111
1,1,0.9558677
1,1,0.9558677
1,1,0.9558677
1,1,0.9558677
1,1,0.9558677
1,1,0.9558677
1,1,0.94705576
1,1,0.9558677
1,1,0.9558677
1,1,0.9558677
1,1,0.9558677
1,1,0.9558677
1,1,0.9558677
1,1,0.9558677
1,1,0.9558677
1,1,0.9558677
1,1,0.9558677
1,1,0.9558677
1,1,0.9558677
1,1,0.9558677
1,1,0.9558677
1,1,0.9558677
1,1,0.94759697
1,1,0.9558677
1,1,0.9558677
1,1,0.9558677
1,1,0.9558677
1,1,0.9558677
1,1,0.9558677
1,1,0.9558677
1,1,0.94562423
1,1,0.9558565
1,1,0.9558677
1,1,0.9558677
1,1,0.9558677
1,1,0.9558677
1,1,0.9558677
1,1,0.9558677
1,1,0.9558677
1,1,0.9558677
1,1,0.9558677
1,1,0.9558677
1,1,0.9558677
1,1,0.95176756
1,1,0.9558677
1,1,0.9558677
1,1,0.9558677
1,1,0.9558677
1,1,0.9558677
1,1,0.9558677
1,1,0.9558677
1,1,0.9558677
1,1,0.95209605
1,1,0.9558677
1,1,0.9558677
1,1,0.9558677
0,1,0.9044963
1,1,0.9558677
1,1,0.9399606
1,1,0.9526798
1,1,0.9558677
1,1,0.9558677
1,1,0.9558677
1,1,0.9558677
1,1,0.9558677
1,1,0.9558677
1,1,0.9558677
1,1,0.9558677
1,1,0.9558677
1,1,0.9558677
1,1,0.9558677
1,1,0.9557567
1,1,0.95487374
1,1,0.9558677
1,1,0.955853
1,1,0.9558677
1,1,0.95208687
1,1,0.9557143
1,1,0.9558677
1,1,0.9521121
1,1,0.9558677
1,1,0.9558677
1,1,0.95208687
1,1,0.95208687
1,1,0.9558677
1,1,0.9558677
1,1,0.9558677
1,1,0.9558677
1,1,0.95487374
1,1,0.9558677
1,1,0.9558677
1,1,0.9558677
1,1,0.9558677
1,1,0.9558677
1,1,0.95208687
1,1,0.9558677
1,1,0.9558677
1,1,0.95208687
1,1,0.9558677
1,1,0.9558677
1,1,0.9558677
1,1,0.9455773
1,1,0.9558677
1,1,0.9558677
1,1,0.9558677
1,1,0.9558677
1,1,0.9558677
1,1,0.9558677
1,1,0.9558677
1,1,0.9558677
1,1,0.95487374
1,1,0.9558677
1,1,0.9558677
1,1,0.9558677
1,1,0.9558677
1,1,0.9558677
1,1,0.9558677
1,1,0.92726374
1,1,0.9558677
1,1,0.9558677
1,1,0.9558677
1,1,0.9558677
1,1,0.9558677
1,1,0.9558677
1,1,0.9558677
1,1,0.955782
1,1,0.95208687
1,1,0.95208687
1,1,0.9558677
1,1,0.9558677
1,1,0.95277125
1,1,0.9558677
1,1,0.9558677
1,1,0.9558677
1,1,0.9558677
1,1,0.9558677
1,1,0.9558677
1,1,0.9558677
1,1,0.95581937
1,1,0.9558677
1,1,0.9558677
1,1,0.9558677
1,1,0.95487374
1,1,0.9558677
1,1,0.9558677
1,1,0.9558677
1,1,0.9558677
1,1,0.94417703
1,1,0.9558677
1,1,0.9557454
1,1,0.9558677
1,1,0.94417703
1,1,0.9558677
1,1,0.94417703
1,1,0.9558677
1,1,0.9558677
1,1,0.9558677
1,1,0.9558677
1,1,0.9558677
1,1,0.9558677
1,1,0.9558677
1,1,0.9558677
1,1,0.9558677
1,1,0.95209605
1,1,0.9558677
1,1,0.95576024
1,1,0.9558677
1,1,0.9555738
1,1,0.9558677
1,1,0.9558677
1,1,0.948673
1,1,0.9558677
1,1,0.9558677
1,1,0.9558677
1,1,0.9558677
1,1,0.9558677
1,1,0.9558677
1,1,0.9558677
1,1,0.9555738
1,1,0.9558677
1,1,0.9558677
1,1,0.9558677
1,1,0.9558677
1,1,0.955853
1,1,0.9558677
1,1,0.9558677
1,1,0.9558677
1,1,0.9558677
1,1,0.9556176
1,1,0.9558677
1,1,0.9558677
1,1,0.9558677
1,1,0.9558677
1,1,0.95208687
1,1,0.9558677
1,1,0.95576024
1,1,0.9558677
0,1,0.952024
0,1,0.92755467
1,1,0.9558677
1,1,0.9558119
1,1,0.9558677
1,1,0.9527476
1,1,0.9558677
1,1,0.9558677
1,1,0.9558677
1,1,0.9558677
1,1,0.9558677
1,1,0.9558677
1,1,0.9558677
1,1,0.95270795
1,1,0.9521121
1,1,0.9558677
1,1,0.9558677
1,1,0.9558677
1,1,0.9558677
1,1,0.9558677
1,1,0.9558677
1,1,0.9558677
1,1,0.9540408
1,1,0.9558677
1,1,0.95208687
1,1,0.9558677
1,1,0.9558677
1,1,0.9558677
1,1,0.9558677
1,1,0.9558677
1,1,0.9558677
1,1,0.9558677
1,1,0.9558677
1,1,0.9558677
1,1,0.9558677
1,1,0.9558677
1,1,0.9558677
1,1,0.9558677
1,1,0.9558677
1,1,0.9558677
1,1,0.95209605
1,1,0.9558677
1,1,0.9558677
1,1,0.9558677
1,1,0.9558677
1,1,0.95208687
1,1,0.95267075
1,1,0.9558565
1,1,0.94542867
1,1,0.9558677
1,1,0.9558677
1,1,0.9558677
1,1,0.9558677
1,1,0.95581937
1,1,0.95208687
1,1,0.9558677
1,1,0.9558677
1,1,0.9558677
1,1,0.9558677
1,1,0.9558677
1,1,0.9558677
1,1,0.953295
1,1,0.9558677
1,1,0.9558677
1,1,0.9558677
1,1,0.9558677
1,1,0.9554368
1,1,0.9445379
1,1,0.9558677
1,1,0.9558677
1,1,0.9558677
1,1,0.94542867
1,1,0.9558677
1,1,0.9558677
1,1,0.9558565
1,1,0.9558677
1,1,0.95487374
1,1,0.9558677
1,1,0.9558677
1,1,0.9558677
1,1,0.9558677
1,1,0.9558677
1,1,0.9558677
1,1,0.9558677
1,1,0.9558677
1,1,0.9558677
1,1,0.9558677
1,1,0.9503363
1,1,0.95161563
1,1,0.9558677
1,1,0.95487374
1,1,0.95277125
1,1,0.9558677
1,1,0.9558565
1,1,0.9558677
1,1,0.9558677
1,1,0.9558677
1,1,0.9558677
1,1,0.94562423
1,1,0.9543332
1,1,0.95570165
1,1,0.9558677
1,1,0.9558677
1,1,0.9558677
1,1,0.9558677
1,1,0.9558677
1,1,0.9558677
1,1,0.94417703
1,1,0.9558677
1,1,0.9558677
1,1,0.95576024
1,1,0.95208687
1,1,0.95581937
1,1,0.9558677
1,1,0.9558677
1,1,0.9558677
1,1,0.9558677
1,1,0.9558677
1,1,0.9558677
1,1,0.9558677
1,1,0.9558677
1,1,0.9558677
1,1,0.9558677
1,1,0.9558677
1,1,0.9558677
1,1,0.9558677
1,1,0.9558677
1,1,0.9558677
1,1,0.9558677
0,1,0.9236463
1,1,0.95534444
1,1,0.9558677
1,1,0.9558677
1,1,0.9558677
1,1,0.95061713
1,1,0.9558677
1,1,0.9558677
1,1,0.9558677
1,1,0.9558677
1,1,0.9558677
0,1,0.9236463
1,1,0.95209605
1,1,0.9558677
1,1,0.9558677
1,1,0.9558677
1,1,0.9558677
1,1,0.9522089
1,1,0.9558677
1,1,0.9558677
1,1,0.95208687
1,1,0.94903773
1,1,0.9558677
1,1,0.9558677
1,1,0.9558677
1,1,0.9556644
1,1,0.9236463
1,1,0.9558677
1,1,0.9558677
1,1,0.9558677
1,1,0.9558677
1,1,0.9558677
1,1,0.9558677
1,1,0.92726374
1,1,0.9558677
1,1,0.9558677
0,1,0.9089315
1,1,0.95571643
1,1,0.9558677
1,1,0.9558677
1,1,0.9558677
1,1,0.9558677
1,1,0.9558677
1,1,0.9558677
1,1,0.95071197
1,1,0.9558677
1,1,0.9558677
1,1,0.9558677
1,1,0.9558677
1,1,0.9557454
1,1,0.9558677
1,1,0.9558677
1,1,0.9558677
1,1,0.9558677
1,1,0.9558677
1,1,0.9558677
1,1,0.9558677
1,1,0.9558677
1,1,0.9558565
1,1,0.955853
1,1,0.95322686
1,1,0.9558677
1,1,0.9558677
1,1,0.95371366
1,1,0.9558565
1,1,0.9558677
1,1,0.9558677
1,1,0.94365245
1,1,0.95581937
1,1,0.9558677
1,1,0.9558677
1,1,0.955853
1,1,0.95208687
1,1,0.9558677
1,1,0.9553395
1,1,0.9044963
1,1,0.9558565
1,1,0.9558677
1,1,0.9558677
1,1,0.9558677
1,1,0.9558677
1,1,0.9558677
1,1,0.9558677
1,1,0.9558677
1,1,0.9558677
1,1,0.9558677
1,1,0.95576024
1,1,0.9558677
1,1,0.953295
1,1,0.9558677
0,1,0.9242915
1,1,0.9521121
1,1,0.9542215
1,1,0.9558677
1,1,0.9558677
1,1,0.95208687
1,1,0.9558677
1,1,0.9558677
1,1,0.9558677
1,1,0.95266414
1,1,0.9558677
1,1,0.9558677
1,1,0.94583887
1,1,0.9558677
1,1,0.9558677
1,1,0.9558677
1,1,0.9558677
1,1,0.9558677
1,1,0.95487374
1,1,0.9558677
1,1,0.9558119
1,1,0.9558677
1,1,0.9558677
1,1,0.9558677
1,1,0.9558677
1,1,0.9558677
1,1,0.9558677
1,1,0.9558677
1,1,0.9558565
0,1,0.9487549
1,1,0.9558677
1,1,0.95208687
1,1,0.9558677
1,1,0.9558677
1,1,0.9558677
1,1,0.9558677
1,1,0.9558677
1,1,0.9558677
1,1,0.9558677
1,1,0.95208687
1,1,0.9558677
1,1,0.9558677
1,1,0.9558677
1,1,0.9558677
1,1,0.9558677
1,1,0.9558677
1,1,0.9558677
1,1,0.9558677
1,1,0.95581937
1,1,0.9558677
1,1,0.9558677
1,1,0.9558677
1,1,0.9558677
1,1,0.95581937
1,1,0.9508211
1,1,0.9558677
1,1,0.9558677
1,1,0.9558677
1,1,0.9558677
1,1,0.9558677
1,1,0.9558677
0,1,0.92755467
1,1,0.9558677
1,1,0.9558677
1,1,0.9558677
1,1,0.95487374
1,1,0.9558677
1,1,0.9558677
0,1,0.90226555
1,1,0.9558677
1,1,0.95576024
1,1,0.9544304
1,1,0.9558677
1,1,0.9558677
1,1,0.953295
1,1,0.9556176
1,1,0.9558677
1,1,0.9558677
1,1,0.955853
1,1,0.9558677
1,1,0.955782
1,1,0.9089315
1,1,0.9558677
1,1,0.9558677
1,1,0.95208687
1,1,0.9558677
1,1,0.9558677
1,1,0.9558677
1,1,0.9558677
1,1,0.9526798
1,1,0.9558677
1,1,0.9558677
1,1,0.9558677
1,1,0.9558677
1,1,0.9558677
1,1,0.9558677
1,1,0.9558677
1,1,0.9558677
1,1,0.948673
1,1,0.9558677
1,1,0.9558677
1,1,0.9558677
1,1,0.9558677
1,1,0.9455773
1,1,0.9558677
1,1,0.9558677
1,1,0.9555738
1,1,0.9558677
1,1,0.9558677
1,1,0.932858
1,1,0.9558677
1,1,0.9558677
1,1,0.9558677
1,1,0.9558677
1,1,0.9558677
1,1,0.9558677
1,1,0.9558677
1,1,0.9558677
1,1,0.9558677
1,1,0.9558677
1,1,0.9558677
1,1,0.9558677
1,1,0.9558677
1,1,0.9558677
1,1,0.9558677
1,1,0.9525243
1,1,0.9558677
1,1,0.9558677
1,1,0.9558677
1,1,0.9558565
1,1,0.9558677
1,1,0.9558677
1,1,0.94562423
1,1,0.9558677
1,1,0.9558677
1,1,0.9558677
1,1,0.9558677
1,1,0.9558677
1,1,0.9558677
1,1,0.9558677
1,1,0.9558677
1,1,0.95570165
1,1,0.9558677
1,1,0.9557111
1,1,0.9558677
1,1,0.9558677
1,1,0.9558677
1,1,0.9558677
1,1,0.9558677
1,1,0.9558677
1,1,0.9558677
1,1,0.9558677
0,1,0.90319824
1,1,0.9558677
1,1,0.95576024
1,1,0.9558677
1,1,0.9414055
1,1,0.9558677
1,1,0.9558677
1,1,0.95487374
1,1,0.9558677
1,1,0.9558677
1,1,0.94592965
1,1,0.95566046
1,1,0.9558677
1,1,0.9558677
1,1,0.9558677
1,1,0.9558677
1,1,0.9558677
1,1,0.9558677
1,1,0.9558677
1,1,0.9558677
1,1,0.9558677
1,1,0.9558677
1,1,0.9558677
1,1,0.9558677
1,1,0.9558677
1,1,0.9558677
1,1,0.955853
1,1,0.9558565
1,1,0.9558677
1,1,0.95576024
1,1,0.9558677
1,1,0.9558677
1,1,0.95581937
1,1,0.9558677
1,1,0.9544304
1,1,0.9558677
1,1,0.9558677
1,1,0.9558677
1,1,0.9465812
1,1,0.9558677
1,1,0.95487374
1,1,0.9558677
1,1,0.9558677
1,1,0.9558677
1,1,0.9558677
1,1,0.9553207
1,1,0.9558677
1,1,0.9558677
1,1,0.9558677
1,1,0.9558677
1,1,0.9558677
1,1,0.9558677
1,1,0.9558677
1,1,0.9558677
1,1,0.9558677
1,1,0.9558677
1,1,0.9522089
1,1,0.9558677
1,1,0.9533406
1,1,0.9558677
1,1,0.9558677
1,1,0.9558677
1,1,0.9558677
1,1,0.9558677
1,1,0.9558677
1,1,0.9558677
1,1,0.9558677
1,1,0.9558677
1,1,0.9558677
1,1,0.9558677
1,1,0.9558677
1,1,0.9558677
1,1,0.9558677
1,1,0.9558677
1,1,0.9558677
1,1,0.9558677
1,1,0.9558677
1,1,0.9558677
1,1,0.9558677
1,1,0.9558677
1,1,0.9558677
1,1,0.9558677
1,1,0.955853
1,1,0.9558677
1,1,0.9558677
1,1,0.9558677
1,1,0.9558677
1,1,0.9558677
1,1,0.9558677
1,1,0.9408924
1,1,0.9558677
1,1,0.9558677
1,1,0.9558677
1,1,0.9558677
1,1,0.9558677
1,1,0.9558677
1,1,0.9558677
1,1,0.9558677
1,1,0.9558677
1,1,0.9558677
1,1,0.955853
0,1,0.94562423
1,1,0.955853
1,1,0.9544304
1,1,0.9558677
1,1,0.9558677
1,1,0.9558677
1,1,0.9558677
1,1,0.95581937
1,1,0.9558677
1,1,0.9558677
1,1,0.9558677
1,1,0.9558677
1,1,0.9558677
1,1,0.9558677
1,1,0.9558677
1,1,0.9558677
1,1,0.9558677
1,1,0.9558677
1,1,0.9558677
1,1,0.94562423
1,1,0.9558677
0,1,0.9089315
1,1,0.9558677
1,1,0.9558677
1,1,0.9558677
1,1,0.9558677
1,1,0.9558677
0,1,0.94392514
1,1,0.9558677
1,1,0.955853
1,1,0.9558677
1,1,0.9558677
1,1,0.9525243
1,1,0.9558565
1,1,0.9540408
1,1,0.9558677
1,1,0.95581937
1,1,0.9558677
1,1,0.9558677
1,1,0.9558677
1,1,0.9558677
1,1,0.9558677
1,1,0.9558677
1,1,0.9558677
1,1,0.9558677
1,1,0.9558677
1,1,0.95487374
1,1,0.9558677
1,1,0.9558677
1,1,0.9558565
1,1,0.9558677
1,1,0.9558677
1,1,0.95209605
1,1,0.9558677
1,1,0.955853
1,1,0.9558677
1,1,0.9558677
1,1,0.9558677
1,1,0.9558677
1,1,0.9558677
1,1,0.9558677
1,1,0.9558677
1,1,0.9558677
1,1,0.9558677
1,1,0.9558677
1,1,0.9558677
1,1,0.9558677
0,1,0.9044963
1,1,0.9558677
1,1,0.9558677
1,1,0.9558677
1,1,0.95487374
1,1,0.9558677
1,1,0.9558677
1,1,0.9558677
1,1,0.9558677
1,1,0.9035344
1,1,0.9558677
1,1,0.9445379
1,1,0.9558677
1,1,0.9558677
1,1,0.9558677
1,1,0.95209605
1,1,0.9558677
1,1,0.9558677
1,1,0.9558677
1,1,0.9558677
1,1,0.9558677
1,1,0.95209605
1,1,0.9558677
1,1,0.94507325
1,1,0.9558677
1,1,0.9553553
1,1,0.9558677
1,1,0.9558677
1,1,0.9558677
1,1,0.9048285
1,1,0.9558677
1,1,0.955186
1,1,0.9558677
1,1,0.94417703
1,1,0.9558677
1,1,0.9558677
1,1,0.9558677
1,1,0.9558677
1,1,0.9558677
1,1,0.9558677
1,1,0.9558677
1,1,0.9558677
1,1,0.9558677
1,1,0.9558677
1,1,0.9558677
1,1,0.9558677
1,1,0.9551525
1,1,0.9558677
1,1,0.9558677
1,1,0.9558677
1,1,0.955853
1,1,0.95208687
1,1,0.9558119
1,1,0.95208687
1,1,0.9558677
1,1,0.9544304
1,1,0.9558677
1,1,0.9558677
1,1,0.9558677
1,1,0.955853
1,1,0.9558677
1,1,0.9523889
1,1,0.9558677
1,1,0.9558677
1,1,0.9558677
1,1,0.9558677
1,1,0.9558677
1,1,0.9558677
1,1,0.9558677
1,1,0.95581937
1,1,0.9558677
1,1,0.95209605
1,1,0.955853
1,1,0.9558677
1,1,0.9558677
1,1,0.9558677
1,1,0.95576024
1,1,0.9558677
1,1,0.955723
1,1,0.9558677
1,1,0.9558677
0,1,0.95209605
1,1,0.9558677
1,1,0.9558677
1,1,0.9558677
1,1,0.9558677
1,1,0.9236463
1,1,0.9558677
1,1,0.9558677
1,1,0.9558677
1,1,0.9558677
1,1,0.95576024
1,1,0.95257306
1,1,0.9558677
1,1,0.95208687
1,1,0.9558677
1,1,0.9558677
1,1,0.9522089
1,1,0.93322486
1,1,0.955853
1,1,0.9558677
1,1,0.9558677
1,1,0.9558677
1,1,0.9558677
1,1,0.9558677
1,1,0.9558677
1,1,0.94417703
1,1,0.95581937
1,1,0.9558677
1,1,0.9558677
1,1,0.9558677
1,1,0.9558677
1,1,0.9558677
1,1,0.955853
1,1,0.9558677
1,1,0.9558677
1,1,0.9558677
1,1,0.9558677
1,1,0.9558677
1,1,0.9558677
1,1,0.9558677
1,1,0.9558677
1,1,0.9558677
1,1,0.9558677
1,1,0.9558677
1,1,0.9558677
1,1,0.9556176
1,1,0.9089315
1,1,0.9558677
1,1,0.9558677
1,1,0.9558677
1,1,0.955853
1,1,0.9558677
1,1,0.9558677
1,1,0.95395106
1,1,0.9558677
1,1,0.9558677
1,1,0.95208687
1,1,0.9558677
1,1,0.9558677
1,1,0.9525243
1,1,0.95209605
1,1,0.9558677
1,1,0.9555589
1,1,0.9558677
1,1,0.9558677
1,1,0.9558677
1,1,0.95487374
1,1,0.9558677
1,1,0.9558677
1,1,0.95208687
1,1,0.9556176
1,1,0.9558677
1,1,0.9558677
1,1,0.9558677
1,1,0.9558677
1,1,0.94562423
1,1,0.95567006
1,1,0.9558677
1,1,0.9558677
1,1,0.9558677
1,1,0.9558677
1,1,0.95209605
1,1,0.955853
1,1,0.9558677
1,1,0.9558677
1,1,0.9558677
1,1,0.9558677
1,1,0.9558677
1,1,0.9558677
1,1,0.9558677
1,1,0.95266414
1,1,0.9558677
1,1,0.9558565
1,1,0.9558677
1,1,0.9558677
1,1,0.9558677
1,1,0.9558677
1,1,0.9558677
1,1,0.9558677
1,1,0.9558677
1,1,0.9558677
1,1,0.9558677
1,1,0.9558677
1,1,0.9558677
1,1,0.9558677
1,1,0.9558677
1,1,0.94371957
1,1,0.9558677
1,1,0.9558677
1,1,0.9558677
1,1,0.9558677
1,1,0.9558677
1,1,0.9558565
1,1,0.9558677
1,1,0.9558677
1,1,0.9455773
1,1,0.9558677
1,1,0.9558677
1,1,0.9558677
1,1,0.9558677
1,1,0.9558677
1,1,0.9558677
1,1,0.9558677
1,1,0.9558677
1,1,0.9558677
1,1,0.9558677
1,1,0.9503363
1,1,0.9558677
1,1,0.9558677
1,1,0.9557259
1,1,0.9558677
1,1,0.9558677
1,1,0.95106703
1,1,0.9558677
1,1,0.9558677
1,1,0.9558677
1,1,0.9558677
1,1,0.9558677
1,1,0.9558677
1,1,0.9558677
1,1,0.9558677
1,1,0.9558677
1,1,0.92726374
1,1,0.9558677
1,1,0.9558677
1,1,0.9558677
1,1,0.9525243
1,1,0.9556176
1,1,0.9558677
1,1,0.9558677
1,1,0.95208687
1,1,0.9558677
1,1,0.9558677
1,1,0.94759697
1,1,0.9558677
1,1,0.95208687
1,1,0.9558677
1,1,0.9558677
1,1,0.9558677
1,1,0.955723
1,1,0.9558677
1,1,0.9558677
1,1,0.9558677
1,1,0.9558677
1,1,0.9558677
1,1,0.9558677
1,1,0.9558677
1,1,0.9558677
1,1,0.9558677
1,1,0.9558677
1,1,0.9558677
1,1,0.9558677
1,1,0.955853
1,1,0.9558677
1,1,0.9558677
1,1,0.9558677
1,1,0.9558677
1,1,0.9558677
1,1,0.9558677
1,1,0.9558677
1,1,0.9558677
1,1,0.9558677
1,1,0.9558677
1,1,0.9558677
1,1,0.955853
1,1,0.94417703
1,1,0.9521121
1,1,0.94417703
1,1,0.9558677
1,1,0.9558677
1,1,0.9558677
1,1,0.9558677
1,1,0.9558677
1,1,0.9558677
1,1,0.9558677
1,1,0.9558677
1,1,0.9558677
1,1,0.95208687
1,1,0.9558677
1,1,0.9558677
1,1,0.9558677
1,1,0.94345254
1,1,0.9558677
1,1,0.9558677
1,1,0.9558565
1,1,0.9558677
1,1,0.9558677
1,1,0.955853
1,1,0.95266414
1,1,0.9558677
1,1,0.9558677
1,1,0.9558677
1,1,0.95547116
1,1,0.9558677
1,1,0.9558677
1,1,0.9558677
1,1,0.9558677
1,1,0.9558677
1,1,0.9558677
1,1,0.9558677
1,1,0.9274362
0,1,0.94507325
1,1,0.92258626
1,1,0.9558677
1,1,0.9522089
1,1,0.9558677
1,1,0.9558677
1,1,0.955853
1,1,0.9558677
1,1,0.9558677
1,1,0.9558677
1,1,0.9558677
1,1,0.95534444
1,1,0.9558677
1,1,0.94536346
1,1,0.9558677
1,1,0.9558677
1,1,0.9558677
1,1,0.9558677
1,1,0.95208687
1,1,0.9521121
1,1,0.9558677
1,1,0.9558677
1,1,0.9558677
1,1,0.9558677
1,1,0.95208687
1,1,0.9558677
1,1,0.9558677
1,1,0.9558677
1,1,0.95161563
1,1,0.9558677
1,1,0.9558677
1,1,0.9558677
1,1,0.9558677
1,1,0.95576024
1,1,0.9558677
1,1,0.9558677
1,1,0.9558677
1,1,0.9455773
1,1,0.9558565
1,1,0.9558677
1,1,0.9558677
1,1,0.9558677
1,1,0.9558677
1,1,0.9555833
1,1,0.9558677
1,1,0.9558677
1,1,0.9553885
1,1,0.9558677
1,1,0.9558677
1,1,0.9558677
1,1,0.95209605
1,1,0.9558677
1,1,0.9558677
1,1,0.9558677
1,1,0.9558677
1,1,0.9558677
1,1,0.9558677
1,1,0.95107293
1,1,0.9558677
1,1,0.9558677
1,1,0.9558677
1,1,0.9558677
1,1,0.9558677
1,1,0.9558677
1,1,0.95208687
1,1,0.9558677
1,1,0.9558677
0,1,0.9044963
1,1,0.9558677
1,1,0.9558677
1,1,0.95487374
1,1,0.9558677
1,1,0.9521121
1,1,0.9558677
1,1,0.95487374
1,1,0.9445379
1,1,0.95209605
1,1,0.9558677
1,1,0.9558677
1,1,0.9558677
1,1,0.9558677
1,1,0.9558677
1,1,0.9558677
1,1,0.9558677
1,1,0.9558677
1,1,0.9522089
1,1,0.9558677
1,1,0.95208687
1,1,0.9558677
1,1,0.9558677
1,1,0.9558677
1,1,0.9558677
1,1,0.9558677
1,1,0.9558677
1,1,0.9558677
1,1,0.9558677
1,1,0.9558677
1,1,0.9558677
1,1,0.9558677
1,1,0.95487374
1,1,0.9558677
1,1,0.95209605
1,1,0.9558677
1,1,0.9558677
1,1,0.9558677
1,1,0.95570165
1,1,0.9558677
1,1,0.9558677
1,1,0.9558677
1,1,0.9455773
1,1,0.9558677
1,1,0.9558677
1,1,0.9558677
1,1,0.9558677
1,1,0.9521121
1,1,0.9558677
0,1,0.9399606
1,1,0.9558677
1,1,0.9558677
1,1,0.955723
1,1,0.9558677
1,1,0.9558677
1,1,0.9558565
1,1,0.9558677
1,1,0.9558677
1,1,0.9558677
1,1,0.9558677
1,1,0.9558677
1,1,0.9556644
1,1,0.9558677
1,1,0.9558677
1,1,0.9558677
1,1,0.9558677
1,1,0.9558677
1,1,0.9558677
1,1,0.9558677
1,1,0.9558677
1,1,0.9558677
1,1,0.9558677
1,1,0.9558677
1,1,0.9558677
1,1,0.9558677
1,1,0.955853
1,1,0.9558677
1,1,0.9558677
1,1,0.9540408
1,1,0.9558677
1,1,0.9558677
1,1,0.9558677
1,1,0.9558677
1,1,0.9555738
1,1,0.9558677
1,1,0.955723
1,1,0.9558677
1,1,0.9558677
1,1,0.95208687
1,1,0.9558677
1,1,0.9558677
1,1,0.9558677
1,1,0.9558677
1,1,0.9558677
1,1,0.9558677
1,1,0.9558677
1,1,0.9527517
1,1,0.9558677
1,1,0.9558677
1,1,0.9558677
1,1,0.9558677
1,1,0.9558677
1,1,0.9558677
1,1,0.9558677
1,1,0.9558677
1,1,0.9558677
1,1,0.9558677
1,1,0.9558677
1,1,0.9558677
1,1,0.9558677
1,1,0.95487374
1,1,0.9558677
1,1,0.9558677
1,1,0.9558677
1,1,0.9558677
1,1,0.9558677
1,1,0.9557156
1,1,0.95208687
1,1,0.9558677
1,1,0.9558677
1,1,0.9558677
1,1,0.9558677
1,1,0.9558677
1,1,0.9558677
1,1,0.9558677
1,1,0.9558677
1,1,0.9558677
1,1,0.9558677
1,1,0.9558677
1,1,0.9558677
1,1,0.9558677
1,1,0.9558677
1,1,0.9558677
1,1,0.9558677
1,1,0.9558677
1,1,0.9558677
1,1,0.9557567
1,1,0.95581937
1,1,0.9558677
1,1,0.9558677
1,1,0.9558677
1,1,0.94507325
1,1,0.9558677
1,1,0.953295
1,1,0.9558677
1,1,0.9558677
1,1,0.9558677
1,1,0.9558677
1,1,0.955782
1,1,0.9522089
1,1,0.95346653
1,1,0.9558677
1,1,0.95581937
1,1,0.9558677
1,1,0.9558677
1,1,0.9558677
1,1,0.9558677
1,1,0.9558565
1,1,0.9558677
1,1,0.9555833
1,1,0.9558677
1,1,0.9558677
1,1,0.9558677
1,1,0.9558677
1,1,0.9558677
1,1,0.9558677
1,1,0.95208687
1,1,0.9558677
1,1,0.9558677
1,1,0.95208687
1,1,0.9558677
1,1,0.9558677
1,1,0.9558677
1,1,0.9558677
1,1,0.9558677
1,1,0.9558677
1,1,0.9558677
0,1,0.9044963
1,1,0.9558677
1,1,0.9558677
1,1,0.92726374
1,1,0.9558677
1,1,0.95208687
1,1,0.9558677
1,1,0.9556792
1,1,0.9558677
1,1,0.9558677
1,1,0.9558677
1,1,0.9558677
1,1,0.9558677
1,1,0.9093274
1,1,0.9558677
1,1,0.9089315
1,1,0.9558677
1,1,0.955853
1,1,0.95208687
1,1,0.9558677
1,1,0.9558677
1,1,0.9558677
1,1,0.9558677
1,1,0.9558677
1,1,0.9558677
1,1,0.9558677
1,1,0.9558677
1,1,0.9558677
1,1,0.9558677
1,1,0.9558677
1,1,0.95192236
1,1,0.9558677
1,1,0.9558565
1,1,0.9558677
1,1,0.9503867
1,1,0.9558677
1,1,0.9558677
1,1,0.9558677
1,1,0.9558677
1,1,0.9558677
1,1,0.95487374
1,1,0.9558677
1,1,0.9558677
1,1,0.95487374
1,1,0.9558677
1,1,0.9558677
1,1,0.9558677
1,1,0.9558677
1,1,0.9558677
1,1,0.9558677
1,1,0.9558677
1,1,0.9557567
1,1,0.9558677
1,1,0.9558677
1,1,0.9558677
1,1,0.9558677
1,1,0.9558677
1,1,0.9558677
1,1,0.9558677
1,1,0.9558677
1,1,0.9503867
1,1,0.9558677
1,1,0.94392514
1,1,0.9558677
1,1,0.9558677
1,1,0.9558677
1,1,0.9558677
1,1,0.9558677
1,1,0.9558119
1,1,0.9558677
1,1,0.948673
1,1,0.9511847
1,1,0.9558677
1,1,0.9558677
1,1,0.9558677
1,1,0.9558677
1,1,0.9558677
1,1,0.9558677
1,1,0.9558677
1,1,0.9558677
1,1,0.9558677
1,1,0.9558677
1,1,0.929159
1,1,0.9558677
1,1,0.9522089
1,1,0.9558677
1,1,0.9558677
1,1,0.9558677
1,1,0.95208687
1,1,0.9465812
1,1,0.95576024
1,1,0.9558677
1,1,0.9558677
1,1,0.9558677
1,1,0.9558565
1,1,0.95209605
1,1,0.9558677
1,1,0.94507325
1,1,0.9558677
1,1,0.9558677
1,1,0.9537488
1,1,0.95208687
1,1,0.9558677
1,1,0.9558677
1,1,0.9558677
1,1,0.9558677
1,1,0.9558677
1,1,0.955853
1,1,0.95208687
1,1,0.9558677
1,1,0.9558677
1,1,0.95487374
1,1,0.9558677
1,1,0.9558677
1,1,0.9558677
1,1,0.95161563
1,1,0.9558677
1,1,0.9445379
1,1,0.9558677
1,1,0.9558677
1,1,0.95576024
1,1,0.95581937
1,1,0.9558677
1,1,0.9558677
1,1,0.9558677
1,1,0.94542867
1,1,0.95487374
1,1,0.9558677
1,1,0.9558677
1,1,0.9558677
1,1,0.9558677
1,1,0.9558677
1,1,0.9558677
1,1,0.9558677
1,1,0.95345104
1,1,0.9558677
1,1,0.9558677
1,1,0.95208687
1,1,0.9558677
0,1,0.9089315
1,1,0.9558677
1,1,0.9558677
1,1,0.9558677
1,1,0.9558677
1,1,0.95487374
1,1,0.9558677
1,1,0.9517942
1,1,0.9558677
1,1,0.9558677
1,1,0.9544304
1,1,0.9558677
1,1,0.9558677
1,1,0.9558677
1,1,0.95209605
1,1,0.9558677
1,1,0.9558677
1,1,0.9558677
1,1,0.9558677
1,1,0.9558677
1,1,0.9558677
1,1,0.9558677
1,1,0.9558677
1,1,0.9558677
1,1,0.9558677
1,1,0.9558677
1,1,0.9558677
1,1,0.9558677
1,1,0.9558677
0,1,0.95277125
1,1,0.9558677
1,1,0.9558677
1,1,0.95581937
1,1,0.9558677
1,1,0.9558677
1,1,0.9558677
1,1,0.9558677
0,1,0.95487374
1,1,0.9558677
1,1,0.9558677
1,1,0.9522089
1,1,0.9558677
1,1,0.9558677
1,1,0.9558677
1,1,0.9558677
1,1,0.94345254
0,1,0.94562423
1,1,0.9558677
1,1,0.9558677
1,1,0.95568126
1,1,0.9558677
1,1,0.9558677
1,1,0.9558677
1,1,0.9558677
1,1,0.9558677
1,1,0.9544304
1,1,0.9558677
1,1,0.95186996
1,1,0.9558677
1,1,0.9558677
1,1,0.9558677
1,1,0.95576024
1,1,0.95252913
1,1,0.9558677
1,1,0.9558677
1,1,0.9558677
1,1,0.9558677
1,1,0.95487374
1,1,0.9558677
1,1,0.9558677
1,1,0.9558677
1,1,0.9558677
1,1,0.9558677
1,1,0.9558677
1,1,0.9556644
1,1,0.94417703
1,1,0.9558677
1,1,0.9089315
1,1,0.953295
1,1,0.9558677
1,1,0.9558677
1,1,0.9558677
1,1,0.9558677
1,1,0.9558677
1,1,0.95487374
1,1,0.9558677
1,1,0.9558677
1,1,0.9558677
1,1,0.9558677
1,1,0.9558565
1,1,0.9558677
1,1,0.9558677
1,1,0.955853
1,1,0.9558677
1,1,0.9558677
1,1,0.9558677
1,1,0.95209605
1,1,0.95487374
1,1,0.955723
1,1,0.9558677
1,1,0.9558677
1,1,0.9558677
1,1,0.9558677
1,1,0.9558677
1,1,0.9558677
1,1,0.9487549
1,1,0.94417703
1,1,0.9558677
1,1,0.9558677
1,1,0.94417703
1,1,0.9558677
1,1,0.9558677
1,1,0.9558677
1,1,0.9517942
1,1,0.9558677
1,1,0.95570165
1,1,0.9558677
1,1,0.9558677
1,1,0.9558119
1,1,0.9558677
1,1,0.9558677
1,1,0.9558677
1,1,0.9558677
1,1,0.9558677
1,1,0.95208687
1,1,0.9558677
1,1,0.9558677
1,1,0.9558677
1,1,0.9558677
1,1,0.9558677
1,1,0.9558677
1,1,0.9558677
1,1,0.9558677
1,1,0.9558677
1,1,0.9558677
1,1,0.9558677
1,1,0.9558565
1,1,0.9558677
1,1,0.9522089
1,1,0.9558677
0,1,0.9236463
1,1,0.9558677
1,1,0.9558677
1,1,0.95209605
1,1,0.9558677
1,1,0.95208687
1,1,0.9558677
1,1,0.9558677
1,1,0.9522089
1,1,0.9558677
1,1,0.9558677
1,1,0.95208687
1,1,0.9558677
1,1,0.9558677
1,1,0.9558677
1,1,0.94583887
1,1,0.955853
1,1,0.9558677
1,1,0.9558677
1,1,0.9558677
1,1,0.9558677
1,1,0.9558677
1,1,0.9558677
1,1,0.9558677
1,1,0.9558677
1,1,0.9558677
1,1,0.95487374
1,1,0.955853
1,1,0.9558677
1,1,0.9558306
1,1,0.9558677
1,1,0.9558677
1,1,0.9558677
1,1,0.95487374
1,1,0.95209605
1,1,0.9558677
1,1,0.9558677
1,1,0.95581937
1,1,0.9558677
1,1,0.9558677
1,1,0.953295
1,1,0.9558677
1,1,0.9465812
1,1,0.9558677
1,1,0.9558677
1,1,0.9558677
1,1,0.9558677
1,1,0.9558677
1,1,0.9558677
1,1,0.9558677
1,1,0.9558677
1,1,0.94417703
1,1,0.95581937
1,1,0.9558677
1,1,0.9558677
1,1,0.95568866
1,1,0.9558677
1,1,0.9558677
1,1,0.9558677
1,1,0.9558677
1,1,0.9558677
1,1,0.9558677
1,1,0.9558677
1,1,0.9558677
1,1,0.9558677
1,1,0.9558677
1,1,0.9558677
1,1,0.9521121
1,1,0.9558677
1,1,0.9558677
1,1,0.9558677
1,1,0.9558677
1,1,0.9558677
1,1,0.9558677
1,1,0.9558677
1,1,0.9558677
1,1,0.95576024
1,1,0.95208687
1,1,0.9558677
1,1,0.9558677
1,1,0.94345254
1,1,0.9558677
1,1,0.9558677
1,1,0.9558677
1,1,0.9558677
1,1,0.9558677
1,1,0.9525243
1,1,0.9558677
1,1,0.9558677
1,1,0.9558677
1,1,0.9558677
1,1,0.9558677
1,1,0.9558677
1,1,0.9558677
1,1,0.9558677
1,1,0.9558677
1,1,0.95208687
1,1,0.9558677
1,1,0.9558677
1,1,0.9558677
1,1,0.9558677
1,1,0.9558677
1,1,0.9558677
1,1,0.9558677
1,1,0.95576024
1,1,0.9558677
1,1,0.95576024
1,1,0.9558677
1,1,0.9558677
1,1,0.9474922
1,1,0.9558677
1,1,0.9558677
1,1,0.95487374
1,1,0.9399606
1,1,0.9558677
1,1,0.9558677
1,1,0.9558677
1,1,0.9558677
1,1,0.9558677
1,1,0.9558677
1,1,0.955853
1,1,0.9558677
1,1,0.9558677
1,1,0.9558677
0,1,0.9091431
1,1,0.9558677
1,1,0.9558677
1,1,0.9558677
1,1,0.9558677
1,1,0.9558677
1,1,0.9556176
1,1,0.9558677
1,1,0.9558677
1,1,0.9558677
1,1,0.9558677
1,1,0.9558677
1,1,0.9558677
1,1,0.94417703
1,1,0.9558677
1,1,0.9558677
1,1,0.9558677
1,1,0.9455773
1,1,0.9558677
1,1,0.9558677
1,1,0.953295
1,1,0.95487374
1,1,0.9558677
1,1,0.9558677
1,1,0.9558677
1,1,0.9558677
1,1,0.9435198
1,1,0.9458209
1,1,0.9558677
1,1,0.9558677
1,1,0.9558677
1,1,0.9558677
1,1,0.9558677
1,1,0.9558677
1,1,0.9558677
1,1,0.9558677
1,1,0.9522089
1,1,0.9558677
1,1,0.9558677
1,1,0.9558677
1,1,0.9558677
1,1,0.9558677
1,1,0.9558677
1,1,0.9558677
1,1,0.9558677
1,1,0.9558677
1,1,0.9558677
1,1,0.9558677
1,1,0.95487374
1,1,0.9558677
1,1,0.9558677
1,1,0.9558677
1,1,0.9558677
1,1,0.9558677
1,1,0.9558677
1,1,0.9465812
1,1,0.9558677
1,1,0.9503363
1,1,0.9558677
1,1,0.9558565
1,1,0.9558677
1,1,0.929159
1,1,0.9558677
1,1,0.9558677
1,1,0.9522089
1,1,0.9558677
1,1,0.9558677
1,1,0.9558677
1,1,0.9556792
1,1,0.9558565
1,1,0.94562423
1,1,0.9558677
1,1,0.94562423
1,1,0.9558677
1,1,0.9558677
1,1,0.9558677
1,1,0.9558677
1,1,0.95487374
1,1,0.92755467
1,1,0.9558677
1,1,0.9558565
1,1,0.9558677
1,1,0.9558677
1,1,0.95487374
1,1,0.9558677
1,1,0.9558677
1,1,0.9558677
1,1,0.95208687
1,1,0.9558677
1,1,0.95248514
1,1,0.94392514
1,1,0.9513575
1,1,0.9558677
1,1,0.9558677
1,1,0.94417703
1,1,0.9558677
1,1,0.9558677
1,1,0.9521121
1,1,0.9558677
1,1,0.9533406
1,1,0.9558677
1,1,0.9558677
1,1,0.9558677
1,1,0.94350123
1,1,0.9558677
1,1,0.9558677
1,1,0.95576024
1,1,0.955853
1,1,0.9558677
1,1,0.9558677
1,1,0.95487374
1,1,0.9236463
1,1,0.95581937
1,1,0.9558677
1,1,0.9558677
1,1,0.9558677
1,1,0.9558677
1,1,0.9558677
1,1,0.95581937
1,1,0.9558677
1,1,0.9558677
1,1,0.93322486
1,1,0.9558677
1,1,0.9558677
1,1,0.9558677
1,1,0.9558677
1,1,0.9558677
1,1,0.9558677
1,1,0.95067436
1,1,0.9558677
1,1,0.9522089
1,1,0.9558677
1,1,0.9558677
1,1,0.9558677
1,1,0.9558677
1,1,0.9558677
1,1,0.9558677
1,1,0.9558677
1,1,0.9558677
1,1,0.9558677
1,1,0.9558677
1,1,0.9558565
1,1,0.94680786
1,1,0.9522089
1,1,0.9558677
1,1,0.9556176
1,1,0.9558677
1,1,0.9558677
1,1,0.9558677
1,1,0.9558677
1,1,0.9558677
1,1,0.9558677
1,1,0.9558677
1,1,0.95556813
1,1,0.9558677
1,1,0.9445379
1,1,0.95208687
1,1,0.9558677
1,1,0.9558677
1,1,0.9558677
1,1,0.9558677
1,1,0.9558677
1,1,0.9558677
1,1,0.9558677
1,1,0.9558677
1,1,0.9558677
1,1,0.9558677
1,1,0.9558677
1,1,0.9558677
1,1,0.9522089
1,1,0.95209605
1,1,0.95208687
1,1,0.9558677
1,1,0.9558677
1,1,0.95487374
1,1,0.9558677
1,1,0.9558677
1,1,0.95208687
1,1,0.95581937
1,1,0.9558677
1,1,0.9558677
1,1,0.95208687
1,1,0.9558677
1,1,0.9558677
1,1,0.9558677
1,1,0.9558677
1,1,0.9558677
1,1,0.9558677
1,1,0.9558677
1,1,0.9558677
1,1,0.9558677
1,1,0.9558677
1,1,0.9236463
1,1,0.9558677
1,1,0.9558677
1,1,0.9558677
1,1,0.9558677
1,1,0.9558677
1,1,0.94562423
1,1,0.9320103
1,1,0.9558677
1,1,0.9558677
1,1,0.9558565
1,1,0.95487374
1,1,0.9558677
1,1,0.9558677
1,1,0.9558677
1,1,0.9558677
1,1,0.9558677
1,1,0.95487374
1,1,0.9558565
1,1,0.9558677
1,1,0.95208687
1,1,0.9558677
1,1,0.9558677
1,1,0.9558677
1,1,0.95208687
0,1,0.9236463
1,1,0.9558677
1,1,0.9558677
1,1,0.9558677
1,1,0.9558565
1,1,0.9558677
1,1,0.9558677
1,1,0.9558677
1,1,0.9558677
1,1,0.9558677
1,1,0.9558677
1,1,0.9558677
1,1,0.9558677
1,1,0.9558677
1,1,0.9558565
1,1,0.9558565
1,1,0.95208687
0,1,0.9455773
1,1,0.9558677
1,1,0.95208687
1,1,0.9539357
1,1,0.9558677
1,1,0.95208687
1,1,0.9558677
1,1,0.9558677
1,1,0.9455773
1,1,0.9558677
1,1,0.9558565
1,1,0.9558677
1,1,0.9558677
1,1,0.9558677
1,1,0.9558677
1,1,0.9558677
1,1,0.9558677
1,1,0.9558677
1,1,0.9512604
1,1,0.9558677
1,1,0.9558677
1,1,0.9558677
1,1,0.9558677
1,1,0.95208687
1,1,0.9558306
1,1,0.9556792
1,1,0.95208687
1,1,0.9522089
1,1,0.9558677
1,1,0.9558677
1,1,0.9558677
1,1,0.9558677
1,1,0.9558677
1,1,0.955853
1,1,0.9558677
1,1,0.95581937
1,1,0.9558677
1,1,0.9558677
1,1,0.9558677
1,1,0.9558677
1,1,0.9558677
1,1,0.9558677
1,1,0.95487374
1,1,0.9558677
1,1,0.9558677
1,1,0.94562423
1,1,0.9558677
1,1,0.9558677
1,1,0.9558677
0,1,0.9455773
1,1,0.9558677
1,1,0.955723
1,1,0.9558565
1,1,0.9558677
1,1,0.9558677
1,1,0.9558677
1,1,0.9558677
1,1,0.9544304
1,1,0.9558677
1,1,0.9558677
1,1,0.9558677
1,1,0.9558565
1,1,0.9558677
1,1,0.9558677
1,1,0.9557259
1,1,0.9558677
1,1,0.9558677
1,1,0.9558677
1,1,0.9558677
1,1,0.9558677
1,1,0.9558677
1,1,0.95487374
1,1,0.9445379
1,1,0.94507325
1,1,0.9558677
1,1,0.9558677
1,1,0.9558677
1,1,0.94562423
1,1,0.9558677
1,1,0.9558677
1,1,0.9558677
1,1,0.9558677
1,1,0.9558677
1,1,0.9558677
1,1,0.95208687
1,1,0.9558677
1,1,0.9558677
1,1,0.9558677
1,1,0.9558677
1,1,0.9558677
1,1,0.95570165
1,1,0.9558677
1,1,0.955853
1,1,0.929159
1,1,0.9558677
1,1,0.94507325
1,1,0.9558677
1,1,0.9558677
1,1,0.9558677
1,1,0.9558677
1,1,0.9558677
1,1,0.9558677
1,1,0.9558677
1,1,0.9558677
1,1,0.9558677
1,1,0.9558677
1,1,0.95576024
1,1,0.9558677
1,1,0.9558677
1,1,0.9558677
1,1,0.9558677
1,1,0.95487374
1,1,0.95576024
1,1,0.9558677
1,1,0.9558677
1,1,0.9558677
1,1,0.9558677
1,1,0.9558677
1,1,0.9558677
1,1,0.9558677
1,1,0.9558677
1,1,0.9558677
1,1,0.9558677
1,1,0.9558677
1,1,0.9558677
1,1,0.9558677
1,1,0.9558677
1,1,0.9558677
1,1,0.9558677
1,1,0.9558677
1,1,0.9558677
1,1,0.9558677
1,1,0.95208687
1,1,0.955853
1,1,0.9558677
1,1,0.9558677
1,1,0.94562423
1,1,0.9557111
1,1,0.94407046
1,1,0.95208687
1,1,0.9558677
1,1,0.9399606
1,1,0.9558677
1,1,0.9558677
1,1,0.9320103
1,1,0.9558677
1,1,0.9555738
1,1,0.9558677
1,1,0.9558677
1,1,0.9558677
1,1,0.9558677
1,1,0.9558677
1,1,0.9558677
1,1,0.9558677
1,1,0.9558677
1,1,0.95570165
1,1,0.9558677
1,1,0.9558677
1,1,0.9558677
1,1,0.9558677
1,1,0.9558677
1,1,0.9558677
1,1,0.9558677
1,1,0.94365245
1,1,0.9408494
1,1,0.9558677
1,1,0.9558677
1,1,0.9558677
1,1,0.95208687
1,1,0.9558677
1,1,0.9558677
1,1,0.9558677
1,1,0.9445379
1,1,0.9558677
1,1,0.9558677
1,1,0.9558677
1,1,0.9558677
1,1,0.9558677
1,1,0.9522089
1,1,0.9558677
1,1,0.94392514
1,1,0.9558677
1,1,0.9558677
1,1,0.9558677
1,1,0.9558677
1,1,0.9537488
1,1,0.9558565
1,1,0.9558677
1,1,0.9558677
1,1,0.9558677
1,1,0.9558565
0,1,0.9091431
1,1,0.9558677
1,1,0.9558677
1,1,0.9558677
1,1,0.9558677
1,1,0.9558677
1,1,0.9558677
1,1,0.9558677
1,1,0.9558677
1,1,0.95208687
1,1,0.9558677
1,1,0.9558677
1,1,0.9558677
1,1,0.9558677
1,1,0.9558677
1,1,0.9558677
1,1,0.9558677
1,1,0.9558677
1,1,0.9558677
1,1,0.9558677
1,1,0.9558677
1,1,0.9558677
1,1,0.9558677
1,1,0.9558677
1,1,0.9558677
1,1,0.9558677
1,1,0.9558677
1,1,0.9558677
1,1,0.9539357
1,1,0.9558677
1,1,0.9558677
1,1,0.9558677
1,1,0.9558677
1,1,0.9555738
1,1,0.9558677
1,1,0.9558677
1,1,0.9558677
1,1,0.9558677
1,1,0.9558677
1,1,0.9558677
1,1,0.9558677
1,1,0.9558677
1,1,0.9558677
1,1,0.9558677
1,1,0.9558677
1,1,0.9558677
1,1,0.9558677
1,1,0.9558677
1,1,0.95576024
1,1,0.9558677
1,1,0.9558677
1,1,0.9558565
1,1,0.955782
1,1,0.9558677
1,1,0.9558677
1,1,0.9558677
1,1,0.9558677
1,1,0.9558677
1,1,0.9558677
1,1,0.9558677
1,1,0.9558677
1,1,0.9558677
1,1,0.9558677
1,1,0.9558677
1,1,0.9558677
1,1,0.955853
1,1,0.9558677
1,1,0.9558677
0,1,0.94507325
1,1,0.9558677
1,1,0.9558677
1,1,0.9527674
1,1,0.9558677
1,1,0.95487374
1,1,0.9558677
1,1,0.9558677
1,1,0.9558677
1,1,0.9522089
1,1,0.9558677
1,1,0.9558677
1,1,0.9558677
1,1,0.9558677
1,1,0.9558677
1,1,0.9558306
1,1,0.9558677
1,1,0.9558677
1,1,0.9558677
1,1,0.9557454
1,1,0.9558677
1,1,0.9558677
1,1,0.9558677
1,1,0.9558677
1,1,0.9558677
1,1,0.9558677
1,1,0.955853
1,1,0.95208687
1,1,0.9558677
1,1,0.95487374
1,1,0.9558677
1,1,0.9558119
1,1,0.9558677
1,1,0.95576024
1,1,0.9558677
1,1,0.9555833
1,1,0.9558677
1,1,0.9558677
1,1,0.9558677
1,1,0.95487374
1,1,0.9525243
1,1,0.9558677
1,1,0.9558677
1,1,0.9558677
1,1,0.9558677
1,1,0.95198876
1,1,0.9558677
1,1,0.9558677
1,1,0.94562423
1,1,0.9544304
1,1,0.95570165
1,1,0.9558677
1,1,0.93322486
1,1,0.9558677
1,1,0.9558677
1,1,0.9558677
1,1,0.9558677
1,1,0.9558677
1,1,0.9558677
1,1,0.9558677
1,1,0.955853
1,1,0.9558677
1,1,0.9558677
1,1,0.9558677
1,1,0.9558677
1,1,0.9558677
1,1,0.9558677
1,1,0.94392514
1,1,0.9558677
1,1,0.9558677
1,1,0.9558565
1,1,0.9558677
1,1,0.9558677
1,1,0.9558677
1,1,0.9558677
1,1,0.95208687
1,1,0.9558677
1,1,0.9558677
1,1,0.9558677
1,1,0.95576024
1,1,0.9558677
1,1,0.9558677
1,1,0.9527517
1,1,0.9558677
1,1,0.9558677
1,1,0.9558677
1,1,0.929159
1,1,0.9558677
1,1,0.9558677
1,1,0.9558677
1,1,0.9503363
1,1,0.9558677
1,1,0.9558677
1,1,0.9558677
1,1,0.9558677
1,1,0.9503867
1,1,0.9558677
1,1,0.9558677
1,1,0.9558677
1,1,0.9558677
1,1,0.9558677
1,1,0.9558677
1,1,0.9558677
1,1,0.9558677
1,1,0.9558677
1,1,0.9558677
1,1,0.95581937
1,1,0.9558677
1,1,0.9558677
1,1,0.9558677
1,1,0.955853
1,1,0.9558565
1,1,0.95209605
1,1,0.9558677
1,1,0.9558677
1,1,0.9558677
1,1,0.95487374
1,1,0.95487374
1,1,0.9558677
1,1,0.9558677
1,1,0.95061713
1,1,0.9558677
1,1,0.9558677
0,1,0.953295
1,1,0.9558677
1,1,0.9558677
1,1,0.955853
1,1,0.9558677
1,1,0.9558677
1,1,0.9365686
1,1,0.9558677
1,1,0.9522531
1,1,0.9558677
1,1,0.95487374
1,1,0.9558677
1,1,0.95571643
1,1,0.95208687
1,1,0.9558677
1,1,0.9521121
1,1,0.95477736
1,1,0.9558677
1,1,0.95209605
1,1,0.9555833
1,1,0.9558677
1,1,0.95208687
1,1,0.9557567
1,1,0.94417703
1,1,0.9236463
1,1,0.9558677
1,1,0.9558677
1,1,0.9558677
1,1,0.9558677
1,1,0.9558677
1,1,0.9558677
1,1,0.9558677
1,1,0.9558677
1,1,0.95208687
1,1,0.9558677
1,1,0.9558677
1,1,0.9558677
1,1,0.94417703
1,1,0.9558677
1,1,0.9558677
1,1,0.9558677
1,1,0.9558677
1,1,0.9558677
1,1,0.9558677
1,1,0.9558677
1,1,0.94417703
1,1,0.9542215
1,1,0.9558677
1,1,0.9558677
1,1,0.9558677
1,1,0.9458209
1,1,0.9558677
1,1,0.9558677
1,1,0.95208687
1,1,0.9558677
1,1,0.9558677
1,1,0.9558677
0,1,0.94417703
1,1,0.9558677
1,1,0.9521121
1,1,0.9558677
1,1,0.9558677
1,1,0.9558677
1,1,0.95534444
1,1,0.9558677
1,1,0.9558677
1,1,0.9558677
1,1,0.9558677
1,1,0.9558119
1,1,0.9558677
1,1,0.9558677
1,1,0.9558677
1,1,0.9558677
1,1,0.9558677
1,1,0.9557143
1,1,0.9558677
1,1,0.9558677
1,1,0.9558677
1,1,0.95272505
1,1,0.95487374
1,1,0.9558677
1,1,0.9558677
1,1,0.94507325
1,1,0.9558677
1,1,0.9558677
1,1,0.9558677
1,1,0.95571643
1,1,0.9558677
1,1,0.9558677
1,1,0.9558677
1,1,0.9558677
1,1,0.9558677
1,1,0.95208687
1,1,0.9558677
1,1,0.9558677
1,1,0.9558677
1,1,0.95581937
1,1,0.9558677
1,1,0.9558677
1,1,0.9558677
1,1,0.9558677
1,1,0.9558677
1,1,0.9558677
1,1,0.9558677
1,1,0.9558677
1,1,0.9558677
1,1,0.9556792
1,1,0.9558677
1,1,0.9558677
1,1,0.9558677
1,1,0.9558677
1,1,0.9558677
1,1,0.9558677
1,1,0.9558677
1,1,0.9558677
1,1,0.9558677
1,1,0.9558677
1,1,0.9558677
1,1,0.95534444
1,1,0.9044963
1,1,0.9558677
1,1,0.9558677
1,1,0.95487374
1,1,0.9522089
1,1,0.95058185
1,1,0.9558677
1,1,0.9557567
1,1,0.9558677
1,1,0.9558677
1,1,0.9558677
1,1,0.9558677
1,1,0.9558677
1,1,0.9558677
1,1,0.9558677
1,1,0.9558677
1,1,0.9558677
1,1,0.9558677
1,1,0.94507325
1,1,0.9558677
1,1,0.9558677
1,1,0.9558677
1,1,0.9558677
1,1,0.9558677
1,1,0.955853
1,1,0.95487374
1,1,0.9558677
1,1,0.9558677
1,1,0.95570165
1,1,0.9558677
1,1,0.9558677
1,1,0.9458209
1,1,0.9558677
1,1,0.9558677
1,1,0.9558677
1,1,0.9558677
1,1,0.9558677
1,1,0.95209605
1,1,0.9558677
1,1,0.9558677
1,1,0.95581937
1,1,0.9558677
1,1,0.9558677
1,1,0.9558677
1,1,0.9089315
1,1,0.9558677
1,1,0.9558677
1,1,0.9558677
1,1,0.9558565
1,1,0.9558677
1,1,0.9558677
1,1,0.95487374
1,1,0.9558677
1,1,0.9558677
1,1,0.9558677
1,1,0.9558677
1,1,0.9558677
1,1,0.9558677
1,1,0.9558677
1,1,0.9455773
1,1,0.9558677
1,1,0.9558677
1,1,0.9558677
1,1,0.9555738
1,1,0.9558677
1,1,0.9558677
1,1,0.9558677
1,1,0.9558677
1,1,0.9558677
1,1,0.9558677
1,1,0.9558677
1,1,0.9558677
1,1,0.9558677
1,1,0.95208687
1,1,0.9558677
1,1,0.95346653
1,1,0.9558677
1,1,0.9558677
1,1,0.9558565
1,1,0.9558677
1,1,0.9558677
1,1,0.9558677
1,1,0.9558677
1,1,0.9558677
1,1,0.9522089
1,1,0.9558677
1,1,0.9558677
1,1,0.9558677
1,1,0.9521121
1,1,0.9558677
1,1,0.9558677
1,1,0.95487374
1,1,0.95487374
1,1,0.9558677
1,1,0.9558677
1,1,0.95566046
0,1,0.9089315
1,1,0.9558677
1,1,0.9558677
1,1,0.9537488
1,1,0.9558677
1,1,0.9558677
1,1,0.9558677
1,1,0.9558677
1,1,0.9558677
1,1,0.9558677
0,1,0.9555738
1,1,0.9558677
1,1,0.9558677
1,1,0.9558677
1,1,0.94350123
1,1,0.95208687
1,1,0.9558677
1,1,0.9558677
1,1,0.9558677
1,1,0.9558677
1,1,0.9558677
1,1,0.9558677
1,1,0.9558677
1,1,0.9558677
1,1,0.9558677
1,1,0.9558677
1,1,0.9558677
1,1,0.9558677
1,1,0.9558677
1,1,0.94562423
1,1,0.95581937
1,1,0.9558677
1,1,0.9558677
1,1,0.955782
1,1,0.9558677
1,1,0.9558677
1,1,0.9558677
1,1,0.9558677
1,1,0.9558677
1,1,0.95209605
1,1,0.9558565
1,1,0.9558677
1,1,0.9558677
1,1,0.9558677
1,1,0.9558677
1,1,0.9558677
1,1,0.9466237
1,1,0.9558677
1,1,0.95487374
1,1,0.9503363
1,1,0.9558677
1,1,0.9558677
1,1,0.9558677
1,1,0.95487374
1,1,0.9558677
1,1,0.9558677
1,1,0.95581937
1,1,0.9558677
1,1,0.95208687
1,1,0.955853
1,1,0.9558677
1,1,0.9558677
1,1,0.9558677
1,1,0.95208687
1,1,0.9558677
1,1,0.9558677
1,1,0.9558677
1,1,0.95487374
1,1,0.9558677
1,1,0.9558677
1,1,0.9558677
1,1,0.9558677
1,1,0.9558677
1,1,0.9558677
1,1,0.9558677
1,1,0.9558677
1,1,0.9558677
1,1,0.9558677
1,1,0.9558677
1,1,0.9558677
1,1,0.9408924
1,1,0.9558677
1,1,0.9558677
1,1,0.9558677
1,1,0.9558677
1,1,0.95547116
1,1,0.9558677
1,1,0.9558677
1,1,0.9558677
1,1,0.95285934
1,1,0.9458209
1,1,0.95209605
1,1,0.9558677
1,1,0.95274955
1,1,0.95487374
1,1,0.9558677
1,1,0.9558677
1,1,0.9522089
1,1,0.9558677
1,1,0.9558677
0,1,0.92726374
1,1,0.9558677
1,1,0.9521121
1,1,0.9557454
1,1,0.9558677
1,1,0.95487374
1,1,0.9558677
1,1,0.9558677
1,1,0.95208687
1,1,0.9558677
1,1,0.9557111
1,1,0.9558677
1,1,0.9558677
1,1,0.9558677
1,1,0.9506345
1,1,0.9558677
1,1,0.9558677
1,1,0.9558677
1,1,0.947672
1,1,0.9558677
1,1,0.9558677
1,1,0.9558677
1,1,0.9558677
1,1,0.9558677
1,1,0.94592965
1,1,0.9558677
1,1,0.9522089
1,1,0.9558677
1,1,0.9558677
1,1,0.9558677
1,1,0.9558677
1,1,0.9558677
1,1,0.9558677
1,1,0.9558677
1,1,0.95279574
1,1,0.9558677
1,1,0.9558677
1,1,0.95270795
1,1,0.9558677
1,1,0.9558677
1,1,0.9558677
1,1,0.95581937
1,1,0.95208687
1,1,0.9558677
1,1,0.9558677
1,1,0.9558677
1,1,0.9558677
1,1,0.9558677
1,1,0.94417703
1,1,0.9558565
1,1,0.9558677
1,1,0.9558677
1,1,0.9558677
1,1,0.95535386
1,1,0.9558677
1,1,0.9558677
1,1,0.9558677
1,1,0.9558677
1,1,0.95487374
1,1,0.9558677
1,1,0.9558677
1,1,0.95576024
1,1,0.9558677
1,1,0.9558677
1,1,0.9558677
1,1,0.9558677
1,1,0.9333841
1,1,0.9558677
1,1,0.9558677
1,1,0.9558677
1,1,0.9558677
1,1,0.9557567
1,1,0.9558677
1,1,0.9558677
1,1,0.9558677
1,1,0.9558677
1,1,0.9558677
1,1,0.95568866
1,1,0.9533406
1,1,0.9558677
1,1,0.9558677
1,1,0.9558677
1,1,0.95208687
1,1,0.95576024
1,1,0.9558677
1,1,0.9558677
1,1,0.9558677
1,1,0.9558677
1,1,0.92562824
1,1,0.9558677
1,1,0.9558677
1,1,0.95208687
1,1,0.9558677
1,1,0.9558677
1,1,0.9558677
1,1,0.9558677
1,1,0.9558677
1,1,0.9558677
1,1,0.9558677
1,1,0.9558677
1,1,0.9558677
1,1,0.9558677
1,1,0.9558677
1,1,0.9556176
1,1,0.9558677
1,1,0.9558677
1,1,0.9558677
1,1,0.95395106
1,1,0.9507801
1,1,0.9558677
0,1,0.9522972
1,1,0.955853
1,1,0.9522089
1,1,0.9558677
1,1,0.9558677
1,1,0.9558565
1,1,0.94562423
1,1,0.95208687
1,1,0.9558677
1,1,0.9558677
1,1,0.9558677
1,1,0.9558677
1,1,0.9558677
1,1,0.955853
1,1,0.9558677
1,1,0.9558677
1,1,0.95570165
1,1,0.9558677
1,1,0.9558677
1,1,0.9558677
1,1,0.9558677
1,1,0.9558677
1,1,0.9558677
1,1,0.9558677
1,1,0.9558677
1,1,0.95208687
1,1,0.9558677
1,1,0.9558677
1,1,0.94621366
1,1,0.9533406
1,1,0.9558677
1,1,0.9558677
1,1,0.9558677
1,1,0.9558677
1,1,0.9557567
1,1,0.9558677
1,1,0.9558677
1,1,0.9558677
1,1,0.9558677
1,1,0.9558677
1,1,0.9558677
1,1,0.9558677
1,1,0.9558677
1,1,0.9558677
1,1,0.9555589
1,1,0.9558677
1,1,0.9558677
1,1,0.9558677
1,1,0.9558677
1,1,0.95487374
1,1,0.9558677
1,1,0.9558677
1,1,0.9558677
1,1,0.9558677
1,1,0.9465812
1,1,0.9558677
1,1,0.9558677
1,1,0.95581937
1,1,0.9558677
1,1,0.95208687
1,1,0.9527517
1,1,0.9558565
1,1,0.9544304
1,1,0.9558677
1,1,0.9558677
1,1,0.9558677
1,1,0.9558677
1,1,0.9558677
0,1,0.95192236
1,1,0.9558677
1,1,0.9558677
1,1,0.9558677
1,1,0.9558677
1,1,0.9558677
1,1,0.9558677
1,1,0.9558677
1,1,0.95208687
1,1,0.9539357
1,1,0.9558677
1,1,0.9558677
1,1,0.9558677
1,1,0.95568866
1,1,0.9558677
1,1,0.9558677
1,1,0.9558677
1,1,0.9558677
1,1,0.9558677
1,1,0.9558677
1,1,0.9558677
1,1,0.9558677
1,1,0.9558677
1,1,0.9558677
1,1,0.9558677
1,1,0.95576024
1,1,0.9558677
1,1,0.95208687
1,1,0.9044963
1,1,0.955853
1,1,0.9558677
1,1,0.95570165
1,1,0.9558677
1,1,0.9558677
1,1,0.95208687
1,1,0.9558677
1,1,0.9558677
1,1,0.95208687
1,1,0.9558677
1,1,0.9558677
1,1,0.95570165
1,1,0.9558677
1,1,0.94417703
1,1,0.9558565
1,1,0.95209605
1,1,0.9555833
1,1,0.9558677
1,1,0.9558677
1,1,0.9558677
1,1,0.9558677
1,1,0.9558677
1,1,0.94507325
1,1,0.9558677
1,1,0.9558677
1,1,0.9558677
1,1,0.9558677
1,1,0.9558677
1,1,0.95208687
1,1,0.9558677
1,1,0.95208687
1,1,0.95208687
1,1,0.95345104
1,1,0.95209605
1,1,0.9558677
1,1,0.9558677
1,1,0.955853
1,1,0.9558677
1,1,0.9558677
1,1,0.9558677
1,1,0.9558677
1,1,0.9558677
1,1,0.95208687
1,1,0.95257306
1,1,0.9558677
1,1,0.9558677
1,1,0.9558677
1,1,0.9558677
1,1,0.9558677
1,1,0.9558677
1,1,0.9558677
1,1,0.9558677
1,1,0.94345254
1,1,0.9558677
1,1,0.9558677
1,1,0.9558677
1,1,0.9558677
1,1,0.9558677
1,1,0.9558677
1,1,0.9558119
1,1,0.95487374
1,1,0.9558677
1,1,0.9091431
1,1,0.9558677
1,1,0.9558677
1,1,0.9558677
1,1,0.9558677
1,1,0.95208687
1,1,0.9558677
1,1,0.9089315
1,1,0.9558677
1,1,0.9558677
1,1,0.9558677
1,1,0.9558677
1,1,0.9558677
1,1,0.9558677
1,1,0.9558565
1,1,0.9558677
1,1,0.9558677
1,1,0.9558677
1,1,0.9558677
1,1,0.9558677
1,1,0.9558677
1,1,0.9558677
1,1,0.9558677
1,1,0.9558677
1,1,0.9558677
1,1,0.9558677
1,1,0.9558677
1,1,0.95581937
1,1,0.9558677
1,1,0.9558677
1,1,0.9558677
1,1,0.9522089
0,1,0.9089315
1,1,0.9558677
1,1,0.9558677
1,1,0.9558677
1,1,0.9558677
1,1,0.9558677
1,1,0.9558677
1,1,0.95566046
1,1,0.9558677
0,1,0.9236463
1,1,0.955853
1,1,0.9558677
1,1,0.9558677
1,1,0.9558677
1,1,0.9558677
1,1,0.9558677
1,1,0.9558677
1,1,0.9558677
1,1,0.94507325
1,1,0.9558677
1,1,0.9558677
1,1,0.9558677
1,1,0.9558677
1,1,0.9558677
1,1,0.9558677
1,1,0.9558677
1,1,0.9558677
1,1,0.9558677
1,1,0.9558677
1,1,0.95208687
1,1,0.9558677
1,1,0.9558677
1,1,0.9558677
1,1,0.9558677
1,1,0.9558677
1,1,0.9558677
1,1,0.9558677
1,1,0.9558677
1,1,0.9558677
1,1,0.9558677
0,1,0.92726374
1,1,0.9558677
1,1,0.9558677
1,1,0.94507325
1,1,0.9558677
1,1,0.9558677
1,1,0.9558677
1,1,0.94417703
1,1,0.9558677
1,1,0.9558677
1,1,0.9558677
1,1,0.95061713
1,1,0.9558677
1,1,0.9558677
1,1,0.9558677
1,1,0.9558677
1,1,0.9558677
1,1,0.9558677
1,1,0.9558677
1,1,0.9558677
1,1,0.9558677
1,1,0.95487374
1,1,0.9558677
1,1,0.9558677
1,1,0.9558677
1,1,0.9558677
1,1,0.9558677
1,1,0.9558677
1,1,0.9558119
1,1,0.9558677
1,1,0.9558677
1,1,0.9558677
1,1,0.9558677
0,1,0.932858
1,1,0.9557567
1,1,0.95209605
1,1,0.9558677
1,1,0.9558677
1,1,0.9558677
1,1,0.9558677
1,1,0.9558677
1,1,0.9558677
1,1,0.9558677
1,1,0.9558677
1,1,0.9558677
1,1,0.9558677
1,1,0.9558677
1,1,0.94417703
1,1,0.9522972
1,1,0.9089315
1,1,0.95581937
1,1,0.953295
1,1,0.95209605
1,1,0.9558677
1,1,0.9558677
1,1,0.9558677
1,1,0.95209605
1,1,0.9558677
1,1,0.9558677
1,1,0.9558677
1,1,0.9558677
1,1,0.9558677
1,1,0.9558677
1,1,0.95581937
1,1,0.95581937
1,1,0.9558677
1,1,0.9558677
1,1,0.9558677
1,1,0.9558677
1,1,0.9557259
1,1,0.9558677
1,1,0.9558677
1,1,0.9558677
1,1,0.95208687
1,1,0.9558677
1,1,0.9472397
1,1,0.9558677
1,1,0.9558677
1,1,0.9558677
1,1,0.9558677
1,1,0.9558677
1,1,0.9558677
1,1,0.9558677
1,1,0.95208687
1,1,0.9558677
1,1,0.9558677
1,1,0.9558677
1,1,0.9558677
1,1,0.9558677
1,1,0.9558677
1,1,0.9558677
1,1,0.94592965
1,1,0.9558677
1,1,0.95208687
1,1,0.9558677
1,1,0.9558677
1,1,0.9558677
1,1,0.9558677
1,1,0.9558677
1,1,0.9558677
1,1,0.94953185
1,1,0.9558677
1,1,0.9558677
1,1,0.9556792
1,1,0.9558677
1,1,0.9558677
1,1,0.9558677
1,1,0.9558677
1,1,0.9558677
1,1,0.9558677
1,1,0.95208687
1,1,0.95208687
1,1,0.9558677
1,1,0.9558677
1,1,0.95208687
1,1,0.9558677
1,1,0.9558677
1,1,0.9558677
1,1,0.9558677
1,1,0.9558677
1,1,0.9558677
1,1,0.9558565
1,1,0.9558677
1,1,0.9558677
1,1,0.9558677
1,1,0.9558677
1,1,0.9558677
1,1,0.9558677
1,1,0.95581937
1,1,0.9558677
1,1,0.9558677
1,1,0.9558677
1,1,0.9558677
1,1,0.9558677
1,1,0.9558677
1,1,0.95208687
1,1,0.9558677
1,1,0.9558677
1,1,0.9558677
1,1,0.9558677
1,1,0.9558677
1,1,0.9558677
1,1,0.9558677
1,1,0.9558677
1,1,0.9558677
1,1,0.9558677
1,1,0.9558677
1,1,0.95208687
1,1,0.9236463
1,1,0.94417703
1,1,0.95576024
1,1,0.9558677
1,1,0.9558677
1,1,0.9558677
1,1,0.9558677
1,1,0.9558677
1,1,0.955853
1,1,0.9558677
1,1,0.9558119
1,1,0.9558677
1,1,0.94621366
1,1,0.9558677
1,1,0.9558677
1,1,0.9558677
1,1,0.9558677
1,1,0.9558677
1,1,0.9558677
1,1,0.9558677
1,1,0.95487374
1,1,0.9558677
1,1,0.9558677
1,1,0.9558677
1,1,0.9558677
1,1,0.9558677
1,1,0.9522089
1,1,0.9558677
1,1,0.9558677
1,1,0.9558565
1,1,0.9558677
1,1,0.9558677
1,1,0.9558677
1,1,0.9558677
1,1,0.9558677
1,1,0.9558677
1,1,0.9089315
1,1,0.9558677
1,1,0.9558677
1,1,0.9558677
1,1,0.95345104
1,1,0.9558677
1,1,0.9558677
1,1,0.9558677
1,1,0.9558677
1,1,0.9558677
1,1,0.9558677
1,1,0.9558677
1,1,0.9558677
1,1,0.9558677
1,1,0.9558677
1,1,0.9558677
1,1,0.9556176
1,1,0.9558677
1,1,0.9558677
1,1,0.9558677
1,1,0.9558677
1,1,0.9558677
1,1,0.9558677
1,1,0.9558677
1,1,0.9558677
1,1,0.9558677
1,1,0.9558677
1,1,0.95487374
1,1,0.9558677
1,1,0.9558677
1,1,0.9558677
1,1,0.9558677
1,1,0.9558677
1,1,0.9558677
1,1,0.9558677
1,1,0.955853
1,1,0.95209605
1,1,0.955853
1,1,0.9558677
1,1,0.9558677
1,1,0.9558677
1,1,0.9558677
1,1,0.95570165
1,1,0.9522089
1,1,0.955853
1,1,0.9558677
1,1,0.9558677
1,1,0.9558677
1,1,0.9558677
1,1,0.9558677
1,1,0.9558677
1,1,0.9558677
1,1,0.9558677
1,1,0.9558677
0,1,0.94507325
1,1,0.9558677
1,1,0.9558677
1,1,0.9558677
1,1,0.9558677
1,1,0.9558677
1,1,0.9558677
1,1,0.9558565
1,1,0.9558677
1,1,0.9522089
1,1,0.95209605
1,1,0.9558677
1,1,0.95209605
1,1,0.9558677
1,1,0.9558677
1,1,0.9558677
1,1,0.9558677
1,1,0.955853
1,1,0.9558677
1,1,0.9558677
1,1,0.9558677
1,1,0.9558677
1,1,0.9558677
1,1,0.9558677
1,1,0.9558677
1,1,0.9558677
1,1,0.9558677
1,1,0.95487374
1,1,0.9558677
1,1,0.9558677
1,1,0.9558677
1,1,0.9558677
1,1,0.9558677
1,1,0.9558677
1,1,0.95568866
1,1,0.9558677
1,1,0.9558677
1,1,0.9558677
1,1,0.9558677
1,1,0.9531762
1,1,0.9558677
1,1,0.95581937
1,1,0.9558677
1,1,0.9558677
1,1,0.9558677
1,1,0.9558677
1,1,0.95581937
1,1,0.9558677
1,1,0.9558677
1,1,0.9558677
1,1,0.9558677
1,1,0.95208687
1,1,0.9558677
1,1,0.95208687
1,1,0.95322686
1,1,0.9455773
1,1,0.9521121
1,1,0.9557259
1,1,0.9558677
1,1,0.9558677
1,1,0.9558677
1,1,0.9558677
1,1,0.9558677
1,1,0.9558677
1,1,0.9558677
1,1,0.9558677
1,1,0.9558677
1,1,0.95208687
1,1,0.9558677
1,1,0.9558677
1,1,0.9558677
1,1,0.9558677
1,1,0.9558677
1,1,0.9558565
1,1,0.9558677
1,1,0.9558677
1,1,0.9558677
1,1,0.95208687
1,1,0.9558677
1,1,0.9558677
1,1,0.9558677
1,1,0.9558677
1,1,0.9558677
1,1,0.9558677
1,1,0.9558677
1,1,0.9558677
1,1,0.95581937
1,1,0.9558677
1,1,0.9558677
1,1,0.9558677
1,1,0.9558677
0,1,0.897127
1,1,0.9558677
1,1,0.9465812
1,1,0.9558677
1,1,0.9558677
1,1,0.9558677
1,1,0.9558677
1,1,0.94621366
1,1,0.9558677
1,1,0.9558677
1,1,0.9558677
1,1,0.9558677
1,1,0.9558677
1,1,0.9558677
1,1,0.9558677
1,1,0.9558677
1,1,0.9558677
1,1,0.9558677
1,1,0.9558677
1,1,0.9558677
1,1,0.9558677
1,1,0.9558677
1,1,0.9558677
1,1,0.9558677
1,1,0.9558677
1,1,0.9558677
1,1,0.9558677
1,1,0.9558677
1,1,0.9558677
1,1,0.9558677
1,1,0.9044963
1,1,0.9522089
0,1,0.95208687
1,1,0.9558677
1,1,0.9556176
1,1,0.9558677
1,1,0.9558677
1,1,0.9558677
1,1,0.9558677
1,1,0.9558677
1,1,0.9558677
1,1,0.9558677
1,1,0.95209605
1,1,0.9558677
1,1,0.9558677
1,1,0.9558677
1,1,0.9558565
1,1,0.9558677
1,1,0.9558677
1,1,0.9558677
0,1,0.9320103
1,1,0.9558677
1,1,0.95208687
1,1,0.9558677
1,1,0.9558677
1,1,0.9558677
1,1,0.9558677
1,1,0.94417703
1,1,0.9522089
1,1,0.9558677
1,1,0.9558677
1,1,0.9558677
1,1,0.9558677
1,1,0.9558677
1,1,0.9558677
1,1,0.95487374
1,1,0.9558677
1,1,0.9558677
1,1,0.9558677
1,1,0.9555738
1,1,0.9558677
1,1,0.9558677
1,1,0.9558677
1,1,0.9558677
1,1,0.95270795
1,1,0.9558677
1,1,0.9558677
1,1,0.9558677
1,1,0.95570165
1,1,0.95576024
1,1,0.9544304
1,1,0.9558677
1,1,0.9558677
1,1,0.95581937
1,1,0.9558677
1,1,0.9558677
1,1,0.9558677
1,1,0.9558677
1,1,0.9558677
1,1,0.9558677
1,1,0.9558677
1,1,0.9558677
1,1,0.95209605
1,1,0.9558677
1,1,0.9558677
1,1,0.9558677
1,1,0.9558677
1,1,0.9557111
1,1,0.9558677
1,1,0.95194805
1,1,0.95106703
1,1,0.9558677
1,1,0.9558677
1,1,0.9558677
1,1,0.9558677
1,1,0.9558677
0,1,0.9399606
1,1,0.9558677
1,1,0.9558677
1,1,0.9558677
1,1,0.9558677
1,1,0.95581937
1,1,0.9558677
1,1,0.9558677
1,1,0.94417703
1,1,0.9522089
1,1,0.9558677
1,1,0.95570165
1,1,0.9558677
1,1,0.94953185
1,1,0.9558677
1,1,0.9558677
1,1,0.9558677
1,1,0.9558677
1,1,0.9558677
1,1,0.9503867
1,1,0.9558677
1,1,0.95576024
1,1,0.9558677
1,1,0.9558677
1,1,0.9558677
1,1,0.9558677
1,1,0.9558677
1,1,0.9558677
1,1,0.9558677
1,1,0.95570165
1,1,0.9558677
1,1,0.9558677
1,1,0.9558677
1,1,0.9556176
1,1,0.9558677
1,1,0.9495176
1,1,0.9558677
1,1,0.9558677
1,1,0.9558677
1,1,0.9558677
1,1,0.95208687
1,1,0.9558677
1,1,0.9558677
1,1,0.9558677
1,1,0.9558677
1,1,0.9558677
1,1,0.9558677
1,1,0.9558677
1,1,0.95180124
1,1,0.9558677
1,1,0.9558677
1,1,0.9558677
1,1,0.95487374
1,1,0.9558677
1,1,0.9558677
1,1,0.9558677
1,1,0.9558677
1,1,0.9558677
1,1,0.9558677
1,1,0.9558677
0,1,0.9408924
1,1,0.9236463
1,1,0.9558677
1,1,0.9558677
1,1,0.9558677
1,1,0.9558677
1,1,0.9558677
1,1,0.9558677
1,1,0.9558677
1,1,0.9558677
1,1,0.9558677
1,1,0.95345104
1,1,0.9558677
1,1,0.9558677
1,1,0.9558677
1,1,0.9558677
1,1,0.9558677
1,1,0.9558677
1,1,0.9461574
1,1,0.9558677
1,1,0.9558677
1,1,0.9558677
0,1,0.9236463
1,1,0.95266414
1,1,0.9558677
1,1,0.9558677
1,1,0.9558677
1,1,0.9558677
1,1,0.9558677
1,1,0.9558677
1,1,0.9558677
1,1,0.9558677
1,1,0.9558677
1,1,0.9558677
1,1,0.9558677
1,1,0.9558677
1,1,0.9558677
1,1,0.9558677
1,1,0.94673973
1,1,0.9558677
1,1,0.9558677
1,1,0.9558565
1,1,0.9558677
1,1,0.9558677
1,1,0.9558677
1,1,0.9558677
1,1,0.9558677
0,1,0.94417703
0,1,0.9236463
1,1,0.9558677
1,1,0.9558677
1,1,0.9558677
1,1,0.9558677
1,1,0.9558677
1,1,0.9558119
1,1,0.9558677
1,1,0.9558677
1,1,0.9558677
1,1,0.9558677
1,1,0.9558677
1,1,0.95581937
1,1,0.955782
1,1,0.9558677
1,1,0.9558565
1,1,0.9558677
1,1,0.9558677
1,1,0.9558677
1,1,0.9558677
1,1,0.9558677
1,1,0.9558677
1,1,0.95570165
1,1,0.9558677
1,1,0.9558677
1,1,0.9558677
1,1,0.9558677
1,1,0.9558677
1,1,0.9558677
1,1,0.9558677
1,1,0.9558677
1,1,0.9558677
1,1,0.9558677
1,1,0.95581937
1,1,0.9558677
1,1,0.9558565
1,1,0.9558677
1,1,0.9558677
1,1,0.9558677
1,1,0.9558677
1,1,0.9558677
1,1,0.9558677
1,1,0.9558677
1,1,0.9558677
1,1,0.9558677
1,1,0.9533406
1,1,0.9558677
1,1,0.9558677
1,1,0.9558677
1,1,0.9558677
1,1,0.95581937
1,1,0.9558677
1,1,0.92562824
1,1,0.9558677
1,1,0.9558677
1,1,0.9558677
1,1,0.9558677
1,1,0.9558677
1,1,0.9558677
1,1,0.9558677
1,1,0.9558677
1,1,0.9558677
1,1,0.9558677
1,1,0.9558677
1,1,0.95186996
1,1,0.9558677
1,1,0.9558677
1,1,0.9558677
1,1,0.9558677
1,1,0.9558677
1,1,0.9558677
1,1,0.9091431
1,1,0.9455773
1,1,0.95209605
1,1,0.955853
1,1,0.9558677
1,1,0.9558677
1,1,0.9558677
1,1,0.9521121
1,1,0.9558677
1,1,0.9558677
1,1,0.9558677
1,1,0.9537488
1,1,0.9558677
1,1,0.9558677
1,1,0.9558677
1,1,0.9558677
1,1,0.9558677
1,1,0.955782
0,1,0.9458209
1,1,0.9558677
1,1,0.9521121
1,1,0.9558677
1,1,0.9558677
1,1,0.9558677
1,1,0.94417703
1,1,0.9558677
1,1,0.9558677
1,1,0.9558677
1,1,0.9558677
1,1,0.9558677
1,1,0.95208687
1,1,0.9558677
1,1,0.9558677
1,1,0.9558677
1,1,0.9558677
1,1,0.9558677
1,1,0.9558119
1,1,0.9558677
1,1,0.9558677
1,1,0.9558677
1,1,0.9558677
1,1,0.9558677
1,1,0.9558677
1,1,0.9558677
1,1,0.9558677
1,1,0.9558677
1,1,0.9558677
1,1,0.9558677
1,1,0.9558677
1,1,0.955853
1,1,0.9558677
1,1,0.9558677
1,1,0.9558677
1,1,0.9558565
1,1,0.9558677
1,1,0.9558677
1,1,0.9558677
1,1,0.9558677
1,1,0.9558677
1,1,0.9558677
1,1,0.95466053
1,1,0.9558677
1,1,0.9558677
1,1,0.9558677
1,1,0.95208687
1,1,0.9558677
1,1,0.9558677
1,1,0.9558677
1,1,0.9558677
1,1,0.9009405
1,1,0.9558677
1,1,0.9558677
1,1,0.9558677
1,1,0.9558677
0,1,0.94379294
1,1,0.9558677
1,1,0.9558677
1,1,0.95581937
1,1,0.9558677
1,1,0.9558677
1,1,0.9558677
1,1,0.9558677
1,1,0.9558677
1,1,0.9558677
1,1,0.9558677
0,1,0.94417703
1,1,0.9558677
1,1,0.9558677
1,1,0.9558677
1,1,0.9558677
1,1,0.9455538
1,1,0.9558677
1,1,0.9558677
1,1,0.9558677
1,1,0.9558677
1,1,0.9558677
1,1,0.9558677
1,1,0.95570165
1,1,0.9558677
1,1,0.9558677
1,1,0.9558677
1,1,0.9558677
1,1,0.9558677
1,1,0.9527517
1,1,0.9558677
1,1,0.9558677
1,1,0.9558677
1,1,0.9557259
1,1,0.9558677
1,1,0.9558677
1,1,0.9558677
1,1,0.9558677
1,1,0.9558677
1,1,0.9558677
1,1,0.9558677
1,1,0.9558677
1,1,0.9558677
1,1,0.9558677
1,1,0.9558677
1,1,0.9558677
1,1,0.9558677
1,1,0.9558677
1,1,0.9558677
1,1,0.9558677
1,1,0.9558677
1,1,0.955853
1,1,0.9558677
1,1,0.9558677
1,1,0.9558119
1,1,0.94417703
1,1,0.9242915
1,1,0.9558677
1,1,0.9558677
1,1,0.9558677
1,1,0.9558677
1,1,0.9522089
1,1,0.929159
1,1,0.9558677
1,1,0.9558677
1,1,0.9558677
1,1,0.9558677
1,1,0.9558677
1,1,0.9558677
1,1,0.9558677
1,1,0.9558677
1,1,0.9558677
1,1,0.9558677
1,1,0.9558677
1,1,0.95570165
1,1,0.9558677
1,1,0.9558677
1,1,0.9558677
1,1,0.9558677
1,1,0.9558677
1,1,0.9558677
1,1,0.9558677
1,1,0.9558677
1,1,0.9365686
1,1,0.95581937
1,1,0.95547116
1,1,0.9558677
1,1,0.9558677
1,1,0.9558677
1,1,0.9558677
1,1,0.9558677
1,1,0.9544304
1,1,0.95208687
1,1,0.9558677
1,1,0.95208687
1,1,0.9558677
1,1,0.9558677
1,1,0.94417703
1,1,0.9558677
1,1,0.9558677
1,1,0.9558677
1,1,0.9558677
1,1,0.9558677
1,1,0.9558677
1,1,0.9558677
1,1,0.9558677
1,1,0.9558677
1,1,0.9558677
1,1,0.9558677
1,1,0.9558677
1,1,0.92562824
1,1,0.9558677
1,1,0.9558677
1,1,0.9558677
1,1,0.9558677
1,1,0.9558677
1,1,0.9558677
1,1,0.9558677
1,1,0.9558677
1,1,0.9558677
1,1,0.95209605
1,1,0.9558677
1,1,0.955853
1,1,0.95566046
1,1,0.9558677
1,1,0.9558677
1,1,0.9556792
1,1,0.9558677
1,1,0.9558677
1,1,0.95208687
1,1,0.95208687
1,1,0.9558677
1,1,0.9558677
1,1,0.9558677
1,1,0.9558677
1,1,0.9558677
1,1,0.9558677
1,1,0.9558677
1,1,0.9558677
1,1,0.9558677
1,1,0.9558677
1,1,0.9558677
1,1,0.9558677
1,1,0.9558677
1,1,0.9558677
1,1,0.9558677
0,1,0.94507325
1,1,0.95487374
1,1,0.9558677
1,1,0.9558677
1,1,0.9558677
1,1,0.9558677
1,1,0.95568866
1,1,0.94392514
1,1,0.9558677
1,1,0.95487374
1,1,0.9558677
1,1,0.9558677
1,1,0.9558677
1,1,0.95208687
1,1,0.955853
1,1,0.95487374
1,1,0.9558677
1,1,0.9558677
1,1,0.94020915
1,1,0.9558677
1,1,0.9558677
1,1,0.9558677
1,1,0.9558677
1,1,0.9558677
1,1,0.9558677
1,1,0.9558677
1,1,0.95208687
1,1,0.9558677
1,1,0.955853
1,1,0.9558677
1,1,0.94507325
1,1,0.9558677
0,1,0.94417703
1,1,0.953637
1,1,0.9558677
1,1,0.9558677
1,1,0.9558677
1,1,0.9558677
1,1,0.9558677
1,1,0.9558677
1,1,0.9558677
1,1,0.9558677
1,1,0.94747484
1,1,0.9558677
1,1,0.9558677
1,1,0.9558677
1,1,0.9558677
1,1,0.9533406
1,1,0.9558677
1,1,0.9558677
1,1,0.9558677
1,1,0.9558677
1,1,0.9558677
1,1,0.9558677
1,1,0.9558677
1,1,0.9558677
1,1,0.9558677
1,1,0.9558677
1,1,0.9558677
1,1,0.9558677
1,1,0.9558677
1,1,0.9558565
1,1,0.9558677
1,1,0.9558677
1,1,0.955853
1,1,0.9558677
1,1,0.9558677
1,1,0.9558677
1,1,0.94621366
1,1,0.9558677
1,1,0.9558677
1,1,0.9558677
1,1,0.9558677
1,1,0.9558677
0,1,0.9089315
1,1,0.9558677
1,1,0.9558677
1,1,0.95487374
1,1,0.9558677
1,1,0.9558677
1,1,0.9558677
1,1,0.9558677
1,1,0.9558677
1,1,0.9558677
1,1,0.95570165
1,1,0.9558677
1,1,0.9558677
1,1,0.9558677
1,1,0.9558677
1,1,0.9558677
1,1,0.9558677
1,1,0.9558677
1,1,0.9558565
1,1,0.9558677
1,1,0.9555833
1,1,0.9558677
1,1,0.9558677
1,1,0.95576024
1,1,0.95209605
1,1,0.9558677
1,1,0.9558677
1,1,0.9558677
1,1,0.9558677
1,1,0.9558677
1,1,0.9558677
1,1,0.9558677
1,1,0.94621366
1,1,0.95208687
1,1,0.95487374
1,1,0.9536624
1,1,0.9558677
1,1,0.9558677
1,1,0.9558677
1,1,0.9089315
1,1,0.9558677
0,1,0.95208687
1,1,0.9558677
1,1,0.9558677
1,1,0.9558677
1,1,0.9558677
1,1,0.9558677
1,1,0.9093274
1,1,0.9558677
1,1,0.9558677
1,1,0.9093274
1,1,0.9558677
1,1,0.9558677
1,1,0.9558677
1,1,0.9558677
1,1,0.9558677
1,1,0.9558677
1,1,0.9558677
1,1,0.9558677
1,1,0.9539357
1,1,0.9558677
1,1,0.9558677
1,1,0.9558677
1,1,0.95192236
1,1,0.9557567
1,1,0.9558677
1,1,0.9558677
1,1,0.9558677
1,1,0.95576024
1,1,0.9558677
1,1,0.95395106
1,1,0.9558677
1,1,0.948673
0,1,0.94621366
1,1,0.9558677
1,1,0.9558677
1,1,0.9558677
1,1,0.9558677
1,1,0.9558677
1,1,0.9558677
1,1,0.9458209
1,1,0.9558677
1,1,0.9558677
1,1,0.9558677
1,1,0.9558677
1,1,0.9503867
1,1,0.9558677
1,1,0.9558677
1,1,0.9558677
1,1,0.9558677
1,1,0.95209605
1,1,0.9558677
1,1,0.9558677
1,1,0.9558677
1,1,0.9558677
1,1,0.9558677
1,1,0.95272505
1,1,0.9558565
1,1,0.9558677
1,1,0.9558677
1,1,0.9558677
1,1,0.9558677
1,1,0.9408924
1,1,0.9558677
1,1,0.9558677
1,1,0.95487374
1,1,0.9558677
1,1,0.9558677
1,1,0.9089315
1,1,0.9558677
1,1,0.9558677
1,1,0.9558677
1,1,0.9558677
1,1,0.9558677
1,1,0.9558677
1,1,0.9558677
1,1,0.9558677
1,1,0.9558677
1,1,0.94759697
1,1,0.9558677
1,1,0.9558677
1,1,0.9558677
1,1,0.9558677
1,1,0.9558677
1,1,0.9558677
1,1,0.9558677
1,1,0.9558677
1,1,0.9558677
1,1,0.9518898
1,1,0.9558677
1,1,0.9558119
1,1,0.9558677
1,1,0.9558677
1,1,0.90319824
1,1,0.9558677
1,1,0.95208687
1,1,0.9544304
1,1,0.9558677
1,1,0.95570165
1,1,0.9558677
1,1,0.9558677
1,1,0.9558677
1,1,0.9558677
1,1,0.9558677
1,1,0.9558677
1,1,0.9558677
1,1,0.9558677
1,1,0.9558677
1,1,0.9558677
1,1,0.9558677
1,1,0.9558677
1,1,0.9558677
1,1,0.9399606
1,1,0.9558677
1,1,0.9558677
1,1,0.9558677
1,1,0.9558677
1,1,0.9558677
1,1,0.9558677
1,1,0.9553246
1,1,0.9558677
1,1,0.9558677
1,1,0.9558677
1,1,0.9558677
1,1,0.9558677
1,1,0.9558677
1,1,0.9558677
1,1,0.9558677
1,1,0.95581937
1,1,0.9558677
1,1,0.9558677
1,1,0.9558677
1,1,0.9558677
1,1,0.9558677
1,1,0.9558677
1,1,0.9558677
1,1,0.9558677
1,1,0.95570165
1,1,0.9558565
0,1,0.9455773
1,1,0.9558677
1,1,0.9558677
1,1,0.9558677
1,1,0.9558677
1,1,0.95061713
1,1,0.9558677
1,1,0.9558677
1,1,0.9558677
1,1,0.9558677
1,1,0.9558677
1,1,0.9558677
1,1,0.9558677
1,1,0.95581937
1,1,0.9558677
1,1,0.9558677
1,1,0.9522089
1,1,0.9558677
1,1,0.9558677
1,1,0.9558677
1,1,0.9558677
1,1,0.9558677
1,1,0.9558677
1,1,0.9558677
1,1,0.9558677
1,1,0.95209605
1,1,0.9557454
1,1,0.9558677
1,1,0.9558677
1,1,0.95566046
1,1,0.9558677
1,1,0.9558677
1,1,0.9558306
1,1,0.9558677
1,1,0.9558677
1,1,0.9558677
1,1,0.9044963
0,1,0.94417703
1,1,0.9544304
1,1,0.9558677
1,1,0.9558677
1,1,0.9558677
1,1,0.9558677
1,1,0.95208687
1,1,0.9558677
1,1,0.9558677
1,1,0.9558677
0,1,0.9409557
1,1,0.9558677
1,1,0.95581937
1,1,0.9558677
1,1,0.9558677
1,1,0.9558677
1,1,0.9558677
1,1,0.9558677
1,1,0.9558677
1,1,0.9558677
1,1,0.9558677
1,1,0.9558677
1,1,0.9558677
1,1,0.9558677
1,1,0.9558677
1,1,0.9558677
1,1,0.9558677
1,1,0.9558677
1,1,0.9556176
1,1,0.9558677
1,1,0.95547116
1,1,0.9558677
1,1,0.9558677
1,1,0.9558677
1,1,0.9544304
1,1,0.9558677
1,1,0.9522089
1,1,0.95581937
1,1,0.9557454
1,1,0.9558677
1,1,0.9558677
1,1,0.9558677
1,1,0.9558677
1,1,0.9558677
1,1,0.9558677
1,1,0.9558677
1,1,0.9558677
1,1,0.9558677
1,1,0.9558677
1,1,0.9558677
1,1,0.9558677
1,1,0.9558677
1,1,0.95208687
1,1,0.9558677
1,1,0.9558677
1,1,0.9558677
1,1,0.9558677
1,1,0.9558677
1,1,0.9558677
1,1,0.9558677
1,1,0.9558677
1,1,0.9558677
1,1,0.9558677
1,1,0.9558677
1,1,0.95487374
1,1,0.9558677
1,1,0.9558677
1,1,0.9558677
1,1,0.9558677
1,1,0.9558677
1,1,0.955853
1,1,0.9558677
1,1,0.9558677
1,1,0.9558677
1,1,0.9558677
1,1,0.9558677
1,1,0.9558677
1,1,0.9522089
1,1,0.9558677
1,1,0.95209605
1,1,0.9558677
1,1,0.9558677
1,1,0.9556792
1,1,0.9558677
1,1,0.9558677
1,1,0.9558677
1,1,0.955853
1,1,0.9558677
1,1,0.9558677
1,1,0.9558677
1,1,0.9558677
1,1,0.9558565
1,1,0.95487374
1,1,0.9558677
1,1,0.9557567
1,1,0.9558677
1,1,0.94819605
1,1,0.9558677
1,1,0.95270795
1,1,0.955853
1,1,0.9558677
1,1,0.9558677
1,1,0.9558677
1,1,0.9558677
1,1,0.94417703
1,1,0.95208687
1,1,0.94417703
1,1,0.9525243
1,1,0.9558677
1,1,0.94417703
1,1,0.9558677
1,1,0.95581937
1,1,0.95209605
1,1,0.9558677
1,1,0.9558677
1,1,0.954107
1,1,0.9558677
1,1,0.95581937
1,1,0.9558677
1,1,0.9558677
1,1,0.9558119
1,1,0.9557156
1,1,0.9558677
1,1,0.9558565
1,1,0.9544304
1,1,0.9558677
1,1,0.94417703
1,1,0.9558677
1,1,0.9558677
1,1,0.95556813
1,1,0.9558677
1,1,0.9558677
1,1,0.9558677
1,1,0.9558677
1,1,0.9558677
1,1,0.9558677
1,1,0.95581937
1,1,0.955853
1,1,0.9557259
1,1,0.9558565
1,1,0.9558677
1,1,0.95576024
1,1,0.9558677
1,1,0.95554703
1,1,0.9558677
1,1,0.9558677
1,1,0.9558677
1,1,0.9558677
1,1,0.9558677
1,1,0.9558677
1,1,0.955853
1,1,0.9521121
1,1,0.9558677
1,1,0.9558565
1,1,0.9558677
1,1,0.94507325
1,1,0.9558677
1,1,0.9558677
1,1,0.9558677
1,1,0.9558677
1,1,0.9558677
1,1,0.955853
1,1,0.9558677
1,1,0.95570165
1,1,0.9558677
1,1,0.9558677
1,1,0.9558677
1,1,0.9558677
1,1,0.9558677
1,1,0.9558677
1,1,0.9558677
1,1,0.9558677
1,1,0.9558677
1,1,0.9487961
1,1,0.94392514
1,1,0.9558565
1,1,0.9558677
1,1,0.9558565
1,1,0.955853
1,1,0.9558677
1,1,0.9558677
1,1,0.95487374
1,1,0.9558677
1,1,0.9558677
1,1,0.955853
1,1,0.9558677
1,1,0.94621366
1,1,0.9558677
1,1,0.9558677
1,1,0.94562423
1,1,0.9558677
1,1,0.9558677
1,1,0.9558677
1,1,0.9558677
1,1,0.9558677
1,1,0.9558677
1,1,0.95487374
1,1,0.9558677
1,1,0.9558677
1,1,0.9558677
1,1,0.9558677
1,1,0.95576024
1,1,0.9558677
1,1,0.9558677
1,1,0.9558677
1,1,0.9558677
1,1,0.9558677
1,1,0.9558677
1,1,0.9558677
1,1,0.95568866
1,1,0.9558677
1,1,0.9558677
1,1,0.9558677
1,1,0.9558677
1,1,0.9558677
1,1,0.9558677
1,1,0.9558677
1,1,0.95209605
1,1,0.9558677
1,1,0.9558677
1,1,0.9558677
1,1,0.9558677
1,1,0.9557567
1,1,0.9558677
1,1,0.9558677
1,1,0.9558677
1,1,0.9558677
1,1,0.9558677
1,1,0.9558677
0,1,0.94562423
1,1,0.9558677
1,1,0.9558677
1,1,0.9558677
1,1,0.9558677
1,1,0.9558677
1,1,0.95576024
1,1,0.9558677
1,1,0.9558677
1,1,0.9487549
1,1,0.9558677
1,1,0.9558677
1,1,0.9558565
1,1,0.9558677
1,1,0.94345254
1,1,0.9558677
1,1,0.9558677
1,1,0.9558677
1,1,0.95581937
1,1,0.95568866
1,1,0.9558677
1,1,0.9558677
1,1,0.95487374
1,1,0.9558677
1,1,0.9558565
1,1,0.9558677
1,1,0.9558677
1,1,0.9558677
1,1,0.9558677
1,1,0.9558677
1,1,0.95209605
1,1,0.9558677
0,1,0.95188594
1,1,0.94507325
1,1,0.95208687
1,1,0.9558677
1,1,0.9558677
1,1,0.9558677
1,1,0.9558677
1,1,0.9558677
1,1,0.9527517
1,1,0.95487374
1,1,0.9558677
1,1,0.9555738
1,1,0.9558677
1,1,0.9558677
1,1,0.9558677
1,1,0.9558677
1,1,0.9558677
1,1,0.9558677
1,1,0.9556176
1,1,0.9558677
1,1,0.9558677
1,1,0.9557496
1,1,0.9558677
1,1,0.9558677
1,1,0.955853
1,1,0.9558677
1,1,0.9558565
1,1,0.9558677
1,1,0.9558677
1,1,0.9527476
1,1,0.95208687
1,1,0.9558677
1,1,0.95209605
1,1,0.9236463
1,1,0.9365686
1,1,0.9531821
1,1,0.9558677
1,1,0.9558677
1,1,0.9558677
1,1,0.9558677
1,1,0.95208687
1,1,0.9558677
1,1,0.9558677
1,1,0.9558677
1,1,0.9558677
1,1,0.9558677
1,1,0.9558677
1,1,0.9558677
1,1,0.9558677
1,1,0.9558677
1,1,0.9558677
1,1,0.95208687
1,1,0.9558677
1,1,0.9558677
1,1,0.9558677
1,1,0.9558677
1,1,0.9558565
1,1,0.95487374
1,1,0.955853
1,1,0.9558677
1,1,0.9558677
1,1,0.9558306
1,1,0.9558677
1,1,0.9558677
1,1,0.9558677
1,1,0.9558677
1,1,0.9558677
1,1,0.9558677
1,1,0.95576024
1,1,0.94392514
1,1,0.9558677
1,1,0.9557454
1,1,0.9558677
1,1,0.9558677
1,1,0.9558677
1,1,0.9558565
1,1,0.9558677
1,1,0.9558677
0,1,0.92726374
1,1,0.9558677
1,1,0.9558677
1,1,0.9558677
1,1,0.9558677
1,1,0.9558677
1,1,0.9558677
1,1,0.9558677
1,1,0.9558677
0,1,0.92726374
1,1,0.9557454
1,1,0.9558677
1,1,0.9558677
1,1,0.9558677
1,1,0.9558677
1,1,0.9507908
1,1,0.9558677
1,1,0.9558677
1,1,0.9523729
1,1,0.9465812
1,1,0.9558677
1,1,0.9558677
1,1,0.9558677
1,1,0.95270795
1,1,0.9558565
1,1,0.95208687
1,1,0.9558565
1,1,0.9558677
1,1,0.9558677
1,1,0.9558677
1,1,0.9558677
1,1,0.9522089
1,1,0.9558677
1,1,0.94507325
1,1,0.9558677
1,1,0.9558677
1,1,0.9558677
1,1,0.9558677
1,1,0.9558677
1,1,0.9558677
1,1,0.9558677
1,1,0.95208687
1,1,0.9558677
1,1,0.9558677
1,1,0.9558677
1,1,0.9558677
1,1,0.9558677
1,1,0.9558677
1,1,0.9089315
1,1,0.9558677
1,1,0.9558677
1,1,0.9558677
1,1,0.9558677
1,1,0.9558677
1,1,0.9558677
1,1,0.95208687
1,1,0.955723
1,1,0.9465812
1,1,0.9558677
1,1,0.9558677
1,1,0.9558677
1,1,0.9558677
1,1,0.9558677
1,1,0.9558677
1,1,0.9558677
1,1,0.9558677
1,1,0.9558677
1,1,0.9558677
1,1,0.9558565
1,1,0.9558677
1,1,0.9558677
1,1,0.9558677
1,1,0.9558677
1,1,0.9558677
1,1,0.9558565
1,1,0.9558677
1,1,0.9558677
1,1,0.9558677
1,1,0.95487374
1,1,0.9558677
1,1,0.9458209
1,1,0.9558677
1,1,0.9558677
1,1,0.95208687
1,1,0.9558677
1,1,0.9558677
1,1,0.9558677
1,1,0.9558677
1,1,0.95581937
1,1,0.9558677
1,1,0.95581937
1,1,0.9558677
1,1,0.95487374
1,1,0.9558677
1,1,0.9558677
1,1,0.9558677
1,1,0.9558677
1,1,0.95209605
1,1,0.9558677
1,1,0.9558677
1,1,0.9558677
1,1,0.9558677
1,1,0.9558677
1,1,0.9558677
1,1,0.9558677
1,1,0.9558677
1,1,0.95208687
1,1,0.9558677
1,1,0.9558677
1,1,0.9558677
1,1,0.955853
1,1,0.9558677
1,1,0.9558677
1,1,0.9558677
1,1,0.9558677
1,1,0.9558677
1,1,0.9558677
1,1,0.9558677
1,1,0.9558677
1,1,0.9558677
1,1,0.9558677
1,1,0.9558677
1,1,0.9558677
1,1,0.95568126
1,1,0.9399606
1,1,0.9557454
1,1,0.9558677
1,1,0.9558677
1,1,0.9558677
1,1,0.9539357
1,1,0.9558677
1,1,0.9558677
1,1,0.9558677
1,1,0.9558677
1,1,0.9558677
1,1,0.9521121
1,1,0.9558677
1,1,0.9558677
1,1,0.9558677
1,1,0.9558677
1,1,0.9558677
1,1,0.9558677
1,1,0.9558677
1,1,0.9558677
1,1,0.95201904
1,1,0.9558677
1,1,0.9558677
1,1,0.9558677
1,1,0.9558677
1,1,0.9558677
1,1,0.9558677
1,1,0.9558677
1,1,0.9558677
1,1,0.9558677
1,1,0.9558677
1,1,0.9558677
1,1,0.9558677
1,1,0.9558677
1,1,0.9558677
1,1,0.9558677
1,1,0.95487374
1,1,0.95208687
0,1,0.9472397
0,1,0.92726374
1,1,0.9558677
1,1,0.9558677
0,1,0.9044963
1,1,0.9558677
1,1,0.9558677
0,1,0.94507325
1,1,0.9558677
1,1,0.9558677
1,1,0.9558677
1,1,0.9558677
1,1,0.9558677
1,1,0.9558677
1,1,0.9556792
1,1,0.9558677
1,1,0.9558677
1,1,0.9558677
1,1,0.95487374
1,1,0.9558677
1,1,0.95395106
1,1,0.9558677
1,1,0.9558677
1,1,0.9558677
1,1,0.9558677
1,1,0.9558677
1,1,0.9558677
1,1,0.9558677
1,1,0.9558565
1,1,0.9558677
1,1,0.9558677
1,1,0.9558677
1,1,0.9558677
1,1,0.9558677
1,1,0.9558677
1,1,0.9558677
0,1,0.94507325
1,1,0.9558677
1,1,0.9558677
1,1,0.9558677
1,1,0.9558677
1,1,0.9558677
1,1,0.9558677
1,1,0.9558677
1,1,0.95581937
1,1,0.9558677
1,1,0.9437011
1,1,0.9558677
1,1,0.94392514
1,1,0.9558677
1,1,0.9558677
1,1,0.9558677
1,1,0.9558677
1,1,0.9558677
1,1,0.9558677
1,1,0.9558677
1,1,0.9558677
1,1,0.9558677
1,1,0.9558677
1,1,0.9558677
1,1,0.9558677
1,1,0.932858
1,1,0.94562423
1,1,0.9558677
1,1,0.94417703
0,1,0.92258626
1,1,0.95100904
1,1,0.9558677
1,1,0.9558677
1,1,0.9558677
1,1,0.9558677
1,1,0.9558677
1,1,0.9556644
1,1,0.9558677
1,1,0.9558677
1,1,0.9558677
1,1,0.9558677
1,1,0.9558677
1,1,0.9558677
1,1,0.9558677
1,1,0.9558677
1,1,0.9558677
1,1,0.955723
1,1,0.95487374
1,1,0.9558677
1,1,0.9558677
1,1,0.9558677
1,1,0.9558677
1,1,0.9558119
1,1,0.9558677
1,1,0.9558677
1,1,0.9558677
1,1,0.9399606
1,1,0.9558677
1,1,0.9558677
1,1,0.9558677
1,1,0.9558677
1,1,0.9558677
1,1,0.94417703
1,1,0.9558677
1,1,0.9512604
1,1,0.9558677
1,1,0.9558677
1,1,0.95272505
1,1,0.9558677
1,1,0.9558677
1,1,0.9558677
1,1,0.9558677
1,1,0.9558677
1,1,0.955853
1,1,0.9558677
1,1,0.9558677
1,1,0.9558677
1,1,0.9558677
1,1,0.95576024
1,1,0.9558677
1,1,0.9558677
1,1,0.95208687
1,1,0.955853
1,1,0.9558677
1,1,0.9558677
1,1,0.9558677
1,1,0.9558677
1,1,0.9558677
1,1,0.95058185
1,1,0.9558677
0,1,0.9044963
1,1,0.9558677
1,1,0.9558677
1,1,0.95279574
1,1,0.9558677
1,1,0.9558677
1,1,0.9521121
1,1,0.9558677
1,1,0.94621366
1,1,0.9558677
1,1,0.9558677
1,1,0.9558677
1,1,0.94417703
1,1,0.9558677
1,1,0.9558677
1,1,0.9558677
1,1,0.94507325
1,1,0.9558677
1,1,0.9558677
1,1,0.9558677
1,1,0.9558677
1,1,0.9558677
1,1,0.9558677
1,1,0.9558306
1,1,0.9558677
1,1,0.9558677
1,1,0.9558677
1,1,0.9558677
1,1,0.95277125
1,1,0.9558677
1,1,0.9558677
1,1,0.9558677
1,1,0.9558677
1,1,0.9558677
1,1,0.9558677
1,1,0.94562423
1,1,0.9558677
1,1,0.9558677
1,1,0.9558677
1,1,0.9558677
1,1,0.9558677
1,1,0.9558677
1,1,0.9558677
1,1,0.9558677
1,1,0.9558677
1,1,0.95108235
1,1,0.9558677
1,1,0.9558677
1,1,0.9558677
1,1,0.9536624
1,1,0.9558677
1,1,0.9558677
1,1,0.9558119
1,1,0.9558677
1,1,0.9558677
1,1,0.9558677
1,1,0.9558677
1,1,0.9558677
1,1,0.9558677
1,1,0.9558677
1,1,0.9558677
1,1,0.9558677
1,1,0.9558677
1,1,0.9558677
1,1,0.95487374
1,1,0.9558677
1,1,0.9558677
1,1,0.9558677
1,1,0.9558677
1,1,0.9558677
1,1,0.9558677
1,1,0.95581937
1,1,0.9558677
1,1,0.95257306
1,1,0.955853
1,1,0.9558677
1,1,0.9558677
1,1,0.9558677
1,1,0.9558677
1,1,0.9558677
1,1,0.9521121
1,1,0.9558677
1,1,0.9522089
1,1,0.9558677
1,1,0.9558565
1,1,0.9558677
1,1,0.9525243
1,1,0.9558677
1,1,0.9558677
1,1,0.9558677
1,1,0.9558677
1,1,0.94345254
1,1,0.9558677
1,1,0.9558677
1,1,0.9558677
1,1,0.9558677
1,1,0.9558677
1,1,0.9558677
1,1,0.9558677
1,1,0.95194805
1,1,0.9558677
1,1,0.9558677
1,1,0.9558677
1,1,0.9558677
1,1,0.9558677
1,1,0.9558677
1,1,0.9399606
1,1,0.955853
1,1,0.9558677
1,1,0.9558677
1,1,0.9558677
1,1,0.9558677
1,1,0.9558677
1,1,0.9558677
1,1,0.9558677
1,1,0.9558677
1,1,0.9558677
1,1,0.9527517
1,1,0.9558677
1,1,0.95270795
1,1,0.9558677
1,1,0.9558677
1,1,0.9558677
1,1,0.9558677
1,1,0.9558677
1,1,0.955853
1,1,0.9558677
1,1,0.9558677
1,1,0.9558677
1,1,0.9558677
1,1,0.9558677
1,1,0.9558677
1,1,0.9558677
1,1,0.9558677
1,1,0.95487374
1,1,0.9558677
1,1,0.9558677
1,1,0.9558677
1,1,0.94747484
1,1,0.9558677
1,1,0.9558677
1,1,0.9558677
1,1,0.9558677
1,1,0.9558677
1,1,0.9558677
1,1,0.9558677
1,1,0.9558677
1,1,0.95209605
0,1,0.9318687
0,1,0.94417703
1,1,0.9558677
1,1,0.9558677
1,1,0.9558677
1,1,0.955853
1,1,0.9558677
1,1,0.9533406
1,1,0.9558677
1,1,0.9558677
1,1,0.9558677
1,1,0.9558677
1,1,0.9558677
0,1,0.94417703
1,1,0.95581937
1,1,0.9558677
1,1,0.9558677
1,1,0.9558677
1,1,0.9558677
1,1,0.9558677
1,1,0.9558677
0,1,0.95208687
1,1,0.9558677
1,1,0.95223784
1,1,0.9253301
1,1,0.9558677
1,1,0.9558677
1,1,0.9558677
1,1,0.9558677
1,1,0.9558677
1,1,0.9558677
1,1,0.9558677
1,1,0.9533406
1,1,0.9558677
1,1,0.9399606
1,1,0.9558677
1,1,0.9368527
1,1,0.9558677
1,1,0.9558677
1,1,0.9558677
1,1,0.9558677
1,1,0.9558677
1,1,0.9558677
1,1,0.9522089
1,1,0.9558677
1,1,0.95568866
1,1,0.95208687
1,1,0.9558677
1,1,0.9558677
1,1,0.955853
1,1,0.9558677
1,1,0.95581937
1,1,0.9558677
1,1,0.9558677
1,1,0.9558677
1,1,0.9558677
1,1,0.9558677
1,1,0.9558677
1,1,0.9558677
1,1,0.94562423
1,1,0.9555738
1,1,0.9558677
1,1,0.9557454
1,1,0.9558677
1,1,0.9558677
1,1,0.9558677
1,1,0.9558677
1,1,0.9558677
1,1,0.9455773
1,1,0.9558677
1,1,0.9558677
1,1,0.9558677
1,1,0.9558677
1,1,0.9558677
1,1,0.955853
1,1,0.9558677
1,1,0.9558677
1,1,0.9558677
1,1,0.9558677
1,1,0.9558677
1,1,0.9558677
1,1,0.9544304
1,1,0.9521121
1,1,0.95208687
1,1,0.9558677
1,1,0.9558677
1,1,0.9558677
1,1,0.9558677
1,1,0.9558677
1,1,0.9558677
1,1,0.94673973
1,1,0.9558677
1,1,0.9558677
1,1,0.9558677
1,1,0.95208687
1,1,0.9558677
1,1,0.9558677
1,1,0.9558677
1,1,0.9558677
1,1,0.95322686
1,1,0.9399606
1,1,0.9558677
1,1,0.9558677
1,1,0.955853
1,1,0.9556792
1,1,0.9521121
1,1,0.9558677
1,1,0.9558677
1,1,0.9558677
1,1,0.9558677
1,1,0.9455773
1,1,0.9558677
1,1,0.9558677
1,1,0.9558677
1,1,0.9558677
1,1,0.9558677
1,1,0.9558677
1,1,0.9558677
1,1,0.94621366
1,1,0.9558677
1,1,0.9558677
1,1,0.9558677
1,1,0.9558677
1,1,0.9558677
1,1,0.9558677
1,1,0.9558677
1,1,0.94507325
1,1,0.9558677
1,1,0.9558677
1,1,0.9558677
1,1,0.9522089
1,1,0.9558677
1,1,0.9558677
1,1,0.9558677
1,1,0.9558677
1,1,0.9558677
1,1,0.9558677
1,1,0.9558677
1,1,0.9558677
1,1,0.9558677
1,1,0.95208687
1,1,0.9558677
1,1,0.9558677
1,1,0.9558677
1,1,0.95208687
1,1,0.9558677
1,1,0.9558677
1,1,0.95570165
1,1,0.9558677
1,1,0.9044963
1,1,0.9558677
1,1,0.9558677
0,1,0.9518539
1,1,0.9558677
1,1,0.9558677
1,1,0.9558677
1,1,0.9558677
1,1,0.955723
1,1,0.95208687
1,1,0.9558677
1,1,0.9558677
1,1,0.9558677
1,1,0.9558677
1,1,0.9558677
1,1,0.9558677
1,1,0.9558677
1,1,0.9558677
1,1,0.9558677
1,1,0.948673
1,1,0.9558677
1,1,0.9558677
1,1,0.9558677
1,1,0.9558677
1,1,0.9558677
1,1,0.9558677
1,1,0.9503867
1,1,0.9558677
1,1,0.9558677
1,1,0.9558677
1,1,0.9558677
1,1,0.9558677
1,1,0.9558677
1,1,0.9558677
1,1,0.955853
1,1,0.9558677
1,1,0.9558677
1,1,0.9558677
1,1,0.9558677
1,1,0.95487374
1,1,0.95208687
1,1,0.9558677
1,1,0.9558677
1,1,0.9558677
1,1,0.9558677
1,1,0.95208687
1,1,0.95487374
1,1,0.9558677
1,1,0.9558677
1,1,0.9558677
1,1,0.9558677
1,1,0.94507325
1,1,0.9558677
1,1,0.9558677
1,1,0.9558677
1,1,0.9558677
1,1,0.9558677
1,1,0.95209605
1,1,0.9558677
1,1,0.95208687
1,1,0.9558677
1,1,0.95487374
1,1,0.9558677
1,1,0.9558677
1,1,0.9527517
1,1,0.9558677
1,1,0.9558677
1,1,0.95487374
1,1,0.9558677
1,1,0.9558677
1,1,0.95345104
1,1,0.9558677
1,1,0.9455773
1,1,0.9558677
1,1,0.9558677
1,1,0.9558677
1,1,0.9558565
1,1,0.9558677
1,1,0.9558677
1,1,0.95570165
1,1,0.9558677
1,1,0.9558677
1,1,0.9558677
1,1,0.9558677
1,1,0.9558677
1,1,0.9558677
1,1,0.95208687
1,1,0.9472397
1,1,0.9558677
1,1,0.9558677
1,1,0.9558677
1,1,0.9558677
1,1,0.95208687
1,1,0.9558677
1,1,0.9558677
1,1,0.9558677
1,1,0.9542215
1,1,0.9556792
1,1,0.9558677
1,1,0.9558677
1,1,0.94392514
1,1,0.9558677
1,1,0.9558677
1,1,0.9553395
1,1,0.9558677
1,1,0.955853
1,1,0.95487374
1,1,0.9558677
1,1,0.9558677
1,1,0.95209605
1,1,0.9558677
1,1,0.9558677
1,1,0.9558677
1,1,0.9558677
1,1,0.9544304
0,1,0.9089315
1,1,0.9558677
1,1,0.9558677
1,1,0.95208687
1,1,0.9558677
1,1,0.9558677
1,1,0.9558677
1,1,0.9558677
1,1,0.9558677
1,1,0.9558677
1,1,0.95570165
1,1,0.9542215
1,1,0.9558119
1,1,0.95209605
1,1,0.9558677
1,1,0.9468635
1,1,0.95208687
1,1,0.95208687
1,1,0.9558677
1,1,0.9558677
1,1,0.9558565
1,1,0.9558677
1,1,0.9558677
1,1,0.9558677
1,1,0.9558677
1,1,0.9558677
1,1,0.9558677
1,1,0.9558677
1,1,0.9558677
1,1,0.9558677
1,1,0.9558677
1,1,0.9558677
1,1,0.9555833
1,1,0.9091431
1,1,0.9558677
1,1,0.9558677
1,1,0.9558677
1,1,0.9558677
1,1,0.9558677
1,1,0.9558677
1,1,0.9558677
1,1,0.9558677
1,1,0.95581937
1,1,0.9558677
1,1,0.9558677
1,1,0.9558677
1,1,0.9558677
1,1,0.9558677
1,1,0.9558677
1,1,0.9558677
1,1,0.95581937
1,1,0.9558677
1,1,0.9558677
1,1,0.9558677
1,1,0.9558677
1,1,0.95208687
0,1,0.94345254
1,1,0.9558677
1,1,0.9558677
1,1,0.9558677
1,1,0.95576024
1,1,0.9558677
1,1,0.9558677
1,1,0.9558677
1,1,0.9558677
1,1,0.9558677
1,1,0.9558677
1,1,0.9558677
1,1,0.9558677
1,1,0.9527476
1,1,0.94417703
1,1,0.95208687
1,1,0.9558677
1,1,0.9558677
1,1,0.9558677
1,1,0.9558677
1,1,0.9558677
1,1,0.9558677
0,1,0.9445379
1,1,0.9558677
1,1,0.95581937
1,1,0.94819605
1,1,0.9558677
1,1,0.9558677
1,1,0.9554272
1,1,0.9558677
1,1,0.9553395
1,1,0.9558677
1,1,0.9534842
1,1,0.9558677
1,1,0.9558677
1,1,0.9558677
1,1,0.9558677
1,1,0.9558677
1,1,0.9558677
1,1,0.9558677
1,1,0.94345254
1,1,0.9558677
1,1,0.9558677
1,1,0.955853
1,1,0.95487374
1,1,0.9558677
1,1,0.9558677
1,1,0.9558677
1,1,0.9558677
1,1,0.9558677
1,1,0.95487374
1,1,0.9558677
1,1,0.9558677
1,1,0.9558677
1,1,0.9558677
1,1,0.9558677
1,1,0.955853
1,1,0.9558677
1,1,0.9558677
1,1,0.9558677
1,1,0.9558677
1,1,0.9558677
1,1,0.9558677
1,1,0.9558677
1,1,0.9471168
1,1,0.9558677
1,1,0.9558677
1,1,0.9558677
1,1,0.9558677
1,1,0.9558677
1,1,0.9558677
1,1,0.95208687
1,1,0.9558677
1,1,0.9558677
1,1,0.94542867
1,1,0.9558677
1,1,0.9558677
1,1,0.9558677
1,1,0.9558677
1,1,0.9558677
1,1,0.95208687
1,1,0.9558677
1,1,0.9558677
1,1,0.9558677
1,1,0.9558677
1,1,0.9455773
1,1,0.9558677
1,1,0.95208687
1,1,0.9557156
1,1,0.9558677
1,1,0.9558677
1,1,0.9558677
1,1,0.9558677
1,1,0.9558677
1,1,0.9558677
1,1,0.9558565
1,1,0.9558677
1,1,0.9558677
1,1,0.9558677
1,1,0.9558677
1,1,0.95576024
1,1,0.9558677
1,1,0.9558677
1,1,0.9558677
1,1,0.95487374
1,1,0.9558677
1,1,0.9558677
1,1,0.9558677
1,1,0.9558677
1,1,0.9558677
1,1,0.9558565
1,1,0.9557259
1,1,0.9558677
1,1,0.9558677
1,1,0.9435198
1,1,0.9558677
1,1,0.9558677
1,1,0.9512604
1,1,0.9558677
1,1,0.9558677
1,1,0.9558677
1,1,0.9558677
1,1,0.9558677
1,1,0.9558677
1,1,0.95576024
1,1,0.9558677
1,1,0.9558677
1,1,0.9558677
1,1,0.9558677
1,1,0.9558677
1,1,0.9558677
1,1,0.9558677
0,1,0.9035344
1,1,0.9558677
1,1,0.9558677
1,1,0.9558677
1,1,0.9558677
1,1,0.9558677
1,1,0.9558677
1,1,0.9558677
1,1,0.9558677
1,1,0.9558677
1,1,0.9558677
1,1,0.95209605
1,1,0.9558677
1,1,0.9558677
1,1,0.9558677
1,1,0.9558677
1,1,0.9558677
1,1,0.9558677
1,1,0.9558677
1,1,0.9558677
1,1,0.95209605
1,1,0.9558677
1,1,0.9558677
1,1,0.9558677
1,1,0.9558677
1,1,0.9558677
1,1,0.9558677
1,1,0.9558677
1,1,0.9558677
1,1,0.9558677
1,1,0.9458209
0,1,0.94392514
1,1,0.95487374
1,1,0.95570165
1,1,0.94562423
1,1,0.9558677
1,1,0.9558677
1,1,0.9558565
1,1,0.9558677
1,1,0.9558677
1,1,0.9558677
1,1,0.9558677
1,1,0.95487374
1,1,0.9558677
1,1,0.9558565
1,1,0.9558677
1,1,0.9558677
1,1,0.9558677
1,1,0.95209605
1,1,0.9558677
1,1,0.9558677
1,1,0.9558677
1,1,0.9558677
1,1,0.9558677
1,1,0.95487374
1,1,0.9558677
1,1,0.9522089
1,1,0.9558677
1,1,0.9558677
1,1,0.95571643
1,1,0.95208687
1,1,0.9558677
1,1,0.9558677
1,1,0.9558677
1,1,0.94621366
1,1,0.9558677
1,1,0.9558677
1,1,0.9558677
1,1,0.9558677
1,1,0.95277125
1,1,0.9558677
1,1,0.9558677
1,1,0.9558677
1,1,0.9558677
1,1,0.9558677
1,1,0.9558677
1,1,0.95487374
1,1,0.9558677
1,1,0.9558677
1,1,0.9277265
1,1,0.9558677
1,1,0.9558677
1,1,0.9558677
1,1,0.9558677
1,1,0.9558677
0,1,0.9455773
1,1,0.9558677
1,1,0.92562824
1,1,0.9558677
1,1,0.955853
1,1,0.9558677
1,1,0.9558677
1,1,0.9558677
1,1,0.9558677
1,1,0.9558677
1,1,0.9558677
1,1,0.9558677
1,1,0.9558677
1,1,0.9558677
1,1,0.9558677
1,1,0.9558677
1,1,0.94621366
1,1,0.9437011
1,1,0.9558677
1,1,0.9543332
1,1,0.9558677
1,1,0.9558677
1,1,0.9558677
1,1,0.95322686
1,1,0.9558677
1,1,0.9558565
1,1,0.9558565
1,1,0.9558677
1,1,0.9558677
1,1,0.9558677
1,1,0.9558677
1,1,0.94562423
1,1,0.9558677
1,1,0.9558677
1,1,0.9558677
1,1,0.9558119
1,1,0.9558677
1,1,0.9558677
1,1,0.9558677
1,1,0.9558677
1,1,0.9558677
1,1,0.9558677
1,1,0.9558677
1,1,0.9558677
1,1,0.9558677
1,1,0.9558677
1,1,0.95576024
1,1,0.94413334
1,1,0.95192236
1,1,0.9558119
1,1,0.9558677
1,1,0.9558677
1,1,0.95566046
1,1,0.9458209
1,1,0.9558677
1,1,0.9558677
1,1,0.9558677
1,1,0.9558677
1,1,0.9558677
1,1,0.9558677
1,1,0.9558677
1,1,0.9558677
1,1,0.9558677
1,1,0.9558677
1,1,0.9558677
1,1,0.9558677
1,1,0.9558677
1,1,0.9558565
1,1,0.9558677
1,1,0.955723
1,1,0.9558677
1,1,0.9558677
1,1,0.9558677
1,1,0.9558677
1,1,0.95581937
1,1,0.9558677
1,1,0.95272505
1,1,0.9539357
1,1,0.9558677
1,1,0.9558677
1,1,0.9558677
1,1,0.9558677
1,1,0.9558677
1,1,0.9558677
1,1,0.9558677
1,1,0.9558677
1,1,0.9558677
1,1,0.9558677
1,1,0.9558677
1,1,0.9558677
1,1,0.9558677
1,1,0.9558677
1,1,0.9522089
1,1,0.9558677
1,1,0.9558677
1,1,0.95487374
1,1,0.9558677
1,1,0.9558677
1,1,0.9558677
1,1,0.9558677
1,1,0.95487374
1,1,0.9558677
1,1,0.9558677
1,1,0.9557454
1,1,0.9558677
1,1,0.9536624
1,1,0.9558677
1,1,0.9558677
1,1,0.9558677
1,1,0.9558677
1,1,0.9558677
1,1,0.9558677
1,1,0.9558677
1,1,0.9558677
1,1,0.9558677
1,1,0.9558677
1,1,0.9558677
1,1,0.9558677
1,1,0.9558677
1,1,0.9558677
1,1,0.9558677
1,1,0.9558677
1,1,0.9455773
1,1,0.95576024
1,1,0.9558677
1,1,0.9558677
1,1,0.955853
1,1,0.9558677
1,1,0.9558677
1,1,0.9558677
1,1,0.9558677
1,1,0.9558677
1,1,0.9558677
1,1,0.95208687
1,1,0.9558677
1,1,0.9558677
1,1,0.9558677
1,1,0.9558677
1,1,0.9558677
1,1,0.95487374
1,1,0.95208687
1,1,0.9558677
1,1,0.9558677
1,1,0.9558677
1,1,0.9558677
1,1,0.9558677
1,1,0.9558677
1,1,0.9558677
1,1,0.9558677
1,1,0.9558565
1,1,0.9558677
1,1,0.9558677
1,1,0.95576024
1,1,0.9558677
1,1,0.95568866
1,1,0.9558677
1,1,0.9558677
1,1,0.9558677
1,1,0.9558677
1,1,0.9558677
1,1,0.9558677
1,1,0.95209605
1,1,0.9558677
1,1,0.9558677
1,1,0.9558565
1,1,0.9558677
1,1,0.9558677
1,1,0.9558677
0,1,0.9044963
1,1,0.9558677
1,1,0.9558677
1,1,0.95208687
1,1,0.9558677
1,1,0.9558677
1,1,0.9558677
1,1,0.9558677
1,1,0.9558677
1,1,0.95581937
1,1,0.9558677
1,1,0.9558677
1,1,0.9558677
1,1,0.95208687
1,1,0.9558677
1,1,0.9558677
1,1,0.9558677
1,1,0.9558677
1,1,0.9558677
1,1,0.9527517
1,1,0.9558677
1,1,0.95208687
1,1,0.9558677
1,1,0.9558677
1,1,0.9558677
1,1,0.95395106
1,1,0.9558677
1,1,0.9558677
1,1,0.9558677
1,1,0.9558677
1,1,0.9558677
1,1,0.9558677
1,1,0.9488351
1,1,0.9558119
1,1,0.9558677
1,1,0.9558677
1,1,0.9558677
1,1,0.9503867
1,1,0.95208687
1,1,0.9558677
1,1,0.9558677
1,1,0.9558677
1,1,0.9558677
1,1,0.9558677
1,1,0.9558677
1,1,0.9558677
1,1,0.9522089
1,1,0.9558677
1,1,0.9558677
1,1,0.9558677
1,1,0.94350123
1,1,0.9558677
1,1,0.95272505
1,1,0.9558677
1,1,0.9558677
1,1,0.9558677
1,1,0.9558677
1,1,0.95240843
1,1,0.95487374
1,1,0.95344704
1,1,0.9558677
1,1,0.9558677
1,1,0.9558677
1,1,0.9558677
1,1,0.95487374
1,1,0.9558565
1,1,0.9558677
1,1,0.9558677
1,1,0.9558677
1,1,0.9558677
1,1,0.9558677
0,1,0.94507325
1,1,0.9558677
1,1,0.9558677
1,1,0.9557454
1,1,0.95576024
1,1,0.9558677
1,1,0.9558677
1,1,0.9558677
1,1,0.9558677
1,1,0.955853
1,1,0.9558677
1,1,0.9093274
1,1,0.9558677
1,1,0.9558677
1,1,0.95208687
1,1,0.9558677
1,1,0.9558677
1,1,0.9558677
1,1,0.9525243
1,1,0.9558677
1,1,0.9558677
1,1,0.9558677
1,1,0.95208687
1,1,0.9558677
1,1,0.9558677
1,1,0.9558677
1,1,0.9558677
1,1,0.9558565
1,1,0.9558677
1,1,0.9558677
1,1,0.95208687
1,1,0.9558677
1,1,0.95270795
1,1,0.9558677
1,1,0.95487374
1,1,0.9558677
1,1,0.9558677
1,1,0.95209605
1,1,0.9558677
1,1,0.9558677
1,1,0.9558677
1,1,0.95576024
1,1,0.9558565
1,1,0.9527517
1,1,0.9558677
1,1,0.9558677
1,1,0.9558677
1,1,0.95208687
1,1,0.9558677
1,1,0.9558677
1,1,0.9558677
1,1,0.9558677
1,1,0.955853
1,1,0.9558677
1,1,0.9558677
1,1,0.9558677
1,1,0.9558677
1,1,0.9558677
1,1,0.9558677
1,1,0.9558677
1,1,0.9558677
1,1,0.9558677
1,1,0.9558677
1,1,0.9558677
1,1,0.9558677
1,1,0.9558677
1,1,0.955853
1,1,0.9558677
1,1,0.9558677
1,1,0.9558677
1,1,0.9558677
1,1,0.9558677
1,1,0.9558677
1,1,0.9558677
1,1,0.9558677
1,1,0.9558677
1,1,0.9558677
1,1,0.9558677
1,1,0.9437011
1,1,0.9558677
1,1,0.9558677
1,1,0.9558677
1,1,0.94621366
1,1,0.92726374
1,1,0.9453497
1,1,0.9558677
1,1,0.9558677
1,1,0.9558677
1,1,0.9558677
1,1,0.9558677
1,1,0.95576024
1,1,0.95570165
1,1,0.9558677
1,1,0.9558677
1,1,0.95581937
1,1,0.9558677
1,1,0.9558677
1,1,0.95487374
1,1,0.9557259
1,1,0.9558677
1,1,0.95208687
1,1,0.9558677
1,1,0.9558677
1,1,0.95581937
1,1,0.9558677
1,1,0.9558677
1,1,0.9558677
1,1,0.9558677
1,1,0.9558677
1,1,0.9558677
1,1,0.9558677
1,1,0.9558677
1,1,0.9558677
1,1,0.95208687
1,1,0.9555738
1,1,0.9558677
0,1,0.9399606
1,1,0.9558677
1,1,0.95581937
1,1,0.9558677
1,1,0.9558677
1,1,0.9558677
1,1,0.9558677
1,1,0.95208687
1,1,0.9558677
1,1,0.9558677
1,1,0.9558677
1,1,0.9558677
1,1,0.9558677
1,1,0.9558677
1,1,0.9558677
1,1,0.95209605
1,1,0.9558677
1,1,0.9558677
1,1,0.9558677
1,1,0.95208687
1,1,0.9558119
1,1,0.9558677
1,1,0.9555833
1,1,0.9558677
1,1,0.9558677
1,1,0.9558677
1,1,0.9556304
1,1,0.9558677
1,1,0.9558677
1,1,0.9558677
1,1,0.9558677
1,1,0.9558677
1,1,0.9558677
1,1,0.9558677
1,1,0.92755467
1,1,0.955853
1,1,0.9558677
1,1,0.9558677
1,1,0.95240843
1,1,0.9558677
1,1,0.9558677
1,1,0.9558677
1,1,0.9558565
1,1,0.9558677
1,1,0.9558677
1,1,0.9558677
1,1,0.9558677
1,1,0.9558677
1,1,0.9558677
1,1,0.9557111
1,1,0.9558677
1,1,0.9558677
1,1,0.9558677
1,1,0.9558677
1,1,0.9558677
1,1,0.9558677
1,1,0.9544304
1,1,0.9558677
1,1,0.95208687
1,1,0.9558677
1,1,0.9558677
1,1,0.9558677
1,1,0.9558677
1,1,0.9558677
1,1,0.955853
1,1,0.9503363
1,1,0.94562423
0,1,0.9455773
1,1,0.9558677
1,1,0.9558677
1,1,0.9522972
1,1,0.9558677
1,1,0.9558677
1,1,0.9558677
1,1,0.955782
1,1,0.9558677
1,1,0.9558677
1,1,0.9558677
1,1,0.9558677
1,1,0.9558677
1,1,0.95208687
1,1,0.9558677
1,1,0.9558677
1,1,0.9558677
1,1,0.9558677
1,1,0.9558677
1,1,0.9558677
1,1,0.9558677
1,1,0.9558677
1,1,0.9558677
1,1,0.9558677
1,1,0.9558677
1,1,0.9558565
1,1,0.9558677
1,1,0.9558677
1,1,0.9558677
1,1,0.9558677
1,1,0.95208687
1,1,0.9558677
0,1,0.9089315
1,1,0.9558677
0,1,0.9455773
1,1,0.9555589
1,1,0.95581937
1,1,0.9558677
1,1,0.9558677
1,1,0.9558677
1,1,0.9558677
1,1,0.9558677
1,1,0.9558677
1,1,0.9558677
1,1,0.9558677
1,1,0.9558677
1,1,0.95208687
1,1,0.9558677
1,1,0.9558677
1,1,0.95208687
1,1,0.9558677
1,1,0.94621366
1,1,0.9558677
1,1,0.92562824
1,1,0.9558677
1,1,0.9558677
1,1,0.9091431
1,1,0.9558677
1,1,0.92726374
1,1,0.9558677
1,1,0.9558677
1,1,0.95208687
1,1,0.9558677
1,1,0.9558677
1,1,0.9558677
1,1,0.9558677
1,1,0.9558677
1,1,0.9558677
1,1,0.9557259
1,1,0.95534444
1,1,0.955853
1,1,0.9558677
1,1,0.9558677
1,1,0.9558677
1,1,0.9558677
1,1,0.9558677
1,1,0.9558677
1,1,0.9558677
1,1,0.95208687
1,1,0.9558677
1,1,0.9558677
1,1,0.9558677
1,1,0.9557567
1,1,0.9558677
1,1,0.94562423
1,1,0.9558677
1,1,0.9558677
1,1,0.9558677
1,1,0.9558677
1,1,0.9558677
1,1,0.95487374
1,1,0.9558677
1,1,0.9558677
1,1,0.9558677
1,1,0.9558677
1,1,0.9558677
1,1,0.9558677
1,1,0.9558677
1,1,0.9558677
1,1,0.9558677
1,1,0.9558677
1,1,0.9558677
1,1,0.95257306
1,1,0.9558677
1,1,0.9558677
1,1,0.9558677
1,1,0.9558677
1,1,0.9558677
1,1,0.9521121
1,1,0.9558677
1,1,0.9558677
1,1,0.9558677
1,1,0.9558677
1,1,0.9558677
1,1,0.9558677
1,1,0.95208687
1,1,0.9558677
1,1,0.9558677
1,1,0.9558677
1,1,0.9558677
0,1,0.9399606
1,1,0.9558677
1,1,0.9558677
1,1,0.94621366
1,1,0.9558677
1,1,0.9558677
1,1,0.9558677
1,1,0.9558677
1,1,0.95208687
1,1,0.95209605
1,1,0.9558677
1,1,0.9558677
1,1,0.95208687
1,1,0.9558677
1,1,0.9558677
1,1,0.9558677
1,1,0.9558677
1,1,0.9558677
1,1,0.9558677
1,1,0.9558677
1,1,0.9558677
1,1,0.9558677
0,1,0.9524889
1,1,0.95487374
1,1,0.95313317
1,1,0.9558677
1,1,0.9558677
1,1,0.9558677
1,1,0.9558677
1,1,0.9558677
1,1,0.9558677
1,1,0.9558677
1,1,0.9558677
1,1,0.9558677
1,1,0.9558677
1,1,0.9558677
1,1,0.9558677
1,1,0.9558677
1,1,0.9558677
1,1,0.9558677
1,1,0.9558677
1,1,0.9558677
1,1,0.95208687
1,1,0.9558677
1,1,0.94413334
1,1,0.9558677
1,1,0.9558677
1,1,0.9558677
1,1,0.9558677
1,1,0.95570165
1,1,0.955853
1,1,0.9558677
1,1,0.9558677
1,1,0.9558677
1,1,0.9558677
1,1,0.9558677
1,1,0.9522089
1,1,0.9558677
1,1,0.95576024
1,1,0.9558677
1,1,0.95487374
1,1,0.95581937
1,1,0.9558677
1,1,0.9558677
1,1,0.9558677
1,1,0.9558677
1,1,0.9558677
1,1,0.9558677
1,1,0.9558677
1,1,0.95581937
1,1,0.94542867
1,1,0.9558677
1,1,0.9558677
1,1,0.9558677
1,1,0.94392514
1,1,0.9558677
1,1,0.9558677
1,1,0.9558565
1,1,0.95581937
1,1,0.9558677
1,1,0.9558677
1,1,0.9558677
1,1,0.9558677
1,1,0.9558677
1,1,0.9558677
1,1,0.9558677
0,1,0.948673
1,1,0.95208687
1,1,0.9558677
1,1,0.9558677
1,1,0.9558677
1,1,0.9558677
1,1,0.9558677
1,1,0.9527517
1,1,0.9558677
1,1,0.9558677
1,1,0.9558677
1,1,0.9558677
1,1,0.9558677
1,1,0.9558677
1,1,0.9558677
1,1,0.9557259
1,1,0.9558677
1,1,0.9558677
1,1,0.9558677
1,1,0.9558677
1,1,0.95576024
1,1,0.95100904
1,1,0.9455773
1,1,0.9558677
1,1,0.9558677
1,1,0.9558677
1,1,0.955853
1,1,0.9558677
1,1,0.9558677
1,1,0.9558677
1,1,0.94714004
1,1,0.9558677
1,1,0.9277265
1,1,0.9558677
1,1,0.9558677
1,1,0.9558677
1,1,0.9558677
1,1,0.9558677
0,1,0.94392514
1,1,0.9558677
1,1,0.9521121
1,1,0.9558677
1,1,0.9558677
1,1,0.9558677
1,1,0.94417703
1,1,0.9558677
1,1,0.9558677
1,1,0.9558677
1,1,0.9558677
1,1,0.9558677
1,1,0.955723
1,1,0.9558677
1,1,0.955853
1,1,0.9558677
1,1,0.9558677
1,1,0.9558677
1,1,0.9558677
1,1,0.93672043
1,1,0.9558677
1,1,0.9544304
1,1,0.9558677
1,1,0.9558677
1,1,0.95576024
1,1,0.9557567
1,1,0.9558677
1,1,0.9558677
1,1,0.9558677
1,1,0.9558677
1,1,0.9558677
1,1,0.9558677
1,1,0.955853
1,1,0.9558677
1,1,0.9558677
1,1,0.9558677
1,1,0.9558677
1,1,0.9558677
1,1,0.9558677
1,1,0.9558677
1,1,0.9558677
1,1,0.95487374
1,1,0.9465812
1,1,0.9558565
1,1,0.9558677
1,1,0.9558677
1,1,0.9558677
1,1,0.9558677
1,1,0.9558677
1,1,0.9558677
1,1,0.9558565
1,1,0.9558677
1,1,0.9558677
1,1,0.9558677
1,1,0.9558677
1,1,0.9558677
1,1,0.9558119
1,1,0.9558677
1,1,0.9558677
1,1,0.9540408
1,1,0.9558677
1,1,0.9503363
1,1,0.9497183
1,1,0.9558565
1,1,0.9558677
1,1,0.9558677
1,1,0.9558677
1,1,0.9558677
1,1,0.9557567
1,1,0.9558677
1,1,0.95345104
1,1,0.9558677
1,1,0.95208687
1,1,0.9558677
1,1,0.9558677
1,1,0.9558677
1,1,0.9558677
1,1,0.9558677
1,1,0.9558677
1,1,0.9558677
1,1,0.9558677
1,1,0.9558677
1,1,0.9558677
1,1,0.9558565
1,1,0.9558677
1,1,0.9558677
1,1,0.9558677
1,1,0.9558677
1,1,0.95209605
1,1,0.9558677
1,1,0.9558677
1,1,0.9558677
1,1,0.955853
1,1,0.9558677
1,1,0.9558677
1,1,0.9558677
1,1,0.9558677
1,1,0.9558677
1,1,0.9558677
1,1,0.955723
1,1,0.9558677
1,1,0.9558677
1,1,0.9558677
1,1,0.9558677
1,1,0.9558677
1,1,0.9558677
1,1,0.9558677
1,1,0.9558677
1,1,0.95351887
1,1,0.95487374
1,1,0.9558677
1,1,0.95209605
1,1,0.9558677
1,1,0.9558677
1,1,0.9558677
1,1,0.9558677
1,1,0.9558677
1,1,0.9558677
1,1,0.9558677
1,1,0.9558677
1,1,0.9558677
1,1,0.9558677
1,1,0.9558677
1,1,0.95576024
1,1,0.95576024
1,1,0.95208687
1,1,0.9558677
1,1,0.9558677
1,1,0.9558677
1,1,0.9558677
1,1,0.9558677
1,1,0.9558677
1,1,0.95568866
1,1,0.9558677
1,1,0.9558119
1,1,0.9558677
1,1,0.9558677
1,1,0.955853
1,1,0.9523372
1,1,0.9558565
1,1,0.9558677
1,1,0.9558677
1,1,0.95061713
1,1,0.9558677
1,1,0.9558677
1,1,0.9558677
1,1,0.9521121
1,1,0.9558677
1,1,0.9558677
1,1,0.955853
1,1,0.9558677
1,1,0.9558677
1,1,0.9558677
1,1,0.95208687
1,1,0.9558677
1,1,0.9558677
1,1,0.9558565
1,1,0.9558677
1,1,0.9558677
1,1,0.94345254
1,1,0.9558677
1,1,0.9558677
1,1,0.95571643
1,1,0.9558677
1,1,0.9558677
1,1,0.9558677
1,1,0.90319824
1,1,0.9558677
1,1,0.9558677
1,1,0.9558677
1,1,0.9558677
1,1,0.95208687
1,1,0.9558677
1,1,0.9558677
1,1,0.9558677
1,1,0.9558677
1,1,0.9558677
1,1,0.9558677
1,1,0.9558677
0,1,0.94392514
1,1,0.9558677
1,1,0.9558677
1,1,0.9558677
1,1,0.9067937
1,1,0.9558677
1,1,0.9558677
1,1,0.95581937
1,1,0.9556718
1,1,0.9558677
1,1,0.9558677
1,1,0.9558677
1,1,0.9531821
0,1,0.9044963
1,1,0.9558677
1,1,0.95208687
1,1,0.9558677
1,1,0.9558677
1,1,0.94020915
1,1,0.9558677
1,1,0.9558677
1,1,0.9557111
1,1,0.95487374
1,1,0.9558677
1,1,0.9558677
1,1,0.9558677
1,1,0.94417703
1,1,0.9558677
1,1,0.9558677
1,1,0.9558677
1,1,0.9558677
1,1,0.9558677
1,1,0.9558677
1,1,0.9558677
1,1,0.9558677
1,1,0.9558677
1,1,0.95487374
1,1,0.9558677
1,1,0.9558677
1,1,0.95208687
1,1,0.9558677
1,1,0.9555738
1,1,0.94728386
1,1,0.9558677
1,1,0.9558677
1,1,0.95209605
1,1,0.9558677
1,1,0.9558677
1,1,0.95487374
1,1,0.9558677
1,1,0.9558677
1,1,0.9558677
1,1,0.95107293
1,1,0.9558677
1,1,0.9558677
1,1,0.95208687
1,1,0.9558677
1,1,0.9408924
1,1,0.9558677
0,1,0.9399606
1,1,0.9558677
1,1,0.95581937
1,1,0.9558677
1,1,0.9558677
1,1,0.9558677
1,1,0.9558677
1,1,0.9558677
1,1,0.9558677
1,1,0.9558677
1,1,0.9558677
1,1,0.9558677
1,1,0.95487374
1,1,0.9558677
1,1,0.9558677
1,1,0.9558677
1,1,0.955853
1,1,0.9558677
1,1,0.9558677
1,1,0.9558677
1,1,0.9558677
1,1,0.9558565
1,1,0.9558677
1,1,0.9558677
1,1,0.9521121
1,1,0.9558677
1,1,0.9558677
1,1,0.9558677
1,1,0.9558677
1,1,0.95208687
1,1,0.9558677
1,1,0.9558677
1,1,0.9558677
1,1,0.9558677
1,1,0.9558677
1,1,0.95208687
1,1,0.9558677
1,1,0.9558677
1,1,0.9558677
1,1,0.95071197
1,1,0.9558677
1,1,0.9558677
1,1,0.9521121
1,1,0.9558677
1,1,0.9558677
1,1,0.95208687
1,1,0.9558677
1,1,0.9558677
0,1,0.9467399
1,1,0.9558677
1,1,0.9558677
1,1,0.9558677
1,1,0.9558677
1,1,0.9558677
1,1,0.9558677
1,1,0.9558677
1,1,0.9558677
1,1,0.94392514
1,1,0.9558677
1,1,0.9558677
1,1,0.95568866
1,1,0.9558677
1,1,0.954107
1,1,0.9558677
1,1,0.9558677
1,1,0.9558677
1,1,0.9558119
1,1,0.9557454
1,1,0.9558677
1,1,0.9558677
1,1,0.955853
1,1,0.95208687
1,1,0.9558677
1,1,0.9558677
0,1,0.94417703
1,1,0.95566046
1,1,0.9558677
1,1,0.95208687
1,1,0.9558677
1,1,0.95277125
1,1,0.9558677
1,1,0.9558677
1,1,0.95209605
1,1,0.9558677
1,1,0.9558677
1,1,0.9558677
1,1,0.9558677
1,1,0.9558565
1,1,0.9558677
1,1,0.9558677
1,1,0.9558677
1,1,0.9558677
1,1,0.9558677
1,1,0.9558677
1,1,0.9558677
1,1,0.9558677
1,1,0.9558677
1,1,0.9558677
1,1,0.9558677
1,1,0.94592965
1,1,0.9558677
1,1,0.95576024
1,1,0.9558677
1,1,0.9558677
1,1,0.9558677
1,1,0.9558677
1,1,0.9558677
1,1,0.95209605
1,1,0.9558677
1,1,0.94562423
1,1,0.9558677
1,1,0.9558677
1,1,0.9558677
1,1,0.9558677
1,1,0.9558677
1,1,0.9558677
1,1,0.9558677
1,1,0.95208687
1,1,0.9558677
1,1,0.9558677
1,1,0.9558677
1,1,0.9558677
1,1,0.9558677
1,1,0.9558677
1,1,0.94365245
1,1,0.9558677
1,1,0.9558677
1,1,0.9558677
1,1,0.9558677
1,1,0.95576024
1,1,0.9558677
1,1,0.95547116
1,1,0.9558677
1,1,0.9558677
1,1,0.9558677
1,1,0.95576024
1,1,0.9558677
1,1,0.9558677
1,1,0.9558677
1,1,0.9525243
1,1,0.9558677
1,1,0.9558677
1,1,0.9558677
1,1,0.9558677
1,1,0.9558677
1,1,0.9558677
1,1,0.9558677
1,1,0.9558677
1,1,0.95208687
1,1,0.95571643
1,1,0.95208687
1,1,0.9558677
1,1,0.9558677
1,1,0.9558677
1,1,0.9558677
1,1,0.9558677
1,1,0.92755467
1,1,0.9558677
1,1,0.9558677
1,1,0.9558677
1,1,0.9558677
1,1,0.95208687
1,1,0.9558677
1,1,0.9558677
1,1,0.9558677
1,1,0.9558677
0,1,0.94507325
1,1,0.9522089
1,1,0.9558677
0,1,0.9548295
1,1,0.9558677
1,1,0.9558677
1,1,0.9558565
1,1,0.95581937
1,1,0.9558677
1,1,0.9558677
1,1,0.9558677
1,1,0.9558677
1,1,0.9558677
1,1,0.9558677
1,1,0.9558677
1,1,0.9558677
1,1,0.9558677
1,1,0.9558677
1,1,0.9558677
1,1,0.95108235
1,1,0.9558677
1,1,0.9558677
1,1,0.9558677
1,1,0.9510657
1,1,0.95209605
1,1,0.9558677
1,1,0.9089315
1,1,0.9558677
1,1,0.9558677
1,1,0.9558677
1,1,0.9558677
1,1,0.9558677
1,1,0.9558677
1,1,0.9558677
1,1,0.9558677
1,1,0.9558677
1,1,0.9558565
1,1,0.95487374
1,1,0.9558677
1,1,0.9558677
1,1,0.9558677
1,1,0.9522089
1,1,0.9558677
1,1,0.9558677
1,1,0.9558677
1,1,0.9558677
1,1,0.9558677
1,1,0.9558677
1,1,0.9558677
1,1,0.9558677
1,1,0.9558677
1,1,0.955853
1,1,0.9558677
1,1,0.9558677
1,1,0.9558677
1,1,0.9558677
1,1,0.9558677
1,1,0.9558677
1,1,0.9558677
1,1,0.9558677
1,1,0.9558677
1,1,0.95487374
1,1,0.9558677
1,1,0.9558677
1,1,0.9558677
1,1,0.9558677
1,1,0.9558677
1,1,0.9558677
1,1,0.9558677
1,1,0.9558677
1,1,0.9558677
1,1,0.9558677
1,1,0.9558677
0,1,0.9544304
1,1,0.9558677
1,1,0.9558677
1,1,0.9558677
1,1,0.9558677
1,1,0.9558677
1,1,0.9558677
1,1,0.9558677
1,1,0.9558677
1,1,0.9558677
1,1,0.9558677
1,1,0.9558677
1,1,0.9558677
1,1,0.9558677
1,1,0.9558677
1,1,0.9558677
1,1,0.95248514
1,1,0.95371366
1,1,0.9558677
1,1,0.9558677
1,1,0.9558677
1,1,0.9558677
1,1,0.89980966
1,1,0.9558677
1,1,0.9558677
1,1,0.9558677
1,1,0.9558677
1,1,0.95576024
1,1,0.95487374
1,1,0.9558677
1,1,0.9558677
1,1,0.9558677
1,1,0.9558677
1,1,0.9558677
1,1,0.9558677
1,1,0.9558677
1,1,0.9558677
1,1,0.9558677
1,1,0.9558677
1,1,0.95487374
1,1,0.9558677
1,1,0.9558677
1,1,0.9558677
1,1,0.9558677
1,1,0.9558677
1,1,0.9558677
1,1,0.95208687
1,1,0.9558677
1,1,0.9558677
1,1,0.9558677
1,1,0.9558677
1,1,0.9558677
1,1,0.9558677
1,1,0.9558677
1,1,0.9558677
1,1,0.9558677
1,1,0.9558565
1,1,0.9558677
1,1,0.9558677
1,1,0.955853
1,1,0.9558565
1,1,0.9558677
1,1,0.95487374
1,1,0.9558677
1,1,0.95208687
1,1,0.9558677
1,1,0.9558677
1,1,0.9558677
1,1,0.9558677
1,1,0.95266414
1,1,0.9558677
1,1,0.9558677
1,1,0.9558677
1,1,0.95208687
1,1,0.9558565
1,1,0.9465812
1,1,0.9558677
1,1,0.94417703
1,1,0.9558677
1,1,0.9558677
1,1,0.9093274
1,1,0.955723
1,1,0.9558677
1,1,0.95285934
1,1,0.9558677
1,1,0.9558677
1,1,0.9558677
1,1,0.948673
1,1,0.9558677
1,1,0.9558677
1,1,0.9558677
1,1,0.9558677
1,1,0.95208687
1,1,0.9558677
1,1,0.9527476
1,1,0.9558677
1,1,0.95208687
1,1,0.9558677
1,1,0.9558677
1,1,0.9558677
1,1,0.95208687
1,1,0.9521121
1,1,0.9558677
1,1,0.9465812
1,1,0.9558677
1,1,0.92726374
1,1,0.9558677
1,1,0.9558677
1,1,0.95570165
1,1,0.9558677
1,1,0.9558677
1,1,0.9558677
1,1,0.9558677
1,1,0.9558677
1,1,0.9558677
1,1,0.95487374
1,1,0.9558677
1,1,0.9558677
1,1,0.9558677
1,1,0.9558677
1,1,0.9558677
1,1,0.95277125
1,1,0.95209605
1,1,0.9558677
1,1,0.9558677
1,1,0.9558677
1,1,0.95208687
1,1,0.9558677
1,1,0.9558677
1,1,0.9558677
1,1,0.9558677
1,1,0.95487374
1,1,0.9558677
1,1,0.9558677
1,1,0.9558677
1,1,0.95581937
1,1,0.9558677
1,1,0.9558677
1,1,0.9558677
1,1,0.9558677
1,1,0.95208687
1,1,0.9558677
1,1,0.9558677
1,1,0.95581937
1,1,0.9558677
1,1,0.9558677
1,1,0.95208687
1,1,0.9522089
1,1,0.9558677
1,1,0.9558677
1,1,0.9557454
1,1,0.9558677
1,1,0.9558677
1,1,0.9558677
1,1,0.9558677
1,1,0.9558677
1,1,0.9558677
1,1,0.95576024
1,1,0.9558677
1,1,0.9558677
1,1,0.9558677
1,1,0.9558677
1,1,0.95566046
1,1,0.9558677
1,1,0.9558677
1,1,0.9558677
1,1,0.9558677
1,1,0.9558677
1,1,0.9558677
1,1,0.9558677
1,1,0.9558677
1,1,0.9519382
1,1,0.9558677
1,1,0.9558677
1,1,0.9558677
1,1,0.95570165
1,1,0.9558677
1,1,0.9558677
1,1,0.9558565
1,1,0.9558677
1,1,0.9558677
1,1,0.9558677
1,1,0.953295
1,1,0.9558677
1,1,0.95487374
1,1,0.9558677
1,1,0.9558677
1,1,0.9558677
1,1,0.9558677
1,1,0.9558677
1,1,0.9558677
1,1,0.9558677
1,1,0.9558677
1,1,0.9558677
1,1,0.9558677
1,1,0.9558677
1,1,0.94417703
1,1,0.95487374
1,1,0.9558677
1,1,0.9558677
1,1,0.9558677
1,1,0.9558677
1,1,0.9558677
1,1,0.9558677
1,1,0.9558677
1,1,0.9558677
1,1,0.9558677
1,1,0.9508211
1,1,0.9558677
1,1,0.9558677
1,1,0.9558677
1,1,0.9558565
1,1,0.94365245
1,1,0.9558677
1,1,0.9558677
1,1,0.9558677
1,1,0.9558677
1,1,0.9558677
1,1,0.9521121
1,1,0.9558677
1,1,0.955853
1,1,0.9558677
1,1,0.95209605
1,1,0.9558677
1,1,0.9558677
1,1,0.9558677
1,1,0.9558677
1,1,0.9558677
1,1,0.95576024
1,1,0.9558677
1,1,0.9558677
0,1,0.9236463
1,1,0.9558677
1,1,0.9558677
1,1,0.9558677
1,1,0.95208687
1,1,0.9558677
1,1,0.9557454
1,1,0.95208687
1,1,0.9537488
1,1,0.9558677
1,1,0.9558677
1,1,0.9558677
1,1,0.9558677
1,1,0.9558677
1,1,0.9558677
1,1,0.9558677
1,1,0.95208687
1,1,0.9558677
1,1,0.9555738
1,1,0.9558677
1,1,0.955853
1,1,0.95208687
1,1,0.95208687
1,1,0.9558677
1,1,0.9558677
1,1,0.9558677
1,1,0.9558677
1,1,0.955853
1,1,0.9558677
1,1,0.9558565
1,1,0.9558677
1,1,0.9558677
1,1,0.9558677
1,1,0.9558677
1,1,0.95108235
1,1,0.9558677
1,1,0.9558677
1,1,0.95208687
1,1,0.9558677
1,1,0.9558677
1,1,0.9558677
1,1,0.9558677
1,1,0.9558677
1,1,0.9558677
1,1,0.9558677
1,1,0.9558677
1,1,0.9558677
1,1,0.9558677
1,1,0.95208687
1,1,0.9558677
1,1,0.9558677
0,1,0.9044963
1,1,0.9558677
1,1,0.9558677
1,1,0.9558565
1,1,0.95487374
1,1,0.9558677
1,1,0.9558677
1,1,0.9558677
1,1,0.9558677
1,1,0.9558677
1,1,0.9558677
1,1,0.9558677
1,1,0.9558677
1,1,0.9558677
1,1,0.9399606
1,1,0.9558677
1,1,0.9558677
1,1,0.9558677
1,1,0.95208687
1,1,0.9089315
1,1,0.94621366
1,1,0.9558677
1,1,0.9558677
1,1,0.9558677
1,1,0.9558677
1,1,0.9558677
1,1,0.9558677
0,1,0.9445379
1,1,0.95466053
1,1,0.9558677
1,1,0.9558677
1,1,0.95209605
1,1,0.9558677
1,1,0.94417703
1,1,0.9558677
1,1,0.9558677
1,1,0.9558565
1,1,0.9558677
1,1,0.9558677
1,1,0.95237297
1,1,0.9399606
1,1,0.9558677
1,1,0.9558677
1,1,0.94507325
1,1,0.9558677
1,1,0.9558677
1,1,0.9558677
1,1,0.9558677
1,1,0.9558677
1,1,0.9558677
1,1,0.9558677
1,1,0.95257306
1,1,0.9558677
1,1,0.9558677
1,1,0.9527674
1,1,0.95487374
1,1,0.9558677
1,1,0.9558677
1,1,0.9522089
1,1,0.92787606
1,1,0.9558677
1,1,0.9558677
1,1,0.9558677
1,1,0.9558677
1,1,0.9558677
1,1,0.9558565
0,1,0.9517515
1,1,0.9558677
1,1,0.9558677
1,1,0.9558677
1,1,0.9558677
1,1,0.95085776
1,1,0.9558677
1,1,0.9558677
1,1,0.9558677
1,1,0.9558677
1,1,0.9558677
1,1,0.9558677
1,1,0.9558677
1,1,0.9558677
1,1,0.9558677
1,1,0.9558677
1,1,0.9558565
1,1,0.9558677
1,1,0.9558677
1,1,0.9558677
1,1,0.9558677
1,1,0.9558677
1,1,0.9558677
1,1,0.9558677
0,1,0.94417703
1,1,0.9558677
1,1,0.9558677
1,1,0.9558677
1,1,0.9558677
1,1,0.9558677
1,1,0.9558677
1,1,0.9558565
1,1,0.9558677
1,1,0.95534444
1,1,0.9558677
1,1,0.9558565
1,1,0.9558677
1,1,0.9558677
1,1,0.9558677
1,1,0.9558677
1,1,0.9558677
1,1,0.9558677
1,1,0.9558677
1,1,0.95257306
1,1,0.94417703
1,1,0.9558677
1,1,0.953295
1,1,0.9558677
1,1,0.9558677
0,1,0.9089315
1,1,0.9558677
1,1,0.9558677
1,1,0.9558677
1,1,0.9558677
1,1,0.9558677
1,1,0.9558677
1,1,0.9455773
1,1,0.9558677
1,1,0.9558677
1,1,0.9558677
1,1,0.9558677
1,1,0.948673
1,1,0.9558677
1,1,0.9558677
1,1,0.9558677
1,1,0.9558677
1,1,0.9558677
1,1,0.9558677
1,1,0.95346653
1,1,0.9558677
1,1,0.9558677
1,1,0.95208687
1,1,0.9558677
1,1,0.95487374
1,1,0.9558677
1,1,0.95487374
1,1,0.9558677
0,1,0.9365686
1,1,0.9558677
1,1,0.95487374
1,1,0.9558677
1,1,0.9558677
1,1,0.9558677
1,1,0.9558565
0,1,0.95487374
1,1,0.94926465
1,1,0.9558677
1,1,0.9445379
1,1,0.9558677
1,1,0.94417703
1,1,0.9558677
1,1,0.9558677
1,1,0.9558677
1,1,0.92726374
1,1,0.9558677
1,1,0.9558677
1,1,0.9558677
1,1,0.9558677
1,1,0.95581937
1,1,0.9558677
1,1,0.95208687
1,1,0.9558677
1,1,0.9558677
1,1,0.9558677
1,1,0.9558677
1,1,0.9558677
1,1,0.9558677
1,1,0.94345254
1,1,0.9558677
1,1,0.9558677
1,1,0.9558677
1,1,0.9558677
1,1,0.9558677
1,1,0.9558677
1,1,0.9558677
1,1,0.9558677
1,1,0.9558677
1,1,0.9558677
1,1,0.95208687
1,1,0.9479685
1,1,0.9558677
1,1,0.9558677
1,1,0.9558677
1,1,0.9558677
1,1,0.9558677
1,1,0.95345104
1,1,0.9558677
1,1,0.9558677
0,1,0.9044963
1,1,0.9558677
1,1,0.94417703
1,1,0.9558677
1,1,0.9558677
1,1,0.9558677
1,1,0.9558677
1,1,0.9558677
1,1,0.9558677
1,1,0.9558677
1,1,0.9558677
1,1,0.9558677
1,1,0.95581937
1,1,0.9558677
1,1,0.9558677
1,1,0.9558677
1,1,0.95208687
1,1,0.955853
1,1,0.9558677
1,1,0.9558677
1,1,0.9558677
1,1,0.9558677
1,1,0.95208687
1,1,0.9558677
1,1,0.9558677
1,1,0.9558677
1,1,0.9558677
1,1,0.9558677
1,1,0.9558677
1,1,0.9558677
1,1,0.9558677
1,1,0.9558677
1,1,0.9558677
1,1,0.9558677
1,1,0.95487374
1,1,0.9558677
1,1,0.94417703
1,1,0.9508211
1,1,0.95568866
1,1,0.9558677
1,1,0.95208687
1,1,0.9558677
1,1,0.9558677
1,1,0.9558677
1,1,0.9558677
1,1,0.9558677
1,1,0.9558677
1,1,0.9558677
1,1,0.9558677
1,1,0.9558677
1,1,0.9558565
1,1,0.9558677
1,1,0.9558677
1,1,0.9558677
1,1,0.955853
1,1,0.9558677
1,1,0.9558677
1,1,0.9558677
1,1,0.9558677
1,1,0.95209605
1,1,0.9558677
1,1,0.9506345
1,1,0.9558677
1,1,0.9558677
0,1,0.92562824
1,1,0.9555738
1,1,0.9558677
1,1,0.9522089
1,1,0.95570165
1,1,0.94562423
1,1,0.9558677
1,1,0.9558677
1,1,0.953295
1,1,0.95487374
1,1,0.9558677
1,1,0.9516469
1,1,0.9558677
1,1,0.95570165
1,1,0.9558677
1,1,0.94417703
1,1,0.9558677
1,1,0.9558677
1,1,0.94417703
1,1,0.9558565
1,1,0.9558565
1,1,0.9558677
1,1,0.955853
1,1,0.9558677
1,1,0.9558677
1,1,0.9093274
1,1,0.9558677
1,1,0.9544304
1,1,0.9558677
1,1,0.95581937
1,1,0.95581937
1,1,0.9558677
1,1,0.9558677
1,1,0.9558677
1,1,0.955853
1,1,0.9558677
1,1,0.9558677
1,1,0.9558677
1,1,0.9558677
1,1,0.9558677
1,1,0.9558677
1,1,0.955723
1,1,0.94379294
1,1,0.9558677
1,1,0.9558677
1,1,0.9558677
1,1,0.9558677
1,1,0.9455773
1,1,0.9558677
1,1,0.9558677
1,1,0.9558677
1,1,0.9558677
1,1,0.9558677
0,1,0.9409917
1,1,0.9558677
1,1,0.9558677
1,1,0.9558677
1,1,0.9558677
1,1,0.9558677
1,1,0.9558677
1,1,0.9558677
1,1,0.9558677
1,1,0.9558677
1,1,0.9558677
1,1,0.9558677
1,1,0.9558677
1,1,0.9558677
1,1,0.9558677
1,1,0.9558677
1,1,0.9558677
1,1,0.9558677
1,1,0.9558677
1,1,0.9558677
1,1,0.9455773
1,1,0.9558677
1,1,0.9558677
1,1,0.9089315
1,1,0.9558677
1,1,0.9558677
1,1,0.9558677
1,1,0.9558677
1,1,0.92562824
1,1,0.9558677
1,1,0.9558677
1,1,0.9558677
1,1,0.94507325
1,1,0.9558677
1,1,0.9558677
1,1,0.9544304
1,1,0.9558677
1,1,0.9558677
1,1,0.93322486
1,1,0.9558677
1,1,0.9558677
1,1,0.9558677
1,1,0.9558677
1,1,0.9558677
1,1,0.9558677
1,1,0.9558677
1,1,0.9558677
1,1,0.9558677
1,1,0.9558677
1,1,0.9558677
1,1,0.9558677
1,1,0.9558677
1,1,0.9558677
1,1,0.9558677
1,1,0.9558677
1,1,0.9558677
1,1,0.9558677
1,1,0.9558677
1,1,0.9558677
1,1,0.9558677
1,1,0.9558677
1,1,0.9558677
1,1,0.9558677
1,1,0.94562423
1,1,0.9558677
1,1,0.9557259
1,1,0.9558677
1,1,0.9558677
0,1,0.9455773
1,1,0.955853
1,1,0.9558677
1,1,0.9558677
1,1,0.9558677
1,1,0.9558677
1,1,0.95208687
1,1,0.9558677
1,1,0.9558677
1,1,0.9558677
1,1,0.9558677
1,1,0.95208687
1,1,0.9558677
1,1,0.9558677
1,1,0.9558677
1,1,0.9558677
1,1,0.9558677
1,1,0.9558677
1,1,0.9558677
1,1,0.9558677
1,1,0.9558677
1,1,0.9558677
1,1,0.9558677
1,1,0.9558677
1,1,0.955723
1,1,0.9472397
1,1,0.9558677
1,1,0.95209605
1,1,0.9558677
1,1,0.9558677
1,1,0.955853
1,1,0.9558677
1,1,0.95208687
1,1,0.9554368
1,1,0.9558677
1,1,0.9558677
1,1,0.9558677
1,1,0.94345254
1,1,0.9558677
1,1,0.9558677
1,1,0.946246
0,1,0.9455773
1,1,0.9558677
1,1,0.9558677
1,1,0.9558677
1,1,0.9558677
1,1,0.9558677
1,1,0.9558677
1,1,0.9455773
1,1,0.95568866
1,1,0.9558677
1,1,0.9558677
1,1,0.9558677
1,1,0.9558677
1,1,0.9558677
1,1,0.9558677
1,1,0.9558677
1,1,0.9558677
1,1,0.95209605
1,1,0.9558677
1,1,0.94507325
1,1,0.9558677
1,1,0.9558677
1,1,0.9558677
1,1,0.9558677
1,1,0.9558677
1,1,0.947672
1,1,0.9558677
1,1,0.9558677
1,1,0.9558677
1,1,0.9558677
1,1,0.9089315
1,1,0.9558677
1,1,0.95581937
1,1,0.9558677
1,1,0.9558677
1,1,0.9558677
1,1,0.95487374
1,1,0.9558677
1,1,0.9558677
1,1,0.9558677
1,1,0.9558677
1,1,0.95208687
1,1,0.9558677
1,1,0.9465812
0,1,0.899462
1,1,0.9558677
1,1,0.9555738
1,1,0.9558677
1,1,0.955853
1,1,0.9558677
1,1,0.953295
1,1,0.95209605
1,1,0.9558677
1,1,0.9558677
1,1,0.9558677
1,1,0.9558677
1,1,0.9558677
1,1,0.9558677
1,1,0.9558677
0,1,0.94507325
1,1,0.9558677
1,1,0.9558677
1,1,0.9558677
1,1,0.9558677
1,1,0.9048285
1,1,0.9558677
1,1,0.95566046
1,1,0.9558677
1,1,0.9558677
1,1,0.9558677
1,1,0.9558677
1,1,0.9558677
1,1,0.9556792
1,1,0.9558677
1,1,0.9558677
1,1,0.9558677
0,1,0.9409917
1,1,0.9558677
1,1,0.9558677
1,1,0.9558677
1,1,0.9558677
1,1,0.9558677
1,1,0.95576024
1,1,0.9558677
1,1,0.9558565
1,1,0.9558677
1,1,0.9558677
1,1,0.9558677
1,1,0.9558677
1,1,0.95581937
1,1,0.9558677
0,1,0.94392514
1,1,0.9558677
1,1,0.9558677
1,1,0.94417703
1,1,0.9558677
1,1,0.9558677
1,1,0.9558677
1,1,0.9558677
1,1,0.95581937
1,1,0.9558677
1,1,0.9558677
1,1,0.9521121
1,1,0.95209605
1,1,0.9558677
1,1,0.9558677
1,1,0.9558677
1,1,0.95487374
1,1,0.9558677
1,1,0.9558677
1,1,0.9558677
1,1,0.9558677
1,1,0.9558677
1,1,0.9558677
1,1,0.9522089
1,1,0.9558677
1,1,0.9558677
1,1,0.9558677
1,1,0.9558677
1,1,0.9558677
1,1,0.9558677
1,1,0.95487374
1,1,0.9558677
1,1,0.9558677
1,1,0.9558677
1,1,0.9558677
1,1,0.9558677
1,1,0.9558677
1,1,0.9558677
1,1,0.9536624
1,1,0.93322486
1,1,0.9558677
1,1,0.9558677
1,1,0.9558677
1,1,0.9558677
1,1,0.9558565
1,1,0.9558677
1,1,0.95208687
1,1,0.9558677
1,1,0.9558677
1,1,0.9558677
1,1,0.9558677
1,1,0.94507325
1,1,0.9558677
1,1,0.9558677
1,1,0.9558677
1,1,0.9558677
1,1,0.9558677
1,1,0.9558677
1,1,0.9558677
1,1,0.95208687
1,1,0.95487374
1,1,0.94392514
1,1,0.9558677
1,1,0.9521121
1,1,0.9558677
1,1,0.9558677
1,1,0.9558677
1,1,0.9558677
1,1,0.9522089
1,1,0.9558677
1,1,0.9558677
1,1,0.9558677
1,1,0.95487374
1,1,0.9558677
1,1,0.9558677
1,1,0.94562423
1,1,0.95270795
1,1,0.9558677
1,1,0.955853
1,1,0.9558677
1,1,0.9558677
1,1,0.9558677
1,1,0.9558565
1,1,0.9558677
1,1,0.9558677
1,1,0.9558677
1,1,0.929159
1,1,0.9558677
1,1,0.9558677
1,1,0.9558677
1,1,0.9558677
1,1,0.9558677
1,1,0.9558677
1,1,0.9558677
1,1,0.9558677
1,1,0.9558677
1,1,0.9558677
1,1,0.9558677
1,1,0.95581937
1,1,0.9558677
1,1,0.9558677
1,1,0.9558677
1,1,0.9558677
1,1,0.9558677
1,1,0.9558677
1,1,0.9558677
1,1,0.9558677
1,1,0.9558677
1,1,0.94345254
1,1,0.9558677
1,1,0.9044963
1,1,0.9558677
1,1,0.9558677
1,1,0.9558677
1,1,0.9558677
1,1,0.9558677
1,1,0.9558677
1,1,0.9558677
1,1,0.953295
1,1,0.9558677
1,1,0.9558677
1,1,0.9558677
1,1,0.9558677
1,1,0.9558677
1,1,0.9558677
1,1,0.9558677
1,1,0.9558677
1,1,0.9558677
1,1,0.92726374
1,1,0.9558677
1,1,0.9558677
1,1,0.95487374
1,1,0.9558677
1,1,0.9558677
1,1,0.9558677
1,1,0.9558677
1,1,0.9455773
1,1,0.9558677
1,1,0.9558677
1,1,0.9558677
1,1,0.9558677
1,1,0.95208687
1,1,0.9558677
1,1,0.9558677
1,1,0.9558677
1,1,0.9558677
1,1,0.9558677
1,1,0.9558677
1,1,0.955853
1,1,0.9558677
1,1,0.9558677
1,1,0.9558677
1,1,0.9558677
1,1,0.95061713
1,1,0.9555589
1,1,0.9044963
1,1,0.9558677
1,1,0.9558677
1,1,0.9558677
1,1,0.9558677
1,1,0.9558677
1,1,0.9558677
1,1,0.9558677
1,1,0.9558677
1,1,0.9558677
1,1,0.9558677
1,1,0.9558677
1,1,0.9558677
1,1,0.955853
1,1,0.9558677
1,1,0.9558677
1,1,0.9557111
1,1,0.9558677
1,1,0.9558677
1,1,0.9558677
1,1,0.94761527
1,1,0.9558677
1,1,0.9558677
1,1,0.95208687
1,1,0.9558677
1,1,0.95208687
1,1,0.9558677
1,1,0.9558677
1,1,0.9550589
1,1,0.9558677
1,1,0.9558677
1,1,0.9558677
1,1,0.9558677
1,1,0.9555738
1,1,0.95487374
1,1,0.9558677
1,1,0.9558677
1,1,0.95322686
1,1,0.95487374
1,1,0.9558677
1,1,0.9558677
1,1,0.9558677
1,1,0.9558677
1,1,0.955853
1,1,0.955853
1,1,0.9558677
1,1,0.9558565
1,1,0.9558677
1,1,0.9558677
1,1,0.9558677
1,1,0.9558677
1,1,0.9544304
1,1,0.95487374
1,1,0.9558677
1,1,0.9558677
1,1,0.9558677
1,1,0.9558677
1,1,0.9558677
1,1,0.9558677
1,1,0.9558677
1,1,0.9558677
1,1,0.9558677
1,1,0.95208687
1,1,0.9558677
1,1,0.9558677
1,1,0.9558677
1,1,0.9558677
1,1,0.9558677
1,1,0.9455773
1,1,0.9558677
1,1,0.9558677
1,1,0.9558677
0,1,0.95272505
1,1,0.9558677
1,1,0.9558677
1,1,0.94350123
1,1,0.9558677
1,1,0.9558677
1,1,0.9558677
1,1,0.9558677
1,1,0.9558677
1,1,0.9555738
1,1,0.9558677
1,1,0.9558677
1,1,0.9558677
1,1,0.9558677
1,1,0.9558677
1,1,0.9558677
1,1,0.9558677
1,1,0.9558677
1,1,0.9558677
1,1,0.9558677
1,1,0.9558677
1,1,0.9558677
1,1,0.9558677
1,1,0.9558677
1,1,0.9558677
1,1,0.9558677
1,1,0.9558677
1,1,0.9558677
1,1,0.95208687
1,1,0.9558677
1,1,0.9558677
1,1,0.9558677
1,1,0.9558677
1,1,0.9558677
1,1,0.9558677
1,1,0.95209605
1,1,0.95576024
1,1,0.9558677
1,1,0.9558677
1,1,0.9558677
1,1,0.9558677
0,1,0.9044963
1,1,0.9558119
1,1,0.95570165
1,1,0.9558677
1,1,0.9558677
1,1,0.9521121
1,1,0.9558677
1,1,0.9558677
1,1,0.9558677
1,1,0.95161563
1,1,0.9558677
0,1,0.9089315
1,1,0.9558677
1,1,0.9558677
1,1,0.9558677
1,1,0.9558677
0,1,0.94392514
1,1,0.9558677
1,1,0.9558677
1,1,0.9558677
1,1,0.9558565
1,1,0.9558677
1,1,0.9399606
1,1,0.9558677
1,1,0.94562423
1,1,0.9558677
1,1,0.9558677
1,1,0.9558677
1,1,0.9455773
1,1,0.9558677
1,1,0.9558677
1,1,0.9558677
1,1,0.9558677
1,1,0.9558677
1,1,0.9558677
1,1,0.9558677
1,1,0.955853
1,1,0.9558677
1,1,0.9522089
1,1,0.9558677
1,1,0.95208687
1,1,0.9558677
1,1,0.9558677
1,1,0.9558677
1,1,0.9558677
1,1,0.9556792
1,1,0.95487374
1,1,0.92726374
1,1,0.9558677
1,1,0.9558677
1,1,0.9558677
1,1,0.9521121
1,1,0.9558677
1,1,0.9558677
1,1,0.9558677
1,1,0.9558677
1,1,0.9558677
1,1,0.9558677
1,1,0.9558677
1,1,0.9558677
1,1,0.9558677
1,1,0.9558677
1,1,0.95208687
1,1,0.9558677
1,1,0.955853
1,1,0.95274955
1,1,0.9558677
1,1,0.9452146
0,1,0.92755467
0,1,0.94392514
1,1,0.9558677
1,1,0.9558677
1,1,0.95248514
1,1,0.9558677
1,1,0.9461574
1,1,0.9558677
1,1,0.9558677
1,1,0.9558677
1,1,0.9558677
1,1,0.955853
1,1,0.9558677
1,1,0.9558677
1,1,0.95266414
1,1,0.95061713
1,1,0.94562423
1,1,0.95576024
1,1,0.9558677
1,1,0.9558677
1,1,0.9558677
1,1,0.9558677
1,1,0.9558677
1,1,0.9558677
1,1,0.9558677
1,1,0.929159
1,1,0.9558677
1,1,0.9556644
1,1,0.9558677
1,1,0.9558677
1,1,0.9558677
1,1,0.9558677
1,1,0.9527517
1,1,0.9399606
1,1,0.9558677
1,1,0.95571643
1,1,0.95208687
1,1,0.9558677
1,1,0.9558677
1,1,0.9558677
1,1,0.9558677
1,1,0.9558677
1,1,0.9558677
1,1,0.9558677
1,1,0.9558677
1,1,0.9558677
1,1,0.9558677
1,1,0.95237297
1,1,0.9558677
1,1,0.9558677
1,1,0.9558677
1,1,0.9558677
1,1,0.9558677
1,1,0.94507325
1,1,0.9558677
1,1,0.9558677
1,1,0.9558677
1,1,0.9558677
1,1,0.9558677
1,1,0.9558677
0,1,0.95208687
1,1,0.95209605
1,1,0.9558677
1,1,0.95270795
1,1,0.9558677
1,1,0.95487374
1,1,0.9558677
1,1,0.9558677
1,1,0.9558677
1,1,0.9558677
1,1,0.95487374
1,1,0.9558677
1,1,0.9558677
1,1,0.9558565
1,1,0.9558677
1,1,0.9558677
1,1,0.9455773
1,1,0.9558677
1,1,0.9558677
1,1,0.9558677
1,1,0.9522089
1,1,0.9558677
1,1,0.9558677
1,1,0.9558677
1,1,0.95576024
1,1,0.9558677
0,1,0.9522089
1,1,0.9558677
1,1,0.9089315
1,1,0.9558677
1,1,0.9558677
1,1,0.9558677
1,1,0.9558677
1,1,0.9558677
1,1,0.9558677
1,1,0.9558677
1,1,0.9558677
1,1,0.9558677
1,1,0.9558677
1,1,0.9558677
1,1,0.95208687
1,1,0.9558677
1,1,0.9558677
1,1,0.9557496
1,1,0.9558677
1,1,0.9558677
1,1,0.9558677
1,1,0.9558677
1,1,0.9558677
1,1,0.95487374
1,1,0.9558677
1,1,0.9558677
1,1,0.9558677
1,1,0.9558677
1,1,0.9558677
1,1,0.9558677
1,1,0.9558677
1,1,0.9558677
1,1,0.9558677
1,1,0.95209605
1,1,0.9558677
1,1,0.95208687
1,1,0.9558677
1,1,0.9544304
1,1,0.9558677
1,1,0.9558677
1,1,0.9558677
1,1,0.9558677
1,1,0.9558677
1,1,0.9558677
1,1,0.9558677
1,1,0.9522089
1,1,0.9558677
1,1,0.9558677
1,1,0.9558677
1,1,0.9558677
1,1,0.9558677
1,1,0.9558677
1,1,0.9558677
1,1,0.9558677
1,1,0.9558677
1,1,0.9558677
1,1,0.9558677
1,1,0.9558677
1,1,0.9558677
1,1,0.9558677
0,1,0.92732704
1,1,0.9558677
1,1,0.9558677
1,1,0.9558677
1,1,0.9558677
1,1,0.9558677
1,1,0.9558677
1,1,0.9558677
1,1,0.9487549
1,1,0.9558677
1,1,0.9558677
1,1,0.9558677
1,1,0.9558677
1,1,0.9558677
1,1,0.9558677
1,1,0.9558677
1,1,0.947672
1,1,0.94621366
1,1,0.9458209
1,1,0.9558677
1,1,0.95209605
1,1,0.9558677
1,1,0.9527517
0,1,0.9091431
1,1,0.9558677
1,1,0.95237297
1,1,0.95208687
1,1,0.9558677
1,1,0.9558677
1,1,0.9527517
1,1,0.9558677
1,1,0.9558565
1,1,0.9558677
1,1,0.9558677
1,1,0.9558677
1,1,0.9558677
1,1,0.9556176
1,1,0.9558677
1,1,0.95209605
1,1,0.9558565
1,1,0.9558677
1,1,0.9558677
1,1,0.9558677
1,1,0.9558677
1,1,0.9558677
1,1,0.9558677
1,1,0.9558677
1,1,0.9558677
1,1,0.9236463
1,1,0.95581937
1,1,0.9558677
1,1,0.94507325
1,1,0.92787606
1,1,0.94392514
1,1,0.9558677
1,1,0.9558119
1,1,0.9558565
1,1,0.9558677
1,1,0.9558677
1,1,0.9558677
1,1,0.9558677
1,1,0.9558677
1,1,0.9558677
1,1,0.9558677
1,1,0.9558677
1,1,0.9558677
1,1,0.9558677
1,1,0.94562423
1,1,0.9558677
1,1,0.9558677
1,1,0.9558677
1,1,0.9558677
1,1,0.9558677
1,1,0.9558677
1,1,0.9558677
1,1,0.9558677
1,1,0.9558677
1,1,0.95581937
1,1,0.9558677
1,1,0.9558677
1,1,0.9558677
1,1,0.9558677
1,1,0.9558677
1,1,0.9558677
1,1,0.9558677
1,1,0.9435198
1,1,0.9558677
1,1,0.9558677
1,1,0.9558677
1,1,0.95487374
1,1,0.9558677
1,1,0.95107293
1,1,0.9558677
1,1,0.9558677
1,1,0.9558677
1,1,0.9558677
1,1,0.9558565
1,1,0.9556176
1,1,0.9558677
1,1,0.9558677
1,1,0.9558677
1,1,0.9558677
1,1,0.9558677
1,1,0.9558677
1,1,0.955853
1,1,0.9558677
1,1,0.9558677
1,1,0.9558677
1,1,0.95487374
1,1,0.9558677
1,1,0.9558677
1,1,0.955853
1,1,0.9558677
1,1,0.9558565
1,1,0.9558677
1,1,0.9548295
1,1,0.9558677
1,1,0.9558677
1,1,0.94562423
1,1,0.9521121
1,1,0.95576024
1,1,0.9558677
1,1,0.9558677
1,1,0.9558677
1,1,0.9558677
1,1,0.9558677
1,1,0.9558677
1,1,0.955853
1,1,0.9558677
1,1,0.9557111
1,1,0.95581937
1,1,0.95103437
1,1,0.9558677
1,1,0.9558677
1,1,0.9558677
1,1,0.95487374
1,1,0.9558677
1,1,0.9558677
1,1,0.9558677
1,1,0.9558677
1,1,0.9558677
1,1,0.9558677
1,1,0.9558677
1,1,0.9558677
0,1,0.94417703
1,1,0.9558677
1,1,0.9558677
1,1,0.9558677
1,1,0.9558677
1,1,0.95576024
1,1,0.9558677
1,1,0.9558677
1,1,0.9558677
1,1,0.95208687
1,1,0.94417703
1,1,0.9558677
1,1,0.9558677
1,1,0.9558677
1,1,0.9558677
0,1,0.94417703
1,1,0.9558677
1,1,0.9558677
1,1,0.9558677
1,1,0.9558677
1,1,0.9558677
1,1,0.9558677
1,1,0.9558677
1,1,0.94562423
1,1,0.9558677
1,1,0.9558677
1,1,0.9558677
1,1,0.9558677
0,1,0.9242915
1,1,0.9558677
1,1,0.9558677
1,1,0.95061713
1,1,0.9557111
1,1,0.9558677
1,1,0.9558677
1,1,0.95209605
1,1,0.9558677
1,1,0.9558677
1,1,0.9558677
1,1,0.9558677
1,1,0.955853
1,1,0.9558677
1,1,0.9558677
1,1,0.9558677
1,1,0.9558677
1,1,0.9558677
1,1,0.9558677
1,1,0.9558677
1,1,0.9558677
1,1,0.9558677
1,1,0.9558677
1,1,0.9558677
1,1,0.94417703
1,1,0.9558677
1,1,0.9558677
1,1,0.94542867
1,1,0.9558677
1,1,0.9558677
1,1,0.9558677
1,1,0.9558677
1,1,0.9558677
1,1,0.9558677
1,1,0.95345104
1,1,0.9558677
1,1,0.9558677
1,1,0.9558677
1,1,0.9558677
1,1,0.9558677
0,1,0.92726374
1,1,0.9558677
1,1,0.9558677
1,1,0.9558677
1,1,0.9558677
1,1,0.95208687
1,1,0.9558677
1,1,0.9558677
1,1,0.9558677
1,1,0.9558677
1,1,0.9558565
1,1,0.9558677
1,1,0.95208687
1,1,0.9558677
1,1,0.95570165
1,1,0.95208687
1,1,0.9558677
1,1,0.9558677
1,1,0.9558677
1,1,0.9558677
1,1,0.9558677
1,1,0.9558677
1,1,0.9558677
1,1,0.9556176
1,1,0.9558677
1,1,0.9558677
1,1,0.9558677
1,1,0.9558677
1,1,0.9558677
1,1,0.9558677
1,1,0.9558677
1,1,0.95270795
1,1,0.95535386
1,1,0.9558677
1,1,0.9558677
1,1,0.9558677
1,1,0.9558677
1,1,0.9558677
1,1,0.9558677
1,1,0.9558677
1,1,0.9558677
1,1,0.9558677
1,1,0.9558306
1,1,0.9558677
1,1,0.9558677
1,1,0.95209605
1,1,0.9558677
1,1,0.9558677
1,1,0.9558677
1,1,0.9558677
1,1,0.9558677
1,1,0.95487374
1,1,0.9558677
1,1,0.9558677
1,1,0.9558677
1,1,0.9558677
1,1,0.9558677
1,1,0.9558677
1,1,0.9558677
1,1,0.955853
1,1,0.9558677
1,1,0.9539357
1,1,0.95581937
1,1,0.9558677
1,1,0.9558677
1,1,0.9414055
1,1,0.9558677
1,1,0.9558677
1,1,0.9558677
1,1,0.9558677
1,1,0.9558677
1,1,0.9558677
1,1,0.955723
1,1,0.95477736
1,1,0.95209605
1,1,0.9558677
1,1,0.9558677
1,1,0.9558677
1,1,0.95167726
1,1,0.9558677
1,1,0.9539357
1,1,0.9558677
1,1,0.9558677
1,1,0.9558677
1,1,0.9543332
1,1,0.9558677
1,1,0.9558677
1,1,0.9558565
1,1,0.9558677
1,1,0.9558677
1,1,0.9558677
1,1,0.9236463
1,1,0.9558677
1,1,0.9558677
1,1,0.9558677
1,1,0.9558677
1,1,0.95208687
1,1,0.9558677
1,1,0.9558677
1,1,0.9558677
1,1,0.9558677
1,1,0.9558677
1,1,0.9558677
1,1,0.9558677
1,1,0.9558677
1,1,0.9558677
1,1,0.95209605
0,1,0.9556304
1,1,0.9558677
1,1,0.9558677
1,1,0.95576024
1,1,0.9558677
1,1,0.9558677
1,1,0.9558677
1,1,0.9558677
1,1,0.95570165
1,1,0.95581937
1,1,0.9558677
0,1,0.9556792
1,1,0.9558677
1,1,0.9558677
1,1,0.9557259
1,1,0.9558677
1,1,0.9558677
1,1,0.9558677
1,1,0.9558677
1,1,0.9558677
0,1,0.92726374
1,1,0.9558677
1,1,0.9558565
1,1,0.95208687
1,1,0.9558677
1,1,0.9558677
1,1,0.9558677
0,1,0.95208687
1,1,0.9558677
1,1,0.9558677
1,1,0.95581937
1,1,0.9558677
1,1,0.9558677
1,1,0.94365245
1,1,0.9558677
1,1,0.95487374
1,1,0.9558677
1,1,0.9558677
1,1,0.9558677
1,1,0.9558677
1,1,0.9558677
1,1,0.94507325
1,1,0.9558677
1,1,0.9558677
1,1,0.95487374
1,1,0.94953185
1,1,0.9558677
1,1,0.9558677
1,1,0.9558677
1,1,0.9558677
1,1,0.9544304
1,1,0.9558677
1,1,0.9558677
1,1,0.9558677
1,1,0.9558677
1,1,0.9558677
1,1,0.9558677
1,1,0.95487374
1,1,0.9558677
1,1,0.9558677
1,1,0.9044963
1,1,0.95576024
1,1,0.9558677
1,1,0.9558677
1,1,0.95208687
1,1,0.95534444
1,1,0.9558677
1,1,0.9527517
1,1,0.9558677
1,1,0.9558677
1,1,0.9558677
1,1,0.9558677
1,1,0.9558677
1,1,0.9558677
1,1,0.9558677
1,1,0.9558677
1,1,0.9558677
1,1,0.9558677
1,1,0.9558677
1,1,0.9558677
1,1,0.9558677
1,1,0.94392514
1,1,0.9558677
1,1,0.9558677
1,1,0.9521121
1,1,0.9558565
1,1,0.95208687
1,1,0.9558677
1,1,0.9558677
1,1,0.9558677
1,1,0.9558677
1,1,0.95568866
1,1,0.9558677
1,1,0.9558677
1,1,0.9558677
1,1,0.9558677
1,1,0.9558677
1,1,0.9558677
1,1,0.9558677
1,1,0.95208687
1,1,0.9558677
1,1,0.9558677
1,1,0.9558677
1,1,0.9558677
1,1,0.9312888
1,1,0.9558677
1,1,0.9558677
1,1,0.9558677
1,1,0.9558677
1,1,0.9558677
1,1,0.95487374
1,1,0.9558677
1,1,0.9558677
1,1,0.94747484
1,1,0.9558677
1,1,0.9558677
1,1,0.9558677
1,1,0.9558677
1,1,0.955853
1,1,0.9558677
1,1,0.9558677
1,1,0.9558677
1,1,0.9558677
1,1,0.9558677
1,1,0.9558677
1,1,0.9558677
1,1,0.9558677
1,1,0.9558677
1,1,0.9558677
1,1,0.9558677
1,1,0.9558677
1,1,0.9558565
1,1,0.9558677
1,1,0.9558677
1,1,0.9558677
1,1,0.9558677
1,1,0.9558677
1,1,0.9558677
1,1,0.9558677
1,1,0.94562423
1,1,0.9558677
1,1,0.9558677
1,1,0.9558677
1,1,0.9558677
1,1,0.9558677
1,1,0.95186996
1,1,0.94345254
1,1,0.9521121
1,1,0.9558565
1,1,0.9558677
1,1,0.9558677
1,1,0.9558677
1,1,0.9558677
1,1,0.9558677
1,1,0.9558677
1,1,0.9558677
1,1,0.9558677
1,1,0.9558677
1,1,0.9558677
1,1,0.9558565
1,1,0.9558677
1,1,0.9558677
1,1,0.9558677
1,1,0.9558677
1,1,0.95570165
1,1,0.9558677
1,1,0.9558677
1,1,0.9558677
1,1,0.95058185
1,1,0.9558677
1,1,0.9558677
1,1,0.9556792
1,1,0.9558677
1,1,0.9558677
1,1,0.9558677
1,1,0.9558677
1,1,0.9558677
1,1,0.9558677
1,1,0.955853
1,1,0.9558677
1,1,0.9558677
1,1,0.9558677
1,1,0.9558677
1,1,0.9558677
1,1,0.9558677
1,1,0.9558677
1,1,0.9558677
1,1,0.9558677
1,1,0.9558677
1,1,0.94417703
1,1,0.955853
1,1,0.9558677
1,1,0.95487374
1,1,0.9558677
1,1,0.9558677
1,1,0.95487374
1,1,0.9558677
1,1,0.95576024
1,1,0.9558677
1,1,0.9558677
1,1,0.9558677
1,1,0.9558677
1,1,0.9558677
1,1,0.9558677
1,1,0.9558677
1,1,0.9558677
1,1,0.9558677
1,1,0.9558677
1,1,0.95071197
1,1,0.9558677
1,1,0.9558677
1,1,0.9558677
1,1,0.9558677
1,1,0.95487374
1,1,0.9539357
1,1,0.9558677
1,1,0.95487374
1,1,0.9558677
1,1,0.9558677
1,1,0.9558677
1,1,0.9558677
1,1,0.9512604
1,1,0.9558677
1,1,0.95254344
1,1,0.9558677
1,1,0.9551223
1,1,0.9558677
1,1,0.9558677
1,1,0.95576024
1,1,0.9558677
1,1,0.95072836
1,1,0.9558677
1,1,0.9558677
1,1,0.9558677
1,1,0.9558677
1,1,0.9558677
1,1,0.9558677
1,1,0.9557111
1,1,0.95487374
1,1,0.9555738
1,1,0.9558677
1,1,0.9558677
1,1,0.9558677
1,1,0.9558677
1,1,0.955853
1,1,0.9554368
1,1,0.9558677
1,1,0.95487374
1,1,0.95487374
1,1,0.9558677
1,1,0.9558677
1,1,0.9558677
1,1,0.95487374
1,1,0.9558677
1,1,0.9558677
1,1,0.9558677
1,1,0.95208687
1,1,0.92732704
1,1,0.953295
1,1,0.9558677
1,1,0.95487374
1,1,0.9558677
1,1,0.95576024
1,1,0.9558677
1,1,0.94507325
1,1,0.95487374
1,1,0.9558677
1,1,0.9558677
1,1,0.9558677
1,1,0.95547116
1,1,0.9558677
1,1,0.9558677
1,1,0.9558677
1,1,0.9558677
1,1,0.9558677
1,1,0.9558677
1,1,0.9521121
1,1,0.9558677
1,1,0.9558677
1,1,0.9558677
1,1,0.9558677
1,1,0.9522089
1,1,0.9558677
1,1,0.9558677
1,1,0.9558677
1,1,0.9558677
1,1,0.9558677
1,1,0.9558677
1,1,0.9558677
1,1,0.955853
1,1,0.94365245
1,1,0.9558677
1,1,0.9558677
1,1,0.9558677
1,1,0.9558677
1,1,0.9558677
1,1,0.95570165
1,1,0.9558677
1,1,0.9558677
1,1,0.95209605
1,1,0.94417703
1,1,0.9558677
1,1,0.9558677
1,1,0.95208687
1,1,0.9558677
1,1,0.9558677
1,1,0.9558677
1,1,0.9558677
1,1,0.9558677
1,1,0.9558677
1,1,0.9558677
1,1,0.9558677
1,1,0.9558677
1,1,0.9558677
1,1,0.9558677
1,1,0.9558677
1,1,0.9558677
1,1,0.9558677
1,1,0.9558677
1,1,0.9558677
1,1,0.9558677
1,1,0.9558677
1,1,0.9558677
1,1,0.9558677
1,1,0.9558677
1,1,0.9558677
1,1,0.9558677
1,1,0.9558677
1,1,0.9558677
1,1,0.95209605
1,1,0.9558677
1,1,0.9558677
1,1,0.9558677
1,1,0.9558677
1,1,0.9558677
1,1,0.9558677
1,1,0.9558677
1,1,0.9558677
1,1,0.9558677
1,1,0.9558677
1,1,0.95346653
1,1,0.95244986
1,1,0.9558677
0,1,0.9044963
1,1,0.9558677
1,1,0.94673973
1,1,0.9558677
1,1,0.9558677
1,1,0.9558677
1,1,0.9558677
1,1,0.9558677
1,1,0.9521121
1,1,0.9558677
1,1,0.9558677
1,1,0.9558677
1,1,0.95209605
1,1,0.9558677
1,1,0.9558677
1,1,0.9558677
1,1,0.9558677
1,1,0.9558677
1,1,0.9558677
1,1,0.95208687
1,1,0.9558677
1,1,0.9558565
1,1,0.9558677
1,1,0.9558677
1,1,0.9554368
1,1,0.9558677
1,1,0.9521626
1,1,0.9558677
1,1,0.9558677
1,1,0.95570165
1,1,0.9558677
1,1,0.9558677
1,1,0.94507325
1,1,0.955723
1,1,0.9555833
1,1,0.9558677
1,1,0.9558677
1,1,0.95487374
1,1,0.9558677
1,1,0.9558677
1,1,0.9558677
1,1,0.9558677
1,1,0.9558119
1,1,0.95208687
0,1,0.9089315
1,1,0.9558677
1,1,0.9558677
1,1,0.9558677
1,1,0.9558677
1,1,0.9558677
1,1,0.9558677
1,1,0.95547116
1,1,0.95570165
1,1,0.9558677
1,1,0.95209605
1,1,0.9558677
1,1,0.9558677
1,1,0.9558677
1,1,0.94417703
1,1,0.9558677
1,1,0.9558677
1,1,0.9527517
1,1,0.95209605
1,1,0.9558677
1,1,0.9558677
1,1,0.9558677
1,1,0.9558677
1,1,0.9558677
1,1,0.9558677
1,1,0.9558677
1,1,0.9558677
1,1,0.9558677
1,1,0.9558677
1,1,0.92726374
0,1,0.9089315
1,1,0.9558677
1,1,0.9503363
1,1,0.94621366
1,1,0.9558677
1,1,0.9558677
1,1,0.9558677
1,1,0.9558677
1,1,0.9558677
1,1,0.95487374
1,1,0.9558677
1,1,0.9558677
1,1,0.9558677
1,1,0.9558677
1,1,0.9558677
1,1,0.9558677
1,1,0.9558677
1,1,0.9555738
1,1,0.9558677
1,1,0.95487374
1,1,0.95487374
1,1,0.9557454
1,1,0.9558677
1,1,0.9558677
1,1,0.9558677
1,1,0.9558677
1,1,0.9558677
1,1,0.9558677
1,1,0.9558677
1,1,0.9558677
1,1,0.9558677
1,1,0.9558677
1,1,0.9558565
1,1,0.94737
1,1,0.9558677
1,1,0.95571643
1,1,0.9558677
1,1,0.9558677
1,1,0.9558677
1,1,0.9558677
1,1,0.92726374
1,1,0.9558677
0,1,0.94392514
1,1,0.95208687
1,1,0.9558677
1,1,0.9558677
1,1,0.9558677
1,1,0.9558677
1,1,0.9558677
1,1,0.9558677
1,1,0.9558677
1,1,0.9558677
1,1,0.9558677
1,1,0.9558677
1,1,0.9399606
1,1,0.9275862
1,1,0.9465812
1,1,0.9558677
1,1,0.9558677
1,1,0.9558677
1,1,0.9558677
1,1,0.9558677
1,1,0.9558677
1,1,0.955853
1,1,0.9558677
1,1,0.955853
1,1,0.95566046
1,1,0.9558677
1,1,0.9558677
1,1,0.95564175
1,1,0.9558677
1,1,0.9408924
1,1,0.9558677
1,1,0.9558677
1,1,0.9558677
1,1,0.9558677
1,1,0.9558677
1,1,0.9558677
1,1,0.9558677
1,1,0.9558677
1,1,0.9558677
1,1,0.94417703
1,1,0.9558677
1,1,0.9558677
1,1,0.95208687
1,1,0.9521121
1,1,0.9558677
1,1,0.9558677
1,1,0.9558677
1,1,0.9558677
1,1,0.9558677
1,1,0.9558677
1,1,0.955853
1,1,0.9558677
1,1,0.9558677
1,1,0.94507325
1,1,0.9558677
1,1,0.9558677
1,1,0.9558677
1,1,0.95208687
1,1,0.9558677
1,1,0.9558677
1,1,0.9558677
1,1,0.9558677
1,1,0.9558677
1,1,0.9558677
1,1,0.9558677
1,1,0.9558677
1,1,0.9558677
1,1,0.9558677
1,1,0.9558677
1,1,0.9558677
1,1,0.9558677
1,1,0.95487374
1,1,0.95576024
1,1,0.9558677
1,1,0.9558677
1,1,0.9558677
1,1,0.9558677
1,1,0.9558677
1,1,0.9558677
1,1,0.9558677
1,1,0.9558677
1,1,0.947672
1,1,0.9558677
1,1,0.9558677
1,1,0.9558677
1,1,0.9558306
1,1,0.9558677
1,1,0.9558677
1,1,0.9558677
1,1,0.9558677
1,1,0.9558677
1,1,0.9558677
1,1,0.9558677
1,1,0.9558677
1,1,0.9521121
1,1,0.9558677
1,1,0.9558677
1,1,0.9558677
1,1,0.9558677
1,1,0.95186996
1,1,0.9558677
1,1,0.95487374
1,1,0.95487374
1,1,0.94562423
1,1,0.9558677
1,1,0.9558677
1,1,0.9558677
1,1,0.9558677
1,1,0.9555589
1,1,0.9558677
1,1,0.94392514
1,1,0.9558677
1,1,0.9558677
1,1,0.95108235
1,1,0.9558677
1,1,0.9558677
1,1,0.9558677
1,1,0.9558677
1,1,0.9558677
1,1,0.9558677
1,1,0.9558677
1,1,0.9558677
1,1,0.9558677
1,1,0.9558677
1,1,0.9558677
1,1,0.9558677
1,1,0.9558677
1,1,0.9558565
1,1,0.94365245
1,1,0.9558677
1,1,0.9558677
1,1,0.9558677
1,1,0.9558677
1,1,0.9558677
1,1,0.9558677
1,1,0.9558677
0,1,0.95208687
1,1,0.9558677
1,1,0.9558677
1,1,0.9557454
1,1,0.94507325
1,1,0.9558677
1,1,0.9558677
1,1,0.94507325
1,1,0.9558677
1,1,0.9558677
1,1,0.9558677
1,1,0.9558677
1,1,0.9558677
1,1,0.9558677
1,1,0.9558677
1,1,0.9558677
1,1,0.9558677
1,1,0.9558677
1,1,0.9522089
1,1,0.955853
1,1,0.9558677
1,1,0.9556792
1,1,0.9558677
1,1,0.9558677
1,1,0.9465812
1,1,0.9558677
1,1,0.9558677
1,1,0.95208687
1,1,0.9558677
1,1,0.9558677
1,1,0.9558677
1,1,0.9558677
1,1,0.94417703
1,1,0.9558677
1,1,0.9558677
1,1,0.9537488
1,1,0.9558677
1,1,0.9558677
1,1,0.9558677
1,1,0.9558677
1,1,0.9558677
1,1,0.9558677
1,1,0.9558677
1,1,0.9558677
1,1,0.9558677
1,1,0.9558677
1,1,0.9558677
1,1,0.948673
1,1,0.9445379
1,1,0.9558677
1,1,0.9558677
1,1,0.9558677
1,1,0.9558677
1,1,0.9557454
1,1,0.9558677
1,1,0.9558677
1,1,0.9558677
1,1,0.9558677
1,1,0.95208687
1,1,0.9558677
1,1,0.9558677
1,1,0.9558677
1,1,0.9558677
1,1,0.9558677
1,1,0.9558677
1,1,0.9558677
1,1,0.9558677
1,1,0.9558677
1,1,0.9558677
1,1,0.9558677
1,1,0.9558677
1,1,0.9558677
1,1,0.9558677
1,1,0.9365686
1,1,0.9558677
1,1,0.9558677
1,1,0.9558677
1,1,0.9558677
1,1,0.95487374
1,1,0.9558677
1,1,0.9558677
1,1,0.9558677
1,1,0.9558677
1,1,0.9558677
1,1,0.9558677
1,1,0.9558677
1,1,0.9558677
1,1,0.9558677
1,1,0.9558677
1,1,0.9558677
1,1,0.9558677
1,1,0.9558677
1,1,0.9558677
1,1,0.9558677
1,1,0.9558677
1,1,0.9558677
1,1,0.9558677
1,1,0.9558565
1,1,0.9558677
1,1,0.9558677
1,1,0.9558677
1,1,0.9558677
1,1,0.9558677
1,1,0.9555738
1,1,0.9558677
1,1,0.9558677
1,1,0.9558677
1,1,0.9558677
1,1,0.9558677
1,1,0.95581937
1,1,0.9558677
1,1,0.9558677
1,1,0.9558677
1,1,0.9558677
1,1,0.95487374
1,1,0.9558677
1,1,0.9558677
1,1,0.9558677
1,1,0.9558677
1,1,0.9558677
1,1,0.9558677
1,1,0.9558677
1,1,0.9558565
1,1,0.9558677
1,1,0.9558677
1,1,0.9558677
1,1,0.9558677
1,1,0.9558677
1,1,0.9558677
1,1,0.9558677
1,1,0.9472013
1,1,0.9558677
1,1,0.9558677
1,1,0.9558677
1,1,0.95208687
1,1,0.9558677
1,1,0.9558677
1,1,0.9558677
1,1,0.9558677
1,1,0.9558677
1,1,0.9558677
1,1,0.9558677
1,1,0.95208687
1,1,0.9558677
1,1,0.9558677
1,1,0.9558677
1,1,0.9558677
1,1,0.9558677
1,1,0.95209605
1,1,0.9558677
1,1,0.9522089
1,1,0.9558677
1,1,0.9557111
1,1,0.95571643
1,1,0.9558677
1,1,0.9558677
1,1,0.9558677
1,1,0.9558677
1,1,0.9558677
1,1,0.9558677
1,1,0.9511847
1,1,0.9558677
1,1,0.9558677
1,1,0.9521121
1,1,0.9558677
1,1,0.9558677
1,1,0.9558677
1,1,0.9558677
1,1,0.9544304
1,1,0.9445379
1,1,0.9558677
1,1,0.9525789
1,1,0.95576024
1,1,0.9558677
1,1,0.9558677
1,1,0.9558677
1,1,0.9558677
1,1,0.9558677
1,1,0.9558677
1,1,0.9558677
1,1,0.95576024
1,1,0.94417703
1,1,0.95487374
1,1,0.9558677
1,1,0.9558677
1,1,0.9455773
1,1,0.9558677
1,1,0.9558677
1,1,0.9558677
1,1,0.9558677
1,1,0.9558677
1,1,0.9558677
1,1,0.9558677
1,1,0.9558677
1,1,0.9521121
1,1,0.9558677
1,1,0.9558677
1,1,0.9558677
1,1,0.95487374
1,1,0.9558677
1,1,0.9558677
1,1,0.9558677
1,1,0.9558677
1,1,0.9555833
1,1,0.9553395
1,1,0.9558677
1,1,0.9558677
1,1,0.9558677
1,1,0.9558677
1,1,0.9558677
1,1,0.9558119
1,1,0.9558677
1,1,0.9558677
1,1,0.9558677
1,1,0.9558677
1,1,0.9544304
1,1,0.9558677
1,1,0.9558677
1,1,0.9558677
1,1,0.9522972
1,1,0.9558677
1,1,0.9558677
1,1,0.9558677
1,1,0.9558677
1,1,0.9558677
1,1,0.9558677
1,1,0.9558677
1,1,0.9516418
1,1,0.94417703
1,1,0.9558677
1,1,0.9558677
1,1,0.9558677
1,1,0.9558677
1,1,0.9558565
1,1,0.9558677
1,1,0.9558677
1,1,0.9558565
1,1,0.95208687
1,1,0.9558677
1,1,0.9558677
1,1,0.9558677
1,1,0.9558677
1,1,0.9558677
1,1,0.9558677
1,1,0.9558677
1,1,0.9558677
1,1,0.9558677
1,1,0.9558677
1,1,0.9558677
1,1,0.9558677
1,1,0.9558677
1,1,0.9558677
1,1,0.9558677
1,1,0.9558677
1,1,0.9558677
1,1,0.955723
1,1,0.9558677
1,1,0.9558677
1,1,0.9558677
1,1,0.9558677
1,1,0.9558677
1,1,0.9558677
1,1,0.9558677
1,1,0.9558677
1,1,0.9558677
1,1,0.9558677
1,1,0.9465812
0,1,0.9044963
1,1,0.9558677
1,1,0.95570165
1,1,0.9558677
1,1,0.9558565
1,1,0.9558677
1,1,0.9558677
1,1,0.9558677
1,1,0.9558677
1,1,0.95487374
1,1,0.9558677
1,1,0.9558677
1,1,0.9558677
1,1,0.9503363
1,1,0.9558677
1,1,0.9558677
1,1,0.9558677
1,1,0.9558677
1,1,0.9558677
1,1,0.9558677
1,1,0.9558677
1,1,0.9558677
1,1,0.9558677
1,1,0.9558677
1,1,0.9558677
1,1,0.9558677
1,1,0.9558677
1,1,0.95568866
1,1,0.9558677
1,1,0.9558677
1,1,0.9558677
1,1,0.95487374
1,1,0.9558677
1,1,0.9558677
1,1,0.955853
1,1,0.9558677
1,1,0.9558677
1,1,0.9558677
1,1,0.9558677
1,1,0.9558677
1,1,0.9558677
1,1,0.9558677
1,1,0.9558677
1,1,0.9558677
1,1,0.9558677
1,1,0.9558677
1,1,0.95487374
1,1,0.9558677
1,1,0.9556512
1,1,0.9558677
1,1,0.9558677
1,1,0.9558677
1,1,0.9558565
1,1,0.95208687
1,1,0.9558677
1,1,0.9558677
1,1,0.955723
1,1,0.9558677
1,1,0.9558565
1,1,0.9558677
1,1,0.9533406
1,1,0.9558677
1,1,0.9558677
1,1,0.9558677
0,1,0.9236463
0,1,0.9544304
0,1,0.94417703
1,1,0.9558677
1,1,0.9558677
1,1,0.9558677
1,1,0.9558677
1,1,0.9558677
1,1,0.9558677
1,1,0.9558677
1,1,0.9558677
1,1,0.95208687
1,1,0.9558677
1,1,0.9445379
1,1,0.9558677
1,1,0.9558677
1,1,0.9558677
1,1,0.9522089
1,1,0.9558677
1,1,0.9558677
1,1,0.9558677
1,1,0.9558677
1,1,0.9558677
1,1,0.9558677
1,1,0.9558677
1,1,0.9558677
1,1,0.9558677
1,1,0.9558677
1,1,0.9558677
1,1,0.9558677
1,1,0.9558677
1,1,0.94345254
1,1,0.9558677
1,1,0.9503867
1,1,0.955723
1,1,0.9558677
1,1,0.9558677
1,1,0.9558677
1,1,0.9558677
1,1,0.9558677
1,1,0.9558677
1,1,0.95208687
1,1,0.9558677
1,1,0.9558677
1,1,0.95208687
1,1,0.9558677
1,1,0.9558677
1,1,0.95566046
1,1,0.9558677
1,1,0.9558677
1,1,0.9558677
1,1,0.9558677
1,1,0.9525243
1,1,0.9544304
1,1,0.9558677
1,1,0.9558565
1,1,0.9558677
1,1,0.9558677
1,1,0.9558677
1,1,0.9558677
1,1,0.9558677
1,1,0.9558677
1,1,0.94365245
1,1,0.9558677
1,1,0.9558677
1,1,0.9558677
1,1,0.9558677
1,1,0.9558677
1,1,0.9558677
1,1,0.9558677
1,1,0.9558677
1,1,0.9558677
1,1,0.9558677
1,1,0.9558677
1,1,0.9558677
1,1,0.95107293
1,1,0.9558677
1,1,0.9558677
1,1,0.9558677
1,1,0.9558677
1,1,0.9558677
1,1,0.9558677
1,1,0.9558677
1,1,0.9558677
1,1,0.9558677
1,1,0.9558677
1,1,0.9558677
1,1,0.9487549
1,1,0.9558677
1,1,0.9558677
1,1,0.9558677
1,1,0.9558677
1,1,0.9558677
1,1,0.95570165
1,1,0.9558677
1,1,0.9558677
1,1,0.9558677
1,1,0.9558677
1,1,0.95208687
1,1,0.9558677
1,1,0.9558677
1,1,0.9558677
1,1,0.9558677
1,1,0.9558677
1,1,0.9558677
1,1,0.9558677
1,1,0.9558677
1,1,0.9091431
1,1,0.9558677
1,1,0.9558677
1,1,0.95487374
1,1,0.9558677
1,1,0.9558677
1,1,0.951829
1,1,0.94379294
1,1,0.9558677
1,1,0.94761527
1,1,0.9558677
1,1,0.9558677
1,1,0.9558677
1,1,0.95208687
1,1,0.9558677
1,1,0.9558677
1,1,0.9558677
1,1,0.9558677
1,1,0.95576024
1,1,0.9558677
1,1,0.9558677
1,1,0.9558677
1,1,0.9558677
1,1,0.9558677
1,1,0.9558677
1,1,0.9558677
1,1,0.9558677
1,1,0.9558677
1,1,0.95208687
1,1,0.9558677
1,1,0.9558677
1,1,0.9558677
1,1,0.9558677
1,1,0.9558677
1,1,0.9558677
1,1,0.94621366
1,1,0.9558677
1,1,0.95208687
1,1,0.9558677
1,1,0.9558677
1,1,0.9558677
1,1,0.9558677
1,1,0.953295
1,1,0.9522089
1,1,0.9558565
1,1,0.9558677
1,1,0.94417703
1,1,0.9558677
1,1,0.9558677
1,1,0.9558677
1,1,0.9558677
1,1,0.9558677
1,1,0.9558677
1,1,0.9558677
1,1,0.9558677
1,1,0.9558677
1,1,0.9558677
1,1,0.9558677
1,1,0.9558677
1,1,0.9558677
1,1,0.9558677
1,1,0.9558677
1,1,0.9558677
1,1,0.9558677
1,1,0.9558677
1,1,0.9558677
1,1,0.9558677
1,1,0.9558677
1,1,0.95556813
1,1,0.9558677
1,1,0.95061713
1,1,0.95464545
1,1,0.95576024
1,1,0.9558677
1,1,0.9558677
1,1,0.9558677
1,1,0.9558677
1,1,0.9558677
1,1,0.95208687
1,1,0.9558677
1,1,0.9558677
1,1,0.9558677
1,1,0.9558677
1,1,0.9558677
1,1,0.9558677
1,1,0.9558677
1,1,0.9558677
1,1,0.9558677
1,1,0.9558677
1,1,0.95208687
1,1,0.9558677
1,1,0.929159
1,1,0.955853
1,1,0.9558677
1,1,0.9518519
1,1,0.9558677
1,1,0.9558677
1,1,0.9558677
1,1,0.9558677
1,1,0.95487374
1,1,0.95209605
1,1,0.9558677
1,1,0.9558677
1,1,0.9558677
1,1,0.9558677
1,1,0.9558677
1,1,0.9544304
1,1,0.9558677
1,1,0.95568866
1,1,0.9558677
1,1,0.9558677
1,1,0.9558677
1,1,0.9558677
1,1,0.9558677
1,1,0.95576024
1,1,0.9558677
1,1,0.9558677
1,1,0.9558677
1,1,0.9558677
1,1,0.9558677
1,1,0.9558565
1,1,0.9558677
1,1,0.9558677
1,1,0.9558677
1,1,0.9558677
1,1,0.9558677
1,1,0.9367189
1,1,0.9558677
1,1,0.9558677
1,1,0.9558677
1,1,0.9558677
1,1,0.95487374
1,1,0.9558677
1,1,0.9558677
1,1,0.9558565
1,1,0.9558677
1,1,0.9558677
1,1,0.95487374
1,1,0.95487374
1,1,0.9558677
1,1,0.9558677
1,1,0.9558677
1,1,0.9558677
1,1,0.9558677
1,1,0.9558677
1,1,0.9558677
1,1,0.9558677
1,1,0.9558677
1,1,0.955853
1,1,0.9558677
1,1,0.9558677
1,1,0.9558677
1,1,0.9558677
1,1,0.95208687
1,1,0.9558677
1,1,0.9558677
1,1,0.9558677
1,1,0.9558677
1,1,0.9558677
1,1,0.9558677
1,1,0.9558677
1,1,0.9522972
1,1,0.9558677
1,1,0.9488351
1,1,0.9558677
1,1,0.9558677
1,1,0.9558677
0,1,0.9455773
1,1,0.9558677
1,1,0.9558677
1,1,0.9558677
1,1,0.9558677
1,1,0.9558677
1,1,0.9558677
1,1,0.9558677
1,1,0.9558677
1,1,0.9558677
1,1,0.9558677
1,1,0.9558677
1,1,0.9558677
1,1,0.95570165
1,1,0.9558677
1,1,0.94507325
1,1,0.9558677
1,1,0.9558677
1,1,0.9558677
1,1,0.955782
1,1,0.9558677
1,1,0.9558677
1,1,0.9558677
1,1,0.9558677
1,1,0.9558677
1,1,0.9558677
1,1,0.9558677
0,1,0.9458209
1,1,0.9558677
1,1,0.9558677
1,1,0.9558677
1,1,0.9558677
1,1,0.9558677
1,1,0.9558677
1,1,0.9558677
1,1,0.9558677
1,1,0.95487374
1,1,0.9558677
1,1,0.9558565
1,1,0.94365245
1,1,0.9558677
1,1,0.9558677
1,1,0.9558677
1,1,0.95581937
1,1,0.9558677
1,1,0.9558677
1,1,0.9558677
1,1,0.9558677
1,1,0.9558677
1,1,0.94392514
1,1,0.9558677
1,1,0.9558677
1,1,0.9458209
1,1,0.9558677
1,1,0.9558677
1,1,0.9558677
1,1,0.9558677
1,1,0.9558677
1,1,0.9558677
1,1,0.9558677
1,1,0.9558677
1,1,0.9558677
1,1,0.9558677
1,1,0.9558677
1,1,0.9558677
1,1,0.9558677
1,1,0.9558677
1,1,0.9558677
1,1,0.9558677
1,1,0.9558677
1,1,0.9558677
1,1,0.9558677
1,1,0.9558677
1,1,0.94365245
1,1,0.9558677
1,1,0.9558677
1,1,0.9558677
