Actual,Predicted,Probability
0,0,0.28433064
0,0,0.24125195
0,0,0.06686461
0,0,0.0991004
0,0,0.09290059
0,1,0.54709756
0,0,0.25719747
0,0,0.20324072
0,0,0.26482868
0,0,0.04685848
0,0,0.1812964
0,0,0.41010374
0,0,0.4124187
0,0,0.03169188
0,1,0.5149517
0,0,0.09361195
0,0,0.09049756
0,0,0.06614612
0,0,0.063586876
0,0,0.047236353
1,1,0.7276042
0,0,0.039571676
0,0,0.23343351
0,0,0.3722664
0,1,0.5563085
0,1,0.7483875
0,1,0.7298727
0,0,0.29352102
0,0,0.057205517
1,1,0.65180767
0,0,0.14066063
0,0,0.09619722
0,0,0.08145312
0,0,0.36953527
0,0,0.21438822
0,0,0.054392196
0,0,0.2686553
0,0,0.0603626
0,0,0.09029067
0,0,0.29004592
0,0,0.3586514
0,0,0.23864077
0,0,0.123821214
0,1,0.6006759
1,1,0.6207204
0,0,0.10522257
0,0,0.2202354
0,0,0.30743212
0,0,0.46282992
0,1,0.57682323
0,0,0.36765444
0,0,0.05707998
0,0,0.34223974
0,0,0.32266253
0,0,0.29193315
0,0,0.08749143
0,0,0.26063842
0,1,0.60387105
0,0,0.2797341
0,0,0.36289003
0,0,0.06274735
0,0,0.03971301
0,0,0.101479895
0,1,0.5458708
1,1,0.72127134
0,1,0.61791605
0,0,0.30703756
0,0,0.04573302
0,0,0.4962557
0,1,0.73128515
0,0,0.3706244
0,0,0.028502293
0,0,0.08660172
0,0,0.04012207
1,0,0.43846464
0,0,0.049427666
0,0,0.12333074
0,0,0.48205692
0,0,0.05607807
0,0,0.20293373
0,0,0.31144854
0,0,0.07250897
0,0,0.49625847
0,0,0.09097413
0,0,0.2818955
0,0,0.0711895
0,0,0.23797698
0,1,0.54063964
0,0,0.3616268
0,0,0.20715652
0,0,0.28158373
0,0,0.085810035
0,0,0.0888369
0,0,0.17634784
0,0,0.45846206
0,1,0.64040756
0,0,0.3314302
0,0,0.109657414
0,1,0.7010666
0,1,0.52644634
0,0,0.05956811
0,0,0.1656867
0,0,0.12179013
0,1,0.50819665
0,0,0.058652196
0,0,0.087024115
1,0,0.4186798
0,0,0.054444198
1,0,0.35344467
0,0,0.42678484
0,0,0.08101137
0,0,0.058255523
0,0,0.05459947
0,1,0.5174023
0,0,0.10837146
0,0,0.3588702
1,0,0.35160556
0,0,0.1706497
0,1,0.62997323
0,0,0.030210722
0,0,0.062888436
0,1,0.64368325
0,0,0.061120942
0,0,0.4751234
0,0,0.39201447
0,0,0.04703541
0,0,0.12951286
0,0,0.3042264
0,0,0.2074817
0,0,0.040020954
0,1,0.5377422
0,1,0.5954136
0,0,0.06374611
0,0,0.034744762
0,0,0.08831401
0,0,0.028702112
0,0,0.055540808
0,0,0.13568638
0,0,0.060903396
0,1,0.56624556
1,1,0.58953
0,1,0.6076481
0,1,0.5928102
0,0,0.08162446
0,0,0.12242185
0,0,0.49756798
0,0,0.19848394
0,0,0.044609778
0,0,0.28901502
0,0,0.13908248
0,0,0.29998878
0,0,0.027587168
1,0,0.3840576
0,0,0.13918097
0,0,0.053343892
0,0,0.054607276
0,0,0.16890031
0,0,0.122120366
0,1,0.5977951
0,0,0.31853336
0,1,0.5043969
0,0,0.353945
0,0,0.052973554
0,0,0.18692009
0,0,0.1994584
0,0,0.057369225
0,0,0.07629372
0,0,0.13902806
0,1,0.5414505
0,0,0.30088142
1,0,0.46943185
0,0,0.08602325
0,0,0.08267667
1,0,0.3350005
0,0,0.10933616
0,0,0.028502293
0,0,0.07173276
0,0,0.058706608
0,0,0.12125299
0,0,0.2365142
1,0,0.2949996
0,1,0.5403354
0,0,0.4943146
0,0,0.18025114
0,1,0.61387455
0,0,0.09935369
0,0,0.07992152
0,0,0.18464908
0,1,0.7074752
0,0,0.14059232
0,0,0.08743369
0,0,0.03808041
0,0,0.05731131
0,0,0.07548933
0,0,0.059000008
0,0,0.054714765
0,0,0.135187
0,0,0.1356481
0,1,0.50301266
0,0,0.04180297
0,0,0.39764404
0,0,0.26174664
0,0,0.29990894
0,0,0.49819088
1,1,0.72706646
0,0,0.20924878
1,1,0.7157809
0,1,0.50018436
0,1,0.6575246
0,0,0.09875642
0,0,0.3813349
0,0,0.37433282
0,0,0.10429281
1,1,0.5530055
0,0,0.07975711
0,0,0.089481466
0,0,0.28717586
0,0,0.46786615
1,1,0.66574883
0,0,0.091863394
0,0,0.13785288
0,1,0.51190984
0,1,0.6744046
0,0,0.058097165
0,1,0.71620566
0,0,0.4257184
0,1,0.5418365
0,0,0.46215507
0,0,0.21563585
0,1,0.5802131
0,1,0.74256843
0,1,0.5401393
0,1,0.65416044
0,0,0.11775607
0,0,0.11035961
1,1,0.79315525
0,0,0.08736342
0,0,0.37969148
0,0,0.06440749
0,0,0.28280824
0,0,0.32235703
1,1,0.5086646
0,0,0.057444125
1,1,0.7711223
0,0,0.052660104
0,1,0.5195963
0,0,0.12555511
0,0,0.10139092
0,0,0.30361038
0,0,0.43133587
0,0,0.054546427
0,0,0.26650935
0,1,0.7073537
0,0,0.038024206
0,0,0.071064495
0,0,0.47248712
0,0,0.40586758
0,0,0.112567395
0,0,0.35666138
0,0,0.057576604
0,1,0.58055466
0,0,0.49590853
0,0,0.35828382
0,0,0.22930816
0,0,0.06305763
0,0,0.13856454
0,1,0.623026
0,0,0.41779894
0,0,0.061619624
1,0,0.1847999
0,0,0.027587168
0,0,0.09376591
1,1,0.73089373
0,0,0.08117139
0,0,0.41290733
1,0,0.31577575
0,1,0.5521443
0,1,0.5430697
0,0,0.05717112
0,0,0.03136596
0,1,0.60265017
0,0,0.3655832
0,0,0.04673458
0,0,0.092125006
0,0,0.114008985
1,1,0.6639452
0,0,0.4108908
0,0,0.07703851
0,1,0.5108847
1,1,0.711183
0,1,0.5345546
0,0,0.030285323
0,0,0.03924161
0,0,0.37238598
0,0,0.26753724
0,1,0.767807
0,0,0.49883857
1,1,0.81023556
0,0,0.0633173
0,0,0.06466573
0,0,0.46580175
0,0,0.49802047
0,0,0.13446175
0,0,0.092943296
0,0,0.07703314
0,0,0.12416357
1,1,0.6453669
0,0,0.05438491
1,1,0.696807
0,0,0.17736423
0,0,0.0432037
0,1,0.5438633
0,0,0.14630559
0,0,0.056386914
0,0,0.058017023
0,0,0.38433325
0,0,0.35449818
0,0,0.47744188
0,0,0.09684273
0,0,0.1343513
0,1,0.5755457
0,0,0.13853092
0,0,0.11545952
0,1,0.7659864
0,1,0.5604729
0,1,0.68488085
0,1,0.76424074
0,1,0.62694186
0,0,0.41417313
0,0,0.09074599
0,0,0.2224478
0,0,0.044810936
0,0,0.18069582
0,0,0.34378892
0,0,0.27655455
0,0,0.31919163
0,1,0.7513872
1,1,0.52540684
0,0,0.080071986
0,0,0.45675367
0,0,0.19327234
0,0,0.49051276
0,0,0.34173223
0,0,0.0558131
0,0,0.07546961
0,0,0.10729574
0,0,0.4450817
0,0,0.20035402
0,0,0.28517276
0,1,0.5528248
0,0,0.24362893
0,0,0.31784096
0,0,0.12210093
0,0,0.037653
0,0,0.21222965
0,0,0.31430995
0,1,0.7113787
0,0,0.07100054
0,0,0.028702112
0,0,0.09308558
0,0,0.22899827
0,0,0.07170608
0,0,0.16186228
0,0,0.028502293
0,0,0.24222393
0,0,0.11889501
1,0,0.166187
0,0,0.4204666
0,0,0.06264384
0,0,0.06067238
0,0,0.030074822
0,0,0.1463251
0,0,0.048426025
0,0,0.0462909
0,0,0.076973505
0,1,0.6242291
0,0,0.16801077
0,0,0.20276766
0,0,0.058967892
0,0,0.35748184
1,0,0.2675783
0,0,0.24137717
0,1,0.5179365
0,0,0.14820209
0,0,0.05380889
0,0,0.13206235
0,0,0.08553046
0,0,0.29686663
0,0,0.15777105
0,0,0.15605815
0,0,0.08015767
0,0,0.09623897
0,0,0.14980179
0,0,0.11888425
0,0,0.053813104
0,0,0.052676838
0,0,0.25794384
0,0,0.34665465
0,0,0.04654715
0,0,0.10346584
0,0,0.15066792
0,0,0.41672635
0,0,0.41127336
0,0,0.33400226
1,1,0.69878197
0,0,0.22058836
0,0,0.18199672
0,0,0.04709114
0,0,0.31896004
0,0,0.13454497
0,0,0.055017438
0,0,0.32026076
0,0,0.20361833
0,1,0.66665405
0,0,0.34020472
0,0,0.20938867
0,0,0.028160505
0,0,0.3667877
0,0,0.087950155
0,0,0.49967614
0,0,0.06299811
0,0,0.3091621
0,0,0.3687698
0,0,0.14480186
0,0,0.059844524
0,0,0.07734851
0,0,0.22905722
0,0,0.08519887
0,0,0.42062598
0,0,0.096338615
0,0,0.109560736
0,0,0.21663725
0,0,0.36330524
1,1,0.5455383
0,0,0.28066432
0,0,0.37710956
0,0,0.08155591
0,0,0.068121046
0,0,0.14979632
0,0,0.15352656
0,0,0.07748721
0,0,0.102598295
0,0,0.40657696
0,0,0.087161526
0,0,0.05435722
0,0,0.058465026
0,0,0.072998695
0,0,0.033084378
0,0,0.055004917
0,0,0.07978648
0,0,0.3224076
0,0,0.044748064
0,0,0.03136596
0,0,0.14690378
0,0,0.12369759
0,0,0.23901647
0,1,0.7204714
0,0,0.42276403
0,0,0.028401755
1,0,0.21788353
0,0,0.1305563
0,0,0.04315884
0,1,0.53977627
0,0,0.23466785
0,0,0.31538218
0,0,0.049753845
0,0,0.4372181
0,0,0.3678043
0,1,0.50889313
0,0,0.46655113
1,1,0.6063139
0,0,0.1280484
0,0,0.19430648
0,0,0.08820032
0,1,0.5746621
0,0,0.14939325
0,0,0.37641367
0,1,0.57396865
0,0,0.041488443
0,1,0.524234
0,0,0.058097165
0,0,0.06542355
0,1,0.5508842
0,1,0.51144457
0,0,0.3346981
0,0,0.07472851
0,1,0.5800648
0,0,0.062268753
0,0,0.14042719
0,0,0.06275415
1,0,0.3288798
0,0,0.28722614
0,0,0.072424315
0,0,0.056129515
1,1,0.65893626
0,0,0.20814028
0,0,0.37679783
0,0,0.028502293
0,0,0.10058529
0,0,0.30517015
1,1,0.72606105
0,1,0.71759886
0,0,0.22613363
0,0,0.42242488
0,1,0.5126309
0,0,0.3412494
0,0,0.28568518
0,0,0.485627
0,0,0.08330672
0,0,0.06519877
0,0,0.08721756
0,0,0.48816472
0,0,0.45047206
0,1,0.5998033
0,0,0.07730092
0,0,0.19699116
0,0,0.047493823
0,0,0.27519792
0,0,0.059555218
0,0,0.0381358
0,0,0.349592
0,0,0.05619023
0,0,0.19016156
0,0,0.040161528
0,0,0.14109989
0,0,0.028702112
0,0,0.081656136
0,0,0.092129715
0,0,0.059113175
0,0,0.061274767
0,0,0.0432037
0,0,0.2004177
0,1,0.6010128
0,0,0.040716395
0,0,0.12079261
0,0,0.38513
0,0,0.10207527
0,0,0.18608524
1,0,0.37189928
0,0,0.42604384
0,0,0.14530408
0,0,0.0983253
0,1,0.500803
0,1,0.71318203
0,0,0.14823455
0,0,0.35475147
0,0,0.40196434
0,0,0.10209083
0,0,0.19699116
0,0,0.47433108
0,0,0.070040934
0,0,0.09278292
0,0,0.07095148
1,1,0.6202739
0,1,0.5003351
0,1,0.5783344
0,0,0.09995265
0,0,0.37548694
0,0,0.4668333
0,0,0.08712375
0,0,0.09325761
0,1,0.51924986
0,0,0.12526488
0,0,0.028160505
0,0,0.33473495
0,0,0.049841773
0,0,0.111933716
0,0,0.09027741
0,0,0.042956863
0,0,0.24253069
0,0,0.08396609
0,0,0.15419252
0,0,0.12513208
0,0,0.0761331
0,1,0.60414976
0,1,0.8466049
0,0,0.040860683
1,1,0.5750255
0,1,0.58016324
0,0,0.0922544
0,0,0.31742355
0,0,0.10450697
0,0,0.04792404
0,0,0.3940182
0,1,0.59350055
0,0,0.4911798
0,0,0.32664442
0,1,0.62233245
0,0,0.3260741
0,0,0.15589403
0,0,0.058309447
0,0,0.08870007
1,0,0.48768595
0,0,0.25409043
0,0,0.18502112
0,0,0.0558131
0,0,0.35737255
0,0,0.44588134
0,0,0.039097052
1,1,0.5001473
0,1,0.5175636
0,0,0.055861857
0,0,0.05700678
0,0,0.056654084
0,0,0.063586876
0,0,0.24203819
0,0,0.064819165
0,0,0.10013666
1,0,0.32454845
0,0,0.031967293
0,0,0.3588232
0,0,0.091098584
0,0,0.34217668
0,0,0.065198235
1,0,0.25538814
0,1,0.65179986
0,0,0.068234175
0,0,0.05716922
0,0,0.062380143
0,1,0.70674765
0,0,0.48747075
0,1,0.64605594
0,0,0.42647198
1,1,0.6360091
1,0,0.35487226
0,0,0.09849992
0,0,0.43945533
1,0,0.39138594
0,1,0.62950975
0,0,0.091708414
1,0,0.4135217
1,1,0.75922024
0,0,0.042353243
0,0,0.4974772
0,0,0.06000678
0,1,0.59577507
0,1,0.59297776
0,0,0.11216787
0,1,0.5212485
1,1,0.56399494
0,0,0.4319423
0,0,0.059000008
0,0,0.0881698
0,0,0.40343225
0,1,0.69871753
0,0,0.12984034
0,0,0.061357107
0,0,0.05728698
0,0,0.065651245
0,1,0.562385
0,0,0.29057395
0,0,0.22718194
0,0,0.31869227
0,0,0.038083773
0,0,0.053205773
1,0,0.23724292
0,0,0.102055386
1,1,0.81374174
0,0,0.22744645
0,0,0.22396858
0,0,0.08581404
0,1,0.5247429
0,1,0.567044
0,0,0.48717886
0,0,0.13338472
1,1,0.674352
0,0,0.16208364
0,0,0.39906842
0,0,0.028702112
0,0,0.028947866
0,0,0.21886677
0,0,0.42664874
0,0,0.46452558
0,0,0.057369225
0,0,0.0381358
0,0,0.27849728
0,0,0.08125826
0,0,0.04401907
1,1,0.5566886
1,0,0.041751213
0,0,0.35337606
0,0,0.3482028
0,1,0.65465516
1,0,0.36465076
0,0,0.060019378
0,0,0.31846082
0,1,0.6043205
0,0,0.046712175
0,0,0.07831922
0,0,0.20527217
0,0,0.09957422
0,0,0.07074042
0,1,0.75886685
0,0,0.24620439
0,1,0.7670092
0,0,0.0675295
0,1,0.5278712
0,0,0.07107304
0,0,0.39165613
1,0,0.33643764
0,0,0.23329894
1,0,0.47454247
0,0,0.042956863
0,0,0.25636858
0,0,0.19417502
0,1,0.7253464
0,0,0.0445604
0,1,0.6367001
0,0,0.23402706
0,0,0.055623785
0,0,0.4985611
0,0,0.070626214
0,0,0.16023809
0,0,0.030823587
0,1,0.786901
0,0,0.06819873
0,1,0.5963024
0,0,0.05935277
0,0,0.061628222
0,0,0.0545369
0,1,0.77600574
0,0,0.26035932
0,0,0.0641333
0,0,0.06793041
0,0,0.10297264
0,0,0.46288052
0,0,0.31749764
0,0,0.08633745
0,0,0.056129515
1,0,0.37004
0,0,0.070536725
0,0,0.04103178
0,0,0.42801607
0,0,0.097398065
0,0,0.06044372
0,0,0.3407345
0,0,0.062351774
0,0,0.037384562
0,0,0.23641856
0,1,0.5279044
0,0,0.47054526
0,0,0.43551487
0,0,0.054584965
0,0,0.1410846
0,0,0.2438709
0,0,0.39546648
0,0,0.29208395
0,1,0.5483513
0,0,0.059638157
0,0,0.3667877
0,1,0.6021514
0,0,0.08212026
0,0,0.28233323
0,0,0.060019378
0,0,0.29087994
0,0,0.49757552
0,0,0.042809434
0,0,0.0711895
0,1,0.5794156
0,1,0.5421274
0,0,0.09471627
0,0,0.056482308
0,0,0.09403179
0,1,0.6839933
0,0,0.089766234
0,0,0.3582504
0,0,0.06383325
0,0,0.41501305
0,0,0.31282145
1,1,0.5504511
1,0,0.46313864
0,0,0.2166512
0,0,0.34358737
0,1,0.7171607
0,0,0.071871385
0,0,0.04458873
0,0,0.03866086
0,0,0.056910884
0,0,0.058472622
0,0,0.114632934
0,0,0.16252524
0,1,0.58741736
0,1,0.6002445
0,1,0.5415851
0,0,0.34259093
0,0,0.3326496
0,0,0.48263747
0,0,0.086944796
0,0,0.038414627
0,1,0.563542
0,0,0.037949026
0,0,0.05582971
1,0,0.38036123
0,0,0.088204905
0,0,0.2617508
0,0,0.294059
0,0,0.49212041
0,0,0.056295913
0,0,0.09476763
0,0,0.32349434
0,0,0.075861596
1,1,0.554846
1,1,0.81968236
0,1,0.7407036
0,0,0.119033486
0,0,0.16760297
0,1,0.50003207
0,0,0.4117894
0,0,0.22523475
1,1,0.50421643
0,0,0.26634878
0,0,0.103865735
0,0,0.037384562
0,0,0.497815
0,0,0.103061184
0,0,0.0986241
0,0,0.3762799
0,0,0.059000548
0,0,0.056949157
0,0,0.49445495
1,1,0.6939009
0,0,0.06634819
0,0,0.2742538
0,0,0.33452234
0,0,0.054138914
0,1,0.5740807
1,1,0.51490694
0,0,0.06502534
0,0,0.028702112
0,0,0.028502293
0,0,0.038414627
1,0,0.31073627
0,0,0.26947355
0,0,0.26424584
0,0,0.48191968
0,0,0.028502293
0,0,0.2681143
0,0,0.2227115
0,0,0.08993104
0,0,0.11492537
0,1,0.55344325
0,0,0.32553414
0,0,0.106814496
0,0,0.15141958
0,1,0.7009917
0,1,0.6119118
0,0,0.3143621
0,0,0.14861405
0,0,0.2932152
0,0,0.23099782
0,1,0.5570636
0,0,0.31027952
0,1,0.55595154
0,0,0.24760036
0,0,0.13960645
1,0,0.29767042
0,0,0.099980064
0,1,0.7094829
0,0,0.028008008
0,0,0.24599822
0,0,0.45770186
0,0,0.06835748
0,0,0.43494183
0,0,0.047134362
0,0,0.04259563
0,0,0.2713148
0,1,0.75438505
0,0,0.2084907
0,1,0.64256895
0,1,0.6119526
0,0,0.0877766
0,0,0.093040906
0,0,0.2475752
0,0,0.046878744
0,1,0.7372089
0,0,0.10002897
0,0,0.049374364
0,0,0.057274766
0,0,0.28191844
0,0,0.26640356
0,0,0.2528361
0,1,0.5976579
0,0,0.05670331
0,0,0.10660461
0,0,0.41205528
1,0,0.3137982
0,0,0.057582743
0,0,0.06908493
0,0,0.07900376
0,0,0.3010118
0,0,0.044062514
0,0,0.4740261
0,1,0.5516067
0,0,0.059981134
0,0,0.08282334
0,0,0.078561656
0,0,0.07914399
0,0,0.37288344
0,0,0.3152932
0,0,0.028502293
0,0,0.46965712
0,0,0.3400868
0,0,0.12660873
0,0,0.07988315
1,0,0.48814592
0,0,0.058017023
0,1,0.52177596
0,1,0.56458735
0,1,0.5405131
0,0,0.06100106
0,0,0.21553639
0,0,0.05374754
0,0,0.08414418
0,0,0.3765861
0,0,0.057336446
0,0,0.08005603
0,0,0.06423304
0,0,0.063927844
0,0,0.35414156
0,1,0.575157
0,0,0.053813104
0,0,0.49355245
0,0,0.3932026
0,0,0.30189532
0,0,0.079789035
0,0,0.054422714
0,0,0.13775185
0,0,0.29597607
0,0,0.06970043
0,1,0.7146925
1,1,0.5379241
0,0,0.06125597
0,0,0.0902325
0,0,0.4640719
0,0,0.028160505
0,0,0.3749028
0,0,0.06808087
0,0,0.23545069
0,1,0.6250878
0,0,0.05564814
0,0,0.08616039
0,0,0.45614907
0,0,0.08805329
0,0,0.24650536
0,0,0.08330709
0,0,0.46244672
0,0,0.06019383
0,0,0.28233546
0,1,0.7578988
0,0,0.37486175
0,0,0.09351043
0,0,0.47200704
0,0,0.44247523
0,0,0.094139375
0,1,0.5414383
0,0,0.051372293
0,0,0.06190859
0,0,0.05670331
0,1,0.53674173
0,0,0.060261626
0,0,0.084734
0,0,0.03822135
0,0,0.05619023
1,1,0.60801476
0,0,0.028502293
0,0,0.16021545
0,0,0.29645547
0,0,0.09626631
0,0,0.058191787
0,0,0.056129515
0,0,0.17599443
0,0,0.09815236
0,0,0.091498785
0,0,0.030333256
0,0,0.042956863
0,0,0.3670426
0,0,0.19405083
0,0,0.05814909
0,0,0.06802163
0,0,0.2921489
0,0,0.08808448
0,0,0.05736815
0,1,0.6232734
0,0,0.122311026
0,0,0.09013743
0,0,0.15920728
0,0,0.058647126
1,0,0.27353823
0,0,0.10249587
0,0,0.028502293
0,0,0.08488512
0,0,0.40359798
0,0,0.07734851
0,0,0.15010427
0,1,0.721478
0,0,0.10774469
0,0,0.19004914
0,0,0.058075305
0,0,0.20730802
0,0,0.08796728
0,0,0.35904905
0,0,0.04994385
0,0,0.19757083
1,1,0.5860609
0,0,0.06353771
1,0,0.49601695
0,0,0.05401962
0,0,0.21603298
0,0,0.11624277
0,1,0.5760986
0,0,0.17776342
0,0,0.28038216
0,0,0.28884372
1,0,0.4682394
0,0,0.08522398
0,1,0.5475392
0,0,0.18628398
0,0,0.43103287
0,1,0.7098978
0,0,0.04792404
0,0,0.36241114
0,0,0.055292353
0,0,0.15053315
0,0,0.4840507
0,0,0.43846464
0,0,0.20761739
0,1,0.6005632
0,1,0.5989718
0,0,0.17632613
0,0,0.16411735
0,0,0.09027741
0,1,0.7467402
0,1,0.60570556
0,0,0.08808144
0,0,0.3450723
0,0,0.066757806
0,0,0.056441274
0,0,0.37681362
0,0,0.058669176
0,0,0.42414588
0,0,0.43900195
0,0,0.13221227
0,0,0.060660165
0,1,0.56538206
0,0,0.046771143
0,0,0.12328121
0,0,0.16736633
0,0,0.25306284
0,0,0.32065716
1,1,0.5731439
0,0,0.26276952
0,0,0.08665413
0,0,0.042809434
0,1,0.67048967
0,1,0.538512
0,0,0.34085968
0,1,0.52368724
0,0,0.13545161
0,1,0.6078398
0,0,0.1308593
0,1,0.6635702
0,0,0.050636873
0,1,0.5035603
0,1,0.6284864
0,0,0.49879816
1,0,0.40678746
0,0,0.12505426
0,1,0.6916405
0,0,0.32819203
0,1,0.51499146
0,0,0.05644401
0,0,0.03179119
1,1,0.63224083
0,0,0.3866544
0,0,0.20520213
0,0,0.028502293
1,1,0.61994386
0,0,0.05781608
0,0,0.038707174
0,0,0.14790557
0,1,0.7300012
0,1,0.7531306
0,0,0.27345735
0,0,0.16429703
0,0,0.09307394
0,0,0.117958866
0,0,0.45761937
0,0,0.322281
0,0,0.043323822
0,0,0.16763148
0,0,0.4936552
0,0,0.028702112
0,0,0.19610411
0,0,0.057061248
0,0,0.09983989
0,0,0.2232812
0,0,0.42047718
0,0,0.24159518
1,1,0.72222626
0,0,0.072331995
0,0,0.3521657
0,0,0.46740395
0,0,0.13625841
0,1,0.5757413
1,1,0.626874
0,0,0.4330149
0,0,0.1476563
0,0,0.040860683
0,1,0.62358403
0,0,0.2739465
1,1,0.6358408
0,0,0.04547975
0,0,0.16775236
0,1,0.5507143
0,0,0.104956865
0,0,0.078561656
0,0,0.32133755
0,0,0.4373188
0,1,0.65040344
0,1,0.62213385
0,0,0.07661781
0,1,0.787929
0,0,0.46277267
0,1,0.529282
1,0,0.48037446
1,1,0.56901604
0,0,0.2694253
0,0,0.089196794
0,0,0.46699464
1,0,0.48067784
0,0,0.2517569
0,1,0.6653548
0,0,0.09568666
1,1,0.7138711
0,0,0.08647791
0,0,0.07640817
1,1,0.56952333
0,0,0.2522249
0,0,0.08478478
1,0,0.27267492
0,1,0.7147595
0,0,0.10518894
0,0,0.08412689
0,1,0.5556469
0,0,0.14971608
0,1,0.5660084
1,0,0.4196944
0,0,0.23003906
0,0,0.48379776
0,0,0.37627134
0,0,0.40260792
0,0,0.31661186
0,1,0.56492054
1,0,0.42003086
0,0,0.45397666
0,1,0.69604653
0,0,0.07873572
0,0,0.28984773
0,0,0.40098065
0,0,0.1425
0,0,0.058983754
0,1,0.5757743
0,0,0.110130586
0,0,0.27851406
0,1,0.7090655
0,0,0.062888436
0,0,0.08619846
0,0,0.13389002
0,0,0.49207494
0,1,0.5125297
0,0,0.0937783
0,0,0.49226227
0,0,0.028160505
0,0,0.045348696
0,0,0.0633372
0,0,0.20528229
0,0,0.3512381
0,0,0.0432037
0,0,0.09089303
0,0,0.44998956
0,0,0.06820092
0,0,0.09319861
0,0,0.250483
1,0,0.30936226
0,0,0.05757298
0,0,0.097780414
1,1,0.52736396
0,1,0.6692907
0,1,0.56608593
0,0,0.3590257
0,0,0.14684358
0,0,0.45364964
0,0,0.14212829
0,1,0.51194334
0,0,0.3837066
0,0,0.059214324
0,0,0.028160505
1,0,0.25097594
1,0,0.1459006
0,0,0.09455398
0,0,0.03822135
0,0,0.18872641
0,0,0.34615025
1,0,0.4548524
0,1,0.51174766
0,0,0.0558131
1,1,0.55442137
0,1,0.7063617
1,0,0.06558705
0,1,0.713546
0,0,0.055724367
0,1,0.6038945
0,0,0.047493823
0,0,0.08267667
0,0,0.06791577
0,0,0.23498186
0,0,0.06914857
0,0,0.06861862
0,0,0.4758971
0,1,0.7911307
0,0,0.1251251
0,1,0.5645346
0,0,0.03978944
0,0,0.13267447
0,0,0.37014198
0,0,0.097254045
0,0,0.03822135
0,0,0.09313967
0,1,0.500803
0,0,0.24290158
0,0,0.028401755
0,0,0.10147321
0,0,0.22467932
0,0,0.065766096
0,0,0.08535167
0,1,0.6913714
0,0,0.42118964
0,0,0.06282698
0,0,0.061356157
0,0,0.13022718
0,0,0.368479
0,0,0.100191556
0,0,0.18396194
0,0,0.34782365
0,0,0.27058724
0,0,0.21753709
0,0,0.061093226
0,0,0.36054534
0,0,0.40274367
0,1,0.5376669
0,0,0.10284641
0,0,0.07774567
0,1,0.61625177
0,0,0.2945512
0,0,0.20958155
0,0,0.05993478
0,0,0.4683857
1,0,0.37496495
0,0,0.16866753
0,1,0.53901285
0,0,0.08600149
0,0,0.23314616
0,0,0.30715597
0,0,0.3228994
0,0,0.13223805
0,0,0.4619075
0,0,0.47649843
0,0,0.14943114
1,1,0.63487214
0,0,0.35496306
0,0,0.07706871
1,1,0.60211
0,0,0.033089343
0,0,0.36843807
0,0,0.039812647
0,0,0.05793137
0,0,0.3752749
0,0,0.14106731
0,0,0.32740426
0,0,0.34168515
0,0,0.3943533
0,0,0.09090204
0,0,0.33941424
0,0,0.39876062
0,0,0.05670331
0,0,0.3271157
0,0,0.16635096
0,0,0.4614407
0,0,0.32060912
0,0,0.07109231
0,0,0.24907808
0,1,0.50129384
1,1,0.60179687
0,0,0.030625988
0,0,0.2341404
1,1,0.58868253
0,0,0.10975769
0,1,0.767941
0,0,0.23920485
0,0,0.06860361
0,0,0.09327952
0,0,0.42379194
0,0,0.44063482
0,0,0.058017023
0,0,0.09963268
0,0,0.1556434
1,1,0.6232734
0,0,0.16313972
1,1,0.5525857
0,0,0.38176778
0,1,0.7164317
0,0,0.060985476
0,1,0.5022649
1,1,0.71207213
0,0,0.23340237
1,0,0.42376733
0,0,0.08889544
1,0,0.3549182
0,0,0.36929756
0,0,0.16059637
0,0,0.1648268
0,0,0.28515893
1,1,0.57418674
0,1,0.5113056
0,0,0.084730856
0,0,0.068820514
0,0,0.096096024
0,0,0.41207907
1,1,0.5138437
0,1,0.63226885
0,0,0.12876134
0,0,0.08914776
0,0,0.03444638
0,0,0.08174536
0,0,0.22822833
1,1,0.52384496
1,1,0.61097515
0,0,0.115594506
0,0,0.28347608
0,0,0.20678301
0,0,0.059863213
0,0,0.38066888
0,0,0.03808041
0,0,0.45287943
1,1,0.7083878
0,0,0.12210711
0,0,0.08104956
1,1,0.51781857
0,0,0.48511598
1,0,0.22236338
0,0,0.099828854
0,0,0.40944105
0,0,0.3105819
0,0,0.13635965
0,0,0.05643674
0,0,0.042407025
0,0,0.10183569
0,0,0.028702112
0,0,0.06877964
0,0,0.083773345
0,0,0.06362803
0,0,0.33033633
0,0,0.49684596
0,0,0.36726612
0,0,0.47859028
0,0,0.06951088
0,0,0.45328948
0,0,0.34992033
0,0,0.4678164
0,0,0.10510897
0,0,0.11369303
0,0,0.4556461
0,0,0.07356937
0,1,0.55158955
1,1,0.5596959
0,0,0.080684826
0,0,0.10087033
0,0,0.0558131
0,0,0.064998515
1,1,0.6577616
0,0,0.052779563
0,1,0.5371352
0,0,0.39217433
0,0,0.044810936
0,0,0.12360572
0,0,0.44275165
0,1,0.66383004
0,0,0.3767094
0,0,0.12182674
0,1,0.71124196
0,1,0.60615116
0,0,0.09826163
0,0,0.058191787
0,0,0.04719272
0,0,0.16619274
0,0,0.047493823
0,0,0.102325484
0,1,0.64105934
0,0,0.25584447
0,0,0.086297676
0,0,0.061627354
0,0,0.13884047
0,0,0.4413309
0,0,0.44185907
0,0,0.12865864
0,1,0.5336785
0,0,0.49578577
0,0,0.06397916
0,0,0.19029757
0,0,0.4653771
1,1,0.7916652
0,0,0.085391305
0,0,0.05596006
0,0,0.48703834
0,0,0.055724367
0,0,0.081611365
0,0,0.2825034
0,0,0.19486341
0,0,0.0672174
0,0,0.08798587
0,0,0.23939458
0,1,0.64004314
0,0,0.21740001
0,0,0.08679705
0,0,0.11669144
0,0,0.07464752
0,0,0.056019396
0,0,0.03136596
0,0,0.23954459
0,0,0.26651508
0,1,0.71886915
0,0,0.06607355
0,1,0.53339607
0,0,0.058444608
0,0,0.03136606
0,1,0.75655925
0,0,0.05644401
0,0,0.18613185
0,0,0.15989988
0,0,0.0590051
0,0,0.084387675
0,1,0.5188543
0,0,0.32774165
0,0,0.084000245
0,0,0.20001638
0,0,0.28646967
0,0,0.12313081
0,0,0.03822135
0,0,0.3641163
0,0,0.053995725
0,0,0.111377575
0,0,0.06714642
0,0,0.038841162
0,0,0.057205517
0,0,0.39146098
0,0,0.459919
0,1,0.5580543
0,1,0.5038845
0,0,0.26234996
0,1,0.59626603
0,0,0.14869474
0,0,0.48636338
0,0,0.49880984
0,0,0.20848668
0,0,0.056956984
1,1,0.6055195
0,0,0.32292426
0,0,0.36966467
0,0,0.043370616
0,0,0.2213825
0,0,0.083684646
0,0,0.3796742
0,1,0.5493216
0,0,0.12720539
0,1,0.5158277
0,0,0.34276783
0,0,0.058255523
0,0,0.49143484
1,0,0.3006344
0,0,0.15697421
0,0,0.06100106
0,1,0.50581217
0,0,0.1992281
0,0,0.13156058
0,0,0.23242076
0,0,0.22157054
0,1,0.66375595
0,0,0.02861016
0,0,0.35429016
0,0,0.4544538
0,0,0.21473299
0,0,0.40017915
0,0,0.3725336
0,0,0.09723313
0,0,0.062124334
0,0,0.34332666
0,0,0.4721752
0,0,0.09556977
0,0,0.34611556
0,1,0.5014439
0,0,0.19548061
0,0,0.21535018
0,0,0.0891106
0,0,0.039717175
0,0,0.3257927
0,0,0.10319471
0,0,0.23319894
0,0,0.26530153
0,1,0.6047134
0,0,0.17167963
0,1,0.56012195
0,0,0.098118745
0,0,0.115442015
0,0,0.114867225
0,0,0.038153917
0,0,0.086194396
0,0,0.05907917
0,0,0.3358816
0,0,0.09957936
0,0,0.043854047
0,0,0.057076145
0,0,0.15620476
0,0,0.39488864
0,0,0.09833048
0,0,0.09933571
0,0,0.32386458
0,0,0.058742706
0,0,0.056913942
0,0,0.055292353
0,0,0.039131716
0,0,0.06274735
0,0,0.028947866
0,1,0.7167733
0,0,0.19495447
0,0,0.0697987
0,0,0.14784783
0,0,0.4711778
0,0,0.22218907
0,0,0.09102604
0,0,0.47615546
0,1,0.5685585
0,0,0.3109882
0,0,0.055803463
0,0,0.21819103
1,1,0.6256438
0,0,0.36672625
0,1,0.6358524
0,0,0.49850222
0,1,0.5128849
0,0,0.10673411
0,0,0.067110494
0,1,0.5498915
0,0,0.19405022
0,0,0.040412232
0,0,0.16711049
0,0,0.08614098
0,1,0.7671011
0,0,0.21176341
0,1,0.5152832
0,0,0.28368992
0,0,0.06414399
0,0,0.25709373
0,0,0.38284948
0,0,0.17806932
0,1,0.6125921
0,0,0.38848525
0,0,0.1556478
0,1,0.5776512
0,0,0.058111172
0,0,0.04301075
0,0,0.2706177
0,0,0.10707005
0,0,0.0843445
0,0,0.08202446
0,0,0.19565761
0,0,0.08756776
0,0,0.431268
0,0,0.06019383
0,0,0.13915193
0,0,0.21825327
0,1,0.55043066
0,0,0.43397745
0,1,0.5593892
0,0,0.22561146
0,0,0.3503412
0,0,0.051253077
1,1,0.63215756
0,1,0.6140782
0,0,0.34175396
0,0,0.34766442
0,1,0.65746355
0,0,0.06052154
0,0,0.45726815
1,0,0.058940366
0,0,0.08976121
0,0,0.0394999
0,0,0.0610017
1,0,0.12217284
0,0,0.14427271
0,0,0.110821925
0,0,0.32785064
0,0,0.4963554
0,0,0.1310665
0,0,0.14163794
0,0,0.29316598
0,0,0.061982848
0,0,0.20442192
0,1,0.51876956
0,0,0.32342815
1,1,0.6421029
0,0,0.040930573
0,0,0.19237955
0,0,0.13160537
0,0,0.37624392
0,0,0.10646526
0,0,0.13858657
0,0,0.17358905
0,0,0.045355804
0,0,0.05860564
0,1,0.56528085
0,0,0.2148447
0,0,0.06615139
0,0,0.35698676
0,0,0.03845591
0,1,0.5562233
0,0,0.33550808
0,0,0.29554957
0,0,0.059380807
0,1,0.6352398
1,0,0.4466166
0,0,0.03869802
0,0,0.06601115
0,0,0.31666055
0,0,0.093623765
1,1,0.6266417
0,0,0.31037372
0,0,0.042809434
0,0,0.17513528
0,0,0.36000594
1,1,0.7490074
0,0,0.094778866
0,0,0.06088836
0,0,0.058558304
0,0,0.058017023
0,0,0.2550618
0,0,0.1401945
0,0,0.2203609
0,0,0.24848986
0,0,0.45157725
0,0,0.033849485
0,0,0.05674411
0,0,0.040403664
0,0,0.3966347
0,0,0.080286756
0,0,0.028702112
0,0,0.04350477
0,1,0.5044539
0,0,0.16805445
0,1,0.68301135
0,0,0.4346444
0,0,0.0947049
0,0,0.18703708
0,0,0.4911164
1,0,0.4736197
0,0,0.12067962
0,1,0.54999316
0,0,0.06152348
0,0,0.39295247
0,0,0.06963214
0,1,0.6445785
0,0,0.4689776
0,1,0.7107973
0,0,0.10355739
0,1,0.6458259
0,0,0.05380889
0,0,0.4713664
0,0,0.14275506
0,1,0.73408043
0,0,0.20229435
0,0,0.05438491
0,0,0.062511705
0,0,0.080279455
0,0,0.33234677
0,0,0.12101884
1,1,0.6505351
0,0,0.034553904
0,0,0.46871597
0,0,0.3371959
1,1,0.5476555
0,0,0.07717582
0,0,0.048917163
0,1,0.5308501
0,0,0.05805452
0,0,0.2858091
0,0,0.37520668
0,0,0.38268757
0,0,0.4194572
0,1,0.65888935
0,0,0.056295913
0,0,0.25603527
0,0,0.06925761
1,0,0.48251942
0,0,0.08261952
0,0,0.1789999
0,0,0.20686899
0,1,0.530533
1,1,0.7593853
1,1,0.63753647
0,0,0.40420124
0,0,0.30390418
0,0,0.12335483
0,0,0.43857306
0,1,0.66261756
0,1,0.6477685
0,0,0.44726095
0,0,0.060682204
1,1,0.53428173
0,0,0.091954514
0,1,0.50951666
1,1,0.59674066
0,0,0.089919925
0,0,0.14912595
0,0,0.23073974
0,1,0.5181387
0,0,0.052860975
0,0,0.122389965
0,1,0.58448976
0,0,0.4880962
0,0,0.06359927
0,0,0.21692577
0,0,0.13450418
0,0,0.31609243
0,0,0.28714955
0,0,0.14334597
0,0,0.33523247
0,0,0.15896189
0,0,0.08475035
0,1,0.56484556
0,0,0.30631095
0,0,0.33542436
0,0,0.24321006
0,0,0.08578367
1,1,0.7776655
0,0,0.21510035
0,0,0.41764113
0,0,0.050640598
0,0,0.33522063
0,1,0.5115358
0,0,0.056215595
0,0,0.038114835
1,1,0.6206409
0,0,0.25023067
0,0,0.337187
0,0,0.15382798
0,0,0.028502293
0,0,0.4952982
0,0,0.08502412
0,0,0.13558924
0,0,0.20695361
0,0,0.071799435
0,0,0.26867548
0,0,0.19558716
0,0,0.05920122
0,0,0.4521544
0,1,0.5548671
0,0,0.22922069
0,0,0.05556404
0,0,0.036858216
0,0,0.107157186
0,0,0.39552808
1,1,0.5258372
0,0,0.32520238
0,0,0.36800423
0,0,0.056129515
0,0,0.110130586
0,1,0.670776
0,0,0.22382544
0,0,0.13689199
0,0,0.073307864
0,0,0.057607837
0,0,0.05717524
0,0,0.028502293
0,0,0.028502293
0,0,0.039097052
0,0,0.06681472
0,0,0.047651518
0,0,0.03169188
0,0,0.47065192
0,0,0.33069703
0,0,0.40528345
1,1,0.66360307
0,0,0.07451946
0,0,0.05886486
0,0,0.0811118
0,0,0.07483423
0,0,0.06690495
0,0,0.16284268
0,0,0.45859355
0,0,0.08609295
0,0,0.2520274
0,0,0.11326826
0,0,0.19889592
0,0,0.053119283
0,0,0.1213601
0,0,0.08725925
0,0,0.09063398
0,0,0.04921869
0,0,0.32644728
0,0,0.045561388
0,0,0.088096894
0,0,0.1525544
0,0,0.028502293
1,0,0.47306618
0,0,0.042202096
0,0,0.34153435
0,0,0.34399617
0,0,0.029523786
0,0,0.31917968
0,1,0.5434469
0,1,0.75329185
0,0,0.19614112
0,0,0.42454728
1,0,0.031967293
0,0,0.401669
0,0,0.15306945
0,0,0.091231085
0,1,0.50316554
0,0,0.29377913
0,0,0.064600766
0,0,0.39487642
0,0,0.2668784
0,0,0.054699764
1,1,0.5833835
0,0,0.33389574
0,0,0.13408527
1,1,0.6398561
0,0,0.028502293
0,0,0.038022287
1,1,0.7491859
0,0,0.16370982
1,0,0.4336243
0,0,0.10332286
0,0,0.03853271
0,0,0.19387616
0,0,0.09016113
0,0,0.06816157
0,0,0.056257054
1,0,0.4130155
0,0,0.028160505
0,0,0.054988608
0,0,0.06294223
0,1,0.634678
0,1,0.5966815
0,0,0.22066969
0,0,0.36683962
0,0,0.25508943
0,1,0.5383661
0,0,0.15322264
0,0,0.38813692
0,0,0.21473299
0,1,0.51469463
0,0,0.05433825
0,0,0.0635999
0,0,0.028502293
0,0,0.039717175
1,0,0.34358576
0,0,0.07936115
0,0,0.05642907
0,0,0.059485365
0,0,0.46434358
0,0,0.028702112
0,0,0.20267595
1,0,0.05665218
0,0,0.3536767
0,0,0.39106467
1,0,0.36713955
0,1,0.5942141
0,0,0.14297444
0,0,0.14189379
0,0,0.31364775
0,1,0.63027877
1,0,0.4075705
0,0,0.26120403
0,0,0.17471807
0,0,0.10367797
0,0,0.091245204
0,0,0.48049155
0,0,0.027737437
1,1,0.5438496
0,0,0.4456964
0,0,0.14632364
0,0,0.368683
0,0,0.114504054
0,0,0.23886514
0,0,0.059823826
0,0,0.43256104
0,0,0.05267024
0,0,0.05077075
0,0,0.118983984
0,1,0.6425817
1,1,0.73106694
0,0,0.4425363
0,0,0.07713827
0,0,0.05889527
0,0,0.17938595
0,1,0.58258855
0,1,0.6020514
0,0,0.20690535
0,0,0.37439355
0,0,0.037187997
0,0,0.04582637
0,0,0.21023922
0,0,0.057538968
0,1,0.60525167
1,0,0.3442941
0,0,0.3223798
0,0,0.094985396
0,0,0.067119434
0,0,0.03924161
0,0,0.028702112
0,0,0.3505754
0,0,0.051499777
0,1,0.7326526
0,0,0.22664587
0,0,0.33868292
0,1,0.5617126
0,0,0.14137557
0,0,0.17995748
0,0,0.08510762
0,0,0.16190329
1,1,0.68438107
0,0,0.1771463
0,0,0.10180865
0,0,0.38522038
1,1,0.5821816
0,1,0.5861936
0,0,0.1975332
0,0,0.45881972
0,0,0.033534992
0,0,0.18344611
0,0,0.3269683
0,0,0.3077126
0,0,0.3226887
0,0,0.04269623
0,0,0.059227355
0,0,0.4413309
0,0,0.46232423
0,1,0.7275108
0,0,0.037187997
0,0,0.19895977
0,0,0.042956863
0,0,0.3803849
0,0,0.0645369
0,0,0.30301824
0,0,0.0421825
0,0,0.23728476
0,0,0.45163083
0,0,0.060291074
0,0,0.1050695
0,0,0.027587168
1,1,0.62034297
0,0,0.07799091
0,0,0.383713
1,1,0.6543324
0,0,0.061093226
0,0,0.20858917
0,1,0.77203494
0,1,0.62470853
0,0,0.149875
1,1,0.7258516
0,0,0.4541723
0,0,0.42896122
0,0,0.07418877
1,0,0.45812732
0,1,0.64726746
0,0,0.055803463
0,1,0.5140786
0,0,0.2148351
1,1,0.80933064
1,0,0.4870856
0,0,0.068200134
0,0,0.040581536
1,0,0.42414993
0,0,0.027587168
0,1,0.6973929
0,0,0.03907986
0,0,0.062380143
0,1,0.5759924
0,0,0.12368358
0,0,0.24000394
0,1,0.7069219
0,0,0.028502293
0,0,0.05716922
0,0,0.49463093
1,1,0.5561023
0,0,0.15018667
0,0,0.20569214
0,0,0.028702112
0,0,0.21713154
0,0,0.15128645
0,0,0.431045
0,0,0.18900745
0,0,0.2939137
0,0,0.079289414
1,1,0.76319885
0,0,0.086944796
0,0,0.07289657
0,1,0.72966397
0,0,0.056019396
0,0,0.05836244
0,1,0.5328357
0,0,0.4993632
0,0,0.037746195
0,0,0.37568143
0,0,0.26067632
0,0,0.067477904
0,0,0.15085092
0,0,0.25423163
0,0,0.07271419
0,0,0.23999904
0,1,0.58250064
0,0,0.16736633
0,0,0.06880724
0,0,0.05644401
0,0,0.26379895
0,0,0.24362893
0,0,0.44234484
0,1,0.5712253
0,0,0.2111846
0,0,0.08068065
0,0,0.13241284
0,0,0.26243111
1,1,0.7158122
0,0,0.19009602
0,0,0.116070986
0,0,0.053322084
0,1,0.704684
0,0,0.06134901
1,0,0.12839423
0,0,0.14387873
0,0,0.2626005
1,0,0.3466402
0,0,0.41547906
0,0,0.058380604
0,0,0.42006037
1,1,0.52250624
1,1,0.6025348
0,0,0.46276566
0,0,0.37992215
1,1,0.7155977
0,0,0.309581
1,1,0.69137275
0,0,0.09653295
0,1,0.584989
0,0,0.14950308
0,0,0.2756141
0,0,0.37278733
0,0,0.080245905
0,0,0.31311283
1,0,0.31603974
0,0,0.028502293
0,0,0.4672468
0,0,0.22240816
0,0,0.055309817
0,0,0.20648564
1,1,0.53613424
0,0,0.39502355
0,0,0.42349747
0,0,0.10411172
0,0,0.07501003
0,0,0.18419302
0,0,0.14399241
0,0,0.056129515
0,0,0.0432037
0,0,0.32817882
0,0,0.14116555
0,0,0.49095613
0,0,0.35985646
0,0,0.10143829
0,0,0.10969488
0,0,0.49546108
0,0,0.028008008
0,0,0.14594759
0,0,0.043350916
0,0,0.23464511
0,0,0.29276833
0,1,0.5078806
0,0,0.1972943
0,1,0.66723114
0,1,0.60950553
1,0,0.25702083
0,0,0.4135766
0,0,0.03900415
0,0,0.45029768
0,0,0.124251656
0,1,0.56686133
0,0,0.0470446
0,0,0.060235888
0,0,0.22846813
0,1,0.5691313
0,0,0.43858194
1,1,0.72819763
0,0,0.11732562
0,0,0.3707431
0,0,0.36259747
1,0,0.3360703
0,0,0.05994135
0,0,0.13247833
0,0,0.1204251
0,0,0.3459896
0,0,0.48484972
0,1,0.6954413
0,1,0.6075246
0,0,0.13192338
0,1,0.7352422
0,0,0.18367544
0,0,0.10101074
0,0,0.47295037
0,1,0.6570098
0,0,0.4847702
0,0,0.21301134
0,0,0.18666786
1,0,0.39777973
0,0,0.028502293
0,0,0.037949026
0,0,0.056739055
0,0,0.099276
0,0,0.22056617
0,1,0.51282686
0,0,0.058259077
0,0,0.068329334
0,0,0.059714377
0,1,0.62150097
0,0,0.06882433
0,0,0.3979358
0,1,0.60934246
0,0,0.05509694
0,1,0.51737696
0,1,0.8098568
0,1,0.58330995
0,0,0.24970903
0,0,0.0839376
1,1,0.657389
0,0,0.31580696
0,0,0.0779966
0,0,0.08171677
0,1,0.7187729
0,0,0.20185575
0,0,0.47935516
0,0,0.14038481
0,0,0.056129515
0,0,0.028947866
0,1,0.559291
0,0,0.3400275
1,1,0.54063666
1,1,0.72582453
0,0,0.21295622
0,1,0.60025483
0,0,0.040552843
1,0,0.4518296
0,0,0.068329334
1,1,0.5650982
0,0,0.063729234
0,0,0.16441774
0,0,0.06213422
1,0,0.30559433
0,0,0.033084378
0,0,0.30564427
0,0,0.29418504
0,1,0.6408397
0,0,0.23189703
0,0,0.31853697
0,0,0.057980735
0,0,0.47978786
0,0,0.32980818
0,0,0.0784247
0,0,0.088042244
0,1,0.56820405
0,0,0.058404997
0,0,0.03104213
0,0,0.0558131
0,0,0.055615094
0,1,0.68644243
1,0,0.49847475
0,0,0.2776825
0,1,0.6884414
0,0,0.39648098
0,0,0.18940265
0,0,0.12547335
0,0,0.0432037
0,0,0.22222498
0,1,0.621135
0,0,0.46267036
0,0,0.2825034
1,0,0.36910006
1,1,0.5757413
1,1,0.61594385
0,0,0.051969737
0,0,0.05747429
0,0,0.27118242
0,0,0.028947866
0,1,0.6481241
0,0,0.059799727
0,0,0.05625267
0,0,0.07034692
0,0,0.38532466
0,0,0.11937602
0,1,0.664912
0,0,0.035033
0,0,0.28670478
0,0,0.0432037
0,0,0.29968596
0,1,0.6148344
0,0,0.26995233
0,0,0.26575795
0,0,0.13527583
0,0,0.4500781
0,0,0.24795127
0,0,0.33498108
0,0,0.04442528
0,0,0.20605646
0,1,0.5901396
0,0,0.26381516
0,0,0.36642286
0,0,0.09299482
0,0,0.23301208
0,0,0.118715525
1,0,0.46259835
0,1,0.5800615
0,0,0.07696837
0,0,0.09210818
0,0,0.084023304
0,0,0.3695396
0,0,0.05104752
0,0,0.11844992
0,0,0.029396916
0,0,0.0432037
1,0,0.10334449
0,0,0.15627962
0,0,0.035211906
0,1,0.5902222
0,0,0.4684224
0,0,0.094680026
0,0,0.33655104
0,1,0.6803946
0,0,0.088311516
0,0,0.061925378
0,0,0.39439216
0,1,0.58807147
0,0,0.058056332
0,0,0.08844336
0,0,0.3368693
1,1,0.5949749
0,1,0.55603665
0,0,0.4622231
0,0,0.058569476
0,0,0.14452736
0,0,0.09512841
0,0,0.43993285
0,0,0.22248013
0,0,0.03955461
1,0,0.18534265
0,0,0.21904571
0,0,0.09127378
0,0,0.24765395
0,0,0.45103714
0,0,0.3127344
0,0,0.16334887
0,1,0.6425805
1,1,0.591398
0,0,0.1641151
0,0,0.16013499
0,0,0.09118433
0,0,0.07785051
0,0,0.08955754
0,0,0.06000678
0,0,0.08622337
0,0,0.28081277
1,0,0.39891994
0,0,0.0591527
0,1,0.6582993
0,0,0.21242902
0,0,0.35503507
0,1,0.60665536
0,0,0.06757228
0,0,0.0571543
0,0,0.049490433
0,0,0.06778736
0,1,0.71081823
0,1,0.5466585
1,1,0.6632334
0,0,0.05219209
0,0,0.2661738
0,0,0.17037886
0,0,0.37410402
0,0,0.418815
0,0,0.054422714
0,0,0.07993299
0,1,0.6781097
0,0,0.46055162
1,0,0.39797536
1,1,0.5832677
0,0,0.06588516
0,0,0.0591527
0,1,0.5885186
0,0,0.43040857
0,0,0.33440602
0,0,0.41960806
0,0,0.028160505
0,1,0.5102863
1,1,0.6429334
0,0,0.042024985
0,0,0.07893093
0,1,0.5659997
0,0,0.2013473
0,0,0.21750636
0,0,0.06705733
0,0,0.057082303
0,0,0.37526166
0,0,0.48031086
0,0,0.463936
0,0,0.35034204
1,1,0.6790692
0,0,0.0432037
0,0,0.06556091
0,0,0.06653736
0,0,0.15615733
0,0,0.26043424
0,0,0.20196962
0,0,0.028502293
0,0,0.084452726
0,0,0.054941908
1,1,0.66938627
0,1,0.6013148
0,0,0.3836588
0,0,0.05539419
0,0,0.10219625
0,1,0.6006707
0,0,0.07275265
0,1,0.6802475
0,0,0.032750066
1,1,0.62360924
0,0,0.38826752
0,0,0.08116137
0,0,0.34770373
1,1,0.57246417
0,0,0.19351934
0,1,0.64769703
0,0,0.31634784
0,0,0.47977105
0,0,0.059506923
0,1,0.53745866
0,0,0.056561813
0,0,0.03844871
0,0,0.13145036
0,0,0.123797856
0,0,0.3159807
0,1,0.67423844
0,0,0.11918429
0,0,0.092186786
0,0,0.08912693
0,1,0.54459196
1,1,0.8315832
0,0,0.028502293
0,0,0.1251234
0,0,0.15440583
0,0,0.076142624
0,0,0.14235449
0,0,0.368479
0,1,0.54658407
1,0,0.4111291
0,0,0.20120105
1,0,0.30424592
0,0,0.08478608
0,0,0.4526387
0,1,0.52116793
1,0,0.34842446
0,1,0.5076333
0,0,0.059555218
0,1,0.70386714
1,1,0.79269767
0,0,0.06890637
0,0,0.3267326
0,1,0.5913684
0,0,0.36683217
0,0,0.058226243
0,0,0.11059754
0,0,0.044328276
0,0,0.08907818
0,0,0.059650604
0,0,0.029554095
0,1,0.62245196
0,1,0.6042968
1,0,0.20120105
0,0,0.08498065
0,0,0.32866132
0,0,0.115255944
0,0,0.061287913
0,1,0.52651364
1,0,0.08734609
0,0,0.051156558
0,1,0.52699447
0,0,0.068234175
0,0,0.093007736
0,1,0.73026156
1,0,0.1405587
0,0,0.3850704
1,1,0.56077474
0,0,0.214667
0,0,0.43049338
0,0,0.21816465
0,0,0.33332452
0,0,0.12651728
0,0,0.037415043
0,0,0.18094812
0,0,0.14552496
0,0,0.028702112
0,0,0.056280345
1,1,0.623626
0,0,0.22722027
0,0,0.2597015
0,0,0.06315264
0,0,0.10336073
0,1,0.7139873
1,1,0.5587757
0,0,0.2870305
0,0,0.4696466
0,1,0.6316268
0,0,0.09636834
0,0,0.10986422
0,0,0.054459713
0,0,0.09926653
0,0,0.030074822
0,0,0.35437936
0,0,0.39765543
0,1,0.53101563
1,1,0.5429371
1,1,0.77786237
0,0,0.09864479
0,0,0.06698194
0,0,0.3396714
0,0,0.1143087
0,0,0.027587168
0,0,0.2900095
0,0,0.20001875
0,0,0.08833584
0,0,0.26137358
0,1,0.5690066
0,0,0.09540527
0,0,0.22909214
1,0,0.35519832
0,0,0.48879272
0,0,0.07366073
0,0,0.03900415
1,0,0.44645607
0,0,0.20072259
0,0,0.052984525
0,0,0.22115026
0,1,0.61216515
0,0,0.25354797
0,0,0.03653763
0,0,0.057302058
0,1,0.55893326
0,0,0.041568357
0,0,0.030043993
0,0,0.059932258
0,1,0.6440393
0,1,0.55935454
0,0,0.08302676
0,0,0.3954145
0,0,0.11839552
0,1,0.5288588
0,1,0.5219644
0,0,0.15717195
0,0,0.3312522
1,0,0.4358443
0,0,0.4803399
0,1,0.55335957
0,0,0.254372
0,0,0.09814985
0,0,0.06398824
0,0,0.38252363
0,1,0.63100755
0,1,0.6491751
0,0,0.49656466
0,1,0.7064152
0,0,0.05581301
0,0,0.27434433
1,1,0.5288546
0,0,0.22735378
0,0,0.44347513
0,0,0.052229144
0,0,0.329433
0,1,0.6636833
0,1,0.6473798
0,0,0.157895
0,0,0.29190415
0,0,0.0647477
0,0,0.0798718
0,0,0.3717337
1,1,0.6556043
0,0,0.25385827
0,0,0.04436756
0,0,0.22325636
1,1,0.64149475
0,0,0.11767059
0,0,0.027587168
1,0,0.17262243
0,0,0.0926268
0,0,0.06397317
0,0,0.043418765
1,1,0.5080875
0,1,0.5589225
0,0,0.09870064
0,0,0.30504394
0,0,0.35423657
0,0,0.421589
0,0,0.060746096
0,0,0.4029185
0,0,0.056859273
0,0,0.37307078
0,0,0.18945746
0,0,0.087557934
1,1,0.66026944
0,1,0.6985277
0,0,0.07244576
0,0,0.3930855
0,0,0.34020472
1,1,0.5445297
0,0,0.19190435
0,0,0.060660165
0,0,0.23307185
1,1,0.5900746
1,1,0.83836627
0,1,0.71857053
0,1,0.5144414
0,0,0.16749485
0,0,0.056129515
0,1,0.5142485
0,1,0.68096906
0,0,0.37420005
0,1,0.50755215
0,0,0.41929355
0,0,0.080867425
0,0,0.029085977
0,0,0.042830717
0,0,0.41494024
0,0,0.22369738
0,1,0.51208353
0,0,0.055751957
0,0,0.030019755
0,0,0.082284115
0,0,0.06119184
0,0,0.042956863
0,0,0.4209726
0,0,0.12939286
0,0,0.09789685
0,0,0.11427402
0,0,0.030313423
0,1,0.5475114
0,0,0.06383325
0,1,0.5086036
0,1,0.6961647
0,0,0.33804935
0,0,0.114161365
0,0,0.058871042
0,0,0.04317058
0,0,0.04479694
1,1,0.52376974
0,0,0.43819505
0,0,0.06631663
0,0,0.27540433
0,1,0.60578114
1,1,0.7528644
0,0,0.27923226
0,0,0.40440497
0,0,0.25739315
0,0,0.095535435
1,0,0.41741818
1,0,0.08616039
0,0,0.19221015
1,0,0.3765887
0,1,0.52174693
0,0,0.12756316
0,0,0.23794928
0,0,0.08624023
0,0,0.39910746
0,0,0.06736978
0,0,0.39413646
0,0,0.039991513
0,0,0.4821005
0,0,0.49475273
0,0,0.45098045
0,0,0.33018923
0,0,0.053885564
0,0,0.3393191
0,0,0.13895297
0,0,0.4268102
0,0,0.1496053
0,0,0.037746195
0,0,0.35112372
0,0,0.081314914
0,1,0.6065547
0,1,0.63171494
0,0,0.45103714
0,0,0.36767185
0,1,0.6852073
0,0,0.06674091
0,0,0.0432037
0,0,0.098741755
0,0,0.38149783
0,0,0.09555852
0,1,0.51906985
0,0,0.2010598
0,0,0.06170632
0,0,0.31609455
0,1,0.6170809
0,0,0.18723783
0,0,0.03924161
0,0,0.05509694
0,0,0.15237571
0,0,0.06565611
0,0,0.05556404
0,0,0.039537292
0,0,0.38025087
0,0,0.09677892
0,0,0.23694849
0,0,0.041777354
0,1,0.63797694
0,0,0.39061508
0,0,0.25502104
0,0,0.14421326
0,1,0.7111978
1,1,0.52530146
0,0,0.4265889
1,1,0.54633844
0,0,0.070937224
1,0,0.46369454
0,0,0.0479086
0,0,0.06875672
0,0,0.21429525
0,0,0.052252345
0,0,0.4041991
0,0,0.049893472
0,0,0.101327136
0,1,0.61970216
1,1,0.60024166
0,0,0.059655037
0,0,0.16122763
0,0,0.35979497
0,0,0.05359473
0,1,0.56114274
0,0,0.060714707
0,0,0.028008008
0,0,0.116097264
0,0,0.063401744
0,1,0.5252458
1,1,0.6185231
0,0,0.21860175
0,0,0.05599334
0,0,0.0743844
0,0,0.056927163
0,0,0.057715908
0,0,0.16308016
0,0,0.07982395
0,0,0.056408104
0,0,0.40459216
1,1,0.60600436
0,0,0.05380889
0,0,0.19991446
1,1,0.5811621
0,0,0.040028553
1,1,0.63198364
0,0,0.4945744
0,0,0.25357866
0,0,0.054941908
0,0,0.3915647
0,0,0.0674619
0,0,0.3253144
1,1,0.72817606
0,0,0.2888353
0,1,0.59561425
0,0,0.044256438
0,0,0.27567244
0,0,0.28564438
0,0,0.27251297
0,0,0.05724352
0,0,0.11020601
0,1,0.6346153
0,0,0.0565077
0,0,0.35868028
0,1,0.52316105
1,1,0.6502454
0,0,0.4595586
0,0,0.25483027
0,1,0.58757734
0,0,0.0822407
0,0,0.053452283
0,0,0.053995725
0,1,0.51700413
0,0,0.028702112
0,0,0.29156563
0,0,0.44785944
0,0,0.028160505
0,1,0.6608115
0,0,0.1926579
0,0,0.08091775
0,0,0.20898613
0,0,0.06305763
0,1,0.68321896
0,0,0.06104779
0,0,0.23885477
0,0,0.12280454
0,1,0.712032
0,0,0.21819347
0,1,0.7685426
0,0,0.059669137
0,0,0.14681321
0,0,0.24176396
0,0,0.040780064
0,1,0.6533096
1,1,0.6075684
0,0,0.10048346
0,0,0.26075435
0,0,0.22764853
0,0,0.2965927
0,0,0.038409136
0,0,0.17248832
0,0,0.0432037
0,0,0.078787565
1,1,0.6239498
1,1,0.5842667
0,0,0.0881127
0,0,0.046883937
0,1,0.50555426
1,1,0.74708545
0,1,0.71892107
0,0,0.093720905
0,0,0.2311991
0,0,0.10756826
0,1,0.69330806
0,0,0.059742853
1,1,0.7120043
0,0,0.028702112
0,1,0.5595518
1,0,0.2784634
0,0,0.0907574
0,0,0.040860683
1,1,0.65762234
0,0,0.06328941
0,0,0.20166893
0,0,0.051689323
0,0,0.059011735
0,0,0.059261817
0,0,0.30020344
0,0,0.08744617
0,0,0.058245018
0,0,0.0529166
0,0,0.40404937
0,0,0.08255864
0,0,0.17734991
1,0,0.23331279
0,0,0.08874516
0,0,0.2194534
1,0,0.3371865
0,0,0.087142445
0,0,0.0761331
0,0,0.059243564
0,0,0.02863834
0,0,0.24727498
0,0,0.2347875
0,0,0.18884178
0,0,0.085559525
0,0,0.09711702
0,1,0.52659285
0,0,0.04588867
0,0,0.035519615
0,0,0.13322593
0,0,0.182234
0,0,0.038153917
0,0,0.38072276
0,0,0.036590256
0,0,0.13592151
0,0,0.06483688
0,0,0.040403664
0,0,0.34765142
0,1,0.5988548
0,1,0.69273084
0,0,0.1923269
0,1,0.6230553
0,0,0.46205333
0,0,0.4217704
0,0,0.09424237
0,0,0.028502293
0,0,0.037187997
0,0,0.43886447
0,0,0.2609124
0,0,0.13509893
0,1,0.51034427
0,0,0.05721299
0,0,0.31498432
0,0,0.09455561
0,0,0.05320557
0,0,0.13389425
1,1,0.5140049
0,0,0.2465215
0,1,0.5325205
0,0,0.3667877
0,0,0.19560283
0,0,0.03627191
0,0,0.028502293
0,0,0.12301821
0,0,0.18089366
0,0,0.13780195
0,0,0.05882902
0,0,0.36322653
0,0,0.07036694
0,1,0.6093714
0,0,0.05643674
0,0,0.46113762
0,0,0.054480124
0,0,0.28176963
0,0,0.45194864
0,0,0.06995771
0,0,0.17939322
0,0,0.03179119
0,0,0.057791978
0,0,0.21858017
0,0,0.061782375
0,0,0.08578956
0,0,0.08819118
0,0,0.15766291
0,0,0.07154133
0,0,0.03869802
0,0,0.0680214
0,0,0.32749587
0,1,0.5446453
0,0,0.105206855
0,0,0.077026084
0,0,0.056363363
1,1,0.5820156
0,0,0.06690495
0,0,0.1270863
0,0,0.08665337
0,0,0.28302196
0,0,0.1524856
0,1,0.5427615
0,1,0.708673
0,0,0.117917985
0,0,0.16016987
0,0,0.16594109
0,0,0.27496976
0,0,0.028401755
1,1,0.68456894
0,1,0.7119667
0,0,0.33282983
1,1,0.6089998
0,1,0.5009621
0,0,0.18953784
0,0,0.4758591
0,0,0.30562368
1,1,0.61406195
1,0,0.36094585
0,0,0.058888942
0,0,0.15558372
1,1,0.6999678
0,0,0.2530366
0,0,0.46231195
0,0,0.25388506
0,1,0.5024338
0,0,0.083036296
0,0,0.04123406
0,0,0.46288052
0,0,0.21395807
0,1,0.6142607
0,0,0.42051795
0,0,0.26496208
1,0,0.4393703
1,0,0.4223318
0,0,0.054584965
0,0,0.04988014
0,0,0.0816329
0,0,0.09823869
0,1,0.5082775
0,0,0.055345457
0,0,0.05665519
0,0,0.18525489
1,1,0.5137048
0,0,0.20649473
0,0,0.46483076
0,0,0.08250212
0,0,0.38640884
0,1,0.61604905
0,0,0.10065761
0,0,0.20257105
0,0,0.10570761
0,0,0.17750487
0,0,0.14317033
0,1,0.5971519
0,0,0.3606617
0,0,0.43905765
0,1,0.57032186
0,0,0.09817383
0,1,0.74880046
0,1,0.5088696
0,0,0.05556404
0,0,0.1268669
0,0,0.058554504
0,0,0.07706871
0,0,0.16837974
1,0,0.22167996
0,0,0.08144157
0,1,0.5322121
0,0,0.05400253
0,0,0.30540928
1,1,0.69351745
0,0,0.31171995
0,0,0.48182926
0,1,0.7659336
0,0,0.05892477
0,0,0.2117831
0,0,0.076733276
1,0,0.478278
0,0,0.19783342
0,0,0.3110175
0,0,0.054941908
0,0,0.12500526
0,0,0.08031216
0,0,0.19006626
0,0,0.14375192
0,0,0.06459444
0,0,0.0603626
0,0,0.028502293
1,0,0.09660344
0,0,0.06883273
0,0,0.09387945
0,0,0.3813349
0,1,0.5623805
0,0,0.2521927
0,1,0.56111526
0,0,0.12798907
0,0,0.03280469
1,1,0.5733008
0,0,0.028008008
0,0,0.26725143
0,0,0.055656936
0,0,0.04222941
0,0,0.22987576
0,0,0.060444713
0,1,0.66723114
0,0,0.33819202
0,0,0.06419377
0,0,0.41451353
0,1,0.69882137
0,0,0.29995692
0,0,0.041931387
0,0,0.2237459
0,1,0.6126924
0,0,0.37073115
0,0,0.040408477
0,1,0.5133573
1,1,0.61340594
0,0,0.10732018
0,0,0.3901538
0,0,0.17063348
0,0,0.11201325
0,0,0.09975079
0,0,0.03997441
0,0,0.08260145
0,1,0.51953065
0,0,0.47687078
0,0,0.060714707
0,0,0.19001126
0,0,0.09486399
0,0,0.30328718
0,0,0.21474975
0,1,0.5205991
0,0,0.28698507
0,0,0.17259294
0,0,0.054948498
0,1,0.5228765
0,0,0.08205489
1,1,0.63235635
0,0,0.22535834
0,0,0.48424047
0,1,0.55748016
0,0,0.07195419
0,0,0.17310654
0,1,0.58882535
0,0,0.08699046
0,0,0.10021128
0,0,0.33902887
0,0,0.41802925
0,0,0.2332505
0,0,0.25080633
1,1,0.7242457
0,0,0.21401437
0,0,0.061342403
0,0,0.08979928
0,0,0.37841925
0,0,0.028008008
0,0,0.19843188
0,0,0.46488515
1,1,0.5598127
0,0,0.35361567
0,0,0.23446615
0,1,0.6739309
0,1,0.687536
0,0,0.26269072
0,0,0.30197853
0,0,0.06711131
0,0,0.05568317
0,0,0.052780945
0,0,0.34909984
0,0,0.28064635
0,0,0.040860683
0,1,0.5893239
0,0,0.10171592
0,0,0.4543903
0,0,0.32444575
1,1,0.71416456
0,0,0.19807115
1,1,0.6038945
1,1,0.71869546
0,0,0.19192521
0,0,0.44790056
0,0,0.19401428
0,1,0.5391385
0,0,0.08843919
0,0,0.0624503
0,1,0.5237831
0,0,0.08679705
0,0,0.063080505
0,0,0.19887958
0,0,0.109494954
0,1,0.5431502
0,0,0.49821907
0,0,0.054141562
0,1,0.5166767
0,0,0.16703264
0,0,0.10246992
1,1,0.58990884
0,0,0.050609246
0,0,0.3626078
0,0,0.23304462
0,1,0.6200698
0,0,0.056129515
0,0,0.04487791
1,0,0.31505942
0,0,0.3813186
0,0,0.27273816
1,0,0.3621917
0,0,0.037889376
0,0,0.4665201
0,0,0.060660165
0,0,0.22847478
0,0,0.08250693
0,0,0.47502568
0,0,0.03808041
0,0,0.23688202
0,1,0.51600647
0,0,0.06000678
0,0,0.22680348
0,0,0.09031879
0,1,0.64845616
0,1,0.65239483
0,0,0.46712843
1,0,0.058940366
0,0,0.19116494
0,1,0.5709271
0,0,0.35579696
0,0,0.031967293
0,0,0.03971301
0,1,0.5811094
0,0,0.08009342
0,0,0.039979544
0,0,0.06397916
0,0,0.29211932
0,0,0.29645547
0,0,0.10059608
0,1,0.5335104
0,0,0.0337174
0,0,0.075743586
1,1,0.5923701
0,0,0.109914206
0,0,0.25897947
0,0,0.0432037
0,0,0.20068704
0,0,0.10184555
0,0,0.3840576
0,0,0.152766
0,0,0.028702112
0,0,0.037089795
1,1,0.628694
0,0,0.25779894
0,1,0.70288163
0,0,0.047134362
0,0,0.15293474
0,0,0.034553904
0,0,0.22680348
0,0,0.22785501
0,0,0.39714313
0,0,0.060915172
0,0,0.46775177
0,0,0.028160505
0,0,0.36051628
0,0,0.14508907
0,0,0.18993418
0,0,0.20109099
0,0,0.05978456
0,0,0.45329645
0,0,0.49938998
0,0,0.45427456
1,1,0.5786858
0,0,0.42988503
0,0,0.102449775
0,0,0.2762218
0,0,0.05625267
0,0,0.31738994
0,0,0.2940723
0,0,0.08898451
0,0,0.057776272
0,0,0.054245677
0,0,0.0540122
0,1,0.7248473
0,0,0.4837606
0,0,0.4775955
0,0,0.3722664
0,1,0.5627613
0,0,0.049412433
0,0,0.32539073
0,0,0.091192335
0,0,0.19810542
0,0,0.3603105
0,0,0.1437275
0,0,0.15805025
0,0,0.05666458
0,0,0.027975172
0,0,0.060843986
0,0,0.46252266
0,0,0.0892382
0,0,0.12954
0,0,0.05520232
0,0,0.09343855
0,0,0.09876718
0,0,0.028008008
0,0,0.1357664
0,0,0.10374481
0,0,0.48570123
0,0,0.17022653
0,0,0.2821095
1,0,0.35007155
0,0,0.281147
0,0,0.13742039
0,0,0.04153169
0,0,0.2862033
0,1,0.64595944
0,0,0.4058104
1,1,0.7465212
1,1,0.60288596
0,1,0.54491043
0,0,0.08498065
0,0,0.21531059
0,0,0.03900415
0,0,0.13744853
0,0,0.058705438
0,0,0.117328115
0,0,0.04834153
0,0,0.39720145
0,0,0.20009527
0,0,0.061454836
0,1,0.6474499
0,0,0.033089343
0,0,0.45808318
0,0,0.21329363
0,0,0.05866399
0,1,0.742813
0,0,0.07418877
0,0,0.17874464
0,0,0.23592904
0,0,0.35528794
1,1,0.65451723
0,0,0.47744972
0,1,0.71787465
0,0,0.061130337
0,1,0.65856034
0,0,0.1808311
0,0,0.2689694
0,0,0.13221838
0,1,0.69753045
1,1,0.57048875
0,1,0.5259081
0,0,0.11387767
0,1,0.56434166
0,0,0.030920267
0,0,0.23478886
1,1,0.8056995
0,0,0.15096337
0,0,0.17232236
0,0,0.2552188
0,0,0.09301596
0,0,0.059002478
0,1,0.573116
0,0,0.05629505
0,0,0.044609778
1,1,0.5882462
0,0,0.13736512
0,0,0.028008008
0,0,0.06755372
0,0,0.22017255
0,0,0.086168855
1,0,0.38983092
1,0,0.4775879
0,1,0.62913144
0,0,0.17072165
0,0,0.028502293
0,0,0.06668289
0,0,0.06022584
1,1,0.6028702
0,0,0.110130586
0,0,0.092935964
0,0,0.3920126
0,0,0.21739852
0,0,0.34304804
0,0,0.0696731
0,0,0.0767601
0,1,0.6469756
0,0,0.2374839
0,0,0.047493823
0,1,0.6152294
0,1,0.7097347
0,0,0.4069273
0,0,0.21889912
0,1,0.7011659
0,0,0.097966544
0,0,0.08958406
0,1,0.6746351
0,0,0.06250439
0,0,0.0652398
0,0,0.12120105
0,0,0.33104166
0,0,0.10034589
0,0,0.13435513
0,0,0.07978648
0,0,0.49925944
0,0,0.23249981
1,1,0.5505988
0,1,0.62792534
0,0,0.2888796
0,0,0.3901707
0,0,0.09386397
0,0,0.4090943
0,0,0.09059418
0,1,0.5081479
0,0,0.08462036
0,0,0.14137807
0,0,0.17432967
0,0,0.07686065
0,0,0.04015047
0,0,0.22200777
0,0,0.028947866
0,0,0.23417795
0,0,0.045496505
0,0,0.0580223
1,1,0.6913184
0,0,0.04322798
1,0,0.38924515
0,0,0.04627035
0,0,0.054824125
0,0,0.07755335
0,1,0.81688434
0,0,0.13487172
0,0,0.050071128
0,0,0.059852667
0,0,0.29456306
0,0,0.3348773
0,0,0.03841059
0,0,0.29167324
0,0,0.25641513
0,0,0.41773602
0,0,0.038897585
0,0,0.2408
0,0,0.18866253
0,0,0.39920422
0,0,0.14400592
0,0,0.42048022
0,0,0.16973461
0,0,0.11113504
0,0,0.19318926
0,1,0.692439
0,0,0.2463762
0,1,0.54084855
0,0,0.2423812
0,0,0.06490084
0,0,0.101998985
0,1,0.5340887
0,0,0.13331641
0,1,0.70895594
0,0,0.10417241
0,0,0.080684826
0,0,0.05539419
0,1,0.7259613
0,0,0.08375323
0,0,0.108692266
0,0,0.46614897
0,1,0.6680714
0,1,0.5085445
0,0,0.14888096
0,0,0.029380485
0,0,0.14582467
0,0,0.45985064
0,0,0.05527578
0,1,0.54634416
0,0,0.28630367
0,0,0.05700678
0,0,0.0432037
0,0,0.23646283
1,1,0.75011647
1,0,0.24558724
1,1,0.67479384
0,0,0.056597084
0,0,0.05319887
1,1,0.7703516
0,0,0.045974053
0,0,0.03900415
0,0,0.07768325
0,0,0.04103178
0,0,0.06569913
1,0,0.06816456
0,0,0.32054797
0,0,0.0991506
0,0,0.18009911
0,0,0.45405668
0,0,0.07799091
1,0,0.21709257
0,0,0.058282405
0,0,0.2818514
0,0,0.4072589
0,0,0.028502293
0,0,0.08169307
0,0,0.028502293
0,1,0.52936363
0,0,0.13552065
0,0,0.062239118
0,0,0.19278207
0,0,0.08000458
0,0,0.050986562
0,0,0.14194638
0,0,0.34704247
0,1,0.50114983
0,0,0.08277522
0,1,0.6398076
0,1,0.5022218
0,0,0.03859794
0,0,0.032468237
0,0,0.37368447
0,0,0.47885776
0,0,0.32118353
0,0,0.47439912
0,0,0.12747517
0,0,0.28720206
0,0,0.13687299
0,0,0.22631685
0,0,0.34629053
0,0,0.055911344
0,0,0.09667888
0,0,0.21006908
0,0,0.064677365
0,1,0.5329923
0,0,0.30540663
0,0,0.49096292
0,0,0.07912949
0,0,0.037089795
0,1,0.55873
0,1,0.57280743
0,1,0.7610192
0,1,0.56315655
0,1,0.5198808
0,0,0.35429347
0,0,0.39412948
0,0,0.27007082
0,0,0.27491066
0,0,0.372033
0,0,0.059916943
0,1,0.6069964
0,0,0.30966213
1,1,0.6649435
0,0,0.086944796
0,1,0.6269262
0,0,0.0772281
0,0,0.40054965
0,0,0.21224016
0,1,0.61999077
0,1,0.63290024
0,0,0.3479287
0,0,0.12894359
0,0,0.28913382
0,0,0.087161526
0,0,0.20715652
0,0,0.29081357
0,0,0.27772298
0,0,0.028702112
0,0,0.14552496
0,1,0.6184986
0,1,0.6154336
0,0,0.47684047
0,0,0.09093941
1,0,0.25434333
0,0,0.09558397
0,0,0.33523965
0,0,0.08659785
0,1,0.7031656
1,1,0.5310775
0,0,0.1421837
0,0,0.24261588
0,1,0.591576
0,0,0.047493823
0,0,0.028702112
0,0,0.3020809
1,1,0.53123736
0,0,0.030074822
0,0,0.050636873
0,0,0.4412679
0,0,0.18688849
0,0,0.22149613
0,1,0.7370151
0,1,0.5550283
0,0,0.2227529
0,1,0.57042223
0,1,0.52425236
0,0,0.28568587
0,0,0.21821725
0,0,0.20705111
0,0,0.093524516
0,0,0.10574313
0,0,0.056556888
1,0,0.08718823
0,1,0.6607047
0,1,0.58343035
0,0,0.06052536
0,0,0.28404084
0,0,0.42157903
0,0,0.20062026
0,0,0.46636125
0,0,0.23455422
1,0,0.47774333
0,0,0.45845821
0,0,0.057787146
0,0,0.2686553
0,0,0.053995725
0,0,0.1665056
0,0,0.08387303
0,0,0.064907566
0,1,0.58255225
0,0,0.042407025
0,0,0.35865244
0,0,0.47258124
0,0,0.35377777
0,0,0.123852804
0,0,0.05629505
0,0,0.041662056
0,0,0.35030583
0,0,0.10356122
0,0,0.05452461
0,0,0.08179373
0,0,0.21187866
1,1,0.52596956
0,0,0.08152103
0,0,0.09575001
0,0,0.15322137
0,0,0.42571315
0,0,0.059626404
0,0,0.25423163
0,0,0.14593062
0,0,0.13697658
0,0,0.08718823
0,0,0.19470586
0,0,0.2086958
0,0,0.12477874
0,0,0.1765624
0,0,0.28781688
0,1,0.6018765
0,0,0.06955676
1,1,0.81389016
0,0,0.16049325
0,0,0.1509917
1,1,0.70369095
0,0,0.3740479
0,1,0.5884096
0,0,0.12233971
0,0,0.38953325
0,0,0.23794928
0,0,0.053813104
0,0,0.4390385
0,0,0.12759794
0,0,0.47452998
1,0,0.4223318
0,0,0.42628932
0,0,0.09092859
0,0,0.23043306
0,0,0.08226768
0,1,0.583587
0,0,0.2397319
0,0,0.23278044
0,0,0.4602437
0,0,0.14128596
0,0,0.039434426
1,1,0.5982769
0,0,0.3520575
0,1,0.61403805
0,1,0.51773375
0,1,0.5824279
0,0,0.4271568
0,0,0.13977273
0,0,0.05977485
0,0,0.09134173
0,0,0.1815673
0,0,0.19029672
0,0,0.083094366
0,0,0.049183063
0,0,0.06457998
0,0,0.05921863
1,0,0.26588103
0,0,0.10586758
0,0,0.029714754
0,0,0.042956863
0,1,0.628505
0,0,0.04301075
0,0,0.0857904
0,0,0.0603626
0,0,0.054459713
0,0,0.029394949
0,0,0.10378373
0,0,0.08833533
0,0,0.09812242
0,0,0.028502293
0,0,0.083409086
0,0,0.09385503
0,0,0.24797554
0,1,0.5617126
0,0,0.027587168
0,1,0.65484357
0,0,0.35924962
0,1,0.64406073
0,0,0.16916053
0,0,0.028008008
0,0,0.13062185
0,0,0.06635239
1,1,0.7222175
0,0,0.08144356
0,0,0.18977793
0,0,0.117006816
0,0,0.055401877
0,0,0.031091703
1,0,0.33378038
0,0,0.25735068
1,1,0.72211856
0,1,0.6465213
1,1,0.7114689
0,0,0.23695652
0,0,0.05670331
0,0,0.055303838
0,0,0.08821908
0,0,0.042630207
1,1,0.5177885
0,0,0.061006516
0,0,0.18226285
0,0,0.31090814
0,0,0.09616252
0,0,0.38528875
0,0,0.47364601
0,0,0.06100106
0,0,0.16799414
0,0,0.25754848
0,0,0.23376165
0,0,0.03444638
0,1,0.57849854
0,1,0.7332497
0,0,0.37801206
0,0,0.029558187
0,0,0.34163806
0,0,0.24151438
0,0,0.36621368
0,0,0.1211617
0,0,0.216338
0,0,0.29340082
0,0,0.06516992
0,0,0.1378826
0,0,0.37703583
0,0,0.2712431
0,0,0.44323644
1,1,0.59542924
0,0,0.06867563
0,0,0.05937623
1,0,0.33922535
0,0,0.069874495
0,1,0.71526575
0,0,0.13530779
0,0,0.09127354
0,0,0.49263623
0,1,0.6551435
0,0,0.033932175
0,0,0.30378586
0,0,0.3076343
0,0,0.11410807
1,1,0.67745626
0,1,0.52447575
0,0,0.17584439
0,1,0.73904043
0,0,0.12882891
0,0,0.03822135
0,0,0.105818495
0,0,0.03136596
0,0,0.121898696
0,0,0.2104128
0,0,0.27576813
0,0,0.24091604
0,0,0.3682154
0,0,0.2535686
0,0,0.043317184
1,0,0.36176938
0,1,0.5778996
1,1,0.7040866
0,0,0.23969923
0,0,0.048213262
0,1,0.6133381
0,0,0.07442307
0,0,0.16577284
0,0,0.09655763
0,0,0.30555364
0,0,0.14769211
0,0,0.14568822
0,0,0.38096276
0,1,0.7120941
0,0,0.040552843
0,1,0.6600698
1,0,0.14340948
1,0,0.08688187
0,0,0.07905597
0,1,0.6094798
0,1,0.5702119
0,1,0.6583184
0,0,0.2615618
0,1,0.51199
1,0,0.29692957
0,0,0.16327873
0,0,0.31118533
0,0,0.08863402
0,0,0.13275598
0,0,0.099228166
0,1,0.6032892
0,0,0.06565611
0,0,0.09649313
0,0,0.08212026
0,0,0.18549518
0,1,0.6329847
0,0,0.028008008
0,1,0.7090918
1,0,0.22936976
0,0,0.27735877
0,1,0.6371066
0,0,0.10682499
0,0,0.028160505
1,1,0.8153884
0,0,0.056129515
0,0,0.22004765
0,0,0.16189356
0,0,0.08488512
0,0,0.071418926
0,1,0.77468324
0,1,0.80069596
0,0,0.10605041
1,0,0.10150975
0,0,0.13536851
0,1,0.6476273
0,1,0.5849456
0,0,0.0909432
0,0,0.25325474
0,0,0.090108655
0,0,0.061492123
1,0,0.15735903
0,0,0.3451275
1,0,0.09733483
0,0,0.48751822
0,0,0.29779005
0,0,0.100414224
0,0,0.25295055
0,0,0.029269043
0,1,0.6422336
0,1,0.5303452
0,1,0.7105416
0,0,0.45798615
0,0,0.08907751
1,1,0.53330547
0,0,0.36415333
0,0,0.10580442
0,0,0.2994827
0,0,0.18464908
0,0,0.24819154
0,0,0.08889897
0,0,0.26326528
0,0,0.4027618
1,1,0.5794093
0,1,0.6239804
0,0,0.03136606
0,0,0.04811652
0,0,0.344827
0,0,0.3812899
1,1,0.61112565
0,0,0.2967305
0,0,0.042809434
0,1,0.57709736
0,0,0.08500444
0,0,0.370087
0,0,0.0677241
0,0,0.061493624
0,0,0.100197926
0,0,0.05906299
0,0,0.06722566
0,0,0.33800936
0,0,0.081473194
0,1,0.555615
1,1,0.6306122
0,0,0.491219
0,0,0.14836526
0,0,0.03751738
1,0,0.46269864
1,1,0.62367886
0,1,0.5100454
0,0,0.040403664
0,0,0.25097594
0,0,0.17642888
0,0,0.05515854
0,0,0.028502293
0,0,0.4969784
1,1,0.51876956
0,1,0.5711466
0,0,0.17123194
1,1,0.56614363
0,0,0.12445069
0,0,0.115947746
0,0,0.114984415
0,0,0.2061978
0,1,0.56724894
0,0,0.13514103
0,1,0.6583261
1,0,0.2541573
0,0,0.20506631
0,0,0.3534433
0,0,0.2553444
0,0,0.07157122
0,0,0.13977048
0,0,0.18265569
0,0,0.10597011
0,0,0.12349773
0,0,0.43977916
0,0,0.04709114
0,0,0.3667877
0,0,0.36122218
0,0,0.08678209
0,0,0.48466495
0,0,0.16964266
0,0,0.13575402
0,0,0.09137138
0,0,0.030505182
0,0,0.05429611
0,0,0.0337174
0,0,0.06383325
0,0,0.04012207
0,0,0.33099344
0,1,0.812835
0,0,0.48743019
0,0,0.038414627
0,0,0.38474706
0,0,0.07041671
0,0,0.10693692
1,1,0.6784441
0,0,0.13961747
0,0,0.099607535
0,1,0.5273018
0,0,0.19017524
0,0,0.05111697
1,1,0.80822945
0,0,0.08192843
1,0,0.47670805
0,0,0.20644374
1,1,0.81320274
0,1,0.5766648
0,1,0.526449
0,1,0.6647423
0,0,0.49857616
0,0,0.14818388
0,0,0.19626299
0,0,0.18663417
0,0,0.3846709
0,0,0.17916198
0,1,0.53993165
0,0,0.03314975
0,0,0.40832394
0,1,0.57678103
0,0,0.1975332
1,1,0.72132033
0,0,0.053608302
0,0,0.33000267
1,1,0.5146374
0,0,0.4995097
0,0,0.08723759
0,0,0.21355444
0,0,0.15907326
0,0,0.079672806
0,0,0.04012207
0,0,0.13912761
0,0,0.3284028
0,0,0.05687481
0,0,0.46342418
0,0,0.07762435
0,0,0.40846315
0,0,0.20899807
0,1,0.550586
0,0,0.48800325
0,0,0.16543204
0,0,0.35890028
0,0,0.02957984
0,0,0.084550865
0,0,0.17993784
0,0,0.25612995
0,0,0.028702112
0,0,0.38506326
0,0,0.22769895
0,0,0.06152692
0,0,0.22306907
1,0,0.12472496
0,0,0.32002938
0,0,0.35000566
0,0,0.06882885
0,0,0.047651496
0,1,0.6211016
0,0,0.45629305
0,1,0.7675024
0,0,0.05093335
0,0,0.14974327
0,0,0.3759346
0,0,0.2831804
0,0,0.21996772
1,1,0.5678442
0,0,0.40386114
0,1,0.54525375
0,0,0.4645773
0,0,0.30880594
0,0,0.4058393
0,1,0.56232667
1,1,0.6567415
0,0,0.056386914
0,0,0.028702112
0,0,0.49661806
0,0,0.027737437
0,1,0.54820514
0,0,0.39794216
0,1,0.5793244
0,0,0.06398824
0,0,0.3201742
1,0,0.2133635
0,0,0.22974013
0,0,0.34099728
1,0,0.10614734
0,1,0.6204235
0,0,0.056968227
0,1,0.50207037
0,0,0.084338866
0,0,0.4179456
0,0,0.11855124
0,0,0.19046296
0,0,0.0664944
0,0,0.26682463
0,0,0.08688752
0,1,0.6463775
0,1,0.53579193
0,0,0.45321572
0,1,0.57658
0,0,0.2938367
0,0,0.03519613
0,0,0.047066048
1,0,0.43134114
0,0,0.102907136
0,0,0.058946252
0,0,0.1093076
0,0,0.3520575
0,0,0.09503685
0,0,0.07098798
0,0,0.07747721
1,0,0.24490024
0,0,0.32197022
0,0,0.14288943
0,0,0.23265535
0,0,0.041662056
0,0,0.09344663
0,0,0.13528019
1,1,0.5735856
0,0,0.32385772
0,1,0.5859497
0,0,0.2603342
0,0,0.058919355
1,0,0.49539506
0,0,0.096355245
0,1,0.5551755
0,0,0.030823587
0,0,0.2667225
0,0,0.4954041
0,0,0.46055096
0,0,0.39766115
0,0,0.3602283
0,1,0.5897863
0,0,0.03179119
0,0,0.028702112
0,0,0.029714754
0,0,0.13552105
0,0,0.03381951
0,0,0.3004409
0,0,0.05184405
0,1,0.59080434
0,0,0.14010458
1,0,0.34504396
0,0,0.09491942
0,1,0.52561396
0,0,0.10514524
0,1,0.510068
0,0,0.05687481
0,0,0.4499986
0,1,0.75011647
0,0,0.15634207
0,0,0.0432037
0,0,0.053453237
0,1,0.71353143
0,1,0.50083464
0,0,0.069663875
0,0,0.054809082
0,0,0.077388234
0,0,0.13247833
1,0,0.3518935
0,0,0.06038815
0,0,0.24435183
0,0,0.09751246
1,0,0.46693382
0,0,0.2862508
1,0,0.41538185
0,1,0.5687454
0,1,0.6095621
0,0,0.4992934
0,0,0.102757655
0,0,0.119928844
0,0,0.082131945
0,0,0.077681966
0,0,0.05517737
0,0,0.47476062
0,0,0.029046137
0,0,0.3266256
1,0,0.4013745
0,0,0.03136606
0,0,0.3479974
0,0,0.059865154
0,1,0.7140172
1,0,0.27243668
0,0,0.0566636
0,0,0.08579109
0,0,0.094140545
0,0,0.43055707
0,1,0.5389267
0,0,0.40423924
0,0,0.19395931
0,0,0.3363613
0,0,0.06152348
0,0,0.16343227
0,0,0.15635684
0,0,0.23062696
0,0,0.08853738
0,0,0.08928762
0,0,0.055345457
0,0,0.045320522
0,0,0.14829557
0,0,0.04792404
0,0,0.0832824
0,0,0.051917743
0,0,0.060742434
0,0,0.40975133
0,0,0.46554366
1,0,0.21394134
0,0,0.35440874
0,0,0.059205014
0,0,0.03924161
0,0,0.05515854
0,1,0.6471677
0,0,0.25134787
0,1,0.65477175
0,0,0.2238516
1,0,0.32998154
0,0,0.27889308
0,0,0.09800466
0,0,0.3102422
0,0,0.028502293
0,1,0.513658
1,0,0.46302894
0,1,0.5022655
0,0,0.23164058
0,0,0.118159086
1,1,0.7093796
0,0,0.29577762
0,0,0.29125607
0,0,0.08312676
0,0,0.37751073
0,1,0.62490475
0,0,0.31500614
0,0,0.37835455
1,1,0.73840934
0,0,0.06032448
0,0,0.07879793
1,0,0.3575747
1,1,0.5555306
0,1,0.58036375
0,0,0.26880184
0,0,0.14572962
0,0,0.14380933
0,1,0.5923717
0,0,0.104725026
0,0,0.13642094
0,0,0.15427642
0,0,0.33729696
0,0,0.086896434
0,0,0.12088923
0,0,0.06943807
0,0,0.258148
0,0,0.3132909
0,0,0.060176957
0,0,0.030823587
0,0,0.08915266
1,1,0.6493073
0,0,0.089050464
0,0,0.09730909
0,0,0.18555483
0,0,0.028702112
1,0,0.49433222
0,1,0.5498844
0,0,0.054245677
0,0,0.083173685
0,0,0.20459363
0,0,0.046713535
0,0,0.028702112
0,0,0.042956863
0,0,0.08154325
0,1,0.60705245
0,0,0.3223057
0,0,0.10592729
0,0,0.13816676
0,0,0.05767798
0,0,0.064182095
0,0,0.031638637
0,0,0.04682117
0,0,0.49456915
1,1,0.5979521
0,0,0.061315063
0,0,0.07890142
0,0,0.17736714
0,0,0.34291154
0,0,0.029714754
0,0,0.4347494
0,0,0.34013814
0,0,0.030285323
0,0,0.059655037
0,0,0.14995664
0,0,0.027587168
0,1,0.60695213
0,0,0.077213146
0,0,0.4281228
0,1,0.54243547
0,0,0.25537416
0,0,0.35409293
0,0,0.1391309
0,0,0.07779494
0,1,0.6881619
0,0,0.18099181
0,0,0.028160505
0,0,0.417093
0,0,0.11417892
0,0,0.11971568
0,0,0.06294125
0,0,0.072960675
1,0,0.27183157
0,0,0.25635022
0,0,0.060264666
0,0,0.032750066
0,0,0.1306631
0,0,0.24151282
0,1,0.71182257
0,0,0.06234691
0,0,0.07818379
0,0,0.09197534
0,0,0.0688809
0,0,0.35112372
0,0,0.038022287
0,0,0.34288952
0,0,0.041662056
0,0,0.41573608
0,0,0.12180388
0,0,0.039879505
0,0,0.2922553
0,0,0.028502293
0,0,0.21419461
0,0,0.22385955
0,0,0.34193015
0,0,0.06019906
0,1,0.507435
0,0,0.100305
0,1,0.53530943
0,0,0.041174356
0,0,0.08690049
0,0,0.49061453
1,0,0.1870759
0,0,0.22942178
0,0,0.1245566
1,0,0.47642773
0,0,0.056785416
1,0,0.319673
0,0,0.06677889
1,1,0.8095754
0,0,0.038414627
0,0,0.19462238
0,0,0.06459444
0,1,0.758357
0,0,0.3640648
0,0,0.06238144
0,0,0.067440964
0,0,0.3460521
0,0,0.431045
0,1,0.5930116
1,0,0.39494032
0,0,0.486066
0,0,0.06374611
0,0,0.18188733
0,0,0.062220562
0,0,0.08276919
1,1,0.5706545
0,0,0.101674825
0,0,0.052197736
0,0,0.05003945
0,0,0.3192307
0,0,0.12586956
0,0,0.41960108
0,0,0.10497089
0,1,0.53611964
0,0,0.0822407
0,0,0.03343255
0,0,0.48226988
0,0,0.029695004
0,0,0.3869748
0,0,0.07926799
1,1,0.6889892
0,0,0.07389133
0,0,0.46213418
0,0,0.07476816
0,0,0.46440804
1,1,0.6311856
0,1,0.51194334
0,0,0.39961916
0,0,0.39434582
0,0,0.26397255
1,0,0.3241725
0,0,0.08829355
0,0,0.2752362
0,0,0.39455602
0,0,0.08241145
0,1,0.5863676
1,1,0.53222364
0,0,0.055751957
0,1,0.59299195
0,0,0.05309714
0,0,0.17775413
0,1,0.5367613
0,0,0.05121245
0,0,0.06358088
0,0,0.08041329
0,0,0.058694463
0,0,0.46963546
0,1,0.72140485
1,1,0.5431502
0,0,0.07575876
0,0,0.36128038
0,0,0.031874422
0,0,0.35796282
0,0,0.4731932
0,0,0.36380994
0,0,0.067723185
0,1,0.5783133
0,0,0.0857274
1,0,0.3747532
0,1,0.5812396
0,0,0.09313418
1,0,0.24947485
0,0,0.25406218
0,0,0.07808479
0,0,0.0389623
0,0,0.18821411
0,0,0.028702112
0,0,0.051969737
0,0,0.42444032
0,0,0.27475664
0,1,0.6522659
0,0,0.31837878
0,0,0.23838696
0,0,0.45986158
0,0,0.39443877
0,0,0.062465552
0,0,0.08907818
0,0,0.43597287
1,1,0.80230063
0,0,0.4046954
0,0,0.3117151
0,0,0.24985905
0,0,0.43223518
0,0,0.27155423
0,0,0.059412327
0,0,0.06910793
0,0,0.45684668
0,0,0.09633349
0,0,0.31578568
0,0,0.30781814
0,0,0.028502293
0,0,0.42817038
0,1,0.53249454
0,0,0.028502293
0,1,0.7457078
0,0,0.21212962
0,0,0.47882894
0,0,0.11239477
1,0,0.2141548
0,0,0.087024115
0,0,0.03924161
0,0,0.26227248
0,0,0.13973556
0,0,0.092569314
1,1,0.51267636
0,0,0.09465974
0,0,0.1770454
0,0,0.06559769
0,0,0.3844113
0,0,0.3612305
0,0,0.05408723
0,0,0.0558131
0,0,0.47036263
0,0,0.030505182
0,0,0.15740861
0,0,0.14589588
0,1,0.628883
0,1,0.57075155
0,0,0.058658976
0,0,0.46317318
0,0,0.44887608
0,0,0.0381358
0,0,0.21336654
0,0,0.33902887
0,1,0.80546105
0,0,0.46666685
0,0,0.1998034
0,0,0.039660946
0,1,0.66933316
0,0,0.47450924
0,0,0.08963831
0,0,0.060152702
0,0,0.028160505
0,1,0.60766137
0,0,0.28356782
0,0,0.28359547
0,0,0.40488312
0,0,0.069293685
0,1,0.5993636
0,0,0.14441176
0,0,0.028160505
0,0,0.073724926
0,0,0.12034701
0,0,0.15818527
0,0,0.23166387
0,0,0.05625267
0,0,0.0573905
0,0,0.0548254
1,0,0.38754714
0,1,0.5937765
0,0,0.054941908
0,0,0.060630463
0,0,0.49067113
0,0,0.25251716
0,0,0.12023683
0,0,0.09503685
0,0,0.29217622
0,0,0.1909607
0,0,0.18526466
0,1,0.6533682
0,0,0.4077928
0,0,0.042830717
0,1,0.70598674
0,0,0.062405623
0,0,0.08399604
0,0,0.068121046
0,0,0.34999496
1,1,0.80689895
1,1,0.6306147
0,0,0.17729966
0,0,0.06483688
0,0,0.120454565
1,1,0.5572191
0,0,0.38592196
1,1,0.7345401
0,0,0.029110722
0,0,0.031967293
0,1,0.5201005
0,0,0.25840813
0,0,0.25003695
0,0,0.039421335
1,1,0.82092994
0,0,0.042407025
1,1,0.7117348
0,0,0.3476678
0,0,0.0470446
0,1,0.6026975
0,0,0.2925916
0,0,0.06466902
0,0,0.08524783
0,0,0.30016935
0,0,0.43932974
0,0,0.032621723
0,0,0.2965353
0,0,0.05612902
0,0,0.028160505
0,0,0.17449583
0,1,0.5670143
1,1,0.5074678
0,0,0.08306754
0,0,0.07369243
0,1,0.6363271
0,0,0.09995012
0,0,0.062581435
0,1,0.59199977
0,0,0.34259093
0,0,0.38034225
0,0,0.06818061
1,1,0.667635
0,0,0.028702112
0,1,0.54504573
0,0,0.3782101
0,0,0.21189004
1,0,0.3499514
0,0,0.04012207
0,1,0.5277984
0,0,0.08343738
0,0,0.057049744
1,1,0.5469582
0,1,0.58117163
0,0,0.10328277
0,0,0.033089343
1,0,0.29692957
0,0,0.4728715
0,0,0.3763287
0,0,0.0784247
0,0,0.08869038
0,0,0.057369225
0,0,0.056859273
0,0,0.31233004
0,0,0.029085977
0,0,0.2878804
0,0,0.058404405
0,1,0.5605457
0,1,0.60334533
0,0,0.04639529
0,0,0.15420127
0,0,0.33725542
0,0,0.19435942
0,0,0.06305763
0,0,0.4755563
0,0,0.19506189
0,0,0.028008008
0,0,0.18480586
0,0,0.29150167
0,0,0.27336833
0,1,0.6205526
0,0,0.0929511
0,0,0.08556788
0,0,0.42984512
0,0,0.38882732
0,0,0.10565475
0,0,0.07926545
0,0,0.17207615
0,1,0.65254986
0,1,0.6496529
0,0,0.054941908
0,0,0.08453365
0,1,0.68813777
0,0,0.064818904
1,0,0.30825132
0,1,0.52143437
0,0,0.058967892
1,0,0.112341814
1,0,0.12668143
0,0,0.4186798
0,0,0.07098849
0,0,0.08832922
0,0,0.30319488
0,0,0.29782853
0,0,0.05796028
0,0,0.06133661
0,0,0.12962423
0,0,0.08995889
0,0,0.060176957
0,0,0.06234789
0,0,0.3155428
0,0,0.37981397
0,0,0.055329453
0,0,0.14909515
0,0,0.29844183
0,0,0.12866403
0,0,0.23547034
0,0,0.46225262
0,0,0.06324227
0,0,0.48274723
0,0,0.09050802
0,0,0.3938812
0,1,0.55290395
0,0,0.3739825
0,0,0.42814696
0,0,0.28609264
0,0,0.37567723
1,1,0.5408547
0,0,0.3940182
0,0,0.12143588
0,0,0.028160505
0,1,0.70704985
0,0,0.06452089
0,0,0.045890007
0,1,0.58724195
0,0,0.41570428
0,0,0.4191934
0,0,0.028502293
0,0,0.028502293
0,1,0.5021691
0,1,0.60320073
1,0,0.41774288
0,1,0.54482156
0,0,0.43428224
0,0,0.044303488
0,0,0.15627962
0,0,0.41570428
1,1,0.6309049
0,1,0.5355143
0,0,0.028947866
0,0,0.028160505
0,0,0.098039106
0,1,0.52659285
0,0,0.2148447
0,1,0.63306844
0,0,0.4578511
0,0,0.110753976
0,0,0.08207107
0,0,0.16271877
0,0,0.117180616
0,0,0.14562671
0,0,0.32499102
0,0,0.0396609
0,0,0.21205588
0,1,0.62472683
0,0,0.110305905
0,0,0.22392723
0,0,0.12772086
0,0,0.07013432
1,0,0.3098961
0,0,0.057605304
0,0,0.32226014
0,0,0.33566993
0,0,0.052136518
0,1,0.6952389
0,1,0.603222
0,0,0.12494423
0,0,0.17768793
0,0,0.06873033
0,0,0.12668894
0,0,0.09957422
0,1,0.5328979
0,0,0.16034746
0,0,0.33584896
1,0,0.37332624
0,1,0.50845957
1,1,0.7902537
0,0,0.061355088
0,0,0.09035412
0,0,0.15079215
0,0,0.15697886
0,0,0.060107056
1,0,0.30133837
0,1,0.5478971
0,0,0.052115917
0,0,0.23867981
0,0,0.030896371
0,0,0.052145664
0,0,0.056025185
0,1,0.5439403
0,0,0.23544331
0,0,0.19083112
1,0,0.4336593
0,0,0.39413646
0,0,0.090514086
0,0,0.34610152
0,0,0.031091703
0,0,0.0976575
0,0,0.04286935
0,0,0.090957314
1,0,0.16406621
0,0,0.031364795
1,0,0.21296498
0,0,0.46313864
1,1,0.5678208
0,0,0.054941908
0,0,0.2558771
0,1,0.50741345
1,0,0.48924553
0,0,0.16848865
0,0,0.49661806
0,0,0.054527782
0,0,0.060580947
0,0,0.45828348
0,0,0.07548859
0,1,0.6662704
0,0,0.031091703
0,0,0.28874436
0,0,0.13073668
0,1,0.54947585
1,0,0.2330012
0,0,0.03303393
1,0,0.22465186
0,0,0.23215368
0,0,0.047809277
0,1,0.50611204
0,0,0.064818904
0,1,0.6378947
0,0,0.37992132
0,1,0.57077014
0,1,0.5040407
0,0,0.44698644
0,0,0.08405654
0,0,0.49332276
0,0,0.0494135
0,0,0.035104517
0,1,0.5567649
1,1,0.56933224
0,0,0.21113367
0,0,0.17361547
0,0,0.05949921
0,0,0.33207083
1,0,0.49358377
0,0,0.25874677
1,1,0.5770008
0,0,0.061389178
0,0,0.039097052
0,0,0.44566482
0,0,0.027587168
0,1,0.6508146
1,1,0.7073337
0,0,0.065623924
1,1,0.64050555
0,1,0.5758691
0,0,0.1897336
0,0,0.44632322
1,0,0.3548243
0,0,0.058314525
0,1,0.6878042
0,0,0.028702112
0,0,0.2457601
0,0,0.42138985
0,1,0.5190751
0,0,0.41468683
0,1,0.57169104
0,0,0.11730868
0,0,0.13243699
1,0,0.14264272
0,0,0.45489693
0,0,0.029968912
0,0,0.27498308
0,0,0.06276882
0,0,0.1258996
0,0,0.23551285
1,1,0.7381691
0,0,0.045723103
0,0,0.13373075
0,0,0.08101679
0,0,0.19551581
1,1,0.7112613
0,1,0.5974354
0,1,0.59816605
0,0,0.28900588
0,1,0.51500064
0,0,0.06265626
1,1,0.5599245
0,0,0.3295609
0,0,0.038003333
0,0,0.44738802
0,0,0.10324088
0,1,0.66060066
0,0,0.23818251
0,0,0.058465026
0,0,0.066994816
0,0,0.43428224
0,0,0.20588124
0,0,0.05359473
0,0,0.46142608
0,0,0.38050786
0,1,0.5296846
0,0,0.040208682
0,0,0.156282
0,0,0.0741338
0,0,0.05627383
0,0,0.13849159
0,0,0.09918683
0,0,0.055894647
0,0,0.2156547
0,0,0.30905923
1,1,0.6407396
0,0,0.47761706
0,0,0.037653
0,0,0.06245335
0,0,0.05870101
0,1,0.5193331
0,0,0.33584896
0,1,0.5763593
0,0,0.12207228
0,0,0.08955754
0,0,0.12822798
0,1,0.5197387
0,0,0.21949139
1,0,0.48392546
1,0,0.068178184
0,1,0.7292707
0,0,0.09497451
0,0,0.2609596
0,1,0.53003085
0,0,0.062888436
0,0,0.08142553
1,1,0.79304904
0,0,0.031638637
0,0,0.3790395
0,0,0.26947355
0,0,0.05814909
0,0,0.4386697
1,0,0.48576215
0,0,0.056038037
0,0,0.14542122
0,0,0.05956032
0,0,0.13040093
0,0,0.49002936
0,0,0.246918
0,0,0.09586222
0,0,0.27191493
0,0,0.06374611
0,0,0.039434426
0,0,0.1842682
0,0,0.3702568
1,1,0.571033
0,0,0.3369683
0,0,0.027587168
0,0,0.034905847
0,0,0.042410005
1,1,0.54574823
0,1,0.73652047
0,0,0.10514022
0,0,0.09928933
0,0,0.14328304
0,0,0.13683349
0,0,0.05935819
0,1,0.50376695
0,0,0.49978378
0,0,0.15152416
0,0,0.49355245
0,0,0.37719572
0,0,0.093316555
0,0,0.29065946
1,0,0.43035913
0,0,0.028502293
1,1,0.6074307
0,0,0.08375221
0,0,0.2939137
0,0,0.2225323
0,0,0.1615361
0,0,0.08060132
0,0,0.0624446
0,0,0.3100049
0,0,0.12771171
1,1,0.674352
0,0,0.37199333
0,0,0.15763256
0,0,0.07107304
0,0,0.054138914
0,0,0.09608903
0,0,0.36662555
0,1,0.7231702
1,0,0.09424346
0,0,0.26229808
0,1,0.52449054
0,1,0.7349852
1,1,0.5617126
0,1,0.6881924
1,0,0.39840907
0,0,0.061099105
0,0,0.376098
0,1,0.62211823
0,0,0.4537751
0,1,0.6361418
0,0,0.14079127
0,0,0.061492123
0,0,0.061888903
0,0,0.24222393
0,1,0.6297772
0,0,0.3813349
0,0,0.46608475
0,1,0.7643202
0,1,0.5750599
0,1,0.5790189
0,0,0.47336826
1,1,0.7346971
0,0,0.45714808
0,0,0.11364543
0,0,0.054777294
1,1,0.578522
0,0,0.09983438
0,0,0.34596553
0,1,0.61074114
0,0,0.052145664
0,1,0.5122065
0,0,0.058075305
0,0,0.0857274
0,1,0.64358217
0,0,0.06086695
0,0,0.030625988
0,1,0.50847834
1,1,0.7009813
0,0,0.0381358
0,0,0.42769614
0,1,0.5661218
0,1,0.60073775
0,0,0.107534364
0,0,0.104775146
0,0,0.058011014
0,0,0.056739055
1,1,0.82786536
0,1,0.52646744
0,0,0.081247754
0,0,0.18238084
0,0,0.056129515
0,0,0.102560714
0,0,0.23977327
0,0,0.35837585
0,1,0.5450337
0,0,0.046401598
1,0,0.03900415
0,0,0.37987328
0,0,0.1608335
0,0,0.48882195
0,1,0.67286676
0,0,0.06502534
0,0,0.20014629
0,0,0.30970988
0,0,0.2689326
0,0,0.40134352
1,0,0.3968553
0,1,0.5100171
0,0,0.09486602
0,0,0.1656507
1,0,0.32529613
0,0,0.09707468
0,0,0.10171307
0,0,0.27239537
0,0,0.24222393
0,1,0.58938795
0,0,0.036247488
0,0,0.3314302
0,0,0.041662056
0,1,0.62212324
0,0,0.449724
0,0,0.06466902
0,0,0.06364428
0,0,0.38144827
0,0,0.091245204
0,0,0.33674723
0,0,0.082329534
0,0,0.04709114
0,0,0.22199465
0,0,0.27512452
0,0,0.21839486
0,0,0.04495089
0,0,0.40095794
0,0,0.078055464
0,0,0.41272238
0,0,0.15772833
0,0,0.40058702
0,0,0.13222842
0,0,0.14561364
0,0,0.342112
1,1,0.76360744
1,1,0.74320906
0,1,0.73098344
0,0,0.09807571
0,0,0.061353236
0,0,0.3897263
1,1,0.7078047
0,0,0.43924233
0,0,0.041499224
1,0,0.27396986
0,0,0.08601579
0,0,0.059909385
0,0,0.2130539
0,0,0.27567923
0,0,0.27916262
0,0,0.281418
0,0,0.06589734
0,0,0.045003533
0,0,0.08323482
0,0,0.3177525
0,0,0.028947866
0,0,0.06951518
0,1,0.57586944
0,0,0.1638504
0,0,0.19214849
0,0,0.04994385
0,0,0.27468804
0,0,0.4889819
0,0,0.4320969
0,1,0.5732585
0,0,0.26460814
0,0,0.21888086
0,0,0.46514335
0,1,0.58315253
0,0,0.06373124
0,0,0.21111795
1,0,0.3185235
0,1,0.5539388
0,0,0.26492754
0,1,0.5649601
0,0,0.028947866
0,0,0.31855592
0,0,0.042478114
0,0,0.050940186
0,0,0.057844304
0,0,0.060107056
0,0,0.09790254
0,0,0.07831922
0,1,0.63454694
0,0,0.028008008
0,0,0.3447043
0,0,0.10702711
1,1,0.54754585
1,0,0.1282594
0,1,0.5596373
1,1,0.67291206
0,0,0.055656936
0,1,0.64530206
0,1,0.6040808
0,0,0.059000008
0,1,0.7044291
0,0,0.055367228
0,0,0.123080045
0,0,0.22188224
0,0,0.2951413
0,0,0.08861122
0,0,0.043358352
0,0,0.058444608
0,0,0.28329843
0,0,0.03258982
0,0,0.093545884
0,0,0.3331211
0,0,0.08467943
0,0,0.4969834
0,0,0.03822135
0,0,0.06986091
1,0,0.16818725
0,1,0.618906
0,0,0.08397534
0,0,0.39692333
0,0,0.4024542
0,0,0.30491042
1,1,0.6127278
0,0,0.49815834
0,1,0.5556743
0,0,0.027737437
0,0,0.028160505
0,0,0.3846709
0,0,0.06361876
0,0,0.30254737
0,0,0.3500034
1,0,0.06796931
0,0,0.0900974
0,0,0.08632383
0,0,0.056912202
1,1,0.53349715
0,1,0.60423017
0,0,0.045199838
0,0,0.08718823
0,0,0.4560547
0,0,0.49430034
0,0,0.0717143
0,0,0.4869004
0,0,0.10236722
0,0,0.05644401
0,0,0.0755754
1,1,0.53244925
0,0,0.2736137
0,0,0.21929052
0,0,0.028885644
0,0,0.0939099
0,0,0.45921123
0,0,0.0432037
1,0,0.3840375
0,1,0.5971636
0,0,0.07810664
0,0,0.07937286
0,0,0.299836
0,0,0.13342167
0,0,0.032584455
0,0,0.3662561
0,0,0.057378724
0,0,0.3146388
0,0,0.23397729
0,0,0.10357965
0,0,0.43573707
0,1,0.53207797
0,0,0.3539391
1,0,0.17503035
0,0,0.14687039
0,0,0.37275732
1,0,0.4999894
0,0,0.05969581
0,0,0.09677085
0,0,0.34815228
0,0,0.4144456
0,0,0.0432037
0,0,0.48886964
0,0,0.36778334
1,1,0.5178535
0,0,0.19167721
1,1,0.62637573
0,0,0.054941908
1,0,0.4439097
0,0,0.25503585
0,1,0.6579424
0,1,0.6468457
0,1,0.6576219
0,0,0.1378826
0,0,0.2513266
0,1,0.61839837
0,0,0.054941908
0,0,0.21269676
0,0,0.2751814
0,0,0.098240316
0,0,0.32457584
0,0,0.057082303
0,0,0.12506047
0,1,0.5905734
0,0,0.3924688
0,0,0.49930894
0,1,0.7639455
0,0,0.057085127
0,1,0.5924311
0,0,0.14978114
0,0,0.13908686
0,0,0.37455574
0,0,0.14823662
0,0,0.39413646
0,0,0.4481612
0,0,0.19949624
0,0,0.08152103
0,0,0.0394999
0,0,0.39658085
0,1,0.6997377
0,0,0.028502293
0,0,0.17473917
0,0,0.041802168
0,0,0.027587168
1,1,0.7103768
0,0,0.32987547
0,0,0.06833465
0,0,0.058966856
0,0,0.3431104
0,0,0.086124204
0,0,0.22858214
0,0,0.21193193
0,0,0.13073859
0,0,0.045320522
0,0,0.15657395
0,0,0.27341086
0,0,0.105364405
0,1,0.6485291
0,0,0.0900152
0,0,0.057006937
0,0,0.2768684
0,0,0.24527904
0,0,0.10827555
0,0,0.06684697
0,0,0.16088186
0,0,0.08727103
0,1,0.66876423
0,1,0.75472635
0,0,0.20550272
0,0,0.49841627
0,1,0.56930083
0,0,0.09005004
0,0,0.095005736
0,0,0.34558252
0,0,0.24980369
0,0,0.2917251
0,1,0.72549134
0,0,0.47457802
0,0,0.14725542
1,1,0.52018315
0,0,0.16477828
0,0,0.14944418
0,0,0.033089343
0,0,0.25813037
0,0,0.40348506
0,0,0.22287941
0,0,0.28182694
0,0,0.08676173
0,0,0.13917845
0,0,0.045199838
0,0,0.057444125
0,0,0.4881473
0,0,0.17506067
0,0,0.09726026
0,0,0.09868678
0,0,0.34179232
0,0,0.332532
0,0,0.28819263
0,0,0.06856034
0,0,0.032750066
0,0,0.13071828
0,0,0.0349271
0,0,0.030896371
0,0,0.22670345
0,0,0.19037679
0,0,0.072220854
0,0,0.121523164
0,1,0.56078327
0,0,0.21598685
0,0,0.056129515
0,0,0.09898179
0,0,0.058742706
0,0,0.25772923
0,0,0.4881325
0,0,0.17550182
0,0,0.3992343
0,0,0.14273612
0,0,0.49330017
0,1,0.5104787
1,1,0.55979925
1,1,0.7518221
0,0,0.43301505
0,0,0.20494266
0,0,0.057325553
0,0,0.038153917
0,0,0.19892058
0,1,0.51427555
0,1,0.5510601
1,1,0.5505988
0,1,0.51201326
0,0,0.057085127
0,0,0.08806386
0,0,0.1178112
0,1,0.5226622
0,0,0.22627492
0,0,0.35605407
0,0,0.20626432
0,1,0.62822986
0,0,0.06923453
0,0,0.15845719
0,0,0.059000008
0,0,0.36617777
1,0,0.29692957
0,0,0.098898984
0,0,0.49814427
0,0,0.1129039
0,0,0.46302894
0,0,0.038841162
0,1,0.59864736
0,1,0.61476344
0,0,0.35167536
0,0,0.09149913
0,1,0.6346153
1,1,0.51321125
0,0,0.16418126
0,0,0.12384105
0,0,0.2365142
0,0,0.057243813
0,0,0.16190495
0,0,0.46514335
1,0,0.22221549
0,0,0.1016716
0,0,0.33868292
0,0,0.15853944
0,0,0.2645759
0,1,0.6815617
0,0,0.4004108
0,0,0.15064734
0,0,0.09397855
0,0,0.2207857
0,0,0.08366953
0,0,0.08000283
0,0,0.45047206
0,1,0.6248769
0,0,0.26792964
0,0,0.4119837
0,0,0.028008008
0,0,0.38826722
0,0,0.4511939
0,0,0.056821864
0,1,0.70077366
0,0,0.28435373
0,0,0.051609922
0,1,0.75915974
0,0,0.057205517
0,0,0.103230745
0,0,0.083495
0,0,0.081689976
0,0,0.3509067
0,1,0.6825459
0,0,0.29094356
0,0,0.25228426
0,0,0.053748883
0,1,0.687502
0,0,0.056859273
0,0,0.119155034
0,0,0.3813349
0,0,0.15221179
0,0,0.05920122
0,0,0.028502293
0,0,0.22822993
0,1,0.64169526
0,0,0.06030265
0,0,0.23963946
0,0,0.08967914
1,1,0.71302766
0,1,0.5238014
0,0,0.3601186
0,1,0.5053201
0,0,0.33383578
0,0,0.3451172
0,0,0.09931704
0,0,0.2632316
0,0,0.06445712
0,0,0.075015344
1,1,0.61620164
0,1,0.5343079
0,0,0.08434312
0,0,0.10238048
0,1,0.5502121
0,1,0.6963105
0,1,0.57199454
0,0,0.33809525
0,1,0.53548497
0,1,0.6035809
1,0,0.11166871
1,0,0.41878396
1,0,0.41479766
0,0,0.0632958
0,0,0.06521527
1,0,0.29470316
0,0,0.12213171
0,0,0.090238705
0,0,0.2693909
0,1,0.82308304
0,0,0.066231914
0,1,0.7211822
0,0,0.17515887
0,0,0.045822117
0,0,0.18663417
0,0,0.06648083
0,0,0.09764057
0,0,0.14156874
0,0,0.10005673
0,0,0.08279649
1,0,0.27361256
1,1,0.54446346
0,0,0.045090187
0,0,0.03280469
0,0,0.066252865
0,0,0.15369706
1,1,0.76706177
0,0,0.03343255
0,0,0.2653726
0,0,0.33565402
0,0,0.28680167
0,0,0.06568315
1,0,0.09768053
0,0,0.06419377
0,0,0.08295542
1,0,0.3898044
0,0,0.39734745
1,1,0.6716942
1,0,0.30913225
0,0,0.24705258
0,1,0.71358025
0,0,0.09434669
0,0,0.29158556
0,1,0.646001
0,0,0.23633942
1,1,0.6721976
0,0,0.028502293
1,1,0.72231466
0,0,0.49048764
0,0,0.29143938
0,1,0.57727975
0,0,0.0798718
0,0,0.14358395
0,1,0.62999576
0,0,0.15698762
0,1,0.63629216
0,0,0.040860683
1,1,0.76543
0,0,0.21263021
0,0,0.05842716
0,0,0.2475521
0,0,0.11474017
0,0,0.05359473
0,0,0.17524321
0,0,0.078055464
0,0,0.074806735
0,0,0.38715705
0,0,0.24431251
0,0,0.21340433
0,0,0.258148
0,1,0.7107919
0,0,0.07033531
0,0,0.11389495
0,1,0.5537824
0,0,0.3673654
0,0,0.24836764
0,0,0.108638875
0,0,0.12475746
0,1,0.52596956
0,1,0.5398644
0,1,0.55729735
0,0,0.06565611
0,0,0.29387215
1,0,0.21758665
0,0,0.055615094
0,0,0.36424667
0,0,0.111855
0,0,0.083169505
0,0,0.31929168
0,0,0.4024798
0,0,0.035104517
1,1,0.60308075
0,0,0.26037017
0,0,0.2097504
0,0,0.05940698
0,0,0.14411068
1,0,0.4912819
0,0,0.41505942
0,1,0.5202565
0,0,0.26702908
0,0,0.045199838
0,0,0.06245335
0,0,0.09596845
0,0,0.2181552
0,1,0.59774566
1,1,0.56317264
0,1,0.7152745
0,0,0.34688497
0,0,0.27724966
0,0,0.3969628
0,1,0.5134416
0,0,0.068453655
1,1,0.6494071
0,0,0.14804427
0,0,0.35528794
0,0,0.47234988
0,0,0.12418027
0,1,0.5842146
0,0,0.08266382
0,0,0.39376485
0,0,0.10212473
0,0,0.082640626
0,0,0.060017332
0,0,0.03971301
0,0,0.038414627
0,0,0.4854028
0,0,0.21287896
0,0,0.074374646
0,0,0.4595332
0,1,0.5233682
0,1,0.6862167
0,0,0.21496278
0,0,0.08383426
0,0,0.0857355
0,1,0.5830468
0,0,0.027737437
0,0,0.37003332
0,1,0.67690706
0,0,0.07948663
0,1,0.8182303
0,0,0.42076316
0,0,0.052764107
0,0,0.43073043
0,0,0.0845984
0,0,0.08796728
0,0,0.04066388
0,0,0.09703571
0,0,0.07689633
0,0,0.033434328
1,0,0.4358614
0,0,0.19484864
0,0,0.3747532
0,0,0.15059438
0,0,0.028947866
0,0,0.3013136
0,0,0.28674248
0,0,0.24170199
0,0,0.13837768
0,0,0.028502293
0,0,0.32459152
0,0,0.31672275
0,0,0.21189374
0,1,0.54266256
0,0,0.059727516
0,1,0.61981004
0,0,0.059650604
0,0,0.2746555
0,0,0.4506064
0,0,0.2538483
0,0,0.045348696
0,0,0.20391963
0,0,0.030074822
0,0,0.1384194
0,0,0.05675784
0,0,0.39758635
0,0,0.2667225
0,0,0.4982689
1,1,0.61687094
0,0,0.03924161
0,0,0.27265725
0,0,0.254455
0,0,0.039097052
0,0,0.10385587
0,0,0.041314036
0,0,0.21436797
0,0,0.1478509
0,0,0.49661806
0,0,0.056739055
1,1,0.6235821
0,1,0.68318456
0,0,0.2734679
0,0,0.030774534
0,0,0.47156417
1,1,0.6947593
1,0,0.29399773
0,1,0.79585576
0,0,0.12805405
1,1,0.62804484
0,0,0.027587168
0,0,0.32026836
0,0,0.27973506
1,0,0.23270331
0,0,0.06087326
0,0,0.060176957
0,0,0.34325
1,1,0.58950555
0,0,0.082205996
1,1,0.5889666
0,1,0.7836731
0,0,0.036820218
0,0,0.16668768
0,0,0.05670331
0,1,0.64359885
0,1,0.58704716
0,1,0.50499433
0,0,0.06860361
0,0,0.05716922
0,0,0.47215733
0,0,0.06038815
0,0,0.2071579
0,0,0.04685848
0,1,0.79949313
0,0,0.25030872
0,0,0.05485225
0,0,0.07785051
0,0,0.48553345
0,0,0.33584896
1,1,0.5602076
0,0,0.30221573
0,0,0.29740345
0,1,0.56228286
0,0,0.22284046
0,0,0.11225988
0,0,0.20524995
0,0,0.07859183
1,1,0.6990989
0,0,0.058617953
1,0,0.3958772
0,0,0.04350477
0,0,0.48614383
0,0,0.17022653
0,1,0.58352464
1,1,0.7188432
0,0,0.056025185
0,0,0.060688224
1,1,0.6031821
0,1,0.8098936
0,0,0.18663417
0,1,0.60391426
0,0,0.3777294
0,1,0.5072347
0,0,0.19251916
0,0,0.16364752
0,1,0.7011268
0,0,0.42050895
0,0,0.0857274
0,0,0.2825034
0,0,0.106957816
0,0,0.14768264
0,1,0.5548864
0,0,0.26372927
0,0,0.061737623
1,0,0.32960457
1,1,0.82728976
0,0,0.06677508
1,1,0.6815803
0,1,0.5301231
0,0,0.07804531
0,0,0.15543163
1,1,0.82826245
0,1,0.5062625
0,0,0.15762545
0,0,0.45017076
0,1,0.52851456
0,0,0.2016892
0,0,0.042630207
0,0,0.06705733
0,0,0.08370201
0,0,0.41111204
0,0,0.26888594
0,0,0.09400624
0,0,0.038792145
0,0,0.03924161
0,0,0.36453325
0,0,0.35311225
0,0,0.44159943
0,0,0.49282494
0,0,0.05197012
0,1,0.64606875
0,1,0.7123468
0,0,0.03924161
0,0,0.043318108
0,0,0.05716922
0,0,0.21026011
0,0,0.36947608
0,1,0.5583673
0,1,0.5189834
0,0,0.028502293
1,0,0.21195476
0,0,0.098269105
0,0,0.11391459
0,0,0.17284694
0,0,0.14341424
0,1,0.53989816
0,0,0.34957883
0,1,0.7318751
0,1,0.5807332
1,0,0.33584896
0,0,0.030896371
0,0,0.070378095
1,0,0.06397916
0,0,0.20583344
0,1,0.5798587
0,0,0.30177596
0,1,0.5050019
0,0,0.09844638
0,0,0.1086903
0,0,0.04660788
1,0,0.2689543
0,0,0.15516002
0,0,0.031364795
0,0,0.09404704
0,0,0.3401299
0,0,0.14105758
0,0,0.09647154
0,0,0.18524237
0,0,0.031464282
0,0,0.04222941
0,1,0.53279024
0,0,0.058577124
0,0,0.057582743
0,0,0.49708638
0,0,0.25238854
1,1,0.70735466
0,0,0.15135363
0,0,0.047320668
0,1,0.67012
0,1,0.6136693
1,0,0.3528209
0,0,0.3450418
0,0,0.09782293
0,0,0.032419942
1,1,0.6338094
0,0,0.13625841
0,0,0.08969063
0,0,0.099030666
0,0,0.056859273
0,0,0.124181844
0,0,0.028702112
0,0,0.08268866
0,1,0.70143604
0,0,0.20249511
0,0,0.06874947
0,0,0.2761744
0,0,0.40551263
0,0,0.031967293
1,0,0.31519926
0,0,0.25928867
0,1,0.5936673
0,1,0.61066717
0,0,0.08558584
1,1,0.61538184
0,0,0.029687718
0,0,0.119566806
0,1,0.62542194
1,0,0.3491675
1,1,0.72049487
0,1,0.5529072
0,0,0.054138914
0,0,0.028008008
0,0,0.1948688
0,0,0.15405914
0,0,0.09685985
0,0,0.3033216
0,0,0.064484596
0,1,0.70820826
0,0,0.30020344
0,0,0.21544358
0,1,0.5214967
0,0,0.068329416
0,0,0.056956984
0,0,0.10126127
0,1,0.62889236
0,0,0.43448344
0,0,0.3150456
0,0,0.04886054
0,0,0.119121686
0,0,0.46001524
0,0,0.038153917
0,0,0.13932452
0,0,0.3573914
0,0,0.100150704
0,0,0.08993188
0,0,0.36584917
0,1,0.554041
0,0,0.34403738
0,0,0.25733134
0,0,0.027737437
1,1,0.6042968
0,0,0.49433255
0,0,0.23907958
0,0,0.05438491
0,0,0.12105811
1,1,0.7059279
0,1,0.6066524
0,0,0.2242991
0,0,0.054459713
0,0,0.09685212
0,1,0.60041404
1,1,0.62764543
0,0,0.091523446
0,0,0.4620044
0,0,0.15765004
1,1,0.6684601
1,1,0.56714827
0,0,0.06797836
0,0,0.106814496
0,0,0.31085774
0,0,0.050149046
0,1,0.5286791
0,0,0.4393524
0,0,0.13977273
0,0,0.256211
0,0,0.4878197
0,1,0.5266868
0,0,0.13552181
0,0,0.15483598
0,1,0.63857216
0,0,0.080132216
0,1,0.63182044
1,0,0.42411962
0,0,0.058577124
0,0,0.07332922
0,0,0.12104975
0,0,0.029227797
0,0,0.10413868
0,0,0.058692366
0,0,0.1488585
0,0,0.11578055
0,0,0.12662399
0,1,0.6409861
0,0,0.43279055
0,0,0.2547404
1,0,0.35403743
0,0,0.20971599
1,0,0.3537883
0,0,0.4925519
1,1,0.8043357
0,0,0.028702112
0,0,0.058020934
0,0,0.26347488
0,1,0.5931103
0,0,0.07193679
0,0,0.28195697
0,0,0.06435952
0,0,0.3945213
0,0,0.055422887
0,0,0.30145726
0,0,0.053731125
1,0,0.33590737
0,1,0.7056784
0,0,0.08612561
0,0,0.053303912
0,0,0.070678
0,0,0.08457567
0,0,0.09676444
0,0,0.22485432
1,1,0.50403374
0,0,0.08004484
0,0,0.18527488
0,0,0.06390003
0,0,0.028702112
0,0,0.12017355
0,0,0.39248276
1,0,0.23562849
0,0,0.028702112
0,0,0.20560415
0,0,0.037089795
0,0,0.43479744
0,0,0.06725784
0,0,0.070700414
0,0,0.07243347
0,0,0.42195415
0,0,0.13782224
0,0,0.10563652
1,1,0.50432914
0,0,0.09578053
0,0,0.20517503
0,0,0.058191787
0,0,0.15851708
0,0,0.11083118
0,0,0.22023517
0,0,0.3021371
0,0,0.48975047
0,0,0.2316345
0,0,0.4781988
0,0,0.38635302
1,1,0.51200044
0,0,0.08292403
0,0,0.116930604
0,0,0.06854545
0,0,0.20618239
0,0,0.28923476
0,1,0.6010051
0,0,0.26599506
0,1,0.52646744
0,0,0.30636954
0,0,0.39413646
0,0,0.06128478
0,0,0.088749774
0,0,0.028502293
0,0,0.22635095
0,1,0.67152596
0,0,0.2526523
0,0,0.24084587
0,0,0.32944456
0,0,0.4168458
1,0,0.18199532
0,0,0.23837143
0,1,0.5250125
0,0,0.030400515
0,1,0.5748566
0,0,0.4922629
0,0,0.3058282
0,0,0.05568317
0,0,0.409447
0,0,0.028778043
1,1,0.7418766
0,0,0.033932175
0,0,0.06343467
0,0,0.35112372
0,1,0.59524363
0,0,0.08888569
0,0,0.4821127
1,1,0.5073999
0,1,0.5409741
0,0,0.15408637
0,0,0.05955921
0,0,0.24933305
0,0,0.2520274
0,0,0.081792906
0,0,0.09398194
0,0,0.09007168
0,0,0.09651554
1,0,0.3675003
0,0,0.06190471
0,0,0.06000678
0,1,0.5719238
0,1,0.6939884
0,0,0.083417796
0,0,0.3515187
0,0,0.08767765
0,0,0.055615094
0,0,0.07703314
0,0,0.03876991
0,0,0.19159515
0,1,0.6395043
0,0,0.04389045
0,0,0.12735444
0,0,0.19493124
0,0,0.4739393
0,0,0.05993067
0,0,0.034744762
0,0,0.37839434
0,1,0.5398229
0,0,0.07856906
0,0,0.21426801
0,0,0.028947866
0,0,0.25013807
0,1,0.5502191
0,0,0.084925905
0,0,0.09437033
0,1,0.7349663
1,1,0.7849301
1,0,0.1920668
0,0,0.27128327
0,0,0.33375734
0,0,0.09835107
0,0,0.30691764
0,0,0.086690545
0,0,0.1301259
0,0,0.24882405
0,0,0.11403704
0,0,0.07975441
0,0,0.028008008
0,0,0.050680354
0,0,0.45033306
0,0,0.044229962
0,0,0.06334808
0,0,0.08867576
0,1,0.65008867
0,0,0.07998829
0,0,0.054844096
0,0,0.101275705
0,0,0.09449551
1,0,0.47428197
0,0,0.3518811
0,0,0.47696903
0,0,0.46818066
0,0,0.057205517
0,1,0.6316318
0,0,0.08938072
0,0,0.058063246
0,0,0.40628776
0,1,0.5083164
0,0,0.042221617
0,0,0.107304804
0,0,0.059655037
0,0,0.49019814
0,0,0.2939137
0,0,0.0920439
0,0,0.059932258
0,0,0.28835586
0,0,0.38533214
0,1,0.5076205
0,0,0.39861292
0,0,0.18881324
0,0,0.25769746
0,0,0.21658668
0,0,0.06054006
0,0,0.39909455
0,0,0.20433402
0,0,0.28272787
0,0,0.23169643
1,1,0.7971374
0,0,0.082069226
0,0,0.038022287
1,0,0.37474164
1,1,0.6604698
1,0,0.16859543
0,0,0.07116616
0,0,0.094871484
0,0,0.21911764
0,0,0.07481167
0,0,0.0549832
0,0,0.13973884
0,1,0.5181785
0,0,0.2361604
0,0,0.49033195
0,0,0.280809
0,0,0.13415304
0,0,0.098775685
1,1,0.5015787
0,0,0.34882122
0,1,0.5940883
0,0,0.24129286
0,0,0.04320987
0,1,0.6247412
0,0,0.2885387
0,0,0.06377749
0,1,0.59145653
0,0,0.09201071
0,1,0.53050876
0,0,0.40028378
1,0,0.19991446
0,0,0.28309697
0,0,0.14654683
0,0,0.20296282
0,0,0.41464284
0,0,0.066895336
0,0,0.049753845
0,1,0.658402
0,0,0.07023525
0,0,0.057739664
0,0,0.23330237
0,0,0.15344487
0,0,0.3444764
0,0,0.047962297
0,0,0.060850773
0,0,0.056923978
0,0,0.49443173
0,0,0.11062056
0,0,0.031091703
0,0,0.3807292
0,1,0.5805196
0,0,0.4369972
0,0,0.3250339
0,0,0.039097052
0,0,0.058082845
0,0,0.14427608
0,0,0.44011852
0,0,0.36528093
0,0,0.25056604
0,0,0.034304433
0,0,0.29213092
1,1,0.72496915
0,0,0.13027032
1,1,0.6207484
0,0,0.0940093
0,0,0.05320196
0,0,0.3689909
1,1,0.7098264
0,0,0.14933321
1,1,0.73337764
0,0,0.1467169
0,1,0.5070376
0,0,0.29858568
0,0,0.21519043
0,0,0.06707975
0,0,0.20919825
0,0,0.30804482
0,0,0.08606442
0,0,0.07734851
0,0,0.24437541
0,0,0.06458367
0,0,0.26350814
0,0,0.028502293
0,0,0.16908786
0,0,0.32674888
0,0,0.2951792
0,1,0.535454
0,0,0.46706912
1,1,0.6252663
0,0,0.05836696
0,0,0.21187866
0,0,0.4046791
0,0,0.064384356
0,0,0.24543084
0,0,0.09512449
0,0,0.14598426
0,0,0.49517173
0,0,0.16497736
0,0,0.16279706
0,0,0.09963268
1,0,0.39898005
0,0,0.06613077
1,1,0.59130186
0,0,0.14321138
0,0,0.04954387
0,0,0.028702112
0,0,0.05515854
0,0,0.06322792
0,0,0.48131257
0,1,0.59816605
0,0,0.104195565
0,0,0.05805452
0,0,0.028008008
0,0,0.43938452
0,0,0.056129515
1,1,0.73865193
0,1,0.55529624
0,0,0.28383517
0,0,0.03751407
0,1,0.65915173
0,0,0.39413646
0,0,0.1119142
0,0,0.32096693
0,0,0.10406779
1,1,0.52741987
0,0,0.106875725
0,1,0.5381695
0,1,0.81020266
0,0,0.24652568
0,0,0.40369493
0,0,0.08852782
1,0,0.38349953
0,0,0.111479625
0,0,0.21675685
0,0,0.39918312
1,0,0.37442142
0,0,0.042630207
0,0,0.22942421
0,0,0.07819316
0,0,0.24302244
0,0,0.12505426
0,0,0.13611569
0,0,0.2536912
0,0,0.027975172
0,1,0.599547
0,0,0.064571805
0,0,0.2605171
0,0,0.15894964
0,0,0.11671152
0,0,0.19012095
0,0,0.23280056
0,0,0.18777929
0,0,0.36367244
0,0,0.028008008
0,1,0.5591046
0,0,0.31115618
0,0,0.06058865
0,0,0.055514466
0,0,0.07986495
0,0,0.28891066
0,1,0.530183
0,0,0.27901322
0,0,0.061481986
0,0,0.06527123
0,0,0.09358974
0,0,0.19223899
0,0,0.031867452
0,0,0.15996723
0,1,0.5192149
0,0,0.087082274
0,0,0.077681966
0,0,0.05814909
0,0,0.31893235
0,0,0.081792906
0,0,0.17049216
0,0,0.3267188
0,1,0.6781665
0,0,0.09577016
1,0,0.07290735
0,1,0.66432357
0,0,0.23070258
0,1,0.6733525
0,0,0.11233845
0,0,0.35151178
0,0,0.0802719
0,0,0.14122245
0,0,0.094107635
0,0,0.24570133
0,0,0.19513296
0,1,0.59406483
0,0,0.45387718
0,0,0.034381304
0,0,0.43814662
0,0,0.110174164
0,0,0.16782619
0,0,0.14350821
0,0,0.44306126
0,0,0.028141765
1,1,0.716795
0,0,0.06970043
0,0,0.35833782
0,1,0.61731446
0,0,0.28114936
0,0,0.43071714
0,0,0.33538067
0,0,0.03869802
1,1,0.74753803
0,1,0.5258542
0,0,0.19098903
0,0,0.08399267
0,0,0.45580015
0,0,0.23342782
0,0,0.120818496
0,1,0.68224967
0,1,0.5281392
0,0,0.18858635
0,0,0.468827
0,0,0.15127155
0,0,0.08653681
0,1,0.56463504
0,0,0.29568744
0,1,0.5842612
0,1,0.55028224
0,0,0.3301005
0,0,0.21996707
0,0,0.28617218
0,1,0.59749526
0,0,0.037102748
0,0,0.054941908
0,0,0.08421987
1,1,0.5248962
0,0,0.05892127
0,0,0.08556827
0,0,0.07314495
0,0,0.041751213
0,0,0.352074
0,0,0.05834313
0,0,0.2686553
0,1,0.67264265
0,0,0.058404405
0,0,0.118511364
0,0,0.028008008
0,1,0.5998734
0,0,0.27072856
0,0,0.042407025
0,0,0.48025692
0,0,0.06267738
0,0,0.091245204
0,0,0.1741732
0,0,0.0797894
1,1,0.7974513
1,0,0.49523002
0,0,0.43692926
0,0,0.26390207
0,0,0.29190412
1,1,0.7734136
1,1,0.5446608
1,0,0.3916701
0,0,0.085879736
1,0,0.06842961
0,0,0.47849846
0,0,0.09608468
0,0,0.36938944
0,0,0.059655037
0,1,0.60842144
0,0,0.4765111
0,0,0.11147178
0,0,0.056250256
0,1,0.70872366
0,0,0.0337174
0,1,0.51654696
0,0,0.36108375
0,0,0.06022584
0,0,0.17254682
0,1,0.5331099
0,0,0.067538016
0,0,0.27015284
0,0,0.041751213
0,1,0.59646523
0,0,0.44907308
1,1,0.72371894
0,0,0.030544207
0,0,0.083183564
0,0,0.040177852
0,0,0.054527782
0,1,0.5614811
0,0,0.15577863
0,0,0.028702112
0,0,0.44105688
1,1,0.7330056
0,0,0.07416938
0,0,0.041784905
0,0,0.078550994
0,0,0.28018904
0,0,0.49539506
0,0,0.30870324
1,1,0.58908063
0,0,0.30602375
0,0,0.37312824
0,0,0.47520792
0,0,0.2150033
0,0,0.35261947
0,0,0.059009876
0,1,0.7271897
0,0,0.028502293
0,1,0.71324766
1,1,0.70233864
0,1,0.6076235
0,0,0.27542782
0,0,0.06605654
0,0,0.028008008
0,0,0.35596824
1,1,0.653991
0,0,0.31560555
0,0,0.06127964
0,0,0.21381912
0,0,0.4421109
0,0,0.06459708
0,0,0.05150516
0,0,0.060883686
1,1,0.6547096
1,1,0.7984997
1,0,0.3667877
0,0,0.25952473
0,1,0.6502345
0,0,0.065297626
0,0,0.028702112
0,0,0.11004722
0,0,0.053343892
0,0,0.40944105
0,0,0.299836
0,0,0.07284209
1,1,0.64753497
0,0,0.32885766
1,1,0.61864376
0,1,0.5970813
0,0,0.030043993
0,0,0.07808887
0,0,0.25164068
0,0,0.08733077
0,0,0.24803297
0,0,0.062177934
0,0,0.21615952
1,1,0.5571299
0,0,0.12863822
0,0,0.26106375
0,0,0.045189947
0,1,0.5779769
0,1,0.82554215
0,0,0.13553472
0,0,0.03291201
0,0,0.060616236
0,0,0.40369835
0,0,0.038740724
0,0,0.49794602
0,1,0.5921792
0,0,0.10564897
0,0,0.3722664
0,1,0.5105812
0,0,0.49873364
0,1,0.5608148
0,0,0.05886486
0,0,0.22936614
0,0,0.10407234
0,0,0.31756774
1,1,0.7029557
0,0,0.23173386
0,1,0.6013538
0,1,0.56849974
1,1,0.653123
0,1,0.5562289
1,1,0.6397178
0,0,0.1352847
0,0,0.44217667
1,0,0.28702033
0,0,0.089749366
0,0,0.22043394
0,0,0.4075463
0,0,0.089454815
0,0,0.05520232
0,0,0.30832088
0,0,0.426903
0,0,0.08478478
0,0,0.06531638
0,1,0.682
0,1,0.60536003
0,1,0.7300012
0,0,0.081012875
0,0,0.069750264
0,1,0.7233582
0,0,0.33225188
0,0,0.080806546
0,0,0.19559255
0,0,0.08896625
0,1,0.77594155
0,0,0.2582701
0,0,0.1092784
1,1,0.7863184
0,0,0.054941908
0,0,0.07154133
0,0,0.061369546
1,1,0.50812775
0,0,0.13694203
0,0,0.38001075
0,1,0.6385016
0,0,0.40889725
0,0,0.34215784
0,1,0.590341
0,0,0.038841162
0,0,0.053805787
0,0,0.25407413
0,0,0.08908138
0,0,0.03924161
0,0,0.10162688
0,0,0.25410852
0,0,0.37722164
0,0,0.07774679
0,1,0.735014
0,0,0.23446615
0,0,0.22175457
0,0,0.15618603
0,1,0.5358557
0,0,0.09131244
0,0,0.3866879
0,0,0.07098849
0,0,0.4729967
0,0,0.057762515
0,0,0.19327234
0,0,0.21161151
0,0,0.057419013
0,0,0.13123223
1,1,0.69180685
0,0,0.07703314
1,0,0.4334838
0,0,0.04346994
0,0,0.031364795
0,0,0.35057637
0,0,0.34850937
0,0,0.048029937
0,0,0.45613712
0,0,0.47426802
0,0,0.042630207
0,1,0.7951133
0,1,0.638866
0,1,0.5373025
0,0,0.44326314
0,0,0.26013172
0,0,0.05665519
1,0,0.042353243
0,0,0.34515363
0,0,0.028835926
0,0,0.058609467
0,0,0.2870305
0,1,0.5821124
0,0,0.032584455
1,1,0.51778495
0,0,0.11558958
0,0,0.059000008
0,0,0.05735838
0,1,0.5141486
1,1,0.7112427
1,1,0.7571105
0,1,0.7983782
0,0,0.47216606
0,0,0.12180388
0,0,0.055735994
0,0,0.058570463
0,0,0.3499514
0,0,0.35253286
0,0,0.3930855
0,0,0.06000678
0,0,0.08038827
0,0,0.094642594
0,0,0.042956863
0,0,0.14526121
0,0,0.07012585
0,0,0.12933153
0,1,0.5805469
0,0,0.12241279
0,0,0.16067131
0,1,0.6470779
0,0,0.07981071
0,0,0.27772596
0,0,0.056626946
0,0,0.2120612
0,0,0.032519903
1,1,0.58516794
0,0,0.04861001
0,0,0.057302058
0,0,0.08620856
0,0,0.042630207
0,0,0.11624779
0,0,0.47944218
0,0,0.08049831
0,0,0.028502293
1,1,0.69549197
0,0,0.3440223
0,0,0.028702112
0,0,0.035411324
0,0,0.47461867
0,0,0.23258615
0,0,0.17065184
0,1,0.6810914
0,0,0.082820065
0,0,0.081940584
0,0,0.249893
0,1,0.81595504
0,0,0.35527116
0,0,0.16495076
0,1,0.7584061
0,0,0.035033
0,0,0.27324066
0,0,0.05051834
0,0,0.07970751
0,0,0.078679465
0,0,0.030285323
0,0,0.027587168
0,0,0.14212945
0,0,0.09566957
1,1,0.61538684
0,0,0.25922525
0,0,0.11132919
0,0,0.038707174
0,0,0.028947866
1,0,0.29686663
0,0,0.06104779
0,0,0.059502937
0,0,0.09319402
0,0,0.083720595
1,1,0.51430774
0,0,0.25556338
0,0,0.09007168
0,0,0.08042164
0,0,0.079257235
1,0,0.3684875
0,1,0.5323607
0,0,0.20539469
0,0,0.35596198
0,0,0.27698553
0,0,0.060619052
0,0,0.08721756
0,0,0.19725086
0,0,0.054383073
0,1,0.737656
0,0,0.046883937
0,0,0.48548007
0,1,0.6966433
0,0,0.068536334
0,0,0.39413646
0,0,0.061704665
0,1,0.6070691
0,1,0.5271232
0,1,0.6349814
0,0,0.055808127
0,0,0.0802719
0,0,0.22842991
0,0,0.058990993
0,0,0.09961003
0,0,0.056929108
0,1,0.7263941
0,0,0.40887177
0,0,0.07064137
0,1,0.6207036
0,0,0.1863824
0,0,0.0708239
0,0,0.07166673
0,0,0.06823315
0,0,0.10151481
0,0,0.15545633
0,0,0.028947866
0,0,0.25543004
0,1,0.5725843
1,1,0.6382225
0,0,0.058940366
0,0,0.034201007
0,0,0.16362873
0,0,0.34862947
1,0,0.432236
0,0,0.12032769
0,1,0.5798587
0,0,0.050149046
0,0,0.1269348
0,0,0.1258996
0,1,0.62292755
0,1,0.5196535
0,0,0.14653112
0,0,0.4026679
0,0,0.07043095
0,0,0.053215254
0,0,0.34710228
0,0,0.13871673
0,0,0.36638016
0,0,0.042809434
0,0,0.26726452
0,0,0.06855574
1,1,0.6116682
0,1,0.7259613
0,0,0.36769047
0,0,0.28618312
0,0,0.47063667
0,0,0.27547285
0,0,0.26058352
0,0,0.29081357
1,1,0.59913504
0,0,0.15588668
0,0,0.042630207
0,0,0.028702112
1,1,0.50162077
0,1,0.60433304
0,0,0.05736815
0,0,0.14989218
0,0,0.067277685
0,0,0.48521805
1,0,0.34529173
0,0,0.2290242
0,0,0.058590643
0,0,0.10978174
0,0,0.037325766
0,0,0.17109424
0,0,0.08815993
0,0,0.26821434
0,0,0.34054333
0,1,0.5713412
0,0,0.12431743
0,0,0.07831922
0,0,0.031193163
0,1,0.54255176
0,0,0.03822135
0,0,0.24598546
0,1,0.58621
0,0,0.38971382
0,0,0.028008008
1,1,0.5168112
0,0,0.056873634
0,0,0.08229245
0,0,0.06867563
0,0,0.32928276
0,0,0.044328276
0,0,0.028702112
0,0,0.028502293
0,0,0.35231316
0,0,0.26169708
0,0,0.07825455
0,0,0.39135262
0,0,0.06546622
0,0,0.23991685
0,0,0.30715165
0,1,0.76714987
0,0,0.38206995
0,0,0.05737352
0,0,0.22936976
0,1,0.568502
0,0,0.053813104
0,0,0.41070923
0,1,0.5689887
0,0,0.17153801
1,0,0.49014792
0,0,0.0853443
0,0,0.20642994
0,0,0.16088772
0,0,0.33610177
0,0,0.37936527
0,0,0.087032355
0,0,0.46302894
0,0,0.37976617
0,0,0.056129515
0,0,0.03627191
1,1,0.6464786
0,0,0.028502293
0,0,0.26043424
1,1,0.6147683
0,0,0.33093086
1,1,0.5961345
0,0,0.07352445
0,1,0.52732813
0,0,0.29105467
0,0,0.079873525
0,0,0.028401755
0,0,0.25117892
0,0,0.10626299
1,1,0.8099221
0,0,0.1331449
0,0,0.07418877
0,0,0.092186786
0,0,0.058196038
0,0,0.26518217
0,0,0.0450582
1,1,0.5501101
0,0,0.20957784
1,0,0.15147252
0,0,0.06328941
0,0,0.05251398
0,0,0.25082284
0,0,0.43658987
0,0,0.19560927
0,0,0.28129834
0,0,0.08665035
0,0,0.46284744
0,0,0.06692654
0,0,0.05131575
0,1,0.51582533
0,1,0.5381223
0,1,0.5712377
0,1,0.5608665
0,0,0.29352048
0,1,0.61916614
0,0,0.055260655
0,1,0.5752934
0,0,0.24541137
0,0,0.18836541
0,0,0.27067518
0,1,0.5158808
0,0,0.056245726
0,0,0.39731178
0,0,0.36359394
0,0,0.06053834
0,0,0.04685848
0,0,0.49892372
0,0,0.13019878
0,0,0.042830717
0,0,0.044256438
0,0,0.31794313
0,0,0.27566436
0,0,0.19301033
0,0,0.06427316
0,0,0.03924161
0,0,0.36234486
0,0,0.21210752
0,0,0.3987038
0,1,0.56834054
0,0,0.027737437
0,0,0.13818869
0,0,0.09616956
1,1,0.5655028
0,0,0.06740952
0,0,0.07872171
0,0,0.05515632
0,0,0.08005566
0,1,0.7430409
0,0,0.18041635
0,0,0.21026911
0,0,0.2559117
0,0,0.15294208
0,0,0.059766114
0,0,0.49454448
0,0,0.10336011
0,0,0.036098953
0,0,0.3435893
0,0,0.3269804
1,1,0.6026567
0,0,0.13858657
0,0,0.36332476
0,0,0.0641333
0,0,0.14552024
0,1,0.6301814
0,0,0.054546427
0,1,0.5260724
0,1,0.6674425
0,0,0.05568317
1,1,0.6808548
0,0,0.30863348
0,0,0.05670331
0,0,0.15016712
0,0,0.4986639
0,0,0.14424197
0,0,0.4607567
0,0,0.09434209
0,1,0.62587446
0,0,0.080255866
0,0,0.028947866
0,0,0.21437415
1,1,0.54211026
0,0,0.21826982
0,1,0.57161057
0,1,0.651255
0,0,0.07796886
0,0,0.28457573
0,0,0.21683712
0,0,0.32662827
0,0,0.08125466
0,1,0.67282367
0,0,0.38283446
0,0,0.043365642
0,1,0.5666261
1,1,0.64526165
0,0,0.057723854
1,0,0.4711999
0,1,0.6339008
1,1,0.7367843
0,0,0.0647477
0,0,0.06305531
0,0,0.07747721
0,1,0.5595902
0,0,0.3452278
0,0,0.081741944
0,0,0.37019265
0,1,0.71965855
0,0,0.15656391
1,1,0.6087745
0,0,0.034330476
0,0,0.028702112
0,0,0.235387
0,0,0.05836696
0,0,0.054368116
1,0,0.32695517
1,0,0.23003906
0,0,0.21147014
0,0,0.24619667
0,0,0.252796
0,0,0.06860361
0,1,0.57504666
1,1,0.54234344
0,0,0.3217818
0,0,0.27150375
0,0,0.41391197
0,0,0.3628315
0,0,0.12121986
0,0,0.031464282
0,0,0.07216785
0,0,0.090481296
0,0,0.07872171
0,0,0.28535357
0,0,0.0746145
0,0,0.47636756
0,0,0.27655455
0,0,0.40322304
0,0,0.14744665
0,1,0.522117
0,0,0.07312388
0,0,0.3525533
0,1,0.583771
0,1,0.5322868
0,1,0.689064
0,0,0.053669155
0,1,0.60225314
0,0,0.3414607
0,0,0.3096691
0,0,0.0952832
0,0,0.37864906
0,0,0.028502293
0,0,0.4554879
0,1,0.51193005
0,0,0.06374611
0,0,0.0689898
0,0,0.090559416
0,0,0.278846
0,1,0.71083575
1,0,0.23163012
0,0,0.43567643
0,0,0.30495596
0,0,0.23997521
0,0,0.447635
0,0,0.3478525
0,1,0.5556083
0,0,0.125178
0,0,0.49556258
0,0,0.07166638
0,0,0.15422116
0,0,0.18162356
0,0,0.39493033
0,0,0.2511382
0,0,0.33776742
0,1,0.51174706
1,0,0.4166788
0,0,0.4856542
0,0,0.26299354
0,0,0.068453655
0,0,0.09870064
0,1,0.565561
0,0,0.2105259
0,0,0.17981482
1,1,0.51972616
0,0,0.47249004
0,0,0.25840813
0,0,0.054824125
0,0,0.048820455
0,0,0.3739825
0,0,0.09743597
0,0,0.09254752
0,0,0.028702112
0,0,0.32984406
0,1,0.50099736
0,0,0.058509324
0,0,0.22817819
0,0,0.053763136
0,1,0.5990042
0,0,0.39909455
0,0,0.07260467
0,0,0.21309495
0,1,0.6142967
0,0,0.028008008
0,0,0.053995725
0,0,0.14982484
0,0,0.07623912
0,0,0.36493123
0,1,0.5863838
0,0,0.06758017
0,0,0.4602794
0,0,0.055471312
0,0,0.42073193
0,0,0.33280197
0,0,0.07154178
0,0,0.058226243
0,0,0.028502293
1,1,0.7300012
0,0,0.21194953
0,0,0.4992711
0,0,0.054860882
0,0,0.06466902
0,1,0.5180782
0,0,0.027975172
0,0,0.33633932
0,0,0.1470538
0,0,0.20688482
0,0,0.060811967
1,0,0.4493063
0,0,0.068017244
0,1,0.7394441
0,1,0.51138484
0,0,0.07388676
0,0,0.028502293
0,0,0.0432037
0,0,0.12594837
0,1,0.65017337
0,0,0.10972764
0,0,0.028502293
0,1,0.5781743
0,1,0.58116615
0,0,0.4319786
0,0,0.06288425
0,0,0.4508753
1,1,0.5392389
0,0,0.22111298
0,0,0.37503916
1,1,0.6735973
0,0,0.21140175
0,0,0.111861706
0,0,0.08751465
0,0,0.10896308
0,0,0.04659958
0,0,0.48929062
0,0,0.06553572
0,0,0.15752761
0,1,0.7517779
0,0,0.09498901
0,0,0.24249192
0,0,0.36284018
0,0,0.108141124
0,1,0.5175636
0,0,0.2645659
0,0,0.23799932
0,0,0.3346236
0,0,0.4238109
0,0,0.05889967
0,0,0.07665469
0,0,0.076002866
0,0,0.12796201
0,0,0.4846096
0,0,0.3693982
0,0,0.047609694
0,0,0.107250676
0,0,0.47067034
0,0,0.08351925
0,0,0.20009045
0,0,0.06984511
0,1,0.555395
0,0,0.33808792
0,0,0.44480383
0,1,0.7152308
0,0,0.038913302
0,1,0.7182577
0,0,0.027975172
0,0,0.22812316
1,1,0.64548045
0,0,0.47362974
0,1,0.6889037
0,0,0.042956863
0,1,0.5888665
0,0,0.07661744
0,0,0.053888455
0,0,0.23053926
0,1,0.5159557
0,0,0.20438653
0,0,0.35846493
0,0,0.25016996
0,0,0.36513567
0,0,0.12772223
0,0,0.3402525
0,0,0.33517322
0,0,0.061702073
0,0,0.054546427
0,0,0.03491175
0,0,0.079873525
0,0,0.080416285
0,0,0.31320432
0,0,0.09941496
0,0,0.17772944
0,0,0.03869802
0,0,0.15741126
0,0,0.23963946
0,1,0.52801913
0,0,0.47066617
0,0,0.47367692
0,0,0.46415684
0,0,0.22767374
0,0,0.47215733
0,1,0.5258202
0,0,0.028160505
1,1,0.6390664
0,0,0.05426825
0,0,0.028702112
0,0,0.19031435
1,0,0.46354526
0,0,0.05772251
0,0,0.14775136
0,0,0.29406875
0,0,0.06397916
0,0,0.3489013
0,0,0.39184693
0,0,0.049980868
0,0,0.0794072
0,0,0.05644401
0,0,0.44994166
0,0,0.091098584
0,0,0.0629647
0,0,0.34489432
0,0,0.087457836
0,0,0.49246487
0,0,0.39763498
0,0,0.07198267
0,0,0.28140855
0,0,0.4530658
0,0,0.41769263
0,0,0.089675926
0,0,0.3985777
0,0,0.052079182
0,0,0.46775177
0,0,0.10056875
0,0,0.07779494
0,1,0.5907475
0,0,0.04321115
0,0,0.06099901
0,0,0.28602207
0,1,0.6105799
0,0,0.36497453
1,0,0.40655947
0,0,0.08152966
0,0,0.27243668
1,0,0.39871782
0,1,0.54265743
0,0,0.07179082
0,1,0.65489453
0,0,0.06382198
0,0,0.25336424
0,0,0.32841304
0,0,0.13635057
0,0,0.24967444
0,1,0.67862284
0,1,0.5845222
0,0,0.18896638
0,0,0.033089343
0,1,0.556745
0,0,0.36385864
0,0,0.09659934
0,0,0.05946277
0,0,0.36257574
0,0,0.08128384
0,0,0.2945512
0,0,0.41533726
0,0,0.35873955
0,0,0.14443168
0,0,0.067675725
1,1,0.57502496
0,0,0.053813104
0,0,0.2669042
0,0,0.09178188
0,0,0.035682883
0,0,0.34838837
0,0,0.08521506
1,0,0.48849562
0,0,0.1333719
0,0,0.028008008
0,0,0.13254221
0,0,0.028401755
0,0,0.24330942
0,0,0.045041736
0,0,0.3402881
0,0,0.1468917
0,1,0.54489625
0,0,0.094238736
0,0,0.082653366
0,0,0.093713135
0,0,0.15691549
0,0,0.46395326
0,0,0.042956863
0,0,0.030285323
0,0,0.41885155
0,0,0.06092654
0,0,0.11366138
0,0,0.12304088
0,0,0.35176888
0,0,0.05418012
1,1,0.53022474
0,0,0.1628317
0,0,0.059404276
0,0,0.042956863
0,0,0.042809434
0,0,0.4841753
0,0,0.05256001
0,0,0.06738361
0,0,0.09427238
0,0,0.3573587
0,0,0.36200953
0,0,0.084635995
0,0,0.37189928
0,0,0.09325761
0,0,0.2875244
0,0,0.18888935
0,0,0.38749442
0,1,0.6020789
0,0,0.046145484
0,0,0.07088198
0,0,0.452345
0,0,0.070521876
0,0,0.04595977
0,0,0.1453528
0,0,0.3175405
0,0,0.34708935
0,0,0.38393337
0,0,0.064818904
0,0,0.23046097
0,0,0.06000678
0,0,0.4719674
0,0,0.058377847
0,0,0.46854216
0,0,0.24523266
0,0,0.19848438
0,0,0.057085127
0,0,0.16898522
0,0,0.055640507
0,0,0.04350477
0,0,0.20166893
1,1,0.6853478
0,0,0.29193315
0,0,0.031364795
0,0,0.12642632
0,0,0.093877174
0,0,0.078994356
0,0,0.26379895
0,0,0.06700677
0,1,0.64628613
1,1,0.7184913
0,0,0.3250129
0,0,0.14594696
0,0,0.1502956
0,0,0.3835648
0,0,0.28074414
0,0,0.39693913
0,0,0.14043427
0,1,0.5160665
0,0,0.028008008
0,0,0.03593668
1,0,0.18024698
0,0,0.46592396
0,1,0.50424725
0,0,0.05020346
0,0,0.15490358
0,0,0.10249587
0,0,0.06088836
0,0,0.080648504
0,0,0.09215592
0,0,0.34431705
0,0,0.053589594
0,0,0.202397
0,0,0.21465328
0,0,0.34813285
0,0,0.35501125
1,1,0.71097505
0,0,0.12504949
0,0,0.3930855
0,0,0.08417515
1,0,0.29415855
0,0,0.092461884
0,1,0.58162624
0,0,0.2364735
0,0,0.028008008
0,1,0.5568698
0,1,0.5310391
0,0,0.20695361
0,0,0.19937253
0,1,0.50722003
0,0,0.09028967
0,1,0.508899
0,0,0.22687542
0,0,0.23061027
0,0,0.16783881
0,0,0.08652493
0,1,0.6637733
0,0,0.23018025
0,0,0.3665172
0,0,0.2170533
0,0,0.45854446
0,0,0.14143066
0,0,0.1699653
0,0,0.23711355
0,1,0.71192694
0,0,0.046171486
1,1,0.83522725
1,1,0.64486086
0,0,0.038541306
0,0,0.078656726
0,0,0.27436188
0,0,0.24444146
0,0,0.09598781
0,0,0.054687954
0,1,0.5446465
0,0,0.07735462
0,1,0.5115568
0,1,0.7041903
0,0,0.05670331
0,0,0.047134362
0,0,0.39181763
1,0,0.37909535
0,1,0.7202031
0,0,0.26140183
0,1,0.518223
0,0,0.03474764
0,0,0.15146941
0,0,0.10565202
0,0,0.29056802
0,0,0.09052504
0,0,0.033830162
0,0,0.45858303
0,0,0.10352057
0,0,0.032519903
0,0,0.25845385
0,0,0.07376938
0,0,0.041078415
0,0,0.042956863
0,0,0.44848055
0,0,0.04103178
0,0,0.12844235
0,0,0.06849215
0,0,0.05320196
0,0,0.109693035
0,0,0.24982768
0,0,0.05625267
0,0,0.35937068
1,0,0.28788564
0,0,0.058759198
0,1,0.50999665
0,1,0.6625156
0,1,0.6474086
0,0,0.121432066
0,0,0.064027674
0,0,0.40085304
0,0,0.23406523
0,0,0.080410585
0,1,0.53044015
0,1,0.6363992
0,0,0.25845945
0,0,0.20877379
1,0,0.40253454
0,0,0.14660257
0,0,0.08517361
0,0,0.33650887
0,0,0.48881608
0,0,0.060438596
0,0,0.09415603
0,0,0.06198211
0,0,0.0552365
0,0,0.033378262
0,0,0.07953891
0,0,0.4319423
0,0,0.21361426
1,0,0.26043424
0,1,0.6458483
0,0,0.3150456
0,0,0.028502293
0,0,0.085630715
1,1,0.6606231
0,0,0.05438491
0,0,0.037889376
0,0,0.2698257
0,0,0.23421633
0,0,0.053442404
0,0,0.109240495
0,0,0.031967293
0,0,0.15605117
0,0,0.08396609
0,0,0.17458902
0,0,0.028160505
0,0,0.04733984
0,0,0.056744594
1,1,0.71149766
0,0,0.36937454
0,0,0.08279649
0,0,0.049776502
0,0,0.40775102
0,0,0.14467254
0,0,0.19839847
0,1,0.501192
0,0,0.28498974
0,0,0.31484735
0,0,0.27412432
0,0,0.08247189
0,0,0.20371632
0,0,0.22800449
0,0,0.045496505
0,0,0.40718248
0,0,0.06668531
0,0,0.3198526
0,0,0.087529995
0,0,0.08788819
0,0,0.39170045
0,1,0.5311117
0,0,0.29408693
0,1,0.64346987
0,0,0.06444322
1,1,0.5864599
0,0,0.053378135
0,0,0.17005631
0,0,0.18836541
0,0,0.08458701
0,0,0.06435952
0,0,0.06515419
0,1,0.52613854
0,0,0.120280966
0,0,0.047488835
0,0,0.41349724
0,0,0.04353886
0,0,0.26321152
0,0,0.109779656
0,0,0.061982848
0,0,0.4733977
0,1,0.66304404
0,0,0.363588
0,0,0.37123755
0,0,0.102657765
1,1,0.6678658
0,0,0.051955767
0,1,0.57313174
0,0,0.031638637
0,0,0.057529196
0,0,0.26331687
0,0,0.06383752
0,1,0.6731292
0,0,0.38422155
0,1,0.54491043
0,0,0.13446175
1,0,0.2189524
0,0,0.17116246
1,1,0.6670821
0,0,0.39683855
0,0,0.4505625
0,0,0.08115474
0,0,0.37194622
0,0,0.34677196
0,0,0.31592354
0,0,0.13465993
0,1,0.5285217
0,0,0.28578034
0,0,0.03343255
0,1,0.5615942
0,0,0.15211245
0,0,0.17859304
0,0,0.08000458
0,1,0.5488193
0,0,0.0983253
1,1,0.6238633
0,1,0.5361343
0,0,0.2960676
0,0,0.48132318
0,1,0.6229466
1,0,0.3081217
0,0,0.099732764
0,0,0.0854989
1,0,0.19980994
0,0,0.059241034
0,0,0.045008842
0,0,0.105409026
0,0,0.05483784
0,0,0.33734554
0,1,0.60949856
0,0,0.13448903
1,1,0.5580559
0,0,0.08857239
0,0,0.3895746
0,0,0.18134642
0,0,0.2856335
0,0,0.13185467
0,0,0.24435663
0,0,0.06905143
0,0,0.31593123
0,0,0.028160505
0,0,0.26867548
1,1,0.6874675
0,0,0.27724966
0,1,0.5602076
0,0,0.27599463
0,0,0.25286087
0,0,0.31062666
0,0,0.47215733
0,0,0.057171803
0,0,0.47637558
0,0,0.39971265
0,0,0.20982651
0,0,0.063848495
0,1,0.63091403
1,1,0.8120542
0,0,0.3861456
0,1,0.51388824
0,0,0.058237016
1,1,0.71093386
0,0,0.044456452
0,0,0.09638799
0,0,0.3702662
0,0,0.13610247
0,0,0.26043424
0,1,0.65982145
0,0,0.44320273
0,1,0.51042956
1,1,0.63479966
0,0,0.21137664
0,0,0.028947866
0,0,0.32983842
0,0,0.056593295
0,0,0.11371376
0,0,0.21743748
0,1,0.5035656
0,0,0.15429804
0,1,0.61881155
0,0,0.08823632
0,0,0.07249533
0,0,0.1149339
0,0,0.25499856
0,0,0.06289224
0,0,0.10922151
0,0,0.061702073
0,1,0.5112126
0,0,0.3797087
0,0,0.09252712
0,0,0.09386397
0,0,0.27759957
0,0,0.20754507
0,1,0.6409505
0,1,0.66904926
1,0,0.3343675
0,1,0.5801804
0,0,0.07722964
0,0,0.21874589
0,0,0.083959125
0,1,0.6980219
0,0,0.4737793
0,0,0.19870958
0,0,0.04792404
0,0,0.13642429
0,0,0.028502293
0,1,0.5911467
0,1,0.60104024
0,0,0.32671136
0,0,0.25742468
0,1,0.5289689
0,1,0.61688757
0,1,0.52371943
0,0,0.064453885
0,0,0.05779134
0,0,0.058577124
0,0,0.12054685
0,0,0.3649321
0,0,0.468802
0,0,0.4042592
0,0,0.07831922
0,0,0.19520772
0,0,0.0915261
0,0,0.20224062
1,0,0.25882426
0,0,0.44722986
0,0,0.47998068
0,0,0.447957
1,0,0.11248768
0,0,0.47475824
0,0,0.20408507
0,0,0.14424679
0,0,0.29764578
1,1,0.68060184
0,0,0.20060116
0,0,0.16903192
0,0,0.43143535
0,0,0.06311138
0,0,0.14589745
0,0,0.2851378
0,0,0.3644907
0,0,0.04222941
0,1,0.634436
0,0,0.059879158
0,0,0.16659012
0,0,0.29410625
1,1,0.58849025
1,1,0.61504674
0,1,0.73643464
0,0,0.22627418
0,1,0.66444594
0,0,0.10597946
1,1,0.73898536
1,1,0.64078534
0,0,0.06000678
0,0,0.28311318
0,0,0.38725537
0,0,0.25671852
0,0,0.20091215
1,0,0.25416005
1,0,0.16604345
0,0,0.31805086
0,1,0.6283043
0,0,0.054139037
0,0,0.29297054
0,0,0.2548168
0,1,0.817484
1,1,0.58418083
0,0,0.25167027
0,0,0.09733483
0,0,0.054854155
0,0,0.08861706
0,0,0.301358
1,0,0.37262717
0,0,0.40665114
0,0,0.49601695
0,0,0.057884634
0,1,0.6771004
0,0,0.4710803
0,0,0.45312583
0,0,0.07879097
0,0,0.37947917
0,0,0.039868232
0,1,0.63784635
0,0,0.05687481
0,0,0.059329785
0,0,0.20234062
0,0,0.056529757
0,0,0.16118166
0,0,0.07927735
0,0,0.027737437
0,0,0.3883992
1,0,0.3828203
0,0,0.06397317
0,0,0.082000926
0,0,0.028160505
0,0,0.39433792
0,0,0.029714754
1,0,0.24905634
1,0,0.31168032
0,0,0.3383037
0,0,0.37637463
0,0,0.223808
0,0,0.052765273
0,0,0.32427412
0,0,0.043365642
0,0,0.2835581
1,1,0.7314242
0,0,0.45111883
0,0,0.09753454
0,0,0.05716922
0,0,0.05670331
0,0,0.2919027
0,0,0.08546831
0,0,0.3864668
0,0,0.03169188
0,0,0.030043993
0,0,0.08454876
0,0,0.30932635
0,0,0.09016113
0,0,0.06305763
1,1,0.6593929
0,0,0.45899191
0,0,0.25164068
0,0,0.12793402
0,0,0.19774772
0,0,0.115859784
0,0,0.039018005
0,0,0.14934675
0,0,0.062862694
0,0,0.057235744
0,0,0.04275295
1,1,0.7311855
0,0,0.06347359
0,0,0.17609397
0,1,0.5644187
0,1,0.5077713
0,1,0.5373582
0,0,0.06067238
0,1,0.59884727
1,0,0.17289081
0,0,0.087833986
0,0,0.20596871
0,0,0.107441485
0,0,0.44075492
0,0,0.17824608
0,0,0.32340953
0,0,0.46688965
0,0,0.053813104
0,0,0.2554379
0,0,0.060850773
0,1,0.65151554
0,0,0.2064041
0,0,0.0432037
0,0,0.47079846
0,1,0.5709711
0,0,0.07776227
0,1,0.6805431
0,0,0.24825971
0,1,0.6039847
0,0,0.05420201
0,0,0.16448611
0,0,0.235387
0,0,0.03251817
0,1,0.5420363
0,1,0.5945057
0,0,0.0566869
0,0,0.2591972
0,1,0.60488886
0,0,0.31396592
0,0,0.18670502
0,0,0.45165315
0,1,0.59786457
0,0,0.050680354
0,0,0.21704388
0,0,0.057302058
0,0,0.05438491
0,0,0.06361876
1,1,0.641772
1,1,0.6268039
0,1,0.6157002
1,0,0.37752146
0,1,0.6534728
0,0,0.05736694
0,0,0.07289677
1,1,0.75228316
1,1,0.64678097
1,0,0.386424
0,0,0.1391231
0,0,0.21601956
0,0,0.18777308
0,0,0.03169188
0,1,0.6966782
0,0,0.041488443
0,0,0.06830319
0,0,0.037143186
0,0,0.22026083
0,0,0.3918643
0,0,0.039241318
0,0,0.06551775
1,0,0.4895203
1,0,0.46073207
0,0,0.054422714
0,0,0.16623943
1,0,0.47821084
0,0,0.060044587
0,0,0.37306204
0,0,0.38095945
0,0,0.09013743
0,0,0.08347355
0,0,0.21994354
0,0,0.12890808
0,0,0.121640176
0,0,0.063886486
0,0,0.09091359
0,0,0.2086111
0,0,0.11767965
0,0,0.03479922
0,0,0.26143467
0,0,0.21318613
0,0,0.3671473
0,1,0.5946717
1,0,0.17981482
0,0,0.24937275
0,0,0.0432037
0,0,0.028160505
0,0,0.10897745
0,1,0.57814693
0,0,0.2751687
0,1,0.5015086
0,0,0.06518374
0,0,0.037187997
0,0,0.3415641
0,0,0.13786738
0,0,0.38395885
0,0,0.088139564
0,0,0.10530168
0,0,0.47718573
0,0,0.44858664
0,0,0.055640507
0,0,0.34292614
0,0,0.062202934
0,0,0.34606126
0,0,0.10085469
0,0,0.14906783
0,0,0.084277466
0,0,0.22927774
0,0,0.38762105
0,0,0.04582637
0,1,0.6683061
0,0,0.08821908
0,0,0.4300351
1,1,0.584986
0,0,0.0396609
0,0,0.28319302
0,0,0.21452424
0,0,0.25610873
0,0,0.0432037
0,0,0.08912693
1,0,0.3021226
0,0,0.11175813
0,0,0.06181283
0,0,0.0645246
0,0,0.080187134
0,0,0.10550072
0,0,0.037889376
0,0,0.23817919
0,0,0.43245608
0,0,0.28758866
0,0,0.10661693
0,0,0.25293815
0,0,0.10406779
0,0,0.1474526
0,0,0.054682814
0,0,0.33135557
0,0,0.063790634
1,1,0.534344
0,0,0.05517737
0,0,0.06597509
0,1,0.5712377
0,0,0.13136418
0,0,0.2731095
0,0,0.11575123
0,1,0.6478766
0,1,0.62870306
0,1,0.8333831
1,0,0.34781927
0,0,0.05380889
0,0,0.047241624
0,0,0.4574028
0,0,0.24222393
0,0,0.43527982
1,0,0.37273386
0,0,0.06562567
0,0,0.082703516
0,0,0.40745473
1,1,0.665494
0,0,0.07939818
0,0,0.054546427
0,0,0.4841905
0,1,0.6363142
0,0,0.082566425
0,0,0.11026197
0,0,0.040020954
0,1,0.63317484
0,0,0.20497222
0,0,0.091256514
0,0,0.054559797
0,0,0.098807104
0,0,0.10479166
0,1,0.6406756
0,0,0.16588394
0,0,0.10532477
0,0,0.36254317
0,0,0.057582743
0,0,0.054454874
0,1,0.68455476
0,0,0.101377696
0,0,0.25549978
0,0,0.14098011
0,0,0.39935136
0,0,0.307919
0,0,0.062862694
0,0,0.041662056
0,0,0.28503788
0,0,0.1415184
0,0,0.04353886
0,0,0.041174356
0,0,0.07980087
0,1,0.54708153
0,0,0.41643998
0,0,0.24215971
0,0,0.31474093
0,0,0.13439621
0,1,0.60301924
1,1,0.8182234
0,0,0.49388656
0,0,0.054223835
0,0,0.22751048
0,0,0.3222675
0,0,0.3236948
0,0,0.057205517
0,0,0.23633942
0,0,0.26119727
0,0,0.1491496
0,0,0.057723854
0,0,0.03869802
0,0,0.042809434
0,0,0.2696854
0,0,0.16208364
0,0,0.17214316
0,0,0.09040482
0,0,0.04585874
0,1,0.60269654
0,0,0.028947866
0,0,0.081799746
0,0,0.39912888
0,0,0.2270142
0,0,0.23336217
0,1,0.5034674
0,0,0.31258345
0,0,0.28392178
0,0,0.19562498
0,0,0.29130664
0,0,0.04036458
0,0,0.042630207
0,0,0.14253521
0,0,0.18396394
0,0,0.33626634
0,0,0.4688103
0,0,0.08265635
0,0,0.099345475
0,0,0.48726988
0,0,0.14920732
0,0,0.09638799
0,0,0.3629992
0,0,0.246918
0,1,0.62325406
0,0,0.38210607
0,0,0.098898984
0,0,0.13973884
0,0,0.03136596
0,0,0.25980276
0,0,0.056910884
0,0,0.20830266
0,0,0.057076145
0,0,0.056129515
0,0,0.05020346
0,0,0.24103156
0,0,0.1623369
0,1,0.5251872
0,0,0.3062226
0,0,0.091245204
0,1,0.604739
0,0,0.39528334
0,0,0.1018761
0,1,0.6952025
0,1,0.61748105
0,0,0.38181457
0,0,0.06178011
1,0,0.31235886
0,0,0.47852612
0,0,0.3270066
0,0,0.064284705
0,1,0.60180664
0,0,0.24670583
0,1,0.5775633
0,0,0.09531325
0,0,0.44717836
0,0,0.06366539
0,0,0.042956863
0,0,0.11574932
0,0,0.28049374
1,0,0.4253507
0,0,0.047134362
0,0,0.4700735
0,0,0.26347843
0,0,0.27023217
0,0,0.071254686
0,0,0.028160505
0,0,0.032596555
1,0,0.25359324
0,0,0.15149966
0,1,0.5617176
0,0,0.43468368
0,0,0.061242975
0,0,0.09143198
1,1,0.7452367
0,0,0.2356492
0,0,0.18873525
0,0,0.4184818
0,0,0.028502293
0,0,0.09349517
0,0,0.05380889
0,1,0.5619968
0,1,0.6270743
0,0,0.37751073
0,0,0.06623362
0,0,0.3865638
0,0,0.1480113
0,1,0.5214252
0,0,0.07879793
0,1,0.52222896
0,0,0.041377343
0,1,0.61026144
0,1,0.51991713
0,0,0.04036458
0,0,0.3322212
0,0,0.09294834
0,0,0.118349396
0,0,0.27599505
0,0,0.059572995
1,0,0.3005714
0,0,0.22162656
0,0,0.055471312
0,0,0.27580583
0,0,0.3695835
0,0,0.044623796
0,0,0.038707174
0,0,0.04939105
0,0,0.042956863
0,0,0.04847594
1,0,0.39614776
0,0,0.3796742
1,1,0.5314159
0,0,0.3499103
0,0,0.2169036
0,0,0.28191844
0,0,0.10590496
0,0,0.42996806
0,0,0.08523264
0,0,0.20734397
0,0,0.14649415
0,0,0.08129296
0,0,0.36396134
0,0,0.21355444
0,0,0.056859273
0,0,0.18320923
0,0,0.47674558
0,0,0.06477976
0,0,0.0972343
0,1,0.59977585
0,1,0.51405096
0,0,0.19252943
0,0,0.042630207
0,0,0.10497993
0,1,0.53201735
0,0,0.0677241
0,0,0.4992457
0,0,0.3940629
0,0,0.028502293
0,1,0.7013098
0,0,0.41990978
0,0,0.028502293
0,0,0.33922535
0,0,0.038545378
1,1,0.5971649
0,0,0.061891124
0,0,0.25813884
1,0,0.30031842
0,0,0.28723013
0,0,0.028502293
0,0,0.062862694
0,0,0.12026471
0,0,0.06385211
0,0,0.13686933
0,0,0.050883934
0,1,0.6737698
0,0,0.27318725
0,0,0.081510134
0,0,0.027737437
0,0,0.049748637
0,0,0.30326697
1,1,0.6419518
0,0,0.36205417
0,0,0.36129576
0,0,0.060199413
0,0,0.08712375
0,0,0.08151845
0,0,0.2967787
0,0,0.05020346
0,0,0.49888918
0,0,0.2701792
0,0,0.05805452
0,0,0.04103178
0,1,0.6583403
0,0,0.34430638
0,1,0.62374073
0,0,0.37521726
0,0,0.14410074
0,1,0.5112871
0,1,0.5195548
0,0,0.12591071
0,0,0.033089343
0,0,0.14513825
0,0,0.05670331
0,0,0.049989585
1,0,0.10081576
0,0,0.080410585
0,0,0.057783823
0,1,0.6993137
0,0,0.49227014
0,0,0.09175551
0,0,0.031967293
0,0,0.2701792
0,0,0.20726672
0,1,0.6135527
0,0,0.0876568
0,0,0.06405775
0,0,0.028502293
0,0,0.14848517
0,0,0.26150155
0,0,0.40873313
0,0,0.06698194
0,0,0.118491575
0,0,0.19281673
0,0,0.11024354
0,0,0.039097052
0,0,0.06321352
0,0,0.0381358
0,0,0.09536613
0,1,0.59249806
0,0,0.04638233
0,0,0.37017238
0,0,0.09595833
0,0,0.045890007
0,0,0.048976734
0,0,0.17537975
1,1,0.547838
0,0,0.058577124
0,1,0.6763978
0,0,0.052824445
0,0,0.1456823
1,0,0.3703608
0,0,0.31482127
0,0,0.34489185
0,0,0.028008008
0,1,0.64983106
1,1,0.5764564
0,0,0.10489448
0,1,0.7246399
0,0,0.0406228
0,0,0.08665699
0,0,0.031967293
0,0,0.08698675
0,0,0.4067566
0,1,0.51921284
0,0,0.059454598
0,0,0.041597813
0,1,0.5620187
0,0,0.40803134
1,0,0.32348013
0,0,0.042630207
1,0,0.11140645
0,1,0.638347
0,0,0.1340362
0,0,0.20333618
0,0,0.061398644
0,0,0.1382879
0,0,0.063167915
0,0,0.34020472
0,0,0.04780334
0,0,0.0603626
0,0,0.06801652
0,0,0.4953752
0,0,0.06754115
0,0,0.047493823
0,0,0.29697838
0,0,0.19978417
0,0,0.46690273
0,0,0.3549783
0,0,0.13261008
0,0,0.06689647
0,0,0.119959764
0,0,0.15712006
0,0,0.12999092
0,1,0.7410633
0,0,0.356148
0,0,0.028702112
1,0,0.46562526
0,0,0.15269811
0,0,0.033274166
0,0,0.09677409
0,0,0.38388392
1,0,0.29057598
0,0,0.058444608
0,0,0.09063398
0,1,0.674823
0,0,0.13792512
0,0,0.03869802
0,1,0.6646949
0,0,0.47503242
0,0,0.20830266
0,0,0.15090169
0,0,0.09233755
0,0,0.18026456
0,0,0.274722
0,0,0.054584965
0,0,0.06000678
1,1,0.6455906
0,0,0.05585615
0,0,0.042630207
0,0,0.084734
0,1,0.6270425
0,0,0.38940156
0,0,0.44799578
0,0,0.4283372
0,0,0.22518493
0,0,0.028947866
0,0,0.32174096
0,0,0.3048518
0,1,0.7126226
0,0,0.14245467
0,0,0.081286974
0,0,0.0930561
0,1,0.6821569
0,0,0.028160505
0,1,0.6669949
0,0,0.3957175
0,0,0.10447737
0,0,0.29209515
1,1,0.69912916
0,0,0.33329943
1,1,0.63258475
0,1,0.6229763
0,0,0.031967293
1,1,0.57913136
0,1,0.62828755
1,1,0.6798856
0,0,0.3667293
0,0,0.38123494
0,0,0.40163964
0,0,0.059870765
0,1,0.5060754
0,1,0.5315369
1,0,0.15100466
0,0,0.20633565
0,1,0.6881334
0,0,0.058554504
0,0,0.06419377
0,0,0.05716922
0,0,0.053890835
0,0,0.28590533
0,0,0.055913713
0,0,0.028947866
0,0,0.027737437
0,0,0.056325797
0,1,0.6980818
0,0,0.07448992
0,0,0.12004307
0,0,0.027737437
0,1,0.5185714
0,0,0.037746195
0,0,0.24745618
0,0,0.17170058
0,0,0.37004045
0,0,0.064098224
0,1,0.5874767
0,0,0.07577382
1,0,0.37952954
0,0,0.41715726
0,0,0.07486167
0,0,0.21518223
0,1,0.7024263
0,0,0.24273711
0,0,0.07216785
0,0,0.33378038
0,1,0.5129162
0,0,0.07649561
0,0,0.10966584
0,0,0.05627383
0,0,0.20955968
0,0,0.1566141
0,1,0.7311329
0,1,0.6669185
0,1,0.6054494
0,0,0.37918252
0,0,0.07640852
0,0,0.059386
0,0,0.4577715
0,0,0.22790183
0,0,0.056295913
0,0,0.40606785
0,1,0.72968453
0,0,0.036820218
0,0,0.3533297
0,0,0.2238716
0,0,0.055188157
0,0,0.34747565
0,0,0.058519386
0,1,0.7119782
0,0,0.04369577
0,0,0.07978648
0,1,0.5506108
0,1,0.5269474
0,0,0.46761718
0,0,0.088932835
0,0,0.21906234
0,0,0.058577124
0,0,0.057041228
0,0,0.20134693
0,0,0.4147383
0,0,0.28531545
0,0,0.31926996
0,0,0.25422525
0,0,0.13831863
0,0,0.04036458
0,0,0.07448992
0,0,0.26414195
0,0,0.06205768
0,1,0.56013733
0,0,0.069341585
0,0,0.107869536
0,0,0.04222941
0,0,0.056937777
0,0,0.29667157
1,0,0.25615358
0,0,0.09062799
0,0,0.15813942
0,0,0.27528766
0,0,0.089662105
0,0,0.34320322
0,0,0.028702112
0,0,0.04222941
0,0,0.4063375
0,0,0.053452283
1,0,0.31436852
0,1,0.70533675
0,1,0.542503
0,0,0.48520598
0,0,0.48424092
0,0,0.061317287
0,0,0.09907582
0,0,0.0767808
0,0,0.33231556
0,1,0.50339675
0,0,0.4061812
0,0,0.08771877
0,0,0.23825955
1,1,0.7099074
0,0,0.099079005
0,0,0.13941237
1,0,0.3466276
0,0,0.4167762
0,0,0.32990512
0,0,0.042956863
1,0,0.31042686
0,0,0.09595813
0,0,0.05670331
0,0,0.48450595
0,0,0.061453022
0,0,0.36356342
0,0,0.40048963
0,0,0.40944105
0,0,0.13457224
0,0,0.15199472
0,0,0.11128174
0,0,0.061199088
0,0,0.33966106
0,1,0.7966664
0,0,0.3625419
0,0,0.05702238
0,0,0.03179119
0,0,0.057061248
0,0,0.23794103
0,1,0.57875645
0,0,0.11290038
0,0,0.031967293
0,0,0.09154277
0,1,0.64568484
0,1,0.5922708
0,0,0.08688187
0,0,0.10330102
0,0,0.05960697
0,0,0.43768978
0,0,0.43331268
0,0,0.48107502
0,0,0.46736088
0,0,0.36572406
0,0,0.08131466
1,0,0.43356177
0,0,0.028008008
0,1,0.6243201
0,0,0.30046982
0,0,0.10881162
0,0,0.49208677
0,1,0.50329345
0,0,0.05892477
0,0,0.2782902
0,0,0.031638637
1,1,0.70951676
0,0,0.17329693
0,0,0.4855663
0,0,0.2693677
0,0,0.44497982
0,0,0.037749607
0,0,0.0810127
0,0,0.3042282
0,0,0.20931394
0,0,0.0432037
0,1,0.6854743
0,1,0.7094566
0,0,0.06748831
0,1,0.7947924
0,0,0.08052023
0,1,0.50934
0,0,0.14311051
0,0,0.47871035
0,0,0.1547293
0,1,0.69663894
0,0,0.26889893
0,0,0.2501374
0,0,0.028160505
0,0,0.27910605
0,1,0.575792
0,0,0.052197736
0,0,0.21274246
0,0,0.45607454
0,0,0.16917853
0,0,0.057144154
0,0,0.1546501
0,1,0.50647974
0,0,0.07991443
0,0,0.0558131
0,0,0.42396244
0,0,0.3010257
0,0,0.29444745
0,1,0.5696959
0,0,0.09020753
1,0,0.4922422
1,1,0.61075974
0,0,0.35241264
0,1,0.50305235
0,0,0.064956896
0,0,0.11895212
0,0,0.040766146
0,0,0.05408723
0,0,0.07402728
0,0,0.121492356
0,0,0.2338604
0,0,0.06383325
0,0,0.03167328
0,0,0.44935036
0,0,0.12277205
0,0,0.24329372
0,0,0.06503038
1,1,0.62164056
0,1,0.6160623
1,0,0.4723258
0,0,0.2600748
0,1,0.6377162
0,0,0.38844448
1,1,0.74479955
0,0,0.10256174
0,1,0.5087908
0,0,0.33599728
0,0,0.40856987
0,0,0.18256153
0,0,0.4370071
0,0,0.12141712
0,0,0.102595784
0,0,0.13467814
0,0,0.031077398
1,1,0.58227205
0,0,0.028502293
1,1,0.7577073
0,0,0.36001953
0,0,0.42195415
0,0,0.12759526
1,0,0.37189928
0,0,0.12070372
0,1,0.5676406
1,1,0.6992027
0,0,0.05251398
0,0,0.20622137
0,0,0.05342187
0,0,0.4247136
0,1,0.6188975
0,0,0.16124812
0,0,0.118078284
0,0,0.21823719
0,0,0.21049868
0,0,0.09796555
0,0,0.0611434
0,1,0.56573766
1,0,0.14443839
0,0,0.2850428
0,0,0.089998506
0,0,0.0843445
0,0,0.091523446
0,0,0.33244175
0,0,0.14746854
0,0,0.083690114
0,0,0.087264374
0,0,0.07939818
0,0,0.040518884
0,0,0.2988128
0,0,0.3419922
0,0,0.075419985
0,1,0.5435993
0,0,0.26371396
0,0,0.18259262
0,0,0.18454981
0,0,0.26699322
0,0,0.109657414
1,0,0.27298206
1,1,0.73438203
0,0,0.46131986
0,1,0.5263139
0,1,0.588054
0,0,0.0935227
0,1,0.5198715
0,0,0.3722664
0,1,0.5804825
0,0,0.2457601
0,0,0.036054812
0,0,0.1458984
0,1,0.7262606
0,0,0.028502293
0,0,0.2388466
0,1,0.5596134
0,1,0.6819911
1,1,0.5824616
0,0,0.256749
0,0,0.07229064
0,0,0.28175217
0,0,0.0432037
0,0,0.028502293
0,0,0.056745842
0,0,0.078055464
0,0,0.26141226
0,0,0.39798725
0,0,0.06594185
0,0,0.24352872
0,0,0.09992312
0,0,0.0869293
0,0,0.1937938
0,0,0.32220867
0,0,0.41636488
0,0,0.404758
0,0,0.09158254
0,0,0.20956531
0,0,0.044303488
0,0,0.086485855
0,0,0.27156314
0,0,0.031638637
0,0,0.46055582
0,1,0.51219904
0,0,0.07765612
0,0,0.059555218
0,0,0.091129564
0,0,0.24007906
0,0,0.27759406
0,0,0.40944105
0,0,0.21399023
0,0,0.06440189
0,0,0.33210066
0,0,0.48181215
0,0,0.060353123
0,0,0.4318331
0,0,0.26740524
0,1,0.6055718
0,1,0.6865991
0,0,0.038048528
0,0,0.49279228
0,0,0.37412572
0,0,0.049753845
0,0,0.0487689
0,0,0.028160505
0,0,0.119304
0,0,0.12858556
0,0,0.06379653
0,0,0.28316918
0,0,0.059035752
0,0,0.15515493
0,0,0.15432718
0,0,0.028702112
0,0,0.23358344
0,0,0.028160505
0,0,0.05438491
0,0,0.0432037
0,0,0.20976505
0,0,0.09137689
0,0,0.33960095
0,0,0.08655629
0,0,0.06449979
1,1,0.6094194
0,0,0.1650968
0,0,0.08229421
0,0,0.44936985
0,1,0.6892615
0,0,0.03808041
0,1,0.50581205
0,0,0.062862694
0,0,0.08434714
0,0,0.04003342
0,0,0.46496674
0,0,0.09475266
0,0,0.40723756
0,0,0.061338253
0,0,0.4113996
0,0,0.16718712
0,0,0.2456569
0,0,0.10148796
0,0,0.22114508
0,0,0.46282992
0,0,0.27059087
0,0,0.034905847
0,0,0.28134057
1,1,0.8176412
0,0,0.23011549
1,0,0.47116816
0,0,0.4387483
0,0,0.038022287
0,0,0.028401755
1,0,0.49287522
0,0,0.028008008
1,1,0.5069314
0,0,0.0603626
0,0,0.09652629
1,0,0.30062723
0,0,0.0432037
0,0,0.3181813
0,0,0.18418285
0,0,0.0432037
0,1,0.66095006
0,0,0.15039541
0,0,0.44020674
0,0,0.45953482
0,1,0.67910635
1,0,0.21520104
0,0,0.25751626
0,0,0.06565611
0,0,0.12387834
0,0,0.20425698
1,1,0.6212199
0,0,0.054422714
0,0,0.19438517
0,0,0.2904844
1,1,0.771045
0,0,0.39012927
0,0,0.12977162
1,0,0.1852804
0,0,0.4272266
0,0,0.46416238
0,0,0.06977377
0,0,0.40905544
1,1,0.6730785
0,1,0.6941533
0,0,0.48215878
0,0,0.15950444
0,1,0.5372044
0,1,0.5884405
0,0,0.06215179
0,0,0.14655262
0,0,0.25580737
1,0,0.4881412
0,0,0.13038057
0,0,0.22213838
0,0,0.3771478
0,0,0.07893093
1,1,0.68617576
0,0,0.099032365
0,0,0.0386015
0,0,0.12275498
0,1,0.69840986
0,0,0.49110422
0,0,0.15105449
0,1,0.5612257
0,1,0.59011114
0,1,0.5842164
0,1,0.68796885
0,0,0.070601225
0,1,0.5060754
0,0,0.2077175
0,0,0.39887628
1,0,0.36414856
0,0,0.13229242
0,0,0.06343434
0,0,0.09487167
0,0,0.22956997
0,0,0.028008008
0,0,0.12866455
0,0,0.35177466
0,0,0.032031797
0,1,0.5630813
0,1,0.6992522
0,1,0.80615956
0,0,0.049960565
0,0,0.45417005
1,0,0.43134114
1,1,0.55690145
0,1,0.58161443
0,0,0.059658803
0,0,0.17003849
0,0,0.14816102
0,0,0.112869106
0,0,0.07702373
1,1,0.8146716
0,0,0.10315824
0,0,0.09575001
0,1,0.51490164
0,0,0.05723317
0,0,0.09332904
0,0,0.40948746
1,0,0.33562708
0,0,0.041004475
0,0,0.09098431
0,0,0.053205773
0,0,0.18529302
1,1,0.5788657
0,0,0.049865928
0,0,0.38631943
0,0,0.028702112
0,0,0.030043993
0,0,0.091767296
0,0,0.028502293
0,1,0.5719626
0,1,0.5693337
0,0,0.03136596
0,0,0.17448208
0,0,0.02863834
0,0,0.042630207
1,0,0.4938316
0,1,0.58153874
0,1,0.6109654
0,0,0.26910838
0,0,0.0995683
0,1,0.65949994
0,0,0.2533838
0,0,0.085548945
0,0,0.085057
0,0,0.11105459
0,0,0.06274905
0,0,0.08116137
1,0,0.38575685
0,0,0.13635965
1,0,0.16974837
1,1,0.6085545
0,0,0.06631226
0,1,0.50179636
0,0,0.109174855
0,0,0.15435243
0,0,0.10733701
0,0,0.24329163
0,0,0.13470407
1,1,0.70814717
0,0,0.082566425
0,0,0.06774407
0,0,0.23054437
0,1,0.5966097
1,0,0.38805422
0,0,0.038707174
0,1,0.5118836
0,0,0.07699475
0,1,0.51332724
0,0,0.03410886
0,0,0.063371055
0,0,0.14084518
0,0,0.047435522
0,1,0.64169526
0,0,0.064286985
0,0,0.05644401
0,0,0.3244815
0,0,0.08823526
0,1,0.535974
0,0,0.14867038
0,0,0.2479433
0,0,0.080249146
0,1,0.5545222
1,0,0.45856327
0,0,0.037749607
0,0,0.12442751
0,0,0.15631539
1,1,0.72941965
0,0,0.059468113
0,0,0.09195117
0,0,0.054162968
0,1,0.7706268
0,0,0.09840385
0,0,0.13214475
0,1,0.52424324
0,0,0.1473576
0,0,0.31311283
0,0,0.2854141
0,0,0.09969626
0,0,0.36188024
0,0,0.21459454
0,0,0.4462428
0,0,0.055554643
0,0,0.43734393
0,0,0.48527032
0,0,0.2597427
0,1,0.5539394
0,0,0.25423163
0,1,0.50049925
0,1,0.6484334
0,0,0.09793819
0,0,0.053818468
0,1,0.6021509
0,0,0.06907373
1,0,0.3886243
0,0,0.104055695
0,0,0.053303912
0,0,0.07116616
1,1,0.7642594
1,0,0.15643704
0,1,0.501219
0,0,0.045208644
0,0,0.059297543
0,0,0.079918966
0,0,0.1327338
0,0,0.3930855
0,0,0.07327397
0,0,0.17717585
0,1,0.7166429
0,0,0.35358918
0,0,0.37835473
0,0,0.1146918
0,0,0.06149527
0,0,0.12331004
0,0,0.068234175
0,0,0.35924467
1,1,0.73452336
0,0,0.31006104
0,0,0.12313076
1,1,0.5118568
0,0,0.049277026
0,0,0.15062854
0,0,0.06800853
1,1,0.7873081
0,1,0.6010837
0,0,0.0396609
0,0,0.130438
0,0,0.060095467
0,0,0.4813198
1,1,0.5420636
0,1,0.59769523
0,0,0.04817876
0,0,0.05782747
0,0,0.06000678
0,0,0.059669625
0,0,0.08993188
0,0,0.10121103
0,0,0.31494343
0,0,0.17425925
1,0,0.25814003
0,0,0.49815834
0,0,0.08101679
0,0,0.05619023
0,0,0.08077381
0,1,0.5766452
0,0,0.43115294
0,0,0.3044417
0,0,0.05728568
0,0,0.07062874
0,0,0.39137605
0,0,0.067330636
0,0,0.21337536
1,0,0.30734032
0,0,0.05709215
0,0,0.028502293
0,0,0.3831186
0,0,0.081726946
0,0,0.48639277
1,1,0.5978373
0,0,0.20276766
0,1,0.7160484
0,0,0.22311068
0,0,0.040930573
0,0,0.053813104
0,0,0.10386184
0,0,0.056859273
0,0,0.13100843
0,0,0.33941236
0,0,0.24103422
0,0,0.16964859
0,0,0.028702112
0,0,0.24686794
0,0,0.43917605
0,0,0.25208172
0,0,0.05420201
0,0,0.47984636
0,0,0.15059438
0,0,0.059609458
0,1,0.5978642
1,1,0.6821004
0,0,0.16517577
0,0,0.4961256
0,1,0.6363956
0,0,0.17951292
1,0,0.3801475
0,0,0.3652549
0,0,0.07648101
0,0,0.40781868
0,0,0.2751611
0,0,0.16253915
0,0,0.08260145
0,0,0.31425127
0,0,0.100177996
0,1,0.59890944
1,1,0.5435506
0,0,0.057479482
0,1,0.50681674
0,0,0.053385414
0,0,0.2386438
0,1,0.5270787
1,0,0.34997803
0,0,0.122110836
0,0,0.3159807
0,0,0.39073777
0,0,0.064024106
0,0,0.042956863
0,0,0.040408477
0,0,0.07071936
0,0,0.21497129
0,0,0.10863277
0,0,0.22949456
0,0,0.055188157
0,0,0.086194396
0,0,0.48078325
0,0,0.043423597
0,0,0.16157392
0,0,0.48216337
0,0,0.157684
0,0,0.31258103
1,0,0.14276
0,0,0.12930496
0,0,0.45513225
0,0,0.04792404
0,0,0.08633092
0,0,0.057716288
0,0,0.037749607
0,0,0.08868589
0,0,0.2542443
0,0,0.32929856
0,0,0.05388121
0,0,0.14093414
0,1,0.5803401
0,0,0.05438177
0,0,0.09430775
0,0,0.20386921
0,0,0.48826185
0,0,0.40163964
0,0,0.13721935
0,0,0.38037473
0,0,0.057605304
0,1,0.66680574
0,1,0.54730403
0,0,0.09016113
0,0,0.091260925
0,0,0.04654715
0,0,0.046878744
1,0,0.4120728
0,1,0.53787166
0,0,0.21561886
0,0,0.12573662
0,0,0.084481895
0,0,0.091250956
0,0,0.4934919
0,0,0.29316598
0,0,0.1391164
0,0,0.12240051
0,0,0.33607784
0,0,0.3678626
0,0,0.028160505
0,0,0.06645141
0,0,0.30539814
0,0,0.0927113
0,0,0.09348759
0,0,0.4973492
0,0,0.33174282
0,0,0.0846837
0,0,0.044987466
1,1,0.52860576
0,0,0.11237822
0,0,0.107232496
0,1,0.5965582
1,1,0.6421252
0,1,0.6314783
0,0,0.24815506
0,0,0.24261674
0,0,0.3356007
0,0,0.07603115
0,1,0.58180714
0,0,0.44386667
0,1,0.57989806
0,0,0.4833446
0,1,0.68263286
0,0,0.17573531
0,0,0.028537337
0,0,0.036108073
0,0,0.031364795
0,0,0.060145803
0,0,0.056593295
0,0,0.45837232
0,0,0.028702112
0,0,0.12306834
0,0,0.21553275
0,0,0.3145161
0,0,0.04748341
0,0,0.14836909
0,0,0.028702112
0,0,0.23114844
0,0,0.062757984
0,0,0.062380143
0,0,0.33954605
0,0,0.094871484
0,0,0.056482308
0,0,0.10099647
0,0,0.47962728
0,0,0.39320606
0,0,0.3484789
0,0,0.10610923
0,0,0.10920382
0,1,0.56644833
0,1,0.5253265
0,1,0.5031078
0,0,0.47907308
1,1,0.5703282
0,1,0.51856256
0,0,0.18431549
0,0,0.0680179
0,0,0.22801138
0,0,0.051372293
0,1,0.5154499
0,0,0.13389002
0,0,0.028702112
0,0,0.08133691
0,1,0.685509
0,0,0.4852047
0,0,0.14583232
0,0,0.14112069
0,0,0.06086695
0,0,0.42213792
0,0,0.12491863
0,0,0.07166673
1,0,0.3578994
1,1,0.62620133
0,0,0.32392094
0,0,0.45329645
0,0,0.21695328
0,0,0.039097052
1,0,0.43623042
0,0,0.06260982
0,0,0.083475225
0,0,0.247963
0,0,0.042956863
1,0,0.40384498
0,0,0.37474507
1,1,0.69220626
0,1,0.5188281
0,1,0.67119
0,0,0.042956863
0,1,0.82313335
0,0,0.1462348
0,1,0.6934149
0,0,0.40619686
0,0,0.16547465
0,1,0.6384416
0,0,0.116047144
0,1,0.5877172
0,0,0.42165017
0,0,0.07882591
0,0,0.0940093
0,0,0.39277658
0,0,0.030629888
0,0,0.06316954
0,0,0.036883008
0,0,0.31554055
0,0,0.05717524
0,0,0.059454598
0,0,0.08183475
0,0,0.05591855
1,0,0.3897106
0,0,0.059074398
0,0,0.042407025
0,0,0.052660104
0,0,0.20628956
0,0,0.22632155
0,0,0.15835516
0,0,0.07900376
1,0,0.4724092
0,0,0.05438491
0,0,0.20415017
0,0,0.061896253
0,0,0.0545369
0,0,0.07953891
0,0,0.3423535
0,0,0.49615484
0,0,0.070601225
0,0,0.18903376
0,0,0.055778008
0,0,0.37634662
1,1,0.69577193
0,0,0.32528785
0,1,0.7078238
0,1,0.53575724
0,0,0.45766932
0,0,0.055131536
0,0,0.23270419
0,1,0.64865977
0,1,0.5821056
0,0,0.031967293
0,0,0.30715597
0,0,0.49023986
0,0,0.072818205
1,0,0.057759386
1,1,0.6754717
0,0,0.062380143
0,0,0.058404405
0,0,0.37798956
0,0,0.2893329
0,0,0.33596313
0,0,0.0432037
1,0,0.32357988
0,0,0.36465225
0,0,0.47569492
0,0,0.23351397
0,1,0.59897345
0,0,0.04029021
0,0,0.028947866
0,0,0.16885544
1,1,0.5155048
0,1,0.5233891
0,0,0.20480004
0,0,0.06031927
0,0,0.062519126
0,0,0.29946327
0,0,0.19471854
0,0,0.12208216
0,1,0.58717024
0,0,0.06874947
0,1,0.6766328
0,0,0.047066048
1,0,0.48752308
0,0,0.08573073
0,0,0.21584612
0,0,0.14944522
0,0,0.029085977
0,0,0.41278642
1,0,0.4047057
0,0,0.05449438
0,0,0.06281743
0,0,0.32420358
0,0,0.088555835
0,0,0.08474234
1,0,0.30851918
0,0,0.309672
1,1,0.55864173
1,0,0.34063515
0,1,0.5821369
0,0,0.06245335
0,0,0.12303221
0,1,0.7628738
1,1,0.60229653
0,0,0.06777903
0,0,0.19509055
0,0,0.09911151
0,0,0.028702112
0,1,0.5638655
0,0,0.061962094
0,0,0.48502386
0,0,0.034828145
0,0,0.41878647
0,0,0.08660172
0,0,0.12032148
0,0,0.047837973
0,0,0.03343255
0,0,0.14511333
0,0,0.25941148
0,1,0.6126571
0,0,0.4142492
0,0,0.028160505
0,0,0.19682603
0,0,0.029394949
0,0,0.05320196
0,0,0.08269451
0,0,0.38788265
0,0,0.37748858
0,0,0.080410585
0,0,0.030544207
0,0,0.25805387
0,0,0.0432037
0,0,0.09200224
0,0,0.04900299
0,0,0.05815847
0,0,0.18406874
0,0,0.34722513
0,0,0.22229223
0,0,0.15331335
0,0,0.26850805
0,0,0.06828461
0,0,0.27404797
0,0,0.03904143
0,0,0.07392478
0,0,0.16631009
0,0,0.08876852
0,0,0.20361833
0,0,0.3445161
0,0,0.06317064
0,1,0.5369212
0,1,0.5583781
0,0,0.042956863
0,0,0.26385927
0,0,0.1614788
0,0,0.13159414
0,0,0.3877533
0,0,0.04082758
0,0,0.08369815
0,0,0.058097165
0,0,0.26462668
0,0,0.37083715
0,0,0.07230145
0,1,0.55316395
0,1,0.5740807
0,0,0.25752616
0,0,0.27966684
0,0,0.039097052
1,0,0.39741224
0,0,0.24174859
0,0,0.028702112
0,0,0.038031384
1,0,0.33737957
0,0,0.123797856
0,0,0.061646506
0,0,0.2382691
1,0,0.36305493
0,0,0.28534397
0,0,0.07506646
0,0,0.05747633
0,0,0.14409687
0,0,0.113127135
0,0,0.08850339
0,0,0.027737437
0,0,0.30057192
0,0,0.13977273
0,0,0.3973664
0,1,0.57018536
0,0,0.45388284
0,0,0.05814909
0,0,0.36913964
0,0,0.4600083
0,1,0.57439375
0,0,0.060616236
0,0,0.061781902
0,0,0.10712913
0,0,0.38815382
0,1,0.5236949
0,0,0.30863348
0,0,0.22882465
0,0,0.055970162
0,0,0.10742234
0,0,0.46875978
0,1,0.5409457
0,0,0.17068624
0,0,0.06070779
0,0,0.20299847
0,1,0.5919842
0,1,0.5343079
0,0,0.46912175
0,0,0.060580947
0,0,0.38002935
0,0,0.16283725
0,0,0.09093941
0,0,0.054245677
0,0,0.052390844
0,0,0.13688359
0,0,0.14006016
0,0,0.29867482
0,0,0.3690488
0,0,0.37952217
0,0,0.09919718
0,0,0.08710036
0,0,0.058959156
0,0,0.352274
0,0,0.20213439
0,0,0.3201742
0,0,0.09149913
0,0,0.45310166
0,0,0.109657414
0,0,0.17997353
0,0,0.37850583
0,0,0.124358095
0,0,0.106674895
0,0,0.17815384
0,0,0.08940069
0,0,0.14218462
0,0,0.038841162
0,1,0.6557145
0,0,0.028502293
0,0,0.068121046
0,1,0.6287038
0,0,0.21886279
1,0,0.2767805
0,1,0.5041644
0,0,0.029714754
0,0,0.3728981
0,0,0.40314752
0,0,0.08647095
1,1,0.71112186
0,0,0.21526307
0,0,0.4857442
0,0,0.04561089
0,0,0.059203506
0,0,0.044748064
0,0,0.23302336
0,0,0.10230827
0,0,0.07991443
0,0,0.35079193
0,1,0.6358524
0,0,0.37816978
0,0,0.090353295
0,0,0.33683425
0,0,0.24222393
0,0,0.055986084
0,0,0.16325435
0,0,0.038841162
0,0,0.028008008
0,0,0.090357296
0,0,0.09722541
1,0,0.4895203
0,0,0.3360703
0,0,0.062369738
0,0,0.102452025
1,1,0.7552187
0,1,0.7062762
0,0,0.108692266
1,1,0.7104468
0,0,0.065735295
0,0,0.065550186
0,0,0.20519601
0,0,0.10716906
0,0,0.05629505
0,0,0.46078867
1,1,0.6028432
0,0,0.17030731
0,0,0.058967892
0,0,0.055500016
0,0,0.25590196
0,0,0.05408723
0,0,0.1684618
0,0,0.04669328
0,0,0.056956984
0,0,0.4936552
1,1,0.66556233
0,0,0.10379326
1,0,0.13522492
0,0,0.33028227
0,0,0.23721807
0,0,0.03169188
0,0,0.35181653
0,0,0.17824608
1,1,0.79416865
0,0,0.100972705
0,0,0.08973665
0,0,0.25281766
1,1,0.6421789
1,1,0.72557914
0,0,0.048039224
0,0,0.07298822
0,0,0.3220949
0,0,0.058124535
0,1,0.5257954
0,0,0.08748295
0,0,0.028702112
0,0,0.039861463
0,1,0.57871825
0,0,0.15467884
0,0,0.028702112
0,0,0.34364885
0,0,0.10675312
0,0,0.31405222
1,1,0.6043752
0,0,0.036800217
0,0,0.16078663
0,0,0.054573093
0,0,0.04361681
0,0,0.0599119
0,0,0.028502293
0,1,0.5025227
0,1,0.5480232
1,1,0.6622796
0,0,0.29352048
0,0,0.109421976
0,1,0.67509663
0,0,0.056744594
0,1,0.5818003
0,1,0.584183
0,1,0.5449669
0,0,0.33959892
0,0,0.09561777
0,0,0.33206603
0,0,0.36059603
0,1,0.559816
0,1,0.5078752
0,0,0.061628222
0,0,0.099584915
0,0,0.34526795
0,0,0.09540527
0,0,0.028502293
0,0,0.20134082
0,0,0.09518158
0,0,0.080500476
0,0,0.41543335
0,1,0.5343477
0,0,0.028502293
0,0,0.06835897
0,0,0.3650108
1,1,0.6037036
0,0,0.48498073
0,0,0.2788656
1,1,0.6185011
0,0,0.35531458
0,0,0.25043327
1,1,0.6682898
0,0,0.34349972
1,1,0.79138273
0,1,0.57492906
0,0,0.109408475
0,0,0.30719367
0,0,0.08524084
0,0,0.06152117
0,0,0.054323085
0,0,0.28077042
0,0,0.20974772
0,0,0.09703452
0,1,0.69225967
0,0,0.058196038
1,0,0.34615025
1,1,0.7307302
0,0,0.29006493
0,0,0.09957921
0,0,0.05659631
0,0,0.3690488
0,0,0.028008008
0,0,0.042956863
0,1,0.6894114
0,0,0.07012585
0,1,0.56962764
0,0,0.061816517
0,0,0.37791377
0,0,0.45434725
0,0,0.22997156
0,0,0.13960502
0,0,0.05776689
0,0,0.12379844
0,0,0.21463212
0,0,0.2551612
0,0,0.08679705
0,0,0.40261123
0,0,0.29608226
0,0,0.43782187
0,0,0.028502293
0,0,0.32975534
0,1,0.6695044
0,0,0.100227356
0,0,0.03808041
0,0,0.40915504
0,0,0.25012565
0,0,0.05670331
0,1,0.5073124
1,0,0.26760504
1,0,0.45575717
1,0,0.47215733
0,0,0.043072607
1,1,0.60641116
0,0,0.36347198
0,1,0.5575845
0,0,0.38914415
0,0,0.2664943
0,0,0.31638727
0,0,0.050149046
0,0,0.23283114
0,0,0.051462162
0,0,0.042956863
0,1,0.5351
0,0,0.15722375
0,0,0.09078009
1,0,0.43461093
0,0,0.052224614
0,0,0.33365834
0,0,0.19670871
0,0,0.052525032
1,1,0.6566842
0,0,0.04269623
0,0,0.060705524
0,0,0.25284287
0,0,0.06340327
0,0,0.094474606
0,0,0.037749607
0,0,0.04703541
0,0,0.38002935
0,1,0.51398635
0,0,0.08096222
0,0,0.07899429
0,0,0.11046319
0,1,0.588438
0,0,0.08839694
1,0,0.38727945
0,0,0.29450282
0,0,0.06357144
0,0,0.11546653
0,0,0.057382386
1,0,0.08424564
0,0,0.46938717
0,0,0.0710545
0,0,0.0822373
0,0,0.49666452
1,1,0.77898693
1,1,0.6467242
1,0,0.46862984
0,0,0.30268836
0,0,0.091862746
0,0,0.4274218
0,0,0.25311512
0,0,0.08319062
1,0,0.46183926
0,0,0.06653736
0,0,0.3078872
0,0,0.20633565
0,0,0.38824293
0,0,0.12263943
0,0,0.2969202
0,0,0.35891858
1,1,0.72354156
0,0,0.02863834
0,0,0.086690545
0,0,0.15427642
0,0,0.049284354
0,0,0.47296107
0,0,0.32144803
1,0,0.24333455
0,0,0.042630207
0,0,0.46647844
0,0,0.28282014
0,0,0.10617275
0,0,0.3927421
0,0,0.2814919
0,0,0.08479405
0,0,0.0632958
0,0,0.29694265
0,0,0.1455418
0,0,0.028008008
0,0,0.05644401
1,1,0.6967775
0,0,0.08787004
0,0,0.37967443
0,0,0.29209515
0,0,0.052079182
0,0,0.20682625
0,0,0.17335695
0,0,0.41010374
0,0,0.15024684
0,0,0.054345958
0,0,0.20633565
0,0,0.16674833
1,0,0.46547943
0,0,0.19690995
0,0,0.3755879
0,0,0.15240604
1,1,0.5053005
0,0,0.03971301
0,1,0.6860159
0,1,0.6012828
0,0,0.09660935
1,1,0.5366775
0,0,0.028008008
0,0,0.1693574
0,1,0.64738506
0,0,0.12753889
0,0,0.037325766
0,0,0.028008008
0,0,0.056556888
0,0,0.20602925
0,0,0.26867548
0,1,0.509331
0,0,0.183523
0,1,0.6180109
0,0,0.3730334
0,0,0.23612668
0,1,0.62023413
0,0,0.14218722
0,0,0.107309945
0,0,0.15233754
0,0,0.061858453
0,0,0.217725
0,0,0.20178966
0,0,0.19955365
0,0,0.22582404
0,0,0.083829574
0,0,0.082226396
0,0,0.31286755
0,0,0.4651186
0,0,0.2126957
0,0,0.1531321
0,0,0.39567548
0,0,0.28980044
0,0,0.038841162
0,0,0.037949026
0,0,0.028502293
1,1,0.62885374
0,0,0.3020936
0,0,0.09083222
0,0,0.065067835
1,0,0.35867462
0,1,0.5852479
1,0,0.068512015
0,0,0.067676924
0,0,0.25067163
1,1,0.57890517
0,0,0.29576027
0,0,0.0870879
0,0,0.21847276
0,0,0.028008008
0,0,0.43866044
0,1,0.52359104
0,0,0.26381516
0,0,0.049494956
0,0,0.09814985
0,0,0.0900974
1,1,0.5017753
0,1,0.66576326
0,0,0.16214068
0,1,0.66643256
0,0,0.17869829
0,0,0.34384337
0,0,0.09549373
0,0,0.059000008
1,1,0.8105557
0,0,0.08479591
0,1,0.66809505
0,0,0.084734
0,0,0.06549407
0,1,0.58448976
0,0,0.2301369
0,0,0.080416285
0,0,0.073742755
0,1,0.59906393
0,0,0.028702112
0,0,0.11939983
0,0,0.17590664
1,0,0.41478693
0,0,0.057762515
0,0,0.22878762
0,0,0.310422
0,0,0.103048585
0,0,0.043930016
0,0,0.37092564
0,0,0.053442404
1,1,0.5876978
0,0,0.06772055
0,0,0.028008008
0,1,0.58174336
0,0,0.05260221
0,0,0.07895816
0,0,0.060440376
0,0,0.07433074
0,1,0.635929
0,1,0.676059
0,0,0.24695933
0,0,0.14541356
0,0,0.085810035
0,0,0.08113537
0,0,0.18007801
0,0,0.2112736
0,0,0.07527073
0,1,0.55576736
0,1,0.70309436
0,1,0.60896534
0,0,0.0965024
1,0,0.41642994
0,0,0.0815941
0,0,0.06458061
0,0,0.092186786
0,0,0.106168754
0,0,0.056913942
0,1,0.63993174
0,0,0.22580379
0,1,0.7964015
0,1,0.5032799
0,0,0.0432037
0,0,0.030505182
0,0,0.1294088
0,0,0.100646846
0,0,0.13401675
0,0,0.31469163
0,0,0.028160505
0,0,0.029394949
0,0,0.482166
0,0,0.10593851
0,0,0.04222941
0,0,0.1891752
0,0,0.05994998
0,0,0.16102548
0,0,0.118705094
0,0,0.19306001
1,1,0.64731896
0,0,0.35946497
1,0,0.31063402
0,0,0.24007906
0,0,0.16706443
0,0,0.28731716
0,0,0.08343538
0,0,0.4299116
0,0,0.28002363
0,0,0.45113966
0,1,0.6791376
0,0,0.05939251
0,0,0.4061759
1,0,0.2991341
1,1,0.5728335
0,1,0.5225988
0,0,0.09385503
0,0,0.051969737
0,1,0.61703074
0,1,0.511974
0,0,0.078055464
0,0,0.09886377
0,1,0.7806612
0,0,0.042956863
1,0,0.35783535
0,0,0.34950384
0,0,0.058262076
0,0,0.23799008
0,0,0.13741693
1,1,0.74291307
0,0,0.0819685
0,0,0.041802168
0,0,0.096811935
0,0,0.059742853
1,1,0.7311585
1,1,0.78356963
0,0,0.10746329
0,0,0.080258176
0,0,0.47951463
0,0,0.3413753
0,0,0.29755235
0,0,0.11664093
0,0,0.12081276
0,1,0.57877386
0,0,0.037415043
0,1,0.6005473
0,0,0.18881501
0,0,0.42807463
0,0,0.062380143
0,0,0.09203751
0,0,0.13536136
0,1,0.6497502
0,1,0.5672011
0,0,0.08009068
0,0,0.056838408
0,0,0.25866988
0,1,0.6717545
0,0,0.3607374
0,0,0.060367048
0,0,0.06362803
0,0,0.2974409
0,0,0.034553904
0,0,0.2772742
0,1,0.68974316
0,0,0.070610605
0,1,0.5908086
0,0,0.34728247
0,0,0.077026084
0,0,0.4509561
0,0,0.04926873
1,0,0.4899201
0,0,0.2661738
0,0,0.07012585
0,0,0.083391115
0,0,0.19621287
0,0,0.3324354
0,0,0.062873065
0,0,0.20820178
0,0,0.042630207
0,0,0.060603216
0,0,0.04369822
0,0,0.13581048
0,1,0.59777504
0,0,0.028537337
0,0,0.38658896
0,0,0.19080608
0,0,0.04222941
0,1,0.51862115
0,0,0.4365985
0,1,0.5003034
0,0,0.3694698
0,0,0.49845186
0,0,0.14561464
0,1,0.54063666
0,0,0.054570682
0,1,0.67892206
0,1,0.5449155
0,0,0.085363634
0,0,0.09227061
0,0,0.10172223
0,0,0.46787268
0,0,0.08583377
0,0,0.48652548
0,0,0.32389012
0,0,0.028160505
0,0,0.028702112
0,1,0.6166145
0,0,0.03343255
0,0,0.28454036
0,0,0.33515126
0,1,0.59618586
0,1,0.53204834
0,1,0.5265363
0,0,0.06324301
0,1,0.6260446
0,0,0.0888369
0,1,0.609945
0,0,0.14061548
0,0,0.06266173
0,0,0.038740724
0,0,0.11440799
0,0,0.13784198
0,0,0.03936666
0,1,0.5918275
0,0,0.1078655
0,0,0.06271367
0,0,0.06323724
0,0,0.07752097
0,0,0.26638165
0,0,0.1322008
0,0,0.05994998
1,0,0.37909937
0,0,0.056129515
0,0,0.042407025
0,0,0.055331163
0,0,0.06357704
0,0,0.044328276
0,1,0.67970216
0,0,0.2686371
0,0,0.1897336
0,0,0.13755232
0,0,0.085448004
1,1,0.68112373
0,0,0.29692957
0,1,0.5958876
0,1,0.55641305
0,0,0.22336863
0,0,0.07286596
0,0,0.09501201
0,0,0.49915183
1,1,0.7317849
0,0,0.07043095
1,0,0.48789585
0,0,0.37407774
0,0,0.028702112
1,1,0.6364091
0,0,0.09503685
0,0,0.06419694
0,0,0.21505682
0,1,0.5311078
0,0,0.10281439
0,0,0.47615546
0,0,0.08988459
0,0,0.41154325
0,0,0.037746195
0,0,0.03542097
0,0,0.15691549
0,0,0.4279979
0,0,0.051372293
0,0,0.142198
0,0,0.080539994
0,0,0.40207726
0,0,0.24883878
0,1,0.61233854
0,0,0.4992949
0,0,0.028502293
0,0,0.03813188
0,0,0.096039765
0,0,0.18531421
0,1,0.52067304
0,0,0.12964731
0,0,0.22728136
0,0,0.3750144
0,0,0.26338398
0,0,0.02863834
1,1,0.69216967
1,0,0.37719572
0,1,0.50863975
0,1,0.5367042
0,0,0.027737437
0,0,0.0795906
0,0,0.09332271
0,0,0.078055464
0,0,0.2750208
0,0,0.098131604
0,0,0.16767822
0,0,0.099417925
0,0,0.23918144
1,1,0.7100083
0,0,0.13606665
0,0,0.37995866
1,0,0.20051257
0,0,0.3990057
0,0,0.040716395
0,0,0.25508943
0,0,0.25538814
0,0,0.34442285
0,0,0.09278501
0,1,0.5831153
1,1,0.5996225
0,0,0.33990404
0,0,0.056873634
0,1,0.6206089
0,0,0.063761264
0,0,0.23898776
1,0,0.29005072
1,1,0.6496775
1,0,0.12040038
0,1,0.6058992
0,0,0.08905605
0,0,0.21665476
0,0,0.28137463
1,1,0.6415814
0,0,0.22092712
0,0,0.068522155
1,0,0.4114814
0,0,0.107695326
0,0,0.25864783
1,1,0.5536703
0,0,0.34813285
0,0,0.1934788
0,0,0.034405977
0,0,0.07322294
0,0,0.09525211
0,1,0.5442627
0,0,0.05716922
1,1,0.6237009
0,1,0.5826393
0,0,0.2579727
0,1,0.6892483
0,1,0.6186992
0,0,0.35900798
0,0,0.337536
0,0,0.25905812
0,0,0.45166034
0,0,0.31661186
0,0,0.10195027
0,1,0.65291953
0,0,0.0976679
0,0,0.38815546
0,0,0.053205773
0,0,0.21200734
0,0,0.06725521
0,0,0.4674431
0,0,0.028702112
0,0,0.06612324
0,0,0.05930971
0,0,0.22665915
0,0,0.06294223
0,1,0.5621372
0,0,0.12180388
0,0,0.030896371
0,0,0.08088264
0,0,0.21325064
0,0,0.10512382
0,0,0.34026694
0,0,0.061172303
0,0,0.4404574
0,0,0.17009586
0,0,0.06760289
0,0,0.26336667
1,1,0.6182844
0,1,0.7678118
0,0,0.3390615
0,0,0.35531458
0,0,0.18424562
0,0,0.27800274
0,0,0.03699325
0,0,0.056386914
0,1,0.71347463
0,0,0.06777903
0,0,0.06502534
0,0,0.098299876
0,0,0.05003945
1,1,0.51541597
0,0,0.44631422
0,0,0.25423265
0,0,0.45476875
0,0,0.41982624
0,0,0.39932954
0,0,0.48098624
0,1,0.55276555
0,0,0.14795716
0,0,0.10454337
0,0,0.3687809
0,0,0.31873617
1,1,0.59365964
0,0,0.28952238
0,0,0.07109231
0,0,0.26948437
0,0,0.042407025
0,0,0.09813141
0,0,0.22337034
0,0,0.10983207
0,0,0.042956863
0,1,0.51138484
0,0,0.28835586
0,0,0.24149881
0,0,0.051813103
0,0,0.22622989
0,0,0.058397405
0,0,0.44816968
0,1,0.54260445
0,0,0.13313442
0,0,0.15930475
0,0,0.33385703
0,1,0.5960868
0,0,0.3472868
0,1,0.69303554
0,0,0.15057006
0,0,0.46737742
0,0,0.2585664
0,0,0.0869183
0,0,0.062268753
0,0,0.0571543
1,0,0.28287536
0,0,0.3844051
0,0,0.027587168
0,0,0.029380485
0,0,0.17012763
0,0,0.10541085
0,0,0.058577124
0,0,0.049524102
0,0,0.38343623
0,0,0.060736805
1,1,0.5818452
0,0,0.09898713
1,1,0.7050285
0,0,0.08819014
1,0,0.42671764
0,1,0.57587975
0,1,0.6012874
0,1,0.6183305
0,0,0.39706695
0,0,0.05633609
0,0,0.3093889
0,0,0.061492123
0,0,0.02867656
0,0,0.31862834
0,0,0.15676312
0,0,0.24655564
0,0,0.25354087
0,0,0.05515854
1,1,0.8265091
1,0,0.38384822
0,0,0.06510856
0,0,0.28368992
0,1,0.5752151
1,0,0.14815429
0,0,0.035104517
0,0,0.16273558
0,0,0.34313583
0,1,0.6209555
0,0,0.3456359
0,0,0.05573138
0,0,0.43432397
1,0,0.43979898
0,0,0.03109566
1,1,0.6874531
0,0,0.037438095
0,0,0.13130017
0,0,0.06711912
0,0,0.4864184
1,0,0.18081945
0,0,0.05424665
0,0,0.0549832
0,0,0.071855925
0,0,0.095198475
0,0,0.25790232
0,0,0.26637343
0,1,0.5031963
0,0,0.041105762
0,0,0.092441715
0,1,0.66128474
1,1,0.71264
0,0,0.05674411
0,0,0.23179792
0,0,0.108510666
0,0,0.0858644
0,0,0.39184603
0,1,0.7095916
0,0,0.08212026
0,1,0.6991993
0,1,0.6300593
0,0,0.06827143
0,0,0.19135083
0,1,0.7698503
0,1,0.51907426
0,1,0.6139647
0,1,0.6484706
0,0,0.028702112
0,1,0.50040203
0,1,0.5200496
0,0,0.06599078
0,1,0.5592223
0,1,0.8227692
0,0,0.14375462
0,0,0.4102622
0,0,0.23349711
0,0,0.051805
0,0,0.13827029
0,0,0.28894252
0,0,0.34292823
0,1,0.55401975
1,1,0.7626205
0,0,0.11876802
0,1,0.5577702
0,0,0.06595848
0,0,0.052079182
0,1,0.69550824
1,1,0.54608464
0,0,0.17815617
0,0,0.24770533
0,0,0.23622121
0,0,0.028160505
0,0,0.39762887
0,0,0.24244106
0,0,0.46188563
0,0,0.027737437
0,0,0.05716922
0,0,0.31068316
0,0,0.25479963
0,0,0.09995722
0,0,0.086194396
0,0,0.36803743
1,0,0.2917564
0,0,0.1729184
0,0,0.28577992
0,0,0.19635898
1,0,0.49754485
0,0,0.21960291
1,0,0.45048493
0,1,0.6189367
0,0,0.29339296
0,0,0.2768089
0,0,0.027737437
0,0,0.3282404
0,0,0.040860683
0,0,0.22774075
0,0,0.037889376
1,1,0.77060705
0,0,0.17981482
0,0,0.10111208
0,0,0.096784085
0,0,0.35389617
0,0,0.027737437
0,0,0.49793983
0,0,0.059795074
0,0,0.09327952
0,0,0.32975534
0,1,0.6013148
0,0,0.09029362
0,0,0.3454591
0,0,0.10593395
0,0,0.26641595
0,0,0.09397605
0,0,0.05825059
0,1,0.51571625
0,0,0.24926119
0,0,0.07190501
0,0,0.27819398
0,1,0.6399828
1,0,0.36199757
0,0,0.15882291
0,0,0.03751407
0,0,0.3728404
0,0,0.067816734
0,0,0.26837867
0,0,0.21306375
0,0,0.089954086
0,0,0.064494394
0,1,0.50474095
1,0,0.20183736
1,1,0.6267832
0,0,0.05020346
0,0,0.057369225
0,1,0.585341
0,0,0.14891401
0,0,0.34313583
0,0,0.080781005
0,0,0.08880362
0,1,0.7082594
0,0,0.2800535
0,0,0.0432037
0,0,0.079200484
0,0,0.030896371
1,1,0.5137346
0,0,0.3460726
0,0,0.46619394
0,0,0.4589469
0,1,0.58300084
0,0,0.10601969
0,1,0.5927942
0,0,0.039243806
0,0,0.028702112
0,1,0.6839827
0,0,0.3096476
1,0,0.41501135
0,0,0.061627354
0,0,0.06849846
1,1,0.6230338
0,0,0.20399712
0,0,0.2614603
0,0,0.49796477
1,0,0.07469527
0,0,0.051924575
0,0,0.18471436
0,0,0.30328298
0,0,0.37377378
0,0,0.2574904
0,0,0.028702112
0,0,0.16334027
0,0,0.26326528
0,1,0.5647935
0,1,0.52040064
0,0,0.050360736
0,0,0.3881832
0,0,0.34401062
0,0,0.41949004
0,1,0.52647465
0,0,0.2276857
0,1,0.6281488
0,0,0.06537588
0,1,0.77569646
0,0,0.05854513
0,1,0.5173241
0,1,0.533334
0,0,0.068642616
0,0,0.20817618
0,1,0.6073492
0,0,0.06459041
0,0,0.055659227
0,0,0.1234628
0,0,0.05330544
1,1,0.8208442
0,0,0.3617184
0,0,0.17414697
0,0,0.03109566
0,0,0.04132626
0,0,0.09119955
0,1,0.6712022
0,1,0.53383285
0,0,0.21751827
0,0,0.38061568
0,0,0.086458266
1,1,0.6011279
0,0,0.055452503
0,0,0.33229822
0,0,0.2913007
0,0,0.03303393
0,0,0.08532933
0,1,0.53171015
0,0,0.19327234
0,0,0.053813104
0,0,0.35941952
0,0,0.13366517
0,0,0.19132382
1,1,0.5780358
1,0,0.1746795
0,0,0.05393638
0,0,0.06369682
0,0,0.061098065
1,1,0.5623616
0,0,0.44406715
0,1,0.69523895
0,0,0.09681048
0,0,0.14970678
0,0,0.20745453
0,0,0.4472197
0,0,0.08937284
1,0,0.4970769
0,0,0.065660484
0,0,0.43242034
0,0,0.05644401
0,0,0.14293419
0,0,0.04771345
0,0,0.44217667
0,0,0.08386932
0,0,0.15724526
0,1,0.56434983
0,0,0.096745394
0,1,0.61552393
0,1,0.62016416
0,0,0.45188078
0,1,0.58117694
0,0,0.40766755
0,0,0.058229927
0,1,0.5587038
0,0,0.06527123
0,0,0.2533838
0,0,0.34188265
0,0,0.064604156
0,0,0.046463627
0,0,0.09903422
1,0,0.36782312
1,1,0.67300785
0,0,0.05752587
0,0,0.06880724
0,0,0.2689326
0,0,0.49615562
0,1,0.59059125
0,0,0.15417211
0,0,0.37672892
0,0,0.23826844
0,0,0.11904356
0,1,0.51769316
0,0,0.13933772
0,0,0.09142385
0,0,0.4594422
0,0,0.054699764
0,0,0.04540192
0,0,0.22838238
0,0,0.031277396
0,0,0.07699475
0,1,0.5537698
1,1,0.79083455
1,1,0.5074525
0,0,0.29121244
0,0,0.15245251
0,0,0.104358755
0,0,0.09634495
0,0,0.09326186
0,0,0.05597781
0,0,0.1939963
0,0,0.30140004
0,0,0.2305158
0,0,0.4700735
1,0,0.49462533
0,0,0.057243116
0,0,0.04123406
0,0,0.1226159
0,0,0.05735257
0,1,0.5373038
0,0,0.39185143
0,0,0.060176957
0,1,0.5896209
0,0,0.34929368
0,0,0.061355088
0,0,0.05544852
0,0,0.16097365
0,0,0.17678142
0,1,0.5889747
0,0,0.17188618
0,0,0.06783771
0,0,0.028851807
0,1,0.5666496
0,1,0.60840863
0,0,0.06556091
0,0,0.27242103
0,0,0.13675837
0,0,0.06847356
0,0,0.08946393
0,0,0.2629218
0,0,0.10453632
0,0,0.2182917
0,0,0.36361757
0,0,0.41296208
0,0,0.26137903
0,0,0.26141226
0,1,0.56780636
0,0,0.057718024
0,0,0.22275797
0,0,0.08457901
0,0,0.056129515
0,0,0.34347793
0,0,0.26867548
0,0,0.1976059
0,0,0.49349025
0,0,0.19090879
0,0,0.22558543
0,0,0.05061391
0,0,0.06299811
0,1,0.5954981
0,0,0.29446805
0,1,0.69982475
0,1,0.7246652
0,0,0.22353908
0,0,0.08901025
0,0,0.10570518
0,0,0.09154277
0,0,0.041836035
0,0,0.16195439
0,0,0.028502293
0,0,0.075128004
0,0,0.092935964
0,1,0.62672913
0,0,0.39767596
0,0,0.29446805
1,1,0.5184533
0,0,0.12538162
0,0,0.05539419
0,0,0.06019383
0,0,0.04012207
0,0,0.2560857
0,0,0.48458812
1,1,0.5508717
0,0,0.28545237
0,0,0.056363363
0,0,0.08328282
0,0,0.38754058
0,0,0.029380485
0,1,0.72465867
0,0,0.06433007
0,0,0.43228722
0,0,0.06690995
0,0,0.37939516
0,0,0.058229927
0,0,0.37884814
0,0,0.44895127
0,0,0.038581755
0,0,0.027737437
0,0,0.042809434
1,1,0.68697214
0,0,0.040552843
0,0,0.06361876
1,1,0.7093796
0,0,0.052267894
0,0,0.3299117
0,0,0.46529222
0,0,0.065319456
0,0,0.08646801
0,0,0.06465344
0,0,0.09020753
0,0,0.038564593
0,1,0.59575444
0,1,0.5205974
0,0,0.040020954
0,0,0.10368803
0,0,0.2517569
0,0,0.14163727
1,1,0.62527543
0,0,0.43492523
1,1,0.7459
1,1,0.7349663
0,0,0.35405836
0,1,0.6227054
0,0,0.078703225
0,0,0.37528497
0,0,0.19578326
1,1,0.5172133
0,0,0.15057006
0,0,0.30305773
0,0,0.23791741
0,0,0.066008255
0,0,0.059451025
0,0,0.0658725
0,0,0.028702112
0,0,0.26326528
0,0,0.3123643
0,0,0.110305905
0,0,0.13400398
0,0,0.10016257
0,0,0.32548162
0,0,0.10863696
0,0,0.0777062
0,0,0.03251817
1,1,0.80367184
0,0,0.47402045
1,1,0.68735045
0,0,0.3953803
0,0,0.4533567
0,0,0.22860643
0,0,0.33648968
0,0,0.058871042
0,0,0.21356748
0,0,0.14714135
1,1,0.738842
0,0,0.08328006
0,0,0.08631016
0,0,0.08855338
0,0,0.3382319
0,0,0.056508217
0,1,0.50140643
0,0,0.03971301
1,1,0.59324634
0,0,0.15040758
1,1,0.7604862
1,0,0.37585095
0,1,0.5001548
0,1,0.57524294
0,0,0.028702112
0,0,0.16367027
0,0,0.12726714
0,1,0.6869841
0,0,0.2747356
0,0,0.1127657
1,0,0.47733435
0,0,0.10204931
0,0,0.03824677
0,0,0.08679705
0,0,0.070436835
0,0,0.2664943
0,0,0.042630207
0,0,0.32701838
0,0,0.24132682
0,0,0.041368566
0,0,0.071254686
0,0,0.26685107
0,0,0.10894854
0,0,0.14737783
0,0,0.062888436
0,1,0.5277391
0,0,0.09767883
0,0,0.106663965
1,0,0.05670331
0,0,0.050870355
0,0,0.0658725
0,0,0.13034031
0,0,0.22410618
0,1,0.5618401
0,0,0.087867476
0,0,0.31756774
0,0,0.05752587
0,0,0.08239472
0,0,0.20862256
0,0,0.334994
0,1,0.6290708
0,0,0.028008008
0,0,0.031375453
0,0,0.04103178
0,0,0.059686255
0,1,0.5634364
0,1,0.517516
1,0,0.06847356
0,0,0.10648925
0,0,0.3547079
0,0,0.051740903
0,0,0.4493093
0,0,0.04834153
0,0,0.09864392
0,0,0.43214977
0,0,0.0922972
0,0,0.23755004
0,0,0.22344586
0,0,0.26778433
0,0,0.288844
0,1,0.5377713
1,1,0.52163047
0,0,0.048068564
0,0,0.40727478
0,0,0.031967293
0,1,0.68729424
0,0,0.3020661
0,0,0.055309817
0,0,0.23879594
0,0,0.14290176
0,0,0.14253657
0,0,0.37318912
0,0,0.08383426
0,0,0.062380143
0,0,0.06152117
0,0,0.0381358
0,0,0.053215254
0,0,0.44969654
0,1,0.58230925
0,0,0.109657414
0,0,0.3588549
0,0,0.039269716
0,0,0.23109546
0,0,0.37232396
0,0,0.34998536
0,0,0.12551077
0,0,0.08981662
0,0,0.059650604
0,0,0.060292725
0,0,0.06361876
0,0,0.06452752
0,0,0.22427644
0,0,0.06503734
0,0,0.14424847
0,0,0.4384744
0,0,0.2193924
0,0,0.3549783
0,1,0.50130004
0,0,0.03846137
1,1,0.5819552
0,0,0.06315926
0,0,0.39662036
0,1,0.82522535
0,0,0.28134057
0,0,0.088856325
0,0,0.23757151
0,0,0.23727113
0,0,0.055292353
1,1,0.5310707
0,0,0.47597757
1,1,0.6804331
0,0,0.116032325
0,0,0.3432638
0,0,0.1584937
0,0,0.030074822
0,0,0.058940366
0,0,0.12141417
0,0,0.028947866
0,0,0.24752037
0,0,0.06361133
1,1,0.6435142
0,1,0.54807675
0,0,0.09060276
0,0,0.08731002
0,0,0.3121949
0,0,0.4032645
0,0,0.09859442
0,0,0.040028553
0,0,0.34532666
0,0,0.08832993
0,0,0.0860606
0,0,0.09110474
0,0,0.4725083
0,0,0.08959818
0,0,0.18513829
0,0,0.40260792
0,0,0.34344018
0,0,0.028702112
0,1,0.5220032
0,0,0.26541302
0,0,0.10423558
0,0,0.22537538
0,1,0.6777972
0,0,0.11390337
0,0,0.093603216
0,1,0.60538924
1,1,0.71440285
0,0,0.12767367
0,0,0.058791675
0,0,0.03353891
0,0,0.05334711
0,0,0.045348696
0,0,0.20320956
0,0,0.14885053
1,0,0.08731284
0,0,0.079742834
0,0,0.123994015
0,0,0.27625838
0,0,0.14907654
0,0,0.056744594
0,0,0.07205263
0,1,0.5749983
0,0,0.1258996
0,0,0.06382151
0,0,0.055225503
0,0,0.039354436
0,0,0.10571056
0,0,0.12690447
0,0,0.12070372
1,1,0.7705101
0,0,0.27298206
0,0,0.105827145
0,0,0.1821325
0,1,0.63382155
0,0,0.043914456
0,0,0.2365142
0,0,0.03973986
0,0,0.088872604
1,0,0.07724954
0,0,0.1772725
0,0,0.0406228
0,0,0.1215561
0,0,0.093569905
0,0,0.12005014
0,0,0.22672492
0,0,0.23521605
0,1,0.7029251
0,1,0.686505
0,0,0.36276084
1,0,0.09715598
1,1,0.6494522
0,0,0.19387616
0,1,0.50633246
0,0,0.13427308
0,0,0.21176289
0,0,0.06067238
0,0,0.4006823
0,1,0.6003889
0,0,0.07893702
0,0,0.23007327
1,0,0.35318065
0,1,0.5532669
0,0,0.13790405
0,0,0.076944984
0,1,0.6279401
0,0,0.34206954
0,0,0.10367198
0,0,0.06985365
0,1,0.68604016
0,1,0.6002165
1,0,0.08327008
0,0,0.3100848
0,1,0.6098768
0,0,0.05958857
0,0,0.3693982
0,0,0.09388125
0,0,0.106214724
0,1,0.7190897
0,0,0.08721756
0,0,0.15660253
0,0,0.34098718
0,0,0.22105972
0,0,0.094818495
0,0,0.24010016
0,1,0.70073885
0,0,0.4028564
0,1,0.5805556
0,1,0.614206
0,0,0.060291074
0,0,0.21877609
1,1,0.70647883
0,0,0.03907986
1,1,0.67435104
0,0,0.053167295
0,0,0.06741453
0,0,0.064165376
0,0,0.21446815
0,1,0.62633544
0,0,0.43991938
0,0,0.29616916
0,0,0.16219212
0,0,0.06243327
0,1,0.69795483
0,0,0.47660437
0,0,0.36535603
0,0,0.06436459
0,0,0.107342854
1,0,0.36351082
0,0,0.055911344
0,0,0.22555745
0,1,0.71164614
0,0,0.028502293
0,0,0.39909455
0,0,0.36632696
0,1,0.7565007
0,0,0.08405654
0,0,0.031091703
0,1,0.7050285
0,0,0.14948986
0,0,0.057582743
0,0,0.05565212
0,0,0.35473523
0,0,0.23494904
0,0,0.10478717
0,1,0.53662896
0,1,0.63904893
0,1,0.7399032
1,1,0.6690537
1,0,0.2870305
0,0,0.22786482
0,1,0.6551469
0,0,0.080410585
0,0,0.091098584
0,0,0.17457159
1,1,0.75417197
0,0,0.24160142
0,0,0.4688295
0,0,0.03167328
0,0,0.08824522
0,0,0.06366467
0,0,0.43165407
0,0,0.13837768
0,0,0.20524509
0,1,0.5021464
0,0,0.03280469
0,0,0.31467277
0,0,0.21444856
0,0,0.058191787
0,0,0.12544718
0,0,0.07098849
0,0,0.10367797
0,0,0.18002841
0,1,0.72150165
0,0,0.056295913
0,0,0.32445875
0,0,0.3917636
0,0,0.37643152
0,0,0.07120569
0,1,0.64571416
0,0,0.032750066
0,0,0.089749366
0,0,0.21440771
0,0,0.18116815
0,1,0.51924276
0,0,0.08622901
0,0,0.028502293
0,0,0.053323813
0,0,0.04322798
0,0,0.040668473
0,1,0.69834954
0,1,0.533334
0,0,0.40121353
0,0,0.3086367
1,1,0.5151266
0,0,0.061976373
0,0,0.044151645
0,0,0.11162953
0,0,0.056038037
0,0,0.09281833
0,1,0.5165566
0,0,0.32034972
0,0,0.09273382
0,0,0.4481632
0,1,0.7739851
0,0,0.45153666
0,0,0.33607614
0,0,0.24396677
0,0,0.06167792
0,1,0.586038
0,0,0.12101837
1,1,0.6943567
0,0,0.3157002
0,1,0.5312976
0,0,0.027737437
0,0,0.3967757
0,1,0.59728813
0,1,0.54695594
0,0,0.16823132
0,1,0.6267858
0,0,0.15188196
0,0,0.39184693
0,0,0.03813188
0,0,0.17993508
0,0,0.21982852
0,0,0.40372226
0,0,0.123994015
0,0,0.45881972
0,0,0.10764537
0,1,0.58933413
0,1,0.56974566
0,0,0.14429644
0,0,0.12758586
0,1,0.5125162
1,1,0.66311663
0,0,0.1102892
0,0,0.03808041
1,0,0.28222775
0,1,0.54995304
0,0,0.17809677
0,0,0.14438024
1,1,0.67379445
0,0,0.05412735
0,0,0.45301357
0,0,0.32629526
1,0,0.32514587
0,1,0.7109469
0,0,0.029554095
1,1,0.6757559
0,0,0.1341513
0,1,0.5100497
0,0,0.32562357
0,0,0.45132676
0,0,0.48309225
0,0,0.091736674
0,0,0.3539319
1,0,0.34419322
0,0,0.05647005
0,0,0.14440396
0,0,0.03629327
0,0,0.30912235
1,1,0.5657616
0,0,0.07986182
0,0,0.056913942
0,0,0.10015515
0,0,0.14469045
0,0,0.14159222
0,0,0.30515108
0,0,0.05670331
0,0,0.083409086
0,0,0.29650813
0,1,0.50578856
0,0,0.41485792
0,0,0.24112844
0,0,0.23695862
0,0,0.406631
0,0,0.042956863
1,0,0.34308293
0,0,0.425328
0,0,0.062066954
0,0,0.45618823
0,1,0.7077445
1,1,0.539446
0,0,0.26786405
0,1,0.53018767
0,0,0.06075626
0,0,0.10122715
0,0,0.1449437
0,0,0.08152966
0,0,0.44711342
1,0,0.40503067
0,0,0.1462348
0,0,0.09043496
0,0,0.07731357
0,0,0.028702112
0,0,0.11524143
0,0,0.059655037
0,0,0.128412
0,0,0.116921075
0,0,0.14624496
0,0,0.05277562
0,0,0.05539604
0,0,0.07909504
0,1,0.5974138
1,1,0.8000216
0,0,0.35920432
1,0,0.34936073
0,0,0.49022755
0,0,0.36188024
0,0,0.18062456
0,0,0.2161031
0,0,0.10087895
0,0,0.07290735
0,0,0.30394676
0,1,0.5735856
0,0,0.41103178
0,0,0.0841264
0,0,0.085905395
0,0,0.20105615
0,0,0.09678392
0,1,0.6618226
0,0,0.14529316
0,0,0.06258534
0,0,0.058465026
0,0,0.029042775
0,0,0.17032063
0,0,0.23910874
0,0,0.1607141
0,0,0.08205861
0,0,0.28148663
1,1,0.57912785
0,0,0.31069103
0,0,0.08485124
0,1,0.56096697
0,0,0.081444666
0,0,0.05625267
0,0,0.059350464
0,1,0.65623856
0,0,0.38043848
0,0,0.22821353
0,0,0.3963753
0,1,0.69798166
0,0,0.3424143
0,0,0.34607622
0,0,0.08805329
0,0,0.0722175
1,1,0.6932515
0,0,0.19757083
0,0,0.3306297
0,0,0.45733425
0,0,0.0432037
0,0,0.08838994
0,0,0.12646918
0,0,0.36642286
0,0,0.10849695
0,0,0.059485365
0,0,0.05992067
0,0,0.030823587
0,0,0.028502293
0,0,0.28063658
0,0,0.33623773
1,0,0.0836058
0,0,0.43782043
0,0,0.0651213
0,1,0.5405364
0,1,0.558337
0,0,0.037325766
0,0,0.15098451
0,0,0.07046027
0,0,0.0994086
0,0,0.085560545
0,0,0.26292786
0,0,0.23656277
0,0,0.1521261
0,0,0.116077036
0,0,0.053369693
0,0,0.27263013
0,0,0.058466624
0,0,0.10034901
0,0,0.277928
1,0,0.049464423
0,0,0.13495995
0,0,0.10406779
0,0,0.3322841
1,1,0.60699385
1,1,0.6705722
0,1,0.5184731
0,0,0.10292913
0,1,0.5627493
0,0,0.08608427
1,1,0.57051337
0,0,0.064098224
0,0,0.41992548
0,1,0.5573285
0,0,0.18751211
0,0,0.049284354
0,0,0.3926945
0,0,0.0603626
0,0,0.42759955
0,0,0.15294208
0,0,0.35500032
0,0,0.028702112
0,0,0.06694426
0,0,0.44077283
0,0,0.030505182
0,0,0.3556746
0,0,0.027737437
0,0,0.0381358
0,0,0.42551526
0,0,0.05476284
0,0,0.029085977
0,0,0.13771175
1,1,0.62407964
0,0,0.15846996
0,0,0.030896371
0,0,0.3189193
0,0,0.16147779
0,1,0.57743907
0,0,0.094693005
0,0,0.059000008
0,0,0.424801
0,0,0.36556077
0,0,0.05272819
0,0,0.26100767
0,0,0.27546257
0,0,0.29967916
0,0,0.16290468
0,0,0.08372996
0,0,0.3531782
0,1,0.5884674
0,0,0.23425987
0,0,0.19254704
0,1,0.7173108
0,0,0.027737437
0,0,0.47688493
1,0,0.19845197
0,0,0.06881715
0,0,0.039861463
0,1,0.609138
0,0,0.11820191
0,0,0.058414206
0,0,0.05393638
0,0,0.36108303
0,0,0.14189926
0,0,0.15346669
0,0,0.4504119
0,0,0.3469574
0,1,0.50720346
0,0,0.40667397
0,0,0.1336279
1,1,0.7449921
0,0,0.40329248
1,0,0.3449191
0,0,0.049378168
0,0,0.080772474
0,1,0.6019411
0,1,0.61501443
0,0,0.056838408
0,0,0.04709114
0,0,0.03876991
0,0,0.080648504
0,0,0.088150784
1,1,0.63454694
0,0,0.03532976
0,0,0.054063227
0,0,0.089205585
0,0,0.35528794
0,0,0.044376712
0,1,0.699339
0,0,0.11858379
0,1,0.5769888
0,0,0.114566915
0,0,0.3468654
0,0,0.3181627
0,1,0.6458483
0,0,0.20622326
1,1,0.6070805
0,0,0.15397932
0,0,0.16789994
0,0,0.2097541
0,0,0.040917184
0,0,0.31756774
0,1,0.53932214
0,0,0.051372293
0,0,0.041597813
0,0,0.09717493
0,0,0.08314025
0,0,0.07642078
0,0,0.07234718
0,0,0.1634742
0,0,0.38815382
0,0,0.06474005
0,1,0.520252
0,0,0.05438491
0,1,0.6650247
0,0,0.059000008
1,1,0.5397701
0,1,0.55786335
0,0,0.030823587
0,1,0.5344006
0,0,0.11671885
0,0,0.055472903
0,0,0.23825462
1,0,0.11432576
1,1,0.51848054
0,0,0.05814909
0,0,0.06466352
0,0,0.057205517
0,0,0.31356367
0,0,0.1889171
0,0,0.25788155
0,0,0.19833355
0,0,0.06334808
0,1,0.59079754
0,0,0.095464714
0,0,0.29357135
0,0,0.08867219
0,0,0.06232331
0,0,0.3435453
0,0,0.35279995
1,0,0.3134324
1,1,0.7011022
0,0,0.20774285
0,0,0.099732764
0,0,0.13928595
0,0,0.20648913
0,0,0.1679974
0,0,0.036870517
0,0,0.12401176
0,0,0.08134642
0,0,0.18653281
0,0,0.48693356
0,0,0.4170714
0,0,0.41533726
0,0,0.085000455
0,0,0.34227756
0,1,0.675529
0,1,0.70175016
0,1,0.62857026
1,1,0.53271824
0,0,0.04491581
0,0,0.05509694
0,0,0.06282931
0,0,0.43932974
0,0,0.4113596
0,0,0.22473986
1,0,0.19589108
0,0,0.05670331
0,0,0.28320667
0,0,0.059865154
0,1,0.75715846
0,0,0.08815993
0,0,0.084290035
1,1,0.50242597
0,0,0.053813104
0,0,0.098711655
0,0,0.10202227
0,0,0.44755226
0,1,0.52530146
0,0,0.054687954
0,0,0.078076124
0,1,0.50017285
0,0,0.09146114
1,0,0.41834813
0,0,0.093696244
0,0,0.3346667
0,0,0.05704711
0,0,0.2863255
0,0,0.2273895
0,0,0.27922794
0,0,0.31023842
0,0,0.45920268
0,0,0.32494947
0,0,0.15515067
1,0,0.26331687
0,0,0.3393206
0,0,0.49925
0,0,0.29217622
1,1,0.7292299
0,1,0.5106297
0,0,0.052660104
0,0,0.0737642
0,0,0.2694142
0,0,0.14876187
0,0,0.056019396
1,0,0.106198385
0,0,0.24081194
0,0,0.22857314
0,0,0.20450233
0,0,0.09820851
0,0,0.1450252
0,0,0.07887262
0,0,0.03822135
1,1,0.70758665
0,0,0.13035278
0,0,0.09960655
0,0,0.086565085
0,0,0.05551691
0,0,0.11873187
0,1,0.51728475
0,1,0.707366
0,0,0.09259819
0,0,0.4859343
0,0,0.053813104
0,0,0.39413646
0,0,0.2288431
0,0,0.3213876
0,1,0.6427769
0,0,0.05643674
0,0,0.07069348
0,1,0.56387484
0,1,0.5536223
1,0,0.43589267
1,1,0.7280415
0,0,0.16530442
0,0,0.18490793
0,0,0.06681206
0,0,0.079785794
0,0,0.028702112
0,0,0.19288492
0,1,0.57140446
0,0,0.06000678
1,1,0.71336603
0,0,0.04696654
1,0,0.37793013
0,1,0.55936134
0,0,0.34852076
0,0,0.10016081
0,0,0.05767798
0,1,0.64595944
0,0,0.33292404
0,0,0.0947802
1,0,0.056049563
0,0,0.06329033
0,0,0.3382311
0,0,0.27062598
0,1,0.6494071
0,0,0.0743968
0,0,0.24026014
0,1,0.6755251
0,0,0.09902663
0,0,0.3380522
0,0,0.22057219
0,0,0.058236144
1,0,0.43967026
0,0,0.0776218
0,0,0.25699404
0,0,0.10982911
1,1,0.6452036
0,0,0.07540783
0,1,0.6943008
0,0,0.031638637
0,0,0.38053414
1,0,0.4962557
0,0,0.0833831
0,0,0.46473598
0,0,0.337712
0,0,0.44940335
0,0,0.4956359
0,0,0.3329248
0,0,0.028160505
1,1,0.68369544
0,0,0.33427668
0,0,0.084747165
0,0,0.082257316
0,0,0.25464523
0,0,0.37748858
0,0,0.15030995
0,0,0.3368693
0,1,0.63565904
0,0,0.25784868
0,0,0.07146701
0,0,0.23198527
0,0,0.07976967
0,0,0.08688187
0,0,0.45314768
0,0,0.059766114
0,0,0.26292357
0,1,0.5676173
0,0,0.46712363
1,1,0.5007886
0,0,0.39289138
0,0,0.028702112
0,0,0.1740073
0,1,0.5145271
0,0,0.08463225
0,0,0.34358576
0,0,0.4510964
0,0,0.2096937
0,0,0.346205
0,0,0.057205517
0,0,0.042956863
0,0,0.25940743
0,0,0.22916588
0,0,0.4020817
0,0,0.38552076
0,0,0.31035894
1,1,0.5350992
0,0,0.37843725
0,0,0.22256055
1,1,0.7170279
1,1,0.7922745
1,0,0.058725532
0,0,0.04673458
0,0,0.39303547
0,0,0.0695479
0,0,0.056859273
0,0,0.049378168
0,0,0.039861463
0,0,0.48603728
1,1,0.6754027
0,0,0.0558131
0,0,0.2658618
0,1,0.6111999
0,0,0.038048528
0,0,0.19368151
0,0,0.3609674
0,0,0.084855184
0,0,0.2795211
0,0,0.08800533
0,0,0.21698287
0,0,0.062200736
1,1,0.59456706
0,0,0.33729294
0,0,0.1145552
0,1,0.602129
0,0,0.062888436
0,0,0.24671263
0,0,0.062070202
0,0,0.056705635
0,0,0.1844322
0,0,0.05919653
0,0,0.19739373
0,0,0.0452053
0,0,0.10006124
0,0,0.09805436
0,1,0.511974
0,0,0.062001597
0,0,0.060912568
0,0,0.24821422
0,0,0.2432018
0,0,0.05491082
0,0,0.06380877
0,0,0.3489013
0,0,0.029543644
0,0,0.36107808
0,0,0.03854756
0,0,0.4796571
0,0,0.04144935
0,0,0.036590256
0,0,0.22433484
0,0,0.1441832
0,0,0.1546501
0,0,0.042809434
0,1,0.62167364
0,0,0.034146026
0,0,0.2781945
0,0,0.4620799
0,1,0.55930984
0,1,0.55268115
0,0,0.09233244
0,1,0.5696686
0,0,0.13174394
1,1,0.709504
0,0,0.10305067
0,0,0.32216254
0,0,0.20667355
1,1,0.6290391
0,0,0.08678579
0,0,0.47522074
0,1,0.7195788
0,0,0.056262113
0,0,0.045348696
0,0,0.04573302
0,0,0.14253657
0,0,0.27243668
0,0,0.14671497
0,0,0.1267394
1,1,0.6913461
0,1,0.55567336
0,1,0.6175376
0,0,0.15060976
0,0,0.36325875
0,1,0.50714946
0,0,0.05568317
0,1,0.64453363
0,0,0.32906282
0,1,0.78635836
1,1,0.67317724
0,0,0.09070314
0,1,0.59500766
0,0,0.35273844
0,0,0.25398642
0,0,0.28780535
1,1,0.5594907
0,0,0.17633118
0,0,0.24937275
0,0,0.028008008
0,0,0.2879052
0,0,0.23052202
0,0,0.35700452
0,0,0.40003312
0,0,0.05026229
0,0,0.03444638
0,0,0.14527059
0,0,0.43869555
0,0,0.12686709
0,0,0.08370073
0,0,0.039131716
0,1,0.63182557
0,0,0.059380807
0,0,0.080648504
0,0,0.083325624
0,0,0.1775181
0,0,0.027718972
1,1,0.6137476
0,0,0.43000236
0,0,0.10137029
0,0,0.21173519
1,1,0.7920714
0,1,0.53946
0,0,0.11879911
0,0,0.44922382
0,0,0.0389623
0,0,0.2520319
0,1,0.660662
0,0,0.059429742
0,0,0.33743775
0,0,0.15780617
0,0,0.04541226
0,0,0.028702112
0,0,0.0669167
0,0,0.1413916
1,1,0.5753
0,0,0.06850471
0,1,0.77946305
0,0,0.27903348
0,1,0.51420546
0,0,0.40275273
0,1,0.5648408
0,0,0.056838408
0,0,0.24464075
0,1,0.5871614
0,0,0.46539763
0,1,0.77732086
0,0,0.2124431
0,0,0.2027887
0,1,0.7083355
0,1,0.50025797
0,0,0.05137578
0,0,0.058631632
0,0,0.43858993
0,0,0.05568317
0,0,0.34682634
0,0,0.32298145
0,0,0.090871386
1,1,0.7441206
0,0,0.051499777
0,0,0.055623986
0,0,0.3124902
0,0,0.3396828
0,0,0.09396176
0,0,0.04479694
0,1,0.61911774
1,1,0.7155552
0,0,0.029042775
0,0,0.16720036
0,1,0.6897612
0,0,0.2532982
0,0,0.052206293
0,1,0.70218027
0,1,0.6034742
0,0,0.14615145
0,0,0.08783515
1,1,0.74945366
0,0,0.047493823
0,0,0.38873532
0,0,0.0760817
0,1,0.6914618
0,0,0.042407025
0,0,0.11581781
0,0,0.05192887
0,0,0.083677
0,0,0.06512843
0,0,0.034381304
0,0,0.33556777
0,0,0.15079111
0,1,0.58008313
0,0,0.09395291
0,0,0.22749247
0,0,0.3121147
0,0,0.44224587
0,0,0.09229898
0,1,0.61064273
0,1,0.59080434
0,0,0.31815296
0,0,0.08542114
0,0,0.487955
0,1,0.66260666
0,0,0.060370877
0,0,0.476269
0,0,0.12311143
0,0,0.2633149
0,0,0.104358755
0,0,0.060227778
0,0,0.058577124
0,1,0.6111253
0,0,0.0565077
0,0,0.0665127
0,0,0.03627191
0,0,0.3544917
0,0,0.07623146
0,1,0.6719028
0,0,0.3742811
0,0,0.124803245
0,1,0.6041648
0,0,0.030457042
0,0,0.15999983
0,0,0.2696562
0,0,0.1713679
0,0,0.18821289
0,0,0.05982466
0,0,0.2776603
0,0,0.32327756
0,0,0.37883922
0,0,0.052136518
0,0,0.2401831
0,0,0.05665519
0,0,0.038024206
1,1,0.5658099
0,0,0.037749607
1,0,0.337187
0,1,0.53999054
0,0,0.2094854
0,0,0.120216236
0,0,0.16550645
0,0,0.093453415
0,0,0.09755838
0,0,0.09949599
0,0,0.073695995
0,0,0.26230943
0,0,0.0995683
0,1,0.5967362
0,0,0.47338134
1,0,0.3348773
0,0,0.23902267
0,0,0.22369955
1,0,0.46563488
1,1,0.7367259
1,0,0.475772
0,0,0.40223008
0,0,0.030896371
0,0,0.18741502
0,0,0.15132192
1,0,0.13789453
0,1,0.69663894
0,0,0.05767798
0,0,0.04037411
0,0,0.14593577
0,0,0.48291177
0,1,0.7204032
0,0,0.13882507
0,0,0.124630146
0,1,0.5975821
0,1,0.57664806
0,0,0.05020346
1,0,0.41136482
0,0,0.028502293
0,0,0.028702112
0,0,0.053813104
0,0,0.29914457
0,1,0.67931503
0,0,0.11507121
1,0,0.07889856
0,0,0.33252627
0,1,0.5410049
0,0,0.11861958
0,0,0.053813104
0,0,0.031967293
0,0,0.42292726
0,0,0.09685345
0,0,0.20267595
0,1,0.52652776
0,0,0.2573651
0,0,0.14687039
0,0,0.054546427
0,0,0.19046296
0,0,0.42258313
0,0,0.07926156
0,0,0.10868557
0,0,0.25641876
0,0,0.056129515
0,1,0.69362235
0,1,0.5483498
0,0,0.21843387
0,0,0.13195
0,0,0.06777903
1,0,0.4815975
0,0,0.081792906
0,0,0.12737551
1,1,0.5310342
0,1,0.5130098
0,0,0.30385303
0,0,0.064887196
0,0,0.29245538
0,1,0.57159483
0,1,0.5677784
0,0,0.057006937
0,0,0.1522456
0,0,0.063422725
0,0,0.48839638
0,0,0.26972473
0,0,0.1317323
0,0,0.39444873
0,1,0.5102866
0,0,0.15539269
0,0,0.21091115
0,0,0.35817257
0,0,0.1258696
0,0,0.14432636
0,0,0.072998695
0,1,0.5829652
1,1,0.50505644
0,0,0.2660002
0,0,0.37796983
0,0,0.22767437
0,0,0.44313297
0,0,0.3601472
0,1,0.6200978
0,0,0.4821243
0,0,0.05767798
0,0,0.028008008
1,1,0.6612113
0,0,0.09926653
0,0,0.0809266
0,0,0.28649354
0,1,0.59071887
0,0,0.14917909
0,0,0.042353243
0,1,0.6557483
0,1,0.7535505
0,0,0.060960885
0,0,0.101221405
0,1,0.540303
1,1,0.6275141
0,0,0.09013743
0,0,0.49668404
0,0,0.086215846
0,0,0.06548102
0,0,0.06323062
1,1,0.5018335
0,0,0.3580433
0,0,0.32065716
0,0,0.05568317
1,1,0.56714624
0,0,0.053385414
0,0,0.435658
0,0,0.3119517
0,0,0.3246354
0,0,0.24124528
0,0,0.3491576
0,0,0.027587168
0,0,0.145066
0,1,0.6570069
0,0,0.36613354
0,0,0.44466752
0,0,0.12050555
0,0,0.3524242
0,0,0.15741043
0,0,0.084671855
1,0,0.4380121
0,0,0.102988
0,1,0.53168
0,1,0.5128029
0,0,0.028160505
0,0,0.07837122
0,0,0.07199034
0,0,0.035033
0,1,0.506275
0,1,0.68446755
0,0,0.4526416
1,1,0.54798716
1,1,0.5437218
0,0,0.057247657
0,1,0.55406916
0,0,0.028008008
1,1,0.7268474
0,0,0.20811836
0,0,0.18702416
0,0,0.060639188
0,0,0.2275461
0,0,0.083684646
0,1,0.54289204
0,0,0.26408657
0,0,0.09733881
0,0,0.24686232
0,0,0.03109566
0,0,0.20957024
0,0,0.0760515
0,1,0.534459
0,0,0.085801214
0,0,0.05627383
1,0,0.123586036
0,0,0.053995725
0,0,0.038841162
0,0,0.07540565
0,0,0.028947866
0,1,0.6873007
0,0,0.09659934
0,0,0.028702112
0,0,0.06431368
0,0,0.29342186
0,0,0.09707802
0,0,0.047066048
0,0,0.038499247
0,0,0.47298685
0,0,0.3889293
0,0,0.26925382
0,0,0.44828162
0,0,0.03907986
0,0,0.12435594
0,0,0.12047438
0,0,0.38149783
0,0,0.28134057
0,0,0.358776
1,1,0.5839738
0,0,0.29874066
1,0,0.4757515
0,0,0.10198156
1,1,0.58163464
0,0,0.34741497
0,0,0.053813104
0,0,0.3171154
0,0,0.10147321
0,1,0.5612441
0,0,0.034304433
1,1,0.6752696
0,0,0.06965329
0,0,0.3870693
0,0,0.028947866
0,0,0.122939594
1,1,0.50199366
0,0,0.35791212
0,0,0.46111006
0,0,0.059852667
0,0,0.055260655
1,1,0.62950635
0,0,0.0330911
0,0,0.05149483
0,0,0.081152596
0,0,0.066412956
0,1,0.81676424
0,0,0.48877233
0,0,0.14262398
1,1,0.71782166
0,0,0.05721299
0,0,0.16547465
0,0,0.052390844
0,0,0.08243003
0,0,0.03972147
0,0,0.08850363
0,0,0.09038883
0,0,0.3451172
0,1,0.7137512
0,0,0.09249243
0,0,0.1460877
0,0,0.39327908
0,1,0.71157336
0,0,0.1104508
0,0,0.12069172
0,1,0.5604253
0,0,0.10568398
0,0,0.115027174
0,0,0.12882514
1,0,0.468827
0,1,0.514931
0,0,0.05381222
0,0,0.05242298
0,0,0.03109566
0,0,0.028502293
0,0,0.09666992
0,0,0.0927113
0,0,0.058376487
0,0,0.084862374
0,0,0.28167674
0,0,0.0455886
0,0,0.06392533
0,0,0.06022584
0,0,0.117673606
0,0,0.07871047
0,0,0.27385962
0,0,0.47410825
0,1,0.5610326
0,1,0.6100543
0,0,0.029349774
0,1,0.52869827
0,0,0.055260655
0,0,0.43245104
0,0,0.062494256
0,0,0.028008008
0,0,0.107703544
0,1,0.6623027
0,0,0.059870765
0,0,0.04783215
0,1,0.56628776
0,0,0.085501395
0,0,0.3894252
0,0,0.4198499
0,0,0.08500119
0,0,0.3618753
0,0,0.4305222
1,1,0.8060043
0,0,0.24776548
0,0,0.08198067
0,0,0.06466015
0,0,0.062888436
0,0,0.17141342
0,0,0.13338652
0,0,0.052145664
0,0,0.3898044
1,1,0.56160694
0,0,0.068839386
0,0,0.20922644
1,1,0.6270318
0,0,0.16527267
0,0,0.057198785
0,0,0.054459713
0,0,0.35482374
0,1,0.6311845
0,0,0.37842196
0,1,0.502588
0,0,0.05003945
0,0,0.09302209
0,0,0.08067664
0,1,0.6015707
0,0,0.35151413
0,1,0.52690387
1,0,0.124500655
0,0,0.3249226
1,1,0.546318
0,0,0.2167029
1,1,0.6858301
1,1,0.58425725
0,0,0.031638637
0,1,0.5362811
0,0,0.24232124
1,0,0.34175396
0,0,0.36006597
0,1,0.70195615
0,1,0.5517465
0,1,0.7085932
0,0,0.08995643
0,0,0.28048787
0,0,0.23530188
1,0,0.04734388
1,0,0.41294923
0,0,0.14428222
0,0,0.0980847
0,0,0.09770372
0,1,0.71620405
0,0,0.071295366
0,0,0.028160505
0,0,0.4066901
0,0,0.36811024
1,1,0.5572998
0,0,0.3512661
0,0,0.15170543
0,1,0.5366892
0,0,0.316159
0,0,0.14825603
0,0,0.06594185
0,0,0.08533023
0,0,0.065323986
0,0,0.45173058
0,0,0.044748064
0,0,0.43962175
0,1,0.5403297
0,0,0.03169188
0,0,0.04322798
0,0,0.28370526
0,1,0.57093656
0,0,0.096247844
1,1,0.6093754
0,0,0.26031303
0,0,0.05384072
0,0,0.41821098
0,0,0.028502293
0,0,0.14772026
0,0,0.080071986
0,0,0.36278474
0,0,0.030313423
0,0,0.042830717
0,1,0.666302
0,0,0.027587168
0,0,0.16371183
0,1,0.54497474
0,0,0.4386275
0,0,0.20689139
0,0,0.3356366
0,0,0.14941047
0,1,0.50015265
0,0,0.031967293
1,0,0.42007285
0,0,0.0545369
0,1,0.620973
0,0,0.3177525
0,0,0.26264796
0,0,0.042809434
0,0,0.3667877
0,0,0.38226953
0,0,0.33636117
0,0,0.033089343
1,1,0.6929731
0,0,0.09854497
1,0,0.4783857
0,0,0.10594905
1,1,0.59177107
0,0,0.37813905
0,0,0.32883415
0,0,0.18829753
0,0,0.1369693
0,1,0.52212423
1,1,0.8354469
0,0,0.37843683
0,0,0.24034171
0,0,0.0831794
0,0,0.09809746
0,0,0.030047981
1,0,0.4783857
0,0,0.23096873
0,0,0.082006924
0,0,0.49684012
0,0,0.40973157
0,0,0.04222941
0,0,0.1592254
0,1,0.80162394
1,0,0.43970457
0,0,0.41690934
0,0,0.14079142
0,0,0.22300002
0,1,0.65681845
0,0,0.2361889
0,0,0.03800826
0,0,0.3147164
0,0,0.3319771
0,0,0.05939048
0,0,0.0944599
0,0,0.3034784
0,0,0.0743844
0,1,0.6263794
0,0,0.030285323
0,0,0.13866664
0,0,0.028702112
0,0,0.31165415
0,0,0.48359963
0,0,0.1002128
0,1,0.6378947
0,0,0.24564064
0,0,0.3856155
0,0,0.06331467
0,0,0.21733506
0,1,0.504827
0,0,0.07033531
0,0,0.0641294
0,0,0.10199661
0,0,0.4822652
0,0,0.10792436
0,0,0.055100083
0,0,0.08957738
0,0,0.08059044
0,0,0.13694203
0,0,0.06205768
0,0,0.23748924
0,0,0.20087607
0,0,0.21340433
0,1,0.74978685
0,1,0.5902695
0,0,0.35369027
1,0,0.4905806
0,0,0.32722732
0,0,0.16716215
0,0,0.12842268
0,0,0.11835401
0,1,0.54683954
1,1,0.6196299
0,0,0.118254565
0,0,0.08553164
0,0,0.06386048
0,0,0.06406791
0,0,0.32587588
0,1,0.6605975
0,0,0.059127443
0,0,0.11497565
0,0,0.2584281
0,0,0.08629392
0,0,0.05771149
0,1,0.5895949
0,0,0.25117892
0,0,0.25271136
0,0,0.45194864
0,1,0.63276416
0,0,0.3722664
0,0,0.2885515
1,1,0.62591285
1,0,0.4993136
0,0,0.08035259
0,0,0.0893245
0,1,0.50925446
0,0,0.08628112
0,0,0.057651717
1,0,0.24338181
0,0,0.19359696
0,0,0.46621037
0,0,0.0432037
0,1,0.5057974
0,0,0.25620964
0,0,0.40810826
1,0,0.072458066
0,1,0.75387555
0,0,0.34142342
0,0,0.3010118
0,1,0.5944814
0,0,0.17910957
0,1,0.6209634
0,0,0.037415043
0,0,0.18957466
0,0,0.05551691
0,0,0.09276723
0,0,0.30954626
0,0,0.48533267
0,0,0.15452573
0,0,0.2710249
0,0,0.28134057
0,0,0.09578635
0,0,0.1849125
0,0,0.052823704
0,0,0.23813619
0,0,0.36288863
0,0,0.082616694
0,0,0.37740615
0,0,0.054607276
0,0,0.23378396
0,0,0.15944412
1,0,0.27663323
0,0,0.35671434
0,0,0.32810262
0,0,0.096604645
0,0,0.31924173
0,0,0.16620831
0,0,0.053888455
1,1,0.57280743
0,0,0.09843819
0,0,0.039873645
0,0,0.14538938
0,0,0.49781495
0,0,0.31171116
0,1,0.6019513
1,1,0.57849854
0,0,0.29005072
0,0,0.084734
0,0,0.0648599
0,0,0.08434312
0,0,0.08598592
0,0,0.14557576
0,0,0.028502293
1,0,0.40478125
0,0,0.4147914
0,1,0.63178504
0,0,0.34624672
0,0,0.14780803
0,0,0.0919485
0,0,0.09336365
0,0,0.074018046
0,0,0.04153169
0,0,0.05298973
0,0,0.1274456
0,0,0.24501091
0,0,0.07577459
0,0,0.29264998
0,0,0.36369747
0,0,0.08535855
0,0,0.43243092
0,0,0.056441702
0,0,0.065390825
0,0,0.07709172
0,0,0.058032777
0,0,0.08273034
0,0,0.08076707
0,0,0.05670331
0,0,0.089249164
0,0,0.09767296
0,0,0.20633565
0,0,0.06041433
0,0,0.46906713
1,0,0.37365207
0,0,0.4957894
0,0,0.07960758
0,1,0.55721295
0,0,0.059658803
0,1,0.64064175
0,0,0.14774197
0,0,0.34928647
0,0,0.17441344
0,0,0.057590872
0,0,0.058023468
0,1,0.7957383
0,0,0.027587168
0,0,0.15635754
0,1,0.59566724
0,0,0.3563863
0,0,0.4545833
0,1,0.7358019
0,0,0.07448992
0,0,0.061120942
0,0,0.14539187
0,0,0.08152103
0,0,0.29794973
0,0,0.42433366
0,0,0.3068862
0,0,0.04867263
0,0,0.1350071
0,0,0.20231064
0,0,0.094643824
0,0,0.37406108
0,0,0.11038138
0,0,0.123797856
0,1,0.597862
0,0,0.31656614
1,0,0.47784755
0,0,0.028502293
0,0,0.24489683
0,0,0.13571262
1,1,0.5592895
0,0,0.3429588
0,0,0.25692427
0,0,0.09676954
0,1,0.50759983
0,1,0.5862472
0,0,0.35134727
0,0,0.060511306
0,1,0.5092546
0,0,0.118789114
0,0,0.12484055
0,0,0.39413646
0,0,0.028502293
1,0,0.333688
1,0,0.25825357
0,0,0.45536983
0,0,0.054279756
0,1,0.6874675
0,0,0.040185384
0,0,0.35926738
1,0,0.08949553
0,0,0.09655763
0,0,0.0633372
0,1,0.5397925
0,0,0.22478081
0,0,0.18026021
0,0,0.1226695
0,0,0.036800217
0,0,0.2694462
0,0,0.10670744
0,0,0.2382156
0,0,0.06427652
0,0,0.028702112
0,0,0.06079753
0,1,0.51477975
0,0,0.13238566
0,0,0.25326875
0,0,0.079873525
0,0,0.23803557
0,0,0.060320187
0,0,0.13640136
0,1,0.5266998
0,0,0.1649328
0,1,0.6070144
0,0,0.06190704
0,0,0.097728185
0,0,0.19786386
0,1,0.601532
0,0,0.028160505
0,0,0.047651518
0,0,0.104806915
0,0,0.05933453
0,0,0.047330685
0,0,0.26664788
0,0,0.05104752
0,0,0.14685893
0,0,0.10557157
1,1,0.5403736
0,1,0.53722596
1,0,0.22858234
0,0,0.061553437
0,0,0.22348502
0,0,0.26412448
1,0,0.4422326
0,0,0.056785416
0,0,0.0728256
0,0,0.17195222
0,0,0.26261818
1,1,0.5025888
0,0,0.17894268
0,0,0.33272687
0,0,0.41184896
0,0,0.031464282
0,0,0.084721275
1,0,0.45410594
0,0,0.05242998
0,1,0.6778696
0,0,0.04774666
0,0,0.09791756
0,0,0.36241317
0,0,0.08032521
0,0,0.36671817
0,0,0.053589594
0,0,0.43237323
0,0,0.23953179
0,1,0.620824
0,1,0.58489424
0,0,0.105483964
0,0,0.19794771
0,0,0.4128313
0,0,0.028008008
0,0,0.28615305
0,1,0.5069441
0,0,0.24202228
1,1,0.8070111
0,0,0.4333958
0,0,0.45234036
0,0,0.037746195
0,0,0.25410983
0,0,0.0876631
0,0,0.082510345
0,0,0.07516667
0,0,0.3427621
1,1,0.71992123
0,0,0.30884224
0,0,0.123446494
0,0,0.14395538
0,0,0.13144623
0,1,0.7805877
0,0,0.38223106
1,1,0.81814945
1,1,0.5108412
0,0,0.03808041
0,0,0.21147166
0,1,0.53153676
0,0,0.3303257
0,1,0.688434
0,0,0.4096961
0,0,0.14011711
0,0,0.35318753
0,0,0.48948386
0,0,0.38983738
0,0,0.2844301
0,0,0.25887513
0,0,0.04965813
0,0,0.39434582
0,0,0.09377558
0,1,0.7609117
1,0,0.18449256
0,0,0.30008334
0,0,0.303594
0,0,0.39274332
0,1,0.5302053
0,0,0.16310681
0,0,0.05966638
0,0,0.47788674
0,0,0.0896236
0,0,0.048068564
0,0,0.037749607
0,1,0.6621194
0,0,0.22269455
0,0,0.45078948
0,0,0.11432395
0,0,0.44838688
0,0,0.084679894
1,1,0.8397534
0,1,0.67441773
0,0,0.097596124
0,0,0.06227915
0,0,0.033021733
0,0,0.10326827
0,0,0.092310645
0,0,0.028160505
0,0,0.13875428
0,0,0.028008008
0,0,0.075484544
0,0,0.03723872
0,0,0.13347147
1,1,0.54710466
0,0,0.10699064
0,0,0.07104788
0,1,0.71354234
0,0,0.32503304
1,0,0.083426975
0,0,0.030400515
1,0,0.45572427
0,0,0.057407077
0,0,0.042956863
0,0,0.08254045
0,0,0.07875035
0,0,0.063684076
0,0,0.11569023
0,0,0.06702062
1,0,0.4174697
0,0,0.05644401
1,1,0.5150675
0,0,0.098459356
0,0,0.10749869
1,0,0.4397896
0,0,0.25344604
0,0,0.08701285
0,0,0.04541226
0,0,0.44363287
0,0,0.47308362
0,0,0.05927225
0,0,0.10686023
0,0,0.03332484
1,0,0.056949157
0,0,0.35963392
0,0,0.21495691
0,0,0.03627191
0,0,0.18340772
0,0,0.08391784
1,1,0.79227036
0,0,0.059214324
0,0,0.3145587
0,0,0.34737796
0,1,0.6946373
0,0,0.13324851
0,0,0.09960375
0,1,0.6561047
0,0,0.028502293
1,0,0.37004045
0,1,0.6935129
0,1,0.5114434
0,1,0.7521305
0,0,0.056593295
0,0,0.14733548
0,1,0.60956407
0,0,0.1119734
0,1,0.51994747
0,1,0.50443196
0,1,0.71965855
0,0,0.16225082
0,0,0.11950001
0,0,0.09307477
0,0,0.2660915
0,0,0.4113262
1,1,0.56905365
0,0,0.29871678
0,0,0.11695028
0,0,0.14557558
0,0,0.05401962
0,0,0.04703541
0,0,0.0672786
1,1,0.6358945
0,0,0.091736875
0,1,0.53274226
0,0,0.40254125
0,0,0.31234547
0,0,0.08786387
1,0,0.47868478
0,0,0.08857239
0,0,0.29686663
0,1,0.5850525
0,0,0.49925095
1,0,0.27521247
0,0,0.08916978
0,0,0.22895363
0,0,0.09154363
0,1,0.5152287
0,0,0.3319232
0,0,0.104863815
0,0,0.07088198
0,1,0.5712482
0,0,0.08267667
0,0,0.37253323
0,0,0.26483336
0,0,0.38088492
0,0,0.06067238
0,0,0.040609915
0,1,0.70148516
0,0,0.46769023
1,1,0.5050078
0,0,0.48389503
0,0,0.05605851
0,1,0.50127983
0,0,0.028702112
0,0,0.24638815
0,0,0.36717302
0,0,0.061220925
0,0,0.107703544
1,0,0.3743366
0,1,0.6318021
0,0,0.16023284
1,1,0.5431363
0,0,0.39382216
0,0,0.05730255
0,0,0.043499164
0,0,0.14471483
1,1,0.5564514
0,0,0.08900137
0,0,0.10023813
0,0,0.11245528
0,0,0.033089343
0,1,0.51009756
0,0,0.27060837
0,0,0.14114381
1,0,0.3667877
0,0,0.05104752
0,0,0.053748883
0,0,0.048917163
0,0,0.479967
0,0,0.058097165
0,0,0.10429192
0,0,0.4738048
0,0,0.056675147
0,0,0.05520232
0,0,0.06000678
0,0,0.03343255
0,0,0.045654476
0,0,0.36824754
0,0,0.0656076
0,0,0.10423846
0,1,0.5459244
0,0,0.10683167
0,0,0.10219652
0,0,0.095293105
0,0,0.07864689
0,0,0.4809771
0,0,0.3509688
0,1,0.6450738
0,0,0.060598273
0,0,0.09267829
0,1,0.57169324
0,1,0.5067923
0,0,0.33622107
0,0,0.13334545
0,0,0.4755893
0,0,0.095772184
0,0,0.056295913
0,0,0.3034784
1,0,0.3377636
0,0,0.13527055
0,0,0.14959307
0,1,0.6163748
0,0,0.09476763
0,0,0.19806334
0,0,0.040167786
0,0,0.11130937
0,0,0.2606395
0,0,0.124230236
0,1,0.5300128
1,1,0.6161285
0,1,0.8000216
0,0,0.23280449
0,0,0.03971301
1,1,0.6047622
0,1,0.7042897
0,0,0.03876991
0,0,0.14860433
0,0,0.34587577
0,0,0.0682023
0,0,0.41865492
0,0,0.05856021
0,0,0.4392611
1,1,0.54819846
0,0,0.052771207
0,0,0.2763189
0,0,0.365003
0,1,0.527423
0,0,0.039406206
1,0,0.21963254
1,1,0.809775
0,0,0.040551886
0,0,0.10518894
0,0,0.15105449
0,1,0.65239626
1,1,0.7332635
0,0,0.08793094
1,1,0.64990556
0,0,0.06837659
0,0,0.28632957
0,0,0.0432037
0,0,0.24250223
0,0,0.26367813
0,1,0.59529316
1,0,0.091245204
0,0,0.4481632
0,1,0.7247422
0,1,0.5774971
0,0,0.0802719
0,0,0.07787004
0,0,0.25703
0,0,0.07096145
0,0,0.37275732
0,0,0.38135147
0,0,0.39212087
0,0,0.098428205
0,0,0.28726146
0,0,0.49014792
0,0,0.03822135
0,1,0.6730279
0,1,0.5507309
0,0,0.19735007
0,0,0.080410585
0,1,0.6038624
0,0,0.11869655
0,0,0.042630207
1,1,0.5073105
0,0,0.20635918
0,1,0.64212894
0,0,0.05197012
1,1,0.6831243
0,0,0.03911381
0,0,0.32731643
0,0,0.028702112
0,0,0.028008008
0,0,0.104775146
0,0,0.20052202
0,0,0.15205897
0,1,0.70582324
0,0,0.044256438
0,0,0.3563685
0,0,0.25127196
0,0,0.07349844
0,0,0.027737437
0,0,0.028502293
0,0,0.165439
0,0,0.10504581
0,0,0.2079812
0,0,0.051740903
0,1,0.77185994
0,0,0.03104213
0,1,0.525975
0,0,0.16929406
0,1,0.50622576
0,0,0.0558131
0,1,0.5075022
0,0,0.28374892
0,0,0.38613832
0,0,0.30263978
0,0,0.13267818
0,0,0.08539229
1,1,0.5310775
0,0,0.27283812
0,0,0.028008008
0,0,0.14516616
1,1,0.6624821
0,0,0.4143205
0,0,0.08876852
0,0,0.039720558
0,0,0.07116616
0,0,0.2778096
0,0,0.17378236
0,0,0.041105762
1,0,0.48247892
0,0,0.0432037
0,0,0.028160505
0,0,0.05643674
0,0,0.215647
1,1,0.6583686
1,1,0.52645105
0,0,0.19456059
1,1,0.6797481
0,0,0.1053587
0,0,0.08500119
1,0,0.43136892
0,0,0.1477995
0,0,0.05020346
0,0,0.4170673
0,0,0.20917135
0,0,0.054607276
0,0,0.086565085
0,0,0.36519265
0,0,0.13367666
1,0,0.4424534
0,0,0.36952248
0,0,0.087989174
0,0,0.052236672
0,0,0.3594253
0,0,0.14241356
0,1,0.6037159
1,0,0.31986374
0,0,0.3820671
0,0,0.2825061
0,0,0.34369168
0,0,0.13396548
0,0,0.051366277
0,1,0.51906985
0,1,0.589368
0,0,0.03869802
0,1,0.65579087
0,0,0.05627383
1,1,0.7830288
0,0,0.02863834
0,0,0.30812067
0,1,0.51850086
0,0,0.20537078
0,0,0.03343255
0,0,0.15191896
0,0,0.09660935
0,0,0.04325359
0,0,0.08132505
0,0,0.087275565
0,0,0.3358383
0,0,0.0761331
1,0,0.4528643
0,0,0.096455455
0,0,0.46281853
0,1,0.54885435
1,0,0.35531458
0,0,0.14867458
0,0,0.19566646
0,0,0.3221856
0,1,0.5969079
0,0,0.059505578
0,0,0.05781082
0,1,0.5143676
1,0,0.10373442
0,0,0.028160505
0,1,0.6643564
0,0,0.07779494
1,0,0.32269245
0,0,0.060616236
1,1,0.681068
0,1,0.77568656
0,1,0.51488453
0,0,0.027737437
0,0,0.051224276
0,0,0.33896467
0,0,0.18103305
0,0,0.117937185
0,0,0.12718502
1,0,0.3484549
1,0,0.4758265
0,0,0.1378138
0,0,0.027587168
0,0,0.22416808
0,0,0.38242516
0,0,0.34348977
0,0,0.0865762
0,0,0.2647651
0,1,0.5872497
0,0,0.09667604
0,0,0.22057642
0,0,0.14648241
0,0,0.05494723
0,0,0.06583117
0,0,0.057855196
0,0,0.05970084
0,0,0.120660976
0,0,0.0753318
0,0,0.42680117
0,0,0.028008008
0,0,0.46715307
0,0,0.033089343
0,0,0.08333769
1,1,0.7231361
0,0,0.13521436
0,0,0.26040876
0,0,0.32143402
0,0,0.03343255
1,0,0.33161977
0,0,0.26536644
0,0,0.26347843
0,0,0.17222504
0,0,0.061188497
0,1,0.61447406
0,0,0.48658276
0,0,0.30478638
0,1,0.63322973
0,0,0.03408963
0,0,0.028401755
0,0,0.3244815
0,0,0.08694792
0,1,0.51876956
0,0,0.06281743
0,1,0.56448007
0,0,0.06681472
0,0,0.14259546
0,1,0.5897889
0,0,0.3278727
0,0,0.16528338
0,0,0.08723218
0,0,0.4384925
0,0,0.25446358
0,0,0.46603203
0,0,0.45881972
0,0,0.028160505
0,0,0.20249511
0,0,0.47288835
0,0,0.0884233
0,0,0.4023534
0,1,0.8146022
0,0,0.07142288
1,1,0.54704034
0,0,0.31074154
0,0,0.056134086
0,1,0.5744445
0,0,0.027587168
0,0,0.05619023
0,0,0.077205434
0,0,0.1237971
1,1,0.5381078
0,0,0.041488443
0,0,0.08755451
0,0,0.42910066
0,0,0.3193131
0,1,0.548821
0,0,0.04103685
0,0,0.046237122
0,0,0.09470364
0,0,0.25723866
1,1,0.70087856
0,0,0.040716395
0,0,0.098898984
1,1,0.72812223
0,1,0.5757266
0,0,0.19099653
1,1,0.72499907
0,0,0.027587168
0,0,0.11976107
0,1,0.5060018
0,0,0.080470145
0,0,0.1755186
1,1,0.62829465
0,0,0.05716922
1,1,0.6826425
0,1,0.6579817
0,1,0.52082676
0,0,0.31028244
0,0,0.027718972
0,0,0.4401312
0,1,0.5250125
0,0,0.08856213
0,0,0.05856021
0,0,0.057061248
0,0,0.32185784
0,1,0.57398266
0,0,0.08225221
0,0,0.049216323
0,0,0.28670904
0,0,0.3679105
0,0,0.092858784
0,0,0.34085208
0,1,0.52854127
0,0,0.08345283
0,0,0.43276286
0,0,0.28905284
0,0,0.05939251
0,0,0.030101005
1,1,0.7107738
0,0,0.066971794
0,0,0.21216625
0,0,0.3580878
0,0,0.042407025
0,0,0.08399599
0,0,0.30593288
0,0,0.23510431
1,0,0.45487282
0,0,0.39931405
0,0,0.060616236
0,0,0.08980546
0,0,0.057243813
0,0,0.06695103
0,0,0.21964778
0,0,0.10751302
1,1,0.7239435
0,0,0.4705261
0,0,0.05670331
0,0,0.13159414
0,1,0.5699099
0,0,0.10672566
0,0,0.058590643
0,1,0.6022181
0,0,0.04266685
0,0,0.083737314
0,0,0.06067238
0,0,0.06882253
0,1,0.53839815
1,1,0.72315973
1,1,0.6300954
0,0,0.08402435
0,1,0.59145653
0,0,0.21768086
0,0,0.23421179
0,0,0.06333173
0,0,0.2919954
0,0,0.41564935
0,0,0.051642757
1,1,0.5173137
0,0,0.13612972
0,0,0.08854133
0,0,0.0432037
0,1,0.61053044
0,0,0.3640057
0,0,0.38889498
0,0,0.05902332
0,0,0.15257177
0,0,0.061712146
0,0,0.24901855
1,1,0.8046444
0,1,0.5779452
0,0,0.056363363
0,0,0.49088734
0,0,0.067671694
0,0,0.09609033
0,0,0.22541913
0,1,0.598338
0,1,0.7662647
0,1,0.5027571
0,0,0.37788156
1,1,0.78354657
0,0,0.07553288
0,0,0.05491082
0,0,0.077028625
0,1,0.5730134
0,0,0.15252662
1,0,0.49895456
0,0,0.2601828
0,0,0.058706608
0,0,0.027737437
0,1,0.5106305
0,0,0.06539427
0,0,0.28045252
0,0,0.35572278
0,0,0.39096746
0,0,0.15870194
0,0,0.060370877
0,0,0.06823315
0,1,0.5562395
0,0,0.12866466
0,0,0.044303488
0,0,0.28370526
0,0,0.46055582
0,0,0.028502293
0,0,0.13530988
0,0,0.23916404
0,1,0.8205922
0,1,0.7127288
1,1,0.6946759
0,0,0.19423863
1,0,0.4519491
0,0,0.20484506
0,0,0.089697994
1,0,0.35403743
0,0,0.09324541
0,0,0.21518223
0,0,0.4473179
0,0,0.041780725
0,0,0.41556284
1,1,0.55274427
0,0,0.029968912
1,0,0.09070314
0,0,0.36375082
0,0,0.13629882
0,0,0.11890803
0,0,0.057530835
1,1,0.7994855
0,0,0.090805516
1,0,0.19742051
0,0,0.05591855
0,1,0.54720604
0,0,0.13893537
1,1,0.6205298
0,0,0.34079263
0,0,0.1203441
0,0,0.046142243
1,1,0.7110932
0,1,0.65770227
0,0,0.062888436
1,1,0.65144795
0,0,0.44842732
1,1,0.66075695
0,0,0.063761264
0,1,0.54062676
0,1,0.63419366
0,0,0.48668107
0,0,0.029394949
0,0,0.2518719
0,0,0.09186681
0,0,0.09706053
0,0,0.29676655
0,0,0.24947485
0,1,0.6792357
0,0,0.06042798
0,0,0.06301754
0,0,0.40413347
1,0,0.2685641
0,1,0.5136166
0,0,0.2906143
1,1,0.6268039
0,0,0.3870693
0,0,0.03343255
0,1,0.7596926
0,0,0.08000458
0,0,0.05438491
0,0,0.068128996
0,0,0.37307042
0,1,0.7511555
0,0,0.04336756
0,1,0.77052
0,0,0.0938113
0,0,0.089141645
0,0,0.031387787
0,0,0.06254405
0,0,0.059714377
0,0,0.08042164
0,0,0.28857166
0,1,0.6500223
0,1,0.72482556
0,0,0.086168855
0,0,0.111307986
0,0,0.23146144
0,0,0.04350477
0,0,0.07134568
0,0,0.49414164
1,0,0.12826268
0,0,0.2992703
1,1,0.7333184
1,1,0.7315927
0,0,0.04491581
0,0,0.45687705
0,0,0.45524022
1,0,0.31771567
0,0,0.37638924
1,1,0.6707555
0,0,0.084782586
0,0,0.11578794
0,0,0.029854048
0,0,0.39800885
0,0,0.028401755
1,1,0.57377064
0,0,0.3201742
0,0,0.13397561
1,0,0.45165315
0,0,0.1227795
0,1,0.66672736
1,0,0.3987038
1,0,0.45973298
0,0,0.32102233
1,0,0.2184563
0,0,0.3537401
0,0,0.23980491
0,0,0.24255016
0,0,0.13589099
0,0,0.18156883
0,0,0.08821357
0,0,0.05935819
0,0,0.20139578
0,0,0.2629837
0,0,0.09451591
0,0,0.4931003
0,0,0.17474332
0,0,0.45238376
1,1,0.6279577
0,0,0.20172977
0,0,0.09452742
0,0,0.13968338
0,0,0.32929942
0,0,0.27125022
0,0,0.13062185
1,0,0.078673795
0,0,0.1129146
0,0,0.10665374
0,0,0.3312522
0,0,0.05438491
0,0,0.058706608
0,1,0.5566781
0,1,0.5368408
0,0,0.06932046
0,0,0.028702112
0,1,0.633538
0,0,0.08256785
0,1,0.57080585
0,0,0.08501703
0,0,0.25917524
0,0,0.037143186
0,0,0.037415043
0,0,0.29057664
0,0,0.08665337
0,1,0.51817733
0,0,0.26947355
0,0,0.08434714
0,0,0.43428224
0,1,0.7155243
0,1,0.581433
0,0,0.36678803
0,0,0.08066218
0,0,0.09426224
0,0,0.056129515
0,0,0.036820218
1,1,0.6087353
0,1,0.58072764
0,0,0.42227152
0,0,0.05558709
0,0,0.16594109
0,0,0.028702112
0,1,0.55632234
0,0,0.22983158
0,0,0.4853215
0,0,0.040167786
0,0,0.05916741
0,0,0.03047866
0,0,0.039873645
0,0,0.058466982
0,0,0.056986198
1,1,0.51427555
0,1,0.6658421
0,1,0.6762893
0,0,0.055329453
0,0,0.030285323
0,0,0.052973554
0,0,0.15656959
0,0,0.03973986
0,0,0.14815108
0,0,0.056280345
0,0,0.25821605
0,0,0.43513504
0,1,0.502366
0,0,0.46452558
1,1,0.61273867
0,1,0.5909359
0,0,0.1352923
0,0,0.0591527
0,0,0.028947866
1,1,0.6533415
1,1,0.69282943
0,0,0.23437355
0,0,0.2889211
0,0,0.060138308
0,0,0.45732215
0,0,0.07097093
0,0,0.307088
0,0,0.05700678
0,1,0.5533859
0,0,0.23548305
0,0,0.43136892
0,0,0.13426094
0,0,0.04495089
0,0,0.069655344
0,0,0.14798707
0,0,0.14171769
0,0,0.07314495
0,0,0.49580967
0,0,0.40055817
0,0,0.22788046
0,0,0.030823587
0,0,0.060264666
0,0,0.053589594
0,0,0.061638158
0,0,0.49162737
0,0,0.039269716
0,0,0.12214077
0,0,0.43708524
0,0,0.4835773
0,0,0.48282126
0,1,0.6967121
0,0,0.05359473
0,1,0.5904178
0,0,0.103054434
0,0,0.121524714
0,0,0.14431909
0,0,0.028008008
1,1,0.7164364
0,0,0.06800094
0,0,0.0962696
0,0,0.44680485
0,0,0.22451515
0,0,0.13231713
0,0,0.25492513
0,0,0.06770789
0,0,0.08879013
0,0,0.05666921
0,1,0.68584806
0,0,0.045455586
0,0,0.25959724
0,0,0.3701699
0,0,0.14945945
0,0,0.2879039
0,0,0.28251457
0,0,0.3461512
0,0,0.18544619
0,0,0.083684646
0,0,0.08465721
0,0,0.105203964
0,0,0.20646457
0,0,0.4360131
0,1,0.6485474
0,0,0.13212691
0,0,0.05011043
0,0,0.09246666
0,0,0.25347048
0,0,0.09491368
0,1,0.62125033
0,0,0.09976941
0,1,0.5661736
0,1,0.64972156
1,1,0.8250358
1,0,0.39289942
0,1,0.6174102
0,0,0.12674937
0,0,0.084550865
0,0,0.15082589
0,1,0.65014756
0,0,0.43040857
1,1,0.59590286
0,0,0.25925604
0,0,0.05486168
0,0,0.059799727
0,1,0.57456875
0,0,0.1336604
0,1,0.6027145
0,0,0.09245456
0,0,0.062968925
0,0,0.42131215
1,1,0.57443726
0,0,0.09016587
0,0,0.06787874
0,0,0.03822135
1,1,0.6853679
0,0,0.028160505
0,1,0.5062121
0,0,0.110584974
0,0,0.0432037
0,0,0.12839589
0,0,0.08821908
0,0,0.027587168
0,1,0.62808514
0,0,0.028502293
0,0,0.113310665
0,0,0.19404785
0,0,0.07290374
0,0,0.03476232
0,0,0.3053618
0,0,0.13812353
1,0,0.48260316
0,0,0.42876014
1,0,0.3420344
0,0,0.12682064
1,1,0.6949258
1,0,0.32534257
0,1,0.5603903
0,0,0.38547575
0,0,0.13334645
1,0,0.27060226
0,0,0.09195448
0,0,0.20596436
0,0,0.076585025
0,0,0.45864773
0,0,0.15263896
0,0,0.3111859
0,0,0.4881299
0,1,0.61355996
0,1,0.66110045
0,0,0.037746195
0,0,0.12965624
0,0,0.030043993
0,0,0.31216717
0,1,0.5105755
0,0,0.3034784
0,0,0.2686553
1,1,0.50141746
0,0,0.028160505
0,0,0.08255864
0,0,0.06840121
1,1,0.6061677
1,0,0.102187015
0,0,0.081792906
0,0,0.106663965
1,1,0.59205717
0,1,0.5648944
1,1,0.73012847
1,1,0.74269974
0,0,0.05966638
0,1,0.59934056
0,0,0.070601225
0,0,0.03997441
0,0,0.23479694
0,0,0.115278386
0,0,0.05309872
0,1,0.55873334
0,1,0.5020474
0,0,0.32212985
0,0,0.0636086
0,0,0.23846263
0,0,0.48457167
0,0,0.1432388
0,0,0.114873655
1,1,0.7278639
0,0,0.09120225
0,0,0.061076142
1,0,0.2319923
0,0,0.17297515
0,0,0.0563062
0,0,0.07958266
0,0,0.09568713
0,0,0.13939524
0,0,0.0824753
0,0,0.4389442
0,0,0.096804224
0,0,0.21616821
0,1,0.61498266
0,0,0.06195042
1,1,0.5461687
1,1,0.53343445
0,0,0.20797588
0,0,0.030505182
0,0,0.42896122
0,0,0.19212961
0,1,0.53249454
0,0,0.44105306
0,0,0.2911082
0,0,0.34690157
0,0,0.038740724
0,0,0.054647498
0,0,0.057529196
0,0,0.23965731
0,0,0.08798449
1,0,0.29947764
0,0,0.44849882
0,0,0.058929395
0,1,0.6177097
0,0,0.062239118
0,0,0.300111
0,0,0.24455862
0,0,0.09313726
0,1,0.5938365
0,0,0.03251817
1,1,0.6066016
0,0,0.028008008
0,0,0.05582
0,0,0.064305365
0,0,0.32609805
0,0,0.0432037
0,0,0.46758962
0,1,0.5214708
0,1,0.51197565
0,1,0.5331736
0,0,0.056222364
0,0,0.19366166
0,0,0.0811994
0,0,0.23631915
0,0,0.08679705
0,0,0.34248123
0,0,0.27737206
0,0,0.37303013
0,0,0.2037039
0,1,0.6910703
0,0,0.47999492
0,0,0.19276285
0,0,0.41487294
0,0,0.2930195
0,0,0.3909885
0,0,0.26048195
0,0,0.20933084
0,1,0.61964136
0,0,0.46787268
0,0,0.055728856
0,1,0.6312486
0,0,0.46020865
1,0,0.46192002
0,1,0.5794148
0,0,0.028502293
1,0,0.41104186
0,0,0.06483688
0,0,0.15132034
0,0,0.14093414
0,0,0.07978648
0,0,0.092186786
0,0,0.08606584
0,0,0.15369888
0,0,0.10496159
0,0,0.15407415
1,1,0.50666
0,0,0.3718662
0,0,0.41432688
0,0,0.061633077
0,0,0.10467988
1,1,0.60540766
0,0,0.057439864
0,0,0.07782587
0,1,0.66607547
0,0,0.07043199
0,0,0.06141604
0,1,0.6160085
1,1,0.5974865
0,1,0.7131027
1,1,0.6363956
0,0,0.112053804
0,1,0.52510196
0,0,0.06282898
0,1,0.55876213
0,0,0.25944102
0,0,0.028702112
0,0,0.46022305
1,1,0.61381245
0,0,0.0802719
0,0,0.2771411
0,0,0.14609995
0,0,0.24823111
0,1,0.52638876
0,0,0.06766008
0,0,0.03699325
0,0,0.2636215
0,1,0.5875593
1,1,0.6200203
0,0,0.3004558
0,0,0.09458678
0,0,0.31519374
0,0,0.09044002
0,0,0.04120663
0,0,0.24673799
0,0,0.09669278
0,0,0.034381304
1,0,0.14955662
0,0,0.2331265
0,0,0.35882387
0,1,0.5273354
0,0,0.14253657
0,1,0.5156611
0,1,0.651014
0,0,0.05551691
0,0,0.11919676
0,0,0.064499415
0,1,0.59596914
0,1,0.5984685
0,0,0.10948737
0,0,0.32930902
0,1,0.5996382
0,0,0.18619685
0,0,0.41805133
0,0,0.40006256
0,0,0.066287376
0,0,0.0943083
0,1,0.6991732
0,0,0.05717524
0,0,0.47182253
0,0,0.056019396
0,0,0.16279696
1,0,0.3807062
0,0,0.0746618
0,0,0.4838126
0,0,0.20290172
0,0,0.040020954
0,0,0.26326528
0,1,0.55367786
0,0,0.028160505
0,0,0.080724075
0,0,0.2034056
0,0,0.109657414
0,0,0.05438491
0,0,0.25324515
0,0,0.06042798
0,0,0.06526143
0,0,0.11085864
0,0,0.13746546
0,1,0.58695686
0,0,0.28488952
0,0,0.39092258
1,0,0.4330149
0,0,0.42130056
0,1,0.7004097
0,0,0.04222941
0,0,0.07109231
1,0,0.13908248
0,0,0.038022287
0,0,0.2750396
0,0,0.10105923
0,0,0.21812265
0,0,0.34026694
0,0,0.064305365
0,0,0.07037477
0,1,0.54205924
0,0,0.34325755
0,0,0.32795444
0,0,0.36816314
0,0,0.028008008
1,1,0.6628336
0,0,0.22854707
0,0,0.37199706
0,0,0.051526275
0,0,0.080279455
0,0,0.040412232
0,0,0.028008008
0,0,0.38571697
0,0,0.20998095
0,0,0.160473
0,1,0.5495259
0,0,0.42353976
0,0,0.05674411
0,0,0.04546135
0,0,0.059145212
0,0,0.09214303
0,0,0.028008008
0,0,0.08993188
0,0,0.44807336
0,1,0.5649697
0,0,0.09327952
1,1,0.54413646
0,0,0.14836526
0,0,0.2037039
1,1,0.6860496
0,0,0.0935753
0,0,0.08175776
0,0,0.49874005
0,0,0.1583942
0,0,0.08014709
0,0,0.109424055
0,0,0.06443832
0,0,0.4842408
0,0,0.33867034
0,0,0.14366207
0,0,0.3492068
0,1,0.56689674
0,0,0.042809434
0,0,0.44336072
0,0,0.340055
0,0,0.06427867
0,0,0.08907535
0,0,0.08284834
0,0,0.06744553
0,0,0.16335222
0,1,0.60837746
0,0,0.18628444
0,0,0.330556
0,0,0.26468378
0,1,0.5993729
0,1,0.58871424
0,0,0.054245677
0,0,0.060579725
0,0,0.4829657
0,0,0.09486915
0,0,0.09071696
0,0,0.28179723
0,0,0.06495126
0,0,0.089142844
0,0,0.031387787
0,0,0.10774544
0,1,0.5952972
0,0,0.2856839
1,1,0.52972513
0,0,0.05487511
0,0,0.124502145
0,0,0.15623532
0,0,0.47153077
0,0,0.080502294
0,0,0.10523103
0,1,0.5135617
1,0,0.32062975
0,0,0.12201018
1,0,0.21248348
0,0,0.048248813
0,0,0.20183714
0,0,0.39603248
0,0,0.20961533
0,0,0.21189043
0,0,0.06850394
0,0,0.36977327
0,0,0.066799186
0,0,0.040790495
0,0,0.46621695
0,0,0.16958413
0,0,0.3629137
0,0,0.05870678
0,0,0.4124187
0,0,0.3811042
0,1,0.7016762
0,0,0.40388146
0,0,0.08972683
0,0,0.29676655
0,0,0.091718756
0,0,0.38399565
0,0,0.10341515
0,0,0.05767798
0,0,0.32127833
0,0,0.057516553
0,0,0.038707174
0,0,0.42159435
0,1,0.5641555
0,0,0.15778272
0,0,0.06686449
0,0,0.056482308
1,0,0.37427375
0,1,0.5304718
0,0,0.03136596
0,0,0.17272949
0,0,0.06435862
0,0,0.083938256
0,0,0.45789564
1,0,0.49716562
0,0,0.36842582
0,0,0.079672806
0,0,0.21545222
1,1,0.56022274
0,0,0.13891514
0,0,0.27318275
0,1,0.5937457
0,0,0.10352319
0,0,0.028160505
0,0,0.3099856
0,0,0.20705557
1,1,0.5791321
0,0,0.3460429
0,0,0.07948663
1,1,0.6427568
0,0,0.0432037
0,0,0.16655183
0,0,0.027587168
0,0,0.096935116
0,0,0.43136892
0,0,0.39855543
0,0,0.1226869
0,0,0.4067803
0,0,0.0809135
0,0,0.38815382
0,0,0.0682023
1,1,0.69159216
0,0,0.49380782
0,0,0.23623462
0,0,0.09079487
0,0,0.09966175
0,0,0.100586735
0,0,0.48199067
0,1,0.5196209
0,0,0.051368926
0,0,0.06282796
0,0,0.3812634
0,0,0.32681954
0,1,0.603222
0,0,0.058966417
0,0,0.06134901
0,1,0.5614336
0,0,0.33311433
0,0,0.06280147
0,0,0.35440874
0,0,0.06533661
0,0,0.33038944
0,0,0.044981945
0,0,0.063036
0,0,0.028008008
0,0,0.05146364
0,0,0.09955415
0,1,0.7701515
0,0,0.42927128
0,0,0.22395205
0,0,0.057773724
0,0,0.099590346
0,1,0.5830375
0,0,0.057764515
0,0,0.06723487
0,0,0.35868028
0,0,0.17249154
0,0,0.4220928
0,1,0.5295804
0,0,0.08045136
0,0,0.049753845
0,0,0.16244632
0,1,0.60649157
0,0,0.07572049
0,0,0.4311902
1,0,0.31080157
0,0,0.060462195
1,1,0.5916377
0,0,0.054712683
0,0,0.4518317
0,0,0.21457422
0,0,0.33750585
0,0,0.18817069
0,0,0.2906639
0,0,0.09064416
0,1,0.5391094
0,0,0.49477643
0,0,0.028008008
0,1,0.65661925
0,0,0.16337174
1,1,0.72465867
0,0,0.08125436
0,0,0.22481118
0,0,0.13217114
0,1,0.61986554
0,0,0.3130554
0,0,0.14184679
0,0,0.25890404
0,0,0.4548598
0,0,0.24896525
1,1,0.63510334
1,1,0.70536876
0,0,0.36044708
0,0,0.37498084
0,1,0.71986717
0,0,0.03526721
0,1,0.56831926
0,0,0.06292729
0,0,0.068017244
0,0,0.061135326
0,0,0.08425359
0,1,0.6803295
0,0,0.03892807
0,1,0.50521773
0,0,0.25538814
0,0,0.06957628
0,0,0.057019237
0,0,0.42253777
1,0,0.34914592
0,1,0.55652267
0,1,0.6773224
0,0,0.337553
0,0,0.1324192
0,0,0.20095201
0,0,0.1397353
0,0,0.11852711
0,1,0.52856654
0,0,0.13532883
0,1,0.7182244
0,0,0.10710076
0,0,0.046336006
1,1,0.6775039
1,0,0.4224043
0,1,0.5394787
0,0,0.07520746
1,0,0.3985505
0,0,0.27803877
0,1,0.55330086
0,0,0.15414663
0,0,0.20733245
0,0,0.09121382
0,0,0.08465721
0,0,0.057684734
0,0,0.29426238
0,0,0.114943415
0,0,0.3027999
0,0,0.05459869
0,0,0.2750647
0,0,0.03846137
0,0,0.4302258
0,0,0.030644186
0,0,0.4404944
0,0,0.26348132
0,0,0.4273821
0,0,0.090871386
0,0,0.40927258
0,0,0.2651792
0,0,0.10697009
1,0,0.37321383
0,0,0.095541224
0,0,0.2701792
0,0,0.033636153
0,0,0.08717069
0,0,0.4867874
0,1,0.5912303
1,0,0.43763047
0,0,0.04847594
0,1,0.57641184
0,0,0.029554095
1,0,0.3289418
1,0,0.22818762
1,0,0.3863731
0,0,0.45087865
0,1,0.54088414
0,1,0.503886
0,0,0.24256164
0,0,0.07713754
0,0,0.087609775
0,0,0.38689873
0,0,0.18845169
0,0,0.056972876
0,0,0.056444
0,0,0.41570428
0,0,0.3712457
0,0,0.06597509
0,0,0.37189928
0,0,0.06044249
0,0,0.122524045
0,0,0.06800094
0,0,0.32014543
0,0,0.12718648
0,0,0.3800673
0,0,0.20186923
1,0,0.47073305
0,0,0.030457042
0,0,0.07126003
0,0,0.36636174
0,0,0.084663704
0,0,0.0717119
0,0,0.080416285
0,0,0.07893702
0,0,0.19035341
0,0,0.43301997
0,0,0.044114694
0,0,0.057613313
0,1,0.5598634
1,1,0.79143405
0,0,0.059870765
0,0,0.24005179
0,0,0.12192149
0,0,0.26213464
0,0,0.061982848
0,0,0.29460746
0,0,0.34341505
0,0,0.21177937
0,0,0.09638799
0,0,0.040780064
0,0,0.0632958
0,0,0.36068586
0,0,0.47354493
0,1,0.61673796
0,0,0.030074822
0,0,0.47431526
0,1,0.7032331
0,0,0.12704496
0,1,0.6516366
0,0,0.05487511
0,0,0.15707402
1,0,0.43428224
0,0,0.11105722
0,1,0.73066884
0,1,0.5557715
0,0,0.06849846
0,0,0.31990466
0,0,0.028008008
0,1,0.5798019
0,0,0.13171041
0,1,0.5370739
0,0,0.15975219
0,0,0.2994275
0,0,0.067125514
0,0,0.054546427
0,1,0.5415851
0,0,0.25104615
0,0,0.24904959
0,1,0.62475586
0,1,0.66280586
0,0,0.48632312
0,0,0.44146135
0,0,0.13375919
0,0,0.053460605
0,0,0.49906927
0,0,0.29415742
0,0,0.061910454
0,0,0.081203476
0,0,0.05672932
0,0,0.47066253
0,0,0.13166896
0,0,0.027587168
0,0,0.035492297
1,0,0.40503067
0,0,0.03876991
0,0,0.4690168
0,0,0.48703235
0,0,0.23258615
0,0,0.36056748
0,1,0.58263946
0,0,0.077834524
0,0,0.054454874
0,0,0.29071513
0,0,0.056441702
0,0,0.32154882
0,0,0.028008008
0,0,0.065323986
0,0,0.25624037
0,0,0.043406785
0,0,0.19590393
0,0,0.33096337
0,0,0.12793982
0,0,0.17569907
0,0,0.038499247
0,1,0.5660752
0,1,0.5930337
0,0,0.12684202
0,0,0.05320196
0,0,0.1314424
0,0,0.32883415
0,0,0.040860683
0,0,0.22501206
1,1,0.7433828
0,0,0.2465215
0,0,0.08110821
0,0,0.24177857
0,0,0.081389554
0,0,0.04926873
0,0,0.038399044
0,1,0.6100117
0,0,0.081470735
0,0,0.13985065
0,0,0.05508472
0,0,0.36992913
0,0,0.25155073
0,0,0.2869864
0,0,0.2473738
0,0,0.07490057
0,0,0.10889164
0,0,0.23650782
0,0,0.35844004
0,1,0.52477384
0,0,0.4040411
1,0,0.4537957
0,1,0.62138957
1,0,0.1846709
0,0,0.10235985
0,1,0.6131728
0,1,0.55191034
0,0,0.22925106
0,1,0.5761731
1,1,0.6939884
0,1,0.77670336
0,0,0.12957366
0,0,0.16868833
0,0,0.44412848
0,0,0.031638637
0,0,0.061522994
1,1,0.6822345
0,0,0.46899188
0,0,0.22378738
0,0,0.086536944
0,0,0.051227115
0,0,0.4286762
0,0,0.37835518
0,0,0.2084409
0,0,0.47955456
0,0,0.059009876
0,0,0.37072736
0,0,0.37171084
0,0,0.27997902
1,1,0.5561803
0,0,0.15523164
0,0,0.14271459
0,0,0.058742706
1,1,0.7189137
0,1,0.5338963
0,0,0.096563056
0,0,0.106538676
0,0,0.05736815
0,0,0.14212829
0,0,0.05659631
0,0,0.20186923
0,0,0.3826416
0,0,0.25945154
0,1,0.5486615
0,0,0.038841162
0,0,0.038841162
1,1,0.6019192
1,1,0.6384757
0,0,0.39909455
1,1,0.7195109
0,1,0.57167274
0,0,0.26327014
0,0,0.027587168
1,1,0.56335354
0,0,0.076962985
0,0,0.38355216
1,1,0.7170644
0,0,0.3251247
1,1,0.6876481
0,0,0.061971977
0,0,0.08888847
0,0,0.20596436
0,1,0.6385261
0,0,0.23443106
0,0,0.080703735
0,1,0.5344728
0,0,0.26931536
0,1,0.64769626
0,0,0.027737437
0,0,0.11621909
1,0,0.49015817
0,0,0.32446688
0,0,0.29878742
0,0,0.4982764
0,0,0.06565611
0,0,0.2875847
0,0,0.21847932
0,0,0.22145167
0,0,0.08805329
0,0,0.080807745
0,0,0.1639186
0,0,0.080410585
0,1,0.72549844
1,0,0.29949898
0,0,0.11495144
0,0,0.06297487
0,0,0.44842732
0,0,0.104385205
0,0,0.15925007
0,0,0.4209487
0,0,0.19755629
0,0,0.11713156
1,1,0.54032344
0,0,0.2932644
0,0,0.10181184
0,1,0.6588011
0,0,0.39886302
1,1,0.6945646
0,0,0.08824804
0,0,0.49858755
0,0,0.053029273
0,0,0.4630499
0,0,0.088054076
0,1,0.6546469
0,0,0.055947363
1,1,0.764874
0,0,0.49829814
0,0,0.4790581
0,1,0.52743936
0,0,0.38502905
0,0,0.21463649
0,0,0.25347048
0,0,0.04585702
0,0,0.051330596
0,0,0.057085127
0,0,0.08712375
1,1,0.72379917
0,1,0.7099211
0,0,0.36652258
0,0,0.3138378
0,0,0.34245262
0,1,0.5190936
0,0,0.03900415
0,0,0.055750135
0,0,0.10428357
0,1,0.52256584
0,0,0.4849878
0,0,0.43482
0,0,0.2003333
0,0,0.25902438
0,1,0.6066261
0,0,0.483426
0,0,0.059870765
0,0,0.042956863
0,0,0.06545443
0,0,0.094819434
0,0,0.07341735
0,0,0.10992728
0,1,0.65812
0,0,0.39150077
0,0,0.4815273
0,0,0.10066039
0,1,0.54946655
0,0,0.35455889
0,0,0.07494835
0,0,0.10820223
0,0,0.48747522
0,0,0.13682963
0,0,0.04036458
0,0,0.27606398
0,0,0.47007644
0,0,0.059870765
0,0,0.09399606
0,0,0.48721093
0,0,0.049950164
0,0,0.044810936
0,0,0.25868332
1,0,0.07737529
0,0,0.23096873
0,0,0.050768074
0,0,0.056129515
0,0,0.08921004
0,0,0.24792342
0,0,0.23744853
1,0,0.3452826
0,1,0.6271902
0,0,0.1199301
0,1,0.51225364
0,0,0.045003533
0,0,0.11130423
0,1,0.56807333
0,0,0.33135557
0,0,0.06521726
0,0,0.20873739
0,0,0.050291084
0,0,0.080435134
0,1,0.5272841
0,0,0.060616236
0,0,0.13029334
0,0,0.0565077
0,0,0.08226768
0,0,0.196264
0,0,0.09037866
1,1,0.5681406
1,0,0.35713747
0,0,0.03869802
0,0,0.2963559
0,0,0.054223835
1,1,0.61664563
0,0,0.08051133
0,0,0.3428983
0,0,0.13488151
0,0,0.0543861
0,0,0.054644402
0,1,0.7117282
0,0,0.09458678
0,0,0.24629602
0,0,0.09531292
0,0,0.14552024
0,1,0.60224766
0,0,0.49563766
0,0,0.0943083
0,0,0.2299537
0,0,0.045045346
0,0,0.3338675
0,0,0.23592314
0,0,0.27150944
0,0,0.2384107
0,0,0.027737437
0,0,0.050742995
1,1,0.6070857
0,0,0.3096476
0,0,0.059000008
0,1,0.55999744
0,0,0.08576707
0,0,0.37615928
0,0,0.10634218
0,0,0.05607197
0,0,0.030285323
0,1,0.67240477
0,0,0.21030407
0,0,0.12416066
0,1,0.5724868
0,1,0.7138915
0,1,0.8160698
0,0,0.32634726
0,0,0.4668516
0,0,0.27679342
0,0,0.2179438
1,1,0.55579215
0,0,0.08590184
0,0,0.059000008
0,0,0.2706106
0,0,0.038022287
0,0,0.14602375
0,0,0.0973596
0,0,0.22435622
0,0,0.33907405
0,0,0.029993407
1,1,0.75524485
0,0,0.13000937
1,0,0.21764947
0,0,0.4257311
0,0,0.086946785
0,0,0.097233176
0,0,0.30653775
0,0,0.36679494
0,0,0.10541085
0,1,0.61566204
0,0,0.14824665
0,0,0.028502293
0,0,0.2918297
0,1,0.5028361
0,0,0.029714754
0,0,0.05674411
0,0,0.0914803
0,1,0.5692403
0,0,0.06889274
1,0,0.2979359
0,0,0.060910765
0,0,0.47073305
0,0,0.12098093
0,0,0.49761155
0,1,0.560775
1,0,0.26834673
0,0,0.10617275
0,1,0.5930353
0,0,0.06127964
0,0,0.068257675
0,1,0.51247686
0,0,0.27201724
0,0,0.06472575
0,0,0.067477904
0,0,0.22331314
1,0,0.23006548
0,1,0.5142645
1,1,0.57953155
0,0,0.12122926
0,0,0.02863834
0,0,0.038022287
0,0,0.2845623
0,0,0.042809434
0,0,0.06702062
0,1,0.5713722
0,0,0.48143354
1,1,0.5914663
0,0,0.16205949
0,0,0.05827465
0,0,0.09040675
0,0,0.44151014
0,0,0.034146026
0,0,0.33737957
0,1,0.5477832
0,0,0.03900415
0,0,0.40344274
0,0,0.056859273
0,0,0.04028264
0,0,0.105732314
0,0,0.058320183
0,0,0.086923845
0,0,0.056223426
0,1,0.50452846
0,1,0.5617127
0,1,0.55243534
0,0,0.15708373
1,1,0.60012984
0,0,0.46933073
0,0,0.031364795
0,0,0.4606404
0,0,0.039979544
0,0,0.38522038
0,0,0.4400272
0,0,0.15750289
0,0,0.063761264
0,0,0.25172612
0,0,0.21664704
0,0,0.2199399
0,0,0.09403179
0,0,0.45667562
0,0,0.29104313
0,0,0.29102752
0,0,0.35560444
0,0,0.33047113
0,0,0.12168885
0,0,0.25284287
0,0,0.22355957
0,0,0.3729314
0,0,0.39579636
0,0,0.055472903
0,0,0.06725521
0,0,0.14608125
0,0,0.09027741
1,0,0.042156026
0,0,0.42025098
0,1,0.5461102
0,0,0.15254056
0,0,0.22590125
0,0,0.080595456
0,0,0.0897615
0,0,0.053067505
0,0,0.042809434
1,1,0.689354
0,0,0.37075064
0,0,0.24501967
1,0,0.37023807
0,0,0.05426174
0,0,0.33902887
0,0,0.47975236
0,0,0.339464
0,0,0.10145566
0,0,0.19827789
0,0,0.06599419
0,0,0.056742616
0,1,0.6361348
0,0,0.08405654
0,0,0.22408788
0,0,0.027737437
0,0,0.096334465
0,0,0.068234175
0,0,0.45482764
1,1,0.71550107
0,0,0.055514835
0,0,0.17874856
0,0,0.29377913
0,0,0.056129515
0,0,0.11902368
1,0,0.34039798
0,0,0.070985444
0,0,0.0432037
0,0,0.45133218
0,0,0.12615316
0,0,0.03813188
1,1,0.5842033
0,0,0.080693156
0,1,0.7023885
1,0,0.46320963
0,0,0.4986409
0,0,0.09235047
0,0,0.36828616
0,0,0.14210162
0,0,0.48280308
0,0,0.22549304
1,1,0.6470561
0,0,0.1050695
0,1,0.6978787
0,0,0.12040038
0,0,0.20877379
0,0,0.33317947
0,0,0.038414627
0,0,0.041662056
0,0,0.054095782
0,0,0.05717524
0,0,0.18784232
0,1,0.6166837
0,0,0.37520614
0,0,0.041568357
0,0,0.1585146
0,1,0.56713337
1,0,0.35548928
0,0,0.26867548
0,0,0.12082078
0,0,0.07185281
0,0,0.14245467
0,0,0.053985782
0,0,0.44842732
0,0,0.08755506
0,0,0.26084894
0,0,0.25296304
0,0,0.15515308
0,0,0.23478886
0,0,0.057369225
0,0,0.057684734
0,0,0.06559953
0,0,0.080410585
0,0,0.25606468
0,0,0.20993227
0,0,0.062380143
0,0,0.11106287
1,0,0.49683973
0,0,0.3328588
1,1,0.55573326
0,1,0.5750908
0,0,0.2231474
0,0,0.10112691
0,0,0.2724153
0,1,0.6016377
1,1,0.5034674
0,0,0.058075305
0,0,0.20545264
0,0,0.055970162
0,0,0.14146951
0,0,0.42429468
1,1,0.62294966
0,0,0.03859794
0,0,0.36455134
0,0,0.24246763
1,0,0.49175438
0,1,0.5456395
0,0,0.06205768
0,0,0.057439864
0,0,0.15108816
0,0,0.066780016
0,0,0.25004256
0,1,0.5502121
1,1,0.81989986
0,0,0.18369155
0,0,0.08850339
0,0,0.11961075
0,0,0.49030647
0,0,0.12421967
0,1,0.63227475
0,1,0.57129943
0,0,0.03835732
0,1,0.6024717
1,0,0.4412679
0,0,0.028160505
0,0,0.18283407
0,0,0.07989848
0,0,0.08105508
0,0,0.1373948
0,0,0.31455937
0,0,0.11307501
0,0,0.100547895
1,1,0.5208972
0,0,0.33524513
0,0,0.122090645
0,1,0.6433899
0,0,0.094995424
1,1,0.8208431
0,0,0.08274917
0,0,0.1907013
0,0,0.028008008
0,0,0.03491175
0,0,0.08510762
0,0,0.22230446
0,0,0.19380969
0,0,0.49814722
0,0,0.049980868
0,0,0.07645238
0,0,0.25007612
0,0,0.37110576
0,0,0.028702112
1,1,0.6388432
0,0,0.17909048
0,1,0.5049223
0,0,0.19490917
0,0,0.059485365
0,0,0.29494572
0,0,0.20508122
0,0,0.06886292
0,0,0.4551517
0,0,0.32778367
0,0,0.09710511
0,0,0.08098417
0,0,0.23465562
0,0,0.23786727
0,0,0.35103992
0,0,0.0802719
0,0,0.089954406
1,1,0.76210773
0,0,0.056323376
0,0,0.22181809
1,0,0.4952078
0,0,0.06668531
0,1,0.6177362
0,0,0.3743699
0,0,0.21144965
0,0,0.36137387
0,0,0.43470845
0,0,0.08888717
0,0,0.057689074
1,0,0.4741162
0,0,0.40515533
0,1,0.7877846
0,0,0.14163195
0,0,0.028160505
0,0,0.13484132
0,0,0.063761264
0,1,0.6502331
0,0,0.05320196
0,0,0.23344493
0,0,0.123996645
0,0,0.062380143
0,0,0.057444125
0,0,0.06653736
0,1,0.5179065
0,1,0.5658714
1,1,0.69147444
0,0,0.10397096
0,0,0.031638637
0,0,0.22571093
0,0,0.059113175
0,0,0.080435134
0,0,0.10091548
0,1,0.5417957
0,0,0.2672606
0,0,0.4124513
0,0,0.085879736
0,0,0.387996
1,1,0.5650138
0,0,0.47929743
0,0,0.1753224
0,0,0.4817896
0,0,0.28808418
0,0,0.077878036
0,1,0.5816747
0,0,0.087231345
0,0,0.15601246
0,0,0.14454032
0,1,0.5977953
0,0,0.24177834
0,0,0.056956984
0,0,0.05544096
0,0,0.363855
1,0,0.3792264
0,0,0.07603053
0,1,0.5215603
0,0,0.17491885
0,0,0.08727116
0,0,0.36638016
0,0,0.23193966
0,0,0.23104179
1,1,0.58499414
0,0,0.3602607
0,0,0.32154232
1,1,0.52185386
0,0,0.41213074
0,0,0.18595237
0,0,0.32645056
0,0,0.042809434
0,0,0.24620159
0,0,0.36345506
0,0,0.16966681
0,0,0.0891106
0,0,0.25532526
0,0,0.15673313
0,1,0.5219644
0,0,0.250011
0,0,0.12593156
0,1,0.620807
1,1,0.57572114
1,1,0.63055885
0,0,0.039979544
0,0,0.15111206
0,0,0.4649631
0,0,0.08510762
1,1,0.72657007
0,0,0.05115947
0,0,0.26115704
0,0,0.09421861
0,0,0.3671433
0,0,0.33140028
0,0,0.090824515
0,0,0.48955995
0,0,0.028008008
0,0,0.4200138
0,0,0.123274095
0,0,0.46392754
0,1,0.5570126
0,0,0.19672957
0,1,0.7093556
0,0,0.2716444
0,0,0.21361426
0,1,0.71427155
0,0,0.34278834
0,1,0.56247586
1,1,0.72507846
0,0,0.107447326
1,1,0.5349914
0,0,0.16640323
0,1,0.51215446
1,1,0.8308626
0,0,0.14506677
0,0,0.33622107
0,0,0.038841162
0,0,0.08820032
0,1,0.5641168
0,0,0.29000032
0,0,0.042630207
0,1,0.5019367
0,0,0.058404405
0,0,0.21745902
0,0,0.052136518
0,0,0.071924426
0,0,0.2731095
0,0,0.08045776
0,1,0.71233517
0,1,0.56622726
0,1,0.5350024
0,0,0.42429468
0,0,0.063528344
0,0,0.39398882
0,0,0.03444638
0,0,0.20292749
0,0,0.0853443
0,0,0.2383317
0,0,0.10196202
1,1,0.5823957
0,0,0.068234175
0,0,0.25703
0,0,0.0432037
0,0,0.09146388
0,0,0.28551033
1,1,0.5076517
0,0,0.06140268
0,0,0.04323101
0,0,0.2555676
0,0,0.1929417
1,0,0.44719332
0,0,0.4561533
0,0,0.078581356
0,1,0.6305199
0,0,0.038841162
0,0,0.039873645
0,0,0.23299582
0,0,0.031638637
0,0,0.07769908
0,1,0.50251323
0,0,0.4288535
0,0,0.40868768
0,0,0.25690705
0,0,0.054941908
0,1,0.6558448
1,1,0.62935823
0,0,0.09099639
0,0,0.095005736
0,0,0.031967293
0,0,0.056912202
0,0,0.3985392
0,0,0.37096816
0,0,0.32164863
0,0,0.43992954
0,0,0.3960539
0,0,0.065323986
0,0,0.3955444
0,0,0.04266685
0,1,0.5121692
1,1,0.69413424
0,0,0.08152103
0,0,0.087894976
0,1,0.50439173
0,0,0.03084505
0,0,0.055465933
0,0,0.14122546
1,1,0.707219
0,0,0.057093382
0,0,0.39625174
0,1,0.6145455
0,0,0.1597548
0,0,0.056556888
0,1,0.58986735
0,1,0.6083335
0,0,0.043423597
0,0,0.13832541
0,0,0.039566796
0,1,0.6608207
0,0,0.028008008
0,0,0.26075435
0,0,0.053442404
0,0,0.33885682
0,0,0.067723185
0,0,0.06289546
0,0,0.028502293
0,0,0.19335958
0,0,0.2207654
0,1,0.51035154
0,0,0.19583808
1,0,0.13019298
0,0,0.10930433
0,1,0.58855367
0,0,0.060688224
0,0,0.29411095
0,0,0.2365142
0,1,0.5309328
0,0,0.040020954
0,0,0.09037587
0,0,0.10190469
0,0,0.14737923
0,0,0.12788126
0,0,0.26519516
0,0,0.3683333
0,0,0.09511035
0,1,0.52145636
0,0,0.070610605
1,1,0.5368703
0,0,0.20720151
0,0,0.06342681
0,1,0.59936
0,1,0.5816791
0,0,0.068058036
0,0,0.08975404
0,0,0.39602628
0,0,0.24486366
0,0,0.28774342
0,0,0.09660344
0,0,0.38363957
0,0,0.061782375
0,1,0.6279527
0,0,0.1778173
0,0,0.16202755
0,0,0.11243816
0,1,0.56140363
0,0,0.33306983
0,0,0.40580133
0,0,0.1612386
0,0,0.05699218
0,0,0.12275498
0,0,0.057419013
0,0,0.05183395
0,0,0.10707044
0,0,0.124358095
0,0,0.063925445
0,0,0.22409008
0,0,0.10640435
0,0,0.28870165
0,0,0.06397916
0,0,0.042956863
0,0,0.44249353
0,0,0.17142922
0,0,0.05340693
0,1,0.7121099
0,0,0.028702112
0,0,0.22274843
0,0,0.22749631
0,0,0.39742547
0,0,0.431767
0,0,0.17719696
1,1,0.78402734
1,1,0.57827413
0,0,0.06746287
0,0,0.42332107
0,0,0.06181761
0,0,0.060580947
0,0,0.04012207
0,0,0.038740724
0,0,0.11057184
0,0,0.03846137
0,0,0.083273716
0,0,0.2921489
0,0,0.41071668
0,0,0.25336424
0,0,0.42267433
0,0,0.12733692
0,1,0.6799741
0,0,0.32170954
0,0,0.34070393
0,1,0.6260214
0,0,0.06026801
0,0,0.081184
0,0,0.05721299
0,0,0.037746195
0,0,0.040403664
0,0,0.086565085
0,1,0.7064571
0,0,0.05731712
0,1,0.62877333
0,1,0.7377075
0,1,0.59090453
0,0,0.042956863
0,0,0.24703096
0,0,0.12811293
0,0,0.41007912
0,1,0.7047385
0,1,0.52989024
0,0,0.034553904
0,0,0.44207507
0,0,0.028502293
0,1,0.5973981
0,0,0.08040636
0,0,0.36275026
0,0,0.21471493
0,0,0.04012207
0,0,0.028502293
0,0,0.3977817
0,0,0.47738603
0,0,0.3144282
0,0,0.09119552
0,0,0.05393645
0,0,0.030400515
0,0,0.08606442
0,0,0.22430386
0,0,0.10367797
0,0,0.14495425
0,0,0.045348696
1,1,0.702961
1,0,0.34398025
0,0,0.055827543
0,0,0.43910226
0,0,0.06290216
0,0,0.09882506
0,0,0.09828679
0,0,0.40701813
0,0,0.1705735
0,0,0.057538968
0,1,0.7143005
1,0,0.24529378
0,0,0.49156243
0,1,0.5634321
0,0,0.057369225
0,0,0.09399381
0,0,0.2688392
0,0,0.038573816
0,0,0.2821189
0,0,0.3695396
0,0,0.35830498
0,0,0.054422714
0,0,0.33620617
1,0,0.4972323
0,0,0.060512077
0,0,0.059776913
0,0,0.18135749
0,0,0.15107295
1,1,0.62362236
1,0,0.28967744
0,0,0.13875733
0,0,0.08152966
0,1,0.59541947
0,0,0.028502293
0,1,0.6339749
0,0,0.13420852
0,0,0.22162656
0,0,0.028537337
0,0,0.2566934
0,1,0.6197371
1,0,0.3923421
0,0,0.2921489
0,1,0.58529186
0,0,0.095493026
0,0,0.19413011
1,1,0.7434642
0,0,0.37114418
1,1,0.617433
0,0,0.059598885
0,1,0.5077884
0,0,0.41921577
0,0,0.3809951
0,0,0.26336667
0,0,0.069726154
0,0,0.32474148
0,1,0.5943367
1,1,0.8194382
0,0,0.034496482
0,0,0.14974327
1,1,0.57103217
0,0,0.3339964
0,0,0.08783706
0,0,0.101915725
0,1,0.6554057
0,0,0.040930573
0,0,0.03927639
0,0,0.22720696
0,1,0.6148281
0,1,0.6224517
0,0,0.305086
0,1,0.50911206
1,1,0.62325716
0,0,0.056280345
0,0,0.28695494
0,0,0.16666847
0,0,0.35656294
0,0,0.057860665
0,0,0.1051327
1,1,0.5423774
0,1,0.5662746
0,0,0.063586876
0,0,0.11513993
0,0,0.4072623
0,0,0.08457739
0,0,0.32731867
0,0,0.06468584
0,0,0.41010374
0,0,0.028008008
0,1,0.6799741
0,0,0.056311984
0,0,0.47577852
0,0,0.09126832
0,0,0.03869802
0,0,0.114363566
0,0,0.22560845
0,0,0.09049183
0,0,0.26591104
0,1,0.5817696
0,0,0.2541596
0,0,0.19138332
0,0,0.45140275
0,0,0.10388702
0,0,0.1768339
0,1,0.63086814
0,0,0.056705635
0,0,0.24589998
0,0,0.05094737
0,0,0.24117765
0,0,0.091127805
0,0,0.060660165
0,0,0.028702112
0,0,0.44239792
0,1,0.63059366
0,0,0.056787577
0,0,0.054675505
0,1,0.6074143
1,0,0.481312
0,0,0.24158216
0,0,0.38639063
0,0,0.098632365
0,0,0.3198122
1,0,0.47678658
0,0,0.36072662
0,0,0.06483688
0,0,0.058234137
0,0,0.10367797
1,0,0.08142903
0,1,0.60913444
1,1,0.6674591
0,1,0.5908086
0,0,0.13552232
0,0,0.45200524
0,0,0.23303625
0,0,0.0832666
0,0,0.3882524
0,0,0.039873645
0,1,0.595191
0,0,0.028502293
0,0,0.24026191
0,0,0.05330544
0,0,0.078055464
0,0,0.086043514
0,0,0.028160505
0,0,0.4621153
0,0,0.11609381
0,0,0.04082758
0,0,0.07934661
0,0,0.042956863
0,0,0.053558838
0,1,0.66809505
0,0,0.04012207
0,0,0.47696903
0,0,0.08808144
0,1,0.77415735
0,0,0.07779494
0,0,0.4536734
0,0,0.122953795
0,0,0.037187997
0,0,0.05970084
0,0,0.038897585
0,0,0.092910275
0,0,0.08327529
0,0,0.08006793
0,0,0.17837693
0,0,0.10156074
0,1,0.5864711
0,0,0.18792315
0,0,0.060176957
0,0,0.13862152
0,1,0.70123583
0,0,0.2888235
0,0,0.38001928
0,0,0.49695003
0,0,0.05612013
0,0,0.061492123
0,0,0.13487172
0,1,0.6769742
0,0,0.09313967
0,0,0.38050616
0,0,0.06899826
0,0,0.107428856
1,0,0.37230724
0,0,0.028160505
0,0,0.29380524
0,0,0.21425024
0,0,0.06362803
0,0,0.29281712
0,0,0.47847247
0,0,0.028008008
0,0,0.4991914
1,0,0.085879736
0,0,0.08594185
0,0,0.079658575
0,1,0.59278303
0,1,0.51631147
0,0,0.047517896
0,0,0.21168725
0,0,0.07664711
0,0,0.078055464
0,0,0.33330938
0,0,0.24007906
0,0,0.106663965
0,0,0.3723115
0,0,0.47527894
1,1,0.7495034
0,0,0.4950958
0,0,0.06984511
1,1,0.51566607
0,1,0.5182049
0,1,0.6654518
0,0,0.22568785
0,0,0.028502293
0,0,0.46933362
0,0,0.20534948
0,0,0.10633144
0,0,0.21652424
0,0,0.06545443
0,0,0.03924161
0,1,0.5320866
0,0,0.20736125
0,0,0.28237668
0,0,0.3451172
0,0,0.057514988
1,0,0.27143645
0,0,0.30155677
0,0,0.06740227
0,0,0.37657613
0,0,0.3908072
0,0,0.2221589
0,0,0.21924073
1,1,0.64804405
0,0,0.4920732
0,0,0.042492248
0,0,0.12830885
0,0,0.09693678
0,0,0.47432053
0,0,0.034444753
1,0,0.4795687
0,0,0.2825972
0,0,0.31529886
0,0,0.028160505
0,0,0.052771207
0,1,0.5348805
0,0,0.054699764
0,0,0.06205768
0,0,0.27343166
0,1,0.599283
0,0,0.056134086
0,0,0.14712334
0,1,0.6282906
0,0,0.25967622
0,0,0.06988831
0,0,0.33532527
0,0,0.13067442
0,0,0.027737437
0,0,0.054245677
0,0,0.27855495
0,0,0.095203444
0,1,0.61830395
0,0,0.3801384
0,1,0.631397
0,0,0.34511864
0,0,0.06495903
0,0,0.05708141
0,0,0.042368613
0,0,0.05485606
0,0,0.48263168
0,0,0.120141275
0,1,0.5643317
0,0,0.10945928
0,0,0.4996868
0,1,0.51720977
0,1,0.5181294
0,0,0.05393645
0,1,0.52118874
0,0,0.12517303
0,0,0.08421987
0,0,0.05359473
0,0,0.41330525
0,0,0.057369225
0,0,0.14793314
1,0,0.38262793
0,0,0.10321018
0,0,0.038564593
0,0,0.059297543
0,0,0.16434081
0,0,0.21615952
0,0,0.028160505
1,1,0.64914095
0,0,0.055981044
0,0,0.253677
0,0,0.05716922
1,1,0.5881439
0,0,0.052136518
0,0,0.26480046
0,1,0.7300012
1,1,0.51007557
0,1,0.69497
0,0,0.04894203
0,0,0.083690114
1,0,0.44092616
0,0,0.25919715
0,0,0.46284744
0,1,0.698203
0,0,0.031464282
0,0,0.41203243
0,0,0.20658568
0,0,0.0880437
0,0,0.3340831
0,0,0.1921785
0,0,0.19235869
0,0,0.43154678
0,1,0.56934935
0,0,0.40820113
0,0,0.28569692
0,0,0.42067978
0,0,0.058367234
0,0,0.07836565
0,0,0.047134362
0,0,0.1216046
0,0,0.49364796
0,0,0.07632915
0,1,0.5146589
0,0,0.26329157
0,0,0.4095748
0,0,0.05886486
1,0,0.21861526
0,0,0.028702112
0,0,0.0558131
0,0,0.063761264
0,0,0.30247998
1,1,0.55149066
0,0,0.1884459
0,0,0.18432553
0,0,0.3106886
0,0,0.0523127
0,0,0.2939137
0,0,0.1208591
0,0,0.42039326
1,1,0.5164368
0,0,0.124088295
0,1,0.56786144
0,1,0.69405705
0,0,0.09113566
1,1,0.6217359
0,1,0.7140567
1,1,0.5444365
1,1,0.66298294
0,1,0.61488616
0,1,0.63322353
0,0,0.30905923
0,0,0.16306987
0,0,0.2876781
0,0,0.31807944
0,0,0.28807
0,0,0.23151262
0,0,0.13697949
0,0,0.24326211
0,0,0.4558542
0,0,0.1550351
0,0,0.37851265
0,0,0.064998515
0,0,0.055970162
0,1,0.59680027
0,0,0.19617045
0,0,0.06089919
0,0,0.06669585
0,0,0.06473316
0,0,0.2970421
0,0,0.20882565
0,0,0.49143484
0,0,0.042669527
0,1,0.61931664
0,0,0.10287677
0,0,0.16645198
0,0,0.028702112
0,0,0.08635244
0,0,0.07899553
0,0,0.055015862
0,0,0.10021128
0,0,0.10133538
0,0,0.10487158
0,0,0.05864843
0,0,0.085052036
0,0,0.0432037
0,0,0.3330793
0,0,0.07071936
0,0,0.2948317
0,0,0.2845052
0,0,0.14491828
0,0,0.30682433
0,0,0.06574455
0,1,0.6022994
1,1,0.68803316
0,0,0.11999308
0,0,0.081247754
0,0,0.27214903
0,0,0.07577459
0,1,0.7117393
0,0,0.09402429
0,0,0.27579415
0,0,0.08001635
0,0,0.028502293
0,1,0.7135191
0,0,0.06867563
0,0,0.1691154
0,0,0.06032738
0,0,0.058023468
0,0,0.059261817
0,0,0.10945598
0,0,0.028702112
0,0,0.084485844
1,0,0.23681386
0,0,0.028502293
0,0,0.027737437
0,0,0.29846555
0,0,0.38374513
0,1,0.5597434
0,0,0.3859618
0,0,0.37295738
1,0,0.48152453
0,1,0.57396865
1,1,0.7183864
0,0,0.08195445
0,0,0.087172
0,0,0.08576688
0,0,0.09260679
0,0,0.09767296
0,0,0.15251903
1,0,0.43141142
0,1,0.658422
0,0,0.3596605
0,0,0.060933206
0,0,0.10968123
0,0,0.028008008
0,0,0.22057469
0,0,0.26190314
0,0,0.48687693
0,1,0.6387069
0,0,0.19031435
0,0,0.08516554
0,0,0.48542276
0,0,0.06737144
0,1,0.6887781
0,0,0.37251222
1,1,0.8164944
1,1,0.7487612
0,0,0.37080255
0,0,0.06593871
0,0,0.47009593
0,0,0.19531292
0,0,0.05644401
0,1,0.67826533
0,0,0.062719025
0,0,0.11831426
0,0,0.30064446
0,0,0.030074822
0,0,0.22046033
0,0,0.4100701
0,0,0.20331952
0,0,0.14093508
0,0,0.03869802
0,0,0.498504
0,0,0.39207938
0,0,0.072830595
0,0,0.13707402
0,0,0.12166126
0,0,0.053538732
0,0,0.028947866
1,0,0.3638253
0,0,0.056626946
0,0,0.1326881
0,0,0.1310665
0,0,0.06239092
0,0,0.0811118
0,0,0.03830853
0,0,0.18715148
0,0,0.028401755
0,0,0.055712648
0,0,0.20806041
0,0,0.035033
0,0,0.09216196
0,0,0.0761331
0,0,0.20201729
0,0,0.12586145
0,0,0.07890142
0,0,0.087620735
0,0,0.4834886
0,0,0.08892899
0,0,0.07855173
1,1,0.6973915
0,0,0.17777954
0,1,0.5437313
1,0,0.44847363
1,1,0.5410049
0,0,0.11070327
0,0,0.1071467
0,0,0.11241008
0,0,0.3690488
0,0,0.06847356
0,0,0.09031323
0,0,0.038022287
0,0,0.042956863
0,0,0.060176957
0,0,0.085052036
0,0,0.15928374
0,0,0.13472739
0,0,0.31186312
0,0,0.38746047
1,1,0.6508751
0,0,0.055061117
0,0,0.053163562
0,1,0.5066601
0,0,0.2065524
0,0,0.3656358
0,1,0.7299418
1,1,0.70159686
0,0,0.061342403
0,1,0.6279356
0,0,0.06823315
0,0,0.16395603
0,0,0.08506549
0,0,0.03754465
0,1,0.5549414
0,0,0.20272094
0,0,0.46975422
0,0,0.08832545
0,0,0.03353891
1,1,0.54878783
0,0,0.07734851
0,0,0.28448117
0,0,0.46038848
1,0,0.21598463
0,0,0.25040394
0,0,0.030689687
0,0,0.2900095
0,0,0.030625988
0,0,0.042407025
0,0,0.08226768
0,0,0.10013519
0,0,0.07132133
1,1,0.5955315
0,0,0.46539763
0,0,0.069979385
0,0,0.33375412
0,1,0.6314771
0,0,0.0573905
0,0,0.10397279
0,1,0.5997623
0,0,0.14176449
0,0,0.028502293
0,0,0.46442106
0,0,0.08071809
0,0,0.30159065
0,0,0.049841773
0,0,0.18379761
0,0,0.08768165
1,1,0.6540936
0,1,0.5880931
0,0,0.45543024
0,0,0.2163872
0,0,0.2918297
0,0,0.06708758
1,0,0.36235562
0,0,0.1531695
0,0,0.14990078
0,0,0.09426283
0,0,0.25157622
0,1,0.7130594
0,0,0.05493412
0,1,0.58614945
0,0,0.053813104
0,1,0.50547165
0,0,0.15881401
0,0,0.21829398
0,0,0.15281624
0,0,0.1342765
0,0,0.3443324
0,0,0.105384484
0,0,0.028502293
0,0,0.053669155
0,0,0.20532222
0,0,0.13615131
0,0,0.26075435
0,0,0.08446828
0,0,0.055345457
0,0,0.037749607
1,0,0.20226988
0,0,0.45932448
0,0,0.27003226
1,1,0.6451776
0,0,0.24868955
0,0,0.2641634
0,0,0.48391944
0,0,0.3454475
0,1,0.5043222
0,0,0.046510253
0,0,0.23197322
0,1,0.52024734
0,0,0.028702112
0,0,0.09386078
0,0,0.104493804
1,0,0.42130914
0,0,0.1577973
0,0,0.21613505
1,1,0.76780474
0,0,0.06408375
0,0,0.47156122
0,0,0.030285323
0,0,0.06245013
1,0,0.23676132
0,1,0.74312913
0,0,0.34153435
0,1,0.6873262
0,0,0.07609519
0,0,0.25201482
0,1,0.5076608
0,0,0.37936562
1,1,0.7081303
0,0,0.028008008
0,0,0.31809834
0,0,0.06562241
0,0,0.28646967
0,1,0.8131353
0,0,0.39712214
0,1,0.726941
0,1,0.5534935
0,0,0.056022163
0,0,0.2900737
0,0,0.06764946
0,0,0.32853946
0,0,0.46738312
0,0,0.028008008
0,0,0.07097093
0,0,0.07173276
1,1,0.72867
0,0,0.05509694
0,0,0.37045637
0,0,0.059641633
0,0,0.062862694
0,0,0.46900183
0,1,0.5905734
0,1,0.6879977
0,0,0.1737542
1,1,0.66437274
0,1,0.5603932
0,0,0.26736435
0,0,0.45887834
0,0,0.063422725
0,1,0.81016123
0,0,0.18692762
0,0,0.10627563
0,1,0.51055264
1,1,0.5443582
0,0,0.113362364
1,0,0.3339467
0,0,0.062189978
0,0,0.06857193
0,0,0.096940376
0,1,0.61202186
0,0,0.061242975
0,1,0.575157
0,0,0.18845412
0,0,0.16801077
0,0,0.17716834
0,0,0.03179119
0,0,0.13103287
0,0,0.39535832
0,0,0.306991
0,0,0.1198111
0,0,0.0381358
0,1,0.725468
0,1,0.64680415
0,0,0.08578937
0,0,0.29497975
0,0,0.077028625
0,0,0.36181423
0,0,0.13185373
0,0,0.09137848
0,0,0.1099943
0,0,0.13485269
0,0,0.18957466
0,0,0.15000285
0,0,0.055615094
0,0,0.04783215
1,0,0.054422714
0,0,0.475772
0,0,0.110483006
0,0,0.0812897
0,0,0.06281743
0,0,0.04266685
0,1,0.5423511
0,0,0.052523527
0,0,0.04286935
1,0,0.41570428
0,0,0.06565237
0,0,0.4868325
0,0,0.028160505
0,1,0.69146144
0,0,0.08942055
1,1,0.63432825
0,0,0.027737437
0,0,0.078581356
0,0,0.042956863
0,0,0.0808661
0,0,0.052446943
0,0,0.055545963
0,0,0.04624809
0,0,0.2893915
0,0,0.06383325
0,0,0.4784382
0,0,0.07076279
0,0,0.31190115
0,0,0.17191908
0,0,0.46785894
0,1,0.5269546
1,0,0.47662243
0,0,0.27191493
1,1,0.7900837
0,1,0.55198014
0,0,0.1669939
0,0,0.07026654
0,1,0.65349674
0,0,0.4494386
1,0,0.27020797
0,1,0.7008205
0,0,0.11069735
1,0,0.11326826
0,0,0.26995572
0,0,0.039097052
0,1,0.53207797
0,0,0.059650604
0,0,0.045487087
0,0,0.08184644
0,0,0.105175324
1,1,0.5943562
1,1,0.7023903
1,0,0.35056564
0,1,0.5394971
0,0,0.14326836
0,0,0.10565202
1,1,0.62389976
0,1,0.6502125
0,0,0.17224419
0,0,0.03444638
0,1,0.5229729
0,1,0.59746975
0,1,0.6065583
1,1,0.6013148
0,0,0.10247154
0,0,0.08509817
0,0,0.030920267
0,1,0.7035939
0,0,0.0807327
0,0,0.028160505
0,1,0.5353705
0,0,0.48584548
0,0,0.06525526
0,1,0.5528355
0,1,0.673879
0,0,0.058191787
0,0,0.24385823
0,1,0.6524386
0,0,0.19677831
0,0,0.1158868
0,1,0.53585047
0,0,0.057722017
0,0,0.23520313
0,0,0.15486346
0,0,0.06038337
0,0,0.35660872
0,0,0.13573064
0,1,0.6074307
0,0,0.03463367
0,0,0.048708323
0,0,0.122459255
0,0,0.2037039
0,0,0.0558131
0,0,0.08063005
0,0,0.49004123
0,0,0.1431992
1,1,0.6379228
0,0,0.3685792
0,0,0.062042296
0,0,0.3676264
0,0,0.08076621
0,0,0.46086007
0,0,0.09752141
0,0,0.19351713
0,0,0.21683712
1,1,0.584986
0,1,0.70914114
0,0,0.117359914
0,1,0.5735975
0,0,0.08622407
0,1,0.6823546
0,1,0.6111647
0,0,0.05900269
0,0,0.45565665
0,1,0.5704225
0,0,0.33053628
0,0,0.06000678
0,0,0.028702112
0,0,0.12445524
0,0,0.4984642
0,0,0.03309121
0,0,0.084531106
0,0,0.053776648
0,1,0.73030347
0,0,0.41478693
0,1,0.58816886
1,1,0.82919294
0,0,0.20797588
0,0,0.09540588
0,1,0.5837071
0,0,0.25128546
0,0,0.057171803
0,0,0.18198386
0,0,0.047174886
0,1,0.6654798
0,0,0.30863237
0,0,0.117095925
0,0,0.4300469
0,0,0.32806662
0,0,0.21006303
0,0,0.039018005
0,1,0.5847718
0,0,0.14433564
0,0,0.14565678
0,0,0.0552365
0,0,0.36783248
0,0,0.08382734
0,0,0.21078756
0,0,0.35106292
0,0,0.462972
0,0,0.09133084
0,0,0.028008008
0,0,0.1382879
0,0,0.08555531
0,0,0.046771143
0,0,0.06425857
0,0,0.03869802
0,0,0.4389273
0,0,0.054138914
0,1,0.6915639
0,0,0.03822135
0,0,0.15936883
1,1,0.7471244
0,0,0.029394949
0,0,0.057006937
0,0,0.11225988
0,0,0.09628211
0,0,0.060847532
0,0,0.12374148
0,1,0.7538331
0,1,0.66818136
0,0,0.4932784
0,0,0.14495869
0,0,0.10185165
1,0,0.2095206
0,0,0.05794894
0,1,0.5043117
0,0,0.16146383
0,1,0.65651965
0,0,0.12270901
1,0,0.35924962
0,1,0.50622576
0,0,0.06282931
0,0,0.4105755
0,0,0.42947116
0,0,0.051372293
1,0,0.29473123
0,0,0.20695361
0,0,0.3020914
0,1,0.69749355
0,0,0.40866747
1,1,0.7706722
0,0,0.46669388
0,0,0.16721216
0,0,0.080807745
0,1,0.729345
0,0,0.0881127
0,0,0.09561113
0,0,0.36059648
0,0,0.45060244
0,0,0.33226252
0,1,0.5196195
0,0,0.17925858
0,0,0.31315774
0,0,0.2870761
0,0,0.4775879
0,0,0.10354086
0,0,0.33314866
0,0,0.43937895
0,0,0.028702112
1,1,0.7666267
0,0,0.368479
0,0,0.12195291
0,0,0.05697258
0,0,0.36574498
0,0,0.042156026
0,0,0.30103305
1,1,0.5935026
0,0,0.3482072
0,0,0.058554504
0,0,0.33854234
1,1,0.7138927
0,1,0.6847717
0,0,0.20897342
0,0,0.39167985
1,0,0.39585853
1,1,0.5672011
0,0,0.34721732
1,0,0.44602746
0,0,0.057205517
0,0,0.06622859
0,0,0.38893148
0,1,0.61110437
0,0,0.38225523
0,0,0.05020346
1,1,0.71445364
0,0,0.1620874
0,0,0.031512395
0,0,0.1312592
0,0,0.20875636
1,1,0.69717926
0,0,0.22140396
0,0,0.2654157
0,0,0.03280469
0,0,0.25703
0,0,0.15687224
0,0,0.22026348
0,0,0.44522935
1,1,0.7263494
0,0,0.057302058
0,0,0.052145664
0,0,0.028947866
0,0,0.338605
0,0,0.34902146
0,0,0.44785944
0,0,0.3420577
0,0,0.03104213
0,1,0.5553965
0,0,0.40717018
0,0,0.05993669
0,1,0.66475236
0,0,0.08389
0,0,0.038414627
0,0,0.31242472
0,0,0.0962369
0,0,0.10149063
0,0,0.15543163
0,1,0.6323042
0,0,0.08085288
0,0,0.09570316
0,0,0.3156805
0,0,0.085548945
1,1,0.5170949
0,0,0.48629656
0,0,0.27185997
0,0,0.08170128
0,0,0.06734431
0,0,0.23326701
0,0,0.37637088
0,0,0.03343255
0,0,0.24901642
1,1,0.67374986
0,0,0.086745284
0,1,0.5416413
0,0,0.068322204
0,0,0.08220331
0,0,0.24205355
0,0,0.31906494
0,0,0.4937721
0,0,0.1796291
1,1,0.81429046
0,0,0.37684605
0,0,0.06383325
0,0,0.4212601
0,0,0.042956863
0,0,0.26677996
0,0,0.47841036
0,0,0.08149617
0,0,0.14539391
1,1,0.7603493
0,0,0.23703733
0,0,0.2794654
0,0,0.03900415
0,0,0.081510134
0,0,0.05492109
0,0,0.09578199
0,0,0.35374972
0,0,0.4112135
0,0,0.054422714
0,0,0.07751114
0,0,0.2854827
0,1,0.5657759
0,0,0.045860138
0,0,0.053442404
1,0,0.301526
0,0,0.053589594
0,1,0.5104787
0,0,0.048766047
0,0,0.15993947
0,0,0.2743395
0,0,0.2790841
0,0,0.4729806
0,0,0.32817453
0,0,0.07706871
0,1,0.5492781
0,1,0.5754497
0,0,0.13014662
0,0,0.3653307
0,0,0.053505313
0,0,0.05544096
0,0,0.06646241
0,0,0.14156215
0,0,0.23740266
0,0,0.0682023
0,1,0.604953
0,1,0.5430247
0,0,0.089256875
0,0,0.038841162
0,0,0.44471154
0,0,0.091110565
0,0,0.058617953
0,0,0.10459373
0,0,0.041751213
1,1,0.52763313
0,0,0.26086137
0,0,0.06933432
0,1,0.6889957
0,0,0.05020346
0,0,0.23774387
0,0,0.042956863
0,0,0.06383325
0,0,0.46078625
0,0,0.08446057
0,0,0.496691
0,1,0.5821816
0,0,0.19996075
0,1,0.5092413
0,0,0.27851406
0,0,0.10571547
0,0,0.3878732
0,0,0.08199012
0,0,0.14375192
1,0,0.4179853
0,0,0.2314863
0,0,0.08323565
0,0,0.2181679
0,0,0.09464568
0,0,0.05825955
0,0,0.077028625
0,0,0.14593153
0,1,0.7543563
0,0,0.24762358
0,0,0.05785196
0,1,0.64355105
0,0,0.28239077
0,0,0.4021066
1,1,0.69120604
1,0,0.46401024
0,0,0.29377913
0,0,0.111728966
0,1,0.5082432
0,0,0.34925833
0,1,0.59808826
0,0,0.3370237
0,0,0.07317258
0,0,0.034744762
0,0,0.30715597
0,0,0.10028043
1,1,0.70195526
0,0,0.23288463
0,0,0.054245677
0,0,0.29362693
0,0,0.061363578
0,0,0.028702112
0,0,0.04300598
0,1,0.5879357
0,1,0.5611923
0,1,0.51377565
0,1,0.54359084
0,0,0.37072736
0,0,0.25389078
0,0,0.07856898
0,0,0.080234535
0,1,0.65547127
0,0,0.3898427
0,0,0.23864077
0,0,0.09115634
0,0,0.49696204
0,0,0.3627975
0,0,0.12928219
0,0,0.07954734
0,0,0.030361766
0,0,0.10713784
1,1,0.5316596
0,0,0.06274905
0,0,0.25208172
1,1,0.7251973
0,0,0.29253817
0,0,0.1982325
0,0,0.076848336
0,0,0.060176957
0,0,0.058536556
0,0,0.26320705
0,1,0.56384736
0,0,0.12052556
0,0,0.16101678
0,0,0.26535392
0,1,0.5030016
1,0,0.23681262
0,0,0.09303326
1,1,0.6188567
0,0,0.18795297
0,0,0.062380143
0,0,0.3994694
0,0,0.09877734
0,0,0.055911344
0,0,0.43499804
1,1,0.7352394
0,0,0.037325766
0,1,0.55144465
0,0,0.27191493
0,0,0.37275732
0,0,0.07053177
0,0,0.045860138
1,1,0.7599299
0,0,0.33941153
0,1,0.61869043
0,1,0.58025885
0,0,0.29540408
0,0,0.2610739
0,0,0.05825059
0,0,0.44516116
0,0,0.2612274
0,0,0.43196213
0,0,0.103000276
0,1,0.5130828
0,0,0.12308054
0,0,0.2708273
0,0,0.15021285
0,0,0.052115917
0,0,0.11395907
0,1,0.757462
0,0,0.035104517
0,0,0.09465011
0,0,0.08925414
0,0,0.18871179
0,0,0.058410514
0,0,0.34351233
0,0,0.05145917
0,0,0.26437223
0,0,0.13351862
0,0,0.06262195
0,0,0.052197736
0,0,0.28243417
0,1,0.5933243
0,0,0.21873687
0,1,0.6810441
0,0,0.15887973
0,0,0.12660873
0,0,0.40796867
0,0,0.03490062
1,1,0.80473596
0,1,0.54390407
0,0,0.042809434
1,0,0.36260673
0,1,0.63800365
1,1,0.7204714
0,0,0.20764005
0,0,0.03808041
0,0,0.14775519
0,1,0.54073346
0,0,0.13728774
0,0,0.24931945
0,1,0.5277391
1,0,0.30155677
0,0,0.16671005
0,0,0.15456262
0,0,0.39709076
0,0,0.40446544
0,0,0.39327192
0,0,0.039018005
0,0,0.35717973
1,1,0.73232776
0,1,0.5772113
0,0,0.25737745
0,0,0.38057896
0,1,0.64067906
0,0,0.23649792
0,0,0.3564298
0,0,0.35112372
0,1,0.519163
0,0,0.4378939
0,0,0.05438491
0,0,0.05364166
0,0,0.11285639
0,0,0.49802685
0,0,0.18415608
0,1,0.62768567
0,0,0.38456622
0,0,0.16993341
0,0,0.3755351
0,0,0.044650674
0,0,0.05100723
0,0,0.38189104
1,1,0.7489519
0,0,0.042630207
0,0,0.042956863
0,0,0.2568844
0,0,0.0783398
0,0,0.4725103
0,0,0.36977327
0,0,0.14835757
0,0,0.1350071
0,1,0.6276143
0,0,0.05978456
0,0,0.0843445
0,0,0.35190457
0,0,0.43356258
0,0,0.32745814
0,0,0.06315727
0,0,0.09550944
0,1,0.70058286
0,0,0.091425404
0,0,0.042956863
0,0,0.2470192
0,0,0.14600194
0,0,0.39388978
0,0,0.08136898
1,1,0.81746924
0,1,0.55776316
0,0,0.26458067
0,0,0.10582157
1,0,0.29965436
0,0,0.058404405
0,1,0.6045722
0,0,0.21090041
0,0,0.37794667
0,0,0.28174677
0,0,0.056129515
0,0,0.08260741
0,0,0.14971024
0,0,0.057205517
0,0,0.046268728
0,1,0.5548201
0,0,0.12803885
0,0,0.094725266
0,0,0.29111108
0,0,0.100469545
0,1,0.69319624
0,0,0.26295888
0,1,0.52408475
0,0,0.38815382
0,0,0.19224373
0,0,0.054963503
0,1,0.55016834
0,0,0.0857446
0,0,0.057369225
0,0,0.059000008
0,0,0.29268005
0,1,0.53540134
0,0,0.13218206
1,1,0.8204544
0,0,0.20314477
0,0,0.24682282
0,0,0.05277562
0,0,0.07854281
0,0,0.061853606
0,0,0.108423494
0,0,0.031193163
0,0,0.105203964
0,0,0.028160505
0,0,0.23895171
0,0,0.05589826
0,1,0.6843595
0,0,0.065586396
1,1,0.67823476
0,1,0.5268727
0,0,0.41426206
0,0,0.09352173
0,0,0.2094892
0,0,0.25785094
0,0,0.25092825
0,0,0.039097052
0,0,0.4588612
0,0,0.041488443
0,0,0.05272819
0,1,0.71383876
0,0,0.4763008
0,0,0.28268117
0,0,0.11619343
0,0,0.04994385
0,0,0.299836
0,0,0.246918
0,0,0.09924975
0,1,0.506597
0,0,0.11770781
0,0,0.04669328
0,0,0.247789
0,0,0.07944904
0,0,0.0612753
0,0,0.054223835
1,0,0.40275273
0,1,0.6584071
0,0,0.057927806
0,0,0.19839847
0,0,0.1253585
1,1,0.54326606
0,1,0.53913087
0,0,0.042630207
0,0,0.05960731
0,0,0.042353243
0,0,0.04360355
0,0,0.24573246
0,0,0.0802719
0,0,0.056785416
0,0,0.029117765
0,1,0.5358154
0,0,0.08507505
0,0,0.37748858
0,0,0.123816244
0,0,0.05619059
0,0,0.057762515
0,0,0.15596206
0,0,0.0695952
0,0,0.45303956
0,0,0.08851609
0,0,0.48295057
1,1,0.56117296
0,0,0.24491096
1,0,0.36840945
0,0,0.20245788
0,0,0.33051416
0,0,0.10076009
0,0,0.027737437
0,1,0.62270665
0,0,0.33215207
0,0,0.17294122
0,0,0.24468172
0,0,0.44303903
0,0,0.2521788
0,1,0.62085253
0,0,0.17587201
0,0,0.37476856
0,0,0.068234175
0,1,0.57036734
0,0,0.06893253
0,0,0.0747635
0,0,0.37803584
0,0,0.028160505
1,0,0.17795622
0,0,0.23332779
0,1,0.6267858
0,0,0.12506248
0,0,0.36014023
0,0,0.04495089
0,0,0.2900095
0,0,0.07920822
0,0,0.36568508
0,0,0.25924525
0,0,0.21478164
1,1,0.50918394
0,0,0.16531421
0,0,0.31978762
0,0,0.12015917
0,0,0.19889547
0,0,0.39041418
0,0,0.39344677
0,0,0.3933406
0,0,0.29783645
0,0,0.22729728
0,0,0.042809434
0,0,0.050581567
0,0,0.45596078
1,0,0.45543006
0,0,0.478867
0,0,0.045348696
0,1,0.7480506
0,0,0.46276566
0,0,0.23667254
0,0,0.09182716
0,0,0.038414627
1,0,0.26075435
0,1,0.51029414
0,0,0.19604315
0,0,0.12264094
0,0,0.09782293
0,0,0.39887297
0,0,0.2004333
0,0,0.08152103
0,0,0.06430275
0,1,0.5450446
0,0,0.042956863
0,0,0.48225334
0,0,0.04480992
0,0,0.03997441
0,0,0.21708897
0,0,0.13417901
0,0,0.29026338
0,0,0.21057971
1,1,0.7163425
0,1,0.57298994
0,0,0.056859273
0,0,0.35413942
0,0,0.38892737
0,0,0.3695396
0,0,0.088311516
0,0,0.079281755
0,0,0.059917025
0,0,0.17436518
0,0,0.38691634
0,0,0.15526503
1,0,0.12990192
0,0,0.06346927
0,0,0.057205517
0,0,0.22640061
0,0,0.26704532
0,1,0.76817906
0,0,0.045090187
0,0,0.4650616
0,1,0.5777209
0,0,0.2236335
1,1,0.732548
0,0,0.056482308
0,0,0.0432037
0,1,0.62769276
0,0,0.054699764
0,0,0.36651295
1,1,0.7071595
0,1,0.56722325
0,0,0.18422198
0,0,0.09093485
0,0,0.3749019
0,0,0.44190553
0,0,0.028702112
0,0,0.059000008
0,0,0.046545625
0,0,0.06134901
0,0,0.17981482
0,0,0.058314525
0,0,0.03179119
0,0,0.44699934
0,0,0.08390015
0,0,0.26120403
0,0,0.054988608
0,1,0.5160569
0,0,0.21247043
0,0,0.056129515
0,0,0.15015477
0,1,0.50140643
0,0,0.070236266
0,0,0.45784086
0,0,0.32322028
0,0,0.47544873
0,0,0.12327955
0,0,0.07363362
0,0,0.055015862
0,0,0.13879699
1,1,0.66167694
0,0,0.24820714
0,0,0.14836909
0,0,0.056855716
1,1,0.5377814
0,0,0.0432037
0,0,0.09094299
0,0,0.40413347
0,0,0.08888569
0,0,0.43470845
0,0,0.25508943
1,1,0.6520827
0,0,0.071063094
0,0,0.042956863
0,0,0.0892222
0,0,0.052860975
0,0,0.06803953
0,0,0.053370725
0,0,0.15749544
0,0,0.21520104
0,0,0.12880866
0,0,0.048068564
0,1,0.5088198
0,0,0.3345025
0,0,0.23901647
0,1,0.6498684
0,0,0.44435441
1,1,0.694613
0,0,0.08942881
0,0,0.057843503
0,0,0.10631303
0,0,0.46484768
0,0,0.49077323
0,0,0.45934013
0,0,0.21823326
0,0,0.2926245
0,0,0.26856557
0,0,0.30698085
0,0,0.46690273
0,1,0.6375197
0,0,0.0636086
0,0,0.22283322
0,0,0.4700738
0,0,0.16089779
0,0,0.42506936
0,0,0.059485365
0,1,0.6189551
0,0,0.096186355
0,0,0.10325264
0,0,0.15522546
0,0,0.14218439
0,0,0.36228168
0,0,0.037889376
0,0,0.04709114
0,0,0.031091703
1,1,0.6159302
0,0,0.07126003
0,0,0.053452283
0,0,0.26426488
0,0,0.09246994
1,1,0.5570143
0,1,0.6603551
0,0,0.3123631
0,0,0.10127084
0,0,0.04639529
0,0,0.47110823
1,1,0.6949527
0,0,0.15195553
0,0,0.28137386
0,0,0.05671859
0,0,0.03822135
0,0,0.1317323
0,0,0.087483294
1,1,0.77445674
0,0,0.37761703
0,0,0.063330196
0,0,0.059449326
0,0,0.23046082
0,0,0.09146615
0,0,0.08503319
0,0,0.22848272
0,0,0.088737726
0,1,0.6153677
0,0,0.11571948
0,0,0.068604186
0,1,0.50220007
0,0,0.29761642
0,0,0.08797051
0,0,0.41389185
0,0,0.44363287
0,0,0.44045138
0,0,0.053748883
0,0,0.3026953
0,0,0.46602798
0,0,0.1223038
0,0,0.07141915
0,0,0.053746
0,0,0.052197736
0,0,0.05605819
0,0,0.05827465
0,0,0.048917163
0,0,0.08473333
0,0,0.30786708
0,1,0.7795245
0,0,0.15282607
0,0,0.042956863
0,0,0.2825034
0,1,0.7082176
0,0,0.056049563
0,0,0.08152103
0,0,0.056129515
0,0,0.29265535
0,0,0.4763854
0,0,0.054138914
0,1,0.70115596
0,0,0.15657434
0,0,0.028160505
0,0,0.12684527
0,1,0.52400345
0,0,0.19741552
0,0,0.031091703
1,0,0.37699094
0,0,0.054280132
0,0,0.47688287
0,0,0.12065129
1,1,0.70806146
0,0,0.14389141
1,0,0.032419942
0,0,0.29606083
0,0,0.066786215
0,0,0.058075305
0,0,0.45656005
0,0,0.13426471
0,0,0.039376993
0,0,0.120440245
0,0,0.038841162
0,0,0.0558131
0,0,0.028160505
0,0,0.07469021
0,0,0.29946494
0,0,0.05706956
0,0,0.05751012
0,0,0.045199838
0,0,0.058966856
0,0,0.3096476
0,1,0.79678315
0,0,0.031638637
1,0,0.21248348
0,0,0.37620485
0,0,0.13689199
0,0,0.09342631
0,0,0.18526466
0,0,0.05320196
0,0,0.0844568
0,0,0.028502293
0,0,0.058029987
0,0,0.106262594
0,0,0.051208206
0,0,0.09318383
0,0,0.028008008
0,0,0.27085343
0,0,0.4311079
0,0,0.20380442
0,0,0.26105553
0,0,0.20821802
0,1,0.54588425
0,1,0.56027853
0,0,0.12219461
0,0,0.05780931
0,0,0.4836854
0,0,0.124335885
0,0,0.05174452
0,0,0.36394358
0,0,0.03984132
0,0,0.49084306
0,0,0.098643206
0,0,0.08421987
0,0,0.0670528
0,1,0.64595944
0,0,0.4857986
0,0,0.12655756
0,1,0.61249405
0,0,0.08474619
1,0,0.2585795
0,0,0.09507104
0,0,0.21524727
0,0,0.43005317
0,0,0.042221617
0,0,0.23935118
0,0,0.058556177
0,0,0.028401755
0,0,0.058940366
0,1,0.6254368
0,0,0.035033
0,0,0.033089343
0,0,0.053205773
0,0,0.11039028
0,0,0.053205773
0,0,0.44318455
0,0,0.2377171
0,0,0.3687605
0,0,0.39684176
0,0,0.061557695
0,0,0.028160505
0,0,0.2037039
0,0,0.03136596
0,0,0.34149992
0,0,0.08047978
0,0,0.078180544
0,0,0.13980246
0,0,0.13941984
0,0,0.49130136
0,0,0.04132626
1,0,0.18433394
0,0,0.3497902
0,1,0.56263065
0,0,0.23428361
0,0,0.2832921
0,0,0.21522282
0,0,0.16158216
0,0,0.2564012
0,0,0.49210542
0,0,0.120589085
0,0,0.16467726
0,0,0.06427652
0,0,0.45047206
0,1,0.55554926
0,0,0.028947866
0,0,0.40472656
0,0,0.120854594
0,0,0.38769177
0,0,0.3764828
0,0,0.09911479
0,1,0.7140439
0,0,0.037749607
0,0,0.08946393
0,1,0.5181294
1,0,0.25616923
1,0,0.42697948
0,0,0.05904414
0,0,0.39753905
0,0,0.3702104
0,0,0.3520097
0,0,0.43342984
0,0,0.06664886
0,1,0.6164873
0,0,0.25978562
0,0,0.12806872
0,0,0.37371948
0,1,0.72788143
0,0,0.094107635
0,0,0.4232628
0,0,0.42462596
0,0,0.36245883
0,0,0.22532533
0,0,0.100797325
0,0,0.028502293
0,0,0.07350091
0,1,0.5485754
0,0,0.23398933
0,1,0.60968035
0,0,0.25513428
0,0,0.4543795
1,1,0.6852143
0,0,0.064162254
0,0,0.077590875
0,1,0.6470364
0,0,0.19973597
0,0,0.030544207
0,0,0.33662638
0,0,0.25061738
0,0,0.06042798
0,0,0.15349197
0,0,0.15900089
0,0,0.37937048
0,0,0.3550162
0,0,0.07384859
0,0,0.41929406
0,0,0.38398847
0,0,0.20977919
0,0,0.0432037
0,0,0.10687581
0,0,0.3043692
0,0,0.3615125
0,0,0.36474586
0,0,0.25298315
0,0,0.09736567
0,0,0.043350916
0,0,0.13215755
0,0,0.04659958
0,0,0.3299439
0,0,0.10559701
0,0,0.123821214
0,0,0.041646164
1,1,0.62661916
0,0,0.22986211
0,0,0.10080539
0,0,0.2790841
0,0,0.25427964
0,1,0.68298304
0,1,0.50199366
0,1,0.5529072
1,0,0.3837832
0,0,0.05716922
0,0,0.24050578
0,1,0.7227882
0,0,0.06127964
0,0,0.4121302
0,0,0.3722664
0,0,0.09154363
1,1,0.6531906
0,1,0.7157706
0,0,0.32102233
0,1,0.5998637
0,0,0.34371004
1,0,0.46250278
0,0,0.09273796
0,0,0.3656358
1,1,0.536523
0,0,0.03109566
0,0,0.04834153
1,1,0.5538242
0,0,0.40017563
0,0,0.25932676
1,1,0.7270279
0,0,0.32298058
0,0,0.056949157
0,1,0.6174039
0,0,0.028537337
0,0,0.09975793
0,0,0.08771549
0,0,0.05532644
1,1,0.5414998
0,0,0.38104573
0,0,0.2978197
0,1,0.6487952
0,0,0.22936554
0,0,0.49462533
0,0,0.066395104
0,0,0.11157256
0,0,0.17927386
0,0,0.11418406
0,0,0.096084386
0,1,0.7264119
0,0,0.13699545
0,1,0.58447593
0,0,0.056539625
0,0,0.07476816
0,0,0.20996413
0,0,0.08853661
0,0,0.34568387
1,0,0.0947049
0,0,0.13726813
0,0,0.32232514
0,0,0.4688103
0,0,0.29278114
0,1,0.5008578
0,0,0.050595682
1,1,0.6140136
0,0,0.09115144
0,0,0.028502293
0,0,0.47826442
0,1,0.7300012
0,0,0.30262297
0,0,0.44445905
0,0,0.05974694
0,0,0.29341626
0,1,0.575157
0,0,0.03904143
1,1,0.7047011
0,0,0.22785258
0,1,0.7781045
1,0,0.36207634
0,1,0.59337735
0,0,0.22955555
0,0,0.3953616
0,1,0.60411763
0,0,0.040766146
0,1,0.6247906
0,1,0.7223131
0,0,0.33584896
1,1,0.7054112
0,0,0.06128478
0,1,0.6852625
0,0,0.29130664
0,0,0.058404405
0,0,0.2279692
0,0,0.4922171
0,0,0.03257757
0,0,0.080071904
0,0,0.081476584
0,0,0.054245677
0,1,0.5645321
0,0,0.09972291
0,0,0.32910025
0,0,0.09935369
0,1,0.6004769
0,0,0.13135476
0,0,0.06853226
0,0,0.37095463
0,0,0.061093226
0,1,0.5715761
0,0,0.07957532
0,0,0.06022584
0,0,0.3722664
0,0,0.10483056
0,0,0.12600051
0,0,0.10677813
0,0,0.12500003
0,0,0.47865736
1,1,0.7242023
0,0,0.064019546
0,0,0.23695652
0,0,0.09012237
0,0,0.1095329
0,0,0.11370681
0,1,0.521772
0,0,0.3665485
0,0,0.19363573
0,0,0.054422714
0,1,0.5369892
0,0,0.3703791
0,1,0.65451014
0,0,0.090415396
0,0,0.48867998
1,1,0.7399067
0,0,0.14198825
0,0,0.13837263
0,0,0.117646925
0,0,0.39464056
0,0,0.24315245
0,0,0.41011024
0,0,0.05438491
0,0,0.057006937
0,0,0.08562177
0,1,0.50499594
0,1,0.5064354
0,0,0.0432037
0,0,0.10349953
0,0,0.22007006
1,1,0.51103926
0,0,0.030629888
0,0,0.08918184
0,0,0.09397605
0,0,0.2415742
0,0,0.28569362
0,0,0.14585681
0,0,0.089481466
0,0,0.031387787
0,0,0.06103361
0,0,0.37801245
0,0,0.37533197
0,0,0.24824554
0,0,0.24342246
0,1,0.54351056
0,0,0.029714754
0,0,0.32686648
0,0,0.4836598
0,0,0.028008008
0,0,0.028160505
0,0,0.14738864
0,0,0.0891106
0,0,0.06318848
1,1,0.6270412
0,0,0.25667208
1,1,0.51169753
1,1,0.57492906
0,0,0.15350617
0,0,0.053755883
0,0,0.06276092
1,0,0.30555606
0,0,0.2646442
0,0,0.029600836
0,1,0.5304615
1,0,0.3647378
0,0,0.25082135
0,1,0.6892528
1,1,0.66110843
0,0,0.12013185
0,0,0.35949925
0,0,0.058191787
0,0,0.19359107
0,0,0.42845115
0,0,0.07975711
0,0,0.26947355
0,0,0.101662286
0,0,0.24765395
0,0,0.058075305
0,0,0.03109566
0,0,0.4776152
0,0,0.054422714
0,0,0.23414217
0,0,0.1157044
0,0,0.3521976
0,0,0.0707405
1,1,0.64050555
0,0,0.08794614
0,0,0.19557218
0,0,0.08542693
0,0,0.13711806
0,0,0.13816258
0,0,0.109033905
1,1,0.60913444
0,0,0.13806215
0,0,0.33672214
0,0,0.041488443
0,0,0.14203906
0,0,0.058555163
0,0,0.030285323
0,0,0.079753086
0,0,0.057128828
0,0,0.083610065
0,0,0.056775738
0,0,0.056584332
0,0,0.12377439
0,0,0.08440663
0,0,0.06442357
0,0,0.055379707
0,1,0.7201299
1,1,0.60633
0,0,0.056859273
0,1,0.765257
0,0,0.12568615
0,0,0.34047583
0,0,0.24904959
0,0,0.058465026
1,0,0.24769461
0,0,0.10002897
0,1,0.6383834
0,1,0.5564652
0,0,0.03971301
0,1,0.5318612
1,1,0.79811805
0,0,0.11443608
1,1,0.6648302
0,0,0.094217874
0,0,0.072526164
1,1,0.5828044
0,0,0.21881166
0,0,0.157199
0,0,0.092774734
0,0,0.20721957
1,0,0.28208023
0,0,0.36188024
1,0,0.08212026
0,0,0.059449352
0,0,0.14703639
0,0,0.20819455
0,0,0.06328941
0,1,0.7562431
0,0,0.16188306
0,1,0.5703367
0,0,0.057439864
0,1,0.5167286
0,0,0.10950974
0,0,0.040028553
0,1,0.5329243
0,0,0.028702112
0,0,0.06669336
0,0,0.13059984
0,0,0.042407025
0,0,0.03904143
0,0,0.14598426
0,0,0.091228686
0,0,0.42224848
0,0,0.3808029
0,0,0.08629608
0,0,0.10203863
0,0,0.1596979
0,0,0.08368252
1,0,0.212673
0,0,0.04506501
0,0,0.057061248
0,0,0.033089343
1,1,0.621135
0,0,0.06273464
1,1,0.66084087
0,0,0.04350477
0,1,0.61107695
0,0,0.056898244
1,1,0.60067225
0,0,0.06245335
0,1,0.53339905
0,1,0.60782945
0,0,0.09232885
0,0,0.06760289
0,0,0.11143183
0,1,0.721634
0,0,0.13124365
0,0,0.17738205
1,1,0.7089971
0,0,0.105447814
0,0,0.099563435
0,0,0.04261248
0,0,0.10022848
0,1,0.8038875
0,0,0.038707174
0,0,0.0736585
0,0,0.2818837
0,0,0.38322324
0,0,0.45104516
0,1,0.71717674
0,0,0.4660225
0,0,0.056912202
0,0,0.07709172
0,0,0.40893477
0,0,0.37137493
0,1,0.59899974
1,0,0.49709234
0,1,0.6154363
0,0,0.117398426
0,0,0.060291074
0,0,0.23643708
0,0,0.42884615
0,0,0.09659934
0,0,0.23450668
0,1,0.50192124
0,1,0.5231603
0,1,0.6734015
0,0,0.06539335
0,0,0.10014089
0,0,0.056744594
0,1,0.7032232
0,0,0.15406582
0,0,0.06528652
0,0,0.23831132
0,0,0.15149139
0,0,0.32602513
0,0,0.22046141
0,0,0.38407022
0,0,0.19629441
0,0,0.05849702
0,0,0.042630207
0,0,0.09941496
0,0,0.25703
0,0,0.056280345
0,0,0.03104213
0,0,0.068453655
0,0,0.04591259
0,0,0.042407025
0,0,0.11224647
0,0,0.09035775
0,1,0.6906522
1,0,0.49924
0,0,0.3188579
0,0,0.047493823
0,0,0.058421496
0,1,0.6517435
1,1,0.677048
0,1,0.50639015
0,0,0.18512626
0,1,0.57814693
0,0,0.2590635
0,0,0.16031355
0,0,0.299836
1,0,0.47541532
0,1,0.633191
0,0,0.1594345
1,1,0.5588926
0,0,0.12555511
1,1,0.6654379
0,0,0.0939205
0,0,0.028160505
0,1,0.53391767
0,0,0.34888193
0,0,0.06215501
0,0,0.099562556
1,1,0.77457017
0,0,0.09855287
0,0,0.09350299
0,0,0.08690275
1,1,0.5284563
0,0,0.31910375
0,0,0.0381358
0,0,0.20763244
0,1,0.51354563
0,0,0.38680303
0,0,0.054385863
1,1,0.828726
0,1,0.5091619
0,0,0.06058413
0,0,0.058413457
0,0,0.076745674
0,0,0.03900415
0,0,0.11013276
0,0,0.038564593
0,0,0.121295
0,1,0.57396865
0,0,0.24024951
0,0,0.040303376
0,0,0.11346409
0,1,0.6680209
0,0,0.059909385
0,0,0.05715399
0,0,0.2705264
0,0,0.19125555
0,0,0.0944599
0,1,0.52022946
1,1,0.5215751
1,0,0.14135611
0,0,0.11315176
0,0,0.3565715
0,0,0.05510875
0,1,0.6898455
0,1,0.63159955
0,1,0.5479713
1,1,0.82510203
0,0,0.045208644
0,1,0.59941643
0,1,0.50330657
0,0,0.2273688
0,0,0.055986084
0,0,0.35173586
0,0,0.05520232
0,0,0.0799884
0,0,0.13071291
0,0,0.06241142
0,0,0.084734
0,0,0.24201915
0,0,0.34873065
0,0,0.05993067
0,0,0.46054673
0,1,0.56517935
0,1,0.60353166
0,0,0.28556675
0,0,0.13198468
0,0,0.088044845
0,0,0.05835467
0,1,0.6364511
0,1,0.7017512
1,1,0.5244956
0,1,0.58812463
0,0,0.4516805
0,1,0.78144664
0,1,0.54929435
0,0,0.2290551
1,1,0.74875665
0,1,0.58778113
0,0,0.25379395
0,0,0.49073428
0,0,0.34822023
0,0,0.25795233
0,0,0.045348696
0,0,0.041488443
0,0,0.3966553
0,0,0.28859082
0,0,0.2806086
0,0,0.22242899
0,0,0.11151939
0,0,0.06328204
0,0,0.109657414
0,0,0.3409597
1,1,0.5706439
0,0,0.042630207
0,0,0.39492288
0,1,0.5943183
0,1,0.5460376
0,0,0.3433983
0,0,0.068457395
0,0,0.11859978
0,0,0.4048628
0,0,0.09626789
0,0,0.07867877
0,0,0.28126088
0,0,0.039097052
1,0,0.26740962
0,1,0.6263383
0,0,0.1450252
0,0,0.24611525
0,0,0.27268866
0,1,0.5416655
0,0,0.05879504
0,0,0.06244537
1,1,0.6847053
0,1,0.6057081
0,0,0.28515154
0,0,0.08498065
0,0,0.04709114
0,1,0.7270415
0,0,0.053205773
0,0,0.34687072
0,0,0.028502293
1,1,0.58637285
1,1,0.6280562
0,0,0.052612595
0,0,0.27972922
0,0,0.04965813
0,1,0.5382553
0,0,0.22020067
0,0,0.028502293
1,1,0.6043427
0,0,0.17322022
0,1,0.503159
0,0,0.056964323
0,0,0.09788352
0,0,0.060095362
1,1,0.51391137
1,0,0.34449217
0,1,0.5727723
1,1,0.68494654
0,0,0.42800644
0,1,0.80958545
0,0,0.05510875
0,0,0.092075944
0,0,0.088268355
0,0,0.30850455
0,0,0.25459626
0,1,0.5147559
0,1,0.8123174
0,0,0.0565077
0,1,0.72170764
0,0,0.25385928
0,0,0.19536063
0,0,0.052432597
0,0,0.3586362
0,1,0.5245603
0,0,0.029714754
0,0,0.48989195
0,0,0.07448992
0,0,0.11225988
0,0,0.27853498
0,0,0.110348545
0,0,0.32125056
0,0,0.2923757
0,0,0.15097083
0,0,0.029110722
0,0,0.029558187
0,0,0.028702112
0,1,0.6148978
0,0,0.20399053
0,0,0.096936174
0,0,0.056295913
0,0,0.054323085
0,1,0.67418045
0,0,0.41257602
0,0,0.2273688
0,0,0.19462302
0,0,0.03893562
0,0,0.057049744
1,1,0.73343277
0,0,0.055278495
0,0,0.03900415
0,0,0.38118795
0,1,0.62425077
0,0,0.05619059
0,0,0.03136606
0,0,0.3170629
0,0,0.039097052
0,0,0.067249835
0,0,0.12199266
0,0,0.2108196
0,0,0.055848315
0,0,0.06153592
0,0,0.48002654
0,0,0.03904143
0,0,0.040303376
0,0,0.33053738
0,0,0.48149043
0,0,0.1449648
0,0,0.08558476
0,0,0.28412426
0,1,0.7138991
0,0,0.084284164
0,0,0.086854085
1,1,0.56891644
0,1,0.7000871
0,0,0.27634293
0,1,0.8083946
0,0,0.06815334
0,0,0.12810765
0,0,0.058226243
0,0,0.24602924
0,0,0.050609246
0,0,0.09174953
0,0,0.03971301
0,0,0.13623445
0,0,0.41756853
0,1,0.643552
0,0,0.110368624
0,0,0.4604493
0,0,0.08737816
1,1,0.6016016
0,0,0.3252201
0,0,0.086565085
0,0,0.3898218
0,1,0.6734016
0,0,0.1901285
0,0,0.037415043
0,0,0.038564593
1,0,0.25281385
0,1,0.6492609
0,1,0.61172044
0,0,0.101644084
0,0,0.31140918
0,0,0.06037004
0,0,0.2726938
0,0,0.44189838
0,1,0.6297681
0,0,0.08391784
0,0,0.41713622
0,0,0.33498523
1,1,0.5280346
0,0,0.058466982
0,0,0.4442566
0,0,0.07507267
0,0,0.22724132
0,0,0.47357252
0,1,0.5132616
0,1,0.56408703
0,0,0.291808
1,1,0.7618753
1,1,0.678732
0,0,0.028008008
0,0,0.08298491
0,0,0.08635911
0,0,0.28151903
0,0,0.053813104
0,1,0.54273504
1,0,0.36973998
0,0,0.47615546
1,1,0.5189809
1,0,0.24506952
0,0,0.19530267
0,1,0.5080668
1,1,0.5114875
0,0,0.3598626
0,0,0.097339205
0,0,0.06038815
0,0,0.15542589
0,0,0.42169735
0,0,0.3186279
0,0,0.05787777
0,0,0.2924185
0,0,0.3266904
0,0,0.47356418
0,0,0.45079994
0,0,0.07862525
0,0,0.073111355
0,0,0.08806677
0,0,0.39627555
0,0,0.059638157
0,0,0.15509465
0,0,0.4833275
0,0,0.46259835
0,0,0.09653135
0,0,0.0552365
0,0,0.0968754
0,1,0.758152
0,0,0.40737116
0,0,0.49113888
0,0,0.120683044
0,0,0.08471287
0,0,0.46668756
0,0,0.044981945
0,0,0.23966487
1,1,0.614121
0,1,0.52077323
0,0,0.03859794
0,0,0.03251817
1,0,0.41983724
0,0,0.098587506
0,0,0.2072936
0,0,0.07787004
0,0,0.034381304
0,0,0.40599307
0,0,0.03808041
0,0,0.10171592
1,1,0.58567894
0,0,0.08142903
0,1,0.54074544
0,1,0.5570636
0,0,0.24362893
0,0,0.17658381
0,1,0.5157175
0,0,0.12313722
0,0,0.25227204
0,0,0.3870693
0,0,0.3150855
0,0,0.057205517
0,0,0.027737437
0,0,0.10230711
0,0,0.1374904
0,0,0.21572524
0,0,0.10468022
0,0,0.1933282
0,1,0.62558717
0,0,0.030823587
1,1,0.6003032
0,1,0.534191
0,0,0.11129701
0,0,0.19461419
0,0,0.47881728
0,0,0.14299378
0,0,0.07135031
0,0,0.056675147
0,0,0.49070483
0,0,0.09819058
0,0,0.45267114
0,0,0.32372108
0,0,0.20588568
0,0,0.3289397
0,1,0.5540342
0,0,0.08791275
0,1,0.58895344
0,0,0.38211942
0,0,0.05516576
0,0,0.06787874
0,0,0.45935386
0,0,0.07181129
0,0,0.24058522
0,0,0.034744762
0,0,0.36897525
0,0,0.4369386
0,0,0.1301446
0,1,0.603526
0,0,0.086341515
0,0,0.13906667
0,1,0.73608303
0,0,0.4311516
0,0,0.029554095
0,0,0.48789585
0,0,0.042809434
0,0,0.14300801
0,0,0.03490062
0,1,0.62691957
0,0,0.028702112
0,1,0.5183915
0,0,0.062124334
0,0,0.14316459
0,0,0.3654521
0,0,0.030285323
0,0,0.061922118
0,1,0.7063096
0,0,0.06611997
0,0,0.3002451
0,1,0.677453
0,1,0.72588176
0,0,0.10171677
1,1,0.52684855
0,0,0.16169547
0,0,0.28114676
0,0,0.13979185
0,0,0.05716922
0,1,0.7110932
0,0,0.13491634
0,0,0.028502293
0,0,0.03136606
1,0,0.45793614
0,0,0.2177454
1,1,0.6172916
0,0,0.073049866
0,0,0.057516553
0,0,0.05687481
0,0,0.056338362
0,0,0.0557532
0,0,0.23423418
0,1,0.5328979
0,0,0.32660997
0,0,0.059319817
0,0,0.30989552
0,0,0.31486332
0,0,0.029714754
0,0,0.041488443
0,0,0.078536324
0,0,0.028947866
0,0,0.19813025
0,0,0.1070247
0,0,0.21242683
0,0,0.15126294
0,0,0.44785944
0,0,0.35667858
0,0,0.102824576
0,0,0.30260107
0,0,0.14293419
0,0,0.062066954
0,0,0.4906886
0,0,0.28284997
0,1,0.75638866
0,0,0.08876387
0,0,0.47153077
0,0,0.28433064
0,0,0.03104213
0,0,0.17962472
0,0,0.067900196
0,0,0.21434742
0,0,0.042492248
0,0,0.15196638
0,0,0.09209805
0,0,0.33318618
0,0,0.03869802
0,0,0.052207492
0,0,0.03235063
0,0,0.30069777
0,0,0.07831933
0,0,0.14038344
0,0,0.13884047
0,0,0.041493136
0,0,0.04431541
1,1,0.77348155
0,0,0.095990375
0,0,0.29571652
0,0,0.028702112
0,0,0.062380143
0,1,0.54202455
0,0,0.13389425
0,0,0.028702112
0,0,0.038897585
0,0,0.30192348
1,0,0.48770666
0,0,0.27387545
0,0,0.06416055
0,0,0.063761264
0,0,0.47517788
0,1,0.568781
0,0,0.090238705
0,0,0.20884264
0,0,0.05954479
0,0,0.0798718
0,0,0.46988422
0,1,0.66478163
0,0,0.2978287
0,0,0.028160505
0,1,0.52834564
0,0,0.052432597
0,0,0.073695995
1,1,0.6243933
0,0,0.274722
0,0,0.40821302
0,0,0.26530153
0,0,0.48453453
0,0,0.45583993
0,0,0.2111543
0,0,0.04693012
0,0,0.3339663
0,0,0.11188904
0,0,0.047066048
0,0,0.04222941
0,0,0.08266952
0,1,0.57492906
0,0,0.045090187
0,0,0.04640446
0,0,0.31477317
0,0,0.06552525
0,0,0.029269043
1,0,0.3281273
0,1,0.58277756
0,0,0.11612097
0,0,0.4815652
0,0,0.060682885
0,0,0.23460963
0,0,0.14672026
0,1,0.6878812
0,0,0.07896908
0,0,0.45739332
1,1,0.52128005
0,0,0.26336667
0,0,0.09521567
1,1,0.5731568
0,0,0.15708373
0,0,0.47277993
0,0,0.25791672
0,0,0.19320844
0,0,0.368479
0,1,0.5781987
0,1,0.52494544
1,0,0.15149139
0,0,0.39888436
0,0,0.37529296
0,0,0.082131945
0,0,0.26867548
0,0,0.03761932
1,1,0.51094675
0,0,0.03984132
0,0,0.057586923
0,0,0.10040414
0,0,0.058073323
0,1,0.61821586
0,0,0.41004065
0,1,0.6696019
0,1,0.59090453
0,0,0.059386
0,0,0.053813104
0,0,0.03408963
0,0,0.25197828
0,0,0.3146266
0,0,0.4657805
0,0,0.04994385
0,0,0.2951792
0,0,0.31565782
0,0,0.44447953
0,0,0.2641915
0,0,0.08828334
0,1,0.5110986
0,1,0.53370416
0,1,0.51892394
0,0,0.3483041
0,0,0.17096205
0,1,0.54996336
1,1,0.7121384
0,0,0.2101385
0,0,0.057660192
0,0,0.15014474
0,0,0.22826695
0,0,0.031091703
0,0,0.059025303
0,0,0.38002583
0,1,0.70468825
1,0,0.21981987
0,0,0.14906783
0,0,0.3195743
0,1,0.5991049
0,0,0.04012207
0,0,0.33200395
0,0,0.15754522
0,0,0.044609778
0,0,0.22815275
0,0,0.3484801
1,0,0.099071644
1,0,0.3123631
0,0,0.0632958
0,0,0.060382616
0,0,0.07882591
0,0,0.089234225
0,0,0.07929204
1,0,0.08666941
0,0,0.14858313
0,0,0.27308118
0,0,0.36695078
0,0,0.07097093
0,1,0.5064577
0,0,0.15277268
0,1,0.68375415
0,0,0.27962238
0,0,0.42026564
0,1,0.5700272
0,0,0.13891251
0,0,0.056129515
0,0,0.213896
0,0,0.1668005
0,0,0.20615186
0,0,0.22941229
0,0,0.0729545
0,1,0.51089895
0,0,0.19939175
0,0,0.06768284
0,0,0.062297806
0,0,0.12029451
1,1,0.6883164
0,1,0.61492866
0,0,0.056859273
0,0,0.115152635
0,0,0.06561275
0,0,0.21063134
0,0,0.28695735
1,1,0.7632783
0,0,0.2465215
0,0,0.09378105
0,1,0.60493714
1,0,0.2989774
0,0,0.0869016
1,0,0.33069703
0,0,0.04533804
0,0,0.0781206
0,0,0.13721992
0,1,0.60447586
0,1,0.5062851
0,0,0.028502293
0,0,0.29841182
0,1,0.61486816
0,0,0.36033836
0,0,0.09969626
0,1,0.5895451
0,1,0.5310804
0,0,0.038022287
0,0,0.05272819
0,0,0.4257261
0,0,0.031638637
0,0,0.35399657
0,0,0.042956863
0,0,0.36717302
0,0,0.32164934
0,1,0.58813447
0,0,0.09514791
0,0,0.05483784
0,0,0.07734851
1,1,0.55252105
0,1,0.5746796
0,0,0.0593563
1,0,0.45123032
0,0,0.079555705
1,1,0.6375926
0,1,0.82034045
0,0,0.07786995
0,0,0.10301188
0,0,0.27475664
0,0,0.028702112
0,0,0.14022447
0,0,0.16208364
0,0,0.29265535
0,0,0.23499626
0,1,0.7457716
0,0,0.13642429
0,0,0.3096252
0,0,0.4277696
0,0,0.12606454
0,1,0.5377658
0,0,0.20171556
0,0,0.08510694
0,0,0.106168754
0,0,0.09248625
0,0,0.030043993
0,0,0.07572076
0,0,0.48569897
1,1,0.6447658
0,0,0.059074398
0,0,0.16952315
0,0,0.19699389
0,0,0.053589594
0,1,0.54116136
0,1,0.55573326
0,1,0.5317697
0,0,0.46106848
0,0,0.08866829
0,0,0.28045866
0,1,0.54028314
0,1,0.62648004
0,0,0.05904744
0,0,0.1273349
0,0,0.2582939
0,0,0.31003752
1,1,0.5841572
1,1,0.70309436
0,0,0.08031216
0,0,0.07799091
0,0,0.05237928
1,0,0.46873096
0,1,0.70780873
0,0,0.36020014
0,0,0.044609778
0,0,0.14253521
0,1,0.573676
0,0,0.062980615
1,1,0.70174444
0,1,0.7590747
0,0,0.17539638
1,0,0.20287703
0,0,0.037089795
0,0,0.03699325
0,0,0.05643674
0,1,0.5672011
0,0,0.057407077
0,0,0.0432037
0,0,0.10252574
1,0,0.06411544
0,1,0.6630931
0,0,0.038740724
0,0,0.29755044
0,1,0.7180077
0,0,0.45773354
0,0,0.29356325
0,0,0.08029329
0,0,0.03869802
0,1,0.5338254
0,0,0.07411022
0,0,0.06589838
0,0,0.07274694
0,0,0.04389045
0,0,0.08152103
0,1,0.6495483
0,0,0.051372293
0,0,0.10835287
0,0,0.03627191
0,0,0.0682023
0,1,0.5097222
0,0,0.4073271
0,0,0.28134057
0,0,0.10981991
0,1,0.5811765
0,0,0.38858795
0,0,0.34778965
1,1,0.8292385
0,0,0.08563902
0,0,0.062981665
0,0,0.056019396
0,0,0.4272178
1,0,0.34893832
0,0,0.2257414
0,1,0.69980884
0,0,0.08868825
1,1,0.72850555
1,1,0.67145294
0,0,0.28615305
0,0,0.36428586
0,0,0.03372436
0,0,0.2921489
0,0,0.35917068
0,0,0.12762755
1,1,0.5518221
0,0,0.4573178
0,0,0.2889722
0,0,0.43312845
0,0,0.122215874
0,0,0.28564304
0,1,0.568332
1,1,0.59433913
0,0,0.4235146
0,0,0.17274639
0,0,0.33255357
0,0,0.19804429
0,0,0.1501425
1,1,0.56482387
0,0,0.054063227
0,0,0.3967757
0,0,0.028008008
0,0,0.46079555
0,0,0.15314288
0,0,0.43090284
0,0,0.17126134
0,0,0.21606213
0,0,0.15467204
0,0,0.39239693
0,1,0.5928701
0,0,0.39129174
1,0,0.36884537
0,1,0.5447191
1,1,0.7006086
1,1,0.5164259
1,0,0.3786129
0,0,0.093352765
0,0,0.10607696
0,0,0.16599827
1,1,0.555838
0,0,0.110433556
0,0,0.21402909
0,1,0.6804471
0,1,0.6713388
0,1,0.6165056
0,0,0.06435952
1,1,0.5305521
0,0,0.068820514
0,1,0.68608254
1,0,0.093877174
0,0,0.20093633
0,0,0.48798853
0,0,0.03927639
0,0,0.062202033
0,0,0.110940546
0,0,0.028008008
0,0,0.4229483
0,0,0.10071923
0,1,0.53660583
0,0,0.47254515
0,0,0.04630269
1,1,0.59066635
0,0,0.15373285
1,0,0.29377913
0,0,0.23645952
0,0,0.2363826
0,0,0.47305372
0,0,0.086168855
0,0,0.34017998
0,0,0.031967293
0,0,0.06565611
0,0,0.08141779
1,1,0.5308501
0,0,0.12294208
0,1,0.5264366
0,1,0.533884
0,0,0.13208248
1,1,0.7269965
0,0,0.1487241
0,0,0.37693766
0,0,0.039097052
0,1,0.6293833
0,0,0.43464038
0,1,0.6367062
1,0,0.34889627
0,0,0.056415636
0,1,0.62567014
0,0,0.1047447
0,0,0.05621298
0,0,0.41115242
1,1,0.72404367
0,0,0.3491403
0,0,0.029554095
0,0,0.028160505
0,0,0.3504316
0,0,0.05020346
0,1,0.53720456
0,0,0.09926978
0,0,0.10478312
0,0,0.1624279
0,0,0.3410127
0,0,0.2113373
0,0,0.20561285
0,0,0.097852014
0,0,0.059000008
0,0,0.09383086
0,0,0.36803743
0,0,0.32502282
0,0,0.47169983
0,0,0.29869384
1,0,0.3338581
1,1,0.7326382
0,0,0.2684458
0,1,0.5377397
0,0,0.07177905
0,0,0.3977509
0,0,0.44959068
0,1,0.7317635
0,0,0.4598338
0,0,0.22821924
0,1,0.5128408
0,1,0.64056456
1,1,0.6996043
0,1,0.5105473
0,0,0.30593288
0,0,0.4441835
0,0,0.042428117
0,0,0.028502293
0,0,0.06489239
0,0,0.09828194
0,0,0.12517303
0,0,0.064418286
0,1,0.6539649
0,0,0.1678791
0,1,0.55259776
1,0,0.07881491
0,1,0.52298075
0,0,0.06280328
0,1,0.6964062
0,0,0.118850484
0,1,0.5265556
0,0,0.045990523
0,0,0.08152103
0,0,0.083702125
0,0,0.042630207
0,0,0.4502447
1,1,0.58774936
0,0,0.44060412
1,1,0.62185764
0,1,0.6628317
0,0,0.19514313
0,0,0.09915203
0,0,0.32310343
0,0,0.087950155
1,1,0.5350684
0,0,0.21472545
0,0,0.47892928
0,0,0.12421967
0,1,0.7502925
0,0,0.37419257
0,0,0.056398686
0,1,0.55941904
0,0,0.10852901
0,0,0.06525384
0,0,0.14687638
0,1,0.56009823
1,1,0.55314934
0,0,0.10844154
0,0,0.16256905
0,0,0.3355516
0,0,0.05764413
0,0,0.29066235
0,1,0.70978355
0,0,0.057369225
0,0,0.039354436
1,0,0.40788475
0,1,0.7158203
0,0,0.06128478
1,0,0.4106808
0,0,0.33666348
0,0,0.04294542
0,0,0.063319154
0,0,0.10328685
0,0,0.030111734
0,0,0.030285323
0,1,0.6531388
0,0,0.08725485
0,0,0.11932069
0,0,0.08412357
0,0,0.2782902
0,1,0.5469559
1,0,0.3026605
0,1,0.68698394
0,0,0.0832741
0,0,0.05502373
0,0,0.42870325
0,0,0.13124187
0,0,0.19290951
0,0,0.20179193
0,0,0.09199826
0,0,0.35074916
0,0,0.056859273
0,0,0.08067591
0,0,0.0874693
0,0,0.1818823
0,0,0.4660373
0,0,0.1252241
1,1,0.8266039
0,0,0.093113534
0,0,0.392843
0,0,0.22827655
0,0,0.089294985
0,0,0.47577852
0,0,0.44438145
0,0,0.3910565
0,0,0.37375796
0,0,0.123583026
1,0,0.49639025
0,1,0.5481262
1,0,0.2180245
0,0,0.38305476
0,0,0.07893093
1,0,0.49557993
0,1,0.5001004
0,0,0.47662243
0,0,0.07779494
0,0,0.038841162
0,1,0.591237
0,0,0.23162572
0,0,0.107703544
0,1,0.51891106
0,1,0.61805314
0,0,0.05401962
0,0,0.04780334
1,1,0.59096897
0,1,0.7307841
0,0,0.36499664
0,0,0.086194396
0,0,0.15905279
1,1,0.5560347
0,0,0.12371194
0,0,0.029394949
0,0,0.44922382
0,0,0.028502293
0,0,0.29970512
0,0,0.3474286
0,0,0.037187997
0,0,0.055958197
0,0,0.081510134
0,0,0.33478224
1,0,0.03104213
1,0,0.36832744
0,0,0.028702112
0,1,0.7258831
0,0,0.23254341
0,0,0.071038574
0,0,0.22417392
0,1,0.62135
0,0,0.04886054
0,0,0.2443151
0,0,0.44837525
0,0,0.26641595
0,0,0.35674465
0,1,0.5476643
0,0,0.29398268
0,0,0.19657929
0,0,0.20686936
1,0,0.43357635
0,0,0.14906107
0,0,0.13425407
0,0,0.09566483
0,0,0.15520915
0,0,0.32587588
0,0,0.2988128
0,0,0.23787704
0,0,0.05716922
0,0,0.276126
0,0,0.060928877
0,0,0.15185677
0,0,0.07603704
0,0,0.050461046
0,1,0.6481113
0,0,0.120203815
1,1,0.52401334
0,0,0.23794928
0,0,0.09915961
0,0,0.05670331
0,0,0.06007844
0,0,0.28802454
0,1,0.69552577
0,0,0.0828441
0,0,0.43748277
0,0,0.38381904
0,0,0.03869802
0,0,0.15670525
1,0,0.33962262
0,1,0.5145933
0,0,0.16274822
0,1,0.6160866
0,0,0.1019457
0,1,0.5273776
0,0,0.042407025
0,1,0.6182262
0,0,0.118977316
0,0,0.39338958
0,0,0.11458532
0,0,0.047493823
0,0,0.2583654
0,0,0.22838067
0,0,0.09893118
1,1,0.8179623
0,0,0.11806924
0,0,0.14539681
0,0,0.09246112
0,0,0.05643674
0,0,0.32389462
0,0,0.10523786
0,0,0.06163201
0,0,0.059727516
0,0,0.20701857
0,0,0.40595198
0,0,0.029600836
0,0,0.096339904
0,0,0.16757712
0,0,0.079081655
0,0,0.07900376
0,1,0.7337081
0,0,0.12714049
0,0,0.43243092
0,0,0.090864316
0,0,0.10799985
0,0,0.038564593
0,1,0.5471134
0,0,0.05003945
1,1,0.53908503
0,0,0.26107967
0,0,0.0805108
0,0,0.20512219
0,0,0.05515854
0,0,0.44177982
0,0,0.0633604
0,0,0.04401907
0,0,0.07418877
0,0,0.46159235
0,0,0.09633544
0,0,0.030400515
1,1,0.5801758
0,1,0.5482923
0,1,0.5568017
0,1,0.673559
0,0,0.15280826
1,1,0.7119243
0,0,0.305805
0,0,0.03748264
0,0,0.07181434
0,0,0.41642994
1,1,0.61143255
0,1,0.5163083
0,0,0.05539419
1,1,0.72082585
0,0,0.39478588
1,0,0.48273313
0,0,0.2718806
0,1,0.5799292
0,1,0.64257
0,0,0.23145585
0,0,0.21708496
0,0,0.13298517
0,0,0.088385694
0,0,0.06565611
0,0,0.17797911
0,0,0.31976295
0,0,0.073430374
0,1,0.5365339
1,0,0.27526245
0,0,0.09712021
0,0,0.08678579
1,1,0.6583278
0,1,0.6916849
0,0,0.084368326
0,0,0.09929715
0,0,0.11132161
0,0,0.027737437
1,1,0.6749763
0,1,0.53007203
0,0,0.25546935
0,1,0.72678816
0,0,0.07706871
0,0,0.12354678
0,0,0.0565077
1,0,0.15256548
0,1,0.5319353
1,1,0.74523133
0,0,0.027587168
0,1,0.51820356
0,0,0.46504933
0,0,0.06880724
0,0,0.28675023
0,1,0.72905606
0,1,0.6168461
0,0,0.07090809
0,0,0.12231547
0,0,0.2612416
0,0,0.094313025
0,0,0.03973986
0,0,0.058132898
0,0,0.057302058
0,1,0.52355164
0,0,0.094035044
0,1,0.57487094
0,0,0.042273268
0,0,0.2464035
0,0,0.16537201
0,0,0.029714754
0,0,0.42567816
0,0,0.091229506
0,0,0.461525
0,0,0.21127075
0,0,0.3173641
0,0,0.26214954
0,0,0.41302973
0,0,0.15835667
0,0,0.28655592
0,0,0.061782375
0,0,0.14972347
0,0,0.08383426
0,1,0.6662165
0,0,0.23037614
0,0,0.22212054
0,0,0.04600811
0,0,0.09808814
0,0,0.37441942
0,0,0.3281973
0,0,0.09592113
0,0,0.05851957
0,0,0.075149074
0,0,0.40180877
0,1,0.54254
0,0,0.060287006
1,1,0.50081867
0,0,0.030019755
0,0,0.098183855
0,1,0.73284405
0,0,0.061646506
0,0,0.042956863
0,1,0.5050876
0,1,0.6844595
1,1,0.5672164
0,0,0.03808041
0,0,0.059655037
0,0,0.1798164
0,0,0.4459937
0,0,0.028702112
0,1,0.67535704
1,1,0.68537605
0,1,0.7109131
0,0,0.045122687
0,0,0.19974808
0,0,0.035104517
0,0,0.23000732
0,1,0.5287254
0,0,0.07258424
0,0,0.08200814
0,0,0.19411154
0,0,0.07307201
0,0,0.4594711
1,1,0.6615268
0,0,0.098093495
1,1,0.57655805
0,0,0.23669289
1,1,0.6935043
0,0,0.32983142
0,0,0.0850228
0,0,0.06638365
0,0,0.06559715
0,0,0.09463904
0,0,0.055489242
0,0,0.028502293
0,1,0.52057266
0,0,0.08535855
0,0,0.028008008
0,0,0.28134057
1,1,0.5812512
0,0,0.06383672
0,0,0.23786727
1,0,0.14894322
1,1,0.6535579
0,0,0.1510638
0,0,0.059000008
0,0,0.33187643
0,0,0.44434744
0,0,0.4539462
0,0,0.09937818
0,0,0.45605028
0,0,0.29043952
0,1,0.54717726
0,0,0.08516779
0,0,0.4899201
1,0,0.25540724
0,0,0.094693355
0,0,0.039861463
0,0,0.050595682
1,0,0.3144763
0,0,0.3878623
1,0,0.4163304
0,0,0.055615094
0,0,0.06572962
0,0,0.028702112
0,0,0.30510163
0,0,0.30578923
0,0,0.10993363
1,0,0.30848745
0,0,0.068923905
0,0,0.06575132
0,0,0.09403526
0,0,0.20271616
0,0,0.34461695
0,0,0.028702112
0,0,0.49690363
0,1,0.5315759
0,0,0.12125299
1,1,0.6145648
0,1,0.5421216
0,0,0.37176535
0,0,0.054597232
0,1,0.5868093
0,0,0.080807745
0,0,0.13914815
0,0,0.44870844
0,0,0.47208762
0,0,0.08865655
0,0,0.23889127
0,0,0.35817626
0,0,0.3159807
0,0,0.09307004
0,0,0.20465876
0,0,0.37748858
0,0,0.34084848
0,0,0.49339923
1,1,0.8051819
0,0,0.13485831
0,0,0.031091703
0,0,0.04222941
0,1,0.5423313
0,0,0.15997866
0,0,0.04025219
0,0,0.40664035
0,0,0.09145387
0,0,0.49151766
0,0,0.42744923
0,0,0.43517187
0,0,0.053589594
0,0,0.09680186
1,0,0.29921123
0,0,0.35620445
0,0,0.042407025
0,0,0.35896885
0,0,0.35118797
0,0,0.053589594
0,0,0.037746195
0,0,0.15670377
0,0,0.33312002
0,0,0.4945108
0,0,0.08272003
0,0,0.06618352
0,0,0.06565611
0,0,0.091937676
0,0,0.1440505
0,0,0.06019383
0,0,0.0964911
1,1,0.80102915
0,0,0.08186368
0,0,0.08267667
0,0,0.07795661
0,0,0.26917145
0,0,0.0960197
0,0,0.138762
0,0,0.40630656
0,0,0.39429697
0,0,0.08505271
0,0,0.07709172
0,0,0.44526026
0,1,0.6241518
0,0,0.303495
0,1,0.77193636
0,0,0.09175694
0,1,0.5058566
0,1,0.7252255
0,0,0.1127161
0,0,0.09076631
0,0,0.12634112
0,0,0.32566676
0,0,0.054607276
0,0,0.06558705
0,0,0.06394158
0,0,0.056129515
0,1,0.64143175
1,1,0.5818822
0,0,0.45528105
1,1,0.80710787
0,0,0.08633912
0,0,0.09474517
0,0,0.1737645
0,0,0.47378287
1,1,0.62804145
0,0,0.26273915
0,1,0.50999963
1,1,0.5242922
0,0,0.14504394
0,0,0.1400942
0,0,0.46853507
0,0,0.1368187
0,0,0.35142463
0,0,0.028702112
0,1,0.5664387
0,0,0.1317323
0,0,0.212131
0,1,0.576327
1,1,0.6961884
0,0,0.06052154
0,0,0.058185402
0,0,0.3788375
0,0,0.3251675
0,0,0.47408468
1,1,0.55035806
0,1,0.6947602
0,0,0.36239424
0,0,0.053776648
0,0,0.3462313
0,0,0.13271278
0,0,0.090558924
0,0,0.057205517
0,0,0.36699462
0,0,0.3327622
0,0,0.24457496
0,1,0.6282131
1,1,0.72593653
0,0,0.29738334
1,1,0.5159557
0,0,0.29094356
0,0,0.07311939
0,0,0.1410749
0,0,0.057369225
0,0,0.35005134
1,0,0.38350675
1,1,0.6110738
0,0,0.047236353
0,0,0.05558709
