Actual,Predicted,Probability
0,0,0.07467344
0,0,0.054370478
0,0,0.0021481344
0,0,0.10442021
0,0,0.009207639
0,0,0.098114274
0,0,0.052925292
0,0,0.021206116
0,0,0.2713372
0,0,0.0015322282
0,0,0.046338398
0,0,0.06757661
0,0,0.17829266
0,0,0.0025457686
0,0,0.053963996
0,0,0.017198933
0,0,0.010388633
0,0,0.0067530284
0,0,0.009526548
0,0,0.0016225112
1,0,0.27760068
0,0,0.0043229777
0,0,0.049390905
0,0,0.046260778
0,0,0.08015617
0,1,0.5086125
0,1,0.533165
0,0,0.018093832
0,0,0.004290966
1,0,0.37130636
0,0,0.03062574
0,0,0.028546367
0,0,0.24309134
0,0,0.05121926
0,0,0.030868012
0,0,0.00075597345
0,0,0.045328215
0,0,0.0043558134
0,0,0.049038526
0,0,0.054662753
0,0,0.0949604
0,0,0.018258432
0,0,0.025000302
0,0,0.300278
1,0,0.26878086
0,0,0.013342606
0,0,0.042799264
0,0,0.14909151
0,0,0.051583193
0,0,0.062171657
0,0,0.062197827
0,0,0.0029623162
0,0,0.02989165
0,0,0.043835294
0,0,0.03865254
0,0,0.0018357639
0,0,0.027252411
0,0,0.24995293
0,0,0.06978709
0,0,0.029392933
0,0,0.0030446
0,0,0.011376973
0,0,0.0031927335
0,0,0.09356093
1,1,0.62527263
0,0,0.25931403
0,0,0.01578602
0,0,0.0019804584
0,0,0.08974666
0,0,0.30786017
0,0,0.15828481
0,0,0.00014158041
0,0,0.018573625
0,0,0.0019564377
1,0,0.19604266
0,0,0.0013532218
0,0,0.009666564
0,0,0.12483134
0,0,0.0022907134
0,0,0.05975633
0,0,0.054505505
0,0,0.0034037896
0,0,0.11729211
0,0,0.041619986
0,0,0.06616951
0,0,0.0038811718
0,0,0.009887783
0,0,0.22159055
0,0,0.05972052
0,0,0.0547812
0,0,0.16198571
0,0,0.011681653
0,0,0.0068178433
0,0,0.012525933
0,0,0.0985662
0,0,0.49504378
0,0,0.046764743
0,0,0.018630823
0,1,0.51727605
0,0,0.09237515
0,0,0.005744086
0,0,0.065808594
0,0,0.010593484
0,0,0.10537861
0,0,0.0021319108
0,0,0.01507774
1,0,0.05608756
0,0,0.0014824365
1,0,0.28494057
0,0,0.14513458
0,0,0.0014070309
0,0,0.039631106
0,0,0.0047488585
0,0,0.12997115
0,0,0.00989877
0,0,0.07888466
1,0,0.062448565
0,0,0.0099194
0,0,0.40419555
0,0,0.0004012888
0,0,0.00423257
0,0,0.14381537
0,0,0.005446216
0,0,0.04927877
0,0,0.08828352
0,0,0.0009708479
0,0,0.007042189
0,0,0.029044148
0,0,0.0057472186
0,0,0.0027702344
0,0,0.23531239
0,0,0.22848001
0,0,0.0024916774
0,0,0.0060162176
0,0,0.0044089016
0,0,0.00019376868
0,0,0.0043599266
0,0,0.00829085
0,0,0.0018138093
0,0,0.07385122
1,0,0.3963124
0,0,0.11549434
0,0,0.2966937
0,0,0.005750094
0,0,0.012503222
0,0,0.24066451
0,0,0.03041356
0,0,0.00062442
0,0,0.019012736
0,0,0.018789489
0,0,0.098549984
0,0,4.5098066e-05
1,0,0.11289634
0,0,0.014068937
0,0,0.0022496874
0,0,0.018950792
0,0,0.005211657
0,0,0.0033001392
0,0,0.18091738
0,0,0.08281706
0,0,0.17631476
0,0,0.0945672
0,0,0.00543165
0,0,0.025673684
0,0,0.071760595
0,0,0.00065475306
0,0,0.011422236
0,0,0.012625901
0,0,0.033212055
0,0,0.058304474
1,0,0.22032772
0,0,0.0014014182
0,0,0.21966003
1,0,0.07050677
0,0,0.006760936
0,0,0.00021121993
0,0,0.009361461
0,0,0.007576087
0,0,0.0062638237
0,0,0.06514224
1,0,0.038153637
0,0,0.19504718
0,0,0.16117994
0,0,0.009426645
0,0,0.3806235
0,0,0.0035673042
0,0,0.0048879264
0,0,0.034587506
0,0,0.36603227
0,0,0.04026751
0,0,0.015135199
0,0,0.0014836475
0,0,0.005090715
0,0,0.002258222
0,0,0.002783673
0,0,0.0007797539
0,0,0.012546788
0,0,0.006684693
0,0,0.24784382
0,0,0.001902207
0,0,0.05986041
0,0,0.09906834
0,0,0.07385856
0,0,0.090070814
1,0,0.40539137
0,0,0.05667613
1,0,0.45896712
0,0,0.15731864
0,0,0.07657624
0,0,0.023124041
0,0,0.086030446
0,0,0.14859042
0,0,0.0063087572
1,0,0.23453528
0,0,0.011045772
0,0,0.024904113
0,0,0.10160052
0,0,0.2286421
1,0,0.44978252
0,0,0.0057743303
0,0,0.015922701
0,0,0.19931397
0,0,0.3279738
0,0,0.006240857
0,0,0.2125583
0,0,0.072948135
0,0,0.4096104
0,0,0.059492648
0,0,0.02819904
0,0,0.23021163
0,0,0.16865608
0,0,0.1898283
0,0,0.4109488
0,0,0.023139292
0,0,0.006715695
1,1,0.5863628
0,0,0.002912195
0,0,0.05635064
0,0,0.0050704586
0,0,0.0754139
0,0,0.03991293
1,0,0.12227196
0,0,0.0013528784
1,1,0.62378454
0,0,0.0009494925
0,0,0.33929658
0,0,0.02070765
0,0,0.0047169165
0,0,0.07595544
0,0,0.08498907
0,0,0.0021471484
0,0,0.03854725
0,0,0.1615257
0,0,0.00068548444
0,0,0.0066484367
0,0,0.1078908
0,0,0.13659684
0,0,0.0128005
0,0,0.062160138
0,0,0.03454995
0,0,0.26271948
0,0,0.138856
0,0,0.16653353
0,0,0.02999843
0,0,0.0056856023
0,0,0.01413017
0,0,0.34440687
0,0,0.052894574
0,0,0.09637621
1,0,0.027924413
0,0,3.068955e-05
0,0,0.016693076
1,1,0.5816128
0,0,0.0047741528
0,0,0.108300395
1,0,0.10470219
0,0,0.103659675
0,0,0.18641624
0,0,0.007850836
0,0,0.0014302942
0,0,0.22153047
0,0,0.10807983
0,0,0.00217242
0,0,0.0050042598
0,0,0.02487544
1,1,0.5664598
0,0,0.15332177
0,0,0.0034962909
0,0,0.1672947
1,0,0.3320211
0,0,0.30191627
0,0,0.00032783643
0,0,0.00027672033
0,0,0.027886428
0,0,0.042690985
0,0,0.29191312
0,0,0.20756906
1,0,0.46549845
0,0,0.00829461
0,0,0.003448535
0,0,0.0954963
0,0,0.10984991
0,0,0.008340084
0,0,0.0057480442
0,0,0.0049176337
0,0,0.086431645
1,0,0.31339177
0,0,0.00066976075
1,0,0.4504704
0,0,0.03571939
0,0,0.00015033787
0,0,0.17042096
0,0,0.012433489
0,0,0.0030359556
0,0,0.0084994165
0,0,0.15497552
0,0,0.051558763
0,0,0.054952223
0,0,0.092960075
0,0,0.032475892
0,0,0.21692418
0,0,0.03872613
0,0,0.015313938
0,1,0.54226655
0,0,0.15811656
0,0,0.44849926
0,0,0.49278194
0,0,0.14999847
0,0,0.09239668
0,0,0.0064312555
0,0,0.019232757
0,0,0.0018938846
0,0,0.020409688
0,0,0.06381022
0,0,0.047138527
0,0,0.028285123
0,1,0.5874879
1,0,0.105006434
0,0,0.0010461744
0,0,0.11321468
0,0,0.038126312
0,0,0.073668115
0,0,0.076033145
0,0,0.0065302504
0,0,0.002161317
0,0,0.0236925
0,0,0.13015021
0,0,0.0335461
0,0,0.09070028
0,0,0.085395046
0,0,0.10161719
0,0,0.048174288
0,0,0.018404093
0,0,0.00012010922
0,0,0.082918204
0,0,0.021774411
0,1,0.53728604
0,0,0.007634197
0,0,0.00011968619
0,0,0.012431095
0,0,0.14202768
0,0,0.0048971423
0,0,0.2747476
0,0,0.00054462656
0,0,0.045261294
0,0,0.010999676
1,0,0.04912004
0,0,0.049269065
0,0,0.0011482692
0,0,0.013575392
0,0,0.004006817
0,0,0.1211841
0,0,0.001790091
0,0,0.0064530657
0,0,0.0030964585
0,0,0.3387827
0,0,0.036798667
0,0,0.030761128
0,0,0.0014359929
0,0,0.20407033
1,0,0.06769205
0,0,0.0077535743
0,0,0.18306994
0,0,0.026088404
0,0,0.009285807
0,0,0.010012139
0,0,0.00798776
0,0,0.053531047
0,0,0.04668718
0,0,0.02128337
0,0,0.010019562
0,0,0.017250763
0,0,0.02083429
0,0,0.032950085
0,0,0.011155579
0,0,0.011171761
0,0,0.024461618
0,0,0.048280377
0,0,0.0027709117
0,0,0.012870417
0,0,0.024176842
0,0,0.12630926
0,0,0.19820233
0,0,0.09077751
1,0,0.23866552
0,0,0.027715007
0,0,0.028241146
0,0,0.0003482085
0,0,0.096481785
0,0,0.02096082
0,0,0.0045946813
0,0,0.032703374
0,0,0.1296399
0,0,0.2744078
0,0,0.10334255
0,0,0.025470788
0,0,5.7245208e-05
0,0,0.11967772
0,0,0.013869341
0,0,0.26107362
0,0,0.030849652
0,0,0.02183925
0,0,0.06797456
0,0,0.018952375
0,0,0.012045236
0,0,0.0011472879
0,0,0.042812336
0,0,0.011531877
0,0,0.079969205
0,0,0.01366621
0,0,0.017059688
0,0,0.031735893
0,0,0.09139885
1,0,0.14460027
0,0,0.028268173
0,0,0.023302784
0,0,0.014801892
0,0,0.006233025
0,0,0.043378264
0,0,0.05853323
0,0,0.01451065
0,0,0.013869393
0,0,0.10075739
0,0,0.017438881
0,0,0.0034404981
0,0,0.0025802192
0,0,0.014946636
0,0,0.0007177455
0,0,0.0011798936
0,0,0.0078630205
0,0,0.08818504
0,0,0.0022896782
0,0,0.00048676808
0,0,0.016518716
0,0,0.0033965316
0,0,0.031973433
0,0,0.36490396
0,0,0.16327897
0,0,7.2138886e-05
1,0,0.021294277
0,0,0.02807432
0,0,6.0533646e-05
0,0,0.15423806
0,0,0.123430714
0,0,0.10556945
0,0,0.0003797473
0,0,0.15656434
0,0,0.24716404
0,0,0.15486921
0,0,0.11239903
1,0,0.42469758
0,0,0.015520389
0,0,0.07223265
0,0,0.007866474
0,0,0.15675442
0,0,0.037613682
0,0,0.06531625
0,0,0.1253147
0,0,0.0008587672
0,0,0.10674435
0,0,0.0016074115
0,0,0.0020612532
0,0,0.20848733
0,0,0.17301966
0,0,0.05201316
0,0,0.0021350668
0,0,0.12902889
0,0,0.004743329
0,0,0.023502147
0,0,0.0035010637
1,0,0.10135635
0,0,0.019921865
0,0,0.024300799
0,0,0.0030898359
1,0,0.42828965
0,0,0.017019412
0,0,0.036084786
0,0,7.2051094e-05
0,0,0.01184977
0,0,0.10663239
1,0,0.2444534
0,0,0.35498706
0,0,0.01798439
0,0,0.05302149
0,0,0.19464822
0,0,0.06476951
0,0,0.031433135
0,0,0.21753936
0,0,0.009790624
0,0,0.008076098
0,0,0.052800376
0,0,0.26629987
0,0,0.18682347
0,0,0.38644692
0,0,0.0038505283
0,0,0.014773388
0,0,0.0004497969
0,0,0.09270033
0,0,0.014303141
0,0,0.009065016
0,0,0.063136846
0,0,0.0331348
0,0,0.05641469
0,0,0.0004409485
0,0,0.005296697
0,0,4.1993313e-05
0,0,0.012910619
0,0,0.008780333
0,0,0.006040659
0,0,0.019068118
0,0,9.713801e-05
0,0,0.05460462
0,0,0.14945424
0,0,0.008865555
0,0,0.007705208
0,0,0.07124451
0,0,0.016143767
0,0,0.40403584
1,0,0.09124837
0,0,0.050065354
0,0,0.02680618
0,0,0.012592672
0,0,0.19495103
0,0,0.21867867
0,0,0.02904623
0,0,0.08442495
0,0,0.099537954
0,0,0.008890935
0,0,0.022886418
0,0,0.14308976
0,0,0.008520615
0,0,0.031168362
0,0,0.0031104556
1,0,0.4809132
0,0,0.3221644
0,0,0.26256993
0,0,0.0011884742
0,0,0.06663725
0,0,0.2294343
0,0,0.011283019
0,0,0.019347692
0,0,0.06825218
0,0,0.056027897
0,0,3.546076e-05
0,0,0.011106359
0,0,0.008677073
0,0,0.013425986
0,0,0.0054697543
0,0,0.00020402604
0,0,0.3106467
0,0,0.0057021347
0,0,0.020150729
0,0,0.009029137
0,0,0.003976581
0,0,0.31397986
0,1,0.7732532
0,0,0.0069194143
1,0,0.17654254
0,0,0.29975837
0,0,0.0040640747
0,0,0.067739576
0,0,0.012264608
0,0,0.0036157127
0,0,0.09165402
0,0,0.19913557
0,0,0.21927328
0,0,0.036385674
0,0,0.1853254
0,0,0.1290422
0,0,0.076175265
0,0,0.006221015
0,0,0.0081664575
1,0,0.14775418
0,0,0.06808695
0,0,0.03184904
0,0,0.004266968
0,0,0.058051158
0,0,0.07907598
0,0,0.00087313715
1,0,0.1292939
0,0,0.26290387
0,0,0.004086606
0,0,0.0032228075
0,0,0.0039049308
0,0,0.0055804146
0,0,0.0857743
0,0,0.002297772
0,0,0.017372921
1,0,0.13476561
0,0,0.0036089935
0,0,0.12728924
0,0,0.004208148
0,0,0.0536043
0,0,0.017945668
1,0,0.07079488
0,0,0.28302377
0,0,0.0036204278
0,0,0.0021512418
0,0,0.0077439058
0,0,0.38575482
0,0,0.07701202
0,0,0.29282382
0,0,0.17972584
1,0,0.4051007
1,0,0.039238624
0,0,0.003728318
0,0,0.054745533
1,0,0.13736053
0,0,0.16952448
0,0,0.039395172
1,0,0.12943698
1,1,0.53156525
0,0,0.0015375145
0,0,0.21808812
0,0,0.0023700567
0,0,0.13136163
0,0,0.17238717
0,0,0.004868568
0,0,0.15058178
1,0,0.20102395
0,0,0.049533714
0,0,0.007609754
0,0,0.001735783
0,0,0.063695796
0,1,0.51815337
0,0,0.008993253
0,0,0.008419536
0,0,0.01898167
0,0,0.003131007
0,0,0.3088768
0,0,0.06254501
0,0,0.06179607
0,0,0.019355398
0,0,0.003489592
0,0,0.0050999876
1,0,0.03350768
0,0,0.012167608
1,0,0.48775122
0,0,0.00749444
0,0,0.015650678
0,0,0.011194968
0,0,0.06512726
0,0,0.07895981
0,0,0.24326287
0,0,0.009778176
1,0,0.18757716
0,0,0.025805335
0,0,0.10492948
0,0,0.00023665828
0,0,5.1538747e-05
0,0,0.008819872
0,0,0.23331527
0,0,0.16003074
0,0,0.0045526787
0,0,0.003100711
0,0,0.029525595
0,0,0.0020901253
0,0,0.0007229969
1,0,0.14553715
1,0,0.004931097
0,0,0.08446821
0,0,0.13554028
0,0,0.35428604
1,0,0.15778285
0,0,0.0049734106
0,0,0.04715708
0,0,0.38800663
0,0,0.00038454076
0,0,0.0055631544
0,0,0.015808536
0,0,0.020856747
0,0,0.0017487037
0,0,0.4097235
0,0,0.044067696
0,0,0.35715827
0,0,0.04164189
0,0,0.09775856
0,0,0.009688097
0,0,0.11725898
1,0,0.11589513
0,0,0.10047144
1,0,0.0857711
0,0,7.34851e-05
0,0,0.04981705
0,0,0.012425371
0,0,0.25949153
0,0,0.0013811614
0,0,0.13982576
0,0,0.026177324
0,0,0.00066224823
0,0,0.11645676
0,0,0.0032747472
0,0,0.064563446
0,0,0.0003319017
0,1,0.54482657
0,0,0.0033481217
0,0,0.17529361
0,0,0.0008942364
0,0,0.0023095137
0,0,0.0018029159
0,0,0.49421874
0,0,0.01611341
0,0,0.0052238484
0,0,0.0017637685
0,0,0.01121626
0,0,0.1345162
0,0,0.09184826
0,0,0.043514326
0,0,0.0010315577
1,0,0.07900433
0,0,0.0022558544
0,0,0.0034954203
0,0,0.0750516
0,0,0.005221738
0,0,0.010990653
0,0,0.15068471
0,0,0.006958261
0,0,0.00027485559
0,0,0.08237071
0,0,0.21521646
0,0,0.2313286
0,0,0.14166313
0,0,0.0020683422
0,0,0.009038144
0,0,0.011187506
0,0,0.1704291
0,0,0.055845764
0,0,0.14698502
0,0,0.019376695
0,0,0.09589563
0,0,0.23400562
0,0,0.008246297
0,0,0.09047194
0,0,0.003326673
0,0,0.0671338
0,0,0.14928818
0,0,0.00017691038
0,0,0.0051215272
0,0,0.23797259
0,0,0.38712218
0,0,0.015160039
0,0,0.0034880617
0,0,0.0089469515
0,0,0.22209777
0,0,0.036440764
0,0,0.027874907
0,0,0.008269032
0,0,0.068198256
0,0,0.059662938
1,0,0.27156806
1,0,0.11424313
0,0,0.025094198
0,0,0.13227251
0,0,0.2566073
0,0,0.0036052677
0,0,0.014978909
0,0,0.00038821396
0,0,0.011450955
0,0,0.004637966
0,0,0.010365838
0,0,0.04387509
0,0,0.13689058
0,0,0.18432708
0,0,0.23921168
0,0,0.075334355
0,0,0.053532027
0,0,0.094554976
0,0,0.015374571
0,0,0.007673459
0,0,0.24870451
0,0,0.00044539923
0,0,0.0134838065
1,0,0.14872947
0,0,0.029920049
0,0,0.04411293
0,0,0.060326934
0,0,0.037750214
0,0,0.009731674
0,0,0.018250126
0,0,0.08201735
0,0,0.015080226
1,0,0.26617417
1,1,0.7163272
0,1,0.6972268
0,0,0.009370339
0,0,0.047320247
0,0,0.12457757
0,0,0.13912243
0,0,0.059317414
1,0,0.19346745
0,0,0.051770814
0,0,0.009935973
0,0,0.00022811398
0,0,0.058560565
0,0,0.0047106924
0,0,0.0024013766
0,0,0.119027205
0,0,0.0016529615
0,0,0.010922389
0,0,0.3334568
1,0,0.31001675
0,0,0.009548913
0,0,0.04599066
0,0,0.18295588
0,0,0.0016726076
0,0,0.29208705
1,0,0.16285598
0,0,0.0037800737
0,0,4.0785297e-05
0,0,5.615743e-05
0,0,0.00080766634
1,0,0.10554341
0,0,0.08826189
0,0,0.07279182
0,0,0.13515268
0,0,0.00014158041
0,0,0.13382235
0,0,0.015723407
0,0,0.0032272374
0,0,0.035113897
0,0,0.18204398
0,0,0.11380937
0,0,0.005143477
0,0,0.48193228
0,0,0.19961073
0,0,0.31663784
0,0,0.09729054
0,0,0.023059156
0,0,0.07677908
0,0,0.06302224
0,0,0.22504944
0,0,0.031050595
0,0,0.29651806
0,0,0.07025199
0,0,0.0069318796
1,0,0.03609328
0,0,0.017877132
0,0,0.37295407
0,0,6.2461026e-05
0,0,0.042499892
0,0,0.09878861
0,0,0.005210705
0,0,0.06443846
0,0,0.0015571936
0,0,0.0020146756
0,0,0.17776729
0,0,0.1862913
0,0,0.0065689865
0,0,0.19484232
0,0,0.28956366
0,0,0.0034306848
0,0,0.012923947
0,0,0.069002956
0,0,0.0047456096
0,0,0.33265674
0,0,0.056778572
0,0,0.0033632016
0,0,0.0055910596
0,0,0.057774533
0,0,0.019162882
0,0,0.12380876
0,0,0.21428066
0,0,0.0021198078
0,0,0.032758873
0,0,0.09208916
1,0,0.06443744
0,0,0.0058745653
0,0,0.0051453193
0,0,0.009488729
0,0,0.110564716
0,0,8.280936e-05
0,0,0.18988837
0,0,0.34655336
0,0,0.0027138276
0,0,0.02989095
0,0,0.0018632315
0,0,0.007613763
0,0,0.04781677
0,0,0.0330879
0,0,0.00021121993
0,0,0.36322477
0,0,0.03554644
0,0,0.027532594
0,0,0.005121916
1,0,0.13850069
0,0,0.0053047324
0,0,0.18592808
0,0,0.078303196
0,0,0.06402753
0,0,0.0048121978
0,0,0.038730312
0,0,0.005850282
0,0,0.011500335
0,0,0.05461603
0,0,0.0024421029
0,0,0.02162074
0,0,0.003676339
0,0,0.006121696
0,0,0.027964663
0,0,0.2218255
0,0,0.0075190705
0,0,0.21595642
0,0,0.16205059
0,0,0.0864533
0,0,0.009122939
0,0,0.033283275
0,0,0.017150905
0,0,0.013944219
0,0,0.0023834219
0,0,0.31853253
1,0,0.11713475
0,0,0.004136839
0,0,0.0021395425
0,0,0.11722881
0,0,4.6799414e-05
0,0,0.16585962
0,0,0.0036934058
0,0,0.0741208
0,0,0.24501975
0,0,0.004217668
0,0,0.02614211
0,0,0.048706543
0,0,0.008639651
0,0,0.043977283
0,0,0.010341618
0,0,0.059598606
0,0,0.0019884356
0,0,0.066578895
0,0,0.42401752
0,0,0.084870055
0,0,0.035912637
0,0,0.116646
0,0,0.12775862
0,0,0.0013873554
0,0,0.21875453
0,0,0.0006758612
0,0,0.0021545074
0,0,0.0022486805
0,0,0.15694335
0,0,0.0035082663
0,0,0.08088867
0,0,0.00033230887
0,0,0.0076448685
1,0,0.26119944
0,0,0.000100967576
0,0,0.1251189
0,0,0.035243824
0,0,0.016341224
0,0,0.0028703874
0,0,0.0027501683
0,0,0.043270256
0,0,0.0022118473
0,0,0.0029064005
0,0,9.2369235e-05
0,0,4.2405518e-05
0,0,0.05507803
0,0,0.019589452
0,0,0.0023994173
0,0,0.0023857937
0,0,0.09081446
0,0,0.013889338
0,0,0.0030304992
0,0,0.3324229
0,0,0.015741253
0,0,0.014781679
0,0,0.039873727
0,0,0.0014889472
1,0,0.18570817
0,0,0.013406535
0,0,0.00016711185
0,0,0.011607949
0,0,0.1156905
0,0,0.0025108568
0,0,0.036236137
0,0,0.3289698
0,0,0.0074412622
0,0,0.020417167
0,0,0.021216298
0,0,0.0059819403
0,0,0.012568131
0,0,0.055116262
0,0,0.0037114522
0,0,0.0436886
1,0,0.42076954
0,0,0.011297273
1,0,0.24836911
0,0,0.0051701684
0,0,0.008535993
0,0,0.010000768
0,0,0.13964418
0,0,0.011327261
0,0,0.09179319
0,0,0.046455286
1,0,0.19215062
0,0,0.006648471
0,0,0.07427162
0,0,0.01383491
0,0,0.10802128
0,0,0.13556321
0,0,0.0013755981
0,0,0.055682074
0,0,0.0014510156
0,0,0.025543626
0,0,0.115857966
0,0,0.19604266
0,0,0.020018594
0,0,0.23617189
0,0,0.089280754
0,0,0.014189638
0,0,0.07234803
0,0,0.015955092
0,1,0.56217426
0,0,0.33828613
0,0,0.0109369205
0,0,0.25268245
0,0,0.00079829857
0,0,0.0007233442
0,0,0.071163446
0,0,0.020210057
0,0,0.10594027
0,0,0.048687126
0,0,0.01322757
0,0,0.003916278
0,0,0.4224403
0,0,0.00088707055
0,0,0.052375305
0,0,0.03327835
0,0,0.016328841
0,0,0.113895096
1,0,0.11300998
0,0,0.047247685
0,0,0.002914177
0,0,0.00011380073
0,0,0.19398192
0,0,0.2964935
0,0,0.044381
0,0,0.14548236
0,0,0.03467875
0,0,0.10472758
0,0,0.02193891
0,0,0.42726916
0,0,0.0020216587
0,0,0.17010283
0,0,0.26935557
0,0,0.11694016
1,0,0.1697855
0,0,0.01099254
0,0,0.43945685
0,0,0.11828116
0,0,0.07867017
0,0,0.028927587
0,0,0.00094941567
1,0,0.20784023
0,0,0.061079446
0,0,0.11703658
0,0,9.319196e-05
1,0,0.26226163
0,0,0.00832656
0,0,0.00045920504
0,0,0.032635562
0,0,0.4199655
0,0,0.39714006
0,0,0.024510743
0,0,0.004977145
0,0,0.014524245
0,0,0.0025976794
0,0,0.11536256
0,0,0.054454226
0,0,0.0007169832
0,0,0.04099003
0,0,0.18133631
0,0,0.00025218265
0,0,0.019245673
0,0,0.005091485
0,0,0.03129672
0,0,0.04551843
0,0,0.08748617
0,0,0.16607775
1,0,0.490729
0,0,0.03366509
0,0,0.16141535
0,0,0.073918596
0,0,0.038177527
0,0,0.25887424
1,0,0.24955186
0,0,0.1961783
0,0,0.0018892274
0,0,0.0069194143
0,0,0.24456835
0,0,0.107720986
1,1,0.59974515
0,0,0.0018062338
0,0,0.023670075
0,0,0.15585119
0,0,0.045260314
0,0,0.001211288
0,0,0.018400544
0,0,0.14993602
0,0,0.32842094
0,0,0.15977864
0,0,0.0017341899
0,1,0.5526328
0,0,0.22108902
0,0,0.11036609
1,0,0.25793138
1,0,0.061923515
0,0,0.01743193
0,0,0.006725301
0,0,0.11216115
1,0,0.25033435
0,0,0.036299955
0,0,0.31504825
0,0,0.003471032
1,1,0.53081256
0,0,0.00563223
0,0,0.0025186867
1,0,0.38485533
0,0,0.041729152
0,0,0.0058344323
1,0,0.047187597
0,0,0.40471193
0,0,0.0738439
0,0,0.011233857
0,0,0.3246199
0,0,0.027919844
0,0,0.094815284
1,0,0.43860328
0,0,0.040300675
0,0,0.06455015
0,0,0.056278255
0,0,0.1784579
0,0,0.0580668
0,0,0.18972954
1,0,0.09420815
0,0,0.058060165
0,0,0.45459664
0,0,0.0018584199
0,0,0.070625626
0,0,0.11818707
0,0,0.0079098735
0,0,0.017207535
0,0,0.15177026
0,0,0.01366639
0,0,0.05126976
0,0,0.21168916
0,0,0.0063889567
0,0,0.017693866
0,0,0.030636238
0,0,0.10876594
0,0,0.11991735
0,0,0.025067851
0,0,0.13971351
0,0,7.071819e-05
0,0,0.00086022535
0,0,0.014905069
0,0,0.121157974
0,0,0.14981271
0,0,6.866e-05
0,0,0.0068872436
0,0,0.1318439
0,0,0.0021007513
0,0,0.038996715
0,0,0.07563227
1,0,0.06736778
0,0,0.001073966
0,0,0.0068072965
1,0,0.2928622
0,0,0.28271884
0,0,0.20337546
0,0,0.098866545
0,0,0.0068689054
0,0,0.05451269
0,0,0.009049977
0,0,0.14579651
0,0,0.0867775
0,0,0.0018589984
0,0,6.240524e-05
1,0,0.06254937
1,0,0.025046838
0,0,0.00956982
0,0,0.0004018657
0,0,0.025840757
0,0,0.0677879
1,0,0.13093626
0,0,0.112413846
0,0,0.004778026
1,0,0.25127003
0,0,0.19412768
1,0,0.0038510605
0,0,0.47443613
0,0,0.00067631935
0,0,0.29066202
0,0,0.0005352053
0,0,0.024102524
0,0,0.03989553
0,0,0.061572008
0,0,0.00394664
0,0,0.0034149594
0,0,0.1674984
0,0,0.45027408
0,0,0.024359422
0,0,0.20968488
0,0,0.0013256794
0,0,0.04234409
0,0,0.13898516
0,0,0.0068201586
0,0,0.00030461824
0,0,0.009129312
0,0,0.12231824
0,0,0.05774807
0,0,4.3203938e-05
0,0,0.018955514
0,0,0.091174476
0,0,0.0042977654
0,0,0.0066508623
0,0,0.4021659
0,0,0.043149922
0,0,0.0038661137
0,0,0.0017345597
0,0,0.046433736
0,0,0.09056358
0,0,0.013248879
0,0,0.0336167
0,0,0.07893804
0,0,0.042143896
0,0,0.054258645
0,0,0.0022518097
0,0,0.07314387
0,0,0.067889996
0,0,0.16740091
0,0,0.017522588
0,0,0.0013831682
0,0,0.11543605
0,0,0.06361662
0,0,0.046379503
0,0,0.0023661747
0,0,0.08777196
1,0,0.08174967
0,0,0.017496167
0,0,0.11502142
0,0,0.006762845
0,0,0.03277002
0,0,0.089513674
0,0,0.10070454
0,0,0.05349429
0,0,0.14232147
0,0,0.2610562
0,0,0.038946886
1,0,0.31651184
0,0,0.029357748
0,0,0.02463211
1,0,0.35314342
0,0,0.0004765954
0,0,0.10311174
0,0,0.000111703346
0,0,0.0033392215
0,0,0.030002533
0,0,0.010463303
0,0,0.04757414
0,0,0.05804168
0,0,0.073266305
0,0,0.021392174
0,0,0.15729764
0,0,0.08170401
0,0,0.0018505562
0,0,0.074675076
0,0,0.019706039
0,0,0.21510623
0,0,0.010840664
0,0,0.008081833
0,0,0.025518192
0,0,0.08711641
1,0,0.16796875
0,0,0.00019523766
0,0,0.023663662
1,0,0.3200635
0,0,0.029022029
0,0,0.3304771
0,0,0.057465445
0,0,0.0034274438
0,0,0.015968299
0,0,0.12716132
0,0,0.06970523
0,0,0.0095965685
0,0,0.0047757886
0,0,0.015885945
1,0,0.3324229
0,0,0.014296743
1,0,0.24671964
0,0,0.14029717
0,0,0.33545303
0,0,0.014043133
0,0,0.15602043
1,0,0.43106502
0,0,0.10276535
1,0,0.15645936
0,0,0.014487538
1,0,0.22150831
0,0,0.11894267
0,0,0.03946233
0,0,0.03624004
0,0,0.07747438
1,0,0.26210564
0,0,0.15893914
0,0,0.03940341
0,0,0.0039386908
0,0,0.0015936064
0,0,0.16164194
1,0,0.27122208
0,0,0.47607592
0,0,0.02688504
0,0,0.0050047534
0,0,0.00050642324
0,0,0.008676051
0,0,0.019358134
1,0,0.08921048
1,0,0.12691844
0,0,0.0125585785
0,0,0.087943554
0,0,0.045553196
0,0,0.00096805993
0,0,0.12551501
0,0,0.0004730181
0,0,0.067847446
1,1,0.54198796
0,0,0.021864286
0,0,0.0008330997
1,0,0.2022347
0,0,0.24157003
1,0,0.15875657
0,0,0.015065501
0,0,0.12615253
0,0,0.058371652
0,0,0.026948817
0,0,0.0021254222
0,0,0.000104134255
0,0,0.0048486595
0,0,0.00016060966
0,0,0.005589506
0,0,0.0034231448
0,0,0.0039008176
0,0,0.07555283
0,0,0.08417516
0,0,0.12254346
0,0,0.2925016
0,0,0.00650566
0,0,0.030598493
0,0,0.18062033
0,0,0.10052483
0,0,0.006978025
0,0,0.030286964
0,0,0.07752462
0,0,0.0010575071
0,0,0.21496823
1,0,0.18714711
0,0,0.009897087
0,0,0.028197234
0,0,0.0042288797
0,0,0.003043982
1,0,0.06346759
0,0,0.0023365684
0,0,0.31091204
0,0,0.13402522
0,0,0.0017676499
0,0,0.014357415
0,0,0.0886422
0,0,0.2982893
0,0,0.19913276
0,0,0.04010005
0,0,0.4668357
0,0,0.27782896
0,0,0.0082845865
0,0,0.0020035412
0,0,0.017919509
0,0,0.018158274
0,0,0.00091514323
0,0,0.010092301
0,0,0.1150753
0,0,0.05130858
0,0,0.028828809
0,0,0.0023587549
0,0,0.032567848
0,0,0.12467591
0,0,0.047998473
0,0,0.028650697
0,0,0.13320756
0,0,0.18926471
0,0,0.0014621685
0,0,0.03971602
0,0,0.08147107
1,0,0.3182629
0,0,0.016764248
0,0,0.0002969169
0,0,0.07383335
0,0,0.0032199414
0,0,0.015140949
0,0,0.070529945
0,0,0.012672024
0,0,0.06424277
0,0,0.021640401
0,0,0.02998742
0,0,0.3975095
0,0,0.012830627
0,0,0.019955894
0,0,0.005363586
0,0,0.001510123
0,0,0.0028696503
0,0,0.0010061791
0,0,0.07108639
0,0,0.043756247
0,0,0.3230442
0,0,0.002123251
0,0,0.14269741
0,0,0.004784393
0,0,0.00021913512
0,0,0.47312477
0,0,0.0138825
0,0,0.010442607
0,0,0.034459975
0,0,0.0006855175
0,0,0.0058381394
0,0,0.1298972
0,0,0.02874976
0,0,0.0047617755
0,0,0.006806084
0,0,0.08935712
0,0,0.0101327505
0,0,0.00024271278
0,0,0.047085483
0,0,0.010537072
0,0,0.02253104
0,0,0.0010011694
0,0,0.0017859582
0,0,0.008138978
0,0,0.05654175
0,0,0.36429968
0,0,0.12417219
0,0,0.14060855
0,0,0.03526551
0,0,0.19143754
0,0,0.01588681
0,0,0.17562103
0,0,0.16167396
0,0,0.048683573
0,0,0.004519878
1,0,0.19260682
0,0,0.043568667
0,0,0.15625174
0,0,0.0011490182
0,0,0.04013434
0,0,0.036962006
0,0,0.06458701
0,0,0.10759751
0,0,0.03332699
0,0,0.19411989
0,0,0.09485327
0,0,0.007511217
0,0,0.2167366
1,0,0.023435982
0,0,0.075699285
0,0,0.011815648
0,0,0.14706744
0,0,0.012246396
0,0,0.02048135
0,0,0.02097334
0,0,0.04942661
0,0,0.15904187
0,0,8.771294e-05
0,0,0.13179411
0,0,0.028939644
0,0,0.045307975
0,0,0.2068755
0,0,0.05013392
0,0,0.019114621
0,0,0.014150125
0,0,0.0788402
0,0,0.1411721
0,0,0.002679074
0,0,0.10148425
0,0,0.30904126
0,0,0.005916824
0,0,0.057814777
0,0,0.018203463
0,0,0.0008416272
0,0,0.11650101
0,0,0.015268367
0,0,0.034764774
0,0,0.11202055
0,0,0.2658039
0,0,0.034097355
0,0,0.13526253
0,0,0.0024800897
0,0,0.0010276198
0,0,0.012076867
0,0,0.0016036762
0,0,0.003263507
0,0,0.00026337386
0,0,0.07811399
0,0,0.009806857
0,0,0.0006832744
0,0,0.0026149696
0,0,0.061709292
0,0,0.07128563
0,0,0.017607268
0,0,0.015536725
0,0,0.06500082
0,0,0.006161133
0,0,0.0010018493
0,0,0.001841759
0,0,0.0042237425
0,0,0.002162751
0,0,0.0002462225
0,0,0.10374375
0,0,0.03782744
0,0,0.0009837623
0,0,0.015674232
0,0,0.17102592
0,0,0.048212115
0,0,0.020898309
0,0,0.16634615
0,0,0.29409164
0,0,0.072815485
0,0,0.006641276
0,0,0.041349016
1,0,0.38977632
0,0,0.06573121
0,1,0.5694758
0,0,0.28862733
0,0,0.10312302
0,0,0.01295711
0,0,0.0030724152
0,0,0.17298049
0,0,0.03551673
0,0,0.00051914895
0,0,0.022333343
0,0,0.002144102
0,0,0.32580426
0,0,0.039420087
0,0,0.23124562
0,0,0.11474095
0,0,0.009315926
0,0,0.06184058
0,0,0.07937363
0,0,0.039661635
0,0,0.013373004
0,0,0.40058678
0,0,0.047946274
0,0,0.1360337
0,0,0.004272931
0,0,6.515032e-05
0,0,0.036687378
0,0,0.009497925
0,0,0.014888597
0,0,0.046044122
0,0,0.04216505
0,0,0.01227516
0,0,0.13964422
0,0,0.0033996885
0,0,0.0056139
0,0,0.027586486
0,0,0.14864416
0,1,0.53594255
0,0,0.17635046
0,0,0.08756836
0,0,0.18831113
0,0,0.00069541036
1,0,0.27562842
0,0,0.18821107
0,0,0.08088145
0,0,0.059434757
0,0,0.12831609
0,0,0.009035091
0,0,0.13623142
1,0,0.001453408
0,0,0.0042408723
0,0,0.00056968274
0,0,0.0021838746
1,0,0.036724072
0,0,0.019753288
0,0,0.002233645
0,0,0.1427677
0,0,0.0670913
0,0,0.012690441
0,0,0.014270809
0,0,0.08064273
0,0,0.0033345178
0,0,0.010212853
0,0,0.30656663
0,0,0.08616334
1,0,0.33974785
0,0,0.0020470435
0,0,0.014731208
0,0,0.0013100934
0,0,0.09881551
0,0,0.054251492
0,0,0.0221799
0,0,0.11481309
0,0,0.0004384746
0,0,0.018941296
0,0,0.096285954
0,0,0.04589798
0,0,0.016152516
0,0,0.075735845
0,0,0.0031613503
0,0,0.12471138
0,0,0.047042657
0,0,0.01987312
0,0,0.012886643
0,0,0.27879843
1,0,0.072370976
0,0,0.012080497
0,0,0.0061349366
0,0,0.06640467
0,0,0.010674388
1,0,0.38646153
0,0,0.051056832
0,0,0.00010343624
0,0,0.013273025
0,0,0.1529027
1,0,0.24344945
0,0,0.005573706
0,0,0.003629244
0,0,0.0006618251
0,0,0.004836632
0,0,0.04506145
0,0,0.035495482
0,0,0.025192631
0,0,0.07220112
0,0,0.13122058
0,0,0.0002727635
0,0,0.009827411
0,0,0.0012537977
0,0,0.20832178
0,0,0.004398851
0,0,4.0785297e-05
0,0,0.0002390499
0,0,0.1342518
0,0,0.049685027
0,0,0.25685394
0,0,0.13903613
0,0,0.023006624
0,0,0.043227214
0,0,0.07367718
1,0,0.16122636
0,0,0.00477406
0,0,0.22487718
0,0,0.0009593954
0,0,0.05909797
0,0,0.0039480105
0,0,0.12391014
0,0,0.18862784
0,0,0.32461292
0,0,0.007927168
0,0,0.11371566
0,0,0.0074294102
0,0,0.082630955
0,0,0.023059279
0,0,0.30557844
0,0,0.012918874
0,0,0.0021136175
0,0,0.0026746083
0,0,0.0018666995
0,0,0.06298874
0,0,0.023440195
1,0,0.36750612
0,0,0.0027768062
0,0,0.20089811
0,0,0.10640224
1,0,0.2855961
0,0,0.0063136285
0,0,0.0004971936
0,0,0.21427077
0,0,0.0014610104
0,0,0.045785677
0,0,0.08618476
0,0,0.113868095
0,0,0.36734822
0,0,0.25607538
0,0,0.0041654254
0,0,0.033201255
0,0,0.00796053
1,0,0.06849687
0,0,0.007811756
0,0,0.057604123
0,0,0.028810285
0,0,0.056479402
1,1,0.5915036
1,0,0.3732176
0,1,0.5789393
0,0,0.062093828
0,0,0.010201136
0,0,0.19318713
0,0,0.3041478
0,0,0.27354965
0,0,0.120868966
0,0,0.0095566325
1,0,0.31190816
0,0,0.013281654
0,0,0.18406366
1,0,0.2580241
0,0,0.017639885
0,0,0.018828038
0,0,0.031754386
0,0,0.13316424
0,0,0.0033976247
0,0,0.004040842
0,0,0.17372064
0,0,0.08992964
0,0,0.004374309
0,0,0.01596817
0,0,0.0067976955
0,0,0.057905585
0,0,0.109324925
0,0,0.012727962
0,0,0.16715947
0,0,0.035993263
0,0,0.0074124276
0,0,0.069374576
0,0,0.0099190865
0,0,0.056506813
0,0,0.036183212
0,0,0.007726438
1,1,0.70447516
0,0,0.04493597
0,0,0.053520277
0,0,0.0018813385
0,0,0.052046143
0,0,0.049874127
0,0,0.0034478826
0,0,0.006411241
1,0,0.29904935
0,0,0.15394972
0,0,0.078212336
0,0,0.008294731
0,0,9.319196e-05
0,0,0.383137
0,0,0.0076816883
0,0,0.04166916
0,0,0.04968623
0,0,0.007202682
0,0,0.071753435
0,0,0.055650733
0,0,0.00097419973
0,0,0.08743049
0,0,0.13207054
0,0,0.041121177
0,0,0.00096376403
0,0,0.0004949331
0,0,0.01271569
0,0,0.17496207
1,0,0.18148682
0,0,0.04075988
0,0,0.15059292
0,0,0.0018739064
0,0,0.006216277
0,1,0.5276626
0,0,0.04766328
0,0,0.04561372
0,0,0.014203224
0,0,0.0021574486
0,0,0.0029382522
0,0,0.00034754124
0,0,7.198145e-05
0,0,0.021974823
0,0,0.0077078515
0,0,0.0022649062
0,0,0.0010253956
0,0,0.17640512
0,0,0.1382813
0,0,0.10544302
1,0,0.4382107
0,0,0.004322184
0,0,0.00057808706
0,0,0.008555786
0,0,0.0046121897
0,0,0.009518323
0,0,0.0147280665
0,0,0.044349916
0,0,0.005657043
0,0,0.056391038
0,0,0.016980914
0,0,0.07751612
0,0,0.0006866261
0,0,0.01241696
0,0,0.009619923
0,0,0.028765017
0,0,0.0027886212
0,0,0.10025109
0,0,0.00091589254
0,0,0.018704366
0,0,0.010368034
0,0,0.00015299954
1,0,0.1412198
0,0,0.00056256243
0,0,0.12217193
0,0,0.054626837
0,0,0.00029533307
0,0,0.09549134
0,0,0.1831008
0,0,0.215411
0,0,0.067752495
0,0,0.10180511
1,0,0.00021560788
0,0,0.07476224
0,0,0.015822802
0,0,0.019896965
0,0,0.39668557
0,0,0.06460437
0,0,0.0058564423
0,0,0.22321503
0,0,0.019477792
0,0,0.0038955756
1,0,0.3429356
0,0,0.09234169
0,0,0.010143556
1,0,0.3623411
0,0,7.4113406e-05
0,0,0.01574127
1,1,0.5070714
0,0,0.029369082
1,0,0.10465842
0,0,0.034440514
0,0,0.00061495235
0,0,0.06205949
0,0,0.019218516
0,0,0.011215476
0,0,0.0031240925
1,0,0.10499873
0,0,3.3378037e-05
0,0,0.0053635305
0,0,0.0039746347
0,0,0.23142777
0,0,0.38485223
0,0,0.009781682
0,0,0.08027686
0,0,0.044768494
0,0,0.1866977
0,0,0.058260024
0,0,0.17223792
0,0,0.07150984
0,0,0.11577446
0,0,0.0012182363
0,0,0.009728981
0,0,9.319196e-05
0,0,0.0011978626
1,0,0.12856542
0,0,0.008190745
0,0,0.0010906907
0,0,0.0012047029
0,0,0.13017693
0,0,0.00014294956
0,0,0.035982974
1,0,0.0045225653
0,0,0.06640042
0,0,0.06909316
1,0,0.07521591
0,0,0.35293207
0,0,0.007912403
0,0,0.019267295
0,0,0.09537141
0,0,0.17426008
1,0,0.25023994
0,0,0.087672226
0,0,0.023095967
0,0,0.009689305
0,0,0.10293303
0,0,0.17655769
0,0,3.3564545e-05
1,0,0.4065479
0,0,0.23210908
0,0,0.045780897
0,0,0.048486114
0,0,0.007785596
0,0,0.021216946
0,0,0.0014759072
0,0,0.12596965
0,0,0.0012641593
0,0,0.0018536071
0,0,0.009837753
0,0,0.2842227
1,0,0.4185098
0,0,0.12825121
0,0,0.003451853
0,0,0.0035312856
0,0,0.004161659
0,0,0.14642127
0,0,0.31164598
0,0,0.054870695
0,0,0.025089037
0,0,0.0009805243
0,0,0.00040255085
0,0,0.021262059
0,0,0.0031267682
0,0,0.056061435
1,0,0.20832907
0,0,0.019301342
0,0,0.018591126
0,0,0.012101897
0,0,0.00027672033
0,0,0.00016216977
0,0,0.0133241005
0,0,0.0041129594
0,0,0.48911673
0,0,0.02167663
0,0,0.10884309
0,0,0.25813323
0,0,0.053517014
0,0,0.03147243
0,0,0.025352629
0,0,0.042878743
1,0,0.46242654
0,0,0.007612639
0,0,0.07143408
0,0,0.058380812
1,0,0.3597121
0,0,0.1957999
0,0,0.027681593
0,0,0.11360979
0,0,0.0003781248
0,0,0.013819369
0,0,0.05977465
0,0,0.06830172
0,0,0.06479493
0,0,0.012718229
0,0,0.0036548907
0,0,0.12467591
0,0,0.20104675
0,0,0.31303415
0,0,0.00072697195
0,0,0.028078862
0,0,9.9152545e-05
0,0,0.0932908
0,0,0.012656539
0,0,0.049966354
0,0,0.0007266305
0,0,0.065850474
0,0,0.27750215
0,0,0.006958963
0,0,0.009927097
0,0,8.571793e-05
1,0,0.28550142
0,0,0.0034392148
0,0,0.15500185
1,0,0.48202816
0,0,0.0029139095
0,0,0.0071491967
0,1,0.710488
0,0,0.13022879
0,0,0.016742764
1,1,0.5240552
0,0,0.21961777
0,0,0.11046499
0,0,0.019071933
1,0,0.13711233
0,0,0.36134422
0,0,0.004793065
0,0,0.18232861
0,0,0.04360237
1,1,0.841637
1,0,0.20858042
0,0,0.0044422518
0,0,0.0014611105
1,0,0.3719863
0,0,5.7386012e-05
0,0,0.41048574
0,0,0.00039883557
0,0,0.0056889835
0,0,0.3469311
0,0,0.015940389
0,0,0.039206143
0,1,0.51267534
0,0,0.00037037654
0,0,0.0033011467
0,0,0.032667603
1,0,0.25194797
0,0,0.023834387
0,0,0.043718085
0,0,5.514462e-05
0,0,0.041794576
0,0,0.101991236
0,0,0.16796145
0,0,0.025647217
0,0,0.08732319
0,0,0.0033191214
1,1,0.5354628
0,0,0.029086933
0,0,0.008136448
0,1,0.5672258
0,0,0.009549441
0,0,0.012238687
0,0,0.0746408
0,0,0.17783427
0,0,0.0061220736
0,0,0.08904079
0,0,0.114615396
0,0,0.0033187508
0,0,0.011582171
0,0,0.04391652
0,0,0.007851482
0,0,0.008743325
0,0,0.24743287
0,0,0.06440686
0,0,0.014640681
0,0,0.029500522
0,0,0.067020945
0,0,0.103738025
0,0,0.22890706
0,0,0.110229455
0,0,0.023140155
0,0,0.011277398
0,0,0.015123098
0,0,0.012021716
1,0,0.41362312
0,0,0.01176049
0,0,0.005578825
0,0,0.0016177717
0,0,0.49250504
0,0,0.0019208741
1,0,0.0140614975
0,0,0.014314044
0,0,0.04657655
1,0,0.09048055
0,0,0.107328855
0,0,0.00042327924
0,0,0.033614326
1,0,0.12181901
1,0,0.2994328
0,0,0.09020994
0,0,0.06933963
1,1,0.60931486
0,0,0.096166275
1,0,0.29953986
0,0,0.002864195
0,0,0.12602387
0,0,0.015514889
0,0,0.011128219
0,0,0.10815425
0,0,0.004484285
0,0,0.09315718
1,0,0.08166124
0,0,6.241387e-05
0,0,0.18204558
0,0,0.030815825
0,0,0.0039582206
0,0,0.07042555
1,0,0.31260356
0,0,0.08985776
0,0,0.16634507
0,0,0.025208494
0,0,0.0034668334
0,0,0.011135935
0,0,0.019120397
0,0,0.0050688596
0,0,0.00015013159
0,0,0.06264275
0,0,0.0066218576
0,0,0.06435446
0,0,0.097711906
0,0,0.025318416
0,0,0.00703247
0,0,0.19310518
0,0,0.00015048517
0,0,0.04982037
0,0,0.0014046825
0,0,0.05323378
0,0,0.07634676
0,0,0.34679338
0,0,0.0047482164
0,0,0.27829668
0,0,0.24014449
1,0,0.08979314
0,0,0.18731926
0,0,0.001986075
0,0,0.024186444
0,0,0.00367438
0,0,0.06579357
0,0,0.00030573286
0,0,0.00219181
0,0,0.047562595
0,0,0.27579772
0,0,0.055064682
1,0,0.19300804
0,0,0.026180573
0,0,0.021877062
0,0,0.046580482
1,0,0.087983
0,0,0.0040462823
0,0,0.026773587
0,0,0.015177355
0,0,0.03224078
0,0,0.23867872
0,0,0.19542626
0,0,0.37808418
0,0,0.026236532
0,1,0.7151658
0,0,0.009012615
0,0,0.019102452
0,0,0.19037187
0,0,0.1945426
0,0,0.25376013
0,0,0.10298403
0,0,0.017985402
1,0,0.11833883
0,0,7.198145e-05
0,0,0.0005911799
0,0,0.0041641835
0,0,0.0043160566
0,0,0.042570733
0,0,0.19357269
0,0,0.0010316874
0,0,0.0045231837
0,0,0.0028968828
0,0,0.24286985
0,0,0.0045874445
0,0,0.094668955
0,0,0.33363038
0,0,0.0063416795
0,0,0.16260974
0,1,0.6693624
0,0,0.366227
0,0,0.050534494
0,0,0.046135455
1,0,0.34009412
0,0,0.040032327
0,0,0.004460479
0,0,0.0011991343
0,1,0.53687423
0,0,0.0070125423
0,0,0.16976404
0,0,0.008665267
0,0,0.0051450976
0,0,9.2369235e-05
0,0,0.30011454
0,0,0.06596037
1,0,0.14454484
1,0,0.40973973
0,0,0.010805031
0,0,0.3009616
0,0,0.0024894031
1,0,0.05687766
0,0,0.008861646
1,0,0.14905483
0,0,0.006445155
0,0,0.006862364
0,0,0.02635931
1,0,0.039442845
0,0,0.00055375503
0,0,0.08042164
0,0,0.031786047
0,0,0.25810987
0,0,0.050253402
0,0,0.043613426
0,0,0.0012809876
0,0,0.08448172
0,0,0.10645337
0,0,0.006088913
0,0,0.00062411
0,0,0.17898351
0,0,0.008646499
0,0,0.0008272305
0,0,0.0032951678
0,0,0.004777389
0,0,0.37178576
1,0,0.33216387
0,0,0.0728055
0,0,0.37215018
0,0,0.07600275
0,0,0.017572816
0,0,0.019123666
0,0,9.713801e-05
0,0,0.038593527
0,0,0.20731938
0,0,0.08102494
0,0,0.080824696
1,0,0.22411816
1,0,0.28017133
1,1,0.59480757
0,0,0.0029281208
0,0,0.0009422609
0,0,0.07006814
0,0,0.000105405335
0,0,0.32742321
0,0,0.017946584
0,0,0.0020406311
0,0,0.045112405
0,0,0.12013105
0,0,0.026327379
0,0,0.16420132
0,0,0.00023521969
0,0,0.06922744
0,0,5.3566113e-05
0,0,0.04534079
0,0,0.22834456
0,0,0.020254161
0,0,0.01773384
0,0,0.014902596
0,0,0.03668335
0,0,0.07371975
0,0,0.09778879
0,0,0.0015670522
0,0,0.018725311
0,0,0.2596563
0,0,0.056677174
0,0,0.058574323
0,0,0.014101941
0,0,0.04562431
0,0,0.01304823
1,0,0.16392681
0,0,0.13732046
0,0,0.010991757
0,0,0.011726367
0,0,0.018167088
0,0,0.12888741
0,0,0.0058729225
0,0,0.008835555
0,0,0.0001044528
0,0,9.045877e-05
1,0,0.027348949
0,0,0.03341766
0,0,0.002596944
0,0,0.113073155
0,0,0.22327797
0,0,0.0067856982
0,0,0.12872274
0,0,0.2452394
0,0,0.03043347
0,0,0.009276262
0,0,0.085052595
0,0,0.37757093
0,0,0.010293726
0,0,0.0033909464
0,0,0.03703124
1,0,0.35588935
0,0,0.20339268
0,0,0.19448827
0,0,0.0006814893
0,0,0.017568247
0,0,0.01097348
0,0,0.15436722
0,0,0.018641869
0,0,0.00030553705
1,0,0.08689618
0,0,0.031154897
0,0,0.0048347963
0,0,0.05723101
0,0,0.11654052
0,0,0.16710733
0,0,0.01423409
0,0,0.32372248
1,0,0.1621146
0,0,0.07962144
0,0,0.008169761
0,0,0.0038694409
0,0,0.0017027848
0,0,0.013172792
0,0,0.0021134114
0,0,0.009608767
0,0,0.029650522
1,0,0.18611945
0,0,0.002425664
0,0,0.27384
0,0,0.05522303
0,0,0.07687254
0,0,0.13611107
0,0,0.0037749491
0,0,0.0019056993
0,0,0.0021015103
0,0,0.020338466
0,1,0.59592587
0,0,0.17611867
1,0,0.45588374
0,0,0.00087657163
0,0,0.07116021
0,0,0.026774151
0,0,0.11571635
0,0,0.12390991
0,0,0.0058072545
0,0,0.012623511
0,0,0.2843933
0,0,0.019370712
1,0,0.14798525
1,0,0.3208471
0,0,0.0012063351
0,0,0.0024681368
0,0,0.071188726
0,0,0.035131954
0,0,0.11400993
0,0,0.06323112
0,0,4.687432e-05
0,0,0.08342121
1,0,0.28488865
0,0,0.0011725477
0,0,0.0012537236
0,0,0.07347889
0,0,0.024896186
0,0,0.019003982
0,0,0.004909255
0,0,0.0012587743
0,0,0.116711795
0,0,0.16069055
0,0,0.08637848
0,0,0.07732961
1,0,0.28862852
0,0,0.00014001419
0,0,0.0060715885
0,0,0.0097295325
0,0,0.05832817
0,0,0.04669479
0,0,0.01790837
0,0,5.615743e-05
0,0,0.014795719
0,0,0.0037585676
1,0,0.3144054
0,0,0.26690486
0,0,0.15122584
0,0,0.0018981907
0,0,0.008056289
0,0,0.105978556
0,0,0.005004466
0,0,0.4199016
0,0,0.10792812
1,0,0.24908654
0,0,0.04632192
0,0,0.05391613
0,0,0.052763835
1,0,0.24721041
0,0,0.04329008
0,0,0.48620388
0,0,0.023523934
0,0,0.19386043
0,0,0.0049127387
0,0,0.3186865
0,0,0.00059572747
0,0,0.0031100211
0,0,0.0071600936
0,0,0.029423062
0,0,0.049087312
0,0,0.45444807
0,0,0.031178044
0,0,0.0020999517
0,0,0.0034076301
0,0,0.17835689
1,1,0.8995115
0,0,0.00027403972
0,0,0.023514422
0,0,0.010571197
0,0,0.0068822913
0,0,0.05235834
0,0,0.10957947
0,0,0.18468642
1,0,0.08385064
0,0,0.047331672
1,0,0.026255503
0,0,0.02202576
0,0,0.2648326
0,0,0.13617583
1,0,0.06759718
0,0,0.23968865
0,0,0.014626807
0,0,0.3518884
1,1,0.6873973
0,0,0.0014372193
0,0,0.02305021
0,0,0.114382006
0,0,0.11674046
0,0,0.0040770015
0,0,0.010306593
0,0,0.0002231679
0,0,0.003113996
0,0,0.004057414
0,0,0.0005057438
0,0,0.16597004
0,0,0.35004485
1,0,0.034796078
0,0,0.034515698
0,0,0.030959245
0,0,0.022024132
0,0,0.002650357
0,0,0.13384724
1,0,0.015917547
0,0,0.0063545136
0,0,0.12150341
0,0,0.009001888
0,0,0.0051216
0,0,0.41884118
1,0,0.043131843
0,0,0.05152607
1,0,0.13704361
0,0,0.029719561
0,0,0.11218746
0,0,0.017883109
0,0,0.06697841
0,0,0.03166699
0,0,0.001039573
0,0,0.07610495
0,0,0.0073668263
0,0,4.0785297e-05
0,0,0.0025696126
1,0,0.23154017
0,0,0.10642165
0,0,0.029446283
0,0,0.0018127909
0,0,0.014797596
0,1,0.57815975
1,0,0.22321875
0,0,0.07756975
0,0,0.32163265
0,0,0.14168121
0,0,0.008504417
0,0,0.011285083
0,0,0.0047488585
0,0,0.0073767253
0,0,0.0033770327
0,0,0.07959962
0,0,0.09929972
0,0,0.21543305
1,0,0.29204795
1,1,0.65264916
0,0,0.0043020383
0,0,0.009896246
0,0,0.05011964
0,0,0.003258665
0,0,4.5098066e-05
0,0,0.09294287
0,0,0.0361062
0,0,0.010773814
0,0,0.025837578
0,0,0.11925274
0,0,0.02119582
0,0,0.055526115
1,0,0.15849084
0,0,0.1726473
0,0,0.006996858
0,0,0.0014383921
1,0,0.11517618
0,0,0.02675215
0,0,0.000553631
0,0,0.046039652
0,0,0.32515278
0,0,0.07743157
0,0,0.00074680825
0,0,0.0019096023
0,0,0.16818205
0,0,0.002503175
0,0,0.0004012888
0,0,0.0011939019
0,0,0.19738325
0,0,0.16156763
0,0,0.005391094
0,0,0.09865745
0,0,0.0064452896
0,0,0.18483527
0,0,0.23335735
0,0,0.033322047
0,0,0.08929347
1,0,0.16986099
0,0,0.109117754
0,0,0.1609065
0,0,0.042528164
0,0,0.019393977
0,0,0.011265033
0,0,0.059790015
0,0,0.25640616
0,0,0.2460512
0,0,0.12319596
0,0,0.28367397
0,0,0.0042300085
0,0,0.024657141
1,0,0.18185611
0,0,0.02415547
0,0,0.11637672
0,0,0.0020173227
0,0,0.10333287
0,0,0.09823569
0,0,0.09122697
0,0,0.038281858
0,0,0.061867505
0,0,0.011694867
0,0,0.002339912
0,0,0.14305297
1,0,0.056657717
0,0,0.08958255
0,0,0.004026486
0,0,0.06323926
1,1,0.6109083
0,0,0.012009416
0,0,4.3583404e-05
1,0,0.05705314
0,0,0.011756478
0,0,0.0074669984
0,0,0.0010877195
1,0,0.09729315
0,0,0.18824978
0,0,0.017951787
0,0,0.058791637
0,0,0.081241906
0,0,0.066281356
0,0,0.008399428
0,0,0.1190818
0,0,0.013307605
0,0,0.050133556
0,0,0.025305253
0,0,0.0053806542
1,0,0.25494152
0,0,0.38321477
0,0,0.0013370495
0,0,0.1142612
0,0,0.18658201
1,0,0.34836257
0,0,0.025445493
0,0,0.001235259
0,0,0.06967883
1,0,0.2899383
1,1,0.80277336
0,0,0.35170057
0,0,0.1656059
0,0,0.04451235
0,0,0.0018964291
0,0,0.10741306
0,0,0.2847926
0,0,0.1035631
0,0,0.18067756
0,0,0.06046418
0,0,0.04528141
0,0,0.00011316498
0,0,6.030703e-05
0,0,0.102654785
0,0,0.012837128
0,0,0.2375185
0,0,0.0017195359
0,0,3.0980013e-05
0,0,0.008671919
0,0,0.012231742
0,0,0.00020402604
0,1,0.5578593
0,0,0.002656616
0,0,0.012654067
0,0,0.02744705
0,0,0.00025987852
0,0,0.18828988
0,0,0.0035251363
0,0,0.09403013
0,0,0.2825799
0,0,0.045339502
0,0,0.015245979
0,0,0.0014975914
0,0,0.0003792083
0,0,0.0004259518
1,0,0.18568985
0,0,0.31995058
0,0,0.009195366
0,0,0.04237557
0,0,0.35113335
1,1,0.5366183
0,0,0.06367978
0,0,0.20562029
0,0,0.052026816
0,0,0.010213536
1,0,0.07904238
1,0,0.02614211
0,0,0.045578714
1,0,0.2919514
0,0,0.17389394
0,0,0.011915853
0,0,0.04497454
0,0,0.0061602425
0,0,0.17729701
0,0,0.012848142
0,0,0.12256352
0,0,0.0017429539
0,0,0.23769897
0,0,0.24836685
0,0,0.11393132
0,0,0.04319835
0,0,0.0023923249
0,0,0.028326567
0,0,0.04295164
0,0,0.041547894
0,0,0.053862076
0,0,0.014923045
0,0,0.059097372
0,0,0.0027230305
0,0,0.15890564
0,1,0.53966606
0,0,0.10235716
0,0,0.038160507
0,0,0.1395742
0,0,0.0045577274
0,0,0.00013922791
0,0,0.008585437
0,0,0.07207283
0,0,0.0060686683
0,0,0.22555465
0,0,0.033184193
0,0,0.0029587944
0,0,0.048248585
0,0,0.35896853
0,0,0.039296474
0,0,0.002640991
0,0,0.010820653
0,0,0.033996668
0,0,0.005376721
0,0,0.0016778184
0,0,0.0022956969
0,0,0.06702002
0,0,0.016168946
0,0,0.008738352
0,0,0.011755774
0,0,0.3054087
0,0,0.13498849
0,0,0.030508842
0,0,0.0175423
0,0,0.2477587
1,0,0.093683384
0,0,0.064815536
1,0,0.29703617
0,0,0.002761726
1,0,0.08009417
0,0,0.0027295894
0,0,0.004582887
0,0,0.025368357
0,0,0.00043144473
0,0,0.15178128
0,0,0.0013802068
0,0,0.007822829
0,0,0.49291703
1,1,0.61369574
0,0,0.04614853
0,0,0.018299345
0,0,0.10440142
0,0,0.004815471
0,0,0.17872396
0,0,0.004786748
0,0,8.256429e-05
0,0,0.016392687
0,0,0.019774966
0,0,0.097643495
1,1,0.5390671
0,0,0.0076819384
0,0,0.011575501
0,0,0.0063601946
0,0,0.013228685
0,0,0.0034281244
0,0,0.010656733
0,0,0.00055556017
0,0,0.0017021544
0,0,0.24464943
1,0,0.40199763
0,0,0.0048032566
0,0,0.01829322
1,0,0.18035826
0,0,0.004512388
1,0,0.19020237
0,0,0.024777727
0,0,0.06020302
0,0,0.0016359276
0,0,0.110339485
0,0,0.021339158
0,0,0.09607316
1,0,0.14210469
0,0,0.04160444
0,0,0.20330365
0,0,0.001004723
0,0,0.07108269
0,0,0.21205853
0,0,0.0332567
0,0,0.07639513
0,0,0.03692028
0,0,0.31425616
0,0,0.002584239
0,0,0.12722342
0,0,0.13018031
1,0,0.22763894
0,0,0.18066579
0,0,0.06450826
0,0,0.17432109
0,0,0.012496471
0,0,0.0018761122
0,0,0.006743859
0,0,0.097501256
0,0,5.514462e-05
0,0,0.07508312
0,0,0.06350775
0,0,7.79909e-05
0,0,0.060797885
0,0,0.04321354
0,0,0.0049902233
0,0,0.03144621
0,0,0.0043110307
0,0,0.33548865
0,0,0.010121321
0,0,0.035543416
0,0,0.039383244
0,0,0.09563763
0,0,0.066698
0,0,0.49022755
0,0,0.0013642871
0,0,0.021677898
0,0,0.024054706
0,0,0.0016867771
0,0,0.24809958
1,0,0.36783665
0,0,0.0041606375
0,0,0.06885423
0,0,0.015293517
0,0,0.011796421
0,0,0.003229734
0,0,0.011998246
0,0,4.7193716e-05
0,0,0.0058102035
1,0,0.32875264
1,0,0.25334892
0,0,0.0045304936
0,0,0.007906173
0,0,0.2059743
1,0,0.32310632
0,0,0.39656126
0,0,0.0037571054
0,0,0.07968036
0,0,0.012020335
0,0,0.28123543
0,0,0.0049078926
1,0,0.47280595
0,0,0.00011968619
0,0,0.31908265
1,0,0.050284795
0,0,0.014182836
0,0,0.005149285
1,0,0.2693407
0,0,0.010728779
0,0,0.031140829
0,0,0.002291485
0,0,0.013566551
0,0,0.0017218465
0,0,0.036930557
0,0,0.011576424
0,0,0.007295305
0,0,0.0034503774
0,0,0.18436071
0,0,0.004590387
0,0,0.016343331
1,0,0.03247894
0,0,0.014430366
0,0,0.039818898
1,0,0.10123951
0,0,0.010858452
0,0,0.020252377
0,0,0.0023289232
0,0,6.5014654e-05
0,0,0.017469302
0,0,0.053061947
0,0,0.010835225
0,0,0.0037166271
0,0,0.009213822
0,0,0.22687452
0,0,0.0015941012
0,0,0.0010240728
0,0,0.014629976
0,0,0.01816474
0,0,0.0020526943
0,0,0.17093562
0,0,0.0015641646
0,0,0.029512197
0,0,0.0017480745
0,0,0.0012537977
0,0,0.016850783
0,0,0.21454269
0,0,0.31690857
0,0,0.013286434
0,0,0.17298447
0,0,0.122008234
0,0,0.13852678
0,0,0.012285473
0,0,7.4113406e-05
0,0,0.0014710649
0,0,0.11873499
0,0,0.02620352
0,0,0.03457816
0,0,0.21951312
0,0,0.01918624
0,0,0.046592455
0,0,0.007893239
0,0,0.0013440864
0,0,0.022820668
1,0,0.11369296
0,0,0.027425114
0,0,0.12672478
0,0,0.14020187
0,0,0.014493386
0,0,0.0014333697
0,0,0.00034754124
0,0,0.01198632
0,0,0.01201547
0,0,0.034353822
0,0,0.002434991
0,0,0.14200673
0,0,0.004615422
0,0,0.23081034
0,0,0.0025798683
0,0,0.12172559
0,0,0.0015222323
0,0,0.08798556
0,0,0.11716426
0,0,0.007900561
0,0,0.044954453
0,0,0.0011147249
0,0,0.012698761
0,0,0.06687513
0,0,0.0018439314
0,0,0.010050542
0,0,0.013200032
0,0,0.014286386
0,0,0.008944559
0,0,0.015476307
0,0,0.027409678
0,0,0.036046393
0,0,0.4397645
0,0,0.015974795
0,0,0.009856407
0,0,0.0029765393
1,0,0.104931846
0,0,0.002198303
0,0,0.0067226994
0,0,0.009836745
0,0,0.052592788
0,0,0.03703675
0,0,0.10259293
0,0,0.3543863
0,0,0.009524681
0,0,0.022854306
0,0,0.017732462
0,0,0.02301498
0,0,5.0373823e-05
1,0,0.15875828
0,0,0.44710714
0,0,0.08929347
1,0,0.0605148
0,0,0.14208654
0,0,0.035759307
0,0,0.24053401
0,0,0.029337166
1,0,0.17800087
1,0,0.029380014
0,0,0.0028327384
0,0,0.019445948
1,0,0.446353
0,0,0.042777233
0,0,0.16320403
0,0,0.02207523
0,0,0.0640169
0,0,0.018194582
0,0,0.0043701516
0,0,0.15805013
0,0,0.03957349
0,0,0.12955989
0,0,0.073325545
0,0,0.03345093
1,0,0.07779991
1,0,0.10491515
0,0,0.00037746265
0,0,0.0016740949
0,0,0.0018324805
0,0,0.057746153
0,0,0.07804673
0,0,0.0052287946
0,0,0.0057511735
0,0,0.011538016
1,1,0.7055444
0,0,0.016964113
0,0,0.27710015
0,0,0.018249834
0,0,0.14608854
0,0,0.12230271
0,0,0.006485372
0,0,0.10583808
0,0,0.05273366
0,0,0.017530914
0,0,0.042433552
0,0,0.3118253
0,0,0.056954194
0,0,0.27657875
0,0,0.2581084
0,0,0.030080555
0,0,0.12039606
0,0,0.16615967
0,0,0.0019466792
0,0,0.0063411626
0,0,0.012464482
0,0,0.012114342
0,0,0.04427202
1,0,0.043319505
0,0,0.004705971
0,0,0.05500845
0,0,0.0008282725
0,0,0.06656196
1,0,0.3965544
0,0,0.072517745
0,0,0.10750718
0,0,0.36513308
0,0,0.0009425895
0,0,0.019678291
0,0,0.005926963
1,0,0.20567626
0,0,0.01408151
0,0,0.117121145
0,0,0.0027302434
0,0,0.011251142
0,0,0.0043331105
0,0,0.025696924
0,0,0.008518352
0,0,0.012352332
0,0,0.0075582215
0,0,0.00032742912
1,0,0.0059873895
0,0,0.0011414025
0,0,0.0064212293
0,0,0.06938164
0,0,0.12592396
0,0,0.06801868
0,0,0.11795836
0,0,0.0032939638
0,0,0.00023563427
1,0,0.38855827
0,0,6.2461026e-05
0,0,0.07832326
0,0,0.0038216999
0,0,8.0434256e-05
0,0,0.14241272
0,0,0.0013546539
0,0,0.42329517
0,0,0.05234994
0,0,0.0060171816
0,0,0.043254472
0,0,0.31789455
0,0,0.05909789
0,0,0.012294595
0,0,0.03563267
0,0,0.3252774
0,0,0.04494743
0,0,0.0011978626
0,0,0.21280012
1,0,0.26279652
0,0,0.009616198
0,0,0.17844886
0,0,0.015872644
0,0,0.06631403
0,0,0.018062307
0,0,0.000734932
0,0,0.016812347
0,0,0.21222214
0,0,0.11306496
0,0,0.0029775624
0,0,0.0526731
0,0,0.0013038303
0,0,0.06687879
0,0,0.018103022
0,0,0.19662748
0,0,0.051018
0,0,0.040211767
0,0,0.0012645243
0,0,0.10344256
0,0,0.0048141116
1,0,0.4079294
0,0,0.057381578
0,0,0.07073631
0,0,0.2590907
0,0,0.011698846
0,0,0.006524737
0,0,0.11803014
0,0,0.003949115
0,0,0.03504687
0,0,0.06572363
0,0,0.10231327
0,0,0.019791374
0,0,0.02337119
1,0,0.23039053
0,0,0.032048907
0,0,0.0053711846
0,0,0.007926568
0,0,0.03563638
0,0,5.4750166e-05
0,0,0.04757302
0,0,0.094863236
1,0,0.17204203
0,0,0.14703317
0,0,0.03973182
0,0,0.17322664
0,0,0.17461227
0,0,0.03933641
0,0,0.076549284
0,0,0.006564162
0,0,0.0035643596
0,0,0.008845482
0,0,0.116056494
0,0,0.05778432
0,0,0.011058072
0,0,0.17124504
0,0,0.014687263
0,0,0.1961158
0,0,0.06502446
1,1,0.5721916
0,0,0.057112467
1,0,0.3202026
1,1,0.7050647
0,0,0.0072085257
0,0,0.29340082
0,0,0.015193886
0,0,0.2489291
0,0,0.0053228135
0,0,0.004372127
0,0,0.11691244
0,0,0.013701858
0,0,0.003643793
0,0,0.0273564
0,0,0.023220928
0,0,0.2773802
0,0,0.4427089
0,0,0.009663419
0,0,0.09731995
0,0,0.082225464
0,0,0.014408876
1,0,0.11656669
0,0,0.0009401046
0,0,0.2721145
0,0,0.031595517
0,0,0.17322747
0,0,0.0042657484
0,0,0.0017552334
1,0,0.0094530545
0,0,0.08202054
0,0,0.08256608
1,0,0.06502754
0,0,0.0006224924
0,0,0.0736587
0,0,0.0057598394
0,0,0.019716507
0,0,0.019665439
0,0,0.1820565
0,0,0.0006655098
0,0,0.052561697
0,0,0.18359073
0,0,0.0017692087
0,0,0.03907095
0,0,0.017885648
0,0,0.24351838
0,0,0.1300968
0,0,0.0983619
1,0,0.0216675
0,0,0.015255075
0,0,0.30860826
0,0,0.19327179
0,0,0.00041432996
0,0,0.005553334
0,0,0.30745944
0,0,0.007876431
0,0,0.00014761604
0,0,0.0045103985
0,0,0.08893175
0,0,0.0153311035
0,0,0.007972106
0,0,0.24275953
0,0,0.00029581296
0,0,0.018850567
1,0,0.2996027
0,0,0.014232766
0,0,0.0299798
0,0,4.7193716e-05
0,0,0.009097091
0,0,0.0024016725
0,0,0.07571578
0,0,0.0069767563
0,0,5.7209792e-05
0,0,0.00070370006
1,0,0.17350818
0,0,0.076338276
0,0,0.3052162
0,0,0.0015571936
0,0,0.02266281
0,0,0.0022227978
0,0,0.03415769
0,0,0.011758035
0,0,0.111480996
0,0,0.0040224646
0,0,0.09239838
0,0,3.0318537e-05
0,0,0.09750764
0,0,0.007822751
0,0,0.007064541
0,0,0.05077421
0,0,0.01266625
0,0,0.053532813
0,0,0.14920305
0,0,0.12443401
1,0,0.30226755
0,0,0.09997865
0,0,0.02337924
0,0,0.03067098
0,0,0.008794695
0,0,0.07283752
0,0,0.026334113
0,0,0.0108997
0,0,0.0013169107
0,0,0.0009761289
0,0,0.007281439
0,0,0.32169133
0,0,0.16659287
0,0,0.1435852
0,0,0.05200354
0,0,0.3370418
0,0,0.0018634347
0,0,0.08571879
0,0,0.014646103
0,0,0.019722188
0,0,0.03684246
0,0,0.043261513
0,0,0.030244306
0,0,0.03401207
0,0,2.6112033e-05
0,0,0.0064767743
0,0,0.08723391
0,0,0.0037271245
0,0,0.019933796
0,0,0.0038235898
0,0,0.020045713
0,0,0.0058427798
0,0,5.4750166e-05
0,0,0.043267068
0,0,0.016416926
0,0,0.104125306
0,0,0.00319618
0,0,0.18802837
1,0,0.11366197
0,0,0.008877617
0,0,0.023687514
0,0,0.00053931715
0,0,0.046122245
0,0,0.3860922
0,0,0.055474635
1,0,0.41073835
1,0,0.25823388
0,0,0.3109728
0,0,0.014231628
0,0,0.02278717
0,0,0.001986075
0,0,0.020340513
0,0,0.00545495
0,0,0.022334851
0,0,0.024043972
0,0,0.110919274
0,0,0.01707744
0,0,0.0055374037
0,0,0.38049978
0,0,0.00046289098
0,0,0.06139589
0,0,0.076087415
0,0,0.022130031
0,1,0.69659007
0,0,0.01614213
0,0,0.032732368
0,0,0.033420324
0,0,0.10408548
1,0,0.26235944
0,0,0.17654468
0,1,0.74677306
0,0,0.0035003931
0,0,0.22085185
0,0,0.011175465
0,0,0.09961419
0,0,0.0759149
0,0,0.46460208
1,0,0.13294324
0,0,0.15030189
0,0,0.023958495
0,0,0.2546472
0,0,0.0012053957
0,0,0.061736345
1,0,0.35171258
0,0,0.015222352
0,0,0.014944082
0,0,0.05348357
0,0,0.012786745
0,0,0.024102636
0,0,0.10208029
0,0,0.002572906
0,0,0.00062442
1,0,0.39683193
0,0,0.010995547
0,0,6.2461026e-05
0,0,0.0047815717
0,0,0.010677924
0,0,0.029417692
1,0,0.18768112
1,0,0.0994991
0,0,0.18091324
0,0,0.042894285
0,0,7.198145e-05
0,0,0.0052978
0,0,0.0033978522
1,0,0.16257489
0,0,0.0140440175
0,0,0.014549212
0,0,0.08168877
0,0,0.13586356
0,0,0.06007048
0,0,0.0034452064
0,0,0.00249195
0,0,0.28349146
0,0,0.051611353
0,0,0.0032512532
0,0,0.18275851
0,0,0.25449237
0,0,0.20587963
0,0,0.020589156
0,0,0.23899566
0,0,0.0029179107
0,0,0.008515316
0,0,0.17270504
0,0,0.007327494
0,0,0.010439203
0,0,0.010866515
0,0,0.012720708
0,0,0.00889323
0,0,0.048805155
0,0,0.0084992675
0,0,0.09061252
0,0,0.020252036
1,0,0.15101533
0,0,0.34879547
0,0,0.057649206
0,0,0.23548763
0,0,0.0115151
0,0,0.10747388
0,0,0.009028463
0,0,0.18780027
0,0,0.025855348
0,0,0.004430796
0,0,0.029648526
0,0,0.00044247272
0,0,0.00046780496
0,0,0.14144376
0,0,0.000120279416
0,0,0.06644281
0,0,0.00040638266
0,0,0.005380402
1,0,0.28031242
0,0,0.0017676499
1,0,0.04516724
0,0,0.00016842231
0,0,0.0023907402
0,0,0.03508573
0,0,0.47765416
0,0,0.03644252
0,0,0.0007831995
0,0,0.0041843355
0,0,0.060003635
0,0,0.09404958
0,0,0.00046376922
0,0,0.10631457
0,0,0.08313935
0,0,0.2953005
0,0,0.0036738198
0,0,0.0202629
0,0,0.05144556
0,0,0.094107896
0,0,0.025547141
0,0,0.037904408
0,0,0.008321833
0,0,0.03027047
0,0,0.029254338
0,0,0.19509615
0,0,0.026444042
0,0,0.11977231
0,0,0.07404459
0,0,0.006377092
0,0,0.005392741
0,0,0.24907489
0,0,0.007528256
0,0,0.3246986
0,0,0.01397861
0,0,0.01226745
0,0,0.00093641167
0,0,0.42314896
0,0,0.09722092
0,0,0.035818584
0,0,0.10148652
0,0,0.45112744
0,0,0.20583557
0,0,0.0129470695
0,0,4.829173e-05
0,0,0.007694682
0,0,0.06981384
0,0,0.013988353
0,0,0.2505151
0,0,0.04168874
0,0,0.00976323
0,0,4.1825737e-05
0,0,0.01217914
1,0,0.406473
1,0,0.07488898
1,1,0.62785494
0,0,0.0021345466
0,0,0.033521652
1,0,0.20318645
0,0,0.0026136343
0,0,0.0015768628
0,0,0.0055512832
0,0,0.00093037414
0,0,0.005066679
1,0,0.022264859
0,0,0.12069203
0,0,0.009312366
0,0,0.043070197
0,0,0.032956984
0,0,0.0020082996
1,0,0.12517676
0,0,0.006019275
0,0,0.05182155
0,0,0.043854374
0,0,5.615743e-05
0,0,0.009512767
0,0,0.00032742912
0,0,0.1989025
0,0,0.017602468
0,0,0.0069012656
0,0,0.018512169
0,0,0.06481431
0,0,0.0028660942
0,0,0.044487737
0,0,0.09583445
0,0,0.1628073
0,0,0.004056281
0,0,0.24396257
0,0,0.07997243
0,0,0.0013535911
0,0,0.004456877
0,0,0.13636169
0,0,0.181695
0,0,0.049839266
0,0,0.12334354
0,0,0.030143222
0,0,0.024046266
0,0,0.013719622
0,0,0.059221394
0,0,0.09257133
0,0,0.0039988267
0,0,0.010730834
0,0,0.027231675
0,0,0.006185529
0,0,0.36149198
0,0,0.061920743
0,0,0.16102521
0,0,0.0014224538
0,0,0.0017287584
0,0,0.13891907
0,0,0.2935405
0,0,0.2697031
0,0,0.17571805
0,0,0.1033087
0,0,0.05160045
0,0,0.114052065
0,0,0.081620984
0,0,0.023283333
0,0,0.02685772
0,0,0.00068443187
0,0,0.3799744
0,0,0.09079175
1,0,0.21777709
0,0,0.01909242
0,0,0.34703818
0,0,0.003842166
0,0,0.1728769
0,0,0.07817195
0,0,0.24935086
0,0,0.1746608
0,0,0.055276215
0,0,0.01037235
0,0,0.014961647
0,0,0.0069331536
0,0,0.03725138
0,0,0.06518151
0,0,0.026012346
0,0,5.7209792e-05
0,0,0.0046547037
0,0,0.31481284
0,0,0.20407207
0,0,0.12976423
0,0,0.010260061
1,0,0.020716073
0,0,0.032294992
0,0,0.06619877
0,0,0.003516402
0,0,0.4589867
1,0,0.1820177
0,0,0.012269565
0,0,0.024536544
0,0,0.2692865
0,0,0.0007061111
0,0,4.0785297e-05
0,0,0.12418572
1,0,0.18802403
0,0,0.0007043455
0,0,0.0020216587
0,0,0.056657054
0,0,0.022196308
0,0,0.022723587
0,0,0.3961433
0,0,0.07320753
0,0,0.022141162
0,0,0.23124555
0,0,0.0648507
0,0,0.04832354
0,0,0.011578841
0,0,0.016271645
0,0,0.009584987
0,0,0.018741861
0,0,0.0049061365
1,0,0.0043247556
0,0,0.2868659
0,0,0.23617215
0,0,0.0022818008
0,0,0.04043421
0,0,0.044534087
0,0,0.029863587
0,0,0.0932076
0,0,0.080143586
1,0,0.24041168
0,0,0.086031884
0,0,0.01658536
0,0,0.081526056
0,0,0.015324303
0,0,0.024971047
0,0,0.036767382
0,0,0.004510345
0,0,0.13992855
0,0,0.00012362988
0,0,0.05783668
0,0,0.092387386
0,0,0.091440715
0,0,0.015694851
0,0,0.0047174804
0,0,0.00021375503
0,0,0.04249665
0,0,0.012152659
0,0,0.0015900385
0,0,0.0076104673
0,0,0.064956844
1,0,0.18835881
0,0,0.017614577
0,0,0.019718552
0,0,0.1327083
0,0,0.19112518
0,0,0.003299849
0,0,0.11986458
0,0,0.010625313
0,0,0.03525558
0,0,0.023912335
0,0,0.01862031
0,0,0.020669922
0,0,0.013547345
0,0,0.07172675
0,0,0.017020233
0,0,0.152121
0,0,0.022619369
1,0,0.4864177
0,0,0.02305303
0,0,0.01748178
1,0,0.30029264
0,0,0.18001318
0,0,0.24859814
0,0,0.016298067
0,0,0.18871608
0,0,0.15770642
0,0,0.0013293701
0,0,0.07698782
0,0,0.015254523
0,0,0.07100776
1,0,0.12716539
0,0,0.06791646
0,0,0.00524166
0,0,0.020780064
0,0,0.007589877
0,0,0.30806148
0,0,0.25214416
0,0,0.1085422
0,0,0.26112232
0,0,0.008941098
0,0,0.0012587826
1,0,0.21691631
0,0,0.025312647
0,0,0.2778942
0,0,0.07367119
0,0,0.25282738
0,0,0.13590685
0,0,0.017049087
0,0,0.0012833971
0,0,0.034384012
0,0,0.020465156
0,0,0.022590233
0,0,0.0005057438
0,0,0.0011197387
0,0,0.045086723
0,0,0.011693781
1,0,0.02215124
0,0,0.02458525
0,0,0.00072890223
0,0,8.094031e-05
0,0,0.08116137
0,0,0.00013060904
0,0,0.014252856
0,0,0.00732325
0,0,0.0024556196
0,0,7.198145e-05
0,0,0.033614427
0,0,0.02881314
0,0,0.010114654
0,0,0.00015299954
0,0,0.0068528294
0,0,0.015920125
0,0,0.054111093
0,0,0.18623878
0,0,8.571793e-05
0,0,0.36914685
0,0,0.11836997
0,0,0.32721514
0,0,0.011152471
0,0,0.00019343529
0,0,0.02940993
0,0,0.019431006
1,0,0.25810748
0,0,0.014128032
0,0,0.017426196
0,0,0.034206852
0,0,0.0013664567
0,0,0.00047095524
1,0,0.027821494
0,0,0.053817015
1,0,0.48849773
0,0,0.07168916
1,0,0.4073685
0,0,0.078881785
0,0,0.002897198
0,0,0.0017569864
0,0,0.01397169
0,0,0.00018113584
1,0,0.47399265
0,0,0.018933473
0,0,0.0055911336
0,0,0.110341474
0,0,0.034276463
0,0,0.110224836
0,0,0.19887613
0,0,0.01360463
0,0,0.019386103
0,0,0.026226016
0,0,0.06971924
0,0,0.0007326978
0,0,0.23208226
0,1,0.5372813
0,0,0.33422673
0,0,0.0001782052
0,0,0.09731987
0,0,0.062100537
0,0,0.20831022
0,0,0.039078783
0,0,0.014185436
0,0,0.052411016
0,0,0.0055462127
0,0,0.015180891
0,0,0.055278298
0,0,0.115245536
0,0,0.03894422
1,0,0.45291167
0,0,0.0024209667
0,0,0.0024724856
1,0,0.13236402
0,0,0.013006973
0,0,0.45614794
0,0,0.047546286
0,0,0.015918398
0,0,0.11319722
0,0,0.31318507
0,0,0.0006257539
0,0,0.05706469
0,0,0.053310953
0,0,0.013113696
1,1,0.75074786
0,0,0.15548308
0,0,0.004470748
0,0,0.46073562
0,0,0.008069023
0,0,0.00024271278
0,0,0.013905753
0,0,0.0010061791
0,0,0.005172889
0,0,0.009391539
0,0,0.037305284
0,0,0.006100389
0,0,0.040702343
0,0,0.036082458
0,0,4.6683836e-05
1,0,0.09636806
0,0,0.27975932
1,0,0.35809675
0,0,0.05218623
0,0,0.0002898172
0,0,0.2559801
0,0,0.09945213
0,0,0.078021854
0,0,0.0025835887
0,0,0.13330886
0,0,0.014446419
0,0,0.0048339106
0,0,0.0807223
0,0,0.3010216
0,0,0.000712721
0,0,0.31357622
1,0,0.021132821
1,0,0.022583826
0,0,0.002224354
0,0,0.22473375
0,0,0.28555763
0,0,0.26258802
0,0,0.1467922
0,0,0.096301325
1,0,0.06238723
0,0,0.036328405
0,0,0.034022734
0,0,0.01180399
0,0,0.032314513
0,0,0.0074166353
0,0,0.14051948
0,0,0.0024254809
0,0,0.030201709
0,0,0.008246297
0,0,0.014076208
0,0,0.3357798
0,0,5.1136765e-05
0,1,0.5724883
1,0,0.077396624
0,0,0.08653477
0,0,0.3786295
0,0,0.008145142
0,0,8.56502e-05
1,1,0.715212
0,0,0.0020245623
0,0,0.08048428
0,0,0.047868162
0,0,0.010875929
0,0,0.007577851
0,0,0.14166012
0,1,0.59224623
0,0,0.09666515
1,0,0.011190123
0,0,0.021660967
0,0,0.3054882
0,0,0.2927388
0,0,0.017999383
0,0,0.04644438
0,0,0.008393207
0,0,0.0039503663
1,0,0.032588728
0,0,0.11051228
1,0,0.0048552747
0,0,0.08220251
0,0,0.06476637
0,0,0.013162879
0,0,0.04582689
0,0,0.00034856153
0,1,0.5583535
0,0,0.097467005
0,0,0.44657815
0,0,0.12899648
0,0,0.0019242523
1,0,0.17737183
0,0,0.11228117
0,0,0.0063901762
0,0,0.097739406
0,0,0.03271212
0,0,0.04698491
0,0,0.007383621
0,0,0.06917729
0,0,0.06624057
1,0,0.3634546
0,0,0.2945798
0,0,0.00021913512
0,0,0.0027418204
0,0,0.010444988
0,0,0.13465193
1,0,0.3044481
0,0,0.038376786
0,0,0.00015042535
0,0,0.17232513
0,0,0.003988874
0,0,0.1544312
0,0,0.0063280226
0,0,0.030414227
0,0,0.04087583
0,0,0.0015300732
0,0,0.026989734
0,0,0.12822838
0,0,0.012682397
0,0,0.15127628
1,0,0.37313932
0,0,0.0504772
0,0,0.006363055
0,0,0.0010362476
1,0,0.09454303
1,0,0.13597819
0,0,0.09185629
0,0,0.0011262798
0,0,0.07951416
0,0,0.049330894
0,0,0.002116073
0,0,6.010769e-05
0,0,0.14512655
1,0,0.26051936
0,0,0.24431835
0,0,0.01726948
1,0,0.21953477
0,0,0.01372505
0,0,0.0150250755
0,0,0.010303208
0,0,0.039731257
0,0,0.18476914
0,0,0.007305319
0,0,0.2667274
1,0,0.1739023
0,0,0.056150947
0,0,0.04447106
0,0,0.029340154
0,0,0.0030037388
0,0,0.005800332
0,0,0.007865372
0,0,0.006001288
0,0,0.0010942443
0,0,0.29858005
0,0,0.0003482085
0,0,0.07738631
0,0,0.010694605
0,0,0.016557377
0,0,0.08495624
0,0,0.020701854
0,0,0.046091534
0,0,0.01624469
0,0,0.00090744894
0,0,0.0013093638
0,0,0.00022739888
0,0,0.0027110348
0,0,0.0017115386
0,0,0.01759185
0,1,0.65214926
0,0,0.031201672
0,0,0.007901118
0,0,0.061862614
0,0,0.008933314
0,0,0.020371398
1,0,0.40017036
0,0,0.01968046
0,0,0.010287641
0,0,0.16157264
0,0,0.0900134
0,0,0.0059209345
1,1,0.5792348
0,0,0.012883811
1,0,0.3858119
0,0,0.047631603
1,0,0.46835437
0,0,0.3520335
0,0,0.059033465
0,0,0.14437288
0,0,0.11907604
0,0,0.024481224
0,0,0.021734713
0,0,0.04458684
0,0,0.089907765
0,0,0.011535857
0,0,0.19104692
0,0,0.0004012888
0,0,0.13877022
0,0,0.31319368
0,0,0.033348426
1,1,0.5260773
0,0,0.0025239391
0,0,0.088591635
1,0,0.39295805
0,0,0.07248945
0,0,0.006489899
0,0,0.06277289
0,0,0.011847827
0,0,0.0074910074
0,0,0.0019564377
0,0,0.046429165
0,0,0.13499728
0,0,0.0061764074
0,0,0.18191591
0,0,0.0023324194
0,0,0.16901478
0,0,0.069098264
0,0,0.07912466
0,0,0.17175923
0,0,0.051854927
0,0,0.040138416
0,0,0.00035904624
0,0,0.005278419
0,0,0.027678782
0,0,0.08831457
0,0,0.00019376868
0,0,0.062949456
0,0,0.021576447
0,0,0.013730893
0,0,0.012708653
1,0,0.0038648117
0,0,0.10620398
0,0,0.072107114
0,0,0.0038637267
0,0,0.003681885
0,0,0.16003363
0,0,0.063424625
0,0,0.4873846
0,0,0.0027215262
0,0,0.04753141
0,0,0.08339336
0,0,0.02768956
0,0,0.04807538
1,0,0.26400027
0,0,0.048454806
0,0,0.15697412
0,0,0.081635505
0,0,0.116789415
0,0,0.16196412
0,0,0.28248563
1,0,0.31774318
0,0,0.014840019
0,0,0.00011968619
0,0,0.10250993
0,0,1.9595876e-05
0,0,0.09851365
0,0,0.1192349
0,0,0.06264887
0,0,0.035461027
0,0,0.09217666
1,0,0.026098974
0,0,0.033976138
0,0,0.09190822
1,0,0.0081604505
0,0,0.35292143
0,0,0.002365324
0,0,0.15423211
0,0,0.0048131407
0,0,0.20149207
0,0,0.012140512
0,0,0.044756677
0,0,0.005544422
0,0,0.08464716
0,0,0.0055771344
0,0,0.3944001
0,0,0.49893168
0,0,0.4660804
0,0,0.29649273
0,0,0.041012444
0,0,0.00048068792
0,0,0.020967437
1,0,0.14458452
0,0,0.012838245
0,0,0.002528492
0,0,0.015684534
0,0,0.037310082
0,0,0.012014418
0,0,0.0019780067
0,0,0.014858281
1,0,0.03715042
0,0,0.07326559
0,0,0.059599206
0,0,0.01119274
0,0,0.0011300832
0,0,0.0232021
0,0,0.026933672
1,0,0.28341103
0,0,0.010586779
0,0,0.40340915
0,0,0.07418461
0,0,0.009906535
1,0,0.09793566
0,0,0.0049107806
0,0,0.22982161
0,0,0.0003319017
0,0,0.06908615
0,0,0.08809875
0,0,0.13098243
0,0,0.03768459
0,0,0.16334568
0,0,0.15987818
0,0,0.0015538825
0,0,5.514462e-05
0,0,0.0004006262
0,0,0.06297664
0,0,0.00041151725
0,0,0.109302916
0,0,0.0032155
0,0,0.18131351
0,0,0.022171546
1,0,0.06777766
0,0,0.007821578
0,0,0.27460113
0,0,0.0067908033
0,0,0.03963855
0,0,0.0069724335
0,0,0.07726176
0,0,0.19837677
0,0,0.015357379
0,0,4.7193716e-05
0,0,0.0027441657
0,0,0.3920998
0,0,0.18074381
0,0,0.004283662
0,0,0.002296205
0,0,0.003130327
0,0,0.032307975
1,0,0.13401005
0,0,0.002428875
0,0,0.03134381
0,0,0.008729657
1,0,0.24090342
0,0,0.08481634
1,0,0.22554052
0,0,0.2817398
0,0,0.20654064
0,0,0.14377832
0,0,0.015563097
0,0,0.016914446
0,0,0.0063911667
0,0,0.0076939506
0,0,0.04338808
0,0,0.08893326
0,0,0.000108909895
0,0,0.10209374
1,0,0.15814447
0,0,0.0012063616
0,0,0.12863807
0,0,0.008598301
0,0,0.43019217
1,0,0.084641
0,0,0.0013512734
0,0,0.016535247
0,0,0.041290578
0,0,0.1088738
0,0,0.3654088
0,0,0.05594248
0,0,0.020864392
0,0,0.14219314
0,0,0.00585803
0,0,0.13906914
0,0,0.03730085
0,0,0.010607767
0,0,0.05352234
0,0,0.0041575585
0,0,0.002528428
0,0,0.011365373
0,0,0.037732948
0,0,0.000328294
0,0,0.038937874
0,0,0.00498336
0,0,0.0035367748
0,0,0.21148871
0,0,0.13417773
1,0,0.032713078
0,0,0.09743511
0,0,0.010992095
0,0,0.0017955824
0,0,0.00286224
0,0,0.39815772
0,0,0.06285371
0,0,0.1945512
0,0,0.04283398
1,0,0.06626024
0,0,0.009833667
0,0,0.0061895517
0,0,0.033222027
0,0,0.00032742912
0,0,0.08298943
1,0,0.20782962
0,0,0.116478235
0,0,0.041755598
0,0,0.011207331
1,0,0.31918216
0,0,0.09737196
0,0,0.09042261
0,0,0.01628098
0,0,0.09873853
0,0,0.3842455
0,0,0.05706332
0,0,0.05388352
1,1,0.85610604
0,0,0.001672774
0,0,0.013027073
1,0,0.118292786
1,0,0.20665151
0,0,0.16817014
0,0,0.051218238
0,0,0.015026297
0,0,0.006781316
0,0,0.23250476
0,0,0.0134497
0,0,0.008032215
0,0,0.027451567
0,0,0.077998556
0,0,0.0052044257
0,0,0.15139759
0,0,0.003761059
0,0,0.058108274
0,0,0.10115515
0,0,0.008425975
0,0,0.0003319017
0,0,0.03078299
1,0,0.31529912
0,0,0.0039650677
0,0,0.004410264
0,0,0.024585845
0,0,4.0785297e-05
1,0,0.22302791
0,0,0.19771391
0,0,0.0036914777
0,0,0.040616136
0,0,0.021887034
0,0,0.0026143133
0,0,4.1993313e-05
0,0,5.7584894e-05
0,0,0.010127797
0,0,0.35282156
0,0,0.15636654
0,0,0.04652744
0,0,0.016356768
0,0,0.017963147
0,0,0.0015596086
0,0,0.00032621768
0,0,0.00070601964
0,0,0.09081773
1,0,0.34360087
0,0,0.020519286
0,0,0.031200176
0,0,0.023225805
0,0,0.08438833
0,0,0.00021509785
0,0,0.41379085
0,0,0.0645928
0,0,0.0005317577
0,0,0.016316095
0,0,0.03652505
0,0,8.571793e-05
0,0,0.36367488
0,0,0.007865331
0,0,0.10440801
0,0,0.1485508
0,0,0.30147564
0,0,0.0694249
0,0,0.011427456
0,0,0.0060615484
0,0,0.23425364
0,0,0.04952333
0,0,9.183105e-05
0,0,0.09612761
0,0,0.038575195
0,0,0.0069984384
0,0,0.002526948
0,0,0.0057725925
1,0,0.021992153
0,0,0.07579414
0,0,0.0012962575
0,0,0.0270936
0,0,0.011070771
0,0,0.018927287
0,0,0.47057167
0,0,0.0011660891
0,0,0.09189055
0,0,0.009678535
0,0,0.013792802
0,0,0.11451234
0,0,0.015527189
0,0,0.017658487
0,0,0.0008895527
0,0,0.15834494
0,0,0.0014989938
0,0,0.0066182762
0,0,0.046080086
0,0,9.319196e-05
0,0,0.06268079
0,0,0.028852029
0,0,0.07090712
0,0,0.011591427
0,0,0.084596865
0,0,0.011045996
0,0,0.16887191
0,0,0.017406523
0,0,0.014652017
0,0,0.08544232
1,0,0.041580368
0,0,0.15468274
0,0,0.018451527
1,0,0.10245883
0,0,0.0031714917
1,0,0.08866426
0,0,0.0103687635
1,1,0.7818455
0,0,0.0014512643
0,0,0.026991049
0,0,0.0040854556
0,0,0.481263
0,0,0.063880764
0,0,0.002181096
0,0,0.003698573
0,0,0.11271922
0,0,0.08383018
0,0,0.2809789
1,0,0.021066302
0,0,0.21238087
0,0,0.0010004272
0,0,0.019284165
0,0,0.0026612289
0,0,0.0051214425
1,0,0.21286047
0,0,0.0051728054
0,0,0.004748248
0,0,0.0026584854
0,0,0.05879951
0,0,0.0011714263
0,0,0.051110677
0,0,0.0052020117
0,0,0.10824621
0,0,0.010122387
0,0,0.0008988862
0,0,0.12062914
0,0,9.7982826e-05
0,0,0.11111396
0,0,0.013722493
1,0,0.35916588
0,0,0.015377199
0,0,0.19250447
0,0,0.009594692
0,0,0.13761708
1,0,0.08909107
0,0,0.22663629
0,0,0.24927995
0,0,0.18410455
0,0,0.014858315
1,0,0.06472937
0,0,0.0041213334
0,0,0.037072923
0,0,0.079385005
0,0,0.0027445676
0,0,0.3662105
1,0,0.10931395
0,0,0.001814215
0,0,0.2491406
0,0,0.0029146841
0,0,0.021416664
0,0,0.42556027
0,0,0.001463627
0,0,0.00062756176
0,0,0.0067026154
0,0,0.0010854205
0,0,0.17199452
0,0,0.4538035
1,0,0.2773802
0,0,0.02539415
0,0,0.05936189
0,0,0.00059917854
0,0,0.06407318
0,0,0.0783344
0,0,0.090420134
0,0,0.01897189
0,0,0.33213454
0,0,0.026746303
1,0,0.15606865
0,0,0.11253363
0,0,0.0036686833
1,0,0.06770511
0,0,0.021884456
0,0,0.008065203
0,0,0.021974823
0,0,0.041255727
0,0,0.00025218265
0,0,0.004237827
0,0,0.11325295
0,0,0.05637069
0,1,0.73075336
0,0,0.026251711
0,0,0.037854668
0,0,0.11739464
0,0,0.09216266
0,0,0.011925901
0,0,0.0046748505
0,0,0.08584301
1,0,0.25384519
0,0,0.04709312
0,0,0.033242658
0,0,0.021576261
0,0,0.093851276
0,0,0.051670775
0,0,0.0019541346
0,0,0.004760854
0,0,0.095433325
0,0,0.023688948
0,0,0.019559817
0,0,0.19851513
0,0,0.0001704271
0,0,0.101639114
0,0,0.15323956
0,0,6.010769e-05
0,0,0.43020478
0,0,0.023207638
0,0,0.24245591
0,0,0.004901164
1,0,0.030157262
0,0,0.038237166
0,0,0.00036517408
0,0,0.043059047
0,0,0.011927997
0,0,0.020613376
1,0,0.22602625
0,0,0.005421073
0,0,0.035934154
0,0,0.0016030717
0,0,0.033039134
0,0,0.09589572
0,0,0.008047506
0,0,0.004266968
0,0,0.0651038
0,0,0.00090744894
0,0,0.016257651
0,0,0.034169585
0,0,0.22676657
0,0,0.19032152
0,0,0.0005487566
0,0,0.12427411
0,0,0.25352377
0,0,0.009065016
0,0,0.036232825
0,0,0.06303616
0,0,0.34260225
0,0,0.31278047
0,0,0.025999
0,0,0.015976347
0,0,0.44248202
0,0,0.059244353
0,0,0.007966856
0,0,0.0040713246
0,0,6.968811e-05
0,0,0.25886938
0,0,0.029296756
0,0,0.07854033
0,0,0.10376885
0,0,0.0037168514
0,1,0.5109927
0,0,0.032568734
0,0,5.7245208e-05
0,0,0.010567367
0,0,0.05256325
0,0,0.027300859
0,0,0.015172752
0,0,0.0039811125
0,0,0.010627188
0,0,0.013125675
1,0,0.048024364
0,0,0.33455718
0,0,0.0035855612
0,0,0.0017350205
0,0,0.2632213
0,0,0.067609034
0,0,0.0053946134
0,0,0.020519296
0,0,0.09520979
0,0,0.016512364
0,0,0.08033534
0,0,0.19077154
0,0,0.11167857
0,0,8.742635e-05
0,0,0.46195024
0,0,0.005119288
0,0,0.009202146
0,0,0.012354898
0,0,0.05426527
1,1,0.7810555
1,0,0.36107665
0,0,0.01785413
0,0,0.00364912
0,0,0.052203022
1,0,0.10455969
0,0,0.07879672
1,0,0.37055674
0,0,0.000289828
0,0,0.00041432996
0,0,0.2145792
0,0,0.052980926
0,0,0.020389125
0,0,0.00026340125
1,0,0.37515992
0,0,5.4949236e-05
1,0,0.16945054
0,0,0.17861608
0,0,0.00027643397
0,0,0.45984125
0,0,0.10280049
0,0,0.0053173704
0,0,0.009975223
0,0,0.06507351
0,0,0.21261409
0,0,0.0027034418
0,0,0.03966356
0,0,0.0053840363
0,0,4.687432e-05
0,0,0.1141363
0,0,0.2168296
1,0,0.20888509
0,0,0.003929335
0,0,0.025355687
0,0,0.42916444
0,0,0.010793632
0,0,0.0131251
0,1,0.5166274
0,0,0.058402494
0,0,0.3312688
0,0,0.0015533114
1,0,0.40746844
0,0,5.514462e-05
0,0,0.1540734
0,0,0.09062294
0,0,0.014959244
1,0,0.10984727
0,0,0.0019564377
0,0,0.19751973
0,0,0.01472119
0,0,0.0010750137
1,0,0.22827972
0,0,0.14547078
0,0,0.029041303
0,0,0.00036116285
1,0,0.13394843
0,0,0.11805625
0,0,0.120430715
0,0,0.004819932
0,0,0.043550875
0,0,0.0020831493
0,0,0.019377388
0,0,0.25474858
0,0,0.00011858832
0,0,0.0954872
0,0,0.0052930755
0,0,0.11208417
0,0,0.21837558
0,0,0.005033116
0,0,0.012536529
0,0,0.06544221
0,0,0.14089154
0,0,0.009259904
0,0,0.1994204
0,0,0.037973266
0,0,6.2461026e-05
0,0,0.0439261
0,0,0.018078227
0,0,0.029217523
0,0,0.43048093
0,0,0.004127352
0,0,0.005578401
0,0,0.042960346
0,0,0.08535679
0,0,0.011298845
0,0,0.001258097
0,0,0.021165382
0,0,0.27272993
0,0,0.342868
0,0,0.001952049
0,0,0.012331988
0,0,0.297044
0,0,0.0025940065
1,0,0.06512453
0,0,0.2808554
0,0,0.0017744654
1,0,0.07129134
1,1,0.5379213
0,0,0.04165845
0,0,0.0065404023
0,0,0.0075751795
0,0,0.0057766247
0,0,0.034985773
0,0,0.006751462
0,0,0.011323103
0,0,0.026167762
0,0,0.008414927
0,0,0.009050414
0,0,0.0022924
0,0,0.0531786
0,0,0.10146991
0,0,0.016637033
0,0,0.030330617
0,0,0.04561153
0,0,0.008922357
0,0,0.011204726
0,0,0.23023047
0,0,0.0027747129
0,0,0.29741353
0,0,0.026075019
0,0,0.12476756
0,0,0.31753537
0,0,0.120586686
0,0,0.07942854
0,0,0.045557916
0,0,0.089296825
1,0,0.2772326
0,0,0.090215124
0,0,0.012289327
0,0,4.6799414e-05
0,1,0.5741178
0,0,0.001805646
0,0,0.015595225
0,0,0.16661422
0,0,0.1539487
0,0,0.2562162
0,0,9.319196e-05
0,0,6.241387e-05
0,0,0.15963444
0,0,0.16866468
1,0,0.17057744
0,0,0.2208289
0,0,0.09228479
0,0,3.8937087e-05
0,0,0.03919948
0,0,0.13404429
1,0,0.42000145
0,0,0.24999827
0,0,0.000120279416
0,0,8.56502e-05
0,0,0.009119319
0,0,0.22687452
0,0,0.050748806
0,0,0.28234112
0,0,0.25211072
0,0,0.014013538
0,0,0.009342429
0,0,0.010493789
0,0,0.0042580226
0,0,0.014568519
0,0,0.034035
0,0,0.0013739929
0,0,0.038143054
0,0,0.28268498
0,0,0.019386696
0,0,0.014470642
0,0,0.0058357017
0,0,0.20511022
1,0,0.019727457
0,0,0.002115357
0,0,0.09196128
0,0,0.103064045
0,0,0.0020493865
0,0,0.13262531
0,0,0.21088134
0,0,0.008027251
0,0,0.08339361
0,0,0.002869762
0,0,0.0064016706
0,0,0.017005974
0,0,0.17357454
0,0,0.008106124
0,0,0.13077207
1,0,0.093596615
0,0,0.08472243
1,1,0.6584896
0,0,0.005722623
0,0,0.018435286
0,0,0.011074776
0,0,0.02845089
0,0,0.0012162095
1,0,0.15847525
0,0,0.40904787
0,0,0.008807895
0,0,0.049089115
0,0,0.00024878525
0,0,0.0068574874
0,0,0.00026540383
0,1,0.52382845
0,0,0.035128996
0,0,0.015488335
1,0,0.14015366
0,0,0.094683096
0,0,0.0067355945
0,0,0.1451775
0,0,0.0026587206
0,0,0.0099107865
0,0,0.00032345252
0,0,0.009482457
1,0,0.02123675
0,0,0.0006691875
1,0,0.08449764
0,0,0.3022583
1,0,0.41648582
0,0,0.0023875034
0,0,0.0376042
0,0,0.07214811
1,0,0.21798244
0,0,0.029599179
0,0,0.23177181
0,0,0.0007797539
0,0,0.004600405
0,0,0.15854737
0,0,0.037656143
0,0,0.295973
0,0,0.0008740041
0,0,0.030950164
0,0,0.0117218755
0,0,0.15442647
1,0,0.11754525
0,0,0.00014360355
1,0,0.041442662
0,0,0.1558397
0,0,0.004755069
0,0,0.12506197
0,0,0.0017705482
0,1,0.66194516
0,0,0.06602603
0,0,0.112734176
0,0,0.07753265
0,0,0.04796557
0,0,0.0035424666
0,0,0.043786082
0,0,0.017357925
0,0,0.0039977236
0,0,0.27027813
1,0,0.14545327
0,0,0.048309285
0,0,0.009017262
0,0,0.063395
0,0,0.114988096
1,0,0.13572846
0,0,0.0959724
1,0,0.27482304
0,0,0.0041621593
0,0,0.0053620012
0,0,0.243056
0,0,3.5183737e-05
0,0,0.112888776
1,0,0.4605019
0,0,0.007919735
1,0,0.29493305
0,0,0.13874558
0,0,0.038312223
0,0,0.067589894
1,0,0.07824402
0,0,0.0017079081
0,0,0.26049784
0,0,3.1819054e-05
0,0,0.018211378
0,0,0.07764939
0,0,0.10256379
0,0,0.27371103
0,0,0.262447
0,0,0.00412688
0,0,0.025726229
1,0,0.018247409
0,0,0.17247966
0,0,0.0004939017
0,0,0.010854632
0,0,0.0013927162
0,0,0.028830284
0,0,0.04928034
1,0,0.26150337
0,0,0.00017172523
0,0,0.020027064
0,0,0.013743374
0,0,0.0031258499
1,0,0.1767511
0,0,0.3435938
0,0,0.20564263
0,0,0.23779398
0,0,0.1646406
0,0,0.008966164
1,0,0.18209788
0,0,0.046205584
0,0,0.00032878452
0,0,0.08505855
0,0,0.007493379
0,0,0.20244758
0,0,0.09220029
0,0,0.0030555197
0,0,0.002504473
0,0,0.12035552
0,0,0.04844606
0,0,0.0019481203
0,0,0.13911067
0,0,0.088372424
0,0,0.20750822
0,0,0.0007451248
0,0,0.034671977
0,0,0.012719732
0,0,0.013898581
0,0,0.011996817
0,0,0.01111253
0,0,0.003974559
0,0,0.034996413
0,0,0.03947442
1,0,0.39584324
0,0,0.1224455
0,0,0.00021703001
0,0,0.0019987852
0,0,0.018894766
0,0,0.24739388
0,0,0.088431776
0,0,0.3289989
0,0,0.00830745
0,0,0.015581153
0,0,0.004920465
0,0,0.15430978
0,0,0.01299295
1,0,0.11044499
1,0,0.0020734228
0,0,0.24107473
0,0,0.0040140585
0,0,0.042636942
0,0,0.13466924
0,0,0.015105531
0,0,0.017688056
1,1,0.666299
0,0,0.0020285954
0,0,0.065727204
0,0,0.074319415
0,0,0.0018264733
0,0,0.08258983
1,0,0.10395048
0,0,0.0009755099
0,0,0.027084
0,0,0.003470486
0,0,0.050072227
0,0,0.1875604
0,0,0.011951455
0,0,0.005239331
0,0,0.016210824
0,0,0.0035080293
0,0,0.0010237088
0,0,0.017164141
0,0,0.05429924
1,0,0.19531828
0,0,0.12639815
0,0,3.620565e-05
0,0,0.018673621
0,0,9.258379e-05
1,0,0.16380899
0,0,0.14938854
0,0,0.02240869
0,0,0.010806026
0,0,0.015508387
0,0,0.0022656207
0,0,0.004173557
0,0,0.15813819
0,0,0.27608147
0,0,0.023351895
0,0,0.109462276
0,0,0.060398676
0,0,0.0104919225
0,0,0.03704664
1,0,0.16643625
0,0,0.00015299954
1,0,0.2359926
0,0,0.008206999
0,0,0.14575021
0,0,0.02546907
0,0,0.018730529
0,0,0.0021549568
0,0,0.006252742
0,0,0.08058443
0,0,0.008048531
1,0,0.122166775
0,0,0.019526143
0,0,0.02838245
0,0,0.008028337
0,0,0.0009830404
0,0,0.012773984
0,0,0.10861798
0,1,0.54790497
1,0,0.013070539
0,0,0.08010041
0,0,0.18043202
0,0,0.45148692
1,0,0.11022495
0,0,0.47063017
1,0,0.04540661
0,0,0.00052976777
0,0,0.17800355
0,0,0.1628931
0,0,0.07754701
0,0,0.19758415
0,0,0.030510275
0,0,0.010714557
0,0,0.0040331883
0,0,0.06896359
0,0,0.41644847
0,0,0.04193749
0,0,0.042099338
0,1,0.65783125
0,0,0.05524985
0,0,0.20528199
0,0,0.08587393
1,1,0.5616577
0,0,0.4130505
0,0,0.02005838
0,0,0.001155675
1,0,0.11064901
0,0,0.0035092232
0,0,0.06644596
0,0,0.33624402
0,0,0.0025430322
0,0,0.15458912
0,0,0.0066483896
0,0,0.002233019
0,0,0.15285793
0,0,0.012169563
0,0,0.0011036063
0,0,0.07586055
1,0,0.28184655
0,0,0.008690089
0,0,0.030139674
0,0,0.17970192
0,0,0.35342616
0,0,0.0066157784
0,0,0.024766358
0,0,0.0028053867
0,0,0.0037716134
1,0,0.48079592
0,0,0.25211847
0,0,0.010838859
0,0,0.027196057
0,0,0.0029050978
0,0,0.0039832196
0,0,0.035906065
0,0,0.091767676
0,0,0.36527315
0,0,0.00046267174
1,0,0.0022920596
0,0,0.062305328
0,0,0.025540566
0,0,0.16902235
0,0,0.41287
0,0,0.0032191272
0,0,0.034477666
0,0,0.0744796
0,0,0.063550934
0,0,0.20011564
1,0,0.42282632
0,0,0.13546564
0,0,0.005030927
0,0,0.025382774
1,0,0.12670763
0,0,0.0019847068
0,0,0.027551638
0,0,0.059680615
0,0,0.05690871
0,0,0.19133748
0,0,0.036479693
0,0,0.1036414
0,0,0.001093854
0,0,0.44825014
0,0,0.108050436
0,0,0.0069257077
0,0,0.003612481
0,0,0.06700435
0,0,0.011593186
0,0,0.03365237
0,0,0.008886365
0,0,0.0003482085
0,0,0.022659013
0,0,0.027116474
0,0,0.016822675
0,0,0.0005538189
0,0,0.06252101
0,0,0.02714301
0,0,0.24606621
0,0,0.012933609
0,0,0.0806293
0,0,0.012705602
0,0,0.03658985
0,0,0.07575879
1,1,0.670246
1,0,0.49694544
0,0,0.40064895
0,0,0.01329088
0,0,0.0008603717
0,0,0.059279107
1,0,0.39926347
0,0,0.05011696
0,0,0.081311375
1,0,0.0479208
0,0,0.0074500614
0,0,0.0016307724
0,0,0.063603975
0,0,0.052220047
0,0,0.10770746
0,0,0.04405678
0,0,0.00045982786
0,0,0.0006587781
0,0,0.020687671
0,0,0.08302122
0,0,0.000120279416
0,0,0.0015243356
0,0,0.1731229
0,0,0.03398978
0,0,0.0058338344
0,0,0.002364136
0,0,0.043099836
0,0,0.12823604
0,0,0.049256846
0,0,0.23287049
0,0,0.12800965
0,0,0.028309418
0,0,0.12362837
0,0,0.30852813
0,0,0.04024668
0,0,0.055058986
1,0,0.19284752
0,1,0.5099407
0,0,0.031716626
0,0,0.46927837
0,0,4.9942668e-05
0,0,0.027322901
0,0,0.0007169832
0,0,0.0017737933
0,0,0.0210187
0,0,0.013586661
0,0,0.021117108
0,0,0.0055688126
0,0,0.27599835
0,0,9.146957e-05
0,0,0.052929316
0,0,0.009814163
1,0,0.1496413
1,0,0.023375053
0,0,0.096544094
1,0,0.09915298
0,0,0.002703802
0,0,0.13488498
0,0,0.23028661
0,0,0.004278182
0,0,0.20590283
0,0,0.0031532566
0,0,0.01564525
0,0,0.08523292
0,0,0.05147075
0,0,0.010201507
0,0,0.00027847505
0,0,0.014254385
0,0,0.086654164
0,0,8.9998546e-05
0,0,0.012175554
0,0,0.13286749
0,0,0.019780017
0,0,0.22457038
0,0,0.0004736852
0,0,0.017420214
1,0,0.045873277
0,0,0.26509315
0,0,0.00658124
0,0,0.13699812
0,0,0.17221294
0,0,0.083682984
1,0,0.12524095
0,0,0.18279217
0,0,0.15185915
0,0,3.6999827e-05
0,0,4.687432e-05
0,0,0.05217359
0,0,0.006221859
0,0,0.0593099
0,0,0.06992308
1,0,0.0036547778
0,0,0.006018217
0,0,0.013447543
0,0,0.02034357
1,0,0.17260204
0,0,0.13388781
0,0,0.006925803
0,0,0.01794834
0,0,0.10494184
0,0,0.23700677
0,0,0.003415683
0,0,0.1742894
0,0,0.01899955
0,0,0.025994873
0,0,0.0117477
1,0,0.19605237
0,0,0.02829093
0,0,0.019189281
0,0,5.381382e-05
0,0,0.008895727
0,0,0.15682149
0,0,0.00014001419
1,0,0.09968066
0,0,0.31397253
0,0,0.0008709768
0,0,0.0095198145
0,0,0.107814796
0,0,0.03018974
0,0,0.0004012888
0,0,0.13559692
0,0,0.008185474
0,0,0.13322522
0,0,0.036764618
0,0,0.008154876
0,0,0.1318745
0,0,0.16278741
0,0,0.04831513
1,0,0.028975083
0,0,0.02596806
0,0,0.076144546
1,0,0.23818903
0,0,0.010965073
0,0,0.00843425
0,0,0.056195006
0,0,0.070267476
0,0,0.00013922791
0,0,0.17713569
0,0,0.19780697
1,0,0.27917343
0,0,0.014601517
1,0,0.16084173
0,0,0.0029884113
1,0,0.07582544
0,0,0.0904821
0,0,0.0930796
0,0,0.265223
0,0,0.36328802
0,0,0.007553215
0,0,0.077538066
0,1,0.5955495
0,0,0.0038899234
0,0,0.21193981
0,0,0.011395046
0,0,0.0075757033
0,0,0.073696986
0,0,0.01023387
0,0,0.021823624
0,0,0.2117995
0,0,0.42993227
0,0,0.080518305
0,0,0.35276636
0,0,0.004648601
0,0,0.1954319
0,0,0.015344917
0,0,0.020151814
0,0,0.15257078
0,0,0.010897695
0,0,0.08681261
0,0,0.06351324
0,0,0.015958449
0,0,0.0040799337
0,0,0.0007230224
0,0,0.08844586
0,0,0.17269316
0,0,0.00027403972
0,0,0.009711484
0,0,0.03547726
0,0,3.620565e-05
1,0,0.17283988
0,0,0.0414409
0,0,0.03621894
0,0,0.0021630381
0,0,0.16341685
0,0,0.014016234
0,0,0.064633355
0,0,0.031220375
0,0,0.0033956843
0,0,0.002305736
0,0,0.034231883
0,0,0.050317425
0,0,0.06498714
0,0,0.4417085
0,0,0.008640795
0,0,0.0035667077
0,0,0.07084964
0,0,0.046982154
0,0,0.0041749915
0,0,0.0008507103
0,0,0.02575734
0,0,0.033542708
0,0,0.19582362
0,0,0.47726038
0,0,0.094487496
0,0,0.15680866
0,0,0.1196099
0,0,0.014648671
0,0,0.01681174
0,0,0.032262668
0,0,0.075931355
0,0,0.0467805
0,0,0.26126486
0,0,0.11233941
0,0,0.04172553
1,0,0.13214181
0,0,0.059223715
0,0,0.043113496
0,0,0.00064919033
0,0,0.12121916
0,0,0.06280863
0,0,0.042691406
0,0,0.039342377
0,0,0.004126762
0,0,0.017546123
0,0,0.0022023492
0,0,0.0024737008
0,0,0.16781826
0,0,0.005594751
0,0,0.009978947
0,0,0.0046922485
0,0,0.08850128
0,0,0.0972337
0,0,0.025533428
0,0,0.0058174166
0,0,0.0270936
0,0,0.024135582
0,0,0.00025004917
0,0,8.160247e-05
0,0,0.021498114
0,0,0.025881628
0,0,0.009180243
0,0,0.017645728
0,0,0.16387424
0,0,0.019658826
0,0,0.004947911
0,0,0.025400504
0,0,0.0069411653
0,0,0.09725099
0,0,0.08106312
0,0,0.00819243
0,0,0.07818691
0,0,0.017787954
0,0,0.08185531
0,0,0.17364116
1,0,0.20141989
1,1,0.65989023
0,0,0.10133322
0,0,0.049603555
0,0,0.0042088
0,0,0.0016036762
0,0,0.012923265
0,0,0.13943066
0,0,0.28001747
1,0,0.15101533
0,0,0.15953074
0,0,0.009592432
0,0,0.011035844
0,0,0.0074476292
0,0,0.16387483
0,0,0.015578682
0,0,0.15065046
0,0,0.022375198
0,0,0.15598103
0,0,0.005156523
0,0,0.049414307
0,0,0.009293034
0,0,0.12764814
1,0,0.087320715
0,0,0.024700573
0,0,0.17378654
0,0,0.017219538
0,0,0.15568516
0,0,0.007930191
0,1,0.61366034
0,0,0.1378057
0,0,0.009323045
0,0,0.01227697
0,0,0.38671207
1,0,0.3027804
0,0,0.017586898
0,0,0.05111881
0,0,0.08385432
0,0,0.009643134
0,0,0.033675518
0,0,0.37654108
1,0,0.028968778
0,0,0.0068677934
0,0,0.057405327
0,0,0.009930491
0,0,0.044823542
0,0,0.32555047
0,0,0.09634368
0,0,0.010152862
0,0,0.002591927
0,0,0.026159694
0,0,0.024364177
0,0,0.0092147235
0,0,0.18066292
0,0,0.26049897
0,0,0.04471416
0,0,0.09397446
0,0,9.391975e-05
0,0,0.070551716
0,0,0.17162907
0,0,0.040192004
0,0,0.3727297
0,0,0.038788546
0,0,0.00089526456
0,1,0.52314276
0,0,0.0057597
0,0,0.008367011
0,0,0.005118467
0,0,0.007737654
0,0,0.07692782
0,0,0.2946414
0,0,0.08294082
0,0,0.014846176
0,0,0.0014917025
0,0,0.33894187
0,0,0.009780486
0,0,0.013438315
0,0,0.10808084
0,0,0.034229502
0,0,0.0015236499
0,0,0.00014439404
0,0,0.016608115
0,1,0.54499435
0,0,0.0019873523
0,0,0.040231146
0,0,0.006946462
1,0,0.38174215
0,0,0.21540649
0,0,0.14284427
0,0,0.10876909
0,0,0.03656115
0,0,0.060483746
0,0,0.018025061
0,0,0.016608762
0,0,0.004359544
0,0,0.013404302
1,0,0.36546707
0,0,0.24364577
0,0,0.02381877
0,0,0.014783123
0,0,0.3495881
0,0,0.20978142
0,0,0.24934843
0,0,0.047787335
0,0,0.06819236
0,0,0.2761161
1,0,0.015812825
1,0,0.14531751
1,0,0.09990532
0,0,0.0047403155
0,0,0.0071304496
1,0,0.12258004
0,0,0.020842364
0,0,0.014845095
0,0,0.034619078
0,1,0.60243493
0,0,0.018063981
0,0,0.393729
0,0,0.036350742
0,0,0.0037508225
0,0,0.040088892
0,0,0.012254082
0,0,0.007885827
0,0,0.019310683
0,0,0.011623244
0,0,0.01864764
1,0,0.097178064
1,0,0.14986853
0,0,0.0005275156
0,0,0.00023563427
0,0,0.0029682089
0,0,0.0404174
1,0,0.4700313
0,0,0.00017018449
0,0,0.0093480535
0,0,0.09247569
0,0,0.121683195
0,0,0.009103553
1,0,0.009276047
0,0,0.0014848772
0,0,0.0109743485
1,0,0.13702856
0,0,0.14504758
1,0,0.11391674
1,0,0.06570771
0,0,0.042433638
0,1,0.50544363
0,0,0.002869945
0,0,0.19654962
0,0,0.31841683
0,0,0.08666107
1,0,0.29204947
0,0,4.1397965e-05
1,0,0.35266286
0,0,0.13248579
0,0,0.067597724
0,0,0.095717765
0,0,0.023868935
0,0,0.013586943
0,0,0.32735685
0,0,0.059959386
0,0,0.19156045
0,0,0.00071362633
1,1,0.70934916
0,0,0.036536198
0,0,0.022139613
0,0,0.028310375
0,0,0.0049828393
0,0,0.0029489892
0,0,0.0039257966
0,0,0.011069044
0,0,0.010906221
0,0,0.07210892
0,0,0.060939047
0,0,0.039355263
0,0,0.06266192
0,0,0.25894818
0,0,0.013499914
0,0,0.015827993
0,0,0.17690063
0,0,0.08762297
0,0,0.066363886
0,0,0.010447703
0,0,0.020868933
0,0,0.19434868
0,0,0.39274517
0,0,0.10194301
0,0,0.0037649365
0,0,0.073551565
1,0,0.054951556
0,0,0.0065454384
0,0,0.09229362
0,0,0.04045621
0,0,0.011649842
0,0,0.04549484
0,0,0.15354024
0,0,0.0018228742
1,0,0.24848703
0,0,0.021550884
0,0,0.05627499
0,0,0.00040025683
0,0,0.0360321
1,0,0.16405149
0,0,0.09339719
0,0,0.13773263
0,0,0.02769662
0,0,0.0022023492
0,0,0.019759864
0,0,0.008032151
0,0,0.009087274
0,0,0.3065315
1,0,0.26679337
0,0,0.31523436
0,0,0.08525014
0,0,0.08553608
0,0,0.18128492
0,0,0.25949326
0,0,0.009554168
1,0,0.23882838
0,0,0.019427499
0,0,0.06748984
0,0,0.052384797
0,0,0.03716325
0,0,0.23571897
0,0,0.021892905
0,0,0.15196624
0,0,0.01268773
0,0,0.0037253776
0,0,0.0033227988
0,0,0.005553334
0,0,0.0010656554
0,0,0.19386142
0,0,0.05092519
0,0,0.013668106
0,0,0.07369112
0,0,0.11421445
0,0,0.36317104
0,0,0.038407803
0,0,0.004671169
0,0,0.027734386
0,0,0.28814787
0,0,5.9354734e-05
0,0,0.12581185
0,0,0.124766916
0,0,0.01131041
0,1,0.5775336
0,0,0.053801827
0,0,0.0016910358
0,0,0.104822226
0,0,0.0017812041
0,0,0.0110716745
0,0,0.011868254
0,0,0.06917216
0,0,0.0029522942
0,0,0.005799955
1,0,0.28109893
0,0,0.008097141
0,0,0.16411957
0,0,0.032916766
0,0,0.00018362781
0,0,0.058031317
0,0,0.021496298
0,0,0.066641405
0,0,0.034837082
0,0,7.593763e-05
0,0,0.04156145
0,0,0.06072289
0,0,0.044073895
0,0,0.19908513
0,0,0.017714074
0,0,0.19857787
0,0,0.01695533
0,0,0.045337617
0,0,0.13872519
0,0,0.041908033
0,0,0.0015131112
0,0,0.121755764
0,0,0.0006474936
0,0,0.0452605
0,0,0.0023595463
0,0,0.109433755
0,0,0.053426664
0,0,0.13803455
1,0,0.39636722
0,0,0.002640991
0,0,0.033926558
0,0,0.016271377
0,0,0.007519551
0,0,0.011671792
0,0,0.0001066838
0,0,0.086180575
0,0,0.022619078
0,0,0.1582542
0,0,0.0037346731
1,0,0.4070948
0,0,0.36966714
0,0,0.022555469
0,0,0.00038514918
0,0,0.057973776
1,0,0.39167395
1,0,0.055523466
0,1,0.6565309
0,0,0.008484851
1,0,0.32835928
0,0,7.700925e-05
0,0,0.0432909
0,0,0.056488242
1,0,0.029286701
0,0,0.002208827
0,0,0.0023738716
0,0,0.066610314
1,0,0.32085901
0,0,0.010840561
1,0,0.37734205
0,0,0.27501062
0,0,0.00084060855
0,0,0.036635607
0,0,0.003874169
0,0,0.47348207
0,0,0.28510714
0,0,0.22121131
0,0,0.0022455673
0,0,0.0017262141
0,0,0.12907426
0,0,0.0045848605
0,0,0.021420343
0,0,0.0006534418
0,1,0.7417618
0,0,0.04003726
0,0,0.0014599264
0,0,0.0028489206
0,0,0.07375818
0,0,0.08888616
1,0,0.30710152
0,0,0.06435833
0,0,0.06522553
0,0,0.20958006
0,0,0.07861247
0,0,0.13035627
0,0,0.026182389
0,0,0.0013149425
1,1,0.72526336
0,0,0.0023293686
1,0,0.14269683
0,0,0.00018332935
0,0,0.109462276
0,0,0.0052039367
0,0,0.26496568
1,0,0.3430676
0,0,0.0007682406
0,0,0.0013193198
1,0,0.09008791
0,1,0.6681483
0,0,0.028188169
0,0,0.30636963
0,0,0.055812072
0,0,0.15346456
0,0,0.14776908
0,0,0.046733633
0,0,0.1983605
0,0,0.08958453
0,0,0.07345418
0,0,0.08235252
0,0,0.0030470078
0,0,0.041475646
0,0,0.12854682
0,0,0.103009954
0,0,0.014260288
1,0,0.12637252
1,1,0.7585722
0,0,0.010628547
1,1,0.66654587
0,0,0.16064619
0,0,0.0011852313
0,0,0.025538012
1,1,0.7010856
0,0,0.05288545
0,0,0.028428465
0,0,0.073210396
0,0,0.18874317
0,0,0.02922093
0,0,0.00018113584
0,0,0.019176869
0,0,0.002851992
0,0,0.20960356
0,0,0.053840548
0,0,0.005734282
0,0,0.004197097
0,0,0.00049995445
0,0,0.08638789
0,0,0.06672015
0,0,0.085766226
0,0,0.115064435
0,0,0.0010148716
0,0,0.13023008
0,0,0.49848884
0,0,0.00036517408
0,0,0.005050702
0,0,0.0059989598
0,0,0.029450199
0,0,0.09144291
0,0,0.40485606
0,0,0.19560483
0,0,9.319196e-05
1,0,0.034174737
0,0,0.0039793113
0,0,0.0054087387
0,0,0.027504401
0,0,0.0036391753
0,0,0.14333488
0,0,0.08637294
0,1,0.5131634
0,0,0.1896359
1,0,0.13077207
0,0,0.00012087972
0,0,0.007579185
1,0,0.0015488053
0,0,0.14796431
0,0,0.17820266
0,0,0.034102954
0,0,0.049997553
0,0,0.022920977
0,0,0.032164287
0,0,0.0049153757
1,0,0.01957762
0,0,0.013087508
0,0,0.0007857427
0,0,0.010787406
0,0,0.0658033
0,0,0.010736363
0,0,0.0266193
0,0,0.023069993
0,0,0.0025474145
0,0,3.178857e-05
0,0,0.09197823
0,0,0.0052930755
0,0,0.0057357666
0,0,0.24608819
0,0,0.032939643
1,0,0.1725799
0,0,0.010691902
0,0,0.000355503
0,0,0.3656725
0,0,0.3259918
1,0,0.041655254
0,0,0.22360088
0,0,0.017756455
0,0,4.829173e-05
1,0,0.22838518
0,0,0.03518733
0,0,0.041019853
0,0,0.021941703
0,0,0.009412221
0,0,0.05173219
0,0,0.00019934235
0,0,0.0121525265
0,0,0.35253927
0,0,0.06385126
0,0,0.011879954
0,0,0.06451459
0,0,0.2342177
0,0,0.00032550347
1,0,0.10041388
0,0,0.0564678
0,0,0.33585837
0,0,0.26904452
0,0,0.00820736
1,0,0.4117259
0,0,0.00029533307
0,0,0.02744126
0,0,0.36867544
1,0,0.117372714
1,1,0.5413555
0,0,0.1761257
0,0,0.0007285428
0,0,0.00022964571
0,0,0.0066323793
0,0,0.008091636
0,0,0.01828297
0,0,0.064334415
0,0,0.0023147848
0,0,0.43309444
0,0,0.05227269
0,0,0.033646706
0,0,0.21535246
0,0,0.0046521174
0,0,0.0034537464
0,0,0.0040585473
0,0,0.35949856
0,0,0.08522004
0,0,0.09093969
0,0,0.005224163
0,0,0.009582388
0,0,0.1862082
0,0,0.0016036762
0,0,0.016573403
0,0,0.11581832
0,0,0.0070779533
0,0,0.003539727
0,0,0.11471366
0,0,0.1758503
0,0,0.051186837
0,0,0.0175246
0,0,2.5182133e-05
1,0,0.35004485
0,0,0.11645783
0,0,0.03112992
0,0,0.002162535
0,0,0.022954479
1,0,0.30496326
0,0,0.20016156
0,0,0.046299364
0,0,0.0024556196
0,0,0.029171146
0,0,0.2564075
1,0,0.24816754
0,0,0.011532546
0,0,0.42136616
0,0,0.058127783
1,0,0.32832313
1,0,0.12312323
0,0,0.00085575914
0,0,0.009715947
0,0,0.083421014
0,0,0.025804274
0,0,0.46590126
0,0,0.086889945
0,0,0.017047387
0,0,0.032640986
0,0,0.13782668
0,0,0.14850506
0,0,0.021827687
0,0,0.016548412
0,0,0.22230735
0,0,0.0064197876
0,0,0.2300916
1,0,0.031387687
0,0,0.013553049
0,0,0.0017744107
0,0,0.011625836
0,0,4.045981e-05
0,0,0.00805056
0,0,0.0068190345
0,0,0.009474072
0,0,0.026141629
0,0,0.01223909
0,0,0.2834912
0,0,0.098994486
0,0,0.032498013
1,0,0.2217991
0,0,0.026169613
1,0,0.03762726
0,0,0.123692445
1,1,0.75104135
0,0,7.5191325e-05
0,0,0.0011130404
0,0,0.063208
0,0,0.13816951
0,0,0.0024341852
0,0,0.06639905
0,0,0.008360177
0,0,0.059679296
0,0,0.002786964
0,0,0.074485734
0,0,0.007647047
1,0,0.09304255
0,0,0.42627943
0,0,0.0073502995
0,0,0.003409942
0,0,0.007714784
0,0,0.006808041
0,0,0.008338022
0,0,0.12341691
1,0,0.2503781
0,0,0.010064267
0,0,0.062023986
0,0,0.005036472
0,0,0.00045471257
0,0,0.015404361
0,0,0.11694298
1,0,0.035291433
0,0,4.0785297e-05
0,0,0.05155476
0,0,0.0012828447
0,0,0.019757597
0,0,0.005528753
0,0,0.014065089
0,0,0.0010700959
0,0,0.1083219
0,0,0.010784099
0,0,0.01593031
1,0,0.088264965
0,0,0.0004223039
0,0,0.030407172
0,0,0.01024719
0,0,0.014399007
0,0,0.01577988
0,0,0.023215083
0,0,0.026112827
0,0,0.083676524
0,0,0.08244893
0,0,0.22997649
0,0,0.09725247
1,0,0.24153374
0,0,0.03007867
0,0,0.013208681
0,0,0.012388265
0,0,0.06481388
0,0,0.14401345
0,0,0.17095198
0,0,0.07316731
0,0,0.20448875
0,0,0.031070853
0,0,0.1107877
0,0,0.0011985638
0,0,0.017218458
0,0,0.00037037654
0,0,0.03014079
0,0,0.24099833
0,0,0.029977562
0,0,0.060941357
0,0,0.11608399
0,0,0.106619336
1,0,0.04070914
0,0,0.04433851
0,0,0.13997146
0,0,0.0002078926
0,0,0.2008394
0,0,0.12189139
0,0,0.018705003
0,0,0.0041552056
0,0,0.17980735
0,0,0.00010062741
1,0,0.26426968
0,0,0.00031252106
0,0,0.0012352291
0,0,0.08455646
0,0,0.12346429
0,0,0.010718535
0,0,0.034790624
1,0,0.06009267
0,0,0.18724419
0,0,0.00595969
0,0,0.009019696
0,0,0.047722947
0,0,0.059246227
0,0,0.009941913
0,0,0.004392209
0,0,0.0049604326
0,0,0.033780206
1,0,0.071191564
0,0,0.03820058
0,0,0.005603361
0,0,0.29617444
0,0,0.43733215
0,0,0.007895465
0,0,0.018114664
0,0,0.0083667105
0,0,0.0058179707
0,0,0.003815944
0,0,0.00012282253
0,0,0.026739562
0,0,0.33705524
0,0,0.00040638266
0,0,0.0071440204
0,0,0.03466587
0,0,0.03061318
0,0,0.0028616877
0,0,0.005795371
0,0,0.057564467
0,0,0.27162245
0,0,0.003105356
0,0,0.009654776
0,0,5.1538747e-05
0,0,0.05729526
0,0,0.07883991
0,0,0.045204517
0,0,0.004463294
0,0,0.36094362
1,0,0.29332882
1,0,0.029184027
0,0,0.026854405
0,0,0.070371166
0,0,0.009836663
0,0,0.028829811
0,0,0.023051707
0,0,0.0068224133
0,0,0.05362005
0,0,0.01033431
0,0,0.009733641
0,0,8.243236e-05
0,0,0.00518687
0,0,0.20749131
0,0,0.001933016
0,0,0.0036962794
0,0,0.01040151
0,0,0.3151857
0,0,0.014553848
0,0,0.0003500973
0,0,0.0147706745
0,0,0.0053372686
1,0,0.093571015
0,0,0.04420155
0,0,0.16899608
0,0,0.09969434
0,0,0.0028350102
0,0,0.2735833
0,0,0.012363651
0,0,0.0059194416
0,0,0.04226163
0,0,0.32167122
0,0,0.0026930394
0,0,0.016074358
0,0,0.007598606
0,0,0.104978055
0,0,0.057061262
0,0,0.0027752959
0,0,0.012744103
0,0,0.030502046
0,0,0.27044553
0,0,0.16760324
0,0,0.10011085
0,0,0.021081302
0,0,0.030456096
0,0,0.035190634
0,0,0.0075342767
0,0,0.12166813
0,0,0.11333937
0,0,0.05975135
0,0,0.022148069
1,1,0.5933096
0,0,0.01592566
0,0,0.0016036762
1,0,0.08519898
1,0,0.34527832
1,0,0.09999382
0,0,0.0033823168
0,0,0.008978782
0,0,0.02721629
0,0,0.0076906565
0,0,0.0007654936
0,0,0.04908423
0,0,0.07039729
0,0,0.029688725
0,0,0.063150756
0,0,0.078150496
0,0,0.110875174
0,0,0.014018369
1,0,0.08980281
0,0,0.32127702
0,0,0.22866897
0,0,0.02215597
0,0,0.0009165058
0,0,0.29297575
0,0,0.053994037
0,0,0.006572663
0,0,0.121856965
0,0,0.0041596023
0,0,0.34219623
0,0,0.19290832
1,0,0.009749201
0,0,0.07498714
0,0,0.0073080757
0,0,0.04678475
0,0,0.034445792
0,0,0.0073628766
0,0,0.0011693015
0,0,0.19212364
0,0,0.013812988
0,0,0.0015707697
0,0,0.038489796
0,0,0.0476102
0,0,0.10248084
0,0,0.0017252654
0,0,0.0016270169
0,0,0.0016086065
0,0,0.17633902
0,0,0.010044604
0,0,0.000630524
0,0,0.06371184
0,1,0.6009378
0,0,0.108720474
0,0,0.045858312
0,0,0.0022692992
0,0,0.0024236804
0,0,0.036968727
0,0,0.13347796
0,0,0.0627227
0,0,0.020143421
0,0,0.0072525707
0,0,0.027128275
1,1,0.71195704
0,0,0.010230962
1,0,0.16870311
0,0,0.008061625
0,0,0.005217435
0,0,0.0508515
1,0,0.45479435
0,0,0.009109684
1,1,0.5298459
0,0,0.027155068
0,0,0.10662764
0,0,0.17407821
0,0,0.024668217
0,0,0.011372083
0,0,0.013845465
0,0,0.029402541
0,0,0.014310882
0,0,0.003729799
0,0,0.04990039
0,0,0.0028351478
0,0,0.024612939
0,0,6.010769e-05
0,0,0.01744153
0,0,0.08752586
0,0,0.092963904
0,0,0.1668487
0,0,0.48743996
1,0,0.2197325
0,0,0.001563365
0,0,0.041943897
0,0,0.07512439
0,0,0.0023917856
0,0,0.06805013
0,0,0.008254819
0,0,0.048900142
0,0,0.21372025
0,0,0.11047493
0,0,0.016492337
0,0,0.0035202105
1,0,0.056762565
0,0,0.00076015724
1,0,0.21556807
0,0,0.0072163204
0,0,0.0083476715
0,0,3.1819054e-05
0,0,0.0031808899
0,0,0.0006032777
0,0,0.113244876
0,0,0.16184656
0,0,0.010946111
0,0,0.0012265414
0,0,8.256429e-05
0,0,0.08750621
0,0,0.0031899256
1,0,0.49324083
0,0,0.27190036
0,0,0.08908333
0,0,0.000107690874
0,0,0.2124993
0,0,0.09761784
0,0,0.16695218
0,0,0.112811364
0,0,0.022676516
1,0,0.23693027
0,0,0.0065036784
0,0,0.22408238
0,1,0.84359396
0,0,0.05982399
0,0,0.089875326
0,0,0.006386608
1,0,0.10693675
0,0,0.008200858
0,0,0.015320807
0,0,0.07956317
1,0,0.059901718
0,0,0.00011867283
0,0,0.046427727
0,0,0.11398148
0,0,0.029390093
0,0,0.010273062
0,0,0.006704911
0,0,0.13417903
0,0,2.9833853e-05
0,0,0.08186703
0,0,0.004602349
0,0,0.028219247
0,0,0.006612138
0,0,0.02472752
0,0,0.01233717
0,0,0.024078837
0,0,0.031707034
0,0,0.05271037
0,0,5.7523805e-05
0,0,0.25538498
0,0,0.067412145
0,0,0.0016960115
0,0,0.0042015733
0,0,0.010604265
0,0,0.046580657
0,0,0.2296162
0,0,0.067894116
0,0,0.0043997765
0,0,0.0061323936
0,0,0.016531773
0,0,0.022153653
0,0,0.00063356303
0,0,0.008254389
0,0,0.14539832
0,0,0.029644849
0,0,0.013427477
0,0,0.004763333
0,0,0.00771818
0,0,0.034252077
0,0,0.020108046
0,0,0.052347213
0,0,0.381849
0,0,0.002523909
1,0,0.021798622
0,0,0.11880922
0,0,0.038785197
0,0,0.35425106
0,0,0.017000172
0,0,0.08374986
0,0,0.00209246
0,0,0.032790437
0,0,0.008757529
0,0,0.009921301
0,0,0.16201323
0,0,0.16331479
0,0,0.16495165
0,0,0.0005145984
0,0,0.1478532
0,0,0.021594277
0,0,0.049936913
0,0,0.0071600284
0,0,0.17449538
0,0,4.3976812e-05
1,0,0.41073015
0,0,0.0033583748
0,0,0.11057611
0,0,0.14732532
0,0,0.075207554
0,0,0.1629848
0,0,0.0905787
0,0,0.01566395
1,0,0.43183592
0,0,0.16889486
0,0,0.014869487
0,0,0.00787027
0,0,0.045841824
0,0,0.031316683
0,0,0.0149220275
0,0,0.120443135
0,0,0.25034893
0,0,0.020665295
0,0,0.17843512
0,0,0.043118894
0,0,0.0035652062
0,0,0.47009286
0,0,0.05712111
0,0,0.22191714
0,0,0.16587414
0,0,0.05666039
0,0,0.03299952
0,0,0.11454713
0,0,0.18272567
0,0,0.001168182
0,0,0.0007155286
0,0,0.003092775
1,0,0.23198615
0,0,0.0003868006
0,0,0.012722408
0,0,0.005346417
0,0,0.002652792
0,0,0.15715015
0,0,0.0041296477
0,0,0.06809573
0,0,0.47076237
0,0,0.00314299
0,0,0.010034097
0,0,0.00010083076
0,0,0.36297
0,0,0.30506647
0,0,8.843994e-05
0,0,0.1399909
0,0,0.0003946315
0,0,0.012182807
0,0,0.0958878
0,0,0.013739859
1,0,0.49514303
1,0,0.26961747
0,0,0.11371367
0,0,0.034796454
0,0,0.049099565
1,0,0.44173297
1,0,0.1929339
1,0,0.11698783
0,0,0.00833663
1,0,0.005505171
0,0,0.38331595
0,0,0.0102503
0,0,0.094886266
0,0,0.009582809
0,0,0.2208269
0,0,0.21923693
0,0,0.12168444
0,0,0.0023412951
0,1,0.5493059
0,0,0.00022641342
0,0,0.020055613
0,0,0.118060574
0,0,0.005554419
0,0,0.023407334
0,0,0.22063835
0,0,0.008788218
0,0,0.023705276
0,0,0.012466396
0,1,0.5185732
0,0,0.07942681
1,0,0.39996353
0,0,0.0001278968
0,0,0.013800697
0,0,0.005077712
0,0,0.00074616406
0,0,0.3462279
0,0,0.025788894
0,0,0.00011968619
0,0,0.16780528
1,1,0.63341844
0,0,0.00038290906
0,0,0.00064778683
0,0,0.010224422
0,0,0.028683174
0,0,0.14173827
0,0,0.056855395
1,0,0.30917004
0,0,0.044938866
0,0,0.24989276
0,0,0.022631558
0,0,0.026352681
0,0,0.11996377
0,0,0.0034341295
0,1,0.7166944
0,0,0.00054462656
0,0,0.2989627
1,0,0.34212124
0,0,0.3127403
0,0,0.016704649
0,0,0.0038523045
0,0,7.53685e-05
0,0,0.0657528
1,0,0.3442137
0,0,0.06153687
0,0,0.0043134424
0,0,0.021641744
0,0,0.14518784
0,0,0.0008575799
0,0,0.004686311
0,0,0.008006523
1,1,0.5148304
1,1,0.527653
1,0,0.12473931
0,0,0.1143799
0,1,0.83720315
0,0,0.0028248418
0,0,0.00011968619
0,0,0.014938242
0,0,0.00027296928
0,0,0.43266886
0,0,0.09140063
0,0,0.013465405
1,0,0.10555663
0,0,0.057765085
1,0,0.24189587
0,0,0.2422014
0,0,0.0004012888
0,0,0.0023222675
0,0,0.07363271
0,0,0.011419615
0,0,0.033896036
0,0,0.016959159
0,0,0.042658813
1,0,0.14120886
0,0,0.016148213
0,0,0.086251654
0,0,0.023952417
0,0,0.18973085
0,0,0.40469083
0,0,0.049128227
0,0,0.0001369107
0,0,0.011699833
0,0,0.11007877
0,0,0.0032994086
0,0,0.33858225
0,0,0.14732921
0,0,0.010487977
0,0,0.0730008
0,0,0.16282688
0,0,0.1925498
0,0,0.24940798
0,0,0.00049618114
0,0,0.01972033
0,0,0.026654363
0,0,0.096688926
1,0,0.35226858
0,0,0.0071392325
0,0,0.145904
0,0,0.36487475
1,0,0.26180947
0,0,0.27252135
1,0,0.19687727
0,0,0.009109009
0,0,0.09305143
1,0,0.021637216
0,0,0.009809571
0,0,0.024410237
0,0,0.09708272
0,0,0.012945157
0,0,0.0027913314
0,0,0.06517392
0,0,0.11880925
0,0,0.010702523
0,0,0.00521479
0,0,0.25883037
0,0,0.2397304
0,1,0.5025514
0,0,0.0014313674
0,0,0.007511968
0,1,0.6161756
0,0,0.06269373
0,0,0.005130389
0,0,0.013321649
0,0,0.01268853
0,1,0.6140508
0,0,0.03546547
0,0,0.004405612
1,0,0.41115132
0,0,0.0039144163
0,0,0.018907866
0,0,0.0077783973
1,0,0.09915501
0,0,0.015984032
0,0,0.060469385
0,1,0.5277693
0,0,0.029279841
0,0,0.041416142
0,0,0.18991539
0,0,0.0023187061
0,0,0.009734831
0,0,0.010554203
0,0,0.0021245254
0,0,0.00049995445
0,0,0.020318268
0,0,0.052478895
0,0,0.06596222
0,0,0.0323562
0,1,0.7588987
0,0,0.043357253
0,0,0.030036999
0,0,0.019424688
0,0,0.234539
0,0,0.013154533
0,0,0.03376744
0,0,0.011554538
0,0,0.2797645
0,0,0.0012138307
0,0,0.03537803
0,0,0.16264182
0,0,0.021018367
0,0,0.17712012
1,0,0.42613828
0,0,0.0020117757
1,0,0.20816086
0,0,0.00080883276
0,0,0.0012307838
0,0,0.10809178
0,0,0.083512954
0,0,0.007873745
0,0,0.091763094
0,0,0.059617747
0,0,0.00024193164
0,0,0.29779166
0,0,0.26948673
0,0,0.13824487
0,0,0.08431943
0,0,0.029688332
0,0,0.0066944077
1,0,0.009308888
0,0,0.17393541
0,0,1.9606643e-05
0,0,0.033745788
0,0,0.0932149
0,0,0.27526277
0,0,0.00029890932
1,0,0.27880868
0,0,0.0072384835
0,0,0.0088528
0,0,0.0017945572
0,0,0.2566198
1,0,0.40393776
1,0,0.49073106
0,1,0.55297124
0,0,0.4349299
0,0,0.022862379
0,0,0.034883503
0,0,0.0011059727
0,0,0.09093886
0,0,0.031233804
0,0,0.1080029
0,0,0.0058128787
0,0,0.0060566347
0,0,0.0020066546
0,0,0.00013844049
0,0,0.019401608
0,0,0.008153325
0,0,0.04510762
0,0,0.2675897
0,0,0.0074511897
0,0,0.004429747
0,0,0.48245293
0,0,0.00743871
0,0,0.015278344
0,0,0.004483387
0,0,0.032115325
0,0,0.009821055
1,0,0.23435469
0,0,0.0014821365
0,0,0.00041390696
0,0,0.013211721
0,0,0.00052920124
0,0,0.035417646
0,0,0.13590427
0,0,0.013478492
0,0,7.4113406e-05
1,0,0.36491582
0,0,0.12890089
0,0,0.00019376868
0,0,0.0011672142
0,0,0.06556004
0,0,0.046370827
0,0,0.012976048
0,0,0.23907846
0,0,0.008875234
0,0,0.0014822545
0,0,0.01058571
0,1,0.6346029
0,0,0.07840895
0,0,0.0075887856
0,1,0.52711064
0,0,0.00041975273
0,0,0.03487801
0,0,0.00518687
0,0,0.22303417
0,0,0.0010329304
0,0,0.0004763399
0,0,3.5183737e-05
0,0,0.03530211
0,0,0.025839828
1,0,0.34083635
0,0,0.06802199
0,0,0.020803386
0,0,0.00043428363
0,0,0.000306501
1,0,0.10574998
0,0,0.0031344022
0,0,0.007467924
0,0,0.0056101987
0,0,0.0052973074
1,0,0.16159263
0,0,0.09872886
0,0,0.008218352
0,0,0.004172433
0,0,0.025871024
1,0,0.070159264
0,0,0.13947187
0,0,0.044365965
0,0,0.077066064
0,0,0.036741957
0,0,0.0016805297
0,0,0.01057651
0,0,0.08238694
0,0,0.001001014
0,0,0.37864628
0,0,0.007906173
0,0,0.10191182
0,0,0.38392797
0,0,0.0038841926
0,0,0.11975834
0,0,0.00038091937
0,0,0.4599231
0,0,0.2597807
0,0,0.49556446
0,0,0.0002601237
0,0,0.0043248604
0,0,0.06425134
0,0,0.0012457934
0,0,0.0065994244
0,0,0.0013746703
0,0,0.37970454
0,0,0.28113398
0,0,0.010581246
0,0,0.34826258
0,0,0.023307279
0,0,0.0013121901
0,0,0.014954923
0,0,0.004714208
0,0,0.0044756914
0,0,0.024843207
0,0,0.00018362781
0,0,0.038262058
0,0,0.3881407
1,0,0.20565201
0,0,0.007946974
0,0,7.7598685e-05
0,0,0.005960574
0,0,0.114062436
1,0,0.15146196
0,0,0.0146466475
0,0,0.2776617
0,0,0.018837603
0,0,0.0006973911
0,0,0.028216077
0,0,0.19788913
0,0,0.17720544
0,0,0.004000749
0,0,0.15697825
0,0,0.002331322
0,0,0.0062113097
0,0,0.20540217
0,0,0.05285472
0,0,0.14202185
0,0,0.00011380073
0,0,0.07631902
0,0,0.0017341311
1,0,0.37515917
0,0,0.34581786
0,0,0.0794803
0,0,0.09509597
0,0,0.24096175
0,0,0.10978509
0,0,0.07127949
0,0,0.084532745
1,0,0.20670646
0,0,0.14960678
0,0,7.582981e-05
0,0,0.00016060966
1,0,0.14420585
0,0,0.39168712
0,0,0.006853063
0,0,0.041818127
0,0,0.012354689
0,0,0.12129285
1,0,0.036600452
0,0,0.03172307
0,0,0.015346684
0,0,0.048710376
0,0,0.000519701
0,0,0.021459358
0,0,0.0035331033
0,0,0.11995576
0,0,0.14094631
0,1,0.5232725
0,0,0.009265203
0,0,0.005185478
0,0,0.0005184959
0,0,0.19624671
0,0,0.00030461824
0,0,0.083180055
0,0,0.117421135
0,0,0.07361833
0,0,5.1136765e-05
1,0,0.21497622
0,0,0.032534543
0,0,0.0028793365
0,0,0.011618178
0,0,0.11597209
0,0,0.00030874606
0,0,0.00019934235
0,0,9.319196e-05
0,0,0.15130171
0,0,0.04300026
0,0,0.0021604553
0,0,0.26423216
0,0,0.015063782
0,0,0.057175603
0,0,0.05257294
0,1,0.6949195
0,0,0.09457022
0,0,0.00071095047
0,0,0.07330675
0,0,0.16132602
0,0,0.0063257413
0,0,0.13877255
0,0,0.15312588
0,0,0.021996668
1,0,0.10067421
0,0,0.0046150824
0,0,0.017501324
0,0,0.028446455
0,0,0.033369087
0,0,0.14219032
0,0,0.014153206
0,0,0.17124766
0,0,0.062893406
0,0,0.005426609
0,0,0.0006968699
1,0,0.36729577
0,0,0.00028018828
0,0,0.07678424
1,0,0.28466013
0,0,0.06594121
1,0,0.29073602
0,0,0.010364297
0,0,0.13197242
0,0,0.1386058
0,0,0.009257428
0,0,7.2138886e-05
0,0,0.1307842
0,0,0.006935107
1,1,0.59421164
0,0,0.01624066
0,0,0.011212267
0,0,0.021912452
0,0,0.0037800903
0,0,0.069713905
0,0,0.00072786794
1,0,0.10704204
0,0,0.040848013
1,0,0.008995995
0,0,0.004606674
0,0,0.0020853342
0,0,0.044753425
0,0,0.09140955
0,0,0.034120582
0,0,0.1448782
0,0,0.0022364235
0,0,0.118952364
0,0,0.01727891
0,0,0.0009054293
0,0,0.19672808
0,0,0.0665227
0,0,0.28136593
0,0,0.34833184
0,0,0.19287622
0,0,0.4588049
0,0,0.0024643957
0,0,0.1635913
0,0,0.04799125
0,0,0.033598114
0,0,0.061339304
0,0,0.14378564
0,0,0.0045535387
0,0,0.111483395
0,0,0.07532288
0,0,0.01981588
0,0,0.0009232884
0,0,0.16164476
0,0,0.03121891
0,0,7.9619465e-05
0,0,0.0009951736
0,0,0.033608835
0,0,0.006035825
0,0,0.04578397
0,0,0.010936199
0,0,0.0008368224
0,0,0.063873336
0,0,0.08760077
0,0,0.12064521
0,0,0.16267535
0,0,2.6377305e-05
0,0,0.04377739
0,0,0.015256315
1,0,0.24909489
0,0,0.0025654605
0,0,0.006380169
0,0,0.0027574296
0,0,0.0095384065
0,0,0.26363102
0,0,0.026544351
0,0,0.0164228
0,0,0.043322656
0,0,0.029940538
0,0,0.003086973
0,0,0.17585832
0,0,0.006491636
0,0,0.015352491
0,0,0.07293828
0,0,0.08969067
1,0,0.32686353
0,0,0.0168707
0,0,0.06547802
0,0,0.0046033105
0,0,0.032167956
0,0,0.25609368
0,0,0.0022904703
0,0,0.13373946
0,0,0.2890345
0,0,0.006312259
1,0,0.45415002
0,0,0.125493
0,0,0.001800177
0,0,0.016669706
0,0,0.09511478
0,0,0.020020012
0,0,0.07385306
0,0,0.02166614
0,0,0.16787186
0,0,0.007792815
0,0,0.00018362781
0,0,0.1697092
1,0,0.18657877
0,0,0.03964219
0,0,0.12839149
0,0,0.33385894
0,0,0.001277548
0,0,0.04281806
0,0,0.019149488
0,0,0.0151798
0,0,0.0055161887
0,0,0.35574082
0,0,0.13146947
0,0,0.0025399716
0,0,0.14824647
1,0,0.40833974
0,0,0.007984304
1,0,0.1822159
0,0,0.42991093
1,1,0.71867657
0,0,0.004174625
0,0,0.0010166527
0,0,0.006702282
0,0,0.44024456
0,0,0.10429798
0,0,0.008603196
0,0,0.087461315
0,1,0.62308335
0,0,0.008445807
1,0,0.35774902
0,0,0.00027985536
0,0,0.00016060966
0,0,0.035795588
0,0,0.0010298348
0,0,0.013603305
1,0,0.09642221
1,0,0.04197118
0,0,0.04204365
0,0,0.10191544
0,0,0.04720041
0,0,0.0035859018
0,0,0.056419857
1,0,0.03862745
0,0,0.06920442
0,0,0.010887631
0,0,0.099814475
0,0,0.074000776
0,0,0.0046033477
0,0,0.0019281317
0,0,0.0076763686
0,0,0.015992224
0,0,0.008321407
0,0,0.04492715
0,0,0.013331913
0,0,0.10129131
0,0,0.053375255
0,0,0.2476749
0,0,0.018023672
0,0,0.044397473
0,0,0.012163397
0,0,0.055350866
0,0,0.05437168
0,0,0.16833328
0,0,0.29460153
0,0,0.004959971
0,0,0.3241079
0,0,0.088789
0,0,0.15945712
0,0,0.00951585
0,0,0.08859595
0,0,0.00032742912
0,0,0.07288946
0,0,0.23106715
0,0,0.0029574458
0,0,0.0029291972
0,0,0.006196199
0,0,0.03962268
0,0,0.2713838
1,0,0.038072463
0,0,0.18275653
0,0,0.073096216
0,0,0.032247204
0,0,0.08187796
0,0,0.14724553
0,0,0.060446065
0,0,0.025485167
0,0,0.21034138
0,0,0.013714249
0,0,0.06391103
0,0,0.018202646
0,0,0.11692888
0,0,0.047244743
0,0,0.027019743
0,0,0.0666592
1,0,0.27262345
0,0,0.10555721
0,0,0.051860027
0,0,0.010721438
0,0,0.018834954
0,0,0.22640105
0,0,0.06443232
0,0,0.020061264
1,0,0.17947082
0,0,0.12441798
0,0,0.07506981
0,0,0.005890904
0,0,0.00034710282
0,0,0.0925917
0,0,0.0020979103
0,0,0.011634013
0,0,0.00019934235
0,0,0.08978771
0,0,0.3825766
0,0,0.004936903
0,0,0.033334374
0,0,0.0012185229
0,0,0.26506644
0,0,0.097829096
0,0,0.0026714022
0,0,0.07468171
0,0,0.21240303
0,0,0.00019343529
0,0,0.0018267748
0,0,0.021827731
0,0,0.040856924
0,0,0.013999493
0,0,0.14856818
0,0,0.0017508658
0,0,0.3013493
0,0,0.0061431183
0,0,0.15158644
0,0,0.22007258
0,0,0.0035858268
0,0,0.010707235
0,0,0.0001704271
1,0,0.38158858
0,0,0.020329453
0,0,0.36717546
0,0,0.008516717
0,0,0.0054064076
0,0,0.19236892
0,0,1.493623e-05
0,0,0.04978194
0,0,0.026259718
0,0,0.023326347
0,0,0.0020069382
1,0,0.284763
0,0,0.028687667
0,1,0.5362263
0,0,0.19183348
0,0,0.0043762056
0,0,0.0001704271
0,0,0.00019019087
0,0,0.009033507
0,0,0.45484337
0,0,0.07638095
0,0,0.00014158041
0,0,0.21915685
0,0,0.10387899
0,0,0.19485633
0,0,0.018547885
0,0,0.10337076
1,0,0.3406538
0,0,0.018610451
0,0,0.12598592
1,0,0.13423653
0,0,0.033650987
0,0,0.012577029
0,0,0.0060553434
0,0,0.017786486
0,0,0.0030538116
0,0,0.05680313
0,0,0.0033221971
0,0,0.022323253
0,0,0.4650612
0,0,0.012508651
0,0,0.08852253
0,0,0.078568704
0,0,0.017887617
0,0,0.23237914
0,0,0.042358246
0,0,0.026940815
0,0,0.07717074
0,0,0.021146392
0,0,0.0006524999
0,0,0.0024480566
0,0,0.008277111
0,0,0.004450363
0,0,0.08006207
0,0,0.14633815
0,0,0.00020261492
0,0,0.046231806
0,0,0.28591377
0,0,0.0067465324
0,0,0.028509462
0,0,0.01274115
0,0,0.14435497
0,0,0.10183222
0,0,0.24209005
0,0,0.269932
0,0,0.00016327637
0,0,0.35391277
0,0,3.3739765e-05
0,0,0.02509716
1,0,0.27364847
0,0,0.18211734
0,0,0.35968748
0,0,0.00020402604
0,0,0.123864174
0,0,0.003285029
0,0,0.00041731834
0,0,0.010857851
0,0,0.20301306
0,0,0.032290954
0,0,0.07133973
0,0,0.016926812
0,0,0.08194551
0,0,0.017041994
0,0,0.087264344
0,0,0.031194763
0,0,0.0015182204
0,0,0.0041570235
0,0,0.002275012
0,0,0.0028379357
0,0,0.005823139
0,0,0.19418089
0,0,0.017664583
0,0,0.07357789
0,0,0.012080497
0,0,0.01326511
0,0,0.023128081
0,0,0.3576891
0,0,0.14500585
0,0,0.05892529
0,0,0.05880033
0,0,0.026445175
0,0,0.12975736
0,0,0.2738024
0,0,8.56502e-05
1,0,0.2272185
0,0,0.0009179155
0,0,0.00019934235
0,0,0.01246753
1,0,0.19019629
0,0,0.035256438
0,0,0.022021884
0,0,0.05396728
0,0,0.0018792633
0,0,0.10256025
0,0,0.21816619
0,0,0.0009765383
0,0,0.019507794
0,0,0.02587653
0,0,0.14313632
0,0,0.008858744
0,0,0.0031040052
0,0,0.025530098
0,0,0.012456621
0,0,0.16189818
0,0,0.098221794
0,0,0.011711605
0,0,0.053031486
0,0,0.09887731
0,0,0.07781478
0,0,0.0028620563
0,0,0.13236801
0,0,0.0068314015
0,0,0.1873068
0,0,0.013406308
0,0,0.012868864
0,0,0.17449857
0,0,0.0012563523
0,0,0.0065825866
0,0,0.039535075
0,0,0.32617876
0,0,0.10788985
1,0,0.086719036
0,0,0.020171324
0,0,0.03692374
1,0,0.15359361
0,0,0.24101979
0,0,0.011925463
0,0,0.38036183
0,0,0.0062738582
0,0,0.03551804
0,0,0.031222368
0,0,0.01081144
0,0,0.07654664
0,0,0.2920373
0,0,0.1252218
0,0,0.036811374
0,0,0.002097994
0,0,0.18519588
0,0,0.032459058
0,0,0.009428702
0,0,0.012306714
0,0,0.03337408
0,0,0.010248573
0,0,0.05717631
0,0,0.11019696
0,0,0.097558156
0,0,0.03459132
0,0,0.021225855
1,0,0.25548762
0,0,0.012630168
0,0,0.0364046
0,0,0.013917358
0,0,0.0006710882
0,0,0.13600129
0,0,0.008393957
1,0,0.04215775
0,0,0.18894377
0,0,7.53685e-05
0,0,0.016342634
0,0,8.952707e-05
0,0,0.07453893
0,0,0.0004259518
0,0,0.05046004
0,0,0.0315115
0,0,0.3449753
0,0,0.009308869
0,0,0.0090341
0,0,0.021627225
0,0,0.036861043
0,0,0.15622923
0,0,9.9152545e-05
0,0,0.0002723537
0,0,0.10496934
0,0,0.011771057
0,0,0.01576797
0,0,0.009868029
0,0,0.023275588
0,0,0.0034482712
1,0,0.14022559
0,0,0.016905893
0,0,0.004098335
0,0,0.00020503272
0,0,0.00023200053
0,0,0.07400748
0,0,0.00088005763
0,0,0.0013542746
0,0,0.006842575
0,0,0.08277719
0,0,0.061385855
0,0,0.010339891
0,0,0.05257286
0,0,0.01879407
0,0,0.074242614
0,0,0.004467402
0,0,0.11074468
0,0,0.18678601
0,0,0.0002954026
0,0,0.006001806
0,0,0.07947381
0,0,0.010133846
0,0,0.0013298488
0,0,0.028489202
0,0,0.012752396
0,0,0.30468333
0,0,0.23123372
0,0,0.01080989
0,0,0.031707693
0,0,0.008257122
0,0,0.06216685
0,0,0.0023124942
0,0,0.070733055
0,0,0.104947574
0,0,0.0312626
0,0,0.0048718774
0,0,0.022001175
0,0,0.00097531185
0,0,0.00018332935
0,0,0.021857532
1,1,0.51946425
0,0,0.04126561
0,0,0.0025457686
0,0,0.03681144
0,0,0.01942844
0,0,0.0037251208
0,0,0.086978704
0,0,0.0014815496
0,0,0.24301197
1,0,0.4649216
0,0,0.07613967
0,0,0.048512254
0,0,0.009390842
0,0,0.1553979
0,0,0.006152887
0,0,0.019596048
0,0,0.014846608
0,0,0.16341105
0,0,0.00015048517
0,0,0.0011848836
1,0,0.05969539
0,0,0.10809507
0,0,0.12674046
0,0,0.00047300095
0,0,0.021969417
0,0,0.0077443533
0,0,0.0020633542
0,0,0.0017745906
0,0,0.0051134406
0,0,0.27464798
0,0,0.00028449597
0,0,0.004872573
0,0,0.047168497
0,0,0.030114803
0,0,0.35455012
1,0,0.27023676
0,0,0.01844522
0,0,0.11832123
0,0,0.0027333626
1,0,0.052263632
0,0,0.007975131
0,0,0.13162391
0,0,0.029982317
0,0,4.7920144e-05
0,0,0.11883343
0,0,0.19695552
0,0,0.045574754
0,0,0.033072513
0,0,0.1883564
0,0,0.02112085
0,0,0.14013998
0,0,0.047160614
0,0,0.022766395
0,0,0.025761846
0,0,0.019141765
0,0,0.27854538
0,0,0.027408838
0,0,0.17009072
0,0,0.048010327
0,0,0.1593821
0,0,0.007886543
0,0,0.032111723
0,0,0.006655362
0,1,0.52896225
0,0,0.00025917604
1,1,0.78382844
1,0,0.12539202
0,0,0.0012338697
0,0,0.0037449084
0,0,0.05735753
0,0,0.09286206
0,0,0.015404332
0,0,0.003499938
0,0,0.13147354
0,0,0.0018938124
0,0,0.059840433
0,0,0.23881233
0,0,0.0022486805
0,0,0.0012210773
0,0,0.08048174
1,0,0.10773866
0,0,0.29519737
0,0,0.019998012
0,0,0.2076502
0,0,0.00027601892
0,0,0.029877637
0,0,0.013615109
0,0,0.112515084
0,0,0.0020284604
0,0,0.0003114565
0,0,0.060922932
0,0,0.006944703
0,0,0.020007545
0,0,0.037541643
0,0,0.01165033
0,0,0.011913725
0,0,9.270066e-05
0,0,0.035092134
0,0,0.0044374354
0,0,0.032663926
0,0,0.013781761
0,0,0.004872645
0,0,0.018236527
0,0,0.05118101
0,0,0.0031899044
0,0,0.07216573
1,0,0.03591536
0,0,0.06412311
0,0,0.17612208
0,0,0.4709433
0,0,0.31597608
0,0,0.03026858
0,0,0.036611203
0,0,0.11783823
0,0,0.019617967
0,0,0.05932098
0,0,0.21122104
0,0,0.117738485
0,0,0.056173615
0,0,0.053702187
1,0,0.10678057
0,0,0.037295606
0,0,0.006287271
0,0,0.06869856
0,0,0.20741336
0,0,0.003513835
0,0,0.013148647
0,0,0.010103808
0,0,0.0058000376
0,0,0.016998675
0,0,0.0021713441
0,0,0.030227583
0,0,0.10313572
1,0,0.05923553
0,0,0.15012091
0,0,0.024658667
0,0,9.319196e-05
0,0,0.0055182218
1,0,0.47935286
0,0,0.0029796017
0,0,0.0014132794
0,0,0.05494841
0,0,0.04377352
0,0,0.0026071526
0,0,0.03019809
0,0,0.00011992531
0,0,0.011823049
0,0,0.0030105552
0,0,0.027909385
0,0,4.687432e-05
0,0,0.013434479
0,0,0.0027435343
1,0,0.4002702
0,0,0.061266433
0,0,0.0073673734
0,0,0.0026782395
0,0,0.109780036
0,0,0.007973404
0,0,0.0515669
0,0,0.12546997
0,0,0.07420146
0,0,0.09716966
0,0,0.094473965
0,0,0.016334886
0,0,0.03425113
0,0,0.004281712
0,0,0.0011036095
0,0,0.057287835
0,0,0.0032281044
0,0,0.086588725
0,0,0.0067407037
0,0,0.06788906
0,0,0.18316852
0,0,0.053720374
0,0,0.06799668
0,0,0.21772337
0,0,0.0013148084
1,0,0.31062773
0,0,0.00070216705
0,0,0.019396376
0,0,0.037599023
0,0,0.009381855
0,0,0.0070812786
0,0,0.008055477
0,0,0.08439399
0,0,0.01821409
0,0,0.0011504134
0,0,0.07269702
0,0,0.007901103
0,0,0.022309566
0,0,0.0077451044
0,0,0.00819964
0,0,0.16396378
0,0,0.33962488
0,0,0.21722776
0,0,0.08499174
0,0,0.024409274
1,1,0.53615403
0,0,0.0018934852
0,0,0.21035577
0,0,0.0050642635
0,0,0.017499601
0,0,0.019896934
0,0,0.0024791355
0,0,0.17148389
0,0,0.10142932
0,0,0.2671339
0,0,0.024133708
1,0,0.012054041
0,0,0.027736962
1,0,0.12981318
0,0,0.124835916
0,0,0.15172435
0,0,0.003910404
0,0,0.24170862
0,0,0.07288611
0,0,0.03253512
0,0,0.02962768
0,0,0.3094383
0,0,0.07252233
0,0,0.0008988862
0,0,0.11569388
0,0,0.039574385
0,0,0.023994112
0,0,0.023769068
0,0,0.23121578
0,0,0.013840916
1,0,0.30146378
0,0,0.4996611
0,0,0.13750018
0,0,0.2444379
0,0,0.33683357
1,0,0.033043984
0,0,0.0056807655
0,0,0.003670177
1,0,0.017645622
0,0,0.0034680427
0,0,0.0038059314
0,0,0.0038200861
0,0,0.014744724
0,0,0.14629303
0,0,0.2992562
0,0,0.022421584
1,0,0.16088201
0,0,0.0054103346
0,0,0.018560514
0,0,0.029588696
0,0,0.0554707
0,0,0.0028497726
0,0,0.045497306
0,0,0.0035821947
0,0,0.037857994
0,0,6.6887755e-05
0,0,0.04774812
1,0,0.24145146
0,0,0.053861003
0,0,0.25301966
0,0,0.022820186
0,0,0.046963103
0,0,0.06121157
0,0,0.12975736
0,0,0.00047706606
0,0,0.13452516
0,0,0.26277432
0,0,0.028077247
0,0,0.0019560605
0,1,0.6003321
1,1,0.5852603
0,0,0.057127863
0,0,0.21622872
0,0,0.007096012
1,0,0.21683988
0,0,0.002455225
0,0,0.013504672
0,0,0.14049761
0,0,0.043295786
0,0,0.0753276
0,0,0.4637682
0,0,0.061379634
0,0,0.17190844
1,0,0.27280438
0,0,0.102627754
0,0,0.000306501
0,0,0.07019259
0,0,0.001909647
0,0,0.0065106447
0,0,0.046590317
0,0,0.22037727
0,0,0.0072342837
0,0,0.0567065
0,0,0.02630958
0,0,0.04143418
0,0,0.0029461514
0,0,0.060049944
0,0,0.0015097384
0,0,0.029023115
0,0,0.0011764875
0,0,0.07367684
0,0,0.0743107
0,0,0.020544669
0,0,0.007081908
0,0,0.010124183
0,0,0.137104
0,0,0.19642094
0,0,0.48730326
1,0,0.07850627
0,0,0.3554308
0,0,0.0016796651
0,0,0.020024301
0,0,0.05743969
0,0,0.18077068
0,0,0.05072706
0,0,0.01700969
0,0,0.00048734166
0,0,0.016417656
0,0,9.319196e-05
0,0,0.45114616
0,0,0.21847609
0,0,0.06936406
0,0,0.042516436
0,0,0.28593883
0,0,0.40190077
0,0,0.10911359
0,0,0.0015749518
0,0,0.0021508848
0,0,0.02354454
0,0,0.02216654
0,0,0.051777214
0,0,0.18608147
0,0,0.1024471
0,0,0.06004145
0,0,0.03457871
0,0,0.010635729
0,0,0.03995134
1,0,0.07405662
0,0,0.18636687
0,0,0.2594478
0,0,0.4016707
1,0,0.0090255365
0,0,0.1772263
0,0,0.038290054
0,0,0.004419127
0,0,0.06297965
1,0,0.393254
0,0,0.028698877
0,0,0.024983084
0,0,0.14867762
0,0,0.0012486635
0,0,0.024884313
0,0,0.0630353
0,0,0.15719686
0,0,0.00011994875
0,0,0.089952685
0,0,0.0107220495
0,0,0.022713888
0,0,0.03845728
1,0,0.2235827
1,0,0.15921998
0,0,0.30696166
0,0,0.007078362
0,0,0.30465356
0,0,0.014668251
1,0,0.45167813
1,0,0.29259658
0,0,0.0014147566
0,0,0.038414963
0,0,0.04692188
0,0,0.037048213
0,0,0.04798492
1,0,0.025815958
1,0,0.013436671
0,0,0.02327896
0,1,0.5151154
0,0,0.0030061288
0,0,0.05159908
0,0,0.04366007
0,1,0.53797114
1,0,0.28344542
0,0,0.047788493
0,0,0.0063143196
0,0,0.00088110985
0,0,0.0025286868
0,0,0.03587272
1,0,0.12768143
0,0,0.067975834
0,0,0.24836911
0,0,0.01253248
0,0,0.39661655
0,0,0.21390018
0,0,0.21363275
0,0,0.017513955
0,0,0.15121904
0,0,0.0037273443
0,0,0.13808577
0,0,0.0032615613
0,0,0.031638186
0,0,0.021881638
0,0,0.015813552
0,0,0.07055889
0,0,0.0026714671
0,0,2.0578453e-05
0,0,0.26607767
1,0,0.103380114
0,0,0.0033391009
0,0,0.020256422
0,0,3.0318537e-05
0,0,0.11420394
0,0,0.00020279236
1,0,0.026599646
1,0,0.11100999
0,0,0.07777015
0,0,0.042757645
0,0,0.052294094
0,0,0.00036812839
0,0,0.08192827
0,0,0.0013436748
0,0,0.03434885
1,1,0.67327964
0,0,0.041987263
0,0,0.04636218
0,0,0.0021258653
0,0,0.0029624132
0,0,0.10199512
0,0,0.0047258115
0,0,0.11566699
0,0,0.0025457686
0,0,0.0004012888
0,0,0.006593231
0,0,0.055092014
0,0,0.0075277546
0,0,0.011701311
1,0,0.49472824
0,0,0.123251475
0,0,0.06914366
0,0,0.030712673
0,0,0.025786402
0,0,0.08692797
0,0,0.00069344515
0,0,0.013869294
0,0,0.0019348826
0,0,0.005104395
0,0,0.002616684
1,0,0.25005963
0,0,0.0015571128
0,0,0.06555075
0,0,0.1803857
0,0,0.21865049
0,0,0.18729204
0,0,0.010763669
0,0,0.18289156
1,0,0.111435376
0,0,0.0054309624
0,0,0.06841758
0,0,0.012663084
0,0,0.06799993
0,0,0.018604195
0,0,0.075485215
0,0,0.17179662
0,0,0.006419934
0,0,0.021371664
0,0,0.0018639448
0,1,0.5722019
0,0,0.0040575527
0,0,0.00015033787
0,0,0.15112087
0,0,0.18682356
0,0,0.007479456
0,0,0.25343004
0,0,0.034841646
0,0,0.24746567
0,0,0.0034343188
0,0,0.008216013
0,0,0.05737443
0,0,0.001329384
0,0,0.2235112
0,0,0.36470914
0,0,0.0007337406
0,0,0.12761497
0,0,0.20705344
0,0,0.08406546
0,0,0.09713907
0,0,0.18218939
0,0,0.42932305
0,0,0.0052880216
0,0,0.035390418
0,0,0.00041412518
0,0,0.0022833657
0,0,0.004143427
1,0,0.26715225
1,1,0.511325
0,0,0.09548644
1,0,0.1381819
0,0,0.2927038
0,0,0.0031974749
0,0,0.008803254
1,0,0.44958314
1,0,0.257544
1,0,0.07826528
0,0,0.005711028
0,0,0.03622937
0,0,0.013871845
0,0,0.0008582947
0,0,0.30816224
0,0,0.00016392954
0,0,0.008157826
0,0,0.000505313
0,0,0.035300948
0,0,0.07725056
0,0,0.00449797
0,0,0.0022025723
1,0,0.12398443
1,0,0.1373108
0,0,0.03023129
0,0,0.01585558
1,0,0.10833514
0,0,0.0010267264
0,0,0.045533516
0,0,0.137603
0,0,0.012059374
0,0,0.007834781
0,0,0.031984862
0,0,0.014595
0,0,0.029074116
0,0,0.005362589
0,0,0.0036826443
0,0,0.055661198
0,0,0.013434776
0,0,0.00021232077
0,0,0.07514493
0,0,0.040965628
0,0,0.11152698
0,0,0.22213666
1,0,0.058905534
0,0,0.023189416
0,0,6.866e-05
0,0,3.0318537e-05
0,0,0.04873217
0,0,0.30292177
0,0,0.09855313
0,0,0.17550136
0,0,0.008611541
0,0,0.00072697195
0,0,0.11585273
0,0,0.008357352
0,0,0.08647245
0,0,0.0036586765
0,0,0.010572714
0,0,0.18451473
0,0,0.17144285
0,0,0.006301184
0,0,0.009299819
0,0,0.009305524
0,0,0.04188105
0,0,0.015141939
0,0,0.032040957
0,0,0.020242898
0,0,0.050844323
0,0,0.15686311
0,0,0.00040255085
0,1,0.7220445
0,0,0.009506797
0,0,0.092248395
1,0,0.18213649
0,0,0.0013739929
0,0,0.037576202
0,0,0.035306808
0,0,0.06309754
0,0,6.866e-05
0,0,0.0017896957
1,0,0.08997351
0,0,0.007862455
0,0,0.0074464944
0,0,0.009925518
0,0,0.021743683
0,0,0.011686117
0,0,0.0008196571
0,0,0.09720476
0,0,0.23768976
0,0,0.04852544
0,0,0.012967445
0,0,0.022163592
0,0,0.02127313
0,0,0.023181707
0,0,0.004991661
0,0,0.10037482
0,0,0.024064127
1,0,0.062390074
0,0,0.047369204
0,0,0.0072218087
0,0,0.2557595
0,0,0.01246389
0,0,0.06631813
0,0,0.009727938
0,0,0.22795986
0,0,0.35835913
0,1,0.66198426
1,0,0.04678994
0,0,0.0030000156
0,0,0.0079807695
0,0,0.1443107
0,0,0.04673506
0,0,0.21944247
1,0,0.20991407
0,0,0.0009810878
0,0,0.015663184
0,0,0.28462738
1,0,0.26703948
0,0,0.0031081322
0,0,0.0046637855
0,0,0.12527697
0,0,0.26679137
0,0,0.02266032
0,0,0.006762176
0,0,0.0019326821
0,0,0.18853028
0,0,0.061763894
0,0,0.0018104721
0,0,0.009103919
0,0,0.005302166
0,0,0.0018391492
0,0,0.3018102
0,0,0.020995434
0,0,0.05906437
0,0,0.11104028
0,0,0.0068024304
0,0,0.0022478772
0,0,0.23382019
0,0,0.024775483
0,0,0.101459
0,0,0.0029999057
0,0,0.12906408
0,0,0.022683535
0,0,0.004019043
0,0,0.001093854
0,0,0.094662234
0,0,0.021223431
0,0,0.0064523593
0,0,0.015322555
0,0,0.049845025
0,0,0.093986444
0,0,0.049802683
0,0,0.06394637
0,0,0.028575229
0,0,0.005663973
0,0,0.16793782
1,1,0.9061747
0,0,0.16460088
0,0,0.0035141238
0,0,0.027583707
0,0,0.10753842
0,0,0.11440205
0,0,0.0028350102
0,0,0.08666107
0,0,0.04739584
0,0,0.0049737147
0,0,0.0028799113
0,0,0.022617007
0,0,0.00018565434
0,0,0.038903352
0,0,0.033880726
0,0,0.050820608
0,0,0.0044986447
0,0,0.0007624087
0,0,0.26042667
0,0,0.000306501
0,0,0.00505643
0,0,0.056753512
0,0,0.051504165
0,0,0.030733056
0,0,0.329347
0,0,0.048281834
0,0,0.027190225
0,0,0.062285736
0,0,0.034128707
0,0,0.04876328
0,0,0.00020623599
0,0,0.017047387
0,0,0.04372583
0,0,0.07040682
0,0,0.13824771
0,0,0.0072798673
0,0,0.012769805
0,0,0.053529162
0,0,0.007130072
0,0,0.011783932
0,0,0.3519862
0,0,0.06288708
0,0,0.36871824
0,0,0.12781765
0,0,0.01672043
0,0,0.030563205
0,0,0.0014302942
0,0,0.10013857
0,0,0.00016664006
0,0,0.037392233
0,0,0.0013241684
0,0,0.0065901866
0,0,0.00039371033
0,0,0.05158703
0,0,0.046213705
0,0,0.2797424
0,0,0.039196264
0,0,0.0064223465
0,0,0.29055488
0,0,0.1846615
0,0,0.010892326
0,0,0.37355447
0,0,0.3264864
0,0,0.067915946
0,0,0.0016003723
1,0,0.04910257
0,0,0.09200021
0,0,0.06351565
0,0,0.041476328
0,0,0.2564913
0,0,0.04226157
0,0,0.16139042
0,0,0.0046183015
0,0,0.13446483
0,0,0.025282888
0,0,0.00017270258
0,0,0.0054877703
0,0,0.08724934
1,0,0.15691888
0,0,0.0012210773
0,0,0.105557635
0,0,0.08408375
0,0,0.014052458
0,0,0.011537065
0,0,4.687432e-05
0,0,0.0024753415
1,0,0.030314047
0,0,0.016694399
0,0,0.38127574
0,0,0.07446359
0,0,0.0017764507
0,0,0.0158469
1,0,0.39789483
0,0,0.014310653
0,0,0.044948272
0,0,0.08421368
0,0,0.00027403972
0,0,0.0016108443
0,0,0.039158795
0,0,0.2122388
0,0,0.24910116
0,0,0.11609391
0,0,0.014321964
0,0,0.122145854
0,0,0.018851567
0,0,0.1587831
0,0,0.0064444994
0,0,0.20978746
0,0,0.0009450665
0,0,0.45565605
0,0,0.06788714
0,0,0.05712559
0,0,0.06308089
0,0,0.004418756
0,0,0.04245856
0,0,0.05056568
0,0,0.010924455
1,0,0.09090564
0,0,0.055982318
0,0,0.0061431183
0,0,0.033942793
0,0,0.11022088
0,0,0.0008452329
0,0,0.0009688663
0,0,0.0035985096
0,0,0.0001190674
0,0,0.009072319
1,0,0.043188587
0,0,0.11123188
1,0,0.1804247
0,0,0.06299946
0,0,0.04088562
0,0,0.041866563
0,0,0.007915068
0,0,0.09875513
0,0,0.0066773514
0,0,0.04972398
0,0,0.01972782
0,0,0.013111729
0,0,0.10943585
0,0,0.072598524
0,0,0.0045537073
0,0,0.023560705
0,0,0.13535662
0,0,0.0015416546
0,0,0.009376893
0,0,0.3095128
0,0,0.091302946
0,0,0.042438142
0,0,0.00021804009
0,0,0.008829906
0,0,0.31827062
0,0,0.005264522
0,0,0.20220995
0,0,0.07962036
0,0,9.319196e-05
0,0,0.2504822
0,0,0.05594027
0,0,9.319196e-05
0,0,0.103922054
0,0,0.00031523668
1,0,0.2908769
0,0,0.0011971331
0,0,0.011765123
1,0,0.09606906
0,0,0.044343792
0,0,0.00037037654
0,0,0.004701196
0,0,0.09191222
0,0,0.0005363262
0,0,0.018247493
0,0,0.0017599025
0,1,0.5107432
0,0,0.022240028
0,0,0.008817838
0,0,4.504236e-05
0,0,0.0021576807
0,0,0.11948424
1,0,0.18703529
0,0,0.12869819
0,0,0.036252636
0,0,0.024391316
0,0,0.010399506
0,0,0.016005
0,0,0.07516843
0,0,0.0010196369
0,0,0.24817432
0,0,0.13388054
0,0,0.002422507
0,0,0.0044374354
0,0,0.28837433
0,0,0.05591174
0,0,0.2819416
0,0,0.03019802
0,0,0.07157033
0,0,0.11077002
0,0,0.26249963
0,0,0.019019835
0,0,0.00046289098
0,0,0.023396622
0,0,0.0012832101
0,0,0.006472646
1,0,0.023423206
0,0,0.012478331
0,0,0.0024375163
0,0,0.4293131
0,0,0.099623494
0,0,0.0098430645
0,0,0.0001582674
0,0,0.072412044
0,0,0.07441308
0,0,0.40106913
0,0,0.014029703
0,0,0.004355245
0,0,7.4113406e-05
0,0,0.042078145
0,0,0.03147723
0,0,0.20221753
0,0,0.005951052
0,0,0.01089509
0,0,0.051418196
0,0,0.0017092575
0,0,0.0019990013
0,0,0.0019059425
0,0,0.031308938
0,0,0.017008772
0,0,0.4623979
0,0,0.0015151514
0,0,0.09357698
0,0,0.0018549256
0,0,0.015595225
0,0,0.0011430433
0,0,0.014378369
1,0,0.14177495
0,0,0.0071147997
0,0,0.40922156
0,0,0.0006840113
0,0,0.03133449
1,0,0.04084001
0,0,0.073760405
0,0,0.070690595
0,0,0.00010525347
0,0,0.1481433
1,0,0.34500533
0,0,0.012656551
0,0,0.3471571
0,0,0.00093342806
0,0,0.0013477716
0,0,0.00021560788
0,0,0.003344097
0,0,0.09066688
0,0,0.102703266
0,0,0.017394636
0,0,0.0017958772
0,0,0.3042048
0,0,0.096577115
1,0,0.089036904
0,0,0.00018113584
1,0,0.007862124
0,0,0.19233823
0,0,0.006932451
0,0,0.012116243
0,0,0.005343611
0,0,0.02386984
0,0,0.0041326056
0,0,0.09107582
0,0,0.005016795
0,0,0.003428289
0,0,0.0053259777
0,0,0.15276743
0,0,0.0045266417
0,0,0.0005352053
0,0,0.045506056
0,0,0.015655298
0,0,0.26036686
0,0,0.11595664
0,0,0.01601593
0,0,0.0015687468
0,0,0.018971011
0,0,0.021958841
0,0,0.029644178
0,0,0.22848731
0,0,0.09506612
0,0,6.153196e-05
1,0,0.11876924
0,0,0.04969212
0,0,0.038165443
0,0,0.003404741
0,0,0.12931217
1,0,0.08712455
0,0,0.0028005072
0,0,0.024743496
0,1,0.5165782
0,0,0.01895992
0,0,0.008595013
0,0,0.3616548
0,0,0.086267754
0,0,0.03888584
0,0,0.024044907
0,0,0.011443243
0,0,0.02222604
0,0,0.020287111
0,0,0.0017255577
0,0,0.0015714722
1,0,0.29144728
0,0,0.0030839648
0,0,0.00011275006
0,0,0.08975529
0,0,0.12261139
0,0,0.09020403
0,0,0.061452497
0,0,0.17190272
0,0,0.046987206
0,0,5.027674e-05
0,0,0.06544078
0,0,0.04571512
0,1,0.5433905
0,0,0.032410514
0,0,0.0026839848
0,0,0.0021918935
0,0,0.41337243
0,0,3.0318537e-05
0,0,0.21878861
0,0,0.09978839
0,0,0.017212873
0,0,0.12239799
1,1,0.56057644
0,0,0.083017305
1,0,0.39554527
0,0,0.19810621
0,0,0.00041432996
1,0,0.17276393
0,0,0.35974243
1,1,0.60323644
0,0,0.07870026
0,0,0.08455467
0,0,0.14798525
0,0,0.0018979269
0,0,0.09300325
0,0,0.22064619
1,0,0.029907474
0,0,0.061588198
0,0,0.47406855
0,0,0.007451708
0,0,0.001333798
0,0,0.0011015476
0,0,0.0016839388
0,0,0.045007948
0,0,0.000715182
0,0,0.000306501
0,0,2.7158589e-05
0,0,0.0064770477
0,0,0.4598124
0,0,0.03838789
0,0,0.019732276
0,0,2.0578453e-05
0,0,0.16291471
0,0,0.014923045
0,0,0.1156961
0,0,0.06657732
0,0,0.19424476
0,0,0.00088773895
0,0,0.2565366
0,0,0.0053756675
1,0,0.041817185
0,0,0.13631225
0,0,0.020802528
0,0,0.052869376
0,0,0.40141106
0,0,0.0147882
0,0,0.004599748
0,0,0.043570682
0,0,0.08450625
0,0,0.021130458
0,0,0.016990334
0,0,0.010637084
0,0,0.0432311
0,0,0.014345658
0,0,0.14466596
0,0,0.30577487
0,0,0.10130494
0,0,0.45387626
0,0,0.017491996
0,0,0.0055166357
0,0,0.16793211
0,0,0.0426251
0,0,0.0016906841
0,0,0.10066901
0,0,0.3102545
0,0,0.0018539813
0,0,0.060933113
0,0,0.05090258
0,0,0.0012261642
0,0,0.08525014
0,0,0.0036712687
0,0,0.25658903
0,0,0.0018062338
0,0,0.0025199172
0,0,0.35888502
0,0,0.10982512
0,0,0.117913224
0,0,0.01210789
0,0,0.007800543
0,0,0.008599853
0,0,0.0019899283
0,0,0.018096197
0,0,0.1854768
0,0,0.043478426
0,0,0.021424582
0,0,0.10028732
0,0,0.014144286
0,0,0.03344824
0,0,0.008257704
0,0,0.044122256
0,0,0.007087936
0,0,0.19457336
0,0,0.0023384697
0,0,0.003866227
0,0,3.139257e-05
0,0,0.004433618
0,0,0.05482689
1,0,0.027869971
0,0,0.17010857
0,0,0.034708433
0,0,0.05150566
0,0,0.010964742
0,0,0.08802253
0,0,0.00016060966
0,0,3.139257e-05
0,0,0.08134633
0,0,0.0005791313
1,0,0.1007955
0,0,0.44776067
0,0,0.16928463
0,0,0.088394955
0,0,0.13733187
0,0,0.005424221
0,0,0.013933832
0,0,0.008925913
0,0,0.11279272
0,0,0.1146469
0,0,0.084950775
0,0,0.0021438655
0,0,0.033580057
1,0,0.40375885
0,0,0.006228661
0,0,0.010210818
1,0,0.08030165
0,0,0.25914568
0,0,0.10919856
0,0,5.6959056e-05
1,0,0.037414912
0,0,0.010551504
0,0,0.0052571353
0,0,0.073461965
0,0,0.00093758886
0,0,0.052465443
0,0,0.050527073
0,0,0.13793668
0,0,0.01735125
0,0,0.00798677
0,0,0.01077876
0,0,0.0102593545
0,0,0.07140034
0,1,0.6192529
0,0,0.17706765
0,0,0.00040312382
0,0,0.0007060718
0,0,0.004355216
0,0,0.042979404
0,0,0.066068135
0,0,0.03419759
0,0,0.0014545711
0,0,0.021535078
0,0,0.12821041
0,0,0.23209397
0,0,0.022583826
0,0,0.0065233214
0,0,0.0014276706
0,0,0.056165285
0,0,0.06157454
0,0,0.17145458
0,0,0.21363586
0,0,0.08012334
0,0,0.014081437
1,0,0.114157535
0,0,0.00016553483
0,0,0.20161337
0,0,0.048213165
0,0,0.031573728
0,0,0.06718572
0,0,0.28671834
0,0,0.0010260405
0,0,0.041729152
0,0,0.0014273239
1,0,0.15070614
0,0,0.010724958
0,0,0.19910099
0,0,0.054863714
0,0,0.061320744
0,0,0.0013776664
0,0,0.00603189
0,0,0.069837615
0,0,0.022835644
0,0,6.866e-05
0,0,0.42684692
0,0,0.37497482
0,0,0.020765996
0,1,0.50179917
0,0,0.002140349
0,0,0.09039692
0,0,0.03624961
0,0,0.17101939
0,0,0.027993089
0,0,0.37299266
0,0,0.0674926
0,0,0.049564723
0,0,4.687432e-05
0,0,0.065722555
0,0,0.30752748
0,0,0.005838607
0,0,0.013042673
0,0,0.1433245
0,0,0.06339056
0,0,0.0009077317
0,0,0.026463274
0,0,0.1994177
0,0,0.0009223335
0,0,0.009936024
0,0,0.07287341
0,0,0.056125294
0,0,0.053072162
0,0,0.29069772
0,0,0.009211911
1,1,0.59037143
1,0,0.2766858
0,0,0.026661428
0,0,0.16007048
0,0,0.0010786523
0,0,0.017188618
0,0,0.00063708803
0,0,0.0039469604
0,0,0.0035508166
0,0,0.04185301
0,0,0.01517412
0,0,0.001894961
0,0,0.00016681557
0,0,0.1231269
0,0,0.031811956
0,0,0.016149607
0,0,0.0021375227
1,0,0.14902936
0,1,0.5632655
1,0,0.08054226
0,0,0.06180373
0,0,0.31174076
0,0,0.108893655
1,1,0.5288434
0,0,0.005963745
0,0,0.10521987
0,0,0.036548615
0,0,0.04091722
0,0,0.0147283515
0,0,0.10287261
0,0,0.0050988873
0,0,0.008980823
0,0,0.020072779
0,0,0.00022741774
1,0,0.3050377
0,0,6.241387e-05
1,0,0.30622402
0,0,0.057413477
0,0,0.115305275
0,0,0.009291208
1,0,0.06946055
0,0,0.039643206
0,0,0.0888156
1,0,0.24396433
0,0,0.0020853342
0,0,0.022896342
0,0,0.0013211507
0,0,0.045461193
0,0,0.29546246
0,0,0.008554549
0,0,0.006353424
0,0,0.052212168
0,0,0.027868815
0,0,0.022354806
0,0,0.004325173
0,0,0.18415433
1,0,0.016470794
0,0,0.02099347
0,0,0.011512316
0,0,0.021500034
0,0,0.012528133
0,0,0.07049052
0,0,0.022340814
0,0,0.04712754
0,0,0.013198286
0,0,0.006604165
0,0,0.00075313286
0,0,0.058273252
0,0,0.06778687
0,0,0.002347029
0,0,0.16266423
0,0,0.058900464
0,0,0.03163343
0,0,0.051046323
0,0,0.035824865
0,0,0.012193289
1,0,0.04350068
1,1,0.6505314
0,0,0.07983732
0,0,0.37003896
0,0,0.2667644
0,0,0.012134725
0,0,0.28932023
0,0,0.09999084
0,0,0.3908151
0,0,0.013451161
0,0,0.00028672148
0,0,0.030110098
0,0,0.3110729
0,0,0.00028343254
0,0,0.040044885
0,0,0.2408802
0,0,0.15375839
1,0,0.31125262
0,0,0.04928114
0,0,0.023824291
0,0,0.026299957
0,0,5.3566113e-05
0,0,0.00037037654
0,0,0.0013130521
0,0,0.0024476256
0,0,0.035108663
0,0,0.17255934
0,0,0.0055692648
0,0,0.089701965
0,0,0.03237949
0,0,0.0024316923
0,0,0.0039358614
0,0,0.11242063
0,0,0.22209759
0,0,0.059738595
0,0,0.0020817006
0,0,0.060975503
0,0,3.8937087e-05
0,0,0.0048655467
0,0,0.010796396
0,0,0.000975561
0,0,0.062792756
0,0,0.07968178
0,0,0.005448205
0,0,0.014303141
0,0,0.004424667
0,0,0.05731168
0,0,0.08600464
0,0,0.13131544
0,0,0.0072141206
0,0,0.005286484
0,0,0.14454156
0,0,0.46804655
0,0,0.017122418
0,0,0.08427548
0,0,0.08856022
0,0,0.29164118
0,0,0.32435635
0,0,0.0005012352
0,0,0.2440917
0,0,0.026168296
0,0,0.0011693015
0,0,0.003737488
0,0,5.193032e-05
0,0,0.061213713
0,0,0.01318774
0,0,0.004162185
0,0,0.10164718
0,0,0.002126957
0,0,0.014167837
0,0,0.02005146
0,0,3.1819054e-05
0,0,0.01196036
0,0,3.3378037e-05
0,0,0.0020483725
0,0,4.7193716e-05
0,0,0.026522957
0,0,0.004610973
0,0,0.07282878
0,0,0.0028101278
0,0,0.009726056
1,0,0.297021
0,0,0.029532071
0,0,0.0011088173
0,0,0.08043499
0,0,0.28389478
0,0,0.00043093486
0,0,0.12512293
0,0,0.0028990419
0,0,0.012725691
0,0,0.0008396455
0,0,0.059672356
0,0,0.0043510124
0,0,0.07763582
0,0,0.0017473648
0,0,0.11252513
0,0,0.051392436
0,0,0.01131609
0,0,0.0065801707
0,0,0.030914739
0,0,0.05463304
0,0,0.015381048
0,0,0.0077476846
0,0,0.09183277
1,1,0.7715205
0,0,0.14595616
1,0,0.16201635
0,0,0.06426513
0,0,0.003650665
0,0,7.2138886e-05
1,0,0.1353547
0,0,0.00010525347
1,0,0.14698769
0,0,0.0071160425
0,0,0.013813722
1,0,0.022753244
0,0,7.069358e-05
0,0,0.08482195
0,0,0.028326401
0,0,9.713801e-05
0,0,0.36723265
0,0,0.016011888
0,0,0.26064032
0,0,0.0660065
0,0,0.36612356
1,0,0.034624193
0,0,0.08051779
0,0,0.0026368368
0,0,0.027002348
0,0,0.022792958
1,0,0.32844174
0,0,0.032307282
0,0,0.05444178
0,0,0.116854474
1,0,0.28797105
0,0,0.08962492
0,0,0.011805591
1,0,0.04382977
0,0,0.37212285
0,0,0.13683172
0,0,0.0097015705
0,0,0.13624217
1,1,0.82733583
0,1,0.6696516
0,0,0.16691926
0,0,0.19415615
0,0,0.17022075
0,0,0.20780559
0,0,0.01482022
0,0,0.03214692
0,0,0.012034778
1,0,0.100052066
0,0,0.01786672
0,0,0.07213954
0,0,0.10373464
0,0,0.004342508
1,0,0.2509257
0,0,0.006389435
0,0,0.0015463084
0,0,0.020501373
0,0,0.19033122
0,0,0.29799983
0,0,0.030708287
0,0,0.16468668
0,0,0.2114018
0,0,0.22880587
0,0,0.4781343
0,0,0.002491905
0,0,0.11672935
0,0,0.010891935
0,0,0.101157755
1,0,0.060718622
0,0,0.041651797
0,0,0.003616194
0,0,0.018213244
0,0,0.01748862
0,0,8.243236e-05
0,0,0.013015043
0,0,0.08908896
0,0,0.00033394032
0,0,0.26298428
0,0,0.3962693
0,1,0.58704174
0,0,0.00043487854
0,0,0.08827733
1,0,0.1721465
1,0,0.2373349
0,0,0.26472762
0,0,0.0042387345
0,0,0.040619824
0,0,0.017549764
0,0,0.027414389
0,0,0.012458849
1,1,0.63183945
0,0,0.012091924
0,0,0.0067576934
0,0,0.43151444
0,0,0.005265588
0,0,0.029014537
0,0,0.2559782
1,0,0.12383552
0,0,0.000444417
0,0,0.020280957
0,0,0.0019752127
0,0,0.023445958
1,0,0.30879092
0,0,0.008029989
0,0,0.23899253
0,0,4.0785297e-05
0,0,0.00029890932
0,0,0.012917001
0,0,5.615743e-05
0,0,0.08630601
0,0,0.1011819
0,0,0.00048676808
0,0,0.028425174
0,0,6.536751e-05
0,0,0.0001040233
1,0,0.147072
0,0,0.19124624
0,0,0.15914965
0,0,0.036431145
0,0,0.019718552
0,0,0.29500103
0,0,0.07137164
0,0,0.037016783
0,0,0.0021645897
0,0,0.012485073
0,0,0.005306529
0,0,0.020524079
1,0,0.110718995
0,0,0.024609711
1,0,0.008217023
1,0,0.19132079
0,0,0.0010427992
0,0,0.37317073
0,0,0.0063214204
0,0,0.081824444
0,0,0.014899244
0,0,0.046643212
0,0,0.0035189695
1,0,0.23988397
0,0,0.03979545
0,0,0.005094334
0,0,0.02922543
0,0,0.18827578
1,0,0.18696232
0,0,0.0009818592
0,0,0.12605919
0,0,0.022123635
0,0,0.15525764
0,0,5.928346e-05
0,0,0.008352259
0,0,0.062378895
0,0,0.00084054004
0,0,0.42864147
0,0,0.006511962
0,0,0.044478808
0,0,0.070695736
0,0,0.017131407
0,0,0.24365921
0,0,0.026349032
0,0,0.09248641
0,0,0.0060509485
0,0,0.116040155
1,0,0.04864377
0,0,0.0015055033
0,0,0.024650771
0,0,0.01868927
1,1,0.55844516
0,0,0.02467657
0,0,0.007430057
0,0,0.00099113
0,0,0.42122132
0,0,0.005040383
0,0,0.0043865247
0,0,0.07430251
0,0,0.03395761
0,0,0.061237976
0,0,0.10739027
0,0,0.02033591
0,0,0.11343449
0,0,0.009732698
0,0,0.22422728
0,0,0.0054255025
0,0,0.052337598
0,0,0.15766773
0,0,0.10658076
0,0,0.22613983
0,0,0.07157781
0,0,0.11389615
0,0,0.3046359
0,0,0.002097542
0,0,0.0035774577
0,0,0.18010189
0,0,0.0062419423
1,0,0.032939203
0,0,0.0171336
0,0,0.0028350397
0,0,0.0040294607
1,0,0.3855816
1,0,0.03526695
0,0,0.1913341
0,0,0.00038528413
0,0,0.0027429173
0,0,0.0027984907
0,0,0.02270218
0,0,0.07759375
0,0,0.007152271
0,0,0.085596725
0,0,0.12993233
0,0,0.10409769
0,0,0.1041821
0,0,0.016477538
0,0,0.0009121682
0,0,0.009995931
0,0,0.010370765
0,0,0.082142964
1,0,0.3274603
0,0,0.016401025
0,0,0.0056739985
1,0,0.19971544
0,0,0.0034641523
0,0,0.013827754
0,0,0.0068926634
1,0,0.27743354
0,0,0.23847999
0,0,0.0010206292
0,0,0.020214789
0,0,0.0023932036
0,0,0.08744084
1,0,0.28358424
0,0,0.2747562
0,0,0.0017263448
0,0,0.0072734947
0,0,0.0111184735
0,0,0.010821143
0,0,0.0032151192
0,0,0.0087809265
0,0,0.39693514
0,0,0.004436121
1,0,0.059789028
0,0,0.15765756
0,0,0.00571682
0,0,0.003728669
0,0,0.057832055
0,0,0.17422242
0,0,0.11816172
0,0,0.116098665
0,0,0.0026272146
0,0,0.006776658
0,0,0.116147816
0,0,0.0018192729
0,0,0.017607203
1,1,0.56690323
0,0,0.00068268995
0,0,0.00015299954
0,0,0.09403659
0,0,0.0012510981
0,0,0.15767078
1,0,0.41445914
0,0,0.03760135
0,1,0.598189
0,0,0.041158546
0,0,0.0020470435
0,0,0.0033166837
0,0,0.01258319
0,0,0.0024444307
0,0,0.023314606
0,0,0.07012701
0,0,0.046367105
0,0,0.06748775
0,0,0.00016216977
0,0,0.025901949
0,1,0.5690235
0,0,0.0174177
0,0,0.007217509
0,0,0.20812108
0,0,0.02845462
0,0,0.00093684945
0,0,0.2397189
1,0,0.22412725
0,0,0.025805905
0,0,0.11434837
0,1,0.5361822
0,0,0.027535047
1,0,0.14026874
0,0,0.025599893
0,0,0.0036569927
0,0,0.06827945
0,0,0.115223266
0,0,0.0136416275
0,0,0.019114643
0,0,0.040542528
0,0,0.01656717
0,0,0.11727432
1,0,0.11922357
0,0,0.0015932423
0,0,0.13728343
0,0,0.002885882
0,0,0.042273596
0,0,0.12455459
1,0,0.05327929
0,0,0.012432851
0,0,0.03449933
0,0,0.08661416
0,0,0.00853216
0,0,0.0001159524
0,0,0.0017938748
0,0,0.0052673793
0,0,0.03880808
0,0,0.011084467
0,0,0.041007888
0,0,0.0016999956
0,0,0.016209554
0,0,0.07247978
0,0,0.003505012
0,0,0.02068713
0,0,0.112247646
0,0,0.028653739
0,0,0.055117104
1,0,0.02511433
0,0,0.03514707
0,0,0.111653574
0,0,0.0002561385
0,0,0.019413605
0,0,0.02132956
0,0,0.0005634497
0,0,0.0053403014
0,0,0.033201557
0,0,0.035110768
0,0,0.0040157153
0,0,0.03074831
0,0,0.2696624
0,0,0.0008364019
0,0,0.0076195225
0,0,0.04474527
0,0,0.12806095
0,0,0.123713635
0,0,0.038425878
0,0,0.049949788
0,0,0.00076593726
0,1,0.5916322
0,0,0.18012504
0,0,0.059275273
0,0,0.024640756
0,0,0.0031974246
0,0,0.0047456096
1,0,0.06775765
0,0,0.23278667
0,0,0.012186198
0,0,0.018211424
0,0,0.004181674
0,0,0.010585006
0,0,0.112957366
0,0,0.04730677
0,0,0.011475519
0,0,0.016719405
0,0,0.13676833
0,0,0.14668982
0,0,7.071819e-05
0,0,0.0075064665
0,0,0.051488936
0,0,0.0038808712
0,0,0.007053966
0,0,0.21079138
0,0,0.045200754
0,0,0.007205274
0,0,0.00055685773
1,0,0.0946764
0,0,0.031124894
0,0,0.008317029
0,0,0.39761475
1,0,0.32984096
0,0,0.23989308
0,0,0.009992025
0,0,0.01773203
0,0,0.04500233
0,0,0.010219506
0,0,0.18492526
0,0,0.06437901
0,0,0.33098453
0,0,0.11023743
0,0,0.26222774
0,0,0.020586565
0,0,3.467573e-05
0,0,0.0040325695
0,0,0.0007857427
0,0,0.0025193037
0,0,0.001909647
0,0,0.10964035
0,0,3.1819054e-05
0,0,0.015952406
0,0,0.071019776
0,0,0.059301198
0,0,0.0013637968
0,0,0.03713028
0,0,0.00016060966
0,0,0.05615242
0,0,0.010552445
0,0,0.012501392
0,0,0.06110345
0,0,0.014588617
0,0,0.0021740391
0,0,0.005402348
0,0,0.27240086
0,0,0.14833435
0,0,0.07159811
0,0,0.047566105
0,0,0.02481413
0,0,0.42774543
0,0,0.23689792
0,0,0.1455114
0,0,0.31456015
1,0,0.14450583
0,0,0.16927882
0,0,0.024064016
0,0,0.0023219527
0,0,0.04280997
0,0,0.0004688614
0,0,0.3698302
0,0,0.016050024
0,0,0.000121733145
0,0,0.007105798
0,0,0.3683802
0,0,0.069404446
0,0,0.002107685
0,0,0.020434208
0,0,0.01437091
0,0,0.102448896
0,0,0.0027232068
0,0,0.0060084662
1,0,0.030885095
1,0,0.4167008
0,0,0.026263013
0,0,0.012124681
0,0,0.029806968
0,0,0.00060880283
1,0,0.049008314
0,0,0.0031472477
0,0,0.009337805
0,0,0.049898073
0,0,0.00013844049
1,0,0.202895
0,0,0.101810284
1,0,0.23492761
0,0,0.17696834
0,1,0.56474674
0,0,9.6325275e-05
0,0,0.30849713
0,0,0.03853913
0,0,0.10970158
0,0,0.12089203
0,0,0.014151224
0,0,0.30403712
0,0,0.016800629
0,0,0.05878758
0,0,0.04279476
0,0,0.017651614
0,0,0.008383977
0,0,0.08438624
0,0,0.00024061075
0,0,0.0015519741
0,0,0.004566198
0,0,0.047281213
0,0,0.0029382522
0,0,0.0070068142
0,0,0.0024639093
0,0,0.0070171193
1,0,0.17477044
0,0,0.035072077
0,0,3.606488e-05
0,0,0.0007446982
0,0,0.022789832
0,0,0.0110263135
0,0,0.03389698
0,0,0.0055631544
1,0,0.09082229
0,0,0.0035405348
0,0,0.020373268
0,0,0.0023033472
0,0,0.0008820187
0,0,0.0006569132
0,0,0.22094646
0,0,0.23309153
0,0,0.0009971177
0,0,0.06713151
0,0,0.011311466
0,0,0.11839973
1,0,0.21687517
0,0,0.05175119
0,1,0.65274155
0,0,0.23380794
0,0,0.09190977
0,0,0.0038601994
0,0,0.11900288
0,0,0.29978898
0,0,0.23867983
0,0,0.00015371505
0,0,0.06715851
0,0,0.1362403
0,0,0.018355547
1,0,0.00562631
1,0,0.34437943
0,0,0.0062923315
0,0,0.010541274
0,0,0.04759069
0,0,0.025173869
0,0,0.043580044
0,0,8.1518854e-05
1,0,0.031925805
0,0,0.11988661
0,0,0.19102402
0,0,0.014066239
0,0,0.32241175
0,0,0.0012990148
0,0,6.0643943e-05
0,0,0.0033431165
1,0,0.12740095
0,0,0.123408094
0,0,0.02136051
0,0,0.0015081973
0,0,0.009137998
0,0,0.05723149
0,0,0.005397866
0,0,0.008718144
0,0,0.367562
0,0,0.007905874
0,0,0.21244955
0,0,0.010995895
1,0,0.09137223
0,0,0.01624973
0,0,0.02666957
0,0,0.019754278
0,0,0.00017386148
0,0,0.26309907
1,0,0.13387279
0,0,0.0015312786
0,0,0.022713596
0,0,0.048977755
0,0,0.002617696
0,0,0.0038326217
1,0,0.03988439
0,0,0.06781586
1,0,0.22993572
1,0,0.14924917
0,0,0.34234998
0,0,0.0024267293
0,0,0.011330488
0,0,0.45947483
1,0,0.20533451
0,0,0.0048032477
0,0,0.090298116
0,0,0.017237196
0,0,9.0512614e-05
0,0,0.38314384
0,0,0.0115916515
0,0,0.10985954
0,0,0.00015367269
0,0,0.21311043
0,0,0.010983803
0,0,0.0209332
0,0,0.0021919028
0,0,0.00017018449
0,0,0.0056473655
0,0,0.04964682
0,0,0.28849778
0,0,0.16929056
0,0,6.240524e-05
0,0,0.022463098
0,0,6.477077e-05
0,0,0.0044911597
0,0,0.003125364
0,0,0.08396446
0,0,0.12163917
0,0,0.013542669
0,0,0.00016681557
0,0,0.038918227
0,0,0.00019019087
0,0,0.0050928723
0,0,0.00057974627
0,0,0.0036504571
0,0,0.008333863
0,0,0.043391563
0,0,0.02966005
0,0,0.053941015
0,0,0.018093929
0,0,0.09118414
0,0,0.031106127
0,0,0.0024109443
0,0,0.0023691605
0,0,0.028707556
0,0,0.0074513704
0,0,0.03658965
0,0,0.054428305
0,0,0.01587097
0,0,0.097023346
0,0,0.22212952
0,0,9.9152545e-05
0,0,0.027521495
0,0,0.104012385
0,0,0.03134935
0,0,0.07138485
0,0,0.023113385
0,0,0.009241121
0,0,0.0019438862
0,0,0.03545898
0,0,0.08565263
0,0,0.018473554
0,0,0.124837756
0,0,0.31044814
0,0,0.07118745
0,0,0.06930467
0,0,0.0014917566
1,0,0.2151151
0,0,0.03761599
0,0,0.00011968619
0,0,0.00017543283
1,0,0.059537046
0,0,0.016101317
0,0,0.03007954
0,0,0.050512705
1,0,0.4095058
0,0,0.04565645
0,0,0.0253876
0,0,0.005344219
0,0,0.01975449
0,0,0.023131814
0,0,0.009357822
0,0,7.0467504e-05
0,0,0.05080692
0,0,0.025297016
0,0,0.031127857
0,0,0.34004295
0,0,0.29416388
0,0,0.0030477494
0,0,0.14934133
0,0,0.05321534
0,0,0.17229344
0,0,0.011071043
0,0,0.0012028654
0,0,0.00761252
0,0,0.09445159
0,0,0.41163728
0,0,0.119133875
0,0,0.010960626
0,0,0.0053749694
0,0,0.027002241
0,0,0.18786867
0,0,0.20144144
0,0,0.029067198
0,0,0.022970926
0,0,0.031323288
0,0,0.2242044
0,0,0.19813631
0,0,0.039619956
0,0,0.0008033151
0,0,0.07208752
0,0,0.004461773
0,0,0.0144311385
0,0,0.0015546216
0,0,0.000638337
0,0,0.02161319
0,0,0.011176888
0,0,0.16226736
0,0,0.122825466
0,0,0.15022129
0,0,0.020798458
0,0,0.034607574
0,0,0.003060616
0,0,0.050966956
0,0,0.04664787
0,0,0.12305887
0,0,0.01227697
0,0,0.093885556
0,0,0.007597215
0,0,0.028881526
0,0,0.06903914
0,0,0.17583942
0,0,0.008282307
0,0,0.028662944
0,0,0.0037092348
0,0,0.023013499
0,0,0.007930191
0,0,0.20154947
0,0,0.00027403972
0,0,0.0046597654
0,0,0.2058923
0,0,0.1996911
1,0,0.045929637
0,0,0.08363027
0,0,0.00024078609
0,0,0.074379556
0,0,0.12205544
0,0,0.0019870922
1,1,0.50123537
0,0,0.098370545
0,0,0.06300601
0,0,0.007863619
0,0,0.0041013625
0,0,0.0020814678
0,0,0.101307824
0,0,0.026602242
0,0,0.0016634855
0,0,0.09614971
0,1,0.553075
0,0,0.05031068
0,0,0.021214345
0,0,0.11850322
0,0,0.051594228
0,0,0.00087245146
0,0,0.056022756
0,0,0.0019001386
0,0,0.00010083076
0,0,0.006996623
0,0,0.014447405
1,0,0.19193193
0,0,0.030686216
0,0,0.0032784222
0,0,0.013058993
1,1,0.6182614
0,1,0.5247897
0,0,0.17770688
1,0,0.43887585
0,0,0.003328848
0,0,0.0032475158
0,0,0.044795755
0,0,0.010930093
0,0,0.0018624611
0,0,0.10294485
1,0,0.2908355
0,0,0.026283002
0,0,0.0020587416
0,0,0.0012958038
0,0,0.055782415
0,0,0.0030337814
0,0,0.027942112
0,0,0.00041458991
0,0,0.012721283
0,0,0.21352309
1,0,0.21428636
0,0,0.014353764
1,0,0.012422914
0,0,0.0380024
0,0,0.14943863
0,0,0.00029199076
0,0,0.026352607
0,0,0.01487226
1,1,0.54754627
0,0,0.031659856
0,0,0.021756649
0,0,0.044461112
1,0,0.47078568
1,0,0.30284715
0,0,0.0013784938
0,0,0.001207456
0,0,0.037470534
0,0,0.01966229
0,0,0.15641606
0,0,0.0013746578
0,0,0.00025218265
0,0,0.0041201925
0,0,0.07584646
0,0,0.04825177
0,0,5.514462e-05
0,0,0.0574971
0,0,0.010698667
0,0,0.06837613
1,0,0.15708457
0,0,0.0009449589
0,0,0.02237644
0,0,0.0051447777
0,0,0.00024491813
0,0,0.0016285512
0,0,0.00034754124
0,0,0.086238295
0,0,0.24479523
1,0,0.39017037
0,0,0.19287622
0,0,0.0011572096
0,0,0.33913293
0,0,0.0020950173
0,0,0.053409744
0,0,0.15389468
0,0,0.23898661
0,0,0.08358651
0,0,0.009324722
0,0,0.008789248
0,0,0.09271966
0,0,0.14725329
0,0,0.15236068
0,0,0.0009952314
0,0,0.005959896
0,0,0.06810539
0,0,0.01272496
0,0,7.5611315e-05
0,0,0.04518922
0,0,0.0045277975
0,0,0.004425803
0,0,0.11428153
0,0,0.07547613
0,0,0.00015299954
0,0,0.008999222
0,0,0.04216938
1,0,0.20917402
0,0,0.1787698
0,0,0.038055833
1,0,0.19340369
0,0,0.084465034
0,0,0.05994385
1,0,0.42661008
0,0,0.04744923
1,1,0.6654081
0,0,0.16377738
0,0,0.008417557
0,0,0.08563011
0,0,0.0020307386
0,0,0.0070367195
0,0,0.0018581544
0,0,0.040881794
0,0,0.07448216
0,0,0.013743231
0,0,0.38649
0,0,0.00052962004
1,0,0.0763914
1,0,0.3424481
0,0,0.06529244
0,0,0.01114519
0,0,0.0014843724
0,0,0.105294846
0,0,9.146957e-05
0,0,6.713967e-05
0,0,0.075374596
0,0,0.0092252605
0,0,0.32310677
0,0,0.0035993527
0,0,0.13588855
0,0,0.34376124
0,0,0.059886433
0,0,0.025134323
0,0,0.021793015
0,0,0.2642912
0,0,0.017039254
0,0,0.12878984
0,0,0.019669412
0,0,0.04388051
0,0,0.1329274
0,0,0.086789735
0,0,9.319196e-05
0,0,0.070614874
0,0,0.28555408
0,0,0.010044556
0,0,0.0008407251
0,0,0.13993652
0,0,0.05725322
0,0,0.023391975
0,0,0.060160123
1,0,0.06939062
1,0,0.1269036
1,0,0.12907426
0,0,0.0014614828
1,0,0.11133446
0,0,0.030397225
0,0,0.09531782
0,0,0.100951545
0,0,0.025568588
0,0,0.06731194
0,0,0.010744874
0,0,0.015511022
0,0,0.0010404399
0,0,6.7588764e-05
0,0,0.094501115
0,0,0.03115376
0,0,0.0117947655
1,0,0.15660413
0,0,0.004739825
0,0,0.20288342
0,0,0.079452634
0,0,0.0040620468
1,0,0.35909534
0,0,0.016799731
0,0,0.0022110993
0,0,0.05748912
0,0,0.0011068054
0,0,0.01789969
0,0,0.0021956875
0,0,0.002436255
0,0,0.06388034
0,0,0.15092935
0,0,0.003155188
0,0,0.011820109
0,0,0.006986793
0,0,0.08238377
0,0,0.012357167
1,0,0.15357365
0,0,0.047071215
0,0,0.0010732941
0,0,0.014830276
0,0,0.017601965
1,0,0.009344296
0,0,0.23978594
0,0,0.0069659953
0,0,0.005770677
0,0,0.1488876
1,0,0.47704694
1,0,0.20409043
1,0,0.08518559
0,0,0.05911661
0,0,0.029370645
0,0,0.090537034
0,0,0.037701823
0,0,0.0043609906
1,0,0.17986797
0,0,0.03289735
0,0,0.0394513
0,0,0.050429974
0,0,0.08174926
0,0,0.016584527
0,0,0.06506218
0,0,0.09478337
1,0,0.3968583
0,0,0.000104413564
0,0,0.012085859
0,0,0.020848589
0,0,0.00019228489
0,0,0.13180761
0,0,0.16024981
1,0,0.014555251
0,0,0.0006282269
0,0,0.11866822
0,0,0.061491452
0,0,0.016391804
0,0,0.27879542
0,0,0.09966218
0,0,0.015362428
0,0,0.007114611
0,0,0.06118109
0,0,0.0598856
0,0,6.2461026e-05
0,0,0.02587653
1,0,0.1724542
0,0,0.004529113
0,0,0.14274739
0,0,0.05297304
0,0,0.0068314015
0,0,0.016467504
0,0,0.022503577
0,0,0.04591214
0,0,0.012463045
0,0,0.00095580757
0,0,0.04482657
0,0,0.019849421
1,0,0.114417754
0,0,0.074966766
0,0,0.16350776
0,0,0.038674448
1,0,0.055396933
0,0,0.0044498327
0,0,0.4090095
0,0,0.29121888
0,0,0.014145098
1,0,0.035166707
0,0,9.146957e-05
0,0,0.042614494
0,0,0.27901465
0,0,0.02386198
0,0,0.0006454225
0,0,7.53685e-05
0,0,0.003913091
0,0,0.02805095
0,0,0.0667184
0,0,0.054294612
0,0,0.009730525
0,0,0.18020353
0,0,0.19060759
0,0,0.0682546
0,0,0.31203657
0,0,0.052674733
0,0,0.0050638746
0,0,0.021857629
0,0,0.0007359199
0,0,0.019275406
0,0,0.059539955
0,0,0.10498096
0,0,0.042737283
0,0,0.009730327
0,0,0.0036725965
0,0,0.08562558
0,0,0.086476855
0,0,0.03707347
0,0,0.003134298
0,0,0.120681465
0,0,0.054304983
0,0,0.0075019877
0,0,0.0005911799
0,0,0.00028018828
1,0,0.21005057
0,0,0.04495783
0,0,0.02120221
0,0,0.006782283
1,0,0.30442512
0,0,0.32744586
1,0,0.0052484996
0,0,0.002004364
0,0,0.047888387
1,0,0.24610612
0,0,0.054815304
0,0,0.003624407
0,0,0.04505031
0,0,8.243236e-05
0,0,0.099780716
0,1,0.82367736
0,0,0.0623859
0,0,0.00038528413
0,0,0.011405982
0,0,0.019725941
1,0,0.3661867
0,0,0.26451042
0,0,0.007117748
0,0,0.17499277
0,0,0.023443425
0,0,0.06523816
0,0,0.02943818
0,0,0.003219626
1,1,0.63631135
0,0,0.010948827
0,0,0.3902551
0,0,0.056990787
0,0,0.026205217
0,0,0.22622238
0,0,0.030003084
0,0,0.012527814
0,0,0.009353646
0,0,0.2236261
0,0,0.00016060966
0,0,0.037281796
0,0,0.037443634
1,0,0.06940857
0,0,0.0039462144
0,0,0.049352277
0,0,0.037998516
0,0,0.017237196
0,0,0.002811586
0,0,0.07184085
0,0,0.0027359712
1,0,0.42772257
0,0,0.0027872822
0,0,0.00014445643
0,0,0.22724378
0,0,0.010204184
0,0,0.0037273532
0,0,0.008846025
0,0,0.008339981
0,0,0.4362188
0,1,0.72680515
0,0,0.050339524
0,0,0.02084721
0,0,0.022506792
0,0,0.009850833
0,0,0.11764901
0,0,0.036748268
0,0,0.005725736
0,0,0.28724116
0,0,0.34098893
0,0,0.17706792
0,0,0.028622221
1,0,0.07164896
0,0,0.0032321222
0,0,0.0021567896
0,0,0.020157065
0,0,0.019738512
0,0,0.0019812626
0,0,0.30727476
0,0,0.0381656
0,0,0.47477406
0,0,0.15947714
0,0,0.00013922791
0,0,0.0018749232
0,0,0.018166633
0,0,0.005951472
0,0,0.008478105
0,0,0.13402253
0,0,3.546076e-05
0,0,8.1036465e-05
0,0,0.101212464
0,0,0.029101027
0,0,7.2889496e-05
0,0,0.030716462
0,0,0.021272514
0,0,0.023850977
0,0,0.03941153
0,0,0.03555545
1,0,0.46017453
0,0,0.11872679
1,0,0.04118157
0,0,0.04636297
0,0,0.031318773
0,0,0.09750451
0,0,0.009164156
0,0,0.25171068
0,0,0.14154172
0,0,0.08664354
0,0,0.34927338
0,0,0.0018072039
0,0,0.30517498
1,0,0.13602442
1,0,0.19002745
0,1,0.6392742
0,0,0.014091815
0,0,0.0029281208
0,0,0.27433833
0,0,0.1612398
0,0,0.009141807
0,0,0.009245164
0,1,0.55722636
0,0,9.6325275e-05
1,0,0.064464524
0,0,0.08863573
0,0,0.043964084
0,0,0.009718692
0,0,0.038155343
1,1,0.5016613
0,0,0.0050349715
0,0,0.006248074
0,0,0.0045003276
0,0,0.019103734
1,0,0.4070182
1,1,0.62736034
0,0,0.011068082
0,0,0.003444961
0,0,0.18416855
0,0,0.06751036
0,0,0.020642214
0,0,0.022618951
0,0,0.030015334
0,0,0.33116534
0,0,0.0007385728
0,0,0.26030448
0,0,0.029859478
0,0,0.21334077
0,0,0.010203404
0,0,0.0044981856
0,0,0.010178633
0,0,0.09352361
0,0,0.23630574
0,0,0.0014474315
0,0,0.00050403795
0,0,0.05082003
0,1,0.59929335
0,0,0.03453799
0,0,0.008668459
0,0,0.011284774
0,0,0.13563801
0,0,0.0026745533
0,0,0.075853236
0,0,0.34203833
0,0,0.004272399
0,0,0.21988386
0,0,0.2157268
0,0,0.0048114536
0,0,0.14784954
0,0,0.002525595
1,0,0.08053883
0,0,0.045460302
0,0,0.00841766
0,0,0.0061592553
0,0,0.007694981
0,0,0.051374946
0,0,0.0032779502
0,0,0.025624884
0,0,0.0003707529
0,0,0.039763596
0,0,0.005799606
0,0,0.017422384
0,0,0.07988781
0,0,3.967236e-05
0,0,0.118622266
0,0,0.013120561
0,0,8.868417e-05
0,0,0.06637737
0,0,0.08677459
0,0,0.078652434
0,0,0.058227457
0,0,0.17014113
0,0,0.020809742
0,0,0.12848665
0,0,0.0018890423
0,0,0.19677886
0,0,0.23824537
0,0,0.026722163
0,0,0.0065099294
0,0,0.010683632
0,0,0.1911206
0,0,0.029133325
0,0,0.28256604
0,0,0.051384266
0,0,4.6799414e-05
0,0,5.514462e-05
0,0,0.3851474
0,0,0.00036201533
0,0,0.056583848
0,0,0.0376496
0,0,0.22089045
0,0,0.13176832
0,0,0.26572543
0,0,0.0053794854
0,0,0.31103638
0,0,0.0052426276
0,0,0.27129212
0,0,0.025582824
0,0,0.0034292096
0,0,0.00168157
0,0,0.022118393
0,0,0.025077801
0,0,0.001755978
0,0,0.3301083
0,0,0.01710898
0,0,0.0025806723
0,0,0.009999749
0,0,0.007234058
0,0,0.066306904
0,0,0.040072866
0,0,0.00934777
1,0,0.1420065
0,0,0.0037973046
0,0,5.4949236e-05
0,0,0.002989611
0,0,0.001922114
0,0,0.0002353305
0,0,0.2787722
0,0,0.07632067
0,0,0.038312223
0,0,0.016086103
0,0,0.011101065
1,0,0.473566
0,0,0.06238723
0,0,0.29318124
0,0,0.21728745
0,0,0.011536086
0,0,0.011435301
0,0,0.03369002
0,0,0.19786394
1,0,0.26920912
0,0,0.008165628
1,0,0.18627015
0,0,0.21152876
0,0,3.1819054e-05
1,0,0.41694155
0,0,0.015085318
0,0,0.023541609
0,0,0.076111734
0,0,0.18574366
0,0,0.016379207
0,0,0.11756842
0,0,0.00450199
0,0,0.058579758
0,0,0.017794311
0,0,0.00060965377
0,0,0.039649233
0,0,0.103715636
0,0,0.0009344946
0,0,0.01706435
0,0,0.017844718
0,0,0.11613916
0,0,0.12109773
0,0,0.18533722
0,0,0.08486774
0,0,9.319196e-05
0,0,0.00016303461
0,0,0.033974078
0,0,0.07742862
0,0,0.15666133
0,0,0.026706828
0,0,0.030735867
0,0,0.08408289
0,0,0.05237257
0,0,6.5014654e-05
1,0,0.26075915
1,0,0.07358047
0,0,0.16684556
0,0,0.12842293
0,0,2.0578453e-05
0,0,0.028144306
0,0,0.02027405
0,0,0.011582716
0,0,0.06194269
0,0,0.001942158
0,0,0.010522536
0,0,0.017032899
0,0,0.015756406
1,1,0.5367718
0,0,0.01441454
0,0,0.1177937
1,0,0.08061125
0,0,0.16036315
0,0,0.004020034
0,0,0.028012523
0,0,0.06257455
0,0,0.10048991
0,0,0.01018115
0,0,0.11742362
1,0,0.17228623
0,0,0.093762815
0,0,0.029314673
0,1,0.5610056
0,0,0.0036625147
0,0,0.074560106
1,0,0.061299384
1,0,0.35266304
1,0,0.019719666
0,0,0.22604483
0,0,0.011980403
0,0,0.028837122
0,0,0.09209523
1,0,0.20917688
0,0,0.09931337
0,0,0.0063337516
1,0,0.16866292
0,0,0.008529192
0,0,0.12401845
1,0,0.16199814
0,0,0.029076418
0,0,0.234715
0,0,8.85488e-05
0,0,0.013985835
0,0,0.0041238787
0,0,0.17014442
0,0,0.0006113234
1,0,0.22632812
0,0,0.21126513
0,0,0.04016082
0,0,0.44800496
0,0,0.1938822
0,0,0.06084613
0,0,0.0690544
0,0,0.0628342
0,0,0.18066292
0,0,0.07224422
0,0,0.016022403
0,0,0.24220048
0,0,0.021423182
0,0,0.14827645
0,0,0.0011096034
0,0,0.02110712
0,0,0.011897957
0,0,0.06318228
0,0,0.000121733145
0,0,0.033150446
0,0,0.004269049
0,0,0.0432721
0,0,0.00061465206
0,0,0.15958709
0,0,0.0020018655
0,0,8.401935e-05
0,0,0.0058073895
0,0,0.08033668
0,0,0.011713244
0,0,0.025604729
0,0,0.0016553522
0,0,0.201516
0,0,0.0061269263
0,0,0.007819747
0,0,0.07946456
1,0,0.24537222
0,1,0.5919162
0,0,0.0671464
0,0,0.064299054
0,0,0.017509565
0,0,0.10423427
0,0,0.0014047379
0,0,0.0029978573
0,0,0.41950676
0,0,0.0012886935
0,0,0.0034982285
0,0,0.037224036
0,0,0.0026584854
1,0,0.27460927
0,0,0.20376067
0,0,0.04877133
0,0,0.11149479
0,0,0.08125687
0,0,0.10481396
0,0,0.07348391
0,0,0.3787838
0,0,0.056864493
0,0,0.020126607
0,0,0.35121918
0,0,0.017710391
1,0,0.09877656
0,0,0.080588974
0,0,0.015830036
0,0,0.03075016
0,0,4.923683e-05
0,0,0.009441497
0,0,0.019165576
0,0,0.012093052
0,0,3.4788278e-05
0,0,0.2386253
0,0,0.028288335
0,0,0.011652637
0,0,0.027657181
0,0,0.069781214
0,0,0.0026518763
0,0,0.18444869
0,0,0.16384064
0,0,0.014781837
0,0,0.010971978
0,0,0.075405456
0,0,0.18016307
0,0,0.057938866
0,0,0.2708209
0,0,0.033340536
0,0,0.1046718
0,0,0.041182637
0,0,0.0117199365
0,0,0.00335371
0,0,0.0018767883
1,0,0.06304393
0,0,0.068689495
0,0,9.0630594e-05
0,0,4.829173e-05
0,0,0.11529835
0,0,0.015421424
0,0,0.007666125
0,0,0.00026590863
0,0,0.07300253
0,0,0.0035328732
1,1,0.57072026
0,0,0.0068041957
1,0,0.29160947
0,0,0.0053477385
1,0,0.15435813
0,0,0.15270439
0,0,0.1452339
0,0,0.23360217
0,0,0.101044714
0,0,0.002605271
0,0,0.028436013
0,0,0.0040072035
0,0,1.9606643e-05
0,0,0.0929435
0,0,0.03255305
0,0,0.0650729
0,0,0.011723997
0,0,0.0051596253
1,1,0.7688089
1,0,0.1416111
0,0,0.0040143044
0,0,0.08612545
0,0,0.21132897
1,0,0.018096996
0,0,0.0039977236
0,0,0.015466173
0,0,0.11956779
0,0,0.10827886
0,0,0.09433218
0,0,0.0033753994
0,0,0.09482998
1,0,0.24208568
0,0,0.00032834566
1,0,0.28134295
0,0,0.00019440621
0,0,0.015164603
0,0,0.0023736616
0,0,0.09554852
1,0,0.0049686134
0,0,0.0032709623
0,0,0.0027693848
0,0,0.0010793672
0,0,0.0041717794
0,0,0.04610928
0,0,0.029757781
0,0,0.28330487
0,0,0.004350626
0,0,0.01317182
0,0,0.13067965
1,1,0.6219
0,0,0.0069479393
0,0,0.05369666
0,0,0.022378182
0,0,0.008856421
0,0,0.16043326
0,0,0.1404704
0,0,0.012675622
0,0,0.28505984
0,0,0.14366351
0,0,0.010166375
0,0,0.015488335
0,0,0.18684156
0,0,0.13941777
0,0,0.2563844
0,0,0.24126254
0,0,3.1819054e-05
0,0,0.13866676
0,0,0.1714305
0,0,0.028399143
0,0,0.11414533
0,1,0.6095215
0,0,0.027649699
0,0,0.087034784
0,0,0.064653344
0,0,0.0014331957
0,0,0.004358484
0,0,0.050714318
0,0,0.057801794
0,0,0.21947794
1,1,0.614798
0,0,0.014392315
0,0,0.36306754
0,0,0.008958641
0,0,0.010773946
0,0,0.16157956
1,0,0.073922984
0,0,0.0081895245
0,0,0.114114
0,0,0.057334602
0,0,4.6799414e-05
0,0,0.24235502
0,0,0.040471353
0,0,0.15493686
0,0,4.504236e-05
0,0,0.0059989598
0,0,0.08423337
0,0,0.09397105
0,0,0.011074072
0,0,0.015040284
0,0,0.15090628
1,0,0.029832162
0,0,0.034819625
0,0,0.043762013
0,0,0.03224098
1,1,0.5083433
0,0,0.059535317
1,0,0.08683291
0,1,0.50243366
0,0,0.018045878
0,0,0.046755936
0,0,2.0578453e-05
0,0,0.09709706
0,0,0.0027702344
0,0,0.021665236
0,0,0.0012311115
1,0,0.3634788
0,0,0.05238034
0,0,0.0100746285
0,0,0.020163897
0,0,0.040450785
0,0,3.9795243e-05
0,0,0.16797909
0,0,0.0019337971
0,0,0.017009523
0,0,0.06659847
0,0,0.41837358
0,0,0.007311148
0,0,0.06856852
0,0,0.031890582
0,0,0.060767997
0,0,0.0123156905
0,0,0.012584197
0,0,0.15601294
0,0,0.037334085
0,0,0.005912509
0,0,0.012003069
0,0,0.24711235
1,0,0.072291404
0,0,0.06685922
0,0,0.00040196566
0,0,0.10858706
0,0,0.009488195
0,0,0.07569396
0,0,0.0125683155
0,0,0.002193376
0,0,0.001085935
0,0,0.26466712
1,0,0.023997016
1,0,0.28618354
0,0,0.00019900259
0,0,0.0032351005
0,0,0.19111638
0,0,0.00843055
0,0,0.11750773
0,0,0.0072676204
0,0,0.0118842805
0,0,0.36948434
0,0,0.025371842
0,0,4.7193716e-05
0,0,0.08402663
0,0,0.00036876817
1,0,0.17689268
0,0,0.043386325
0,0,0.08437369
0,0,0.06434309
0,0,0.20817359
0,0,0.013779182
0,0,0.18187447
0,0,0.00059436494
0,0,0.000121733145
0,0,0.38414457
0,0,0.082905225
1,0,0.13147108
0,0,0.0013745754
0,0,0.04919021
1,0,0.2174508
0,0,0.019375522
0,0,0.043299876
0,0,0.12128999
1,0,0.022373915
0,0,0.01543502
0,0,0.046365216
0,0,0.044384386
0,0,0.110474266
0,0,0.040449962
0,0,0.00019376868
0,0,0.13768785
0,0,0.024266103
0,0,0.15597774
0,0,0.16238458
0,0,0.0053182277
0,0,0.13063696
0,0,0.14382508
0,0,0.2118513
0,0,0.22294356
0,0,0.038926803
0,0,0.13058071
0,0,0.006457913
0,1,0.5779929
0,0,0.0028440657
0,0,0.20490758
0,0,0.18844713
0,0,0.002614655
0,0,0.025225565
0,0,0.28924784
0,0,0.03502143
0,0,0.0079643605
0,0,0.007747747
0,0,0.032354932
1,0,0.48398054
0,0,0.05250101
0,0,0.005717034
0,0,0.00019947487
0,0,0.02669197
0,0,0.007413614
0,0,0.35006088
0,0,0.09312246
0,0,0.0148942545
0,0,0.04457598
0,0,0.0030549066
1,0,0.22626695
0,0,0.0044408664
0,0,0.03683066
0,0,0.017205624
0,0,0.00014556148
0,0,0.010306661
0,0,0.08080587
0,0,0.05088051
0,0,0.0066597895
0,0,0.029926576
0,0,0.030915752
0,0,0.018746777
1,0,0.2321077
1,0,0.13031213
0,0,0.00081169925
0,0,0.0034699598
0,0,0.007473599
1,0,0.3922094
0,0,0.15031818
0,1,0.5019512
0,0,0.0035053417
0,0,0.020974789
0,0,0.024729101
0,0,0.09660019
0,0,0.003973474
1,0,0.12594387
0,0,0.0024557658
0,0,0.060178712
0,0,0.075251
0,0,0.046937205
0,0,0.0010894208
0,0,0.15440182
0,0,0.012657195
0,0,0.041069333
0,0,0.35860795
0,0,0.002216377
0,0,0.35819295
0,0,0.34260494
0,0,0.3376679
0,0,0.31055135
0,0,0.06298804
0,0,0.004315022
0,0,0.17455505
0,0,0.009031091
0,0,0.062855
0,0,0.021768907
0,0,0.0029673723
0,0,3.108119e-05
0,0,0.010513658
1,0,0.13864587
1,0,0.19213927
0,0,0.10672964
0,0,0.0058350265
0,0,0.074319415
0,0,0.13700175
0,0,0.1768712
0,0,0.034047756
0,0,0.08961701
0,0,0.0118297255
0,0,0.01927318
0,0,0.121148065
0,0,0.040551785
0,0,0.0025974952
0,0,0.12322659
0,0,0.005375071
0,0,0.02033668
0,0,0.019081203
0,0,4.3865733e-05
0,0,0.02131431
0,0,0.16569749
1,0,0.4777326
1,0,0.2324524
0,0,0.047465365
0,0,0.011833857
0,0,0.037258916
0,0,0.007234038
0,0,0.009528829
0,0,0.001838584
0,0,0.008430869
0,0,0.08452155
0,0,0.0810849
0,0,0.090230644
1,0,0.23489206
0,0,0.0026647435
0,0,0.0039020032
0,0,0.018872013
0,0,0.0028105741
0,0,0.12578459
0,0,0.074728936
0,0,0.008283349
0,1,0.57086426
0,0,0.05748736
0,0,0.003098663
0,0,0.0011781052
0,0,0.024593016
0,0,0.0367059
0,0,0.40119419
0,0,0.042247213
0,0,0.0032032186
0,0,2.1311533e-05
0,1,0.5577034
0,0,0.2830865
0,0,0.013540221
0,0,0.07995818
0,0,0.007345072
0,0,0.005014941
0,0,0.017295443
0,0,0.0418991
0,0,0.0017094087
0,0,0.0103082955
0,0,0.15041623
0,0,0.090099566
0,0,0.053346
0,0,0.06635973
0,0,0.31111372
0,0,0.0010460932
0,0,0.017216787
0,0,0.0020032714
0,0,0.0019632839
0,0,0.23735578
0,0,0.057273153
0,0,0.061541624
0,0,0.08365768
0,0,0.02726021
0,0,0.024322063
0,0,0.014010686
0,0,0.030849652
0,0,0.14349303
0,0,0.12790452
0,0,0.26926404
0,1,0.6424677
0,0,0.085227646
0,0,0.020618672
0,0,0.014677758
0,0,0.013673777
0,0,0.0006772452
0,0,0.013791577
0,0,0.00014158041
0,0,0.002059454
0,0,0.013087964
0,0,0.26866102
0,0,0.18106224
0,0,0.06882831
1,0,0.26609004
0,0,0.030045863
0,0,0.004139775
0,0,0.0015062555
0,0,0.0027311617
0,0,0.056684937
0,0,0.21894169
1,0,0.16769305
0,0,0.051252834
0,0,0.0036435144
0,0,0.032486204
0,0,0.07339574
0,0,4.829173e-05
0,1,0.8453439
0,0,0.007835152
0,0,0.11536022
0,0,0.0072540264
0,0,0.02179901
0,0,0.0020977128
0,0,0.09898094
0,0,0.113713324
0,0,0.002920574
0,0,1.9595876e-05
0,0,0.00027686232
1,0,0.24833955
0,0,0.007964839
0,0,0.0047372254
1,1,0.5124086
0,0,0.0026473235
0,0,0.071050815
0,0,0.20144086
0,0,0.008036768
0,0,0.014003211
0,0,0.0052712783
0,0,0.0029029537
0,0,0.0073628416
0,0,0.24891298
0,0,0.26656005
0,0,0.0023516617
0,0,0.0040016747
0,0,0.030580204
0,0,0.026659837
1,0,0.27084708
0,0,0.13032404
1,0,0.4804329
1,0,0.30805275
0,0,0.09225181
0,0,0.28613588
0,0,0.004868813
0,0,0.115444444
0,0,0.046706855
1,0,0.117268555
0,0,0.03969543
0,0,0.17541307
0,0,0.036941253
0,0,0.005931578
0,0,0.0006350384
0,0,0.0038726658
0,0,0.00019934235
0,0,0.04759998
0,0,0.095216036
0,0,0.010123681
0,0,0.0038201623
0,0,0.0030919767
0,0,0.06528815
0,0,0.04604898
0,0,0.0028754454
0,0,0.00037908956
1,1,0.5630956
0,0,0.21767463
1,0,0.263256
0,0,0.12078315
0,0,0.13203898
0,0,0.057778597
0,0,0.08042306
0,0,0.0011528488
0,0,0.042683054
0,0,0.010508515
1,1,0.5417647
0,0,0.010810221
0,0,0.005381966
0,0,0.0049282736
0,0,0.103474535
0,0,0.009420596
0,0,0.16337915
0,0,0.007152765
1,0,0.25848985
0,0,0.028795522
1,0,0.40731183
1,0,0.21277817
0,0,0.07684891
0,0,0.17737433
0,0,3.1819054e-05
0,0,0.1059562
0,0,0.0023899898
0,0,0.20844017
0,0,0.021120662
0,0,0.015836738
1,0,0.09071826
0,0,0.02540665
0,0,0.009139359
0,0,0.015846945
0,0,0.0058933115
0,0,0.08411275
0,0,0.00012605463
0,0,0.074462295
0,0,0.008333338
0,0,0.0005555644
0,0,0.015698932
0,0,0.01703519
0,0,0.03343282
0,0,0.007735293
0,0,0.0038653607
0,0,0.16937762
0,0,0.005049866
0,0,0.010610235
1,0,0.002019896
0,0,0.0008884286
0,0,0.008079655
0,0,0.024531936
0,0,0.038733896
0,0,0.06640254
0,0,0.015325124
0,0,0.0748709
0,0,0.010884628
0,0,0.0011041053
0,0,0.06845027
0,0,0.09380269
0,0,0.10340791
0,0,0.000108909895
0,0,6.2295e-05
0,0,0.0044374354
0,0,0.003027209
0,0,0.20797727
0,0,0.07848828
1,0,0.015299392
0,0,0.006849867
0,0,0.047336727
0,0,0.00064798625
0,0,0.10433099
0,0,0.008842359
0,0,0.014548173
0,0,0.04401799
0,0,0.0028194003
0,0,0.09823808
0,0,0.011616289
0,0,0.0068635927
0,0,0.04342657
0,0,0.10497752
1,0,0.21726602
0,0,0.0019444682
0,0,0.18772432
0,0,0.0014545711
0,0,0.3020013
0,0,0.23820968
0,0,0.036722958
0,0,0.08005571
0,0,0.010766224
0,0,0.065346725
0,0,0.08004118
0,0,0.003769813
0,0,0.0077509293
0,0,0.0015410278
0,0,0.031308938
0,0,0.0031962881
0,0,0.15330815
0,0,0.26760808
0,0,0.045827255
0,0,0.029546801
0,0,0.00041037725
0,0,0.032916903
0,0,0.04815034
0,0,0.1279011
0,0,0.019516215
0,0,0.0016924017
0,0,0.0024842706
0,0,0.004818724
0,0,0.0047541643
0,0,0.0176157
0,0,0.019745572
0,0,0.009379874
0,0,0.008597219
0,0,0.11670077
0,0,0.05907652
0,0,0.08339014
0,0,0.081572644
0,0,0.0005516922
1,0,0.03708663
0,0,0.009030165
0,0,0.076749794
0,1,0.84341323
0,0,0.111990005
0,0,0.0013730426
0,0,0.11566287
0,0,0.058363445
0,0,0.00078112195
1,0,0.19557892
0,0,0.08989602
1,0,0.3939106
0,0,0.009038656
0,0,0.1753368
0,0,0.07367218
0,0,0.0010750265
0,0,0.035294015
0,0,0.022080151
0,0,8.190652e-05
0,0,0.094537936
0,0,0.011213604
1,0,0.19057915
0,0,0.09076564
0,0,0.005147297
0,0,0.008978116
0,0,0.06580257
0,0,0.10865889
0,0,0.013773759
0,0,0.0035545183
0,0,0.012757729
0,0,0.03153283
0,0,0.0034648555
0,0,0.014813614
0,0,0.22116764
0,0,0.0055258754
0,0,0.031075338
0,0,0.16015063
0,0,0.17199914
0,0,0.00019934235
0,0,0.17343588
0,0,0.031732526
0,0,0.016593536
0,0,0.030380499
0,0,0.31120563
0,0,0.012065988
0,0,0.0012338514
0,0,0.44039866
1,0,0.29789293
0,0,0.02151354
0,0,0.0017330007
0,0,0.0035239004
0,0,0.000906206
0,0,0.0015131112
0,0,0.040868558
0,0,0.028039731
1,0,0.025250763
0,0,0.0032287978
0,0,0.015681598
0,0,0.07617218
0,0,0.0123631805
0,0,0.0020950392
0,0,0.007640221
0,0,0.30707854
0,0,0.030223314
0,0,0.00562805
0,0,0.0069655236
0,0,0.00073961343
0,0,0.012351575
0,0,0.0021549421
0,0,0.016581751
1,1,0.7346308
0,0,0.03692374
0,0,0.022607753
0,0,0.041793812
0,0,0.06423733
0,0,0.0010153634
0,0,0.07398161
0,0,0.00057583407
0,0,0.021731894
1,0,0.003050295
0,0,0.010818179
0,0,0.000751567
0,0,0.018466422
0,0,0.010369855
0,0,0.007561831
0,0,0.075512625
0,0,0.051406223
0,0,0.1492862
0,0,0.28108054
0,0,0.08964245
1,0,0.010359182
1,0,0.24579573
0,0,0.0692178
0,0,0.09075186
0,0,0.017797528
0,0,0.03235956
0,0,0.012338163
0,0,0.0996578
0,0,0.34383875
0,0,0.03313848
0,0,0.038795374
1,0,0.20188089
0,0,0.2697663
0,0,0.008511319
0,0,0.018447153
0,0,0.16307984
0,0,0.0842608
0,0,0.020860361
0,0,0.012650183
0,0,0.36395013
0,0,0.30624053
1,0,0.004083809
0,0,0.056627862
0,0,0.31403977
0,0,0.0029137682
0,0,0.093935825
0,0,0.00507454
0,0,0.013677578
0,0,0.4659292
0,0,0.015327909
0,0,0.014054823
0,0,0.06877052
0,0,0.029096637
0,0,0.006710388
0,0,0.020072458
0,0,0.16523308
0,0,0.12129482
0,0,0.25431296
0,0,0.22593176
0,0,0.0021697618
0,0,0.06260884
1,0,0.36952305
0,0,0.00062313856
1,1,0.7321419
0,0,0.0048231855
0,0,0.0036549466
0,0,0.0028218548
0,0,0.05748231
0,0,0.22876681
0,0,0.39295477
0,0,0.018331124
0,0,0.020029722
0,0,0.016074454
0,0,0.31450844
0,0,0.29310408
0,0,0.1424292
0,0,0.0069372808
0,0,0.0053558685
1,0,0.1178081
0,0,0.0020181926
0,0,0.06401855
0,0,0.15085581
0,0,5.615743e-05
0,0,0.08557945
0,0,0.061983038
0,0,0.22941647
0,0,0.0025011864
0,0,0.00035169415
0,0,0.40514037
0,0,0.00643552
0,0,0.0068024304
0,0,0.003044099
0,0,0.11827137
0,0,0.073260814
0,0,0.032234307
0,0,0.3558895
0,0,0.12187937
0,0,0.4491461
1,0,0.2994483
1,0,0.15240237
0,0,0.037784204
0,1,0.60325444
0,0,0.030460538
0,0,0.0049764556
0,0,0.022566194
1,1,0.5449878
0,0,0.06962622
0,0,0.12859023
0,0,0.00018512951
0,0,0.005740359
0,0,0.0057962
0,0,0.10739096
0,0,0.03491985
0,0,0.03149917
0,0,0.14166005
0,0,0.0003114565
0,0,0.089313805
0,0,0.05561998
0,0,0.014146547
0,0,0.033231642
0,0,0.03492353
0,0,0.0038002965
0,0,0.014691729
0,1,0.5759372
0,0,0.0074441615
0,0,0.114075825
0,0,0.08116968
0,0,0.07489833
0,0,0.0032466257
0,0,0.20941891
0,0,0.038772244
0,0,0.01650583
0,0,0.05317446
0,0,0.012081112
0,0,0.11718715
0,0,0.019550318
0,0,0.00037037654
0,0,0.0025163647
0,0,0.0017676499
0,0,0.001726828
0,0,0.17521596
0,0,0.15351541
0,0,0.045359623
0,0,0.05467437
1,0,0.1431106
0,0,0.0022829238
0,0,0.00016261278
0,0,0.015306275
0,0,0.0017853132
0,0,0.01731573
0,0,0.17009537
0,0,0.009917443
0,0,0.0121391965
0,0,0.118402466
0,1,0.5774114
0,0,0.09295357
0,0,0.15657486
0,0,0.044534806
0,0,0.031989023
0,0,0.2640776
0,0,0.048965253
1,0,0.12594059
0,0,0.05731385
0,0,0.17502476
0,0,3.3564545e-05
0,0,0.11425956
0,0,0.15188934
0,0,0.1662216
0,0,0.042311624
0,1,0.5542621
0,0,0.06637824
0,0,0.10760099
0,0,0.00022049007
0,0,0.028835567
0,0,0.017308293
0,0,0.02606224
0,0,0.059746757
0,0,0.08028714
0,0,0.03241077
0,0,0.23370814
0,0,0.098034136
0,0,0.022486754
0,0,0.0061614485
0,0,0.24784073
1,0,0.33311868
0,0,0.008697773
0,0,0.0012774233
1,0,0.009184959
0,0,0.16010512
0,0,0.10097535
0,0,0.026105534
1,0,0.20546691
0,0,0.0047800536
0,0,0.22465566
0,0,0.2817961
1,0,0.122858636
0,0,0.14167146
0,0,0.0005569158
1,0,0.41436172
0,0,0.014064864
0,0,0.073117025
0,0,0.062026832
0,0,0.1840985
0,0,0.032068282
0,0,0.0052842177
0,0,0.05144144
1,0,0.07667059
0,0,0.011081066
0,0,0.060806684
0,0,0.00044539923
0,0,0.10434705
1,0,0.10323386
0,0,0.0055300696
0,0,0.0013378571
0,0,0.014419337
0,0,0.02314562
0,0,0.005096348
0,0,0.13219723
0,0,0.002869379
0,0,0.0074966606
0,0,0.03949724
0,0,0.110736474
0,0,0.07746226
0,0,0.030628199
0,0,0.082722016
0,0,0.12182194
0,0,6.713967e-05
1,0,0.18972136
0,0,0.09858908
0,0,0.011257636
0,0,0.1178948
0,0,0.3487196
1,0,0.18985733
0,0,0.04472575
0,0,0.17036466
0,0,0.0043304986
0,0,0.0091025
0,0,0.021659262
0,0,0.015167188
0,0,0.121063866
1,0,0.1378918
0,0,0.03061003
0,0,0.0042193746
0,0,0.0023763652
0,0,7.5191325e-05
0,0,0.011789219
0,0,0.0041782046
0,0,0.02260098
0,0,0.025090493
0,0,0.043093435
0,0,0.0020460773
0,0,0.014163841
0,0,0.0035476005
0,0,0.14671907
1,0,0.3042342
0,0,0.040201597
1,0,0.03725309
0,0,0.10698668
0,0,0.10065815
0,0,0.04642685
0,0,0.026501587
0,0,0.006466675
0,0,0.010649376
0,0,0.047904614
0,0,0.15199403
0,0,0.070464
0,0,0.014404389
0,0,0.006500382
0,0,0.024074163
0,0,0.013974581
0,0,0.36058798
0,0,0.029402515
0,0,0.0058650575
0,0,0.005203991
0,0,4.687432e-05
0,0,0.01679222
0,0,0.028316049
0,0,0.0057349647
0,0,0.011426717
0,0,0.021859337
1,0,0.43541247
0,0,0.054037474
0,0,0.0021283105
0,0,0.4462439
0,0,0.005519501
0,0,0.0008351662
0,0,0.0010691687
0,0,0.4576912
0,0,0.097016685
0,0,0.08452201
0,0,0.15872821
0,0,0.2576285
0,0,0.064662255
0,0,0.06568602
0,0,0.014321749
0,0,0.008563013
1,1,0.5903647
0,0,0.026879407
0,0,0.12874493
0,0,0.17978473
0,0,9.878825e-05
0,0,0.011110764
0,0,0.007353094
0,0,0.06430168
0,0,0.010659941
0,0,0.0039189258
0,0,0.09527186
0,0,0.0009371106
0,0,0.00037037654
0,0,0.022266058
0,0,0.08255555
1,0,0.02293497
0,0,0.050408866
0,0,0.008668898
0,0,0.016868955
0,0,0.20402184
0,0,0.00039383248
0,0,0.021372015
0,0,0.004732601
0,0,0.008470689
0,0,0.010239856
0,0,0.080457374
0,0,0.062493153
0,0,0.010393585
0,0,0.006590196
0,0,0.0016347085
0,0,0.18732713
0,0,0.023793975
0,0,0.0070171864
0,0,0.06286503
1,0,0.022941312
0,0,0.005309706
0,0,0.018856931
0,0,0.04804486
1,0,0.3057844
1,0,0.38608328
0,0,0.32220134
0,0,0.012945991
0,0,0.26429668
0,0,0.0061973967
1,1,0.55939716
0,0,0.0026048038
0,0,0.15532847
0,0,0.06445936
0,0,0.06129745
0,0,0.0008899481
0,0,0.09161861
0,0,0.0033415805
0,0,0.1721465
0,0,0.03840068
0,0,0.15105109
0,0,5.7209792e-05
0,0,0.0028022074
0,0,0.36873385
0,0,0.0008496771
0,0,0.10134148
0,0,1.9595876e-05
0,0,0.009065016
0,0,0.1543141
0,0,0.0036249908
0,0,0.00011316498
0,0,0.101877324
1,0,0.13285075
0,0,0.061159283
0,0,0.00024878525
0,0,0.0365733
0,0,0.010677823
0,0,0.29641923
0,0,0.024333568
0,0,0.016718384
0,0,0.19159366
0,0,0.08313659
0,0,0.009226267
0,0,0.05818446
0,0,0.037156936
0,0,0.03868992
0,0,0.030193735
0,0,0.022957206
0,0,0.049555983
0,0,0.27276337
0,0,0.016878668
0,0,0.02829158
0,0,0.41169602
0,0,3.6999827e-05
0,0,0.1652972
1,0,0.045286328
0,0,0.014650039
0,0,0.0041201925
0,0,0.24897313
0,0,0.0021897387
0,0,0.0008907349
0,0,0.00081169925
0,0,0.09802117
0,0,0.009033251
0,0,0.012862755
0,0,0.060819756
0,0,0.14023094
0,0,0.20715225
0,0,0.19045852
0,0,0.0050552594
1,1,0.64884543
0,0,0.075884625
1,0,0.08462076
0,0,0.0014220711
0,0,0.004794364
0,0,0.24665388
0,0,0.0883812
0,0,0.0009658654
0,0,0.000595478
0,0,0.00016501006
0,0,0.00879339
0,0,0.005947713
1,0,0.23687185
0,0,0.0002704843
0,0,0.0040931185
0,0,0.0065349853
0,0,0.12850459
0,0,0.00015185801
0,1,0.5027219
0,0,0.008095572
0,0,0.21840875
0,0,0.0130121345
0,0,0.029644087
0,0,0.113647975
0,0,0.40192127
0,0,0.035837684
1,0,0.21661334
0,0,0.0355572
0,0,0.04870321
0,0,0.08535011
0,0,0.0068340837
0,0,0.13749163
0,0,0.07617234
0,0,0.0008935597
0,0,0.006255765
0,0,0.009215411
0,0,0.0032280935
0,0,0.011918032
0,0,0.0030780213
0,0,0.019914024
0,0,0.10331967
0,0,0.0509198
0,0,0.11360739
0,0,0.0020014362
0,0,0.2829976
0,0,0.010215185
1,0,0.033429578
0,0,0.2219208
0,0,0.0003319017
0,0,0.24002363
0,0,0.007841196
0,0,0.037508886
0,0,0.038575783
1,0,0.032960594
1,0,0.25666842
0,0,0.001941195
0,0,0.004572
0,0,0.0028197488
0,0,0.08451876
0,0,0.02466555
0,0,0.06695206
0,0,0.060536265
0,0,0.0018058729
0,0,0.105265275
0,0,0.005679454
0,0,0.07351728
0,0,0.079891026
0,0,0.00016975096
0,0,0.117125645
0,0,0.03379096
1,0,0.07813757
1,0,0.21418451
0,0,0.069255374
0,0,0.016971469
0,0,0.015026918
0,0,0.061987054
0,0,0.112811014
0,0,0.0001477401
0,0,0.022112118
0,0,0.002382168
0,0,0.06526438
0,0,0.10206762
0,0,0.45372173
0,0,0.10343265
0,0,0.2790534
0,0,0.033822462
0,0,0.326625
0,0,0.14406066
0,0,0.23146361
1,0,0.18682472
0,0,0.002077378
0,0,0.0067047398
0,0,0.010012328
0,0,0.1300277
0,0,0.21840125
0,0,0.08040146
1,0,0.07356248
0,0,0.0037349872
0,0,0.087264895
0,0,0.009328767
0,1,0.5328772
0,0,0.0076656863
0,0,0.022409003
1,0,0.29230243
0,0,0.0038268827
0,0,0.014316647
0,0,0.020542663
0,0,0.0945583
0,0,0.093683384
0,0,0.0020102551
0,0,0.0021057343
0,0,0.31340134
0,0,0.01622789
1,0,0.21582477
0,0,0.00557946
0,0,0.10356922
0,0,0.007753251
0,0,0.08876107
0,0,0.064535834
0,0,0.0828779
0,0,0.07549026
0,0,0.09621521
0,0,0.03867876
0,0,0.025216162
1,0,0.08583602
0,0,0.03727917
0,0,0.05279622
0,0,0.073953286
1,0,0.40173018
0,0,0.30284843
0,0,0.001149847
0,0,0.0009297592
0,0,0.037192173
0,0,0.034528986
0,0,0.012924999
1,0,0.01085822
0,0,0.01847514
0,0,0.042715967
0,0,0.012498578
0,0,0.01382362
0,0,0.027642215
0,0,0.0058982666
0,0,0.00040198598
1,1,0.62973577
0,0,0.021986969
0,0,0.0060447827
0,0,0.010670874
0,0,0.010024509
0,0,0.040251084
0,0,0.15048099
0,0,0.107067265
0,0,0.0049175126
0,0,0.24721394
0,0,0.0034747252
0,0,0.12558538
0,0,0.025035819
0,0,0.03616258
0,0,0.38681325
0,0,0.004430792
0,0,0.0029409425
0,0,0.12041969
0,0,0.23494814
1,0,0.09565943
1,0,0.30282077
0,0,0.036095895
0,0,0.028821688
0,0,0.010425164
0,0,0.0014038058
0,0,5.7209792e-05
0,0,0.02273396
0,0,0.21498637
0,0,0.005504662
1,0,0.3301419
0,0,0.0052927616
1,0,0.04197698
0,0,0.20287417
0,0,0.1879516
0,0,0.016818669
0,0,0.02706334
0,1,0.524347
0,0,0.047861304
0,0,0.0033064333
1,0,0.0051790765
0,0,0.0027307216
0,0,0.052837487
0,0,0.05847996
0,0,0.23882838
0,0,0.012542263
0,0,0.019953396
0,0,0.113661356
0,0,0.0072316546
0,0,0.1284044
0,0,0.038625535
0,0,0.0035186252
1,0,0.17944363
0,0,0.006870347
0,0,0.16415565
0,0,0.0102089
1,0,0.1304872
0,0,0.0017933787
0,0,0.32254916
0,0,0.0003358771
0,0,0.067710765
1,0,0.14025714
0,0,0.01831787
0,0,0.14897627
0,0,0.015635552
0,0,0.10428288
0,0,0.33267245
0,0,0.06226497
0,0,5.193032e-05
1,0,0.22281505
0,0,0.015377011
0,0,0.011581806
0,0,0.002263931
0,0,0.020201745
0,0,0.056251112
0,0,0.0023327167
0,0,0.03684398
0,0,0.3817741
0,0,0.02733578
0,0,0.006523859
0,0,0.095919825
0,0,0.0071626836
0,0,0.010819036
0,0,0.086958386
0,0,0.009642432
0,0,0.09520979
0,0,0.29879573
0,0,0.16199164
1,0,0.10615316
0,0,0.15219031
0,0,0.00019934235
0,0,0.06344875
0,0,0.15727301
0,0,0.0039061308
0,0,0.119622454
0,0,0.07211399
0,0,0.079140276
0,0,0.10496244
0,0,0.0063279355
0,0,0.00013844049
0,0,0.11392383
0,0,0.043799344
0,0,0.20491588
0,0,0.096308075
0,0,0.026941333
1,0,0.19040672
0,0,0.10070973
0,0,0.041303575
1,1,0.58742464
1,1,0.5754682
1,0,0.005229174
0,0,0.0023237262
0,0,0.086383596
0,0,0.014393716
0,0,0.0045537073
0,0,0.0018759479
0,0,0.0030918932
0,0,0.18433648
1,0,0.34656686
0,0,0.0035815071
0,0,0.073016085
0,0,0.357487
0,0,0.0006684902
0,0,0.09044077
0,0,0.05260821
0,0,0.0061162068
0,0,0.07187673
0,0,0.011600483
0,0,0.01914427
0,0,0.0029072643
1,0,0.43128967
0,0,0.2351882
0,0,0.0016523681
0,0,0.26253515
0,0,0.004285481
0,0,0.048720047
0,0,0.0012024719
0,0,0.029882396
0,0,0.04608992
0,0,0.0014041166
0,0,0.053027533
0,0,0.0016558818
0,0,0.0038582417
0,0,0.025877366
0,0,0.2828648
0,0,0.0020410828
0,0,0.0025601997
0,0,0.015470016
0,0,0.045304276
0,0,0.012505217
0,0,0.0074919863
0,0,0.0781493
0,0,4.829173e-05
0,0,0.047300387
0,0,0.0006367281
0,0,0.13144296
0,0,0.00046112278
0,0,0.00043154365
0,0,0.028287213
0,0,0.03430622
0,0,0.03829479
0,0,0.00014001473
0,0,0.17426373
0,0,0.001257371
0,0,0.016233075
0,0,0.14908837
0,0,0.16468668
0,0,0.13479646
0,0,0.005718769
0,0,0.2255097
0,0,0.016193207
1,0,0.3988738
0,0,0.008132678
0,0,0.032161247
0,0,0.020215359
1,0,0.26539683
0,0,0.0537664
0,0,0.10816682
0,0,0.37389526
0,0,0.002287972
0,0,0.00040659268
0,0,0.0013962673
0,0,0.044374447
0,0,0.09331633
0,0,0.008391739
0,0,0.01775476
1,1,0.58539236
0,0,0.3165127
0,1,0.746007
0,0,0.0038967454
0,0,0.0587535
0,0,0.26673302
0,0,0.011614182
0,0,0.25718105
0,0,0.012675609
0,1,0.5274174
1,0,0.42222703
0,0,0.00889973
0,0,0.32615864
0,0,0.08424952
0,0,0.03923516
0,0,0.05351251
1,0,0.09444456
0,0,0.03085887
0,0,0.027782753
0,0,5.951451e-05
0,0,0.04021553
0,0,0.014355323
0,0,0.100346945
0,0,0.049005672
0,0,0.00051087356
0,0,0.00050642324
0,0,0.014433017
0,0,0.07971162
0,0,0.057377085
0,0,0.015955618
0,0,0.0016166883
0,0,0.21867839
0,0,0.0032672645
0,0,0.005101045
0,0,0.0055686333
0,0,0.0124707185
0,0,2.266978e-05
1,0,0.24978174
0,0,0.112573475
0,0,0.001472221
0,0,0.066664435
1,0,0.39862043
0,0,0.05389692
0,0,0.043505087
0,0,0.1075618
0,0,0.021974823
0,0,0.02741912
0,0,0.29933763
0,0,0.015736718
0,0,0.07730702
0,0,0.035685204
0,0,0.0007573915
0,0,3.1819054e-05
0,0,0.0034201937
0,0,0.03683942
1,0,0.26927558
0,0,0.014583613
0,1,0.60082275
0,0,0.023924232
0,0,0.102625206
0,0,0.15986203
0,0,0.2087122
0,0,0.0037195752
0,0,0.09069353
0,0,0.1726405
0,0,0.4632277
0,1,0.5306031
0,0,0.08836447
0,0,0.026378317
0,0,0.29038066
0,0,0.17809534
0,0,0.008281477
0,0,0.0096809035
0,0,0.09522166
0,0,0.006870832
0,0,0.049987197
0,0,0.060559593
0,0,0.013853697
1,0,0.21328624
0,0,0.005638223
0,0,0.0042300085
0,0,0.028195465
0,0,0.09413978
0,0,0.016999591
0,0,0.0004259518
0,0,0.20022987
1,0,0.258914
0,0,7.071819e-05
0,0,0.07937681
0,0,0.11248855
0,0,0.026612598
0,0,0.025582403
0,0,0.3561025
0,0,0.23402444
0,0,0.015201243
0,0,0.0073141186
1,1,0.5910504
0,0,0.0005352053
0,0,0.15464994
0,0,0.002423407
0,0,0.21278001
0,0,7.423259e-05
0,0,0.012815928
0,0,0.005401144
0,0,0.008132756
0,0,0.0011689183
0,0,0.00045020675
0,0,0.05851375
0,0,0.01583688
0,0,0.18995424
0,0,0.0054844893
0,0,0.04072279
0,0,0.043392334
0,0,0.13617188
0,0,0.0040855915
0,0,0.28910968
0,0,0.19879133
0,0,0.07788319
0,0,0.011240819
0,0,0.13610408
0,1,0.5578266
0,0,0.009603464
0,0,0.1851227
0,0,0.011142453
0,0,0.04483805
0,0,0.016902328
0,0,0.002088018
0,0,0.004252321
0,0,0.47120127
0,0,0.008960513
0,0,0.0027388379
0,0,0.0014333697
0,0,0.04298331
0,0,0.0034476696
0,0,0.21718219
0,0,0.15568736
0,0,0.016712561
0,0,0.19166592
0,0,0.0006862362
0,0,0.09912339
0,0,0.024561787
0,0,0.01186012
0,0,0.01566367
0,0,0.0077577466
0,0,0.08488323
0,0,0.12573929
0,0,0.045525923
0,0,0.005816082
0,0,0.36115685
0,0,0.0033377905
0,0,0.00068548444
1,1,0.51272607
0,0,0.0018561912
1,0,0.09605269
0,0,0.111040205
0,0,0.044420015
0,0,0.10594985
0,0,0.013808846
0,0,0.019017413
0,0,0.02055792
0,0,0.01785648
0,0,0.0031045587
0,0,0.09001811
0,0,0.020082548
0,0,0.13162437
0,0,0.09647085
1,0,0.09404958
0,0,0.042979404
0,0,0.060421597
1,0,0.104104556
1,1,0.71705294
1,0,0.193212
0,0,0.077645175
0,0,0.00012087972
0,0,0.0112430705
0,0,0.010549444
1,0,0.0073390706
0,0,0.37299266
0,0,0.017365556
0,0,0.0003400372
0,0,0.00948316
0,0,0.27424932
0,1,0.5205269
0,0,0.0024595053
0,0,0.02320805
0,0,0.09356497
0,0,0.1867912
0,0,0.00039371033
1,0,0.07075073
0,0,0.00015299954
0,0,0.00016060966
0,0,0.001387117
0,0,0.05227876
0,0,0.3017132
0,0,0.031387836
1,0,0.0004929352
0,0,0.07777106
0,0,0.3353555
0,0,0.0646195
0,0,0.022674048
0,0,0.00011992531
0,0,0.15477312
0,0,0.010243892
0,0,0.034000646
0,0,0.26288325
0,0,0.07662152
0,0,0.039435312
0,0,0.0013664172
0,0,0.0490113
0,0,0.08239687
0,0,0.0077567217
0,0,0.017241558
0,0,0.04377109
0,0,0.004417313
0,0,0.2484882
0,0,0.30126372
0,0,0.03731142
0,0,0.02942358
0,0,0.005281459
1,0,0.10031759
0,0,0.020966737
0,0,0.008676962
1,1,0.69448113
0,0,0.4157759
0,0,0.07143859
0,0,0.009699381
0,0,0.011640885
0,0,0.34277812
0,0,0.2633705
0,0,0.005228921
0,0,0.028557854
0,0,0.013549957
0,0,0.1515522
0,0,0.037330616
0,0,0.014963644
0,0,0.15604766
0,0,0.1353634
0,0,0.046604924
0,0,0.032267764
0,0,0.13551614
0,0,0.039283525
0,0,0.0029552209
0,0,0.008748084
0,0,0.07950788
1,0,0.19272588
0,0,0.03396796
0,0,0.06204417
0,0,0.044864796
0,0,0.07638329
0,0,0.14415917
0,0,0.40159348
0,0,0.2340724
0,0,0.008820963
0,0,5.951451e-05
1,0,0.4677555
0,0,0.00344776
0,0,0.004117153
0,1,0.5894593
0,0,0.26939914
0,0,0.0064485734
0,0,0.0046565617
0,0,0.25516096
0,0,0.47936338
0,0,0.0018649271
0,0,0.011748624
0,0,0.1664157
1,0,0.31100857
0,0,0.012300694
0,0,0.25670478
0,0,0.0051652165
0,0,0.0044276547
0,0,0.025435783
1,0,0.47447172
0,0,0.16486011
0,0,0.07742811
0,0,0.0062283985
1,0,0.19487442
0,0,0.0033300328
0,0,0.1473414
0,0,0.104261726
0,0,0.042113718
0,0,0.022432268
0,0,0.12962024
0,0,0.000121361685
0,0,0.034565907
0,0,0.33163223
0,0,0.09431194
0,0,0.18178295
0,0,0.0070019616
0,0,0.06510649
0,0,0.019116834
0,0,0.008926886
1,0,0.11342922
0,0,0.017808143
0,0,0.28434885
0,0,0.034816455
0,0,5.193032e-05
0,0,0.004980221
0,0,0.004802106
0,0,0.00041975273
0,0,0.13496776
0,0,0.33244562
0,0,0.3613161
1,0,0.18308924
1,0,0.25282955
0,0,0.0039638476
0,0,0.12525387
0,0,8.256429e-05
1,1,0.52888554
0,0,0.07144732
0,0,0.027482834
0,0,0.016967118
0,0,0.014691274
0,0,0.11621647
0,0,0.21099469
0,0,0.03192585
0,0,0.0022248875
0,0,0.21490936
0,0,0.00019947487
0,0,0.022496615
0,0,0.011287898
0,0,0.10123329
0,0,0.004863026
0,0,0.04298977
1,0,0.002802094
0,0,0.004788368
0,0,0.0014157824
0,0,0.0014253
0,0,0.00014693635
0,0,0.4228237
0,0,0.011192429
0,0,0.00025218265
0,0,0.0013571596
0,0,0.021021046
0,0,0.040398993
0,0,0.007594634
0,0,0.00032541816
0,0,0.102471106
0,0,0.14681283
0,0,0.03642584
0,0,0.12129128
0,0,0.00057205703
0,0,0.0006283389
0,0,0.0016899776
0,0,0.06353934
0,0,0.07383244
0,0,0.03888845
1,0,0.13160037
0,0,0.081569664
1,0,0.05911991
0,0,0.0236898
1,0,0.21332969
0,0,0.08167881
0,0,0.0044213724
0,0,0.0434265
0,0,0.019345535
0,0,0.19856408
0,0,0.0072525707
1,0,0.21423233
0,0,0.040761303
0,0,0.101054415
0,0,4.4203058e-05
0,0,0.0042496403
1,0,0.11942484
0,0,0.078446895
0,0,0.13685392
0,0,0.008976953
0,0,0.0070011164
1,1,0.51822335
0,0,0.056728385
0,0,0.01412272
0,0,0.036457617
0,0,0.0023161804
0,1,0.5487281
0,0,0.22445703
0,0,0.13307098
1,0,0.43211848
0,0,0.02487588
0,0,0.039434843
0,0,0.0007519811
0,0,0.019455606
0,0,0.004743543
0,0,0.0079131
0,0,0.0039326604
0,0,0.035648525
0,0,0.4531813
0,0,0.004419362
0,0,0.0039781625
0,0,0.13630578
0,0,0.19522429
0,0,0.008829193
0,0,0.008775603
0,0,0.22324151
0,0,0.0059388224
0,0,0.013127743
0,0,0.02039991
1,0,0.17843512
0,0,0.21325263
0,0,0.0007151881
0,0,0.0038739
0,0,0.00034162414
0,0,0.00015299954
0,0,0.012617937
0,0,0.004000278
0,0,0.009199051
0,0,0.016110362
0,0,0.07935185
0,0,0.011102746
0,0,0.00051807874
0,0,0.0017410143
0,0,0.0038946413
0,0,0.008539327
0,0,0.09003473
0,0,0.13055523
0,0,0.19248119
0,0,0.25920755
0,0,0.00013726862
0,0,0.23075162
0,0,0.0022594442
0,0,0.08866032
0,0,0.0018112177
0,0,5.1136765e-05
0,0,0.009891047
0,0,0.2191597
0,0,0.0066234414
0,0,0.0020610373
0,0,0.17680052
0,0,0.03689374
0,0,0.12929085
0,0,0.09056376
0,0,0.010426359
0,0,0.06844431
0,0,0.3218321
1,1,0.554638
0,0,0.03382019
0,0,0.0017699484
0,0,0.002177162
0,0,0.004342444
0,0,0.023141114
0,0,0.06279949
0,0,0.009074651
0,0,0.09390892
1,0,0.14504816
0,0,0.023831595
0,0,0.070892625
1,0,0.43265396
0,0,0.01401178
0,0,0.0008557693
0,0,0.0033166837
0,0,0.11461167
0,0,0.3772348
0,0,0.041649096
0,0,0.07786316
0,0,0.0023982534
0,0,0.0046471586
0,0,0.0050998256
0,0,0.21275754
0,0,0.13511667
0,0,0.37861037
1,0,0.015442672
0,0,0.047572747
1,0,0.25351804
0,0,0.029203972
1,0,0.47298753
1,0,0.4132551
0,0,0.0024883233
0,0,0.3628745
0,0,0.07141482
1,0,0.12182665
0,0,0.073913224
0,0,0.29750058
0,0,0.14491238
0,0,0.49561593
0,0,0.010267676
0,0,0.06621084
0,0,0.055969454
1,0,0.022968385
1,0,0.08748585
0,0,0.011656614
0,0,0.015199531
0,0,0.006605335
0,0,0.3107875
0,0,0.0039809444
0,0,4.6799414e-05
0,0,0.06465518
0,0,0.061627433
1,0,0.1736415
0,0,0.09351074
0,0,0.07511554
0,0,0.087023795
0,0,0.05978209
0,0,0.017973892
0,0,0.009834466
0,0,0.0065795723
0,0,0.001986456
0,0,0.22435713
0,0,0.0005588359
0,0,0.13558258
0,0,0.29700547
0,0,0.0010253956
0,0,0.0070484937
0,0,0.040418196
0,0,0.20594412
0,0,0.008676372
1,0,0.31429085
0,0,0.09157942
0,0,0.00082836405
0,0,0.1592015
0,0,0.00027403972
0,0,0.044561524
0,0,0.0047791577
0,0,0.050518747
0,0,9.581445e-05
0,0,0.00010039852
0,0,0.45198756
0,0,9.0630594e-05
0,0,0.026229976
0,0,0.17454529
0,0,0.06445965
0,0,0.04474507
0,0,0.058072437
0,0,0.024110487
0,0,0.34977216
0,0,0.00015371505
1,0,0.043903887
0,0,0.0012764618
0,0,0.32242167
0,0,0.055788506
0,0,0.052961856
0,0,7.793217e-05
0,0,0.06679974
0,0,0.053889185
0,0,0.023244305
0,0,0.00046289098
1,1,0.5436791
0,0,0.010114654
1,0,0.16330482
0,0,0.006486235
1,0,0.30621397
0,0,0.03434757
0,0,0.032292534
0,0,0.030463554
0,0,0.017655874
0,0,0.15013663
1,1,0.5019067
0,0,0.25881034
0,0,0.050226122
0,0,0.0045575323
0,0,0.009338547
0,0,0.00048365013
1,0,0.16330482
0,0,0.044214606
0,0,0.014632628
0,0,0.10534285
0,0,0.03163108
0,0,7.114629e-05
0,0,0.041533332
0,1,0.82439643
1,0,0.18373431
0,0,0.08703531
0,0,0.015840335
0,0,0.06608897
0,0,0.21072046
0,0,0.013722887
0,0,0.0005379892
0,0,0.06291687
0,0,0.0673845
0,0,0.0025149588
0,0,0.010772274
0,0,0.110615514
0,0,0.007988958
0,0,0.30997902
0,0,0.0004763399
0,0,0.00823535
0,0,5.514462e-05
0,0,0.08420814
0,0,0.116872616
0,0,0.037059546
0,0,0.41920134
0,0,0.034104478
0,0,0.08182525
0,0,0.007936732
0,0,0.04117681
0,0,0.19998644
0,0,0.011099887
0,0,0.024893189
0,0,0.013209769
0,0,0.10594081
0,0,0.007453744
0,0,0.0035423858
0,0,0.013115543
0,0,0.0075329323
0,0,0.015984032
0,0,0.0021127206
0,0,0.04135728
0,0,0.025050892
0,0,0.015020411
0,0,0.35296145
0,0,0.14673044
0,0,0.07348604
1,0,0.111413814
0,0,0.03243535
0,0,0.012202746
0,0,0.029682279
0,0,0.03156014
0,0,0.3507458
1,0,0.13930324
0,0,0.010019627
0,0,0.01226749
0,0,0.0029257801
0,0,0.00053761754
0,0,0.06061925
0,0,0.41648543
0,0,0.013029072
0,0,0.0046691187
0,0,0.07883454
0,0,0.0207011
0,0,0.002225656
0,0,0.091204844
0,0,0.08292517
0,0,0.064866245
0,0,0.07000319
0,0,0.43617308
0,0,0.054592952
0,0,0.060955293
1,0,0.47763702
1,0,0.23973106
0,0,0.002749946
0,0,0.04054988
0,0,0.101702325
0,0,0.00949679
0,0,0.009142364
1,0,0.04146011
0,0,0.04394695
0,0,0.10189064
0,0,6.866e-05
0,0,0.06702077
0,0,0.070321806
0,0,0.14562525
1,0,0.02815476
0,1,0.501892
0,0,0.049951132
0,0,0.10823658
0,0,0.20381264
0,0,0.047505558
0,0,0.32492614
0,0,0.0007385728
0,0,0.012775625
0,0,0.009871612
0,0,0.05745931
0,0,0.07837396
0,0,0.077018045
0,0,0.20759581
0,0,0.14960897
0,0,0.084303215
0,0,0.010170474
0,0,0.047055323
0,0,0.0043731835
0,0,0.06615083
0,0,0.08314304
0,0,0.005180841
0,0,0.09942945
0,0,0.01024836
0,0,0.035261337
0,0,0.06842245
1,0,0.06597233
0,0,0.028305706
0,0,0.072243914
0,0,0.0039809956
0,0,0.052319754
0,0,0.026405081
0,0,0.000671007
1,0,0.2501279
0,0,0.0112187285
0,0,0.003244304
0,0,0.004798033
0,0,0.06469022
0,0,0.009184399
0,0,0.06678804
1,0,0.23208226
0,0,0.061299384
0,0,0.028001582
0,0,0.025322655
0,0,0.046610262
0,0,0.0041526556
0,0,0.029512994
0,0,0.00028018828
1,0,0.0912859
0,0,0.14945252
0,0,0.17237462
0,0,0.035393145
0,0,0.03806738
0,0,0.003854316
0,0,0.007210467
0,0,0.003839364
0,0,0.0006849422
0,0,0.0015939479
0,0,0.03235295
0,0,0.019289725
0,0,0.008620151
0,0,0.068276025
0,0,0.061116982
0,0,0.07043789
0,0,0.14984499
0,0,0.0015936444
0,0,0.008184762
0,0,0.0029999842
0,0,0.0017422421
0,0,0.003162912
0,0,0.01736235
0,0,0.0037600033
0,0,0.041136947
0,0,0.016627839
0,0,0.02370937
0,0,0.007236925
0,0,0.090129174
1,0,0.03564086
0,0,0.07463762
0,0,0.011250697
0,0,0.18155205
0,0,0.002289563
0,0,0.32214877
0,0,0.008468307
0,0,0.13385363
0,0,0.010331185
0,0,0.003346157
0,0,0.0018998927
0,0,0.43833408
0,0,5.7386012e-05
0,0,0.019555273
0,0,0.3036415
0,0,0.16666305
0,0,0.09465991
0,0,0.44242924
0,0,0.013399839
0,0,0.004358811
0,0,0.0012080772
0,0,0.026608678
0,0,0.08604887
0,0,0.061238002
0,0,0.17626514
0,0,0.0006538455
0,0,0.02781906
0,0,0.0454236
0,0,0.010552505
0,0,0.08664881
0,0,0.05740388
0,0,0.032084852
0,0,0.47722816
0,0,0.10573314
1,0,0.12162217
0,0,9.319196e-05
0,0,0.05116239
0,0,0.014490704
1,0,0.17395176
0,0,0.078364566
0,0,0.12978776
0,0,0.008504502
0,0,0.14908397
0,0,0.20136376
0,0,0.07285124
0,0,0.0012979413
0,0,0.15024582
0,0,0.028807584
0,0,0.026833434
0,0,0.09683947
0,0,9.319196e-05
1,0,0.10809522
1,0,0.029582912
0,0,0.17784728
0,0,0.0016713922
0,0,0.13551392
0,0,0.00032090102
0,0,0.06871487
1,0,0.010954963
0,0,0.004705567
0,0,0.014905069
0,0,0.06714827
0,0,0.02725494
0,0,0.026171606
0,0,0.033306442
0,0,0.00027279524
0,0,0.07637183
0,0,0.03700915
0,0,0.08718763
0,0,0.0044600577
0,0,7.5191325e-05
0,0,0.00072184583
0,0,0.19917116
0,0,0.019228783
0,0,0.08220963
0,0,0.006963136
0,0,0.044942655
0,0,0.0031674737
0,0,0.019196013
0,0,0.14536908
0,0,0.043141585
0,0,0.3487304
0,0,0.0061720447
0,0,0.031473264
0,0,0.052316528
0,0,0.30069602
0,0,4.687432e-05
0,0,0.0023631959
0,0,0.09632842
0,0,0.0073818145
0,0,0.0058617527
0,0,0.02638745
0,0,0.0076735653
0,0,0.0148397125
0,0,0.01662592
1,1,0.5864303
0,1,0.5504237
1,0,0.07782258
0,0,0.020235056
0,0,0.036624543
0,0,0.037732568
1,0,0.19545512
0,0,0.0015058317
0,0,0.006803464
0,0,0.04522188
0,0,0.039286133
1,0,0.0787025
0,0,0.03418524
0,0,0.17181543
0,0,0.045749214
0,0,0.0031537528
0,0,0.005227827
1,0,0.098488435
0,0,0.00032280374
0,0,0.4298549
0,0,0.0041988827
0,0,0.018152205
0,0,0.04337957
0,0,0.0055761905
0,0,0.0689751
0,0,0.0013357989
0,0,0.26172048
0,0,0.06211851
0,0,0.25795472
0,0,0.35712776
0,0,0.0024260036
0,0,0.013428045
0,0,0.114659384
0,0,5.381382e-05
0,0,0.026896225
0,0,0.17400353
0,0,0.059907988
1,1,0.6588934
0,0,0.08198913
0,0,0.16700669
0,0,0.014923045
0,0,0.0089727035
0,0,0.007855785
0,0,0.0044336705
0,0,0.010593125
0,0,0.06536871
1,0,0.3942687
0,0,0.06566946
0,0,0.014947683
0,0,0.018802809
0,0,0.044470605
0,1,0.805958
0,0,0.04426931
1,1,0.8096733
1,0,0.27352586
0,0,0.0005483363
0,0,0.029788174
0,0,0.09438695
0,0,0.05074478
0,0,0.31577733
0,0,0.1463815
0,0,0.022104269
0,0,0.23949729
0,0,0.21124159
0,0,0.14909765
0,0,0.061514657
0,0,0.06806945
0,0,0.005529052
0,0,0.112270854
0,0,0.022480235
0,0,0.4827024
1,0,0.13841394
0,0,0.047324084
0,0,0.10334075
0,0,0.05940044
0,0,0.23198235
0,0,0.009232646
0,0,0.012441221
0,0,0.28429297
0,0,0.011909437
0,0,0.0029032214
0,0,0.0032059222
0,0,0.2605679
0,0,0.06008658
0,0,0.14356239
0,0,0.021651853
0,0,0.23281652
0,0,0.011647982
1,1,0.6695492
0,0,0.24356668
0,0,0.0084191095
0,0,0.0009418435
0,0,4.346934e-05
0,0,0.0052913157
0,0,0.004633277
0,0,7.79909e-05
0,0,0.023755925
0,0,5.1136765e-05
0,0,0.00812974
0,0,0.0002679591
0,0,0.026975814
1,0,0.18658136
0,0,0.018057153
0,0,0.006181962
0,1,0.6661942
0,0,0.08587784
1,0,0.027156144
0,0,0.0002078926
1,0,0.042113114
0,0,0.008770938
0,0,8.094031e-05
0,0,0.005614989
0,0,0.002617214
0,0,0.0013901673
0,0,0.02758344
0,0,0.003986291
1,0,0.20760834
0,0,0.03848866
1,0,0.4277692
0,0,0.02792624
0,0,0.002083174
1,0,0.099603295
0,0,0.05289413
0,0,0.023245914
0,0,0.0010861704
0,0,0.23426045
0,0,0.024178836
0,0,0.0017484422
0,0,0.007225334
0,0,0.00011580278
1,0,0.018315533
0,0,0.06783725
0,0,0.04624521
0,0,0.0006968699
0,0,0.011127804
0,0,0.015118866
1,0,0.37765756
0,0,0.0016347568
0,0,0.044467065
0,0,0.05423346
0,0,0.3935959
0,0,0.004977169
0,0,0.0107289
0,0,0.27047533
0,0,7.4113406e-05
1,0,0.22577916
0,0,0.122537136
0,0,0.095871374
0,1,0.56352806
0,0,0.0029953541
0,0,0.03144513
0,0,0.30094904
0,0,0.02004917
0,0,0.2572415
0,0,0.18104376
0,0,0.33825508
0,0,0.004850664
0,0,0.035838664
0,0,0.009644089
0,0,0.06982744
0,0,0.34610006
1,0,0.24399339
0,0,0.057171196
0,0,0.019103117
0,0,0.011438255
0,0,0.00080390286
0,0,0.0022865857
0,0,0.035054564
1,1,0.54999894
0,0,0.0022364894
0,1,0.7106656
0,0,0.09821193
0,0,0.030345272
0,0,0.002929274
1,0,0.18174429
0,0,0.015163064
0,0,0.10574998
0,0,0.2694193
0,0,0.25651783
1,0,0.069689676
0,0,0.012978752
0,0,0.059414268
0,0,0.010178373
0,0,0.069143474
0,0,0.47074807
0,0,0.0048021763
0,0,0.025531156
0,0,0.3206005
0,0,0.04080598
0,0,0.17815964
0,0,0.28127286
0,0,0.14990376
0,0,0.014404449
0,0,0.0021392705
0,0,0.1282579
0,0,0.06173041
1,0,0.1055268
0,0,0.06576816
0,0,0.0008714317
0,0,0.22670524
0,0,4.0785297e-05
0,0,0.03505879
0,0,0.09017478
0,0,0.0077588726
0,0,0.02492061
1,0,0.13975191
0,0,0.30768955
0,0,0.046824157
1,0,0.13819286
0,0,0.14551005
0,0,0.001005526
0,0,7.043284e-05
0,0,0.029730232
1,0,0.23296295
0,0,0.012022509
0,0,0.018525194
0,0,0.02466291
0,0,0.0004765954
0,0,0.17821291
0,0,0.061641447
0,0,0.025399106
1,0,0.091015466
0,0,0.008268259
0,0,0.0013850036
0,0,0.0004971936
0,0,0.14682613
0,0,0.0018209881
0,0,0.016893905
0,0,0.035907388
0,0,0.0018708835
0,0,0.004121153
0,0,0.0017331986
0,0,0.00021813222
0,0,0.003117844
0,0,0.16264004
0,0,0.0015990919
0,0,0.018745277
0,0,0.13385974
0,0,0.006575338
0,0,0.014950673
0,0,0.00948414
0,0,0.010071029
0,0,0.21093372
0,0,0.19551234
0,1,0.5589487
0,0,0.008917429
0,0,0.028273946
0,0,0.42903224
0,0,0.1276964
0,0,0.053780347
0,0,0.009187867
0,0,0.15377674
0,0,0.013851789
0,0,0.0022643178
0,0,0.081190065
1,0,0.062793724
0,0,0.018660968
0,0,0.023975361
0,1,0.6224577
0,0,0.011003759
0,0,0.04054981
0,0,0.0027897884
0,0,0.033044197
0,0,0.09610487
0,0,0.025362134
0,0,0.13995913
1,0,0.3989157
0,0,0.35883728
0,0,0.04037751
0,0,0.004996841
1,0,0.15949014
0,0,0.2785091
0,0,0.00024699373
0,0,0.0136947585
0,0,0.120476045
0,0,0.00468192
0,0,0.14720292
0,0,0.004033244
0,0,0.43664742
1,0,0.1755415
0,0,0.001901407
0,0,0.087605104
0,0,0.04993739
0,0,0.18202122
0,0,0.00085977546
1,0,0.03593682
1,0,0.4941268
0,0,0.000343779
0,0,0.011893775
0,0,0.053412404
0,0,0.302642
1,0,0.45040217
0,0,0.0039284523
1,0,0.08679395
0,0,0.010633446
0,0,0.012765646
0,0,0.00025976135
0,0,0.34021777
0,0,0.04778182
0,0,0.21589486
1,0,0.019088754
0,0,0.11925727
0,0,0.31180224
0,0,0.16558887
0,0,0.00083096226
0,0,0.01944244
0,0,0.07548267
0,0,0.0014173472
0,0,0.06964003
0,0,0.14362413
0,0,0.15412728
0,0,0.025902137
0,0,0.11464763
0,0,0.16679285
0,0,0.00029687415
0,0,0.4124076
0,0,0.109709196
0,0,0.01693975
0,0,0.01143501
0,0,0.24887942
0,0,0.0159691
0,0,0.00021804009
1,0,0.10027721
0,0,0.08168884
0,0,0.29242814
0,0,0.0010148716
1,1,0.8099341
0,0,0.00090409047
0,0,0.17563981
0,0,3.1819054e-05
0,0,0.00010525347
0,0,0.020975236
0,0,0.08100313
0,0,0.017436879
0,0,0.36134636
0,0,0.0008919197
0,0,0.07587682
0,0,0.052721538
0,0,0.005710351
0,0,2.0578453e-05
0,0,0.00014158041
0,0,0.0366842
0,0,0.0077111744
0,0,0.08063784
0,0,0.0007510605
0,1,0.5728142
0,0,0.0013594202
0,0,0.014772063
0,0,0.05463878
0,0,0.14769693
0,0,0.0074558887
0,0,0.23042932
0,0,0.017085943
0,0,0.041649096
0,0,0.08459367
0,0,0.005941038
0,0,0.0066063837
1,0,0.2791397
0,0,0.13379513
0,0,4.251375e-05
0,0,0.010192084
1,1,0.5197391
0,0,0.11642086
0,0,0.010317021
0,0,0.0015789656
0,0,0.0019613889
0,0,0.03563893
0,0,0.0656872
0,0,0.004350626
1,0,0.035877068
0,0,9.045877e-05
0,0,0.00010902356
0,0,0.0041244933
0,0,0.03892274
1,1,0.6648482
1,0,0.099070415
0,0,0.017112533
1,0,0.3316154
0,0,0.006874766
0,0,0.02145995
1,0,0.071700476
0,0,0.0062752552
0,0,0.0014445927
0,0,0.06692387
0,0,0.033841908
0,0,0.013612414
0,0,0.01265375
0,0,0.07329023
0,0,0.0102344975
1,0,0.19290817
0,0,0.15304759
0,0,0.011856539
0,0,0.0020740347
0,0,0.032528643
0,0,0.00359384
0,0,0.2709858
1,0,0.15310565
0,0,0.1895259
0,0,0.12705523
0,0,0.042750463
0,0,0.022300202
0,0,0.0028558401
0,0,0.17581145
0,0,0.05382725
0,0,0.0036587338
0,0,0.43599322
0,0,0.11064825
1,1,0.561799
0,0,0.0001218321
0,0,0.028656878
0,0,0.19644588
0,0,0.048517693
0,0,0.00021813222
0,0,0.002730785
0,0,0.019544547
0,0,0.008886655
0,0,0.006577207
0,0,0.009353411
0,0,0.05974619
0,0,0.012690764
1,0,0.2858506
0,0,0.007838403
0,0,0.17701362
0,1,0.52075225
1,0,0.096311115
0,0,0.0055572405
0,0,0.0664554
0,0,0.084044084
0,0,0.1816662
0,0,0.005313029
0,0,0.0014139384
0,0,0.12884247
1,0,0.019124238
0,0,6.240524e-05
0,0,0.18780337
0,0,0.014993226
1,0,0.08716923
0,0,0.0074476856
1,1,0.58700573
0,1,0.6730259
0,0,0.16337296
0,0,5.9354734e-05
0,0,0.0008239316
0,0,0.11418814
0,0,0.056415807
0,0,0.049016993
0,0,0.023840442
1,0,0.123563014
1,0,0.18668649
0,0,0.018318389
0,0,0.000121361685
0,0,0.032148995
0,0,0.08290771
0,0,0.029803054
0,0,0.018462464
0,0,0.031795174
0,0,0.22504024
0,0,0.013893132
0,0,0.1617393
0,0,0.027994853
0,0,0.0023691459
0,0,0.13859957
0,0,0.0038543015
0,0,0.0015454008
0,0,0.010306666
0,0,0.028910538
0,0,0.10438425
0,0,5.381382e-05
0,0,0.10305076
0,0,0.001918884
0,0,0.0115111545
1,0,0.2509357
0,0,0.010065222
0,0,0.08894
0,0,0.032752376
0,0,0.0012059148
1,0,0.16583657
0,0,0.0509076
0,0,0.10249089
0,0,0.032766815
0,0,0.0079938425
0,0,0.114079975
0,0,0.18035384
0,0,0.0651265
0,0,0.33284223
0,0,0.0009363497
0,0,7.2138886e-05
0,0,0.10265952
0,0,0.0100574475
0,0,0.21583517
0,0,0.004682976
0,0,0.21439959
0,0,0.0063518826
0,0,0.010164897
0,0,0.3140357
0,0,0.111939
0,0,0.015290853
0,0,0.0029139125
0,0,0.19574422
0,0,0.038007807
0,0,0.10707243
0,0,0.055863667
0,0,6.345892e-05
0,0,0.05556809
0,0,0.1562678
0,0,0.038218856
0,0,0.02822837
0,1,0.5582408
0,0,0.0128559815
1,0,0.31809756
0,0,0.008003422
0,0,0.002267744
0,0,0.3100061
0,0,3.984685e-05
0,0,0.009209405
0,0,0.0027400595
0,0,0.06259084
1,0,0.19819883
0,0,0.0034477515
0,0,0.01495127
0,0,0.105211616
0,0,0.058853786
0,0,0.1461467
0,0,0.006037756
0,0,0.00057275157
0,0,0.05637963
0,0,0.018542368
1,0,0.31944737
0,0,0.00521572
0,0,0.02781853
1,0,0.47688124
0,0,0.29136747
0,0,0.00925787
1,1,0.6611373
0,0,8.771294e-05
0,0,0.03816559
0,0,0.1327015
0,0,0.008794808
0,0,0.023912687
1,0,0.24611115
0,0,0.003364992
1,0,0.35379708
0,0,0.25544176
0,0,0.16030663
0,0,0.04528914
0,0,1.693764e-05
0,0,0.06867497
0,0,0.13997146
0,0,0.0044406257
0,0,0.006866665
0,0,0.011077346
0,0,0.059148103
0,0,0.1360337
0,0,0.00144212
0,0,0.0037092085
0,0,0.0322473
0,0,0.015399864
0,0,0.011647575
0,0,0.06972026
0,0,0.17813563
0,0,0.0077459835
0,0,0.37197587
0,0,0.0849955
0,0,0.0035957238
0,0,0.00068728894
1,1,0.564134
0,0,0.005958281
0,0,0.054311194
0,0,0.08546194
0,0,0.00012362988
0,0,0.014625644
0,0,0.11266722
0,0,0.058714688
1,0,0.14590262
0,0,0.17937165
0,0,0.0059153684
0,0,0.015533218
0,0,0.010403306
0,0,0.0011704068
0,0,0.08045803
0,0,0.013332548
1,1,0.62962747
0,0,0.15613274
0,0,0.0026589066
0,0,0.012572322
0,0,0.26418883
0,0,0.00067639473
0,0,0.0120702
0,0,0.044669177
0,0,0.001276539
0,0,0.0032177046
0,0,0.0069012656
0,0,0.002823378
0,0,0.12802595
1,1,0.57815313
1,0,0.3035863
0,0,0.021785637
0,0,0.112724826
0,0,0.026084017
0,0,0.074336626
0,0,0.008653381
0,0,0.05419284
0,0,0.022224411
0,0,0.0040893396
1,0,0.15766135
0,0,0.014472704
0,0,0.010983514
0,0,8.18738e-05
0,0,0.40059444
0,0,0.03820395
0,0,0.16858222
0,0,0.01822985
0,0,0.031950463
0,0,0.009863147
0,0,0.017777942
1,1,0.81285214
0,0,0.2428356
0,0,0.0037802786
0,0,0.12548693
0,0,0.0020925417
0,0,0.006294476
0,0,0.016762502
0,0,0.24921174
0,1,0.6613226
0,0,0.17974134
0,0,0.098234616
1,0,0.47416094
0,0,0.0005524526
0,0,0.005787677
0,0,0.03838789
0,0,0.31682435
0,0,0.013163809
1,0,0.13185465
0,0,0.029437404
0,0,0.007809975
0,0,3.3564545e-05
0,0,0.13423155
0,0,0.006111298
0,0,0.02223076
0,0,0.06331398
0,0,0.17524606
0,0,0.02137344
0,0,0.005748338
0,0,0.024101367
0,0,0.16462249
0,0,0.016858391
0,0,3.8937087e-05
0,0,0.047848895
0,0,0.07559932
0,0,0.000100967576
0,0,0.015239031
0,0,0.034957875
0,0,0.30075222
0,0,0.41081125
1,0,0.22569893
0,0,0.0537761
1,0,0.101069495
0,0,0.009414351
0,0,0.0018559544
1,0,0.23815256
0,0,0.00894166
0,0,0.03418881
0,0,0.0768856
0,0,0.005236797
0,0,0.16552909
1,0,0.2197815
0,0,0.00016965404
1,0,0.00931843
0,0,0.14592339
0,0,0.020288054
0,0,0.013218517
0,0,0.050731756
1,0,0.418835
0,0,0.05352362
1,0,0.041318
0,0,0.004440502
0,0,0.13971904
0,0,0.013242298
1,0,0.20677486
0,0,0.05125135
0,0,0.03846254
0,0,0.008823203
1,0,0.40433052
0,0,0.44950238
0,0,0.059501532
1,0,0.27959293
0,0,0.14338972
1,0,0.22280045
0,0,0.0036483798
0,0,0.049027577
0,0,0.47957978
0,0,0.25763956
0,0,6.010769e-05
0,0,0.06865802
0,0,0.004025519
0,0,0.0122088
0,0,0.11953279
0,0,0.07039564
0,0,0.23049831
0,0,0.002486285
0,0,0.0015378388
0,0,0.09835141
1,0,0.15027009
0,0,0.1711964
0,0,0.026237871
1,0,0.33575144
0,0,0.1662365
0,0,0.00015371505
0,0,0.4320611
0,0,0.04116481
0,0,0.0025958833
0,0,0.0025984342
0,0,0.103672706
0,1,0.5721711
0,0,0.0036999353
0,0,0.48358634
0,0,0.011809447
0,0,0.011288292
0,0,7.0768794e-05
0,0,0.073391944
0,0,0.0049816435
0,0,0.0033560377
0,0,0.04446637
0,0,0.4336158
0,0,0.25482428
0,0,0.061885037
0,0,0.027537791
0,0,0.031189222
0,0,0.0016270773
0,0,0.028439939
0,0,0.16173631
1,0,0.02799172
0,0,0.07242546
1,1,0.5812874
1,0,0.38913664
0,0,0.002077378
0,0,0.40155134
0,0,0.07859584
1,0,0.057749372
0,0,0.05247758
1,1,0.78487587
0,0,0.01991212
0,0,0.027908323
0,0,5.027674e-05
0,0,0.22601037
0,0,5.30167e-05
1,0,0.2987064
0,0,0.04164899
0,0,0.029427523
1,0,0.11033302
0,0,0.010986927
0,1,0.6190249
1,0,0.15083103
1,0,0.10446715
0,0,0.051077873
1,0,0.016323643
0,0,0.07332068
0,0,0.02683478
0,0,0.0668452
0,0,0.023986248
0,0,0.032048464
0,0,0.0024123336
0,0,0.0032319548
0,0,0.018962763
0,0,0.011331535
0,0,0.004460937
0,0,0.055553064
0,0,0.024977503
0,0,0.108604565
1,0,0.26018512
0,0,0.06918615
0,0,0.038297124
0,0,0.02284922
0,0,0.066579126
0,0,0.028530544
0,0,0.012030379
1,0,0.037215706
0,0,0.034986723
0,0,0.0133660035
0,0,0.069297194
0,0,0.0022907471
0,0,0.0049957763
0,0,0.17572066
0,0,0.18326524
0,0,0.0036317362
0,0,0.00016060966
0,0,0.3880166
0,0,0.005959201
0,0,0.21549991
0,0,0.012549865
0,0,0.015772298
0,0,0.0018311911
0,0,0.00049167173
0,0,0.061329473
0,0,0.0025962403
0,0,0.11378642
0,0,0.063550934
0,0,0.0049307276
0,0,0.10182072
0,0,0.16578744
0,0,0.2436269
0,0,0.060992002
0,0,0.009398705
0,0,0.059175573
0,0,0.0040121144
0,0,0.0017287584
1,0,0.47231823
0,0,0.17544194
0,0,0.09397958
0,0,0.004369834
0,0,0.017732462
0,0,4.1993313e-05
0,0,0.060796592
0,0,0.0155478595
0,0,0.08191945
0,0,0.0042725997
0,0,0.00075943355
0,0,0.00020054665
0,0,0.0016005071
0,0,0.0014660723
0,0,0.0011694139
1,0,0.18752737
0,0,0.4734576
0,0,0.492881
0,0,0.014131778
0,0,0.0006581782
0,0,0.0069708684
0,0,0.013597932
0,0,0.001781299
0,0,0.027000261
0,0,0.0020350087
0,0,0.02542881
0,0,0.26132017
0,0,0.1185033
0,0,0.27454495
1,0,0.3380547
0,0,0.32450366
0,0,0.030879065
0,0,0.004612643
0,0,5.027674e-05
1,0,0.43691623
1,0,0.28854948
0,0,0.058023863
0,0,0.071911186
0,0,0.004395948
0,0,0.34272435
0,0,0.011266084
0,0,0.11989661
0,0,0.0021697618
0,0,0.10174978
0,0,0.022154396
0,0,0.079365104
0,0,0.004994911
0,0,0.0005538189
0,0,0.054075178
0,0,0.021633027
0,0,0.011221554
0,0,0.002238197
0,0,0.14999925
0,0,0.27402896
0,0,0.014661616
0,0,0.0005094662
0,0,0.0017624635
0,0,0.0042220103
0,0,0.004541593
0,0,0.1651038
0,0,0.00090485363
0,0,0.005867997
0,0,0.18890806
0,0,0.09498981
0,0,0.21753936
0,0,0.33468133
0,0,0.002572917
0,0,0.15260403
0,0,0.0026549578
0,0,0.0040323325
0,0,0.027324539
0,0,0.000140898
1,1,0.5132105
0,0,0.015177205
0,0,0.006610337
0,0,0.23668754
0,0,0.0057687154
0,0,0.041685272
0,0,0.061617788
0,0,0.003994628
0,0,0.005317219
0,0,0.0052415854
0,0,0.38043535
0,0,0.00038528413
0,0,0.055087812
0,0,0.10480047
0,0,0.02314243
0,0,0.07359141
0,0,0.006573837
0,0,0.058594514
0,0,0.05698178
0,0,0.011688371
0,0,0.0032513074
0,0,0.02711871
0,0,0.007955064
0,0,0.1535635
0,0,0.14424089
0,0,0.01601083
0,0,0.018038435
0,0,0.0030151228
0,0,0.05181335
0,0,0.02114121
0,0,0.34692258
0,0,0.010106865
0,0,0.18296857
0,0,0.44406095
1,1,0.71030545
1,0,0.18346363
0,0,0.24321947
0,0,0.0067418404
0,0,0.014631177
0,0,0.006510747
0,1,0.50012517
0,0,0.09379424
1,0,0.24288653
0,0,0.036903217
0,0,0.00033371564
0,0,0.046748552
0,0,0.117520995
0,0,0.060274117
0,0,0.23363668
0,0,0.0013722196
0,0,0.00084962806
0,0,0.18249796
1,0,0.4197379
0,0,0.020591892
0,0,0.0038172202
0,0,0.0004736852
1,0,0.3204517
0,0,0.00010902356
0,0,0.13284793
0,0,0.006283173
0,0,7.069358e-05
0,0,0.030121226
0,0,0.010075893
0,0,4.5098066e-05
0,0,0.42168838
0,0,0.00027403972
0,0,0.023698851
0,0,0.033106152
0,0,0.0022976245
0,0,0.000561127
0,0,0.029642612
0,0,0.015296548
1,0,0.06090736
0,0,0.09879267
1,0,0.024207085
0,0,0.008699973
1,0,0.13969871
1,0,0.045332447
0,0,0.44354078
0,0,0.13172531
0,0,0.014159854
1,0,0.07059527
0,0,0.0052289604
0,0,0.02344064
0,0,0.00150356
0,0,0.12720074
0,0,0.04952938
0,0,0.13907045
0,0,0.215941
0,0,0.16935025
0,0,0.44925287
0,0,0.0061220736
0,0,0.010573281
0,0,0.0004012888
0,0,0.040348753
0,0,0.18252034
0,0,0.080322
0,0,0.07792933
1,0,0.0956105
0,0,0.00010902356
0,0,0.043899935
0,0,0.007715427
1,0,0.27991328
1,0,0.002488649
0,0,0.058873862
0,0,0.008706757
1,0,0.45034456
0,0,0.16932356
1,1,0.67609686
1,0,0.4492289
0,0,0.012095878
0,0,0.20549914
0,0,0.0015669776
0,0,0.0016736949
0,0,0.069940016
0,0,0.048797153
0,0,0.0011719001
0,0,0.22164413
0,0,0.119801715
0,0,0.118735686
0,0,0.005490907
0,0,0.05749471
0,0,0.07149045
0,0,0.025009196
0,0,0.020917803
1,0,0.4412594
0,0,0.015799917
0,0,0.0063517685
1,0,0.37412447
0,0,0.051394712
0,0,0.0016771826
0,0,0.01018463
0,0,0.01310767
0,0,0.021709826
0,0,0.0097427545
0,0,0.0891703
0,0,0.0119591765
0,0,0.02950252
0,0,0.2341552
0,0,0.00023968503
1,0,0.24671964
1,0,0.15473005
0,0,0.03777338
0,0,0.00090744894
0,0,0.11378366
0,0,0.0052637127
0,0,0.24283217
0,0,0.05517621
0,0,0.16195129
0,0,0.027334614
0,0,0.0020333545
0,0,0.0035837437
0,0,0.017240912
0,0,0.112715565
0,0,0.0054467637
1,0,0.0807769
0,0,0.043604646
0,0,0.0042991736
0,0,0.17742106
0,0,0.010412396
0,0,0.023071095
0,0,0.023567118
0,0,0.015576406
0,0,0.24833067
0,0,0.00084212853
1,0,0.09792758
0,0,7.53685e-05
0,0,0.003056561
0,0,0.004772882
0,0,0.13852297
0,0,4.7193716e-05
0,0,0.0434929
0,0,0.06938721
0,0,0.09929009
0,0,0.12037642
0,0,0.0039227097
0,0,0.014160313
0,0,0.020575887
0,0,0.0152494665
0,0,0.017653804
0,0,0.014983019
0,0,0.05417599
0,0,0.14270204
0,0,0.03720444
0,1,0.5680737
0,0,0.08141888
0,0,0.03377864
0,0,0.21128054
0,0,0.02056867
0,0,0.07048886
0,0,0.041454826
0,0,0.009937189
0,0,0.28322092
0,0,0.13759342
0,0,0.0007460294
0,0,0.48090062
0,0,0.28277516
1,0,0.15605944
0,0,0.20569946
0,0,5.615743e-05
1,0,0.12772119
0,0,0.0021342146
0,0,0.019105414
0,0,0.03074831
0,0,0.006332285
0,0,0.008944847
0,0,0.0065965867
0,0,0.010346886
0,0,0.02969997
0,0,0.019293811
1,0,0.15539484
0,0,0.109237246
0,0,0.1876637
0,0,0.015601658
0,0,0.024583759
1,0,0.24332291
0,0,0.006018077
0,0,0.0038977892
0,0,0.22727305
0,0,0.01196576
0,0,0.0012714935
0,0,0.19724569
1,0,0.2671837
0,0,0.24822392
1,0,0.38518602
0,0,0.06426963
0,0,0.07837164
0,0,0.022709152
0,0,0.22340325
0,0,0.0126035325
0,0,7.5191325e-05
0,0,0.13336422
1,0,0.13950972
0,0,0.00487193
0,0,0.07497322
0,0,0.02768859
0,0,0.041832317
0,0,0.20255414
0,0,0.0046047764
0,0,0.0014047379
0,0,0.04358535
0,0,0.0692626
1,0,0.23734184
0,0,0.19135056
0,0,0.04355619
0,0,0.018833946
0,0,0.0026748613
0,0,0.03012119
0,0,0.014177717
0,0,0.011902862
0,0,0.00035638423
1,0,0.07383211
0,0,0.04352151
0,0,0.020029435
0,0,0.15794198
0,0,0.049997702
0,0,0.053185012
0,0,0.3169348
0,0,0.0094292145
0,0,0.019984245
0,0,0.006272428
0,0,0.2326075
0,0,0.16183197
0,0,0.009522121
0,0,0.06751053
0,0,0.24308096
0,0,0.007324525
0,0,0.17568155
0,0,0.08337295
0,0,0.006484158
0,0,0.00970464
0,0,0.3560026
0,0,0.0017570088
0,0,0.05702534
0,0,0.0055852565
0,0,0.04311923
1,0,0.073386654
0,0,0.029685333
0,0,0.13356887
0,0,0.011576064
0,0,0.0023516617
0,0,0.06875275
0,0,0.15926974
0,0,4.6799414e-05
0,0,0.0032131623
0,0,0.0381375
0,0,0.030366812
0,0,0.0021227521
0,0,0.10151327
0,0,0.0060870377
0,0,0.0038254159
0,0,0.0070518353
0,0,0.022209018
0,0,0.09093666
0,0,0.09504315
0,0,0.09964068
1,0,0.16903365
0,0,0.09927007
0,0,0.34278128
0,0,9.853263e-05
0,0,0.006826599
1,0,0.018154427
0,0,0.011777149
0,0,0.04903321
0,0,0.006793499
0,0,0.0070900074
0,0,0.036422852
0,0,0.0047229393
0,0,0.007319576
0,0,0.2631486
0,0,0.13024165
0,0,0.1339313
0,0,0.18179396
0,0,5.951451e-05
1,0,0.39676067
0,0,0.017814565
0,0,0.13312338
0,0,0.0018117893
0,0,0.0033327308
0,0,0.00051914895
0,0,8.256429e-05
0,0,0.06401083
0,0,0.01135948
0,0,0.013806948
0,0,0.12563266
0,0,0.064401746
0,0,0.009827411
0,0,0.001831961
0,0,0.021618858
0,0,0.010554378
0,0,9.146957e-05
0,0,0.0055296132
0,0,0.10944587
0,0,0.19731374
0,0,0.020927986
1,0,0.09252151
0,0,0.005159802
0,0,0.04026939
1,0,0.4215586
0,0,0.0027969026
0,0,0.004740977
0,0,0.22755136
0,0,0.043587647
0,0,0.0063585048
0,0,0.011171055
0,0,0.015087954
0,0,0.10815098
0,0,0.016783735
0,0,0.0039308136
0,0,0.034159515
0,0,0.22348134
0,0,0.00023745341
0,0,0.12118934
0,0,0.13440222
0,0,0.0067565665
0,0,0.0062950365
0,0,0.014489533
0,0,0.0009656896
0,0,0.11526931
0,0,0.1491177
0,0,0.062130526
0,0,0.04663467
0,0,0.10219636
0,0,0.17751198
0,0,0.23474771
0,0,0.0021227521
0,0,0.0059211785
0,0,0.14053448
0,0,0.00091884035
0,0,0.007248589
0,0,0.040924195
0,0,0.0020668074
0,0,0.0067859166
0,0,9.487237e-05
0,0,0.005595165
0,0,0.19717123
0,0,0.03408394
1,0,0.20429851
0,0,0.0035535626
0,0,0.015780939
0,0,0.011987947
0,0,0.1116129
0,0,0.010770887
0,0,0.01837986
0,0,0.1353989
1,0,0.06944044
0,0,0.012862857
1,0,0.053046767
0,0,0.013434479
0,0,0.01514393
0,0,0.12461283
0,0,0.047808897
0,0,0.021681989
0,0,0.018478058
0,0,0.1280103
0,0,0.009655756
0,0,0.00024589596
0,0,0.080545366
0,0,0.051673356
0,0,0.14690295
0,0,0.0025979881
0,0,0.15324678
0,0,0.05260134
0,0,0.21252155
0,0,0.1036824
0,0,0.005451381
0,0,0.06633879
0,0,0.0138788065
0,0,0.12078134
0,0,0.01604081
0,0,0.016494524
0,0,0.08819289
0,0,0.0042330967
0,0,0.00067500025
0,0,0.094036415
0,0,0.21453232
0,0,0.02839761
0,0,0.019098826
0,0,0.0042870617
1,0,0.06739974
0,0,0.47621682
0,0,0.00048676808
0,0,0.048536904
0,0,0.01825126
0,0,0.00787832
0,0,0.060539257
1,0,0.29663098
0,0,0.069761686
0,0,0.017804965
0,0,0.03827185
1,0,0.11011306
0,0,0.32372737
0,0,0.034786806
0,0,0.07402075
0,0,0.017574357
0,0,9.183105e-05
0,0,0.043231066
0,0,0.05151647
1,0,0.27198607
0,0,0.067294285
0,0,0.010881029
1,0,0.3720266
0,0,8.407545e-05
0,0,0.021786047
0,0,4.7284262e-05
0,0,0.030749107
0,0,0.11266015
0,0,0.15650983
0,0,0.03209944
0,0,0.11530558
0,0,0.0038788733
0,0,0.08558758
0,0,0.009665865
1,1,0.5034177
0,0,0.14521806
0,0,0.08619603
0,0,0.013396964
0,0,0.0075832745
0,0,0.009110086
0,0,0.059845746
0,0,0.10974538
0,0,0.007016063
0,0,0.02479379
0,0,0.09159837
0,0,0.049315456
0,0,0.21088134
0,0,0.0003338162
0,0,0.003944684
0,0,0.20015864
0,0,0.07948766
0,0,0.005608544
0,0,0.09743511
0,0,0.0061837025
0,0,0.050142504
0,0,0.0018965988
0,0,0.0015162772
0,0,8.256429e-05
0,0,0.0021603217
0,0,0.01681066
0,1,0.615465
0,1,0.5379949
0,0,0.005470494
0,0,0.0074107237
0,0,0.0070747836
0,0,0.13967602
0,0,0.0029436452
0,0,0.003684734
0,0,0.15201409
0,0,0.027209084
0,0,0.10834886
0,0,0.21899436
0,0,0.006626055
0,0,0.0003852074
0,0,0.039538298
0,0,0.23484936
0,0,0.002522649
0,0,0.1483049
1,0,0.12502149
0,0,0.0056410874
1,0,0.09392186
0,0,0.0028931706
0,0,0.0566506
0,0,0.046582166
0,0,0.030461784
0,0,0.04005041
0,0,0.033593167
0,0,0.012526056
0,0,0.48610106
0,0,0.1299138
0,0,5.381382e-05
0,0,0.41089866
0,0,0.026109735
1,1,0.7130946
0,0,0.003988956
0,0,0.01205106
0,0,0.016417425
0,1,0.6467908
0,0,0.056547537
0,0,0.036773276
0,0,0.04580619
0,0,0.21563232
0,0,0.06866224
1,0,0.43476906
1,0,0.2581085
0,0,0.17382492
0,0,0.015050524
0,1,0.69068235
0,0,0.021681674
0,0,0.095369995
0,0,0.00162374
0,0,0.008847677
0,0,0.004987828
0,0,0.040729463
0,0,0.29012904
0,0,0.0015395831
0,0,0.06859863
0,0,0.07079488
0,0,0.0017510301
0,0,0.0018994262
0,0,0.13673586
1,0,0.10240834
0,0,0.21661133
0,0,0.32990167
0,0,0.052991483
0,0,0.004470593
0,0,0.025198957
0,0,0.008038106
0,0,0.022723861
0,0,0.12994128
0,0,0.014577633
0,0,0.21478432
0,0,0.03037333
0,0,0.0013532218
1,1,0.59095055
1,0,0.14891751
0,0,0.09050569
0,0,0.0038932872
1,0,0.1013562
0,0,0.07479802
0,0,0.24944037
0,0,0.026247408
0,0,0.016431514
0,0,0.0061805006
0,0,0.0022688813
0,0,0.015395685
0,0,0.025749026
0,0,0.015124121
0,0,0.063917756
0,0,0.0027859146
0,0,0.08337774
0,0,0.00064451003
0,0,0.06371345
0,0,0.0005770277
0,0,0.25013003
0,0,0.03745381
0,0,0.10187721
0,0,0.015072826
0,0,0.3548734
0,0,0.08903786
0,0,0.0065913014
1,0,0.08971143
0,0,0.0064212237
0,0,0.100426085
0,0,0.0021535289
0,0,0.0050632283
0,0,0.1591421
0,0,0.2752775
1,0,0.28834325
0,0,0.013135375
0,0,0.14533405
0,0,0.00034318972
1,0,0.0746081
1,0,0.082015775
1,0,0.09185304
0,0,0.056965232
0,0,0.18516448
0,0,0.26897934
0,0,0.044225045
0,0,0.01851326
0,0,0.019955274
0,0,0.10520319
0,0,0.013207694
0,0,0.002940382
0,0,0.010468878
0,0,0.09511056
0,0,0.07887598
0,0,0.003272043
0,0,0.09124837
0,0,0.0025649008
0,0,0.014153285
0,0,0.018497242
0,0,0.061373796
0,0,0.023822308
0,0,0.23048435
0,0,0.03937828
1,0,0.11688948
0,0,0.00051774405
0,0,0.019483734
0,0,0.023696449
0,0,0.0033139735
0,0,0.0039915615
0,0,0.0036677576
0,0,0.033219196
0,0,0.052673284
0,0,0.076710984
0,0,0.00075074413
0,0,0.006317061
0,0,0.086760946
1,1,0.504619
0,0,0.009545936
0,0,0.013996096
0,0,0.0015121188
0,0,0.06716294
0,0,0.002599621
0,0,0.069933556
0,0,0.098674454
0,0,0.0606804
0,0,0.010141702
0,0,0.0024873281
0,0,0.002605618
0,0,0.18764625
0,0,0.15288892
0,0,0.28712577
0,0,0.0010611927
0,0,0.13008179
0,1,0.5895081
0,0,0.043014023
0,0,0.22636954
0,0,0.0035875735
0,0,0.08874545
1,0,0.12035552
0,0,0.0034012254
0,1,0.574958
0,0,0.06929436
0,0,0.042628147
0,0,0.076726116
0,0,7.53685e-05
0,0,0.074853644
0,0,0.0758207
0,0,0.093507014
0,0,0.020199418
0,0,0.019767957
0,0,0.003148183
0,0,0.0018656532
0,0,0.23424333
0,0,0.014725521
0,0,0.14882343
0,0,0.18882766
0,0,0.25026897
0,0,0.23473656
0,0,0.04527232
0,0,0.017977705
0,0,0.00073561276
0,0,0.11159173
0,0,0.08192712
0,0,0.0067500356
0,0,0.0044612163
0,0,0.005052497
0,0,0.07963959
0,0,0.02066251
0,0,4.3583404e-05
0,0,0.00020502174
1,0,0.13411596
0,0,0.00019862954
0,0,0.04587122
0,0,0.386884
0,0,0.04829174
0,0,0.03727502
0,0,0.39124036
0,0,0.00065846083
0,0,0.0019777564
0,0,0.029964315
0,0,0.0055489778
0,0,0.09318227
0,0,5.951451e-05
0,0,0.0025136182
0,0,0.020875983
0,0,0.00012527622
0,0,0.035386804
0,0,0.023279864
0,0,0.036032714
0,0,0.02482742
0,0,0.00038909353
0,0,0.37998876
0,0,0.18681727
0,0,0.019744953
0,0,0.0028596895
0,0,0.046926897
0,0,0.020982923
0,0,0.011058072
0,0,0.05836941
1,1,0.6421868
0,0,0.06455109
0,0,0.045949765
0,0,0.025618872
0,0,0.008168277
0,0,0.004069807
0,0,0.0006032027
0,0,0.22366305
0,0,0.024261113
0,0,0.033389516
0,0,0.0020232718
0,0,0.04591847
0,0,0.06487878
0,0,0.061250858
0,0,0.04199007
0,0,0.02247792
0,0,0.01887872
0,0,0.06110627
0,0,0.035123833
0,0,0.29743436
0,0,0.06923787
1,0,0.2533377
0,0,0.28824893
1,0,0.01189979
0,0,0.014198378
0,1,0.5259946
0,0,0.15272549
0,0,0.068799645
0,0,0.4157798
1,0,0.45987552
0,1,0.69051
0,0,0.0992931
0,0,0.015545064
0,0,0.19612956
0,0,0.0003358771
0,0,0.0017366416
1,0,0.33605054
0,0,0.07193095
0,0,0.034257226
0,0,0.0079511255
0,0,0.0026684985
0,0,0.11824707
0,0,0.20821978
0,0,0.024317596
0,0,0.23269649
0,0,0.0055175307
0,0,0.03019802
0,0,0.18155707
0,0,0.06617047
1,1,0.5019526
0,0,0.05861627
0,0,0.018299667
0,0,0.005839238
1,0,0.35097414
0,0,0.1401356
0,0,0.03422524
0,0,0.017325422
0,0,0.0057801832
0,0,0.01699517
0,0,0.0013037018
0,0,0.054381635
0,0,0.14400807
0,0,0.03941484
0,0,0.17775755
0,0,0.0029398664
0,0,0.0018676557
1,0,0.3519719
1,0,0.25193956
0,0,0.14092211
1,0,0.3405798
0,0,0.08159015
0,0,0.023827767
0,0,0.0001440821
1,0,0.221649
0,0,0.0009799298
0,0,0.26532966
1,0,0.43509585
0,0,0.07087564
1,0,0.25189948
0,0,0.0018963305
0,0,0.003529474
0,0,0.03190823
0,0,0.34152168
0,0,0.07563119
0,0,0.022253953
0,0,0.1703373
0,0,0.014192606
0,0,0.31671628
0,0,7.0467504e-05
0,0,0.017152287
1,0,0.10683961
0,0,0.03023353
0,0,0.06056453
0,0,0.15389605
0,0,0.016693514
0,0,0.02601122
0,0,0.024413394
0,0,0.06303094
0,0,0.0067732497
0,0,0.015006267
0,0,0.033499137
0,0,0.034817778
0,1,0.8850016
1,0,0.060864046
0,0,0.010389579
0,0,0.0009280019
0,0,0.13218275
0,0,0.014702633
0,0,0.018011276
0,0,0.049402367
0,0,0.035733446
0,0,0.011580085
1,0,0.12273485
0,0,0.04747704
0,0,0.005118132
0,0,0.107039645
0,0,0.20301335
1,0,0.44688252
0,0,0.024089381
0,0,0.1706304
0,0,0.0053633316
0,0,0.14576584
0,0,0.020607756
0,0,0.084765434
0,0,0.0016884257
1,1,0.56554586
0,0,0.11698718
0,0,0.13696703
0,0,0.15632848
0,0,0.046227418
0,0,0.009306825
0,0,0.05608199
0,0,0.006233341
0,0,0.003213584
0,0,0.0027052797
0,0,0.0067468905
1,1,0.6556493
0,0,0.3863886
0,0,0.027291935
0,0,0.039335936
0,0,0.0741148
0,0,0.16531536
0,0,0.0045677223
0,0,0.0037240186
0,0,0.032186933
0,0,0.19806634
0,0,0.08559512
0,0,0.19582555
0,0,0.008084119
0,0,0.040317647
0,0,0.15191397
0,0,0.08937956
0,0,0.0013793238
0,0,8.094031e-05
0,0,0.006298999
0,0,0.018345281
0,0,0.03185825
0,0,0.015650524
0,0,0.37443686
0,0,0.115713745
0,0,0.13985267
0,0,0.005954986
0,0,0.1571234
0,0,0.17803432
0,0,0.0042131725
0,0,0.009952366
0,0,0.12546486
0,0,0.026269807
0,0,0.10336117
0,0,0.038788218
0,0,0.21215251
0,0,0.007334604
0,0,0.022015128
0,0,0.11980478
0,0,0.022393627
0,0,0.00236066
0,0,0.05104839
1,0,0.0062918426
0,0,0.06566809
0,0,0.0062616337
0,0,0.012401638
0,0,0.020969119
0,0,0.040182043
0,0,0.005910539
1,0,0.033537213
0,0,0.14559786
0,0,0.07133338
0,0,0.1758285
0,0,0.0006587781
0,0,0.03931629
0,0,0.45606738
0,0,0.08784757
0,0,0.0076479763
0,0,0.03726918
0,0,0.03288403
0,0,0.011688239
0,0,0.116477795
0,0,0.010754925
0,0,0.019917944
0,0,0.008107519
0,0,0.007589877
0,0,0.04083451
0,0,0.009181709
1,0,0.33052582
1,0,0.13497162
0,0,0.01566395
0,0,0.096496835
0,0,0.0029577902
1,0,0.37556043
0,0,0.0043374966
0,0,0.045725185
0,0,0.02702935
0,0,0.008800313
0,0,0.0027405797
0,1,0.5830393
0,0,0.012719876
0,0,0.081795394
0,0,0.012117846
0,0,0.016508438
0,0,0.30450213
0,0,0.109502874
0,0,0.0031347359
0,0,0.03191756
0,0,0.0018395721
0,0,0.06684096
0,0,0.011511936
0,0,0.007872635
0,0,0.06995344
0,0,1.9595876e-05
0,0,0.0020121443
1,0,0.2498734
0,0,0.056183882
0,0,0.014389211
0,0,0.13004938
0,0,0.0069382996
0,0,0.06804692
0,0,0.0090333065
0,0,0.0041110246
0,0,0.00030857598
0,0,0.3107894
0,0,0.024553163
0,0,0.010339749
0,0,0.20095883
0,0,0.37742555
0,1,0.5393215
0,0,0.07146262
0,0,0.15324771
0,0,0.030730996
0,0,0.15208113
1,0,0.1668583
0,0,0.00877387
0,0,0.03158472
0,0,0.05189456
0,0,0.014414221
0,0,0.024159359
0,0,0.008645563
0,0,0.11778365
0,0,0.0542909
0,0,3.9912833e-05
1,0,0.3285882
0,0,0.0023245532
1,0,0.07686875
0,0,0.12079419
0,0,0.002015045
0,0,0.010787406
0,0,0.096165925
0,0,0.20209152
0,0,0.019548578
0,0,0.3959255
0,0,0.00763039
0,0,7.4113406e-05
0,0,0.052545752
0,0,0.09474614
0,0,0.00020279236
0,0,0.004130387
0,0,0.029215194
0,0,0.117756784
0,0,0.0038713948
1,0,0.07720846
0,0,0.0027529856
0,0,0.19180126
0,0,0.025687354
0,0,0.13339524
0,0,0.17601545
1,0,0.18008967
0,0,0.0044637094
0,0,0.22263862
0,0,0.008444269
0,0,0.0038058858
0,0,0.17516215
0,0,0.041656546
0,0,0.0042869113
0,0,0.01483615
0,0,0.04634871
1,0,0.043396708
0,0,0.28146246
1,1,0.5833345
0,0,0.018396175
0,0,9.487237e-05
0,0,0.011777149
0,0,0.076593116
0,0,0.00016261278
0,0,0.0035840094
0,0,0.2914931
0,0,0.2921718
1,0,0.33166072
0,0,0.014527234
0,0,0.002660804
0,0,0.013432468
0,0,0.035095304
0,0,0.0007059688
0,0,0.0559592
0,0,0.24123174
0,0,0.0017288653
0,0,0.12514062
0,0,0.0042697666
0,0,0.001755978
0,0,0.0042979224
0,0,0.0051073288
0,0,0.010861488
0,0,0.0042448915
0,0,0.08733603
0,0,0.07508501
0,0,0.1502546
0,0,0.06041996
1,0,0.1688162
0,0,0.121917956
0,0,0.0004976329
0,0,0.109494485
0,0,0.0003841291
0,0,0.046359282
0,0,0.21654181
0,0,0.036525074
0,0,0.0027574047
0,0,0.12936836
0,0,0.080166645
0,0,0.04348263
0,0,0.00620629
0,0,0.05435556
0,0,0.052655265
0,0,0.08576835
0,0,0.13805752
0,0,0.035655737
0,0,0.006217155
0,0,0.0617622
0,0,0.07691331
0,0,0.027169762
0,0,0.14837842
0,0,0.015049371
0,0,0.010433235
0,0,0.015389558
0,0,0.0071514784
1,0,0.00114567
0,0,0.20551606
0,0,0.08317965
0,0,0.023607934
0,0,0.027696427
0,0,0.023800073
0,0,0.0066118496
0,0,0.0012751707
0,0,0.00015042535
1,0,0.25523886
0,0,0.047580156
0,0,0.06403828
1,0,0.21304397
0,0,0.003744403
0,0,0.038625654
0,0,0.10984291
0,0,0.034814347
0,0,0.032605145
0,0,0.014040538
0,0,0.003352346
0,0,0.0019659428
0,0,0.22102533
0,0,0.005466329
0,0,0.030100163
0,0,4.1921616e-05
0,0,0.011753154
0,0,0.008244991
0,0,0.05645167
1,0,0.4804768
0,0,0.0047972496
0,0,0.021584053
0,0,0.10451982
0,0,0.0025564411
0,0,0.027792318
1,0,0.13420235
0,0,0.005186036
0,0,6.880072e-05
0,0,0.13928337
0,0,0.009921808
0,0,0.00019440621
1,0,0.28895834
0,0,0.005863904
0,0,0.3293133
1,0,0.062182806
0,0,0.1400942
0,0,0.001107664
0,0,0.10569873
0,0,0.015946046
0,0,0.10872633
0,0,0.025821434
1,1,0.8406585
0,0,0.011874525
0,0,0.26039794
0,0,0.023585634
0,0,0.07911618
0,0,0.015050268
0,0,0.007673459
0,0,0.00021375503
0,0,0.0010210498
0,0,0.005455134
0,0,0.04016934
0,0,0.2771597
0,0,0.08867466
0,0,0.002503175
0,0,0.023061128
0,0,0.16622446
1,0,0.34754968
0,0,0.07757259
0,0,0.023046356
0,0,0.0028394528
0,0,0.049490694
0,0,0.0030538437
0,0,0.13276339
0,0,0.0077613113
0,0,0.02064594
0,0,0.029337293
0,0,0.026741542
0,0,0.07394043
0,0,0.00272934
0,0,0.0024856487
0,0,0.0026444306
0,0,0.00862322
0,0,0.04825108
0,0,0.022927053
0,0,0.020945337
0,0,0.006128686
1,0,0.28675237
0,0,0.08982243
1,0,0.1337543
0,0,0.47726476
0,0,0.03924336
0,0,0.02054572
0,0,0.06376394
0,0,0.16594012
1,0,0.28095275
0,0,0.008773919
0,0,0.027579386
0,0,0.0007357334
0,0,0.049495894
0,0,0.05450334
1,0,0.44210005
0,0,0.0011440723
0,0,0.046825565
0,0,0.06628977
1,0,0.11084522
0,0,0.24226736
0,0,0.0064993417
0,0,0.013855561
0,0,0.025351645
0,0,0.0015734731
0,0,0.022095405
0,0,0.34737146
1,1,0.84563434
0,0,0.02275853
0,0,0.008459479
0,0,0.01932482
0,0,0.20482375
0,0,0.020610178
0,0,0.16054665
0,0,0.07640096
0,0,0.00019262033
0,0,0.21595785
1,0,0.16044325
0,0,7.79909e-05
0,0,0.017192664
0,0,0.0011029736
0,0,0.01884361
0,0,0.0038337908
0,0,0.030155528
0,0,0.028918674
0,0,0.0028155057
1,0,0.20627354
0,0,0.030580347
0,0,0.0074478895
0,0,0.36797956
0,0,0.0104892
1,1,0.64521784
0,0,0.013308651
0,0,0.031206962
0,0,5.951451e-05
0,0,0.0013559588
0,0,0.012007
0,0,0.03912231
0,0,0.05106276
0,0,0.075707905
0,0,0.0016320577
0,0,0.2118145
0,0,0.078562796
0,0,0.03419337
0,0,0.00019376868
1,0,0.34209442
0,0,0.0173394
0,0,0.21438397
0,0,0.046616007
0,0,0.0028841347
0,0,0.017138217
0,0,0.024152165
0,0,0.0073786387
0,0,0.12069542
0,0,0.16464187
0,0,0.0013553972
0,0,0.025107948
0,0,0.07894026
0,0,0.05607673
0,0,0.051814757
0,0,0.0070323665
0,0,0.013499634
1,1,0.58479
0,0,0.0056919544
0,0,0.095553175
1,0,0.21571231
0,0,0.004137273
0,0,0.26142213
0,0,0.041661676
0,0,0.028221643
0,0,0.06964108
0,0,0.16949984
0,0,0.013230116
0,0,0.00028221484
1,0,0.06807403
0,0,0.10162329
0,0,0.47123966
0,0,0.007102317
0,0,0.00010902356
0,0,0.027357956
0,0,0.003448122
0,0,0.34761164
0,0,0.0044911597
0,0,0.015856512
0,0,0.017349444
0,0,0.02039572
0,0,0.00313334
0,0,0.0056024445
0,0,0.38807374
0,0,0.070158504
1,0,0.33518466
0,0,0.0074429456
0,0,0.0020285954
0,0,0.13285512
0,0,0.0033728757
0,0,0.0077760466
0,0,0.015284163
0,0,0.21589267
0,0,0.048472445
0,0,0.33578447
0,0,0.009721716
0,0,0.13662179
1,0,0.23785168
0,0,0.22908507
0,0,0.024342382
0,0,0.21399932
0,0,0.07609415
0,0,0.0019915674
0,0,0.08443621
0,0,0.008478218
0,0,0.034779172
0,0,0.020084051
0,0,0.20282815
0,0,0.03952729
0,0,0.0024996984
0,0,0.00049150304
0,0,0.04078711
1,0,0.22221878
0,0,0.0011180904
0,0,0.30081534
0,0,0.036259692
0,0,0.009860762
0,0,0.1089565
0,0,0.025567643
0,0,0.024234511
1,0,0.22131877
0,0,0.049423747
0,0,0.15110789
1,0,0.26324433
0,0,0.118329406
0,0,0.017502792
0,0,0.03924378
0,0,0.00015042535
0,0,0.2565977
0,0,0.028652715
0,0,0.030320456
0,0,0.013865389
0,0,0.04992659
0,0,0.026211808
0,0,0.2001932
0,0,0.07490557
0,0,0.011240585
0,1,0.51881963
1,0,0.18223727
1,0,0.13598771
0,0,0.0010052732
0,0,0.024940496
0,0,0.07586176
0,0,0.011440715
1,0,0.32950595
0,0,0.0004887364
0,0,0.025615677
0,0,0.0057730055
0,0,0.16113853
0,0,0.045530397
0,0,0.017482245
0,0,0.15656817
0,0,0.00019343529
0,0,0.08890432
0,0,0.01645559
0,0,0.07110807
0,0,0.05040317
0,0,0.053784195
0,0,0.30262688
0,0,0.026300909
0,0,0.06421281
0,0,0.2906034
0,0,0.10686682
0,0,0.052452404
1,0,0.37466845
0,0,0.002443711
1,0,0.13404848
0,0,0.06481631
0,0,0.12802552
1,1,0.70288277
0,0,0.008815775
0,0,0.02092633
0,0,0.0023187061
0,0,0.009945871
0,0,0.07172362
0,0,0.046047326
0,0,0.0006282269
0,0,0.36508858
0,0,0.012293657
0,0,0.01416235
0,0,0.0122336205
0,0,0.0037094306
0,0,0.059502315
0,0,0.0031683291
0,0,0.30019858
0,0,0.03804024
0,0,0.25300345
0,0,0.07013951
0,0,0.004171514
0,0,0.07858726
0,0,0.0007326978
0,0,0.023534013
0,0,0.017209487
0,0,0.04240835
0,0,0.0078511
1,0,0.30313227
0,0,0.010182275
0,0,0.053863216
0,0,0.00011529518
0,0,0.0058241906
0,0,0.07335275
1,1,0.6069129
0,0,0.006870028
0,0,0.007404132
0,0,0.11503265
0,0,0.026697757
1,0,0.1735115
0,0,0.09049656
0,0,0.06208349
0,0,0.30596074
0,0,0.0038762912
0,0,0.0026762965
0,0,0.0806662
0,0,0.00032621768
0,0,0.0035448084
0,0,0.07829832
0,0,0.1922582
0,0,0.09401625
0,0,0.027409913
0,0,0.0019008875
0,0,0.2690716
1,0,0.25908217
0,0,0.0068066544
0,0,0.039265577
0,0,0.00041432996
0,0,0.0074107405
0,0,0.128215
0,0,0.114528775
0,0,0.122336276
0,1,0.5175071
0,0,0.073979676
0,0,0.0022930927
0,0,0.057408985
0,0,0.001276539
0,0,0.1386975
1,0,0.40971154
0,0,0.0081032375
0,0,0.016539628
0,0,0.09066387
0,0,4.3976812e-05
0,0,0.0017750798
0,0,0.09817795
1,0,0.30066586
0,0,0.003148217
0,0,0.13124923
0,0,0.18057643
0,0,0.047164846
0,0,0.0030100201
0,0,0.1444005
0,1,0.67955756
0,0,0.003505012
0,0,0.032172877
0,0,0.0035847912
0,0,0.24854545
0,0,0.00014445643
0,0,0.06405338
0,0,0.002051664
0,0,0.03117908
0,0,0.02845362
0,0,0.001129302
0,0,9.319196e-05
0,0,0.04002772
0,0,0.024388088
0,0,0.34206694
0,0,0.0039780186
1,0,0.14892879
0,0,0.029394487
0,0,0.17158668
0,0,0.0022521697
0,0,0.04234192
0,0,0.16148943
0,0,0.121027224
0,0,0.0023516617
0,0,0.008818741
0,0,0.009530369
0,0,0.01587035
0,0,0.052938737
0,0,0.060194492
0,0,0.31310984
0,0,0.022744445
0,0,0.1658623
0,0,0.0037415524
1,0,0.10945681
0,0,0.03449635
0,0,0.0040218784
0,0,0.32739598
0,0,0.1329048
0,0,0.0022727512
0,0,0.008957545
0,0,0.09168689
0,0,0.046857968
0,0,0.108826116
0,0,0.01066483
0,0,0.18327552
0,0,0.0039517307
0,0,0.14101122
0,0,0.015445602
0,0,0.018338181
0,0,0.010928134
0,0,0.35416675
0,0,0.10100948
0,0,0.060091473
0,0,0.007141004
0,0,0.0019094098
0,0,0.014081941
0,0,0.024491169
0,0,0.00030589642
0,0,0.03026434
0,0,0.05647087
0,0,0.0057319202
0,0,0.032249197
0,0,0.012956561
0,0,0.040290505
0,0,0.004236036
0,0,9.6325275e-05
0,0,0.17033654
0,0,0.01754835
0,0,0.16965364
0,0,0.28077617
0,0,0.00014294956
0,0,0.02943474
0,0,0.009901467
0,0,0.19742268
0,0,0.0338907
0,0,0.011756904
1,0,0.3631568
1,0,0.13864817
0,0,0.0028719297
0,0,0.1206076
0,0,0.0029453014
0,0,0.0043961206
0,0,0.0010890529
0,0,0.0015841669
0,0,0.0029429288
0,0,0.00064451003
0,0,0.031260874
0,0,0.06543718
0,0,0.07633841
0,0,0.02641626
0,0,0.23458564
0,0,0.02828914
0,1,0.52234316
0,0,0.035297357
0,0,0.045566153
0,0,0.32403067
0,0,0.0070904875
0,0,0.005385298
0,0,0.038454093
0,0,0.014923045
0,0,0.0012537977
0,0,0.015760267
0,0,0.14422064
0,0,0.00020477735
0,0,0.28685436
0,0,0.21168023
0,0,0.17065005
0,0,0.00021683784
0,0,0.0043578283
0,0,0.148561
0,0,0.11208615
0,0,0.43894395
0,0,0.2810178
0,0,0.0026745533
0,0,0.104413144
0,0,0.0001704271
0,0,0.265689
0,0,0.0049087214
0,0,0.080756016
0,0,0.05876797
0,0,0.0011936896
0,0,0.00021121993
0,0,0.27989265
0,0,0.22036305
0,0,0.018229337
0,0,0.012621389
0,0,0.004593159
0,0,0.0002078926
0,0,0.010306423
0,0,0.013511826
0,0,0.0121821575
0,0,0.024563996
0,0,0.00043739507
1,1,0.61333525
1,0,0.09540638
0,0,0.0013461187
0,0,0.20863605
0,0,0.0051783198
0,0,0.010469516
0,0,0.004157531
0,0,0.13106886
0,0,0.04345195
0,0,0.0044629066
0,0,0.23738396
1,0,0.15502466
0,0,0.11858079
0,0,0.2940511
0,0,0.004763114
0,0,0.0032387776
0,0,0.13996297
0,0,0.00022242145
0,0,0.098700725
0,0,0.07978952
0,0,0.052030936
0,0,0.001281577
0,0,0.076382294
1,0,0.17115554
0,0,0.0030485783
0,0,0.007059913
0,0,0.014871191
0,0,0.013095789
1,0,0.44608748
1,0,0.039768223
0,0,0.004000749
0,0,0.016571661
0,0,0.12975605
0,0,0.0001704271
0,0,0.08353834
0,0,0.0017631592
0,0,0.040154826
0,0,4.3255797e-05
0,0,0.008554622
0,0,0.40223733
1,0,0.04336747
0,0,0.06495436
0,0,0.19167008
0,0,0.002722242
0,0,0.0055394997
1,0,0.38653553
0,0,0.12827882
1,0,0.40805298
0,0,0.0006954614
0,1,0.54375774
0,0,0.1444198
0,0,0.084803365
0,0,0.05918392
0,0,0.005500195
0,0,0.03221317
0,0,0.1883398
1,1,0.62359244
0,0,0.00038360324
0,0,0.036226466
1,0,0.27759036
0,0,0.067278914
0,0,0.001491839
0,0,0.016907105
0,0,0.14598641
0,0,0.012252038
0,0,0.0025447346
0,0,0.08059381
0,0,0.2961931
0,0,0.18590216
0,0,0.11319124
0,0,0.22512265
1,0,0.16340774
0,0,0.0025696126
0,0,0.06398971
0,0,0.024204332
0,0,0.033719964
0,0,0.003243066
0,0,0.0093362
1,0,0.22011095
0,0,0.19635081
0,0,0.015092801
0,0,0.031333387
0,0,0.058575273
0,0,0.004143701
0,0,0.052272342
0,0,0.0021233954
0,0,0.09834435
0,0,6.2461026e-05
0,1,0.56820625
0,0,0.00030899962
0,0,0.07145836
0,0,0.004321193
0,0,0.008595013
0,0,0.009114873
0,0,0.06967432
0,0,0.01475392
0,0,0.02018166
0,0,0.165281
0,0,0.025748793
0,0,0.043849967
0,0,0.08390593
0,0,0.03764685
0,0,0.010020815
0,0,0.30386612
0,0,0.036372755
0,0,0.047888972
0,0,0.004409255
0,0,0.01196018
0,0,0.028156564
0,0,0.006249131
0,0,5.514462e-05
0,0,0.12638879
0,0,0.10747904
0,0,0.0033339665
0,0,0.015936261
0,0,0.19723812
1,0,0.17051303
0,0,0.015986342
0,0,0.09142368
0,0,0.033264477
0,0,0.050623927
1,0,0.23355901
0,0,0.1125518
0,0,0.005220393
0,0,0.008815195
0,0,0.008407605
1,0,0.004276072
0,0,0.20228839
1,0,0.35849205
0,0,0.21988386
0,0,0.008902646
0,0,0.13232487
0,0,0.03560565
0,0,0.022067696
0,0,0.10512335
0,0,0.0016005071
0,0,0.29784933
0,0,0.00037037654
0,0,0.061794642
0,0,0.004198323
0,0,0.0085145105
0,0,0.009093932
0,0,8.56502e-05
0,0,0.19114698
0,0,0.009107774
0,0,0.0061378917
0,0,0.0018783647
0,0,6.3146945e-05
0,0,0.011281046
0,0,0.3902551
0,0,0.0027311617
0,0,0.193212
0,0,0.013189043
0,0,0.4271658
0,0,0.021009216
0,0,0.049824916
0,0,0.02171124
0,0,0.00041555756
0,0,0.0042531895
0,0,0.0025468185
0,0,0.012062977
0,0,0.0022481498
0,0,0.0038014592
0,0,0.0110718105
0,0,0.037125237
0,0,0.27066442
0,0,0.032081783
0,0,0.009066756
0,0,0.021292066
0,0,0.33757925
0,0,0.12806384
0,0,0.09246254
0,0,0.123582736
0,0,0.0020843637
0,0,0.0021045443
0,0,0.028524168
0,1,0.7330471
0,0,0.0039519183
0,0,0.1292799
0,0,0.0033261012
0,0,0.013108169
1,1,0.50295514
0,0,4.687432e-05
0,0,0.05824799
0,0,0.040895406
0,0,0.005098839
0,0,0.09469266
0,0,0.11158321
0,0,6.2461026e-05
0,0,0.3981751
1,0,0.015941212
0,0,0.017676082
0,0,0.0067161303
0,0,0.19730812
0,0,0.10255084
0,0,0.00089523685
0,0,0.05008707
0,0,0.033890586
0,0,0.008739661
0,0,0.020557541
0,0,0.08878061
0,0,0.015346171
0,0,0.06589819
0,0,0.14544982
1,0,0.41980553
0,0,0.21564975
0,0,0.013830095
1,0,0.28629392
0,0,0.12488813
0,0,0.21323578
0,0,0.02279316
0,0,0.00014158041
0,0,0.18804432
0,0,0.045301355
0,0,0.027862402
0,0,0.014312886
0,0,0.0011106187
0,0,0.00036517408
0,0,0.1000686
0,0,0.07441927
0,0,0.042677972
0,0,0.060483746
0,0,0.0065882606
1,0,0.09323686
0,0,0.11364339
0,0,0.00225954
0,0,0.10947878
0,0,0.17014281
0,0,0.049249884
0,0,0.011910212
1,0,0.32970956
0,0,0.11319793
0,0,0.0014551225
0,0,0.032372132
0,0,0.0047711334
0,0,0.098837934
0,0,0.0007457375
1,0,0.0759203
0,0,0.051437203
0,0,0.06996865
0,0,5.193032e-05
0,0,0.002470419
0,0,0.12297706
0,0,0.0041708644
0,0,0.009471548
0,0,0.035453588
0,0,0.16796502
0,0,0.0038653826
0,0,0.011561152
0,0,0.28362158
0,0,0.050297905
0,0,0.018581234
0,0,0.06876863
0,0,0.0058282013
0,0,3.977248e-05
0,0,0.0011543548
0,0,0.11677348
0,0,0.010687433
0,0,0.109802455
0,0,0.21822307
0,0,0.35742867
0,0,0.19224086
0,0,0.009785826
0,0,0.0016363887
0,0,0.027438968
0,0,0.010348907
0,0,0.13115707
0,0,0.112361096
0,0,0.30229628
0,0,0.006464687
0,0,0.14651637
0,0,0.1656059
0,0,0.12946348
0,0,0.0036797444
0,0,0.16257688
0,0,0.024549821
0,0,0.0134911025
0,0,0.0019481203
0,0,0.025708744
0,0,0.00633997
0,0,0.027031966
1,0,0.06426488
0,0,0.006790154
0,0,0.013712339
0,0,0.0031599773
0,0,0.029083457
0,0,0.015200552
0,0,3.3378037e-05
1,1,0.5817083
0,0,0.01521359
0,0,0.020151071
0,0,0.005508242
1,0,0.11623178
0,0,0.0098185055
0,0,0.05046659
0,0,0.34514254
1,0,0.14634629
0,0,0.2759466
0,0,0.003564297
0,0,0.01893076
1,0,0.029415587
0,0,0.022348262
0,0,0.118952364
0,0,0.24215384
0,0,0.0011735628
0,0,0.118942134
0,0,0.025950352
0,0,0.0063952617
0,0,0.11412981
0,0,0.05530771
0,0,0.0041180155
0,0,0.4101602
0,1,0.5125119
0,0,0.1081468
0,0,0.013697966
0,0,0.12134545
0,0,0.006376373
0,0,0.005993329
0,0,0.0035808843
0,0,0.0076175076
0,0,0.08695402
0,0,0.0032948784
0,0,0.13208322
0,0,0.055186097
0,0,0.16680248
0,0,0.0007490202
1,0,0.063768506
0,0,0.00016060966
0,0,0.015864037
0,0,0.0041871243
0,0,0.048494972
1,0,0.3501343
0,0,0.018170843
0,0,0.017646018
0,0,0.026235048
0,0,0.009393606
0,0,0.025954634
0,0,0.0042540072
0,0,0.12574422
1,0,0.23013388
0,0,0.013486699
0,0,0.31498948
0,0,0.25151044
0,0,0.0042366777
1,1,0.63474524
0,0,0.10550245
1,0,0.10472284
1,0,0.35808164
0,0,0.28658044
0,0,0.4723659
0,0,0.046645395
0,0,0.015955737
0,0,0.046148624
0,0,0.07028772
0,0,0.05095229
0,0,0.011323252
0,0,0.006595599
0,0,0.02101944
0,0,0.13806929
0,0,0.0090121925
0,0,0.084629975
0,0,0.0033210765
0,0,0.002231818
0,0,0.28216654
0,0,0.0872321
0,0,0.00763897
0,0,0.021956269
0,0,0.009568072
0,0,0.0612121
0,0,0.022731703
0,0,0.043623302
0,0,0.0005564192
0,0,0.11614563
0,0,0.003430947
0,0,0.04500731
0,0,4.0785297e-05
0,0,0.008652624
0,0,0.059605464
0,0,0.0028931706
0,0,0.018637987
0,0,0.005910035
0,0,0.018945673
0,0,0.002375278
0,0,0.030733692
0,0,0.00017848203
0,0,0.06566824
0,0,0.001955396
0,0,0.22650728
0,0,0.064882375
0,0,0.011855193
0,0,0.031353395
0,0,0.00086543
0,0,0.13045567
1,0,0.21243797
0,0,0.010072941
0,0,0.007284493
0,0,0.07330139
0,0,0.010893096
0,1,0.65080637
0,0,0.0059430324
0,0,0.054689996
0,0,0.0027938918
0,0,7.198145e-05
0,0,0.45177397
0,0,0.010564481
0,0,0.022202166
0,0,0.002332538
0,0,0.008349377
0,0,0.0015198801
0,0,0.014827881
0,0,0.00011968619
0,0,0.035850976
1,0,0.04133321
0,0,0.00032742912
0,0,4.1921616e-05
0,0,0.080267675
0,0,0.061878383
0,0,0.3435864
0,0,0.38859442
0,0,0.056712136
1,0,0.15164392
0,0,0.23723745
1,0,0.28669977
0,0,0.0026191915
0,0,0.0149254985
0,0,0.008386776
0,0,0.012981808
0,0,0.009057682
0,0,0.023399018
1,0,0.36402613
0,0,0.4008246
0,0,0.13370101
0,0,0.018468194
0,0,0.021036379
0,0,9.146957e-05
0,0,0.021524299
0,0,0.016048044
0,0,0.09609689
0,0,0.24037933
0,0,0.0416865
0,0,0.005992034
0,0,0.19531694
0,0,0.007307633
0,0,0.31270525
0,0,0.06800111
1,1,0.5616849
1,1,0.5332203
0,0,0.13387461
0,0,0.0018703502
0,0,0.17340206
0,0,0.03640106
0,0,0.018098086
0,0,0.35741606
0,0,0.007951362
0,0,0.0862599
0,0,0.012221578
0,0,0.00068758964
0,0,0.024270033
0,0,0.07982762
0,0,0.026880834
0,0,0.018559992
0,0,0.01566395
0,0,0.13433275
0,0,0.11058941
0,0,0.0022368354
0,0,0.03028179
0,0,0.0037285907
0,0,0.00048359038
0,0,8.190652e-05
1,0,0.049321983
0,0,0.0023724898
0,0,0.011503723
0,0,0.019138183
0,0,0.012276132
0,0,0.01043742
0,0,0.00047471604
0,0,0.058466613
0,0,4.8137426e-05
0,0,0.0021167204
0,0,0.023768779
0,0,0.00023521969
0,0,0.013154593
0,0,0.0033603017
0,0,0.015031796
0,0,0.004866168
0,0,0.05682194
0,0,0.0054191328
0,0,0.09952544
0,0,0.0047677024
0,0,0.008757102
1,0,0.31799704
0,0,0.022357281
0,0,0.28199956
1,0,0.23673823
1,0,0.3353555
0,0,0.017722389
0,0,0.00725865
0,0,0.023718743
0,0,0.15248083
0,0,0.007374973
0,0,0.0017127189
0,0,0.015527189
0,0,6.3146945e-05
0,0,0.0038156086
0,0,0.04088947
0,0,0.025473183
0,0,0.058226086
0,0,0.09885983
0,0,0.11476834
1,1,0.62345654
0,0,0.0044797957
0,0,0.006056687
0,0,0.06421103
0,0,0.065139405
0,0,0.051004022
0,1,0.56307286
1,1,0.7246269
0,0,0.017726557
0,1,0.52068245
0,0,0.00925358
0,0,0.004189795
0,0,0.014869851
0,0,0.00033230887
0,0,0.16229106
0,0,0.067308016
0,0,0.15614775
0,0,0.007999259
0,0,0.0017577726
1,0,0.15832686
0,0,0.0051842555
0,0,0.11937289
0,0,0.1798471
1,0,0.023992768
0,0,0.10080216
0,0,0.00046387463
0,0,0.08087601
0,0,0.00016777811
0,0,7.043284e-05
0,0,0.0037392196
0,0,0.014614633
0,0,0.004985209
1,0,0.18186317
0,0,0.16149743
0,0,0.005761019
0,0,0.047427207
0,0,0.26402196
0,0,0.056001548
0,0,0.021851778
0,0,0.20997262
0,0,0.041128594
0,0,9.319196e-05
0,0,0.15946554
0,0,0.03019858
0,0,0.0807775
0,0,0.0040804087
0,0,0.01293937
0,0,0.0040367716
1,0,0.48974958
0,0,0.17283396
0,0,0.05926212
0,0,0.021114985
0,0,0.04401036
0,0,0.025333773
1,0,0.17952713
0,0,0.1797233
0,0,0.044227544
0,0,0.0038287113
0,0,0.044153627
0,0,0.41207087
0,0,0.0006924176
0,0,0.20392591
0,0,0.0034747252
0,0,0.17504802
0,0,0.06455203
0,0,0.032343913
0,0,0.047549948
0,0,0.010309171
0,0,0.090206146
0,0,0.010459798
0,0,5.615743e-05
0,0,0.004959971
0,0,0.022409432
0,0,0.0085445605
0,0,0.07506479
0,0,0.047514174
0,0,0.0022596063
0,0,0.0013776664
1,0,0.026308775
0,0,0.11997154
0,0,0.04911319
1,0,0.34534806
0,0,0.066262044
0,0,0.063077725
0,0,0.1003138
0,0,0.07539999
0,0,0.06904971
0,0,0.015134814
0,0,0.20050396
0,0,0.14528908
0,0,6.153196e-05
0,0,0.008615682
0,0,0.008377363
1,0,0.077960074
0,0,0.026260598
0,0,0.029636655
1,1,0.5359428
0,0,0.005873045
0,0,0.15562566
0,0,0.0006581782
0,0,0.0124350935
1,0,0.04511728
0,0,0.34528682
0,0,0.074560516
0,1,0.81490105
0,0,0.009232738
0,0,0.09348307
0,0,0.25811106
0,0,0.15382543
1,0,0.33111364
0,0,4.0961164e-05
0,0,0.078601554
0,0,0.001921216
0,0,0.04362367
0,1,0.7687465
0,0,0.10806464
0,1,0.60183805
0,0,0.34688056
0,0,0.002510853
0,0,0.03894913
0,0,0.0038475702
0,0,0.08864074
0,0,0.059692316
0,0,0.00015048517
0,0,0.01969367
0,0,0.008913919
1,0,0.46975288
0,0,0.010489532
0,0,0.054206442
0,0,0.006255708
0,0,0.0088482
0,0,0.104659535
0,0,0.16482991
0,0,0.4068269
0,0,0.053305805
1,0,0.4052319
0,0,0.093606606
0,0,0.024529614
0,0,0.43053958
0,0,0.0048926994
0,1,0.8546536
0,0,0.010122081
0,0,0.037592992
0,0,0.11253356
1,0,0.098246
0,0,0.006480418
1,0,0.06181965
0,0,0.0023372308
0,0,0.0016572507
0,0,0.0056271316
0,0,0.17704086
0,0,0.0037523198
0,0,0.25774783
0,0,0.015717078
0,0,0.029146539
0,0,0.026620714
0,0,0.0007060718
0,0,0.022238897
0,0,0.057962883
0,0,0.0713139
0,0,0.024271078
0,0,0.009065016
0,0,0.33246818
0,0,0.42536625
0,0,0.00708386
0,0,0.026109425
0,0,0.0092474185
0,0,0.04863596
0,0,0.017918637
0,0,0.022465454
0,0,0.014074621
0,0,0.016457012
0,0,0.010992783
0,0,0.017948518
0,0,0.0044030193
0,0,0.003586425
1,0,0.02675305
0,0,0.20536003
0,0,0.021184174
0,0,0.02350464
0,0,0.006302755
0,0,0.0018032368
0,0,0.1401494
0,0,0.0012315401
0,0,0.00032345252
1,0,0.13404429
0,0,0.00430144
0,0,0.076702125
0,0,4.687432e-05
0,0,0.36472413
0,0,0.0060834154
1,0,0.353947
0,0,3.9795243e-05
0,0,0.016597107
0,0,0.00020402604
0,0,0.023752183
0,0,0.0004978748
0,0,0.0049863015
0,0,0.00032051638
0,0,0.067347616
0,0,0.0044581676
0,0,0.042342976
0,0,0.0031981329
0,0,0.05207972
0,0,0.018182563
0,0,0.15733692
0,0,0.27100435
1,0,0.17160304
0,0,0.017666362
1,1,0.7000571
0,0,0.22115773
0,0,0.045572087
0,0,0.030313402
0,0,0.33109656
0,0,0.047543056
1,0,0.0590089
0,0,0.23311567
0,0,0.025309792
1,0,0.012856132
0,0,0.09426646
0,0,0.00655277
0,0,0.32506278
0,0,0.0253521
0,0,0.0003283015
0,0,0.0027802004
0,0,0.013025914
1,0,0.31564957
1,0,0.37380904
1,0,0.280736
0,0,0.15712185
0,0,0.0072229407
0,0,0.013528801
1,0,0.33041054
0,0,0.30529988
0,0,0.008588928
0,0,0.00050642324
0,0,0.16099498
0,0,0.20409869
0,0,0.15945184
1,0,0.41837358
0,0,0.005392334
0,0,0.034077127
0,0,0.0012873226
0,1,0.6235473
0,0,0.04571168
0,0,5.193032e-05
0,0,0.09318588
0,0,0.09832386
0,0,0.0040792422
0,0,0.04395643
0,1,0.5234892
0,0,0.0020910436
0,0,0.057339203
0,0,0.21313514
0,0,0.05115777
0,0,0.013625706
0,0,0.23061688
0,0,0.0067712134
0,0,0.07148277
0,0,0.041364558
0,0,0.00031823703
0,0,0.13559176
0,0,0.007732095
0,0,0.35065654
0,0,0.00039638075
0,0,0.021392833
0,0,0.008252172
0,0,0.052841756
0,0,0.007928241
0,0,0.0039034362
0,0,0.20307143
0,0,0.0075301593
1,0,0.24709877
0,0,0.060613208
0,0,0.0020852697
0,0,0.034538906
0,0,0.0051425183
0,0,0.17440957
0,0,0.024144873
0,0,0.07097566
0,0,0.025050076
1,0,0.23209691
0,0,0.48774913
0,0,0.0074692178
0,0,0.16652192
0,0,0.003671185
0,0,0.14405118
0,0,0.36666086
0,0,0.0024881824
0,0,0.07518172
0,0,0.19554113
0,0,0.07316789
0,0,0.0010844567
0,0,0.00019376868
0,0,0.018453393
0,0,0.10464237
0,0,0.0031990344
0,0,0.019265672
0,0,0.006616913
0,0,0.22748874
0,0,0.03969404
0,0,0.15336035
1,1,0.84811276
0,0,0.0725797
0,0,0.0031497949
0,0,0.19151476
0,0,0.04722235
0,0,0.0026328657
0,0,0.08449578
0,0,0.00038777047
0,0,0.24861714
0,0,0.043348555
0,0,0.025552489
0,0,0.18423386
0,0,0.058006067
0,0,0.058985487
0,0,0.0009417273
0,0,0.30307275
0,0,0.049959023
0,0,0.016286533
0,0,0.008633535
0,0,0.033752963
0,0,0.0032467304
0,0,0.033542182
0,0,0.10335185
0,0,0.056462098
0,0,0.010763167
0,0,8.256429e-05
0,0,0.048983272
0,0,0.009409922
0,0,0.0008404139
0,0,0.025640925
0,0,0.015476307
0,0,0.062447578
0,0,0.00040404793
0,0,0.26201507
0,0,0.00030461824
0,0,0.007906712
1,0,0.3613186
0,0,6.010769e-05
0,0,0.005888037
0,0,0.013975882
0,0,0.025956929
0,0,0.005503529
0,0,0.019111358
0,0,0.3765877
0,0,0.19847992
0,0,0.11580851
0,0,0.01501534
0,0,0.027585084
1,0,0.02428404
0,0,0.004283489
0,0,0.10049534
0,0,0.03777946
0,0,0.18248881
0,0,0.015930967
1,0,0.12082279
0,0,0.23642018
0,0,0.03759717
0,0,0.053198427
0,0,0.07024869
0,0,0.002725903
1,0,0.019605376
0,0,0.046181127
0,0,0.15139116
0,0,0.15648204
0,0,0.17790931
1,1,0.62578535
0,0,0.1022193
0,0,0.03533001
0,0,0.011559822
0,1,0.5132468
0,0,0.0048649744
0,0,0.022172263
0,0,0.15396203
0,0,0.20896839
0,0,0.017210769
0,0,0.032106854
0,0,0.026471531
0,0,0.10459021
0,0,0.10245341
0,0,0.10747987
0,0,0.014635297
0,0,0.05996043
0,0,0.16419668
0,0,4.0785297e-05
1,0,0.3615098
0,0,0.12540562
0,0,0.015310709
0,0,0.008807308
0,0,0.088575505
0,0,0.0014105008
0,0,0.03196735
1,0,0.23487975
0,0,0.19829561
0,0,0.012614137
0,0,0.08253099
1,0,0.38199225
0,0,0.11433006
0,0,0.058846287
0,0,0.04787817
1,0,0.28274706
1,0,0.23230202
0,0,0.041895866
1,0,0.15934339
0,0,0.005658017
0,0,0.023638949
0,0,0.069630794
0,0,0.120167255
0,0,0.08179819
0,0,0.0005046014
1,0,0.3932894
0,0,0.123983055
0,0,0.0010355494
0,0,0.008523097
0,0,0.024689363
1,0,0.46333623
0,0,0.016205175
0,0,0.039072625
0,0,0.0004847486
0,0,0.023048215
0,0,0.03806568
0,0,0.28043073
0,0,0.037508525
1,0,0.49782825
0,0,0.002111798
0,0,0.008863325
0,0,0.000105405335
0,0,0.1014253
0,0,0.055220827
0,0,0.10003882
0,0,0.12936425
0,0,0.0017963714
0,0,0.10215504
0,0,0.11558285
0,0,0.004991019
0,0,0.38469824
0,0,0.011633081
0,0,0.007901118
0,0,0.075857446
0,0,0.017313825
0,0,0.062080324
0,0,0.02231824
0,0,0.25650376
0,0,0.026439037
0,0,0.03723791
0,0,0.110822186
0,0,0.022516798
1,0,0.06118242
0,0,0.19624846
0,0,0.034203015
0,0,0.010689567
0,0,0.0070127584
0,0,0.058633544
0,0,0.08335702
0,0,0.00036201533
0,0,0.05100115
1,0,0.3017276
0,0,0.0062150517
0,0,0.15769362
0,0,0.024537766
0,0,0.024050575
0,0,0.09388604
0,0,0.14505991
0,0,0.15713489
0,0,0.011263689
1,1,0.740954
0,0,0.11354527
0,0,0.0026926256
0,0,0.09547505
0,0,0.00011979342
0,0,0.025942985
0,0,0.08388029
0,0,0.0013445958
0,0,0.0075665885
1,1,0.79889876
0,0,0.04376004
0,0,0.15872377
0,0,0.0019372358
0,0,0.009370065
0,0,0.0030362399
0,0,0.0053926003
0,0,0.14491159
0,0,0.035965595
0,0,0.032077216
0,0,0.30545038
0,0,0.01976311
0,0,0.08258696
0,0,0.00031800865
0,0,0.0019331154
1,0,0.017465586
0,0,0.00056055316
0,0,0.2399502
0,0,0.0017453573
0,0,0.006468581
0,0,0.12831734
0,0,0.07676345
0,0,0.04816961
0,0,0.055898488
0,0,0.009742814
0,0,0.18931332
0,0,0.18464448
0,0,0.021040028
0,0,0.05379064
0,0,0.00019566034
0,0,0.00057994685
0,0,0.005108734
0,0,0.025239486
0,0,0.033010423
0,0,0.006641116
0,0,0.28089267
0,0,0.2774062
0,0,0.0071683386
0,0,0.0025427311
0,0,0.05889551
0,0,0.010134596
0,0,0.0009569825
0,0,0.0068774074
0,0,0.012466396
1,0,0.24907489
0,0,0.085946254
0,0,0.0034598506
0,0,0.36042246
0,0,0.0005046014
0,0,0.02679202
0,0,6.7588764e-05
0,0,0.0027110348
0,0,0.18076627
0,0,0.05068657
0,0,0.16267513
0,0,0.27154985
0,0,0.040954486
0,0,0.1576711
0,0,0.051639818
0,0,0.033220764
0,0,0.13421345
0,0,0.0069718
0,0,0.0060271486
1,0,0.063560806
0,0,0.017835269
0,0,0.017656038
0,0,0.090127595
0,0,0.058601573
0,0,0.0022568011
0,0,0.03624235
0,0,0.010182847
0,1,0.8214587
0,0,0.055973675
0,0,0.0035251651
0,0,0.29996467
0,0,0.01520275
0,0,0.054644052
1,0,0.26635495
1,0,0.15092364
0,0,0.06049832
0,0,0.004621825
0,0,0.21732217
0,0,0.0641423
0,0,0.21357892
0,0,0.097635
0,0,0.0053563355
0,0,0.0043899766
0,0,0.076321535
0,0,0.009491593
1,0,0.35180533
0,0,0.019451044
0,0,0.0021227521
0,0,0.017075295
0,0,0.018429412
0,0,0.00019376868
0,0,0.00050349225
0,0,0.04920163
0,0,0.14637008
0,0,0.18903574
0,0,0.17083544
0,0,0.09861755
0,0,0.035699703
0,0,0.008615112
0,0,0.009641786
0,0,0.14840895
0,0,0.22537576
0,0,0.025942985
0,0,0.003065688
0,0,0.4188334
0,0,0.10373313
0,0,0.008223266
0,0,0.010779964
0,0,0.00013758075
0,0,0.016497798
1,0,0.26828766
0,0,0.0073346007
0,0,0.037978187
1,0,0.48583224
0,0,0.1645515
0,0,0.07257319
0,0,0.0024236965
0,0,0.003225405
0,0,0.016601304
0,0,0.03773281
0,0,0.10409166
0,0,0.025438199
0,0,0.039973594
0,0,0.04628103
0,0,0.13157725
1,0,0.02413918
0,0,0.014780109
1,0,0.2635894
0,0,0.029712107
0,0,0.007176467
0,0,0.08450465
0,0,0.003841053
0,0,0.0036205603
0,0,0.15545735
1,0,0.45737246
0,0,0.00081869314
0,0,0.06187276
0,0,0.019552805
0,0,0.12027622
0,0,0.0060389037
0,0,0.00031800865
1,0,0.4836951
0,0,0.05628878
0,0,0.39071065
0,0,0.18240207
0,0,0.07170232
0,0,0.083817415
0,0,0.00895774
0,0,0.14957729
0,0,0.036250062
0,0,0.48176014
0,0,0.008136672
0,0,0.27393502
0,0,0.020196421
0,0,0.051368263
0,0,0.027798863
0,0,0.008807895
0,0,0.033395935
0,1,0.5643745
0,0,0.0021399416
0,0,0.0020730686
0,0,0.0394345
0,0,0.09409891
0,0,0.0011589195
0,0,0.26801425
0,0,0.00076603476
0,0,0.07458422
0,0,0.0077390927
0,0,0.0018603137
0,0,0.007160273
0,0,0.03600632
0,0,0.2183849
0,0,0.052084677
0,0,0.3700294
0,0,0.041494917
0,0,0.037261155
0,0,0.0781419
0,0,0.0015846557
1,1,0.7724571
0,0,0.2389588
0,0,0.00027686232
1,0,0.14985159
0,0,0.24704812
1,0,0.35359737
0,0,0.039640836
0,0,0.0012774233
0,0,0.095014855
0,0,0.18473825
0,0,0.016206635
0,0,0.022700498
0,0,0.23380083
1,0,0.11364339
0,0,0.0162621
0,0,0.025945924
0,0,0.20598279
0,0,0.029645754
0,0,0.061419424
0,0,0.00069344515
0,0,0.05953905
1,0,0.27761304
0,0,0.1416087
0,0,0.055468157
0,0,0.05726694
0,0,0.38815132
0,0,0.0232456
0,0,0.06606016
0,0,0.07921192
0,0,0.17080072
0,0,0.22636801
0,0,0.0015546216
0,0,0.0013293701
0,0,0.015098191
0,0,0.25111133
0,0,0.013148981
0,0,0.29871684
0,0,0.22714159
0,0,0.012624884
0,0,0.022263214
0,0,0.0028160291
0,0,0.0016924693
0,0,0.058798045
1,0,0.44366366
0,0,0.00024193164
0,0,8.728299e-05
0,0,0.033686772
0,0,0.002244153
0,0,0.03982749
0,0,0.10369484
0,0,0.04345205
0,0,0.018798912
0,0,0.2666263
0,0,0.0006387502
0,0,0.03359981
0,0,0.07534391
0,0,0.12982571
0,0,0.059334084
0,0,0.005976672
0,0,0.056044824
0,0,0.37391534
0,0,0.013538738
0,0,6.3146945e-05
0,0,0.016066147
0,0,0.020656718
0,0,0.06690444
0,0,0.0050492645
1,1,0.58333313
0,0,0.18873891
0,0,0.11787486
0,0,0.008758651
1,0,0.062431313
0,0,0.0011956077
0,0,0.15959081
0,0,0.03925458
0,0,0.039711494
0,0,0.045902807
0,0,0.0041030184
0,0,0.0050206166
0,0,0.04003112
0,0,0.003962355
0,0,0.0011393131
0,0,0.11231799
0,0,0.0044130143
0,0,0.014873211
0,0,0.048528615
0,0,0.035769694
0,0,0.37118134
0,0,0.10136942
0,0,0.08487882
0,0,0.122436434
0,0,0.07124475
0,0,0.002947886
0,0,0.15183786
0,0,0.0038945875
0,0,0.0045526787
0,0,0.004742165
0,0,0.027939586
0,0,0.08266667
0,0,0.013560809
1,1,0.54626983
0,0,0.044159718
0,0,0.024304463
0,0,0.0014767942
0,0,0.0016592448
0,0,0.0074529676
0,0,0.015112725
0,0,0.00054649886
0,0,0.01186868
0,0,3.0318537e-05
0,0,0.058115944
0,0,0.00047856316
0,1,0.5643865
0,0,0.006902491
1,1,0.5231902
0,0,0.15481801
0,0,0.13360342
0,0,0.0027665142
0,0,0.29110083
0,0,0.02643313
0,0,0.04199743
0,0,0.0010662691
0,0,0.040146887
0,0,0.00029172585
0,0,0.0048566386
0,1,0.64201975
0,0,0.07167952
0,0,0.09415422
0,0,0.004807352
0,0,0.003621866
0,0,0.08143106
0,0,0.016603654
0,0,0.0057559363
0,0,0.12746578
0,0,0.00795354
0,0,0.00028676
0,0,0.02751969
0,0,0.0035635363
0,0,0.005794401
0,0,0.0059327143
1,0,0.10708441
0,0,0.41515964
0,0,0.001905887
0,0,0.04738212
0,0,0.0018010109
1,0,0.18538941
0,0,0.18521728
0,0,0.00023205539
0,0,0.004630435
0,0,0.00224525
0,0,3.297978e-05
0,0,0.080262534
0,0,0.004401582
0,0,0.0033370957
0,0,6.30146e-05
0,0,0.37144318
0,0,0.013224303
0,0,0.12296083
0,0,0.0041548684
0,0,0.0016228096
0,0,0.008598914
0,0,0.035129555
0,0,0.0055655604
0,0,0.16436714
0,0,0.0032555847
0,0,0.10063825
1,0,0.19255437
0,0,0.1393864
1,0,0.04951717
0,0,0.010644232
0,0,0.050015043
0,0,0.005260121
0,0,3.3564545e-05
0,0,0.12577698
0,0,0.09773022
0,0,0.039850496
0,0,0.074627355
0,0,0.13701104
0,0,0.07686807
0,0,0.2968922
0,0,0.002830883
0,0,0.08785393
0,0,0.009961532
0,0,0.28985736
0,0,0.0012523268
0,0,0.012563784
0,0,0.105045654
0,0,3.0318537e-05
1,0,0.021688676
0,0,0.041637305
0,1,0.5089405
0,0,0.0038254012
0,0,0.04401569
0,0,0.0005538189
0,0,0.0640263
0,0,0.005194644
0,0,0.09384747
0,0,0.027524292
0,0,0.025418181
1,1,0.5182738
0,0,0.11261711
0,0,0.020909943
0,0,0.023748877
0,0,0.009793364
0,0,0.060154766
0,0,0.29740766
0,0,0.16341686
0,0,0.14231789
0,0,0.023305833
0,0,0.00023200053
0,0,0.00074135896
0,0,0.11350962
1,0,0.2554039
0,0,0.14946647
0,0,0.00033744724
0,0,0.42639238
0,0,0.11446748
0,0,0.092925325
0,0,0.0032655632
0,0,0.007673459
1,0,0.13975662
0,0,0.10702076
0,0,0.04061716
0,0,0.020174623
0,0,0.010128155
0,0,0.06544991
0,0,0.03538761
0,0,0.002654839
0,0,0.0041097715
0,0,0.25795004
0,0,4.2303694e-05
0,0,0.1034894
0,0,0.0003844187
0,0,0.0010391374
0,0,0.025781484
0,0,0.029040905
0,0,0.07853962
0,0,0.019004667
1,0,0.28129247
0,0,0.19827032
0,0,0.013307605
0,0,0.09358196
0,0,0.1438102
0,0,0.061568424
0,0,0.017775161
0,0,0.0116731115
0,0,0.004954298
0,0,0.020520106
0,0,0.14823553
0,0,0.02680532
1,0,0.19008748
0,0,0.0028462342
0,0,0.0043282704
0,0,0.026846468
0,0,0.056509234
0,1,0.71279436
0,0,0.00039680154
0,0,0.068340965
0,0,0.21978843
0,0,0.0043224464
1,1,0.5136651
0,0,0.0021740391
0,0,8.410937e-05
0,1,0.56275314
0,0,0.0038280133
0,0,0.064193696
1,1,0.52364945
0,0,0.14259155
0,0,0.011334276
0,0,0.0051294877
0,0,0.04323461
0,0,0.061149873
0,0,7.5191325e-05
0,0,0.008493905
0,0,0.0021015103
0,0,0.0022997493
0,0,0.027700126
0,0,0.004701361
0,0,0.0011147249
0,0,0.08034953
0,0,0.012288725
0,0,0.058813184
0,0,0.0059044543
0,0,0.10875904
0,0,0.011327796
0,0,0.0020811062
0,0,0.034408662
0,0,0.12517728
0,0,0.004353659
0,0,0.08434865
0,0,0.061650988
0,0,0.15924747
0,0,0.0040069693
0,0,0.005429788
0,0,0.0038005474
0,0,0.012189642
1,0,0.30593672
0,0,0.019634755
0,0,0.06822106
0,0,0.0023041691
1,0,0.10114558
0,0,5.3566113e-05
0,0,0.001261198
0,0,0.08499094
0,0,0.019961985
0,0,0.13617697
0,0,0.05268379
1,0,0.37672657
0,0,0.002931606
0,0,4.2405518e-05
0,0,0.008329907
0,0,0.0033976247
0,0,0.0023877989
0,0,0.0017585116
0,0,0.031243736
0,0,0.070385955
0,0,0.009186122
0,0,0.0017040886
0,0,0.14244628
0,0,0.11996276
0,0,0.022828076
0,0,0.2886767
0,0,0.03016493
1,0,0.2422967
0,0,0.031537823
0,0,0.0023189874
0,0,0.002746274
0,0,0.14438269
0,0,0.19232057
0,0,0.12325885
0,0,0.040318955
0,0,0.062111527
0,0,0.030818013
0,0,0.052548107
0,0,0.26036686
0,0,0.29233253
0,0,0.00049001334
0,0,0.056679163
0,0,0.13874239
0,0,0.020980654
0,0,0.05364147
0,0,0.00073659274
0,0,0.27480882
0,0,0.0024629391
0,0,0.016672544
0,0,0.018557915
0,0,0.015106035
0,0,0.09090436
0,0,0.00062118587
0,0,0.00076092436
0,0,0.00035169415
1,0,0.10642062
0,0,0.018256923
0,0,0.00020036144
0,0,0.05036808
0,0,0.01318303
1,0,0.20805255
0,0,0.26303068
0,0,0.07775497
0,0,0.014542973
0,0,0.008554743
0,0,0.07696696
1,0,0.35368
0,0,0.016728671
0,0,0.07603335
0,0,0.0025453798
0,0,0.00024271278
0,0,0.025348
0,0,0.005151877
1,1,0.51021695
0,0,0.09627066
0,0,0.009439968
0,0,0.035266187
0,0,0.09012752
0,0,0.011656499
0,0,0.014829649
0,0,0.06990788
0,0,0.014835502
0,0,0.114315666
0,0,0.018545335
0,0,0.003998257
0,0,0.030628186
0,0,0.10370131
0,0,0.010414249
0,0,0.064473495
0,0,0.17886664
0,0,0.16747639
0,0,0.0023906503
0,0,0.0242454
0,0,0.18052189
0,0,0.008530946
0,0,0.004789559
0,0,0.0025239391
0,0,0.004748248
0,0,0.00363027
0,0,0.0031475946
0,0,0.00018445837
0,0,0.0064471923
0,0,0.055821117
0,1,0.5312932
0,0,0.03161287
0,0,9.9152545e-05
0,0,0.04672006
0,0,0.38062382
0,0,0.0038025032
0,0,0.0066136727
0,0,0.0022286156
0,0,0.1104321
0,0,0.08605553
0,0,0.0017791179
0,0,0.18388854
0,0,0.036619775
0,0,4.687432e-05
0,0,0.020080766
0,0,0.083726525
0,0,0.006323994
0,0,0.0006295171
1,0,0.093182296
0,0,0.005034358
0,0,0.06084039
0,0,0.020588335
1,0,0.29188773
0,0,0.00522047
1,0,4.829173e-05
0,0,0.118705176
0,0,0.0029869427
0,0,0.004796751
0,0,0.15516031
0,0,0.015075622
0,0,0.004089159
0,0,0.02887356
0,0,0.0038762912
0,0,0.00952335
0,0,3.3378037e-05
0,0,0.02682134
0,0,0.014463102
0,0,0.0010948073
0,0,0.001074253
0,0,0.002104872
0,0,0.0023797827
0,0,0.09502671
0,0,0.26625556
0,0,0.0006906593
1,0,0.04206768
0,0,0.08005266
0,0,0.05563687
0,0,0.043488998
0,0,0.010954007
0,0,0.003215876
0,0,0.0068145636
0,0,9.319196e-05
0,0,0.029096482
0,0,0.006207078
0,0,0.00048261712
0,0,0.0131628355
0,0,5.1136765e-05
0,0,0.031152334
0,0,0.1170373
0,0,0.0054072747
0,0,0.03513968
0,0,0.0038841276
0,0,0.1117839
0,0,0.26743704
0,0,0.0057913363
0,0,0.027894909
0,0,0.04253734
0,0,0.0051808064
0,0,0.0019607681
0,0,0.0908519
0,0,0.00074209267
0,0,0.45595592
0,0,0.017050272
0,0,0.012060465
0,0,0.028417192
0,1,0.55994785
0,0,0.14831951
0,0,0.020915704
0,0,0.31453425
0,0,0.075702354
1,0,0.07741962
0,0,0.005967859
0,0,0.02575204
0,0,0.106845565
0,0,0.0014073182
0,0,0.032812584
0,0,0.0027271681
0,0,4.3203938e-05
0,0,0.0054452526
0,0,0.22733219
0,0,0.0002578697
0,0,0.00036116285
0,0,0.0025868535
0,0,0.010495789
0,0,0.00085804786
0,0,0.20983098
0,0,0.026160676
0,0,0.12058802
0,0,0.12334087
0,0,0.0064489306
0,0,9.183105e-05
0,0,0.032182634
0,0,0.0010061791
0,0,0.039140474
0,0,0.0012530008
0,0,0.04814542
0,0,0.030103302
0,0,0.055091046
0,0,0.05237656
0,0,0.02669197
1,0,0.031252913
0,0,0.045637555
0,0,0.38588858
0,0,0.020004036
0,0,0.03066259
0,0,0.04224784
0,0,0.011566667
0,0,0.034723558
0,0,0.087908804
0,0,0.026801176
0,0,0.15433061
0,0,0.0046530976
0,0,0.14465606
0,0,0.19248892
0,0,4.9942668e-05
0,0,0.121427685
0,0,0.010914356
0,0,0.18174468
0,0,0.06199041
0,0,0.018092375
0,0,0.35890037
0,0,0.0029293657
0,0,0.015581153
0,0,0.09707919
1,0,0.07591278
1,0,0.07775427
0,0,0.007511783
0,0,0.06824377
0,0,0.17099516
0,0,0.05130784
0,0,0.1300224
0,0,0.011359411
0,0,0.279171
0,0,0.047354642
0,0,0.00529037
0,0,0.10145624
0,0,0.34288204
0,0,0.027109701
0,0,0.11235381
0,0,0.21519625
0,0,0.081288986
0,0,0.01043379
0,0,0.030069545
0,0,0.00015299954
0,0,0.004544543
0,0,0.16628842
0,0,0.029239582
0,0,0.22283809
0,0,0.060951784
0,0,0.061774746
1,0,0.36233816
0,0,0.0011275096
0,0,0.014340643
0,0,0.33719268
0,0,0.032855414
0,0,0.00045014822
0,0,0.10213072
0,0,0.022332083
0,0,0.002844581
0,0,0.009520902
0,0,0.027629541
0,0,0.110038914
0,0,0.10520809
0,0,0.0030188148
0,0,0.08790914
0,0,0.088787265
0,0,0.05680663
0,0,0.000120512
0,0,0.0060625114
0,0,0.059086155
0,0,0.079887606
0,0,0.10350528
0,0,0.021719323
0,0,0.010357877
0,0,0.0045193266
0,0,0.0023451608
0,0,0.0014159097
0,0,0.05810562
0,0,0.017082116
0,0,0.036844686
0,0,0.010987891
1,0,0.26262558
0,0,0.0075117964
0,0,0.0015269542
0,0,0.07122453
0,0,0.23986676
0,0,0.33156216
0,0,0.10198103
0,0,0.11586078
1,0,0.11851501
0,0,0.0034350827
0,0,0.0682546
0,0,0.33141524
0,0,0.006035221
0,0,0.12361687
0,0,0.103725106
0,0,0.013151635
1,0,0.11838944
0,0,0.43454808
0,0,0.055691883
0,0,0.10076351
0,0,0.12739637
1,0,0.079172075
0,0,0.009683473
0,0,0.035209145
1,0,0.21587089
0,0,0.00019947487
0,0,0.0216749
1,0,0.09615119
0,0,0.07879215
0,0,0.030215299
1,0,0.3593092
0,0,0.025535302
0,0,0.015870433
0,0,0.30810934
0,0,4.3255797e-05
0,0,0.0074978275
0,0,0.015272131
0,0,0.00803962
1,0,0.2401925
0,0,0.13276033
0,0,0.15369114
0,0,0.36217785
0,0,0.097924165
0,0,0.23489206
0,0,0.0034773184
0,0,0.009873038
0,0,0.021035656
0,0,0.019390164
0,0,0.0126815075
0,0,0.32155415
0,0,0.008720173
0,0,0.290987
0,0,0.0028522424
0,0,0.009975448
0,0,0.062385056
0,0,0.03219451
0,0,0.19854313
1,0,0.017853437
0,0,0.02094626
0,0,0.060864385
0,0,0.14510334
0,0,0.06652374
0,0,0.17504957
0,0,0.0029963353
1,0,0.46760494
0,0,0.03906261
0,0,0.00015299954
0,0,0.11467317
0,1,0.51805925
0,0,0.117942706
0,0,0.051453516
0,0,0.006053389
0,0,0.049493935
0,0,0.25774783
0,0,0.00316267
1,1,0.53370637
0,0,0.03420753
0,0,0.4925024
1,0,0.029329672
0,0,0.16110747
0,0,0.049674243
0,0,0.12726486
0,0,0.17849545
0,0,0.0012596593
0,0,0.28096217
0,1,0.8180691
0,0,0.09139175
1,1,0.6985208
0,0,0.0011985638
0,0,0.45405033
0,0,0.032621607
0,0,0.005063963
0,0,0.041816045
0,0,0.16841768
0,0,0.00029533307
0,0,0.0041063926
0,0,0.03120527
0,0,0.0011904734
0,0,0.28774098
0,0,0.008669927
0,0,0.032193113
0,0,0.004008604
0,0,0.25532812
0,0,0.025259033
0,0,0.0028321042
0,0,0.098626144
0,0,0.01033767
0,0,0.23097864
0,0,0.008425772
0,0,0.005125241
0,0,0.08258762
0,0,0.022012869
0,0,0.005781847
0,0,0.077112876
0,0,0.02221254
0,0,0.24202414
1,1,0.5922162
0,0,0.0033392916
0,0,0.09933842
0,0,0.014538114
0,0,0.053144194
0,0,0.0019006705
0,0,0.15753658
0,0,0.08502138
0,0,0.0048822286
0,0,0.025437005
0,0,0.3194753
0,0,0.19503586
0,1,0.5675545
0,0,0.022410518
0,0,0.2472196
1,0,0.294432
0,0,0.012105408
0,0,0.004838542
0,0,0.013524525
0,0,0.16250546
0,0,0.052710474
0,0,0.16722341
0,0,0.002306355
0,0,0.0038463913
0,0,0.003101924
0,0,0.13984366
0,0,0.052128896
0,0,0.00015319517
0,0,0.015934877
0,0,0.0029805482
1,0,0.2271765
0,0,0.00025987852
0,0,0.009745856
0,0,0.002914763
0,0,0.023544293
0,0,0.04662178
0,0,0.012207989
0,0,0.022634858
0,0,0.000104413564
0,0,0.00099189
0,0,0.1562789
0,0,0.14518768
0,0,0.032281626
0,0,0.009248493
0,0,0.2113901
0,0,0.0004473005
0,0,0.21709819
0,0,0.24562484
0,0,7.53685e-05
0,0,6.345892e-05
0,0,0.04857792
0,0,0.004081645
0,0,0.00559111
1,0,0.17940219
0,0,0.023200797
1,0,0.14828216
1,0,0.16337007
0,0,0.06504278
0,0,0.0030318236
0,0,0.0023672306
1,0,0.052801106
0,0,0.031109108
0,0,4.0785297e-05
0,0,0.41822758
1,0,0.11282502
0,0,0.013816308
0,0,0.19024864
1,0,0.46533784
0,0,0.013477497
0,0,0.09276691
0,0,0.023270769
0,0,0.037836023
0,0,0.28137544
0,0,0.005957086
0,0,0.06697214
0,0,0.0066003
0,0,0.065219715
0,0,0.0052110064
0,0,0.00019947487
0,0,0.051504526
0,0,0.024229549
0,0,0.033610128
0,0,0.024768967
0,0,0.16034922
0,0,0.019418372
1,0,0.37436113
0,0,0.004605288
0,0,0.034330826
0,0,0.008277111
0,0,0.008491628
0,0,0.014762823
0,0,0.008195325
1,0,0.3058405
0,0,0.0047251303
0,0,0.09638105
0,0,0.0008587672
0,0,0.011049914
0,0,0.0051711546
0,0,0.0004763399
0,0,0.0046202876
0,0,0.0023099226
0,0,0.010316861
0,0,0.002896891
0,0,0.00074978115
0,0,0.043314137
0,0,0.05030542
0,0,0.006742345
0,0,0.002859011
0,0,0.44641855
1,0,0.2068084
0,0,0.009412221
0,1,0.5919222
0,0,0.021879205
0,0,0.07610947
0,0,0.14145577
0,0,0.0041561453
1,0,0.028630236
0,0,0.03654112
0,0,0.2291476
0,1,0.5122636
0,0,0.005553334
0,0,0.12779076
1,1,0.84477055
0,0,0.008304335
1,1,0.57740235
0,0,0.007679733
0,0,0.0037677507
1,0,0.10646385
0,0,0.027404899
0,0,0.023238232
0,0,0.04056312
0,0,0.02430944
1,0,0.08309692
0,0,0.15397283
1,0,0.012068433
0,0,0.001837326
0,0,0.027929384
0,0,0.051106054
0,0,0.009772495
0,0,0.26732415
0,0,0.018670205
0,0,0.2537067
0,0,0.0059603085
0,0,0.09152299
0,0,0.020437285
0,0,0.0075250543
0,0,0.120818466
0,0,0.00016216977
0,0,0.022861227
0,0,0.01162177
0,0,5.369151e-05
0,0,0.004623293
0,0,0.04173167
0,0,0.010041939
0,0,0.2168983
0,0,0.052791826
0,0,0.00085528963
0,0,0.0047719376
0,0,0.056607716
0,0,0.0042280345
1,0,0.07301805
0,0,0.0015853884
0,0,0.0054901987
0,0,0.0009591358
1,0,0.29109225
0,0,0.0058283587
1,0,0.43580925
0,0,0.0002390499
0,0,0.28877723
0,0,0.0004067646
1,0,0.2793219
0,0,0.009167652
0,0,0.2505056
0,0,0.42272878
0,0,0.005486024
0,0,0.013643008
0,0,0.02157975
0,1,0.6064381
0,0,0.028617872
0,0,0.06212261
1,0,0.3887868
0,0,0.018332165
0,0,0.0070673977
0,0,0.000893237
0,0,0.025839696
0,0,0.4472209
0,0,0.00086894917
0,0,0.03274576
0,0,0.08222708
0,0,0.09709873
0,0,0.062012088
0,0,0.44307652
0,0,0.10604017
0,0,0.0058605243
0,0,0.0073774303
0,0,0.08582754
0,0,0.08208915
0,0,0.0888837
1,0,0.16107704
0,1,0.5003018
0,0,0.019803148
0,0,0.006768856
0,0,0.045580838
0,0,0.056069978
0,0,0.016700413
0,0,0.064559996
0,0,0.057101365
0,0,0.15784031
0,0,0.4866534
0,0,0.0017676499
0,0,0.024316113
0,0,0.0010434123
0,1,0.52001804
0,0,0.039501853
0,0,0.018849142
0,0,0.083401546
0,0,0.12661143
0,0,0.06503562
0,0,0.07025657
0,0,0.029220005
0,0,0.012064641
0,0,0.004746594
0,0,0.00011275006
0,0,0.012417206
0,0,0.05508271
0,0,0.0026418513
0,0,0.0022243443
0,0,0.012790441
0,0,0.000121375466
0,0,5.369151e-05
0,0,0.030681698
0,0,0.007580533
0,0,0.28371117
1,0,0.14126532
0,0,0.11548443
0,0,0.0005352053
0,0,0.01614507
0,0,0.21514878
1,1,0.71749574
0,0,0.08193345
0,0,0.03968538
0,0,0.34363925
0,0,0.054956112
0,0,0.04668359
0,0,0.058811877
1,0,0.14840451
0,0,0.22823484
0,0,0.022607107
1,0,0.29292926
0,0,0.030028958
1,1,0.5420017
0,0,0.013399832
0,0,3.0318537e-05
0,0,0.15187708
0,0,0.2036976
0,0,0.0026771112
0,0,0.012622014
1,0,0.2984677
0,0,0.07486999
0,0,0.013128875
0,0,0.0022570235
1,0,0.3081378
0,0,0.035781674
0,0,0.009065016
0,0,0.040552333
0,0,0.048624396
0,0,0.10386976
0,0,0.0046153385
1,1,0.660293
0,0,0.17993535
0,0,0.0048037376
0,0,0.00268975
0,0,0.00804135
0,0,0.0013181807
0,0,0.18245028
0,0,0.027174966
0,0,0.018516872
0,0,0.21371928
0,0,0.16245198
0,0,0.0026614608
0,0,0.010298643
0,0,0.41987848
0,0,0.0009854062
0,0,0.0017621213
0,0,0.08650613
0,0,0.028314507
0,0,0.011495126
0,0,0.17493351
1,0,0.123810954
1,0,0.07752149
0,0,0.016545657
0,0,0.062962815
0,0,0.0009935886
0,0,0.4131588
0,0,0.2902454
0,0,0.2972784
1,1,0.6108738
0,0,0.00038528413
0,0,0.15056051
0,0,0.1655453
0,0,0.119184904
0,0,0.0027729638
0,0,0.025978886
0,0,0.004121153
0,0,0.0027098942
0,0,0.013018768
0,0,0.005513325
0,0,0.022524465
0,0,0.029222813
0,0,0.094229564
0,0,0.0016543405
0,0,0.0905687
0,0,0.10776353
0,0,0.105968006
0,0,0.06785811
0,0,0.0324319
0,0,0.009508037
0,0,0.010241363
0,1,0.7362675
0,0,0.31941867
1,0,0.095650375
0,0,0.12124825
0,0,0.041073803
0,1,0.67274976
0,0,0.23498572
0,0,0.023935284
1,1,0.6834025
0,0,0.071669824
0,0,0.0060541644
0,0,0.16566741
0,0,0.05882283
0,0,0.028193336
0,0,0.0010950232
0,0,0.0015989002
0,0,0.2423667
0,0,0.036841027
0,0,0.060866844
0,0,0.017725669
0,0,0.03917534
0,0,0.006801885
0,0,0.006186593
0,0,0.09191184
1,0,0.28248894
0,0,0.00020623599
0,0,0.13445085
0,0,0.24498194
0,0,0.13494067
0,0,0.2912157
0,0,0.006218009
0,0,0.036714043
0,0,0.11108288
0,0,0.0145793855
0,0,0.0019056004
0,0,0.0479633
0,0,0.0010662691
1,0,0.035108022
0,0,0.4312819
0,0,0.01800478
0,0,0.17705208
0,0,0.02917272
0,0,0.15548548
0,0,0.011623179
0,0,0.0066757067
1,0,0.2338239
0,0,0.14164267
0,0,0.030439535
0,0,0.023044702
0,0,0.000595478
0,0,0.4680161
0,0,0.002700172
0,0,0.090128005
0,0,0.00021121993
1,0,0.13022375
1,0,0.17201804
0,0,0.005940027
0,0,0.09163002
0,0,0.0020032292
0,0,0.12644538
0,0,0.07233746
0,0,0.00045877253
1,0,0.32306492
0,0,0.038911
0,0,0.26278096
0,0,0.0071365023
0,0,0.0007191306
0,0,0.0077188117
1,0,0.18636839
1,0,0.054286856
0,0,0.16586779
1,0,0.3436819
0,0,0.05498124
0,0,0.25116327
0,0,0.0010666979
0,0,0.022996882
0,0,0.012653883
0,0,0.030655
0,0,0.057324745
0,0,0.14270143
0,1,0.70963055
0,0,0.004378548
0,0,0.41637698
0,0,0.08258105
0,0,0.018501827
0,0,0.0015543182
0,0,0.108925484
0,0,0.20363969
0,0,0.00020279236
0,0,0.18491344
0,0,0.021186177
0,0,0.047291506
0,0,0.08100763
0,0,0.041210994
0,0,0.1683875
0,0,0.060117725
0,0,0.059623495
0,0,0.0007179542
0,0,5.047211e-05
0,0,0.00011968619
0,0,0.28059107
0,0,0.026088359
0,0,0.020376757
0,0,0.002699621
0,0,0.0017751853
0,0,0.17271928
0,0,0.11592675
0,0,0.04412851
0,0,0.03564619
0,0,0.012812678
0,0,0.0013142213
1,1,0.59222996
0,0,0.0035928122
0,0,0.0015303858
0,0,0.20547873
0,0,0.1926223
0,0,0.0017503301
0,0,0.00086324994
0,0,0.066061825
0,0,0.0010662691
0,0,0.007364787
0,0,0.009332341
0,0,0.016172405
0,0,0.014168662
0,0,0.006866486
0,0,0.17412077
0,0,0.0036931406
0,0,0.001630368
0,0,0.12807116
0,0,0.19139843
0,0,0.003540989
0,0,0.0033022275
0,0,0.011740666
0,1,0.57913834
0,0,0.002778111
0,0,0.0015083561
1,0,0.43305743
0,0,0.16197751
0,0,0.0155414
0,1,0.6494895
0,0,0.0067653535
0,0,0.00564679
0,0,0.0046984437
0,0,0.045767933
0,0,0.0009401046
0,0,0.011468884
0,0,0.011376973
0,0,0.013018959
0,0,0.18150987
0,0,0.38171586
0,0,0.006286255
0,0,0.053086463
0,0,0.010300893
1,0,0.24294747
0,0,0.15058939
0,0,0.009412546
0,0,0.1049106
0,0,0.38620943
0,0,0.017806374
0,0,0.0008407251
0,0,0.0073628416
1,0,0.067316145
0,0,0.20695207
0,0,0.24713045
0,0,0.028016383
0,0,0.17179446
0,0,0.0075704316
0,0,0.08852894
0,0,0.058897063
0,0,0.27090833
0,0,0.015690306
0,0,0.091809526
0,0,0.09806954
1,0,0.07353046
0,0,0.052196156
0,0,0.06419456
0,0,0.0024069762
0,0,0.033075508
0,0,0.09606034
0,0,0.3638236
0,0,0.18818206
0,0,0.07080475
1,0,0.15693426
1,0,0.18520981
0,0,5.1136765e-05
0,0,0.016922487
0,0,0.01418189
0,0,0.011844936
0,0,0.0067132744
0,0,0.21593875
1,0,0.35946032
0,0,0.15363087
1,0,0.12727466
1,0,0.070770845
0,0,0.011415939
0,0,0.19674803
1,0,0.20541258
0,0,0.048823334
0,0,0.007948229
0,0,0.0029518886
0,0,0.039469168
0,0,0.13887468
0,0,0.12924142
0,0,0.0031880916
0,0,0.026958134
0,0,0.059698228
0,0,0.03314797
0,0,0.040944587
0,0,0.0052778153
0,0,0.009121573
0,0,0.00065708294
0,0,0.06401706
0,0,0.005860225
0,0,0.020750742
0,0,0.21983694
0,0,0.16392681
0,0,0.02261543
0,0,0.013626686
0,0,0.011394105
0,1,0.5298688
0,0,0.2305726
0,0,0.10903423
0,0,0.033807483
0,0,0.002635958
0,0,0.12623936
0,0,0.0024670735
0,0,0.02769158
1,0,0.38404495
0,0,0.1593177
0,0,0.0011440723
0,0,0.00049903535
1,0,0.1361013
0,0,0.016342573
0,0,0.005103499
0,0,0.005482973
0,0,0.00046289098
0,0,0.16915551
0,0,0.00039463243
0,0,0.0155231645
1,0,0.21822272
0,0,0.005571898
0,0,0.22323589
0,0,0.22504944
0,0,0.026042325
0,0,0.026078144
0,0,0.23048595
0,0,0.017781973
0,0,0.006542955
0,0,0.044147853
0,0,0.08714615
0,0,0.0063279355
0,0,4.033503e-05
0,0,0.02941155
0,0,0.015110576
0,0,0.06135178
0,0,0.022559794
0,0,0.018221248
0,0,0.3787584
0,0,0.0009371106
1,0,0.23392557
0,0,0.09908382
0,0,0.028698608
0,0,0.023505583
0,0,0.109367624
0,0,0.012896534
0,0,0.011122553
0,0,0.011846654
0,0,0.31737557
0,0,0.010812097
0,0,0.0825055
0,0,0.029170608
0,0,0.02428632
0,0,0.02227328
0,0,0.20531361
0,0,0.008828938
0,0,0.15391345
0,0,0.10193746
0,0,0.010783855
0,0,0.0064628194
0,0,0.18387075
0,0,0.0037790649
0,0,0.036125794
0,0,0.009598155
0,0,0.045487355
0,0,0.09799191
0,0,0.011574019
0,0,0.12979954
0,0,0.010407165
0,0,0.012292991
0,0,0.44953302
0,0,0.12666395
0,0,0.0009689623
0,0,0.0702587
0,0,0.000116315074
0,0,0.026077483
0,0,0.004032338
0,0,0.1921186
0,0,5.7209792e-05
0,0,0.12775968
0,0,0.005726078
0,0,0.024180638
0,0,0.08158348
0,0,0.00020764636
0,0,0.024099082
0,0,0.3017914
0,0,0.0022857059
0,0,0.097557224
0,1,0.63673687
0,0,0.3785504
0,0,0.03307794
1,0,0.09851672
0,0,0.02759201
0,0,0.0573313
0,0,0.022500673
0,0,0.011412457
0,0,0.45437276
0,0,0.008023345
0,0,0.00021121993
0,0,0.00021948577
1,0,0.24461456
0,0,0.035354566
1,0,0.34141025
0,0,0.0057970798
0,0,0.007830886
0,0,0.003941805
0,0,0.0039103413
0,0,0.0020423576
0,0,0.009482506
0,0,0.19063243
0,0,0.11724559
0,0,0.009281254
0,0,0.091573454
0,0,0.043975458
0,0,0.00052151794
0,0,0.00016392954
0,0,0.0016048179
0,0,4.846044e-05
0,0,0.023548136
0,0,0.0044045625
0,0,0.0642102
0,0,0.023830757
0,0,0.0958
0,0,0.09203909
0,0,0.016699472
0,0,0.08666813
0,0,0.037751522
0,0,0.004164138
0,0,0.08421693
0,0,0.015312335
0,0,0.3409157
0,0,0.008347134
0,0,0.11162924
0,0,0.06525852
0,0,0.0022243443
0,0,0.010698274
0,0,0.02524462
0,0,0.059465293
0,0,0.00045708843
0,0,0.062968284
0,0,0.0057337955
0,0,0.032439984
0,0,0.004255888
0,0,0.0005960469
0,0,0.0001500141
0,0,0.05765413
0,0,0.0031175476
0,0,0.029448599
0,0,0.03267173
0,0,0.0034021565
0,0,6.542545e-05
1,1,0.50683326
0,0,0.012798174
0,0,0.061037492
0,0,0.00023665828
0,0,0.004326785
0,0,0.2120183
0,0,0.02064781
0,0,9.0512614e-05
0,0,0.0025468185
0,0,0.1127657
1,0,0.20519103
0,0,0.033681385
0,0,0.001574613
0,0,0.0037151587
0,0,0.08328599
0,0,0.157259
0,0,0.014845095
0,0,0.08971906
0,0,0.010507681
0,0,0.013789534
0,0,0.20317431
0,1,0.5459453
0,0,0.050575808
0,0,0.00010902356
0,0,0.19424564
0,0,0.0029436005
0,0,0.0068466817
1,0,0.20600852
0,0,0.19880074
0,0,0.17533639
0,0,0.15055814
0,0,0.1679903
0,0,0.14735875
0,0,0.020723296
0,0,0.0016648655
0,0,0.054295607
0,0,0.0024191446
0,0,0.010550738
0,0,5.9518254e-05
0,0,0.0019416293
0,0,0.24020092
0,0,0.00027414007
0,0,0.0006582425
0,0,0.060071036
0,0,0.0043815505
0,0,0.00018809599
1,0,0.07157393
0,0,0.2438572
0,0,0.031008266
0,0,0.14545104
0,0,0.003221904
0,0,0.04164647
0,0,0.08183729
0,0,0.41019714
0,0,0.009500931
0,0,0.08887602
1,0,0.24896486
0,0,0.038620118
0,0,0.008061282
1,0,0.15461488
0,0,0.03972043
0,0,0.20755611
0,0,0.04246484
0,0,0.033915356
0,0,0.07661103
0,0,0.14811905
0,0,0.2835979
1,0,0.12661143
0,0,0.16987807
0,0,0.090348706
0,0,0.012280833
0,0,0.056944843
0,0,0.00196891
1,0,0.116114736
0,0,0.0015533825
0,0,0.0049206447
0,0,0.009579393
0,0,0.0057704416
0,0,0.15005386
0,0,0.08128212
0,0,0.43407464
0,0,0.27685526
0,0,0.0055166357
0,0,0.005704963
0,0,0.0011353467
0,0,0.110412076
0,0,0.06576476
0,0,0.17274539
0,0,0.0043784687
0,0,0.069933556
0,0,0.18864259
0,0,0.19028634
0,0,0.077697456
0,0,0.011589701
0,0,0.17325659
0,0,0.24045452
0,0,0.16105495
0,0,0.05992393
0,0,0.01656008
0,0,0.18703581
1,0,0.4165474
0,0,0.033149205
0,0,0.004856691
0,0,0.008439456
0,0,0.09725275
0,0,0.000630524
0,0,0.007689812
0,0,0.11008585
0,1,0.5355333
1,0,0.013798837
0,0,0.035080224
0,0,0.29598972
0,0,0.1780392
0,0,0.0010890529
0,0,0.1535114
0,0,0.008797801
0,0,0.00062442
0,0,0.03495999
0,0,0.027272278
1,0,0.0053687375
1,0,0.10193896
0,0,0.0045717196
0,0,0.002515818
0,0,0.011580446
0,0,0.014628682
0,0,0.003907159
1,0,0.035640772
0,0,0.008287102
0,0,0.021734942
0,0,0.15103832
0,0,0.009985338
0,0,0.19103621
0,0,0.0107075535
0,0,0.33643082
0,0,0.058434885
0,0,0.17022535
0,0,0.35025534
0,0,0.020175306
0,0,0.005718593
0,0,0.0145362755
0,0,0.041606292
0,0,0.104985915
0,0,0.01773286
0,0,0.035102986
0,0,0.41129443
0,0,0.037332173
0,0,0.0019623674
0,0,0.0014498567
0,0,0.011697209
1,0,0.38236988
0,0,0.3838993
0,0,0.010015249
0,0,0.019176397
0,0,0.00168622
0,0,0.036439877
0,0,0.01717238
1,0,0.1961065
0,0,0.050983302
0,0,0.009753954
0,0,0.32310364
1,0,0.12334688
0,0,0.021481218
1,0,0.2119119
0,0,0.004735504
0,0,0.1660433
0,0,0.005915327
0,0,0.25457668
0,0,0.088393204
0,0,0.00028343254
0,0,0.1347652
0,0,0.46177748
0,0,0.040991902
0,0,0.00885045
0,0,0.07105717
0,0,0.08671209
0,0,0.0016036762
0,0,0.008785493
0,0,0.119713195
0,0,0.0006906593
0,0,0.101850405
0,0,9.6325275e-05
0,0,0.15185657
0,0,0.04313568
0,0,0.2187298
0,0,0.0064140935
0,0,0.020324504
0,0,0.00451021
1,0,0.10437204
0,0,0.12896127
0,0,0.027045071
1,0,0.04848222
0,0,0.023242917
1,0,0.09319543
0,1,0.7555541
0,0,0.0024197535
0,0,0.0018275202
0,0,0.0658804
0,0,4.1993313e-05
0,0,0.032438725
0,0,0.020056095
0,0,0.114146926
0,0,0.022485618
0,0,0.2787863
0,0,0.021871569
0,0,0.14205247
0,0,0.11248551
0,0,0.013726418
0,0,0.09130127
0,0,0.024207981
0,0,0.03380896
0,0,0.043185767
0,0,0.0033553771
0,0,0.0004012888
0,0,0.0021122934
0,0,0.13556056
1,0,0.37211725
0,0,0.0049344487
0,0,0.028856304
0,0,0.08957756
0,0,0.0010820837
0,0,0.24917673
0,0,0.16396748
0,0,0.29449728
0,0,0.20683046
0,0,0.0059727123
0,0,0.024199372
0,0,0.046629697
0,0,0.43997005
0,0,0.0005521728
0,0,0.014705838
0,0,0.12764871
0,0,0.07134464
1,0,0.38801357
1,0,0.41899458
0,0,0.0025302712
0,0,0.00117769
0,0,0.02728843
1,0,0.08483355
0,1,0.5556082
0,0,0.108834736
0,0,0.00062442
0,0,0.013193208
0,0,0.25487393
0,0,0.0020219416
1,0,0.39531586
0,1,0.56478864
0,0,0.17151427
1,0,0.0424032
0,0,0.0010409827
0,0,0.0014047379
0,0,0.0023611148
0,0,0.2892891
0,0,0.01512292
0,0,0.00019019087
0,0,0.007288325
1,0,0.014558738
0,0,0.35451585
0,0,0.0015841669
0,0,0.012657392
0,1,0.53687423
0,0,0.14010876
0,0,0.019779533
0,0,0.019966533
0,0,0.0025532404
0,0,0.21699573
0,0,0.0127458
0,0,0.0022533413
0,0,0.038353097
0,0,0.0005742619
0,0,0.0032196338
0,1,0.57321143
0,0,0.0011354305
0,0,0.007084142
0,0,0.0014333697
0,0,0.0047076643
0,0,0.22718333
0,0,0.06278697
0,0,0.07865824
0,0,0.014380848
0,0,0.21095277
0,0,0.14539278
0,0,0.078707896
1,1,0.7873017
0,0,0.0010176013
0,0,0.0046249107
0,0,0.012924999
0,0,0.03305741
1,0,0.067787565
0,0,0.0577828
0,0,0.3896141
0,0,0.0065802922
1,1,0.6010023
1,1,0.50223756
0,0,0.026271177
0,0,0.07847723
0,0,0.0061242064
0,0,0.10410398
0,0,0.047739416
0,0,0.0044683143
1,0,0.058469094
0,0,0.24106547
0,0,0.033262953
0,0,0.03512047
0,0,0.009999659
0,0,0.040172704
0,0,0.11004045
1,0,0.3110866
0,0,0.06336344
0,0,0.0438094
0,0,0.05201086
0,0,0.021075917
0,0,0.015205212
1,0,0.26033217
0,0,0.0053748037
0,0,0.14375287
0,0,8.256429e-05
0,0,0.24329127
0,0,0.04577298
0,0,0.16314462
0,0,0.0070846146
0,0,0.01465457
0,0,0.042987958
0,0,0.19315323
0,0,0.36092663
0,0,0.1532939
1,0,0.1561351
0,0,0.16734375
1,1,0.5950385
1,0,0.19236892
1,1,0.5669708
0,0,0.008990542
0,0,0.011774956
0,0,0.013813495
1,0,0.22822781
0,0,0.0017937424
0,0,0.025088897
0,0,0.34313145
0,0,0.30852744
0,0,0.3004345
0,0,0.0067560743
1,0,0.19347508
0,0,0.009306623
0,0,0.40731728
1,0,0.02143421
0,0,0.012922571
0,0,0.07716704
0,0,0.006007365
0,0,0.0021024204
0,0,0.03025733
0,0,8.256429e-05
0,0,0.09288438
0,0,0.008634266
0,0,0.27128544
0,0,0.0880656
0,0,0.018272273
1,0,0.2746737
0,0,0.027811993
1,0,0.08865467
0,0,0.027387436
0,0,0.060581215
0,0,0.034271136
0,0,0.02638215
0,0,0.01650295
0,0,0.00041432996
0,0,0.0042432006
0,0,0.020551967
1,0,0.12178442
0,0,0.013959642
0,0,0.09146025
0,0,0.20196189
0,0,0.003849431
1,1,0.50094587
0,0,0.006518783
0,0,0.16428176
0,0,0.0021803312
0,0,0.06590235
0,0,0.23733464
0,0,0.38108066
1,0,0.10621557
0,0,0.0012744749
0,0,0.41527924
0,0,0.015899347
0,0,0.000751941
0,0,0.13925703
1,0,0.4591873
0,0,0.073121764
0,0,0.00034318972
0,0,3.0318537e-05
0,0,0.22785555
0,0,0.00019900259
0,0,0.17915495
0,0,0.041302085
0,0,0.0508726
0,0,0.02187088
0,0,0.093575954
0,0,0.082429364
0,0,0.009860223
0,0,0.005455817
0,0,0.016655618
0,0,0.0060010124
0,0,0.12622651
0,0,0.10398566
0,0,0.20362493
0,0,0.12091686
1,0,0.05249419
1,1,0.64687085
0,0,0.04845493
0,0,0.46833208
0,0,0.0021302032
0,0,0.09873382
0,0,0.051447835
0,1,0.8443986
0,0,0.039287854
0,0,0.017012775
0,0,0.39103237
0,0,0.24898572
1,0,0.21090657
0,0,0.14324051
0,0,0.044679433
0,0,0.17321308
0,0,3.4128938e-05
0,0,7.198145e-05
0,0,0.0019959044
0,0,0.014257179
0,0,0.013287609
0,0,0.0056739366
0,0,0.35762316
0,0,0.018578077
0,0,0.16948146
1,0,0.009437239
0,0,0.26971912
0,0,0.0041489815
0,0,0.30646536
0,0,0.012780607
0,0,0.20905343
0,0,0.03732512
0,0,0.012114153
0,0,0.005910719
0,0,0.00011867283
0,0,0.07284839
1,0,0.2825837
0,0,0.23004194
1,0,0.43172505
0,0,0.28718913
0,0,0.0841205
0,0,0.007230973
0,0,0.08784757
0,0,0.022524057
1,0,0.28458816
0,0,0.01537037
0,0,0.16080946
0,0,0.01880861
0,0,0.42887157
0,0,0.07503668
0,0,0.0024911358
0,0,0.2226324
0,0,0.013828853
0,0,0.001679338
0,0,0.02397561
0,0,0.13526139
1,0,0.319992
0,0,0.006062479
0,0,0.015353032
0,0,0.18136987
0,0,0.003068791
0,0,0.20278753
0,0,0.29394338
0,0,0.0011825897
0,0,0.00073961343
1,0,0.04990834
0,1,0.5211883
0,0,0.0053934082
1,0,0.110984676
0,0,0.121399805
0,0,0.0051510613
0,0,0.026908726
0,0,0.011756173
0,0,6.883189e-05
0,0,0.0004763399
0,0,0.19417177
0,0,0.0070220917
0,0,0.037269942
0,0,0.0054817437
0,0,0.059478056
0,0,0.18287995
1,0,0.12636068
0,0,0.2139535
0,0,0.042103667
0,0,0.023804117
0,0,0.24009004
0,0,0.013320979
0,0,0.037787423
0,0,0.0055349176
0,0,0.009696326
0,0,0.05827078
0,0,0.0023326045
0,0,0.0055188863
0,0,0.002938029
0,0,0.008094906
0,0,0.036647506
0,0,0.0073156483
1,0,0.39829746
0,0,0.0022652757
0,0,0.1361312
0,0,0.09155993
0,0,0.0031929733
0,0,0.045337427
0,0,0.124403745
0,0,0.1392604
0,0,0.0964481
0,0,0.024879929
1,0,0.14411716
0,0,0.48303956
1,0,0.071204655
0,0,0.12639011
0,0,0.0036251734
1,0,0.1066963
0,0,0.07802841
0,0,0.13423748
0,0,0.03483958
0,0,0.0018676557
0,0,0.3410931
0,0,0.029370211
0,0,0.013375559
0,0,0.18658328
0,0,0.3557283
0,0,0.0023133394
0,0,0.0013907254
1,0,0.24562666
0,1,0.6221175
0,0,0.12358078
0,0,0.0023202996
0,0,0.0007160007
1,0,0.11781594
0,0,0.01766307
0,0,9.074258e-05
0,0,0.1123239
0,0,5.9067384e-05
0,0,0.040686682
0,0,0.09710187
0,0,0.00069669756
0,0,0.0029367942
0,0,0.015127488
0,0,0.038767718
1,0,0.0022243443
1,0,0.077139705
0,0,0.00016060966
0,1,0.5392435
0,0,0.048069052
0,0,0.059540156
0,0,0.06640798
0,0,0.29065502
0,0,0.0013927526
0,0,0.0819861
0,0,0.1278493
0,0,0.07197419
0,0,0.21653153
0,0,0.2669985
0,0,0.048797354
0,0,0.03382501
0,0,0.036656205
1,0,0.20381318
0,0,0.004093414
0,0,0.0037543525
0,0,0.0825757
0,0,0.022302903
0,0,0.03983211
0,0,0.081731476
0,0,0.15260145
0,0,0.0055957725
0,0,0.123426996
0,0,0.001126876
0,0,0.004344836
0,0,0.0032715811
0,0,0.0010894208
0,0,0.17642683
0,0,0.02679649
1,0,0.069535114
0,0,0.09267836
0,0,0.016615298
0,0,0.009718948
0,0,0.0035295428
0,0,0.053375
0,1,0.6495191
0,0,0.005355411
0,0,0.07421014
0,0,0.18255392
0,0,0.003935583
0,0,0.04884764
1,0,0.20606917
0,0,0.0654733
0,0,0.04072662
0,0,0.3057298
0,0,0.0041492
0,0,0.13024989
0,0,0.00010625891
0,0,0.16661507
0,0,0.0049061184
0,0,0.069765985
0,0,0.019274527
0,0,0.0004497969
0,0,0.057746552
0,0,0.03287664
0,0,0.006972335
1,0,0.3617475
0,0,0.005945202
0,0,0.017558103
0,0,0.04623167
0,0,0.003043652
0,0,0.08076847
0,0,0.012236433
0,0,0.005635134
0,0,0.014587507
0,0,0.01676266
0,0,0.07262839
0,0,6.153196e-05
0,0,0.030287467
0,0,0.032977756
0,0,0.0041993298
0,0,0.0055688126
0,1,0.611344
0,0,0.0069301166
0,0,0.1036885
0,0,0.002943154
0,0,0.010573462
0,0,0.010038129
0,0,0.20734003
0,0,0.0023036967
1,0,0.18789977
0,0,0.017150905
0,0,0.050320867
0,0,0.04070172
0,0,0.0023994527
0,0,0.058681395
0,0,0.0028068214
0,0,0.0028822264
0,0,0.0091021
0,0,0.13906723
0,0,0.0056211823
0,0,0.0002078926
1,0,0.24751435
0,0,0.22138521
0,0,0.086819015
0,0,0.35458317
0,0,0.025341975
1,0,0.45142934
0,0,0.053522207
0,0,0.0005631998
0,0,0.024399538
0,0,0.103285074
1,0,0.26923984
0,0,0.087487884
0,0,0.0014507171
1,0,0.42672184
0,0,0.10867362
1,0,0.15063865
0,0,0.043948863
0,0,0.4868698
0,0,0.30455637
0,0,0.030436262
0,0,0.03413823
0,0,0.03755804
0,0,0.005929773
0,0,0.0024254809
0,0,0.025028756
0,0,0.08610392
0,0,0.011631874
0,0,0.11725322
1,0,0.07435325
0,0,0.0069157616
0,0,0.0129818125
1,0,0.36314064
0,0,0.265978
0,0,0.005394265
0,0,0.014243876
0,0,0.012838414
0,0,3.3564545e-05
1,0,0.27086052
0,0,0.053341452
0,0,0.031287093
0,0,0.39245287
0,0,0.006035702
0,0,0.007836468
0,0,0.001086529
1,0,0.049805097
0,0,0.10550482
1,0,0.25382072
0,0,8.571793e-05
0,0,0.21405272
0,0,0.23864947
0,0,0.0106336875
0,0,0.08937664
0,1,0.6397677
0,0,0.4074939
0,0,0.0036930637
0,0,0.10941598
0,0,0.28526068
0,0,0.020795874
0,0,0.0010290145
0,0,0.008361581
0,0,0.00053069467
0,0,0.19993371
0,0,0.020776687
0,0,0.26216888
0,0,0.00010339118
0,0,0.030640857
0,0,0.016031817
0,0,0.0005770277
0,0,0.37140805
0,0,0.00850761
0,0,0.07223099
0,0,0.021427834
0,0,0.044598643
0,0,0.06783641
0,0,0.13211949
0,0,0.039366957
0,1,0.5262888
0,0,0.006493051
0,0,0.026456539
0,0,0.003880119
0,0,0.33806136
0,0,0.08685132
0,0,0.040193737
0,0,0.0044358918
0,0,0.006714922
0,0,0.042701192
0,0,0.04881593
0,0,0.011180119
0,0,0.0021273638
0,0,0.014752069
0,0,0.085800596
0,0,0.17347488
0,0,0.00377357
1,0,0.11207649
0,0,5.1538747e-05
0,0,0.01994933
0,0,0.3351976
0,0,0.03533254
0,0,0.00016505443
0,1,0.56901443
0,0,0.15263467
1,0,0.3591606
0,0,0.0002033339
0,0,0.041226737
0,0,0.02065612
0,0,0.12013124
0,0,7.5191325e-05
0,0,0.31479198
1,0,0.20845683
0,0,0.4347982
0,0,0.001896318
0,0,0.013640902
0,0,0.0018228742
0,0,0.04780053
0,0,0.17152087
0,0,0.0048750266
0,0,0.017051974
0,0,0.037163742
0,0,0.009876549
0,0,0.15421665
1,0,0.37935525
0,0,0.008652473
1,0,0.2237451
0,0,0.010098191
1,0,0.39541882
0,0,0.09019998
0,0,0.05736631
0,0,0.011070902
0,0,0.010749361
0,0,0.011317329
0,0,0.0046437588
0,0,5.615743e-05
0,0,0.12533952
0,0,0.014868364
0,0,5.1136765e-05
0,0,0.107056126
1,0,0.1315541
0,0,0.010131669
0,0,0.05565884
1,0,0.009480701
1,0,0.47767416
0,0,0.02588147
0,0,0.010736185
0,0,0.023056155
0,0,0.28826195
0,0,0.066471994
0,0,0.043602932
0,0,0.13862757
0,0,0.06513925
0,0,0.14620711
0,0,0.021472119
0,0,0.08053883
1,0,0.19992855
0,0,0.0068996972
0,0,0.008858615
0,0,0.002403667
1,0,0.048910156
0,0,0.16597572
1,0,0.091774985
0,0,0.009173561
0,0,0.012065266
0,0,7.5191325e-05
0,0,0.0888819
0,0,0.11156481
0,0,0.012002476
1,0,0.06492111
0,0,0.017121045
0,0,0.008532471
0,0,0.018015824
0,0,0.055500828
0,0,0.075444445
0,0,0.00019376868
0,0,0.49982566
0,0,0.21932657
0,0,0.0022572824
1,0,0.18437713
0,0,0.19957137
0,0,0.097541064
0,0,0.0012691801
0,0,0.15329081
0,0,0.011498085
0,0,0.019906946
0,0,0.15489735
0,0,0.09789748
0,0,0.006332807
0,0,0.054259453
0,0,0.0692004
0,0,0.046440784
0,0,0.011673458
0,0,0.05204568
0,0,0.08131887
0,0,0.10427981
0,0,0.13318841
1,1,0.5389646
0,0,0.033815015
0,0,0.0009689245
0,0,5.742526e-05
0,0,0.2262224
0,0,0.02537172
0,0,0.0007354418
0,0,0.07521253
0,0,0.0179703
0,0,0.16013232
0,0,0.039516058
0,0,0.20547955
0,0,0.0026021022
0,0,0.009387902
1,0,0.051847506
0,0,0.108189166
0,0,7.423259e-05
0,0,0.03235852
0,0,0.19424868
0,0,0.00062470126
0,0,0.0061220736
0,0,0.04870321
0,0,0.07045919
0,0,0.31160212
0,0,0.011934883
0,0,0.011820337
0,0,0.0054216264
0,0,0.010561441
0,0,0.03028865
0,0,0.0016728442
0,0,0.016602205
1,1,0.6646821
0,0,0.004324027
0,0,0.1267172
0,0,0.0057317303
0,0,0.04189819
0,0,0.02881579
0,0,0.013020257
0,0,0.17495334
0,0,0.32177103
0,0,0.049362022
0,0,0.007119315
0,0,0.06331641
0,0,0.19295011
0,0,0.015361079
0,0,0.34531015
0,0,0.004355032
0,0,0.07478443
0,0,0.4447972
0,0,0.10578071
0,0,0.006113578
0,0,0.02365603
0,0,0.03367189
0,0,0.009443348
0,0,0.0032944148
0,0,0.004518046
0,0,0.0037405966
0,0,0.17260946
1,0,0.31641877
0,0,0.12879077
1,1,0.5151438
0,0,0.008509139
0,0,0.007065685
0,0,0.043708887
0,0,0.065266736
1,1,0.5461746
0,0,0.038555525
0,0,0.17126083
1,0,0.29603118
0,0,0.00255005
0,0,0.010741808
0,0,0.08140123
0,0,0.009318483
0,0,0.079943955
0,0,5.7209792e-05
0,0,0.08778903
0,0,0.036574736
0,0,0.033800244
0,0,0.10347989
1,0,0.33929375
0,0,0.03823666
0,0,0.023750413
0,0,0.10917242
0,0,0.045277707
0,0,0.18008927
1,0,0.16236436
0,1,0.5383388
0,0,0.19069149
0,0,0.003572751
0,0,0.061107446
0,0,0.020769708
0,0,0.0046603093
0,0,0.0036805628
0,0,0.06849734
0,0,0.103000276
0,0,0.045562547
0,0,0.28900233
1,0,0.31854987
0,0,0.036937755
1,0,0.17318717
0,0,0.06456941
0,0,0.00056848215
0,0,0.014083463
0,0,0.0011825897
0,0,0.08168287
1,0,0.115750395
1,0,0.23675868
0,0,0.0016225112
0,0,0.0054117665
