Actual,Predicted,Probability
0,0,0.4593155
0,0,2.8125642e-06
0,0,0.000113459835
0,0,1.7587458e-06
0,0,2.2866867e-05
0,0,3.5648877e-06
0,0,3.8695075e-06
0,0,1.3556181e-05
0,0,0.43348432
0,0,8.871016e-06
0,0,0.09663808
0,0,0.0001810224
0,0,6.1784663e-06
0,0,4.3952155e-06
0,0,0.0001186571
0,0,3.7579066e-05
1,1,0.9999436
0,0,2.067967e-05
0,1,0.60916686
0,0,0.019488003
0,0,0.38603994
0,0,1.4816068e-05
0,0,2.2809252e-07
0,1,0.5196626
0,0,0.19037491
0,0,0.004485786
0,0,1.8106095e-05
0,0,0.027099382
0,0,3.0069641e-05
0,0,2.8362669e-05
0,0,0.2230831
0,0,0.3663309
0,0,1.3174514e-06
0,0,3.9426254e-06
0,0,0.003341787
0,0,0.082362086
0,0,0.09223456
0,0,1.4298452e-05
0,0,6.6391585e-06
0,0,0.0013431528
0,0,0.21509908
1,1,0.68775845
0,0,3.940003e-05
0,0,4.573257e-06
0,0,0.032186754
0,1,0.7843276
0,0,0.11958136
0,0,0.00013443411
0,0,0.25213456
0,0,5.1836512e-05
0,0,1.6176795e-05
0,0,0.11663825
0,0,7.986257e-05
0,0,0.034398343
0,0,7.685079e-06
0,0,0.38741186
0,0,9.952171e-07
0,0,6.3928615e-05
0,0,1.8370076e-06
0,0,4.311948e-06
0,0,0.094548464
0,1,0.6984483
0,0,1.7925388e-05
1,1,0.6453808
0,0,0.13991903
0,0,0.00012752354
0,0,0.36303684
0,0,6.565557e-05
0,0,0.16968048
0,0,0.28107327
0,0,3.466786e-05
0,0,1.0584472e-05
1,1,0.6885592
0,0,5.614913e-05
0,1,0.7106034
0,0,4.030467e-06
0,0,4.5494226e-06
0,0,0.29035494
0,0,5.3593653e-06
0,0,1.7296605e-05
0,0,3.8785034e-05
0,0,0.019552877
0,0,6.237906e-05
0,0,5.6304175e-06
0,1,0.5260332
0,0,4.0617505e-07
1,1,0.99999964
0,0,0.13822576
0,0,3.8014583e-05
0,0,0.089436114
0,0,1.7968819e-06
0,0,0.025202401
0,0,0.00013309193
0,0,5.1956722e-05
0,0,0.030148897
0,0,1.3309575e-05
0,0,2.6252562e-06
1,1,0.9999534
0,0,0.40922707
0,0,0.05338029
0,0,0.17232496
0,0,0.0131527865
0,0,1.0132948e-05
0,0,0.009123767
0,0,3.983496e-05
0,0,0.25043115
0,0,6.339722e-05
0,0,2.304676e-05
0,0,9.3593076e-07
1,1,0.999943
0,0,0.35896015
0,0,0.35498217
0,0,2.172709e-05
0,1,0.54485434
0,0,1.112095e-06
0,0,1.29270575e-05
0,0,5.664159e-05
0,0,0.0050477176
0,0,1.7165535e-06
0,0,2.0331614e-05
0,0,2.7714773e-06
1,1,0.9999726
0,0,0.00036393167
0,0,7.694494e-05
0,0,0.006155763
0,0,3.1646232e-05
1,1,0.9999993
0,0,0.0037227625
0,0,0.003420057
0,0,5.2917196e-05
0,0,0.00016918508
0,0,2.9256216e-05
0,0,0.00042377808
0,0,0.0004323431
0,0,0.00026898657
0,0,8.504218e-05
0,0,0.28907531
0,0,6.0805913e-05
0,1,0.63376015
0,0,0.003388564
0,0,0.007348943
0,0,9.049889e-05
0,0,2.7936649e-05
0,0,3.670634e-06
1,1,0.8218652
0,0,0.000108330176
0,0,0.23983541
0,0,2.7063832e-05
0,1,0.679055
1,1,0.99990165
0,0,0.0149279805
0,0,0.00014742938
0,0,2.1416574e-06
0,0,0.0001242917
0,0,1.6867109e-06
0,0,0.18380253
0,0,0.015574067
0,0,4.2902575e-06
0,0,0.025845513
0,1,0.5225391
0,0,0.018192563
0,0,4.0304538e-05
0,0,0.029826757
0,0,0.00010041443
0,0,1.9693707e-06
0,0,0.00010341632
0,0,4.2290343e-05
0,0,7.7180026e-05
0,0,1.3469032e-06
0,0,0.405029
0,0,9.846859e-07
0,0,1.7019798e-05
0,0,1.6189295e-05
0,0,1.0337088e-05
0,0,0.00011655111
0,0,0.00010542273
0,0,0.071079664
0,0,3.1070314e-05
0,0,0.0077589643
0,0,2.6091151e-05
0,0,2.7595546e-05
0,0,0.11386854
0,0,1.0725018e-05
0,0,7.0564405e-05
0,0,8.445988e-05
0,0,2.0294903e-05
1,1,0.999984
0,0,0.3340057
0,0,1.5329366e-06
0,0,0.0017122021
1,1,0.9999399
0,0,2.5475426e-06
0,0,1.580104e-05
0,0,5.2308366e-07
0,0,2.3424871e-05
0,0,1.0191454e-06
0,0,0.012515238
0,1,0.5272407
0,0,6.607122e-06
0,0,3.486666e-05
0,0,9.269863e-05
0,0,0.027382577
0,0,2.9696439e-05
0,0,5.6609065e-07
0,0,0.00015515019
0,0,2.082247e-05
0,0,0.19353126
0,0,0.21336748
0,0,2.1805804e-06
0,0,1.0870081e-06
0,0,0.020342115
0,0,3.3967742e-06
0,0,0.22882944
0,0,3.414668e-05
1,1,0.9999989
0,0,2.2422946e-05
0,0,2.4612875e-06
0,0,6.0494865e-05
0,0,0.023604013
0,0,8.6406566e-05
0,0,1.9061066e-05
0,1,0.9164116
0,0,2.7472428e-05
0,0,0.03512578
0,0,2.7500395e-05
0,0,0.07192352
0,0,0.36925897
0,0,4.2203415e-06
1,1,0.99997175
0,0,0.24428779
0,0,0.00010221366
0,0,5.49561e-05
0,0,0.12640424
0,1,0.73025084
0,0,2.2327342e-06
0,0,7.187069e-05
0,0,0.035578225
0,0,3.0412159e-05
0,1,0.61317015
0,0,0.0123230005
0,0,0.06564798
0,0,0.00019380564
0,0,0.18842518
0,0,3.3857716e-06
0,0,8.65187e-05
0,0,3.1847227e-05
0,0,0.31960398
0,0,3.9086814e-07
0,0,0.079396695
0,0,0.00015461557
0,0,0.0049118944
0,0,0.00011474229
0,0,8.180785e-05
0,0,2.1531672e-05
0,0,0.00020344113
0,0,0.00030708336
0,0,0.030832073
0,0,5.0648596e-06
0,0,3.9115508e-05
0,0,5.712945e-06
0,0,0.008346025
0,0,0.000164952
0,0,4.7953927e-05
0,0,0.28121337
0,0,2.7642298e-05
0,0,0.49984497
0,0,4.9025708e-05
0,0,0.36241093
0,0,0.00932522
1,1,0.7027264
1,1,0.9999914
1,1,0.99999845
0,0,8.106328e-05
0,0,0.11424388
0,1,0.6871506
1,0,0.2563988
0,0,2.3619464e-06
1,1,0.9999747
0,1,0.8456259
0,0,2.9203616e-06
0,0,5.582783e-06
0,0,5.1022225e-06
0,0,0.00013645714
0,0,0.00018813292
0,0,0.1490551
0,0,0.042950153
0,0,2.5835402e-06
0,0,2.3318478e-06
0,0,0.00012872768
1,1,0.99994814
0,0,0.26213005
0,0,6.833803e-07
0,0,7.63537e-05
1,1,0.9999709
0,0,1.0477225e-05
1,1,0.99988186
0,0,0.0120906085
0,0,6.121457e-05
0,0,0.3214194
0,1,0.7510357
0,0,2.6342866e-05
0,0,0.41185856
0,0,8.317832e-06
1,1,0.9999136
1,0,0.2933871
0,0,0.00021347741
0,0,7.987055e-07
0,0,5.4330167e-06
1,1,0.99997413
1,1,0.99998033
0,0,0.0653304
0,0,4.1863248e-05
0,0,4.380156e-06
0,0,0.005329634
0,0,4.253961e-06
0,0,6.2843324e-06
1,1,0.69639176
0,0,6.198845e-05
0,0,7.109082e-05
0,1,0.65014666
0,0,6.6365294e-07
0,0,3.7067814e-05
0,0,1.7415065e-05
0,1,0.7059757
0,0,7.763555e-05
0,0,9.2875425e-06
0,0,0.30764732
0,0,0.0025038586
1,1,0.60395944
0,0,0.041083675
0,0,8.117065e-05
0,0,0.00096933165
0,0,0.0082877055
0,0,6.239607e-05
0,0,2.210703e-06
0,0,1.8214736e-05
0,0,3.016833e-06
0,0,0.00013101043
0,0,1.2891037e-05
0,0,1.5782653e-05
0,0,0.0006929137
0,0,4.853135e-07
0,0,3.0859812e-06
0,0,2.3484718e-06
0,0,5.6793037e-06
0,0,7.4225505e-07
1,1,0.99999654
0,0,4.4635276e-06
0,0,0.00013506178
0,0,9.953035e-07
0,0,2.7674452e-05
0,0,4.5915636e-05
0,0,0.024613723
0,0,0.0004944543
0,0,0.0439039
0,0,8.5524276e-05
0,0,0.10281871
0,0,4.2893047e-05
0,0,4.145916e-07
0,1,0.7035601
0,1,0.54103595
0,0,9.780303e-05
0,0,4.6441805e-06
0,0,0.0022480364
0,0,1.9414072e-05
1,1,0.9999852
0,0,1.0471185e-06
0,0,1.1444138e-07
0,0,1.3308357e-05
0,0,0.000117459414
0,0,0.0029338275
0,0,4.8061836e-05
1,1,0.999959
0,0,3.340348e-05
0,0,6.679306e-07
0,0,0.2692884
1,1,0.58283144
0,0,2.1331825e-05
1,1,0.88583076
0,0,0.00032164928
0,0,2.9198075e-06
0,0,5.1207524e-05
0,0,0.30049855
0,0,4.158562e-06
0,0,2.0115233e-06
0,0,2.8606287e-06
1,1,0.99998903
1,1,0.999948
0,0,0.41895154
0,0,4.353368e-05
0,0,6.0288307e-06
0,0,1.4060273e-06
0,0,7.440925e-06
0,0,0.009794322
0,0,5.4759246e-05
0,0,4.5853185e-06
0,1,0.63499254
0,0,1.0538322e-05
0,0,0.030492479
0,0,5.756303e-06
0,0,3.316213e-05
0,0,7.9665995e-07
0,0,7.772435e-06
0,0,0.031886224
0,0,5.49044e-07
0,0,3.4627421e-06
0,0,0.00900605
0,0,3.6498195e-06
0,0,1.616362e-06
0,0,0.43370402
0,0,0.00011041696
0,0,2.2703723e-06
0,1,0.6311944
0,0,4.1832198e-05
0,0,2.4576924e-05
0,1,0.54651845
0,0,1.7380637e-07
0,1,0.6533603
0,0,4.0195814e-06
0,0,0.30409992
0,0,2.8370972e-05
0,1,0.57158744
0,0,0.47821814
0,0,3.20239e-07
0,1,0.85763925
0,0,1.9965486e-05
0,0,0.07248451
0,0,0.05656775
0,0,0.014882996
0,0,1.8782048e-05
0,0,2.1821136e-06
0,0,8.0232705e-05
0,0,4.6583837e-06
0,0,9.656803e-06
0,0,2.8916706e-05
0,1,0.5906559
0,0,3.2929922e-06
0,0,2.5953641e-05
0,0,3.02308e-05
0,0,0.0001275807
0,1,0.7333244
0,0,4.5507142e-05
0,0,0.00043055543
0,0,9.9628414e-05
0,0,0.0017922727
0,0,0.10376479
1,1,0.5972855
0,0,1.8353147e-05
0,0,0.042958423
0,0,0.00016329288
0,0,5.5957556e-05
0,0,0.0053310753
0,0,0.3844904
0,1,0.7442693
0,0,0.44820383
1,1,0.5351354
0,1,0.735216
0,1,0.57612103
0,0,0.0023363717
1,1,0.99997854
0,0,0.45447102
0,0,1.1168683e-05
1,1,0.768376
0,0,4.235003e-05
0,0,0.12586318
0,1,0.5384193
0,0,1.6118154e-05
0,0,6.0902476e-05
0,0,0.05574774
0,0,0.031103453
0,0,5.439887e-05
0,0,0.0001288452
0,0,0.004960086
0,0,8.8041963e-07
0,0,4.272578e-06
0,0,7.585491e-05
0,0,1.7656897e-05
0,0,0.46622032
1,0,0.12372317
0,1,0.86449355
0,0,1.0399671e-06
0,0,2.0511695e-06
0,0,0.3383052
0,0,0.00014622924
0,0,0.04755289
0,0,1.365022e-05
0,0,2.398693e-06
0,0,0.00035426137
0,0,6.135292e-06
1,1,0.9999627
0,0,0.0062235515
0,0,4.5033685e-05
0,0,0.049775567
0,0,1.32597215e-05
0,1,0.81849575
0,0,4.1671345e-05
0,1,0.62997854
0,0,2.1389133e-07
0,0,0.00010146386
0,0,8.0322425e-05
0,0,8.907401e-06
1,1,0.9999784
0,0,0.24157256
0,0,2.403279e-05
0,0,5.1884286e-05
0,0,0.0004561961
0,0,0.00013977701
0,0,6.060284e-05
0,0,0.0024607868
0,0,4.045352e-05
0,0,2.6812327e-06
0,0,1.7080278e-06
0,0,2.7355234e-06
0,0,8.9818925e-05
1,1,0.999948
0,0,5.7284233e-06
0,1,0.9029945
0,0,1.2089004e-06
0,0,7.8545825e-05
0,0,2.517956e-05
0,0,8.709539e-06
0,0,2.5541574e-06
0,0,1.0772897e-06
0,0,7.296503e-05
0,0,0.0035460163
1,1,0.9999752
0,1,0.56396985
0,0,1.715727e-06
0,1,0.51400566
0,0,2.4010431e-05
0,0,3.165086e-06
0,0,1.5731774e-06
0,0,9.194933e-05
0,0,7.967362e-05
0,0,3.3653294e-05
0,0,1.079949e-05
0,0,0.034473263
0,0,3.7413179e-06
1,1,0.8277638
0,0,3.1087355e-05
0,0,0.04640588
0,0,2.9425905e-07
0,0,0.074393936
1,1,0.9999069
0,0,8.5747284e-05
0,0,0.15944712
0,0,1.223637e-05
1,1,0.9999995
0,0,7.0505284e-06
0,0,3.6321362e-05
0,0,1.8788123e-06
0,0,2.5353625e-05
0,0,4.2563122e-05
0,0,6.325218e-05
0,0,0.0013534429
0,0,0.0009966538
0,0,0.28686967
0,0,2.4845738e-06
0,0,0.00019856893
0,0,0.19799654
0,0,0.03203707
0,0,8.99674e-05
0,0,4.1595074e-05
0,0,2.34686e-06
0,0,5.0389635e-06
0,0,7.13798e-05
0,0,1.683164e-05
0,0,0.003629968
1,1,0.9999763
0,0,1.6798866e-06
0,0,4.2271506e-07
0,0,2.5841098e-05
1,0,0.26774704
0,0,0.002203135
0,0,5.62688e-06
0,0,3.9111313e-07
0,0,9.201055e-05
0,1,0.7893309
0,0,0.046400554
0,1,0.6007806
0,0,3.3452572e-05
0,0,1.2014746e-05
0,0,1.9280802e-07
0,0,0.00013673992
0,0,7.100004e-05
0,0,0.0007931991
0,0,1.0471924e-06
0,1,0.6932942
0,0,9.930242e-05
0,0,0.0001347303
0,0,1.6403246e-05
0,0,1.5860296e-05
0,0,7.9597794e-07
1,1,0.99999964
0,0,4.073787e-06
0,0,5.1675524e-06
1,1,0.9995921
0,0,0.29709092
0,1,0.5606845
0,0,8.596176e-06
1,0,0.2603005
0,0,0.18351276
0,0,0.021386566
0,0,2.4967732e-05
0,0,8.564898e-05
0,0,1.05809395e-05
0,0,0.4775682
0,0,1.3730805e-07
0,0,2.0822392e-06
0,0,4.261814e-06
0,0,8.478691e-06
0,0,4.893592e-07
0,1,0.7304927
0,0,0.14044036
0,0,0.12706074
0,0,0.23452741
0,1,0.5131575
0,0,9.1803656e-07
0,0,4.711143e-05
0,0,0.0006899708
0,0,0.0027920604
0,0,1.0443043e-06
1,1,0.7091096
0,0,0.00014455192
0,0,5.6301298e-05
0,0,0.00053932203
0,0,5.511173e-06
0,0,2.109817e-05
0,0,1.5347035e-06
1,1,0.99995387
0,0,1.575004e-05
0,0,0.00019188672
0,0,0.0017478465
0,0,0.328703
0,0,0.0032716994
0,0,0.10290559
0,0,0.08995575
0,0,0.00011817968
0,0,0.47091883
0,0,0.09409311
0,0,3.9324244e-05
0,0,9.0356785e-05
0,1,0.5597902
0,0,5.2901356e-05
0,1,0.86036897
0,0,0.016760262
0,0,0.15600759
0,0,0.00239821
0,0,0.08295825
0,1,0.64350814
0,0,3.1794334e-05
1,1,0.9999832
0,0,0.059251506
0,0,4.7170994e-05
0,0,0.043060835
0,0,0.0012240467
0,0,4.517912e-05
0,0,3.7108064e-05
0,0,0.23434867
0,0,0.13177736
1,1,0.99984634
0,0,0.027297422
0,0,8.326054e-06
0,0,1.7647755e-05
0,0,7.760986e-05
0,0,6.283057e-05
0,0,3.5052908e-06
0,0,0.00014240862
0,0,7.8055855e-05
0,0,1.6550415e-05
0,0,5.5451423e-05
0,0,0.006970374
0,0,0.22302848
0,0,1.8200283e-06
0,0,2.8495637e-07
0,0,2.361678e-06
0,0,5.6539693e-06
0,0,0.40840712
0,0,2.6410087e-06
0,0,1.6851267e-05
0,0,0.00020041894
0,0,0.088597566
0,0,0.09801965
0,0,0.0006904066
0,1,0.81552815
0,1,0.5138642
1,1,0.9999989
0,0,6.170277e-05
0,0,4.4234555e-05
0,0,0.14475937
0,0,4.4609846e-05
0,0,8.0185755e-06
1,1,0.9998229
0,0,0.0019101669
0,0,6.4654355e-06
0,0,0.0032249757
0,0,4.754794e-06
0,0,0.01170884
0,0,2.6400483e-05
0,0,2.0329821e-06
0,0,8.033514e-05
1,1,0.9999789
0,0,6.503772e-05
0,0,0.00011082666
0,0,2.8587838e-05
0,0,9.8761375e-06
0,0,0.0009758115
0,0,1.2874334e-06
0,0,0.00015013746
0,0,0.0024162221
0,0,0.0051428964
0,0,0.14663306
0,0,6.9219773e-06
0,0,7.0387586e-07
0,0,2.9674607e-07
0,0,2.7208753e-06
0,0,7.598761e-05
0,0,0.06056523
0,0,0.00019367263
0,0,0.069997385
0,0,0.0063954345
0,0,4.1040034e-06
0,0,1.2015626e-06
0,0,1.1569208e-06
0,0,6.231698e-05
0,0,3.732942e-06
0,0,0.00010134947
0,0,7.0977425e-05
0,0,0.055786647
0,0,0.32105723
0,0,1.4925075e-06
0,0,0.10830794
0,0,0.0021704785
0,0,0.031099582
0,0,4.3488533e-05
0,0,2.4183817e-05
0,0,8.414603e-06
0,0,0.01728725
0,0,2.1848248e-06
0,0,0.0017156294
0,0,0.05790148
0,0,3.6701965e-06
0,0,2.0995909e-05
0,1,0.6154968
0,0,6.518083e-05
0,0,8.44776e-05
0,0,0.16107085
0,0,2.1160938e-07
0,0,9.145282e-05
0,0,1.2582239e-05
0,0,0.0037098287
0,0,0.0408852
1,1,0.5004462
0,0,8.0798867e-07
0,0,1.5786145e-05
0,0,0.0043557575
0,0,0.17388944
0,0,0.0021241636
0,0,4.4180183e-06
0,0,6.0607985e-05
0,1,0.8129812
0,0,3.6413503e-06
0,0,0.15941021
0,0,2.5015709e-06
0,0,0.00010586771
0,0,0.20970975
0,0,0.341561
0,0,0.14684139
0,0,0.0003134362
1,1,0.99996746
0,0,3.93815e-06
0,0,0.21645494
0,0,0.0689364
0,0,6.9047237e-06
0,0,0.0038960401
0,0,0.019477382
0,0,0.2603907
0,0,2.158712e-06
0,0,2.680993e-05
0,0,1.5326385e-05
0,0,5.4135626e-07
0,0,2.5441534e-06
0,0,3.344109e-05
0,1,0.9128835
0,0,2.6715954e-05
0,0,5.26315e-06
0,0,0.004767734
0,0,0.021995075
0,0,0.00010439385
0,0,3.4718083e-05
0,0,2.5845038e-06
0,0,2.2610167e-05
0,0,1.5759535e-05
0,0,1.7747332e-05
0,0,0.00018081763
0,0,6.393043e-06
0,0,1.9194933e-06
0,0,6.821914e-05
0,0,2.0002268e-05
0,0,0.00011073994
0,0,5.933428e-07
0,0,2.369285e-06
0,0,3.4060464e-05
0,0,2.4801254e-06
0,0,0.000104035
0,0,1.5192056e-05
0,1,0.5471131
0,1,0.71458644
0,0,2.4940816e-06
0,0,1.3384739e-06
1,1,0.9999355
0,0,0.397485
0,0,1.8551766e-05
0,0,6.341928e-07
0,0,0.0076768263
0,0,0.04433016
0,0,0.0014976178
0,0,0.18054901
0,0,4.8491227e-05
0,0,9.583107e-06
0,0,3.485324e-06
0,0,4.857108e-06
0,0,0.12172712
0,0,0.32325995
0,0,6.519407e-05
0,0,1.4211457e-07
0,0,0.005777619
0,0,0.44510248
0,0,3.0953466e-05
0,0,0.2993819
0,0,0.00022425981
0,0,4.1202064e-05
0,0,5.157631e-05
0,0,1.8173178e-07
1,1,0.99996877
0,0,0.00014243294
0,0,4.2402284e-05
0,0,1.3386117e-06
0,0,0.0151793305
0,0,3.7684287e-05
0,0,0.40301958
0,0,0.013101052
0,0,1.7305396e-06
0,1,0.513535
0,0,0.00014311432
0,0,4.42769e-06
0,0,0.03076371
0,0,6.7394976e-05
0,0,0.0139088575
0,1,0.78452945
0,0,7.4891573e-06
0,0,0.0014791511
0,0,0.0015550777
0,0,9.0779906e-07
0,0,0.1953443
0,0,5.9978754e-07
0,0,0.035464697
0,0,3.6060614e-05
0,0,0.28599754
0,0,1.8569253e-05
0,0,3.882337e-05
0,0,9.57644e-05
0,0,0.0022779342
0,0,0.0023927495
1,1,0.99999845
1,1,0.6642482
0,0,2.3224666e-06
0,0,3.8865383e-06
0,0,2.3538092e-05
0,0,1.4568771e-07
0,0,4.814748e-05
0,0,9.628875e-06
0,0,4.334032e-05
0,0,2.4124622e-06
0,0,7.0485316e-05
0,1,0.5642193
0,0,4.4060475e-06
0,1,0.5439865
0,1,0.68963665
0,0,0.07596464
0,0,1.466687e-05
0,0,0.026130568
0,0,0.14005186
0,0,4.106113e-05
1,1,0.9999416
0,1,0.56971556
0,0,3.818102e-05
0,0,1.3750774e-05
0,0,4.5305318e-05
0,0,0.00012404817
0,0,4.586334e-05
0,0,8.235074e-06
0,0,3.765641e-05
0,0,4.5277502e-05
0,1,0.723794
0,1,0.5623643
0,0,3.2372525e-05
0,0,3.5042349e-06
0,0,0.00013727555
1,1,0.9999993
0,0,1.0082004e-05
0,0,0.0003450745
0,0,0.00012685044
0,0,0.4056733
0,1,0.87492996
0,0,0.00014250603
0,0,1.8242597e-06
0,0,0.46495497
0,0,0.00014254055
0,0,0.2926448
0,0,0.00010230278
0,1,0.51231354
0,0,4.1810665e-05
1,1,0.99998903
0,0,0.07792981
0,0,0.32015902
0,0,0.00031867542
0,0,0.018492512
0,0,1.2630677e-05
0,0,0.00022619744
0,0,0.34041375
0,0,1.6688717e-05
0,0,6.3611784e-05
0,0,0.42803055
0,0,3.5174298e-06
0,0,0.013537
1,1,0.9999628
0,0,0.018826474
0,0,5.356149e-07
0,0,6.393764e-05
0,0,4.5603887e-05
0,0,1.3542549e-05
0,0,4.8676317e-05
0,0,0.0016964839
0,0,9.891672e-06
0,0,8.7433094e-05
0,0,1.6068076e-05
0,0,4.4348994e-06
0,0,4.848768e-07
0,0,2.316237e-05
0,0,1.0940126e-05
0,0,0.18431449
0,0,1.6837052e-05
0,0,4.7017073e-07
0,0,0.00018892928
0,0,4.168208e-07
0,0,2.4907872e-06
1,1,0.9999422
0,1,0.63670874
0,0,0.0070978566
0,0,1.921496e-05
0,0,0.00021767222
0,0,1.8696591e-06
0,0,4.5399083e-05
0,0,8.958976e-06
0,0,1.1236201e-05
0,0,0.0005752707
1,1,0.9996723
0,0,0.06401841
0,0,3.0474435e-05
0,0,0.4304355
0,0,0.018177379
0,0,1.7365708e-05
1,1,0.9999993
0,1,0.7200761
0,0,0.00011460572
0,0,0.0013676299
0,0,0.22500129
0,0,0.30439207
0,0,2.2442156e-05
0,1,0.8486321
0,0,0.017904345
0,0,0.058401708
0,0,7.592706e-05
0,0,0.00091519335
0,0,0.0042823968
0,0,0.22906516
0,0,2.5679005e-06
0,0,0.004791607
0,0,8.015685e-06
0,0,1.8549006e-06
0,0,0.0010138825
0,0,1.6384469e-06
0,0,0.09622112
0,0,3.298466e-07
0,0,0.21378271
0,0,0.094114386
0,0,1.1744444e-05
0,0,0.010408668
0,1,0.6725966
0,0,0.00013101843
0,0,6.344991e-05
0,0,1.6474514e-05
0,0,1.5631114e-06
0,0,0.0029720597
0,0,1.6937802e-05
0,0,2.1799378e-06
0,0,0.00010132086
0,0,0.008655385
0,0,6.2870495e-05
0,0,0.42938167
0,0,0.3566769
0,0,0.002477087
0,0,2.116111e-06
0,0,0.00029584623
0,0,6.1869505e-06
0,1,0.81026524
0,1,0.50170475
0,0,4.7329646e-05
0,0,1.2666297e-05
0,0,6.805525e-06
0,0,4.2548632e-05
0,0,2.9150917e-05
0,0,3.1239844e-05
1,1,0.9999982
0,0,2.1925496e-05
0,0,0.00014510265
0,0,2.0934312e-06
0,0,0.00013565745
0,0,8.092742e-05
0,0,4.119452e-05
0,0,0.19260354
0,0,0.18956552
0,0,6.10617e-05
0,1,0.5899891
0,0,6.2943254e-05
0,0,0.10477221
0,0,0.00015554257
0,0,1.1509013e-06
0,0,0.0001323714
0,0,1.1983667e-05
0,0,9.612322e-05
0,0,5.263649e-07
0,0,4.000418e-06
0,1,0.5394442
0,0,6.101229e-06
0,0,4.0394334e-06
0,0,0.21261473
0,0,2.8629374e-06
0,0,0.006928706
0,0,1.3724315e-06
0,0,2.5976399e-06
0,0,0.0002538718
0,0,0.023950914
1,1,0.9997243
0,0,2.4836123e-05
0,1,0.76804906
0,0,5.942964e-06
0,0,3.757777e-06
0,0,7.463796e-05
0,0,2.961366e-05
0,0,6.7892984e-07
0,0,0.000118438256
1,1,0.9999969
0,0,1.7008578e-06
0,0,4.696394e-05
0,0,3.5149194e-05
0,0,0.19051553
0,0,0.14581063
0,0,6.6685575e-06
0,0,6.3463544e-06
0,0,0.000120497294
0,0,2.0675232e-06
0,0,5.6433695e-05
0,0,0.3685923
0,0,0.00037416586
0,0,7.016703e-05
0,0,9.779832e-07
0,0,2.724089e-05
0,0,0.033936635
0,0,0.022156311
0,0,4.8898848e-05
0,0,2.4282203e-06
0,0,4.0700204e-05
0,0,0.00012894673
1,1,0.99996936
0,1,0.867502
0,0,4.8343754e-05
0,0,2.6169595e-05
0,0,7.0216015e-07
0,0,0.0008560629
0,0,0.00010961232
0,0,0.024987
0,0,0.03646256
0,0,4.680379e-05
1,1,0.9999858
0,0,5.526377e-07
0,0,0.025061728
0,0,0.11056657
0,0,6.5924905e-05
0,0,4.375356e-05
0,0,9.135617e-05
0,0,1.2908537e-06
0,0,0.00013441015
0,0,4.459932e-06
0,0,0.08106357
0,1,0.7476493
0,0,0.0070602978
0,0,0.20348257
0,0,3.6824422e-05
0,0,3.2239154e-06
0,0,9.805648e-05
0,0,8.352718e-05
0,1,0.56340873
0,0,0.46701658
0,0,4.0751627e-05
0,1,0.54301745
0,0,6.862014e-05
0,0,9.273196e-06
0,0,0.000107494205
0,0,0.33482036
0,0,1.2035007e-06
0,1,0.569537
0,1,0.81566745
1,1,0.9999738
0,0,2.568685e-05
0,1,0.84405035
1,1,0.9999925
0,0,0.008867864
0,0,0.10083908
0,0,0.012307294
0,0,1.4663347e-07
0,0,3.0274652e-05
0,0,3.4927841e-06
1,0,0.4558972
0,0,4.34768e-05
0,0,1.0176042e-06
0,0,3.967618e-05
1,1,0.9999647
0,0,5.786663e-05
0,0,4.9918435e-05
0,0,0.0027856182
0,0,3.064727e-06
0,0,0.005196226
0,0,0.30158237
1,1,0.99996555
0,0,4.851011e-07
0,0,0.04023228
0,0,2.7045873e-05
0,0,3.0372485e-06
0,0,2.513003e-06
0,0,0.026695825
0,0,0.08098388
0,1,0.8634703
0,0,6.366798e-08
0,0,0.00087461184
0,0,5.439668e-06
0,0,0.0975409
0,0,3.8095077e-05
0,1,0.6287141
0,0,0.00033214956
1,0,0.07989275
0,0,8.353482e-05
0,0,4.5324946e-06
0,0,6.413864e-07
0,1,0.61149436
0,0,3.4943187e-05
0,0,7.8616344e-05
0,0,5.7463644e-06
0,0,2.5108275e-05
0,0,0.014460982
0,0,0.45270446
1,1,0.9376857
0,0,0.41861632
0,0,6.872264e-06
0,0,0.015876958
0,0,6.0366354e-05
0,0,0.31664518
0,0,0.0012108767
0,0,4.043245e-06
0,0,3.314626e-05
0,0,0.014196977
0,0,6.598019e-05
0,1,0.7975784
1,1,0.99999785
0,0,0.0031662756
0,0,5.358162e-07
0,1,0.5408543
0,0,2.1792582e-06
0,0,0.00040860949
0,0,3.255273e-05
0,0,8.83468e-05
0,0,9.658351e-06
0,0,0.35820764
0,0,0.0001274054
0,0,1.512196e-07
1,1,0.9999703
0,0,0.0002682321
0,0,1.3993294e-06
0,0,9.372194e-05
0,0,0.16067734
0,0,0.0591442
0,0,0.000106879415
0,0,0.0008722603
0,0,7.8322205e-07
0,0,3.057086e-07
1,1,0.99999845
0,0,0.0005817198
1,1,0.99999905
0,0,4.4525692e-05
0,0,6.3114317e-06
0,0,8.831749e-05
0,0,2.0342435e-05
0,0,6.923207e-05
1,1,0.99998224
0,0,8.3131534e-05
0,0,3.6433514e-05
0,0,0.00013146846
1,1,0.9999801
1,1,0.99997675
0,0,1.468497e-06
0,0,1.2724826e-07
0,1,0.51422423
0,0,2.1432552e-06
0,0,0.00013654774
0,0,0.02294968
0,0,1.1337263e-06
0,0,0.45472676
0,0,4.2190888e-05
0,0,8.421323e-05
0,0,0.0008052338
0,0,0.0070849936
0,0,0.020287603
0,0,2.8980642e-07
0,0,0.47500762
0,0,0.14519556
0,0,5.5764714e-05
0,0,3.331377e-05
0,0,4.5375276e-05
0,0,1.3562595e-05
0,1,0.6461895
0,0,0.48555952
0,0,0.04302501
0,0,0.00022171764
0,0,0.00011358823
0,0,8.647573e-05
0,0,0.30360886
0,0,6.5607564e-05
0,0,0.0027483932
1,1,0.99886537
0,0,0.089224376
0,0,5.2450912e-05
0,0,1.451066e-06
0,0,0.052689444
0,0,2.965829e-05
0,0,0.17721821
0,0,0.0058242874
0,0,3.1638817e-06
0,0,1.946975e-05
0,0,5.342709e-06
0,0,0.0002472885
0,0,6.732316e-05
0,0,2.2586406e-07
0,0,0.31330794
0,0,4.665495e-05
0,0,2.5880704e-06
0,0,4.662293e-05
0,0,0.06052669
0,0,0.011473836
0,0,2.1196356e-06
0,0,6.677986e-05
1,1,0.9213905
0,0,0.2960474
0,0,9.7145985e-06
0,0,1.5027895e-06
0,0,2.6887174e-06
0,0,6.7944034e-06
0,0,0.40269595
0,1,0.702489
0,0,2.5246725e-06
0,0,5.321311e-06
0,0,0.03586309
0,0,6.895353e-06
0,0,0.08855664
0,0,0.0037700746
0,0,2.2771834e-05
0,0,0.032542814
1,1,0.9999771
0,0,0.25149935
0,0,2.7489028e-07
0,0,1.0182778e-05
0,0,0.058229916
0,0,2.0606516e-05
0,0,0.0001577744
0,1,0.5843789
0,0,1.7966161e-06
0,0,0.039809376
0,0,0.41981137
0,0,0.0038078607
0,0,4.6103294e-05
0,0,9.757322e-05
0,0,0.06474301
0,0,3.4884201e-06
0,0,3.877775e-06
0,0,0.0019715447
0,0,0.1856914
0,1,0.7137666
1,1,0.9999685
1,1,0.99999833
0,0,0.0054914565
0,0,2.5453122e-05
0,0,0.16595738
0,0,0.16794339
0,0,0.003327758
0,0,3.915564e-08
0,0,0.19106817
0,0,0.062010203
0,0,0.28825477
1,1,0.99995697
0,0,0.023545537
0,0,9.247658e-05
1,1,0.99994075
0,0,2.1892455e-07
0,0,8.921981e-06
0,0,0.1985128
1,1,0.9999068
0,0,2.3574798e-05
0,0,0.3870556
0,0,7.429909e-05
0,0,0.15005615
0,0,0.000118326265
0,0,4.2471265e-06
0,0,8.444152e-05
0,0,0.26751745
0,0,4.0892864e-05
0,1,0.55312335
0,0,0.00074755127
0,0,6.3497595e-08
0,0,0.00011044886
0,1,0.5347992
0,1,0.6052039
0,0,1.9998204e-05
0,0,3.7318994e-06
0,0,0.00012030923
1,0,0.45986867
0,0,1.8166302e-05
0,0,1.4635221e-05
0,0,6.445309e-05
0,0,1.8137947e-05
0,0,3.721693e-05
0,0,5.2058396e-05
0,0,0.00015538797
0,0,5.818164e-05
0,0,6.277576e-06
0,1,0.8572353
0,0,6.9385004e-07
0,0,2.9324596e-05
0,0,5.4621614e-05
0,0,2.3096793e-07
0,0,7.2177005e-05
0,0,1.334824e-07
0,0,5.7736434e-05
0,0,0.31442842
0,0,0.39908087
0,0,0.14583875
0,0,0.00012576587
0,0,0.00015300071
0,0,0.017202746
0,0,5.8269758e-05
0,0,2.5011248e-05
0,0,1.3061422e-06
1,1,0.8203944
0,0,6.15637e-07
0,0,0.00036542016
0,0,0.29923812
0,0,6.7752626e-07
0,0,0.025595605
0,0,0.04657439
0,0,0.17979053
0,0,0.15400834
0,0,0.0011622416
0,0,2.2211448e-06
0,0,5.4284483e-06
0,0,0.20741427
1,1,0.999967
0,0,4.4856926e-05
0,0,3.2518907e-05
0,0,2.2555809e-05
0,0,3.4313096e-05
1,1,0.66153574
0,0,0.0068629063
0,0,3.7150836e-05
0,0,3.0896567e-06
0,0,0.25143903
0,0,0.04293214
0,0,0.049045987
0,0,1.0869754e-07
0,0,5.0382667e-05
1,1,0.99989974
0,0,4.2137335e-06
0,1,0.545723
0,0,3.4470158e-06
0,0,5.2392472e-05
0,0,0.015237105
0,0,0.26702654
0,0,0.00020644137
0,0,4.5007364e-06
0,0,1.9414922e-05
0,0,0.42963424
0,0,0.22271557
0,1,0.5831979
1,1,0.9999621
0,0,0.0007370049
0,0,0.10138519
0,1,0.6676979
0,0,0.49001133
0,0,4.073787e-06
0,0,4.0927778e-05
0,0,0.27833042
0,0,7.782894e-05
1,1,0.9999306
0,0,0.0011217251
0,0,0.09079583
0,0,0.00011491989
0,0,2.0070118e-05
0,0,9.301714e-05
0,0,5.321786e-07
0,0,5.3594217e-06
0,0,0.033153623
0,0,0.059851322
0,0,8.0573824e-05
0,0,5.037849e-06
0,0,0.016493434
0,0,4.287088e-05
0,0,0.03243888
0,0,7.4986536e-05
0,0,2.2564261e-06
0,0,5.734763e-07
0,0,1.3321537e-05
1,1,0.99999905
0,0,8.012078e-06
0,0,1.3802071e-06
0,0,0.11187492
0,0,2.6579288e-05
0,0,0.00996134
0,0,1.1029958e-05
0,0,5.403496e-06
0,0,6.687685e-05
0,0,0.01275702
0,0,0.026755203
0,1,0.7248903
0,0,0.1605067
0,0,0.00017057748
0,0,0.054315336
0,1,0.54556525
0,0,0.007999281
0,0,6.164378e-05
0,0,0.3972216
0,0,2.0116997e-06
0,0,3.7659964e-05
0,0,3.641691e-05
0,0,0.00016280485
0,0,1.863795e-05
0,0,1.3128585e-05
0,0,0.0025825077
0,0,0.46401167
0,0,3.1381616e-05
0,0,1.1757506e-06
1,0,0.2025631
0,0,3.1648324e-06
0,0,0.22221525
0,0,7.650158e-05
0,0,8.012224e-06
0,0,5.599727e-05
0,0,0.31132162
0,0,0.40813375
0,0,2.8915905e-05
0,0,5.746328e-05
0,0,0.06423023
0,1,0.773626
0,0,2.0137566e-05
0,0,6.8489e-05
1,1,0.94323623
0,1,0.7945155
0,0,2.4945408e-05
0,0,4.3545097e-05
0,0,0.49763015
0,0,1.31055685e-05
0,0,7.39957e-06
0,0,5.8986e-06
0,0,1.5764365e-06
0,1,0.5797319
0,0,1.161444e-05
0,0,2.1671342e-05
0,0,5.288748e-05
0,0,4.6154764e-06
0,0,0.30259562
0,0,2.7161852e-06
0,0,0.3001982
0,0,8.488418e-05
0,0,0.00035791693
0,0,8.2073755e-05
0,0,0.00026639583
0,0,0.06835375
0,0,4.2183965e-05
0,0,8.331827e-05
0,0,5.701161e-05
0,0,6.5301036e-05
0,0,0.25452554
0,0,2.0312225e-06
0,0,0.014145689
0,0,3.4838773e-05
0,0,1.17490945e-05
0,0,0.26304618
0,0,1.5322717e-05
0,0,2.1090265e-05
0,0,0.00011855295
0,1,0.5756846
0,0,0.07318219
0,0,1.5308256e-05
0,0,0.21150815
0,0,0.24289781
0,0,4.1744643e-06
0,0,5.29701e-07
0,0,0.3650208
0,0,0.12466936
0,0,3.2395626e-06
0,0,0.2261194
0,0,1.8512603e-05
0,0,0.001099498
0,0,0.0063792383
0,0,1.7407774e-06
1,1,0.9999988
0,0,0.2561024
0,0,0.00012734928
0,0,0.000101828315
0,0,0.00014562631
1,1,0.99999964
0,0,6.731591e-05
0,0,8.25274e-06
0,0,4.061487e-05
0,1,0.60288614
0,1,0.6343097
0,0,9.5788506e-05
0,0,2.537184e-05
0,0,0.085798435
1,1,0.9999782
0,0,0.49343604
0,0,0.027568817
0,0,5.390781e-05
0,0,0.18192996
0,0,1.8354704e-05
0,0,0.20613077
0,0,4.0077448e-05
0,0,4.4402004e-05
0,0,0.00016660924
0,0,1.0832722e-06
0,0,1.6678235e-06
0,0,6.637379e-06
0,0,0.053392883
0,0,6.9604175e-07
0,0,0.009802516
0,0,0.22372618
0,0,9.3453404e-05
0,0,0.0010428006
0,0,3.4705104e-07
0,0,8.8323715e-05
0,0,6.4797394e-05
0,0,0.006746504
0,0,0.020973012
0,0,0.006222522
0,0,2.949789e-07
0,0,0.00014422782
0,0,0.113214165
0,0,0.40165484
0,0,9.07888e-05
1,0,0.07829845
0,0,0.20947552
0,0,4.0424857e-06
1,1,0.9999229
0,0,2.1732354e-05
0,0,5.5171665e-07
0,0,0.1671627
0,0,5.8808287e-06
0,0,0.0023418497
0,0,0.003615706
0,0,0.016729653
1,1,0.9999254
0,0,1.7544924e-06
0,0,9.697198e-05
0,0,3.5319579e-06
0,0,9.49359e-05
0,0,5.9456823e-05
0,0,1.3123639e-06
0,0,5.3983094e-06
0,0,6.011073e-05
0,0,1.2453847e-05
0,0,7.8569985e-07
1,1,0.9999995
0,0,3.0936735e-05
0,0,0.028370356
0,0,0.23406333
0,0,3.379826e-06
0,0,8.615766e-06
0,0,6.7802926e-06
0,0,0.08184993
0,0,0.00013840961
0,0,0.012340051
0,0,0.20335831
0,0,0.00013215937
0,0,5.243976e-05
0,0,0.0019523118
0,0,4.8332044e-05
0,0,1.2306529e-06
0,0,0.00096642226
0,0,0.08886812
0,0,0.00087974285
0,0,0.00018397796
0,0,4.4945522e-05
0,0,7.4513795e-05
0,0,1.1087243e-05
0,0,0.009336248
0,0,0.00023670521
0,0,1.5781514e-07
0,0,0.012180293
0,0,4.8956004e-05
0,0,2.1767407e-06
0,0,0.0002297758
1,1,0.9999906
0,0,0.34594002
1,1,0.9999244
1,1,0.9999747
0,1,0.7364083
0,0,5.2172898e-05
0,0,0.00017673468
0,0,2.1770978e-05
0,1,0.62274814
0,0,6.835126e-05
1,1,0.99996567
0,0,0.003569208
0,0,2.544265e-06
0,0,3.1878553e-05
0,0,0.042687926
0,0,2.4691328e-06
1,1,0.9999517
0,0,0.00018939118
0,0,4.479297e-06
0,0,5.287348e-06
0,0,0.039267804
0,0,0.22889148
1,1,0.999949
0,0,3.0309344e-05
0,0,4.735959e-06
0,0,0.014843268
0,1,0.6757361
0,0,5.986811e-05
0,0,8.227279e-05
0,1,0.66574
0,0,0.3705344
0,1,0.7391317
0,0,4.34613e-07
0,0,0.13820781
0,1,0.86037
0,0,1.5455946e-07
0,0,0.035161253
0,0,6.787305e-08
0,0,0.0007265855
0,1,0.79278976
0,1,0.51421016
0,0,0.3809406
0,0,6.527669e-05
0,1,0.8107209
0,0,0.0044810786
0,0,1.19371625e-05
0,0,0.40873173
0,1,0.52230036
0,1,0.8658631
0,0,6.2767317e-06
0,0,2.2133056e-05
0,0,6.551316e-05
1,1,0.9999199
0,0,0.029509818
0,0,4.1837426e-05
0,0,3.816939e-07
0,0,0.0001451104
0,0,0.32137206
0,0,0.0009585105
0,0,5.0967683e-05
0,0,1.4555411e-05
0,0,4.283177e-06
0,0,0.004272342
0,0,4.4674514e-05
0,0,0.000101974845
0,0,3.332766e-05
1,1,0.99991906
0,0,7.495229e-05
0,0,0.48468882
0,0,6.0806316e-05
0,0,1.4618249e-06
0,0,9.175979e-05
0,0,2.5791145e-05
0,0,7.214659e-05
0,0,0.0072268466
0,1,0.6872471
0,0,0.21175645
0,0,5.6314995e-05
0,1,0.77325976
0,0,0.3738789
0,0,3.186421e-05
0,0,0.4146367
0,0,0.00020543522
0,0,0.00018431718
0,0,6.069306e-07
0,0,0.0027980357
1,1,0.99998
0,0,0.015148482
1,1,0.61960316
0,0,4.3094673e-07
0,0,0.11884755
0,0,5.1580297e-05
0,0,3.8562825e-07
0,0,2.0976595e-05
1,1,0.999979
0,0,0.27205685
0,0,3.504724e-05
0,0,0.3251717
0,0,1.1104491e-06
0,0,0.0018446284
0,0,1.4933852e-05
0,0,0.00010833709
1,1,0.9999993
0,1,0.5499253
0,0,0.49255842
0,0,9.000604e-06
0,0,1.6817784e-06
0,0,0.00022450263
0,0,0.0005540288
0,0,4.941987e-05
1,0,0.43202186
0,0,0.14757209
0,0,1.1050666e-06
0,0,2.7092416e-05
0,0,0.34383178
0,1,0.7915939
0,0,7.46935e-05
0,1,0.7411215
1,1,0.9999995
0,0,2.6694815e-05
0,0,1.0189647e-06
0,0,0.0003274672
1,1,0.99996936
0,1,0.602767
0,0,8.1276914e-05
0,0,0.13768907
1,1,0.99997103
0,0,0.00012975215
0,0,1.4670689e-05
0,0,3.032655e-06
0,0,0.00012596355
0,0,7.0608294e-06
0,0,9.534307e-05
0,0,2.1940087e-07
0,0,0.11517127
0,0,4.4440894e-05
0,0,0.012955775
0,0,2.049791e-06
0,0,2.0065936e-06
0,0,7.4891573e-06
0,1,0.8905368
0,0,0.00090766384
0,0,4.6855326e-05
0,0,0.015177611
0,0,1.8156268e-06
0,0,4.055271e-05
0,0,0.18472356
0,0,2.0344181e-05
0,0,1.4826775e-06
0,0,0.2697501
0,0,0.000114164286
0,0,0.00012952939
0,0,4.211865e-05
0,0,2.1632295e-05
0,0,0.15986419
0,0,0.0055903704
0,0,1.1606579e-05
0,1,0.64463156
0,1,0.5402665
0,0,0.0044324687
0,0,7.466544e-05
0,0,6.8911913e-07
0,0,0.00012829866
1,1,0.85432076
0,0,0.036270574
0,0,0.038418286
0,0,0.1476154
0,0,2.2982913e-05
0,0,0.011453967
0,0,1.3190418e-05
0,0,0.00026204262
0,0,1.1439288e-06
0,0,3.3867468e-06
1,1,0.5433585
0,0,1.8790471e-06
0,0,1.1123284e-05
0,1,0.5919552
0,0,0.0001258639
0,0,1.1062688e-05
0,0,6.8260335e-05
1,0,0.3273167
0,0,3.0041325e-05
0,0,5.4485572e-05
0,0,0.008781321
0,0,0.028489085
0,0,5.398433e-06
0,0,0.004968083
0,0,0.040027052
0,0,5.7454713e-06
0,0,3.0628675e-05
0,0,0.31588352
0,0,9.760259e-06
0,0,0.00043963795
0,0,2.7500919e-05
0,0,0.0027120549
0,0,0.0006668294
0,0,5.4330167e-06
0,0,0.34585586
0,0,2.7834107e-05
1,0,0.27977338
0,0,0.0759477
1,0,0.20669487
0,0,7.385927e-05
0,0,3.4244073e-07
0,0,8.702875e-05
0,0,1.220801e-05
0,0,0.20019439
0,0,0.19737379
1,1,0.8955532
0,0,0.008795165
0,0,2.5135586e-07
0,0,3.570198e-05
0,0,1.9657418e-06
0,0,2.1203543e-05
1,1,0.9999993
0,0,6.607791e-05
0,0,5.818624e-05
0,0,0.0070901345
0,0,0.025469799
0,1,0.61455476
0,1,0.60674983
0,0,0.10836428
0,0,0.0006385719
0,0,0.12241762
0,1,0.7756911
0,0,6.960562e-05
0,0,0.015481619
0,0,0.13572842
0,0,0.19888659
1,0,0.20082693
0,0,0.13056907
0,0,0.00783936
0,0,5.7250887e-05
0,0,0.033843722
0,0,0.06930614
1,1,0.9999734
0,0,0.41867512
0,0,0.037815116
0,0,4.0249593e-06
0,0,8.957396e-05
0,0,0.0069813365
0,0,7.934297e-05
0,0,0.00016514478
0,0,0.098561324
0,1,0.71850675
0,0,1.4465384e-06
0,0,5.4133037e-05
0,0,0.31174174
0,0,0.0013548345
0,0,3.6239155e-05
0,0,5.9044527e-05
0,0,0.38246652
0,0,2.8637758e-06
0,0,0.019749656
0,0,9.488974e-05
0,0,2.4473047e-06
1,1,0.7946459
0,0,7.39492e-05
0,0,5.2309747e-06
0,0,2.1962131e-07
0,0,5.818158e-05
0,1,0.85226876
0,0,0.0012571207
0,0,3.8186045e-05
0,0,0.00014231063
0,0,1.0801516e-06
0,0,0.0034539157
0,0,3.8865383e-06
0,0,5.0042687e-05
0,0,8.696595e-05
0,0,0.009965357
0,0,3.0174174e-06
0,0,0.00011193867
0,0,6.110102e-05
0,0,0.005145737
0,1,0.8158216
0,0,7.45047e-05
1,1,0.80844355
0,0,5.9761052e-05
0,0,1.16802075e-05
0,0,8.574761e-07
0,0,4.968278e-05
0,1,0.68374604
1,1,0.9998043
0,0,0.23509724
0,0,3.9906063e-06
0,0,4.1095964e-06
0,0,0.020022837
0,0,7.5874945e-05
0,0,0.0010340445
0,1,0.7483789
0,0,1.1751962e-05
0,1,0.644828
1,0,0.15306482
0,0,0.007268453
0,0,1.0590313e-06
0,0,5.9837527e-07
0,0,7.850187e-05
0,0,0.42692572
0,0,0.00012177425
0,0,1.0692191e-06
0,0,0.00044176934
0,0,1.5719147e-06
0,0,0.00013008366
0,0,0.37015802
0,0,5.770352e-05
0,0,0.36993396
0,0,0.22093411
0,0,6.880092e-05
0,0,0.2917019
0,0,0.436264
0,0,0.38687477
0,0,0.1614226
0,0,7.340749e-05
0,0,0.00039111843
0,0,3.2975284e-05
0,0,3.5922978e-05
0,0,2.9951358e-05
0,0,0.0866651
0,0,2.1151486e-06
0,0,0.00020760894
0,0,3.1015486e-05
0,0,5.562227e-06
0,0,8.4743815e-06
0,1,0.7910711
0,1,0.6451563
0,0,8.207468e-06
0,1,0.5427205
0,0,1.5030735e-06
0,0,4.8293066e-05
0,0,3.0764754e-06
1,1,0.99999833
0,0,0.008600662
0,0,0.4198669
0,0,6.172918e-06
0,0,4.4878318e-05
0,0,0.006701016
0,0,4.4581034e-06
0,0,0.05577577
0,0,2.171664e-07
0,0,4.1608284e-05
0,0,6.999287e-05
0,0,7.455922e-05
0,0,5.067386e-06
0,0,0.3983318
1,1,0.9999989
0,0,3.0512304e-06
0,0,0.0065561784
0,0,4.0478604e-05
0,0,4.4097765e-06
0,0,0.16846398
1,1,0.79166925
0,0,1.2073001e-05
0,0,6.1544924e-05
0,0,0.040757697
0,0,0.000118117605
0,0,0.26982674
0,0,3.914995e-05
0,0,0.4972873
0,0,1.5843613e-06
0,0,2.1545557e-05
0,0,7.148824e-05
0,0,2.8957706e-06
0,0,6.6480984e-06
0,0,4.4145218e-05
0,0,5.729936e-07
0,0,5.409683e-06
0,0,0.0007941025
0,0,4.0923096e-05
0,0,7.987779e-07
1,1,0.9999809
1,1,0.99995553
1,1,0.6855786
0,0,4.0358136e-06
0,0,1.3715261e-06
0,0,1.5790918e-05
1,1,0.99999034
0,0,6.2658646e-06
0,0,4.897817e-06
0,0,7.722103e-05
0,0,0.14592767
0,0,2.8943157e-06
0,0,7.336698e-05
0,0,2.5830133e-05
0,0,4.9178077e-05
0,0,0.0019517776
0,0,1.7119308e-05
0,0,3.6099168e-06
0,0,3.7160492e-06
1,1,0.99999964
0,1,0.64844525
0,0,4.5739038e-05
0,0,3.848788e-05
0,0,1.2134016e-06
0,0,0.0067154085
0,0,0.33931303
0,0,0.06639073
0,0,4.055271e-05
0,0,0.047845148
0,0,3.8037106e-05
0,0,1.2977342e-05
0,0,2.1597375e-06
0,0,1.789229e-05
0,0,4.5529646e-06
0,0,0.105240256
0,0,9.2197415e-06
0,0,0.3290432
0,0,2.113745e-06
0,0,0.35448268
0,0,4.7137667e-07
0,0,0.4568575
0,0,0.16603993
0,0,6.284076e-05
0,1,0.74579275
0,0,7.956937e-05
0,0,0.14617862
0,0,1.1853803e-06
0,0,4.303124e-05
1,1,0.999998
0,0,6.4543994e-05
0,0,8.6829554e-05
0,0,2.4031417e-06
0,0,7.793277e-05
0,0,2.107021e-06
0,0,9.649075e-05
0,0,1.9872871e-07
0,0,0.006074614
0,0,6.0593244e-05
0,0,0.03248499
0,0,0.00016141815
0,0,2.8414159e-05
1,1,0.99996066
1,1,0.9999831
0,0,0.00012547587
0,0,4.7646167e-06
0,0,1.12387156e-07
0,0,3.7350903e-05
1,1,0.999969
0,1,0.8402078
0,0,0.00023879953
0,0,2.657109e-07
0,0,0.0028520217
0,0,6.2915224e-06
0,0,0.27372473
0,0,5.3451455e-05
0,0,4.3217833e-06
0,0,4.8601592e-05
0,0,0.28845888
0,1,0.64451075
0,0,0.037747607
0,0,6.6321463e-06
0,0,8.462588e-05
0,0,0.11354554
0,1,0.74854136
0,0,2.9160257e-05
0,0,8.13499e-06
0,0,7.449014e-05
0,0,7.39492e-05
0,0,0.08258824
0,0,0.00015111051
1,1,0.999998
0,1,0.71764183
0,1,0.9332207
0,0,0.0024363664
0,0,7.55581e-06
0,0,9.502095e-06
0,0,3.5250225e-06
1,1,0.5325307
0,0,6.390606e-05
1,1,0.7760614
0,0,0.0011514445
0,0,4.887279e-05
0,0,0.016413014
0,0,0.00032972934
0,0,0.004784207
1,1,0.999979
0,0,5.447443e-07
0,0,0.0005474701
1,1,0.999998
0,0,2.4967732e-05
0,0,0.00042105137
0,0,1.9868621e-06
0,1,0.55677307
0,0,4.799317e-06
0,1,0.5625777
0,0,0.00018002818
0,0,6.0155457e-05
0,0,0.42825297
0,1,0.83881164
0,0,4.18775e-05
1,1,0.9999267
0,0,3.80696e-07
0,0,0.01780308
1,1,0.9999685
0,0,0.32584372
0,1,0.662717
0,0,0.023152461
0,0,7.726585e-06
0,0,2.723222e-06
1,1,0.99999833
1,1,0.9998306
0,0,2.5443376e-07
0,0,0.0015938348
0,0,7.385927e-05
0,0,0.31665906
0,0,6.00101e-06
0,0,7.0233575e-05
0,0,1.8693399e-06
1,1,0.9999726
0,0,0.038372263
0,0,4.5135108e-05
0,0,5.771066e-07
0,0,5.97721e-05
0,0,3.559021e-05
0,0,0.29698998
0,0,0.10372702
0,1,0.53630316
0,0,7.80118e-05
0,0,3.888055e-06
0,0,9.411307e-06
0,0,9.541041e-06
0,0,6.379407e-06
0,0,4.351546e-05
0,0,0.014827978
0,0,0.31083676
0,0,1.7646984e-06
0,0,2.9383998e-05
1,1,0.99998605
0,0,9.853367e-05
0,0,0.33281228
1,1,0.99999964
0,0,0.3262455
0,0,0.00021640596
0,0,1.8568104e-05
0,0,1.3116922e-05
0,0,7.8764315e-05
0,0,1.3818264e-05
0,0,0.00011908864
0,0,0.0149538405
0,0,4.0623894e-05
0,0,0.00071848225
0,0,6.130892e-05
0,0,7.7857745e-05
0,0,8.1929556e-07
0,0,0.05889877
0,0,1.4805715e-05
0,0,0.00010146231
0,0,0.0040452965
0,0,5.278001e-05
0,0,5.243976e-05
0,0,2.9272012e-05
0,0,6.0863e-05
0,0,3.33508e-05
0,0,0.004130593
0,0,0.019634603
0,0,0.022382053
0,0,8.437777e-05
0,0,1.7665843e-06
0,0,6.467646e-05
0,0,9.343549e-07
0,0,0.0037523357
0,0,1.560555e-05
0,0,0.033352964
0,0,5.7335005e-06
0,0,2.7806213e-06
0,0,5.8177367e-05
0,0,0.016016277
1,1,0.9999969
1,1,0.9999988
0,0,0.0034665107
1,1,0.99990404
0,0,0.27840495
0,0,0.47403926
0,0,0.00091753644
0,0,6.8300375e-05
1,1,0.9999858
0,0,0.3151516
0,0,0.0011836569
0,1,0.5526154
0,0,1.8808777e-06
0,0,0.0064378493
0,0,0.42183155
0,0,0.4891223
0,0,1.9292918e-06
0,0,1.7919754e-06
0,0,2.3786195e-06
0,0,1.7789456e-05
0,0,0.00170135
0,0,1.1884095e-05
1,0,0.41369852
0,0,4.1742987e-07
0,0,0.008157044
0,1,0.63283324
0,0,0.4180285
0,0,4.0654897e-05
0,0,6.4099535e-05
1,1,0.9999318
0,0,0.069292136
0,0,2.7113712e-05
0,0,1.2473507e-05
0,0,3.4552706e-06
0,1,0.7296826
1,1,0.9999912
0,0,0.18877165
0,0,5.7691635e-05
0,0,0.16604047
0,0,7.579323e-05
0,0,3.4669443e-07
0,0,7.744056e-05
0,0,4.6940154e-06
0,1,0.50168777
0,0,0.0002600302
0,0,3.934975e-05
0,0,4.0361232e-05
0,0,0.03514761
0,0,2.4654979e-05
0,0,4.7362835e-05
0,0,3.8721508e-05
0,0,3.8650337e-06
0,0,3.3475744e-06
0,0,0.09467927
0,0,3.73126e-05
1,1,0.9999987
0,0,1.2188676e-06
0,0,1.8066554e-06
0,0,7.484559e-06
0,0,1.173856e-06
0,0,3.7055354e-06
0,0,1.4814282e-06
0,0,2.1263431e-06
0,0,0.4670868
0,1,0.96380335
0,0,2.0192133e-06
0,0,0.33756498
0,1,0.5653021
0,0,1.4950496e-05
0,0,3.239349e-05
0,0,1.44229e-06
0,0,1.003883e-06
0,0,0.002321746
0,0,5.2503435e-07
0,0,0.3797945
0,0,0.1487826
0,0,0.0026415084
0,0,1.2755016e-05
0,0,1.2888278e-06
0,0,9.545742e-05
0,1,0.76508725
0,1,0.7164844
0,0,3.6166e-05
0,0,0.07624797
0,1,0.58226955
1,1,0.9999989
0,0,6.580721e-07
0,0,0.16029644
0,1,0.93447673
0,0,3.6417503e-05
0,0,5.435842e-05
0,0,3.1842624e-06
0,0,9.900185e-05
0,0,2.394983e-05
0,0,0.0013609437
0,0,0.02261786
0,0,0.0003590584
0,0,2.7861295e-06
0,0,0.029950757
0,0,2.630689e-05
0,0,4.809374e-06
0,0,7.0749724e-07
1,0,0.28029555
0,0,2.5123056e-06
0,0,0.00012500951
0,0,5.7435227e-05
0,0,0.034509547
0,0,0.0034320038
0,0,0.0014746548
0,0,8.193134e-06
0,0,1.8593122e-05
0,0,0.017366776
0,0,5.499901e-06
0,0,4.5616587e-05
1,1,0.99998116
0,0,4.472871e-07
0,0,0.33190337
0,0,1.2252706e-05
0,0,4.126801e-05
0,0,8.676781e-05
0,0,3.9976487e-05
0,0,3.9373852e-05
0,0,0.04147952
0,0,1.7519241e-06
0,1,0.5741697
0,0,6.9952905e-05
0,0,1.5838319e-05
0,0,0.0002719777
0,0,2.0245841e-05
0,0,3.8897673e-05
0,0,6.745824e-05
0,0,4.6147766e-06
0,0,8.848558e-06
0,0,8.134368e-05
0,0,0.0001252767
0,0,1.514316e-07
0,0,9.469935e-06
0,0,3.1341372e-07
0,0,2.7469084e-06
0,0,5.1513057e-06
0,0,0.23637563
1,1,0.99999285
0,0,1.51443055e-05
0,0,1.3963306e-05
0,0,0.0001934259
0,0,0.012244839
0,0,4.993186e-05
0,0,4.056663e-06
0,0,0.049496472
0,0,6.099402e-06
0,0,0.01330934
0,0,0.034261454
0,0,0.105761595
0,0,0.032939203
0,0,3.9117e-05
0,0,7.449042e-05
0,0,0.45967564
0,0,0.022327326
1,1,0.553628
0,0,0.1367674
0,0,9.285593e-05
0,0,0.00010865979
0,0,2.7132854e-05
0,0,0.25932792
0,0,0.30097514
0,0,0.006618737
0,0,0.004966153
0,0,0.22096734
0,0,1.03664e-06
0,0,0.0023089072
0,0,0.007743591
0,0,4.2411484e-06
0,0,4.89617e-05
0,0,0.00010495541
0,0,0.055830747
0,0,2.4543565e-06
0,0,2.9135852e-05
0,0,2.8884098e-05
0,0,0.056724943
0,0,0.00011033212
0,0,6.939983e-05
0,0,0.00011018703
0,0,2.3409351e-05
0,0,8.159671e-05
0,0,0.039813295
0,0,7.87357e-05
0,0,1.9754898e-06
0,0,8.815139e-05
0,0,0.07141321
1,1,0.8033478
0,1,0.79835194
0,0,0.06510108
0,0,0.18155548
0,0,0.0006425226
0,0,5.409683e-06
0,0,0.21038122
0,0,3.7851808e-07
0,0,0.0019694748
0,0,3.8784006e-07
0,0,0.07009942
0,0,3.085506e-05
0,0,0.097779684
0,0,0.19569427
1,1,0.99994135
0,0,6.3684042e-06
0,0,0.007309349
0,0,3.94211e-06
0,0,3.4837292e-06
0,0,0.027057964
0,0,0.18951067
0,0,3.7839247e-06
0,0,0.0015819978
0,0,3.595051e-06
0,0,1.715727e-06
0,0,0.011786121
0,0,2.1187564e-06
0,0,0.017049536
0,0,0.0005744518
0,0,4.1982104e-05
0,0,8.550649e-05
0,0,0.07328243
0,0,5.9589755e-05
0,0,0.39615905
0,1,0.78877234
0,0,3.5472935e-06
0,1,0.63800985
0,1,0.5535017
0,0,0.2537437
0,0,2.7110198e-06
0,0,7.3771706e-05
0,0,5.5675926e-05
0,0,1.6756355e-06
0,0,0.026312739
0,0,1.1177932e-06
0,0,0.07088407
0,0,1.1121512e-06
0,0,0.0005461747
0,0,6.3109865e-06
0,0,0.0017356591
0,0,1.309997e-05
0,0,5.8463934e-07
0,0,6.150185e-07
0,0,1.1185759e-05
0,0,1.7076647e-07
0,0,3.26955e-05
0,1,0.6783804
0,0,6.821914e-05
0,0,2.6263783e-06
0,0,4.304121e-05
0,0,3.8814455e-06
0,1,0.7729665
0,0,6.0227912e-06
0,0,0.00021887409
0,1,0.71575177
0,0,6.117583e-06
0,0,2.3969046e-06
0,0,0.025886398
1,0,0.43233463
0,0,0.00013891509
0,0,6.687271e-05
0,0,0.008258856
0,0,0.04195829
0,1,0.6074172
0,0,3.6483827e-05
0,0,5.9356036e-05
0,0,0.011653136
0,0,1.5092631e-05
0,0,1.7380637e-07
0,0,0.000767555
0,0,0.00010683447
0,0,6.478239e-07
0,0,0.005052948
0,0,2.7020375e-05
0,0,1.3309575e-05
0,1,0.6015342
1,0,0.46170738
0,0,7.568705e-06
1,1,0.79658985
0,0,1.7452523e-05
0,0,0.12723865
1,0,0.44005296
0,0,0.0021845647
0,0,0.43036684
0,0,0.005815445
0,0,2.352079e-05
0,0,0.025298798
0,0,0.00632172
1,0,0.348847
0,0,0.00022779121
0,0,0.26272264
0,0,3.429353e-05
0,0,3.4495704e-07
0,0,0.00415346
0,0,0.09047469
0,0,3.739428e-05
0,0,0.13815017
0,0,2.1638094e-05
0,0,5.311374e-06
0,0,5.85266e-05
0,0,0.0002185342
0,0,0.36951187
0,0,0.00022140668
0,0,8.085798e-06
0,0,8.111517e-05
0,0,8.6699816e-07
0,0,0.00038450866
0,0,0.0003110497
0,0,0.12694661
0,1,0.93953043
0,0,0.036461674
0,0,6.493355e-05
0,0,0.3692411
0,1,0.8044291
0,0,1.453143e-05
0,0,9.649075e-05
1,1,0.99997914
0,0,2.153633e-06
1,1,0.9999856
1,1,0.6675718
0,0,0.00022516631
0,1,0.7150414
0,0,0.4450071
0,0,0.42951745
0,0,9.1639384e-05
0,0,0.010746922
0,0,1.2053341e-05
0,0,3.0004874e-05
0,0,0.19209269
0,0,6.061867e-07
0,0,0.0063874945
0,1,0.6895411
0,0,8.7034e-07
0,0,8.2086975e-05
0,0,0.14268012
0,0,1.1853671e-05
0,0,5.678621e-05
0,0,1.2164477e-05
0,0,5.552294e-07
0,0,0.0058348747
0,0,0.36251396
0,0,1.1600703e-05
0,0,0.39643893
0,1,0.6780691
0,0,2.2403872e-06
0,0,2.6050426e-05
0,0,0.08270546
1,1,0.99996877
0,0,0.20565842
0,0,9.641046e-07
0,1,0.7251264
0,0,6.4875195e-07
0,0,1.00907e-06
0,0,0.0007460627
0,0,4.5007364e-06
0,0,9.4303046e-05
0,0,3.4580232e-06
0,0,0.016777968
0,0,0.011442375
0,0,0.026313959
0,0,0.05975892
0,0,4.319484e-06
0,0,0.000115123235
0,0,1.1251804e-05
0,0,6.35557e-05
0,1,0.64321107
0,0,0.4821065
0,0,8.580381e-07
0,0,8.79711e-05
1,1,0.76651794
0,0,4.5483207e-06
0,0,6.581517e-05
0,0,0.0866415
0,0,2.5506642e-06
0,0,0.045594137
0,1,0.6979735
0,0,6.9839196e-05
1,1,0.8319042
0,0,0.049093053
0,0,0.00014760366
0,1,0.73787934
0,0,3.5362484e-06
0,0,1.605257e-06
0,0,0.033125054
0,0,0.29855156
1,1,0.9999957
0,0,0.07498641
0,0,0.17706452
0,0,1.1507335e-06
0,0,9.80417e-05
0,0,1.0185227e-06
0,0,0.20753694
1,0,0.34772032
0,0,2.934715e-06
0,0,0.0024582914
0,0,0.038641945
0,0,6.9122675e-06
0,0,5.636799e-07
0,0,8.3920066e-05
0,0,5.0918035e-05
0,0,1.9281648e-05
0,1,0.6205483
0,0,0.41959286
0,0,0.020117708
0,0,0.006007157
1,1,0.99995947
0,0,0.0007729462
0,0,8.3916704e-05
0,0,4.3062766e-05
0,1,0.51699156
0,0,8.4514024e-05
0,0,2.483584e-05
0,0,2.0983478e-05
0,0,4.0315554e-06
0,0,0.0002219503
0,0,0.00014371754
0,0,3.9173761e-07
0,0,1.6047518e-06
0,0,3.085203e-05
1,1,0.9999995
0,0,2.3277084e-06
0,0,0.0032097204
0,0,4.2865853e-05
0,0,0.3503568
0,0,4.610966e-07
1,1,0.9999871
0,0,5.3766405e-07
0,0,7.3137024e-05
0,0,0.15727754
0,0,7.392979e-07
0,0,0.0042583137
0,0,0.10822866
0,0,0.26060295
0,0,9.1371385e-06
0,0,0.0092485845
0,0,1.1379366e-05
0,0,0.00012646626
0,1,0.50251174
0,0,4.273169e-06
0,0,0.00011622561
0,0,6.758716e-07
0,0,0.09226325
0,0,0.00016138506
0,0,0.44230077
0,0,0.0011393657
0,0,1.9761117e-06
0,0,3.5171393e-05
0,0,1.6042124e-05
0,1,0.88148576
0,0,4.6683213e-05
0,0,0.030178798
0,0,6.2730716e-05
0,0,5.5394445e-05
0,0,0.0077074543
0,0,5.887186e-06
0,0,3.406134e-05
0,1,0.7606526
0,0,1.47244555e-05
1,1,0.5224946
0,0,0.0031038327
0,0,0.0139575945
1,1,0.99995947
0,0,0.0064636613
0,0,0.00026941314
0,0,0.00014555968
0,1,0.87772304
1,0,0.2583787
0,0,0.004787134
0,0,5.153315e-06
0,0,0.2786735
0,0,0.013002737
0,0,0.115924805
0,0,0.058936153
0,0,0.000104910585
0,0,6.3948114e-06
0,0,0.012793036
0,0,0.00023772365
0,0,0.022084998
0,0,2.222753e-06
0,0,2.7012104e-06
0,0,1.255931e-06
0,1,0.53792316
0,0,1.1256128e-05
0,0,0.074268386
0,0,0.21470714
0,0,0.046451345
0,0,0.021425717
0,0,6.149997e-07
0,1,0.54004055
0,0,3.8293464e-07
0,0,3.3258373e-06
0,0,3.0171814e-05
0,0,4.7112506e-05
0,0,7.319667e-05
0,0,2.5795007e-05
0,0,0.00151218
0,0,5.950632e-07
0,0,0.018390173
0,0,0.3084457
0,0,0.39660308
0,0,0.40497202
0,0,1.0759204e-05
1,1,0.999979
0,0,0.16115762
0,0,0.37404466
0,0,5.5179495e-05
0,0,0.17225134
0,0,4.607635e-05
0,0,3.3184308e-05
0,0,0.28423533
0,1,0.5008027
0,0,0.09854499
0,0,1.1234808e-05
0,1,0.7131406
0,0,0.0006336168
0,0,1.652044e-07
0,0,3.4599947e-07
0,1,0.7473258
0,0,0.018659087
0,0,6.612146e-06
0,0,0.17166035
0,1,0.7878374
0,0,1.1300476e-06
0,0,6.4681345e-08
1,1,0.9999763
0,0,0.04872166
0,1,0.7202037
0,0,5.112238e-05
0,0,2.797781e-06
0,0,3.2359253e-06
0,0,0.13265382
0,1,0.55811745
0,0,0.17888963
0,0,0.42722812
0,0,8.231172e-06
0,0,0.03251661
0,0,6.266453e-05
0,0,1.8744241e-06
0,0,0.37155956
0,0,2.2450076e-05
1,1,0.8253122
0,0,1.0145905e-06
0,0,2.031576e-05
0,0,5.82797e-05
0,0,1.3627523e-05
0,0,4.215091e-05
0,0,0.0068809157
0,0,0.076343015
0,0,2.8486718e-06
0,0,0.23219343
0,0,0.41191283
0,0,8.189689e-06
0,0,1.4726622e-06
0,0,0.00033384925
0,0,1.22120855e-05
1,1,0.90533954
0,0,0.00011271362
0,0,4.7476664e-07
0,0,6.492661e-05
0,0,8.377035e-06
0,0,6.465833e-05
0,0,2.3484718e-06
1,1,0.99999833
0,0,8.923972e-06
0,0,3.5684076e-05
0,0,5.867804e-05
1,1,0.9999887
0,0,0.42490512
0,0,6.608919e-05
0,0,2.6221187e-06
0,0,3.4238732e-05
0,0,7.9793295e-05
1,1,0.99999917
1,1,0.5346927
0,0,8.537475e-05
0,0,0.16344711
0,0,0.013088776
0,0,0.0029540535
0,0,1.4060273e-06
0,0,0.00030231784
0,0,0.390111
0,0,0.0070485105
0,0,8.369465e-06
0,0,0.37570772
1,1,0.9999964
0,0,6.443772e-05
0,0,2.9271789e-05
1,0,0.48615012
0,0,8.382656e-05
0,0,0.0032185013
0,0,0.0019244609
0,0,0.19947484
0,0,0.00018786172
1,1,0.9999826
0,0,0.15060954
0,0,0.049358763
0,0,1.2346497e-06
0,0,9.43369e-06
0,1,0.6860507
0,0,7.187069e-05
1,1,0.99998236
0,0,4.5041503e-05
0,0,0.078504704
0,0,1.05809395e-05
0,0,3.5564324e-05
0,0,2.1288561e-07
0,0,7.929615e-05
0,0,0.27838627
0,1,0.64057803
1,1,0.9999682
1,1,0.9999645
0,0,8.7601846e-05
0,0,0.054907456
0,0,0.42309198
0,0,4.6049336e-05
0,0,0.00027928362
0,0,5.838996e-05
0,1,0.71665597
0,0,0.3967155
1,1,0.99998057
0,0,0.051086448
0,0,9.840006e-05
0,0,0.24089529
0,0,0.0016168985
0,0,1.5744183e-05
0,0,1.3309575e-05
0,0,0.12457714
0,0,0.014379268
0,0,0.039227173
0,0,1.3988397e-06
0,1,0.7055526
0,0,5.754235e-05
1,1,0.99998736
0,0,1.7786374e-06
0,0,4.981878e-06
0,0,6.0128612e-05
0,0,1.6149836e-05
0,0,5.8300525e-06
0,0,0.37044957
0,0,2.5750618e-05
0,0,0.00011907853
0,0,0.060804047
0,0,0.0034116826
1,1,0.9999927
0,0,0.00012656253
0,0,8.301517e-07
0,0,3.38419e-06
0,0,5.893107e-07
0,0,3.80844e-05
1,1,0.99997723
1,1,0.99998355
0,0,7.816507e-06
1,1,0.9999589
0,0,3.2918884e-05
0,0,8.800374e-05
0,0,0.07335632
0,0,0.00010891675
0,0,7.3057694e-05
0,0,3.8539925e-05
0,0,8.6544674e-07
0,0,9.890172e-06
0,0,2.4386043e-05
0,0,9.284257e-06
1,0,0.012768886
0,0,2.8651227e-06
0,0,3.8529774e-06
0,0,0.0029449514
0,0,0.0011204841
0,0,1.8706132e-06
0,0,7.570669e-05
0,0,7.2898833e-06
1,1,0.9999753
0,1,0.56338865
0,0,0.00081226137
0,0,7.490865e-06
0,0,0.0001276076
0,0,0.00014725362
0,0,6.8761954e-05
0,0,5.324829e-06
0,0,7.296139e-07
0,0,1.1442027e-06
0,0,0.00015317631
0,0,0.008153903
1,1,0.7953773
0,0,0.30561513
0,1,0.89566827
0,1,0.5808141
0,0,1.0183848e-06
0,0,9.854431e-07
0,0,0.04606037
0,1,0.6585735
0,0,1.3559634e-05
0,0,0.06421377
0,0,1.1342183e-05
0,0,0.00035270178
0,0,0.010585241
1,1,0.99998033
0,0,0.05333328
0,0,0.00012129007
0,0,1.6988259e-05
0,0,0.0018392081
0,0,3.9260376e-06
0,0,0.007331956
0,0,0.009763893
0,0,4.2174637e-05
0,0,7.305922e-05
0,0,1.188908e-06
0,1,0.52837586
0,0,0.2625194
0,0,1.6710743e-05
0,0,2.6418138e-05
1,0,0.3153217
0,0,0.00015515019
0,1,0.8156749
0,0,2.5121858e-06
0,0,1.0345934e-05
0,0,0.32048345
0,0,2.6102623e-06
0,0,7.177828e-05
1,1,0.99995077
0,0,0.01107394
1,1,0.9999579
1,1,0.99998975
0,0,3.200164e-05
0,0,4.019617e-07
0,0,4.3605087e-06
0,0,0.05503266
0,0,1.0467787e-05
0,0,7.95655e-05
0,0,0.011689136
0,0,4.0751627e-05
0,0,7.208935e-07
0,0,0.2196912
0,1,0.6911558
1,0,0.31799775
0,0,0.00010929316
0,0,7.0163216e-05
0,0,0.00015548845
0,0,0.00017852952
0,0,5.3908293e-06
0,0,2.3119167e-06
0,0,7.755008e-05
0,1,0.76403016
0,0,0.00011440175
0,1,0.81185013
0,0,5.2934658e-05
0,0,6.257442e-05
1,1,0.85540634
0,0,0.00010775724
0,1,0.55000967
0,0,0.27836
0,1,0.6659585
0,0,0.010323791
1,1,0.999828
0,0,3.5350116e-05
0,0,1.5674508e-06
0,0,7.145601e-05
0,0,7.211e-05
0,0,1.6785416e-06
0,0,0.00021273659
0,0,3.615148e-05
0,0,1.6470902e-05
0,0,0.00010759614
0,0,1.1093102e-06
0,0,0.00024501624
0,0,0.15210676
0,1,0.636034
0,0,0.06890109
1,0,0.42801917
0,0,5.676964e-05
0,0,3.9254403e-05
1,1,0.999944
0,0,2.4458254e-06
0,0,8.418632e-06
0,0,3.1060335e-07
0,0,8.721368e-05
0,0,0.00011577143
1,1,0.99989486
0,0,1.6444377e-05
0,0,2.5918496e-05
0,0,0.37374735
0,0,1.2795354e-05
0,0,7.180396e-05
0,0,0.056186587
0,0,4.2688168e-07
0,0,1.6411944e-06
0,0,0.00013965218
0,0,0.33436394
0,0,0.00069776404
0,1,0.6408167
0,0,0.015901959
0,0,6.3707885e-05
0,0,0.00015798185
0,0,0.000116096446
1,1,0.99997485
0,0,0.0070082303
0,0,6.658648e-05
0,0,0.000314165
0,0,1.3945778e-05
0,0,2.7719664e-06
0,1,0.61328554
0,0,7.07431e-06
1,1,0.99995255
0,0,1.3553401e-05
0,0,1.9562812e-07
0,0,3.139901e-06
0,1,0.712891
0,0,0.29470402
0,0,0.0027849611
0,0,0.2733707
0,0,0.48592395
0,0,7.0900445e-05
0,0,0.011461522
0,0,0.054648165
0,0,5.6237363e-06
0,0,0.23280843
0,0,3.692563e-05
0,0,5.110152e-05
0,0,1.3155042e-05
0,1,0.6890964
0,0,1.3705057e-05
0,0,5.2665036e-06
0,0,0.013959412
0,0,0.014222166
0,0,3.499178e-07
0,0,0.0138660865
0,0,6.524594e-05
0,0,6.2177224e-07
0,0,1.3687189e-05
0,0,8.425635e-06
1,0,0.49970794
0,0,7.823794e-06
0,0,0.1247648
0,0,5.625834e-06
0,0,1.2258714e-06
0,0,1.2308875e-05
0,0,1.1440812e-05
0,0,1.2491843e-06
0,0,0.0030833976
0,0,2.0679698e-07
0,0,7.8616344e-05
0,0,1.2709634e-06
0,0,9.126456e-05
0,0,4.732973e-08
0,0,2.2843328e-06
1,1,0.9999989
0,0,2.949412e-07
0,0,0.44650105
1,1,0.9999989
0,1,0.6509377
0,0,0.00023477338
1,1,0.99994886
0,0,0.00012719286
0,0,6.8755094e-06
0,0,9.8275144e-05
0,0,0.009483617
0,0,0.3939131
0,0,0.010556245
0,0,0.00010494981
0,0,1.1538144e-05
0,0,0.007475902
0,0,4.9299506e-06
0,0,6.662205e-05
0,0,9.014812e-06
0,0,0.4675306
0,0,8.6352615e-05
0,0,1.5669439e-05
0,0,5.2317328e-06
0,1,0.8131605
0,0,2.1081507e-06
0,0,0.00013343897
0,0,0.070737
0,0,2.2191207e-06
0,0,8.075319e-07
0,0,2.0778473e-06
0,0,0.19711463
0,1,0.662133
0,0,1.2704877e-05
0,0,0.025505465
0,0,0.009958326
0,0,1.5713029e-05
0,0,8.467948e-05
0,0,0.00015204564
0,0,0.0019411193
1,1,0.864918
1,0,0.39301103
0,0,7.316659e-07
0,0,0.2531659
0,0,0.25876445
0,0,6.135292e-06
0,0,3.208341e-05
0,0,0.0029871457
0,0,8.787804e-05
0,0,2.9824369e-06
0,0,4.4631164e-05
0,0,3.5615503e-05
0,0,1.161922e-06
0,1,0.8252574
0,0,5.4916336e-07
0,0,0.0043404405
0,0,0.16511814
0,0,0.0003036307
0,0,0.00031166148
0,0,2.5835034e-06
0,0,0.004965948
0,0,0.06757894
0,0,0.0019517174
0,0,7.798318e-06
0,0,6.173715e-07
0,0,7.278137e-06
0,0,0.002677534
0,0,0.026038498
0,0,8.426324e-08
0,0,0.30782813
1,1,0.99999964
0,0,3.5509386e-06
0,0,5.882422e-05
0,0,1.260451e-06
0,1,0.5566964
0,0,1.1047843e-05
0,0,0.00011348613
0,0,2.357136e-05
0,0,6.202671e-06
1,1,0.99999976
0,0,2.2299328e-05
0,0,0.04960516
0,0,5.138681e-06
0,0,0.18366998
0,0,6.999287e-05
0,0,1.0374945e-06
0,0,2.252984e-05
0,0,6.141858e-05
0,0,0.0074355304
0,1,0.73022443
0,0,4.4877243e-06
0,0,0.0001009774
0,0,7.171132e-06
1,1,0.6983849
0,0,7.763012e-06
0,0,0.0137384245
0,0,0.2909421
0,0,5.6301298e-05
0,1,0.7607909
0,0,4.1380304e-06
0,0,4.2215073e-05
0,0,2.0727766e-05
0,1,0.74303037
0,0,8.458957e-05
0,0,3.8481237e-05
0,0,0.42061433
0,0,4.273169e-06
1,1,0.99989057
0,1,0.7105838
0,0,0.041555613
1,1,0.9998888
0,1,0.5955967
0,0,0.00025941286
0,0,0.39799517
0,0,0.17545596
0,0,1.899452e-07
0,0,0.17464001
0,0,5.1490133e-07
0,0,0.44672236
0,0,2.159845e-05
0,0,4.5553793e-06
0,0,0.0004311814
0,1,0.5556408
0,0,0.0026071514
0,0,3.8667447e-05
0,0,3.1169848e-06
0,0,4.1904786e-05
1,1,0.7512758
0,0,3.5048546e-05
0,0,0.0041851164
0,0,1.7075105e-05
0,0,1.2908715e-05
0,0,3.1108204e-05
0,0,0.00023868048
0,0,5.5304695e-06
0,0,1.1209338e-06
0,0,0.03316537
0,0,2.0563775e-06
0,0,8.372102e-07
0,0,6.4804815e-05
0,0,2.8356046e-06
0,0,2.4665744e-06
0,0,0.021506887
0,0,0.00029832285
0,0,0.28416687
0,0,0.0034482446
0,0,1.6755248e-05
0,0,0.07803016
0,0,3.0953927e-06
0,0,2.1788404e-05
1,1,0.99966395
0,1,0.7534293
0,0,9.920351e-05
0,0,0.0001067809
0,0,0.47951695
0,0,2.3350026e-07
0,0,4.9636797e-05
0,0,0.04030298
0,0,4.5690052e-07
0,1,0.5182607
0,0,1.5272735e-05
0,0,0.47854632
0,0,8.7075705e-06
0,0,6.6243396e-05
0,0,0.0128167495
0,0,0.06826894
0,0,0.035902515
0,0,5.5257904e-05
0,0,5.293976e-05
0,0,0.26260465
1,1,0.99999976
0,0,0.00044921975
0,0,0.00012490764
0,0,1.2489628e-06
0,0,3.9396426e-05
0,0,4.7788668e-05
0,0,5.9621078e-05
0,0,1.0456982e-05
0,0,0.21713667
0,0,4.070451e-06
0,0,0.016157307
0,0,7.100999e-05
0,0,0.004461428
0,0,0.00034177955
0,0,0.030668048
0,0,8.8680456e-05
1,1,0.99999344
0,0,0.42940155
0,1,0.87753075
0,0,1.4772367e-06
1,1,0.6151266
0,0,5.4474818e-05
0,0,0.016318966
0,0,0.2913958
0,0,4.665375e-05
0,0,2.9262357e-05
0,0,1.2894535e-06
0,0,0.0016762296
0,0,8.1034144e-05
0,0,1.6186996e-05
0,0,0.005131396
0,0,1.4357919e-05
0,0,5.5064535e-05
0,0,3.4222567e-06
0,0,6.609865e-05
0,0,0.18789412
0,0,3.9999788e-05
0,1,0.6487032
0,0,3.085034e-06
1,1,0.9999429
0,0,0.48205298
0,0,2.2418812e-06
0,0,4.7476664e-07
0,0,3.362128e-05
0,0,2.8066586e-06
0,0,0.33127427
0,0,2.4384698e-07
1,1,0.9999819
0,0,0.00025314116
0,0,5.8186302e-05
0,0,0.0099051315
0,0,0.055139646
0,0,1.6476855e-05
0,0,8.437954e-05
0,0,4.5690052e-07
0,0,0.26735494
0,0,7.2018665e-05
0,1,0.6641452
0,0,0.00028810694
0,0,1.8173178e-07
0,1,0.6422089
0,0,0.024092566
0,0,3.6987374e-05
0,0,0.31528246
0,0,0.3453967
1,1,0.9999758
0,0,2.911544e-05
0,1,0.5802515
0,0,0.030572163
0,0,4.6234723e-06
0,0,0.0012285976
0,0,1.8021943e-05
0,0,0.0045881476
0,0,5.6341258e-05
0,0,5.6290864e-06
0,0,2.882977e-06
0,0,4.891861e-07
0,0,0.0035169437
0,0,1.7353769e-06
0,0,6.443989e-06
0,0,0.44165105
0,0,2.4967732e-05
1,1,0.99999094
0,0,4.2334946e-06
0,0,3.6668275e-06
0,0,0.12083752
0,0,0.00012663519
0,0,7.91918e-07
0,0,0.00010104289
0,0,0.1613441
0,0,0.33172086
0,0,3.860595e-07
0,0,0.14429282
0,0,5.6035304e-05
0,0,1.8592218e-05
0,0,2.4017322e-07
1,1,0.99999964
0,0,0.00488746
0,0,5.9262093e-05
0,0,1.3389348e-06
1,1,0.99997437
0,1,0.7303852
0,0,4.715916e-06
0,0,0.0012259977
0,0,4.7644786e-05
0,0,0.42106938
0,0,1.122274e-06
0,0,0.007523199
0,1,0.6554294
0,0,0.02517561
0,0,0.00016660924
1,1,0.9999815
0,0,3.3738866e-05
0,0,5.4649595e-06
1,1,0.9999883
0,0,2.2421377e-06
0,0,0.005533973
0,0,6.583841e-07
0,0,0.00014984312
0,0,0.10351529
0,0,7.07431e-06
0,0,1.580104e-05
0,0,1.2265099e-06
0,0,3.2412468e-06
1,1,0.6683509
1,1,0.999998
0,0,5.574542e-06
0,0,0.0035185681
0,0,0.031863637
1,1,0.9999995
0,1,0.7181581
0,0,1.1031881e-06
1,1,0.61710584
0,0,1.886678e-05
0,0,0.00652807
0,0,9.809913e-06
0,0,3.9866234e-05
0,0,0.021320803
0,1,0.50852996
0,0,9.246776e-05
0,0,1.5226619e-05
1,1,0.7692573
0,0,1.0164809e-05
0,0,3.4837976e-05
0,0,0.018331368
0,0,3.4981013e-06
0,0,0.01640441
0,1,0.7495288
0,0,6.2523804e-06
0,0,5.585887e-05
0,0,0.37123844
0,0,0.1127073
0,0,0.0007035932
0,0,5.7682115e-05
0,0,4.1133437e-05
0,0,0.43873465
0,0,0.16597413
0,0,1.7907483e-05
0,0,0.22278094
1,0,0.4709542
0,0,0.0005241178
0,0,0.0003673333
0,0,0.02897287
1,1,0.999974
0,0,0.04578825
0,1,0.7530742
0,0,7.2714e-06
0,0,2.0407391e-05
0,0,7.2120645e-07
0,0,8.072279e-05
0,0,5.5490884e-05
0,0,3.8320766e-05
0,0,3.141237e-06
0,0,3.5543028e-06
0,0,1.2844698e-05
0,0,0.014263619
0,0,3.8885806e-05
0,0,2.7783162e-05
0,1,0.62480843
0,1,0.65351677
0,0,0.03688398
0,0,1.0599483e-05
0,0,0.034721255
0,0,9.7151446e-05
0,0,4.6870475e-05
0,0,7.710095e-05
0,1,0.74025184
0,0,1.5235797e-06
0,0,0.00031545284
1,1,0.99993074
0,0,0.00067680905
0,0,0.001601591
0,0,5.4352407e-05
0,0,5.73163e-07
0,0,6.649068e-06
0,0,0.0006449641
0,0,4.1231386e-05
0,0,3.4905384e-05
0,0,9.726212e-05
0,0,3.9763604e-06
0,0,0.23476571
1,1,0.9999038
0,0,7.5324235e-05
0,0,0.08511355
0,0,1.9554582e-06
0,0,4.2964607e-06
0,0,5.758566e-05
0,0,8.985259e-05
0,1,0.5635507
0,0,0.18893926
0,0,0.007150916
0,0,2.3287575e-05
0,0,6.3065886e-06
0,0,0.4873754
0,0,7.262474e-06
0,0,1.1904725e-06
0,0,1.805454e-05
1,1,0.9999826
0,0,3.6672645e-05
0,0,4.3723476e-06
0,0,0.24478255
1,1,0.99999845
1,1,0.80013126
0,0,1.639233e-07
0,0,3.3420624e-06
0,0,3.2684682e-05
0,0,0.04466514
0,0,0.20051216
0,0,2.8947932e-06
0,0,0.000108127584
0,0,5.5034456e-05
0,0,1.2302211e-06
1,1,0.9999683
0,0,0.19564965
0,0,4.976757e-05
0,0,0.44565463
0,0,0.035961173
0,0,8.72492e-05
0,0,1.7815722e-05
0,0,0.016374638
0,0,2.2659782e-07
0,1,0.8027602
0,0,0.0001460048
0,0,0.4326618
0,0,5.2635954e-05
0,0,1.6994925e-06
0,1,0.6373603
0,1,0.5494947
0,0,0.007796104
0,0,5.326401e-07
0,0,0.0015908988
0,0,0.00041088575
0,0,0.019949872
0,0,2.285527e-06
0,0,2.4690014e-05
0,0,0.00016682179
0,0,2.1260987e-05
0,0,4.0840877e-08
1,1,0.999985
0,0,8.786005e-06
1,0,0.073565364
0,0,0.33621302
0,0,6.0494345e-05
0,0,1.3043334e-06
0,0,9.254098e-05
0,0,0.00012505517
0,0,5.3381355e-06
0,0,2.2697923e-05
0,0,0.0002063111
0,1,0.5878215
0,0,2.4584092e-06
0,0,0.001400315
0,0,4.5089123e-06
0,0,9.277521e-05
1,1,0.99998045
0,0,1.0174024e-06
0,0,0.08155209
0,0,3.072094e-05
0,1,0.5171254
0,0,0.0015817282
0,0,0.008257364
0,0,7.987375e-06
0,0,7.278427e-05
0,0,0.0001204115
0,0,0.00014592713
1,1,0.99999094
0,0,0.03903999
0,0,7.2518924e-05
0,0,0.09272005
0,0,2.3631139e-05
0,0,3.784516e-05
0,0,1.4844419e-06
0,0,0.49124658
0,0,7.679584e-05
1,1,0.9999881
0,0,0.00010044028
0,0,1.5422582e-05
0,0,6.7988685e-07
1,1,0.9999908
0,0,0.04517368
0,0,7.154963e-05
0,0,6.4797394e-05
0,0,6.905859e-05
0,0,3.319016e-05
0,0,0.4273396
0,0,3.6685342e-05
0,0,4.8958606e-07
0,0,3.0517069e-05
0,0,0.0005545499
0,0,0.02402118
0,1,0.73750633
0,0,1.0374744e-05
0,1,0.92481977
0,0,1.2191397e-05
0,0,0.00014268265
0,0,1.3124052e-06
1,1,0.9999838
0,0,4.587383e-06
0,1,0.87501484
0,0,1.7017104e-05
0,0,2.4472569e-05
0,0,8.48844e-06
0,0,1.0545444e-06
0,0,1.1606579e-05
0,0,1.8511594e-06
0,1,0.8896991
0,0,0.13741821
0,0,4.0178184e-06
0,0,8.192157e-06
0,0,4.162103e-07
0,0,8.227185e-05
0,0,6.565538e-05
0,0,1.605257e-06
0,0,3.8873124e-05
0,0,0.0008631467
0,0,2.686313e-06
0,0,7.3980955e-06
0,0,0.12999886
0,0,4.7952417e-05
0,0,2.0701916e-07
0,0,0.053183585
0,0,2.544265e-06
0,0,0.039451882
1,1,0.99972767
0,0,0.00047638896
1,1,0.99999845
0,0,0.004042186
0,0,4.3891546e-06
0,0,1.1098913e-06
0,0,0.13920088
0,0,3.764122e-05
0,0,2.0930288e-07
1,1,0.99999046
0,1,0.63833654
0,0,5.6142493e-05
0,0,0.00024127997
0,0,0.009779437
0,0,1.8176553e-06
0,0,9.476532e-05
0,0,0.016058067
1,1,0.9999995
0,0,8.689189e-06
0,0,9.883405e-05
0,0,0.00010288468
0,0,1.5858502e-06
1,1,0.9999479
0,1,0.71833044
0,0,0.00013539757
0,0,0.022472588
0,0,0.02304463
0,0,0.0018744146
0,1,0.7088174
1,1,0.9999541
0,0,0.051402
0,1,0.5490429
0,0,1.7707687e-05
0,0,0.07063004
1,1,0.66495585
0,0,0.062839694
0,0,6.25298e-05
0,0,0.32083607
0,0,5.9954895e-05
1,1,0.9999417
0,0,0.31076038
0,0,1.7935793e-06
0,0,2.6225582e-05
0,0,0.009297812
0,0,1.2448219e-05
0,0,0.014396173
1,1,0.56825227
0,0,0.034101337
0,0,2.55457e-05
0,0,0.32997045
0,0,0.0001500543
0,0,0.0001473504
0,0,7.0721995e-07
0,0,3.5404798e-06
0,0,2.5378518e-05
0,0,0.26208687
0,0,1.5119019e-06
0,0,0.0368463
1,1,0.9999993
0,0,1.4665251e-06
0,0,0.22489773
0,0,0.28591254
0,0,0.000141981
0,0,2.284333e-05
0,0,0.11903594
0,0,6.148592e-05
0,0,9.163545e-06
0,0,0.0001588139
1,1,0.999982
0,0,2.6305845e-06
0,1,0.80013657
0,0,1.8616012e-06
0,0,0.0012961895
0,0,6.344252e-05
0,1,0.5830981
0,0,0.010216145
0,0,1.9467611e-06
0,0,4.253961e-06
0,0,0.0057859933
0,0,5.8300525e-06
0,0,0.00010510695
0,0,0.10838157
0,0,0.005116656
0,0,1.8656343e-07
0,0,0.060555242
0,0,2.6580452e-05
0,0,2.960632e-05
0,0,1.8910101e-05
0,0,0.18632188
1,1,0.9999497
0,0,4.029619e-07
0,0,1.0750522e-06
0,0,0.051218323
0,0,7.401686e-05
0,0,1.8336295e-06
0,0,5.586031e-05
0,0,2.4490091e-06
0,1,0.7608827
1,1,0.9999653
0,0,0.37211218
0,0,1.0661456e-05
0,0,3.6846247e-06
0,0,5.393661e-05
0,0,0.007258859
0,0,6.744236e-07
1,0,0.46050692
0,0,2.7916537e-06
0,0,1.7186196e-05
0,0,2.0675083e-07
0,0,1.5126388e-06
0,0,0.4773475
0,1,0.7475725
0,0,4.856723e-06
0,0,7.153052e-05
0,0,0.00017110333
0,0,2.8687822e-05
0,0,8.154882e-06
0,0,4.158853e-05
0,1,0.6664016
0,0,4.157928e-06
0,0,5.2463824e-05
0,0,0.40790847
0,0,9.573753e-06
0,0,5.575228e-06
0,0,5.625834e-06
1,1,0.99999976
0,0,2.9856079e-05
1,0,0.4691141
1,1,0.9999789
0,0,0.024562689
0,0,0.40713128
0,1,0.523405
0,0,0.03038856
0,0,8.971715e-07
0,0,1.8480374e-05
0,0,0.0059778676
0,1,0.6100846
0,0,9.1917864e-05
0,0,5.2840147e-05
0,0,3.1437614e-07
0,0,2.2854441e-05
1,1,0.99997807
0,0,9.636138e-05
0,0,0.09535317
0,0,1.790207e-05
0,0,0.13898088
0,0,0.109695315
1,1,0.81626433
0,0,0.00015292472
0,0,1.8780959e-06
0,0,0.3204215
0,0,0.00015789886
0,0,6.7922556e-05
0,0,1.5926312e-06
1,1,0.9999846
0,0,5.046817e-06
0,1,0.61617273
0,0,4.2158954e-05
0,1,0.6315993
1,1,0.7610054
0,0,0.4578974
0,0,4.258881e-06
0,0,2.940373e-05
0,1,0.9382365
0,0,0.018405287
0,0,5.0935737e-06
0,0,1.5222015e-06
0,0,0.022626605
0,0,3.2562075e-05
0,0,0.069600284
0,0,4.051765e-05
0,0,0.0010809401
0,0,6.658123e-06
0,0,0.09272742
0,0,8.108702e-05
0,0,0.37031338
0,0,1.2005422e-05
0,0,2.6809725e-05
0,0,0.04687196
0,0,7.277032e-05
0,0,1.187715e-05
0,1,0.63841265
0,0,2.5206158e-05
1,0,0.2706309
0,0,0.17639142
0,0,1.2979183e-06
0,0,2.1562988e-05
0,0,2.4897638e-05
0,0,0.44352603
0,0,0.4702449
1,1,0.9999833
0,0,8.083963e-06
0,0,6.385374e-05
0,0,2.0870245e-06
0,0,0.0004143495
0,0,5.3326006e-05
0,0,1.6439515e-05
0,0,0.0027629817
0,0,5.050087e-07
0,0,3.0429194e-06
0,1,0.571228
0,0,0.0103548085
0,0,3.020109e-05
1,1,0.7068161
0,1,0.87344176
0,0,6.686716e-05
0,0,1.0499401e-05
0,0,2.0701916e-07
0,0,0.0007091259
0,0,2.698309e-06
0,0,0.00016669823
0,0,0.47671068
0,0,0.47898364
0,0,0.016800346
0,0,3.9985716e-05
1,1,0.6275332
0,0,3.1122356e-05
0,0,0.00011357274
0,0,9.0719914e-05
0,0,2.4432667e-05
0,0,0.48272595
0,0,4.8968286e-05
0,0,0.03155845
0,1,0.52369577
0,0,0.17689441
0,0,2.556938e-06
0,0,2.7780532e-06
0,0,0.00010393376
0,1,0.55742913
0,0,4.6986115e-05
0,0,7.317036e-05
0,0,0.40755308
0,0,2.7468053e-05
0,1,0.72614044
0,0,1.4068605e-05
0,0,2.8510037e-06
0,0,0.19606017
0,0,0.08138651
0,0,1.2466336e-05
0,0,8.7725e-06
0,0,0.45798874
0,0,0.008171203
0,0,9.167023e-05
0,0,1.7486992e-06
0,0,7.1909094e-06
0,0,0.0027551884
0,0,5.8532277e-07
0,0,5.770957e-05
0,0,0.00028224738
1,1,0.9999827
0,0,5.8221787e-07
0,0,0.4270719
0,0,0.47058323
0,0,0.00012235192
0,0,2.8203962e-05
1,1,0.6026963
1,1,0.7960065
0,0,2.9930172e-05
0,0,0.2184219
1,1,0.9999981
0,1,0.8156708
0,0,1.571736e-05
0,0,0.010578581
0,0,6.7457936e-06
0,0,4.67961e-06
0,0,1.5819873e-05
0,0,0.4481071
0,0,0.12765685
0,0,0.0001421918
0,1,0.5488888
0,1,0.62461656
0,0,0.004953459
0,1,0.56907713
0,0,3.623622e-05
0,0,0.22482426
0,0,4.6187038e-06
0,0,2.1720709e-05
0,0,8.001947e-08
0,0,3.8562825e-07
0,0,8.052643e-05
1,0,0.23136611
0,1,0.58219445
0,0,0.00024387237
0,0,5.7626145e-05
0,0,2.2530007e-06
0,0,2.1187564e-06
0,0,3.9644824e-06
0,0,8.6829554e-05
0,0,5.7644497e-06
0,1,0.63826185
1,1,0.9999652
1,1,0.8434909
0,0,0.19426215
0,0,5.2488795e-05
0,0,5.8587015e-05
0,0,9.841587e-08
0,0,0.0007483827
0,0,2.2613053e-06
0,0,2.1013055e-05
0,0,0.04774206
1,1,0.5391083
0,1,0.79461694
0,0,0.15556979
0,0,0.4125598
0,0,4.9870164e-06
1,1,0.9999174
1,1,0.8540994
0,0,0.23550831
0,0,0.13433947
0,0,1.347637e-06
0,0,0.010835663
0,0,0.058254525
0,0,0.008217116
0,0,8.131521e-05
0,0,0.007261344
0,0,7.859834e-05
0,0,8.557104e-06
0,0,0.04242711
0,0,3.287772e-05
0,0,2.8684923e-05
0,0,5.4664224e-07
0,0,1.603629e-06
0,0,0.00068088004
1,1,0.9999602
0,0,7.550942e-05
0,0,4.487091e-06
0,0,1.1955426e-05
0,0,3.7085366e-07
0,0,0.00011366375
0,0,2.752557e-07
1,1,0.7241453
0,0,5.148933e-05
0,0,2.844553e-05
0,0,6.121873e-06
0,0,2.340693e-06
0,0,4.9423066e-05
0,0,0.0001238124
0,0,0.066518985
0,0,4.1570315e-06
0,0,2.618655e-06
0,0,9.177528e-06
0,0,0.070053756
0,0,1.0393303e-05
0,1,0.6695446
0,1,0.83141977
0,0,5.140661e-06
0,0,4.380278e-05
0,0,9.489779e-05
0,0,6.530496e-06
0,0,5.449976e-05
0,0,3.946933e-06
0,0,0.18001898
1,0,0.1517987
0,0,5.9275512e-06
0,0,0.028509978
0,0,3.077545e-05
0,0,8.657251e-05
0,0,4.6494583e-06
1,1,0.9999846
0,1,0.9267713
0,1,0.7305876
0,0,9.798403e-06
0,1,0.91142005
0,1,0.68230605
0,0,2.7993235e-06
0,0,4.6632013e-07
0,0,4.6240628e-05
0,0,0.05296073
0,0,3.3203548e-06
0,0,0.127064
0,0,9.431257e-05
1,1,0.9999703
1,1,0.99991965
0,0,0.00016156028
0,0,7.762763e-05
0,0,0.08262572
0,0,7.5565324e-05
1,1,0.88712114
0,0,0.0023962976
0,0,5.2870455e-06
0,0,0.17073187
0,0,0.002060253
0,1,0.6175825
0,0,5.220744e-05
0,0,2.530477e-06
0,0,0.03716386
0,0,3.2824728e-06
0,1,0.60753685
0,0,4.3539283e-05
0,0,0.020488936
0,0,3.3724486e-05
0,0,1.3334947e-06
1,1,0.99991405
1,1,0.9999877
0,0,1.9789704e-05
0,0,7.3714255e-06
0,0,0.4913325
0,0,8.4683506e-07
1,1,0.9999989
0,0,0.37344858
0,0,0.00016304347
0,0,0.00028422245
0,0,0.0865064
0,0,0.00076663133
0,0,0.011135578
0,0,4.0711043e-07
0,0,6.9056847e-07
0,0,2.404343e-06
0,0,5.2248965e-06
0,0,1.7335693e-05
1,1,0.9998424
1,1,0.99996066
0,0,2.7535532e-05
0,0,5.367651e-05
0,0,0.054336313
0,0,1.6493881e-05
1,1,0.6339417
0,0,8.1666374e-05
0,0,0.006283864
0,0,0.00012321527
0,0,0.0022875248
0,0,0.0002628541
0,1,0.6542317
0,0,9.072536e-05
0,0,0.0001738827
0,0,0.0057507316
1,1,0.9999659
0,0,2.9052451e-05
0,0,0.0004026679
0,0,0.017619802
0,1,0.65642273
0,0,0.00016610498
0,0,2.1423623e-06
0,0,0.40484965
0,1,0.56025016
0,0,1.0874643e-06
0,0,2.197379e-06
0,0,3.7863683e-06
0,0,8.2787085e-07
0,0,2.0671197e-07
0,0,1.0223813e-06
0,0,5.715735e-07
0,0,0.000107907676
0,0,8.6316475e-05
0,0,0.03349762
0,0,7.3049894e-05
0,0,1.4043535e-06
1,1,0.99999845
0,0,1.9453505e-06
0,0,2.6897637e-06
0,0,0.006696964
0,0,1.1618905e-05
0,0,0.2958451
0,0,0.18531749
0,0,1.9902093e-06
0,0,3.8966024e-05
0,0,7.4375266e-06
0,0,0.04419845
0,0,4.0439133e-07
1,1,0.99994826
1,1,0.99996567
0,1,0.70310634
0,0,0.25063905
0,0,9.6849064e-05
0,0,3.3190227e-05
0,1,0.7559904
0,0,9.97101e-07
0,0,3.6821973e-06
0,0,4.91815e-05
0,0,0.25864214
0,0,1.2132848e-05
1,1,0.9999726
0,1,0.9303139
0,0,0.46363482
0,0,0.0077824984
0,1,0.7072291
0,0,0.47421366
1,1,0.9999889
0,0,3.1828098e-05
0,0,0.000112815775
0,0,0.00034497815
0,0,0.020914512
0,0,3.335252e-05
0,0,0.30950716
0,0,0.08101804
0,1,0.71673346
0,0,1.9932117e-05
0,0,4.6455832e-05
0,0,0.0023729221
1,1,0.99981683
0,0,2.0620157e-06
0,0,0.024166267
0,0,4.3447955e-05
0,0,0.008335483
0,0,4.98764e-06
0,0,1.607115e-06
0,0,2.2569173e-05
0,0,5.186241e-07
0,0,6.096378e-06
0,0,0.11514037
0,0,2.7719664e-06
0,0,4.848768e-07
0,0,0.015616994
0,0,1.0283532e-06
0,0,3.8984066e-07
0,0,7.763967e-06
0,0,1.3071166e-06
0,0,0.029633809
0,0,0.00010390256
0,0,7.7147433e-07
0,0,0.48784488
1,1,0.99998915
0,0,3.5752983e-05
0,0,8.8614775e-05
0,0,0.004748322
0,0,0.018665902
0,0,9.2034475e-07
0,0,0.15639044
0,0,1.3491273e-06
0,0,0.11971267
0,0,0.06604174
0,0,4.7896112e-05
0,0,0.001703328
0,1,0.837633
0,0,0.025502041
0,0,4.8491827e-05
0,0,1.2810262e-05
0,0,0.0001284333
0,1,0.5750475
0,0,1.9470453e-06
0,0,0.053365666
0,0,0.01357607
0,0,2.922496e-06
0,1,0.5814102
0,0,0.00011444037
1,1,0.9999639
0,0,0.00043124575
0,0,5.3032527e-05
0,0,3.9493125e-06
0,0,2.8558884e-06
0,0,1.9401703e-06
0,0,0.49192697
0,0,0.20145692
0,0,2.4767078e-06
0,0,2.5504428e-06
0,0,0.052202705
0,0,7.072177e-05
0,0,1.5365767e-05
0,1,0.5426361
0,0,3.1056443e-06
0,0,5.546044e-07
0,0,0.034780458
1,0,0.06175424
0,1,0.6933852
0,0,0.0019957542
1,1,0.9999993
0,0,1.6652199e-05
0,0,3.8756934e-05
0,0,0.022171054
1,1,0.99994016
0,0,1.3359907e-05
0,0,0.44696477
0,0,0.1352711
0,0,9.7063006e-05
1,1,0.9999957
0,0,6.384083e-05
0,0,0.008699402
0,0,0.00013593533
0,0,0.043054666
0,0,0.00040641092
0,0,0.016012564
0,0,8.0798867e-07
0,0,0.007820827
0,0,1.7256109e-05
0,0,0.00013004385
0,0,2.5510462e-06
0,0,0.00010173669
0,0,9.486128e-07
0,0,9.496428e-07
1,1,0.99997807
1,1,0.99999905
0,0,6.5924905e-05
0,1,0.6903613
1,1,0.7337512
0,0,6.346729e-06
0,0,1.1605118e-05
0,0,2.9821334e-05
0,0,0.0006950115
0,0,0.06874749
0,0,1.6905495e-05
0,1,0.547896
0,0,8.80063e-06
0,0,0.0009946997
0,0,4.2161806e-05
0,1,0.644604
0,0,3.6290963e-05
0,0,3.0399347e-06
0,0,0.0019183435
0,0,5.640327e-07
0,0,0.09097849
0,0,0.14504987
0,0,0.015551888
0,0,1.0075594e-06
0,0,0.000119803575
0,0,2.11195e-06
0,1,0.7702099
0,0,0.0045260056
0,0,0.0015526142
0,0,0.2899464
0,0,7.1719955e-07
0,0,8.413086e-06
1,1,0.9999987
0,0,0.14978997
0,0,0.00046585343
0,0,0.22425869
0,1,0.51500773
0,0,2.0939963e-06
0,0,1.2134016e-06
0,0,0.00036817364
0,1,0.80937886
0,1,0.61339176
0,0,2.0103469e-05
1,1,0.99996614
0,0,0.00038359407
0,0,7.3602564e-06
0,0,0.008223379
0,0,6.9942666e-06
0,0,3.7250913e-05
1,1,0.99998105
1,0,0.34305367
0,0,5.099836e-07
0,0,0.27561715
0,0,0.0910876
0,0,1.6326245e-05
0,0,3.1245832e-05
1,1,0.99999774
0,0,4.7824483e-07
0,0,0.09585561
0,0,2.86669e-05
0,0,9.580312e-05
0,0,0.13714656
0,0,0.34047258
0,0,0.003421725
0,0,0.005155887
0,0,2.7727074e-05
0,0,0.4944715
0,0,0.017881526
0,0,3.175285e-05
0,0,0.00030839452
0,0,0.00011258451
0,0,5.7282945e-05
0,0,1.4140363e-06
0,1,0.8667278
0,0,1.3754753e-06
0,0,0.1592772
0,0,1.9909681e-05
0,0,6.356843e-05
0,0,7.731306e-05
0,0,2.657109e-07
0,1,0.8410363
0,0,9.140014e-06
0,0,0.28830838
0,0,9.7553224e-05
1,1,0.9999987
0,0,1.7509386e-06
1,1,0.999974
0,0,5.5516816e-06
0,0,7.7820306e-07
0,0,5.486202e-06
1,0,0.03895358
0,0,6.1029103e-05
0,0,0.28753456
0,0,0.00014912344
0,0,5.1527304e-06
0,0,0.03932306
0,0,6.243467e-06
0,1,0.77628565
0,1,0.6452846
0,0,9.417068e-05
0,0,5.3647596e-05
0,0,6.1774124e-05
0,0,2.8860854e-06
0,0,7.090547e-06
0,0,0.0024474137
0,0,0.42948085
0,0,8.065785e-05
0,0,8.300835e-05
0,0,2.7612055e-05
0,1,0.8477775
0,0,2.9310924e-05
0,0,0.00072172855
0,0,0.024505893
0,0,4.7184762e-06
0,0,0.00011000268
0,1,0.5037653
0,0,0.0002546109
0,0,3.2193512e-07
1,0,0.17451279
0,0,9.774138e-06
0,0,8.9679855e-07
0,0,6.7007426e-07
0,0,0.15967517
0,0,3.947209e-05
0,0,4.3166503e-05
0,0,3.7033857e-05
0,0,0.018785652
1,0,0.4455721
1,1,0.99996686
1,1,0.9999858
1,1,0.99998486
1,1,0.99981374
1,1,0.99966264
0,0,1.2306529e-06
0,0,0.4289344
0,0,9.2826456e-05
0,0,0.00017343892
0,0,1.03673965e-05
0,0,1.2786919e-06
0,0,9.360423e-05
0,0,2.8050667e-05
0,0,5.976794e-06
0,0,0.0061615445
0,0,5.352572e-06
0,0,3.6345607e-06
0,0,3.5402834e-07
0,0,0.026812628
0,0,0.2633995
0,0,2.3511566e-06
0,0,9.269218e-05
0,0,9.463932e-06
0,0,1.170195e-05
0,0,0.00014337206
0,0,0.42573875
0,0,3.373314e-05
0,0,8.388507e-06
0,0,0.17022435
0,0,8.628627e-05
0,0,1.5924648e-05
0,0,0.004121202
0,0,7.147617e-06
0,0,0.0017123307
1,0,0.45361632
0,0,1.3099643e-06
0,0,4.1196196e-07
0,0,0.0066608973
0,0,1.0637518e-05
0,0,0.10752075
0,0,0.0397889
0,0,7.659538e-05
0,1,0.6400119
0,0,2.6245854e-07
0,0,0.0001041861
0,0,1.3479917e-06
0,0,6.6552475e-06
0,0,2.2624522e-07
1,1,0.775322
0,0,2.0371963e-05
1,1,0.99758554
0,0,0.00015222219
0,0,4.651445e-06
1,1,0.9999502
0,0,3.9464326e-06
0,0,3.0874693e-05
0,0,0.00010715586
0,0,2.329154e-06
0,0,3.2193512e-07
0,0,0.0005870143
0,0,5.044175e-06
0,0,0.004019192
0,0,2.2426946e-05
0,0,0.01148042
0,1,0.69975007
0,1,0.61009127
0,0,0.0012651508
0,0,0.0012363502
0,0,0.38188303
0,0,8.80844e-08
0,0,1.5642462e-06
0,0,9.172628e-05
0,0,4.506221e-06
0,0,7.478987e-05
0,0,0.013236859
1,1,0.99996793
0,1,0.71425116
0,0,0.0045679607
0,0,1.690074e-05
0,0,4.113043e-06
0,0,1.1467906e-06
0,0,3.1004543e-05
0,0,1.1251804e-05
0,1,0.8354281
0,0,0.0118138045
0,0,0.0031077496
0,0,5.6616574e-07
1,1,0.9999771
0,0,5.683129e-06
0,0,8.062921e-07
0,0,0.3706813
0,0,0.01101651
0,0,4.0624822e-05
0,0,0.04372508
0,0,6.8073576e-05
0,1,0.8175229
0,0,8.095166e-05
0,0,7.28706e-05
0,0,3.943051e-07
0,0,4.5905217e-05
0,0,0.071062855
0,0,0.19338113
0,0,0.40038052
0,0,5.402798e-05
0,0,4.596145e-06
0,0,0.008529184
0,0,5.4536824e-05
0,0,5.851393e-05
0,0,0.00011266387
1,1,0.99998033
0,1,0.7836104
1,1,0.99999845
0,0,0.1330164
0,0,0.04796957
0,0,1.2189653e-06
1,1,0.99999917
1,1,0.9999924
1,1,0.999998
0,0,8.926381e-06
0,0,3.6621027e-06
0,0,7.893718e-05
0,0,4.8896007e-05
0,0,4.1812695e-05
0,0,0.18153854
0,0,5.9964277e-05
0,0,8.575673e-06
0,0,2.0910607e-06
0,1,0.68445504
0,0,0.32400784
0,0,0.046737377
0,0,7.207899e-05
0,0,4.793358e-05
0,0,8.421073e-06
0,1,0.64549977
0,0,2.4131843e-05
0,0,0.00010244111
0,0,5.0100563e-05
0,1,0.74706155
0,0,2.988237e-05
0,0,1.5365958e-05
0,0,9.296819e-05
0,0,4.4841304e-06
0,0,1.1934033e-05
0,0,0.039290678
0,0,0.38612247
0,0,0.49461833
0,0,5.475862e-05
0,0,3.84096e-05
0,0,3.713238e-05
0,0,2.3603436e-05
0,0,6.627517e-07
0,0,0.049983412
0,0,0.48546687
0,0,3.397699e-05
0,1,0.69865954
1,1,0.9999678
0,0,0.2931866
0,0,0.030337904
0,0,5.6949717e-05
0,0,2.0056188e-05
0,0,7.684126e-06
0,0,5.8897185e-05
0,0,0.38809204
0,1,0.56610847
1,1,0.99997294
0,0,0.1233049
0,0,0.00017967593
0,0,4.8611375e-05
0,0,4.0542775e-05
0,0,3.6063625e-06
0,0,0.09464238
0,0,3.04101e-05
1,1,0.999974
0,0,3.177463e-05
0,0,0.035808977
0,0,2.0805044e-06
0,0,0.091003135
0,1,0.78601104
0,0,0.11561092
1,1,0.99999213
0,0,7.763012e-06
1,1,0.9999993
0,0,3.459527e-06
0,0,2.6782202e-05
0,0,6.365092e-05
0,0,0.2951586
0,0,0.21104206
0,0,0.0064021684
0,0,2.9338637e-05
0,0,0.18643855
0,0,2.7678295e-06
0,1,0.54871136
1,1,0.9999988
0,0,2.769015e-06
0,0,8.591008e-05
0,0,0.12173828
0,0,0.00019242591
0,0,0.15753868
0,0,0.32048666
0,0,1.9349378e-05
0,1,0.5855311
0,0,0.23498733
0,0,3.1949028e-06
0,0,0.24953407
0,0,0.019883621
0,0,3.4043478e-05
0,0,0.04611971
0,0,0.041967157
0,0,6.1129585e-06
0,0,2.11517e-05
1,1,0.9999722
0,0,0.15469551
0,0,3.2331013e-07
0,0,0.39367095
0,0,5.9335325e-05
0,0,0.3182249
0,0,2.7678295e-06
0,0,1.0544887e-05
0,0,0.0001378953
0,0,0.003400907
0,0,0.006532766
0,0,8.8199246e-05
0,0,0.030721193
0,0,0.17420919
0,0,4.749827e-06
0,0,2.9463556e-06
0,0,2.7603628e-05
0,0,6.871207e-05
0,0,0.00019144025
0,0,4.475923e-06
0,0,2.3539616e-05
0,0,0.10967125
0,0,0.014918392
0,0,1.9520378e-07
0,0,0.0025758224
0,0,4.302562e-05
0,0,2.6487967e-05
0,0,1.1897223e-06
0,0,0.26321656
0,0,3.822543e-05
0,0,3.1621712e-06
0,0,1.6618962e-05
0,0,5.942309e-05
0,0,0.4266414
1,1,0.9999515
0,0,0.36576697
0,1,0.66533345
0,0,3.1045434e-05
0,1,0.8814863
0,1,0.7158896
0,0,6.937561e-06
0,0,5.147141e-06
0,0,7.3097e-05
0,0,2.7893228e-05
0,1,0.6588693
0,0,4.891861e-07
1,1,0.63659644
0,0,0.008670021
0,0,1.03661005e-05
0,0,3.0473773e-06
0,0,3.3297792e-06
0,0,0.00014210003
0,0,0.0007603572
0,0,0.0050256997
0,1,0.8505317
0,0,0.05451456
0,0,1.7203824e-05
0,0,2.94301e-05
0,0,0.04119966
1,1,0.9999844
0,1,0.5997674
0,0,0.024012674
0,0,0.00013925432
0,0,2.849683e-07
0,0,4.99102e-05
0,0,4.2451888e-05
0,0,1.3989077e-06
1,1,0.9999975
1,1,0.56396973
0,0,9.756253e-05
1,1,0.9999831
0,0,1.0664212e-07
0,0,0.3576305
0,0,0.30344492
0,0,0.34372953
0,0,8.345801e-06
0,0,5.324592e-05
0,0,0.3553514
0,0,5.0035243e-05
0,0,0.07777455
0,0,2.0297013e-05
0,0,0.27463886
0,0,0.010668182
0,1,0.67562264
0,1,0.5957467
0,0,3.390455e-05
0,0,4.449148e-05
0,0,8.374514e-07
0,0,5.8367277e-06
0,0,5.5374538e-05
0,0,3.2201586e-07
0,0,0.039120033
0,0,0.06271879
0,1,0.7645558
0,0,1.1563043e-06
0,1,0.65031356
0,0,4.208878e-06
0,0,8.161534e-06
0,0,0.000116016105
0,0,5.715735e-07
0,0,0.0051339623
0,0,8.007434e-05
0,0,1.0475018e-05
0,0,3.7279617e-06
1,1,0.69566554
0,0,0.15222009
1,1,0.91098
0,0,0.17939192
0,0,0.18614352
0,0,0.07664458
0,0,0.14754704
0,0,0.037745193
0,0,2.6296063e-06
1,0,0.43721792
0,0,5.875324e-07
1,1,0.6548354
1,1,0.99998
0,0,1.1383514e-06
0,0,0.48113322
0,0,2.7788039e-05
0,0,0.1937357
0,0,2.9459966e-07
0,0,7.217108e-05
1,1,0.999979
0,0,3.6345607e-06
1,1,0.9999995
0,0,0.4898899
0,0,9.374663e-07
0,0,1.0958407e-06
0,0,0.0008417584
0,0,1.1957784e-06
0,0,9.405556e-06
0,1,0.7365054
0,0,0.011334056
0,0,0.0011442412
0,0,3.8176397e-05
0,1,0.75668323
0,0,0.0038489832
0,0,0.12652357
0,1,0.69118047
0,0,0.026865996
0,0,0.0046129907
0,0,0.019713156
0,0,1.3331513e-06
0,0,0.002222548
0,0,0.21526454
0,1,0.66806656
0,0,7.0669186e-05
0,0,6.219208e-05
0,0,0.21485288
0,0,7.792742e-06
0,0,0.14004521
0,0,5.6006354e-07
1,1,0.99995697
0,0,6.224809e-05
0,0,0.0032299613
0,0,0.05395696
0,0,8.906067e-06
0,0,5.3870295e-05
0,0,0.014319306
0,0,5.2216938e-06
0,0,8.7807755e-05
0,0,5.9057023e-05
1,0,0.4164005
0,0,1.068615e-05
0,0,1.146331e-05
0,0,0.22597101
0,1,0.7561835
0,0,0.015570821
0,0,0.11678871
0,0,0.0017377578
0,0,3.2051485e-05
0,0,1.2291691e-05
0,0,0.113384634
0,0,3.7209942e-05
0,0,0.018758854
0,0,1.7526343e-05
1,1,0.9999734
0,0,5.7226243e-06
0,0,8.16027e-05
1,1,0.9999347
0,0,0.00015576936
0,0,3.6830148e-05
0,0,0.30288836
0,0,8.959403e-05
0,0,4.0191313e-05
0,0,9.3468116e-05
0,0,9.7991695e-05
0,0,0.005247947
1,1,0.9999926
0,0,0.45511457
0,0,1.5580126e-06
0,1,0.5018783
0,0,0.28179374
0,0,0.011100568
0,0,0.00012540793
0,0,0.009794165
0,0,0.0036910307
0,0,2.3764518e-05
0,0,5.8300525e-06
0,0,0.00011328752
0,0,4.5798544e-07
0,0,1.4526013e-05
0,0,0.2057706
1,1,0.99997544
0,0,6.661849e-05
0,0,4.8682233e-07
0,0,0.0001082647
0,0,4.5164088e-05
0,0,3.2397664e-05
0,0,2.2605382e-05
0,0,6.4967244e-05
0,0,0.031806435
0,0,1.0482052e-05
1,1,0.9999994
0,0,6.574316e-05
1,1,0.9999831
0,0,1.763359e-05
0,0,0.020104636
1,1,0.99996436
1,1,0.9999993
0,0,7.776662e-05
0,1,0.6360803
0,0,8.134283e-05
0,0,5.3379955e-07
0,0,0.0099679865
1,1,0.9999863
0,0,6.394081e-05
0,0,0.059695795
0,0,1.1070001e-06
0,0,0.00015658335
0,0,3.9452592e-05
0,0,6.136692e-07
0,0,1.1454931e-06
0,0,5.557466e-06
0,0,0.043659076
0,0,0.24287845
0,0,6.0333892e-05
0,0,1.831936e-06
0,0,0.16581026
0,0,5.5340947e-06
0,0,2.9856079e-05
0,0,3.749229e-06
0,0,1.1622323e-06
0,0,0.37062815
0,0,1.997429e-06
0,0,1.8024142e-05
0,0,0.09594899
0,0,4.877148e-05
0,0,0.04478703
0,0,2.0756054e-06
0,0,0.031856645
0,0,0.0009116195
0,0,0.2739298
0,1,0.7015849
0,0,0.000114644834
0,0,0.3083571
0,0,0.00068964605
0,0,0.0075333994
0,0,0.00013675778
0,0,0.0050308523
0,0,4.1033454e-05
0,0,3.7132842e-05
0,0,2.4119188e-05
0,0,0.00014376853
0,0,2.2703378e-05
0,0,3.3623787e-06
0,1,0.5438864
0,0,2.005434e-06
0,0,2.4617123e-06
0,0,9.1699345e-05
0,0,1.0649454e-05
0,0,1.3867842e-06
0,0,0.00013303787
0,0,0.002959474
0,0,3.5817346e-05
0,0,1.2602924e-06
0,0,5.4713737e-06
0,0,5.1022225e-06
0,0,0.0053954213
0,0,3.1241838e-05
0,0,8.949438e-05
0,0,6.607791e-05
0,0,2.546939e-05
0,0,8.329437e-06
0,0,0.008503891
0,0,1.7284171e-07
0,0,0.17712617
0,0,0.0003408395
0,0,1.5206332e-05
0,0,0.42285383
0,0,8.4722524e-05
0,0,0.14542803
0,0,4.8643233e-05
0,0,8.12618e-05
0,0,0.33106038
1,1,0.8090636
0,0,3.0945723e-06
0,1,0.61206144
0,0,5.111161e-05
0,0,0.0036571228
0,0,0.31057587
0,0,1.9060593e-05
0,0,1.946117e-06
0,0,8.5157114e-07
0,0,8.459355e-06
0,0,7.3450065e-05
0,0,1.8558299e-07
0,0,1.1303871e-06
0,0,5.5336688e-05
0,0,2.099813e-05
0,0,2.6627913e-06
0,0,0.06136456
0,0,6.828409e-05
0,0,2.2363663e-05
0,0,0.077932745
1,1,0.9999349
0,0,8.3916704e-05
0,0,2.0779542e-05
0,1,0.5503578
0,0,0.003952545
0,0,2.0580494e-05
0,0,6.3596013e-07
0,0,0.12880231
0,0,1.1324523e-06
0,0,0.0075813583
0,1,0.778609
0,1,0.58800066
1,1,0.9999902
0,1,0.91028464
0,0,0.20085585
0,0,1.207885e-06
0,0,0.13257454
0,0,0.00015955158
1,1,0.67455775
0,0,1.9071704e-05
0,0,0.28369364
0,0,8.4626445e-05
0,0,0.051704593
0,0,4.2019037e-06
1,1,0.95664984
0,0,8.996328e-05
0,0,5.3983094e-06
0,0,0.00038264648
0,0,4.4348994e-06
0,0,0.00012769012
0,0,6.916779e-05
0,0,9.0224756e-07
0,0,1.334824e-07
0,0,2.1746628e-07
0,0,0.0040212674
0,0,2.9388902e-05
1,1,0.79693925
0,0,0.37433088
1,1,0.9999993
0,0,6.161475e-05
0,0,0.17068665
0,0,1.3179579e-06
0,1,0.88718814
0,0,0.018320324
0,0,7.4871474e-07
0,0,6.9122675e-06
0,0,8.800903e-05
0,0,0.00044672782
0,0,5.715735e-07
0,0,8.607572e-05
0,0,0.01369166
0,0,3.5088175e-05
1,1,0.99993646
0,0,2.1072636e-05
0,0,2.292355e-06
0,0,1.3307185e-07
0,0,0.10763753
0,0,6.934915e-06
0,0,1.1082645e-06
0,0,0.014970589
0,0,2.988673e-05
0,0,0.00037980903
0,0,9.599165e-07
1,1,0.99999785
0,0,6.9380905e-05
0,0,7.2675252e-06
0,0,0.0060520065
0,0,0.011939293
0,0,8.0480066e-05
0,0,5.9743612e-05
0,0,5.506813e-06
0,0,0.002063311
0,0,9.01857e-06
0,0,0.11673574
0,0,0.07935732
0,0,1.9140405e-06
0,0,1.5200704e-06
0,0,0.18218488
0,0,5.883448e-06
0,0,0.00019827738
0,0,0.085216194
0,0,3.3621916e-07
0,0,0.40184864
0,0,0.04813136
0,0,8.279783e-05
0,0,9.544003e-07
0,0,4.473684e-05
0,0,7.95385e-05
0,0,3.5963474e-06
0,0,0.031515203
0,0,3.0764754e-06
0,0,2.2246777e-05
0,0,3.3965815e-05
0,0,4.164834e-05
0,0,9.5783296e-05
0,0,4.636002e-05
0,0,1.9101328e-06
0,0,0.023434017
0,0,6.349336e-05
0,0,5.2665036e-06
1,0,0.22323622
0,0,2.2265179e-07
0,0,2.9644784e-06
0,0,1.0937924e-05
0,0,0.0067743533
0,0,4.4808487e-05
0,0,7.231611e-05
0,0,2.8815775e-06
0,0,0.000103804115
0,0,0.10253307
0,0,0.23763005
0,0,0.1606407
0,0,0.40683472
0,0,2.0999913e-05
0,0,0.08695561
1,1,0.9999988
0,0,2.201563e-05
0,0,7.509968e-05
1,1,0.68678015
0,0,0.1361413
0,0,1.1826487e-06
0,0,0.2042669
0,0,1.3180911e-05
0,0,0.32644308
1,1,0.999998
0,0,6.7441775e-05
0,0,2.7212665e-05
0,0,0.30599326
0,0,3.1337564e-05
0,0,0.00016916169
0,0,2.9182485e-05
0,0,4.741182e-05
0,0,0.0227401
1,1,0.84623677
0,0,0.44018042
0,0,6.9881964e-05
0,0,0.0018007167
0,0,8.381138e-05
0,0,0.000113636655
0,0,0.051467676
0,0,0.13625006
0,0,0.09285184
0,0,0.32849196
1,1,0.99997807
0,0,0.030612025
0,1,0.71402514
1,1,0.9204774
0,0,9.4826955e-06
0,0,1.3099332e-06
0,0,0.44381517
0,0,8.917807e-05
0,0,0.107062094
0,0,8.905519e-05
1,1,0.9998981
0,0,0.039470524
1,1,0.9998895
1,1,0.9999685
0,0,6.3055304e-05
0,0,5.665207e-06
0,0,4.642803e-06
0,0,7.79509e-05
0,0,0.014367391
0,0,0.48510504
0,0,6.406171e-06
0,1,0.7047983
0,1,0.59228545
0,0,9.876791e-05
0,0,7.866589e-06
0,0,6.028532e-06
0,0,0.00012888723
0,0,0.000130558
0,0,5.0857132e-05
0,0,0.025897928
0,0,0.00010244394
0,0,4.267321e-06
0,0,0.14583637
0,1,0.7069159
0,0,0.027060043
0,0,0.013507633
0,0,4.282283e-05
1,1,0.99988806
0,0,1.4726721e-06
1,1,0.9999509
0,0,6.499599e-05
0,0,3.6762354e-05
0,0,2.5024512e-05
0,0,9.9715384e-05
0,1,0.66779304
0,0,0.07889755
0,0,4.379338e-05
0,0,3.00977e-05
0,0,9.559788e-05
0,0,2.68691e-06
0,0,0.014117402
1,1,0.8585565
0,0,0.014069851
0,0,0.28050154
0,0,2.229332e-06
0,0,5.100697e-05
0,0,1.661917e-05
0,0,1.1847816e-05
0,0,8.439467e-05
0,0,0.025490887
0,0,0.00017373006
0,0,1.2467502e-05
0,0,0.030758299
0,0,0.29942384
1,1,0.9999993
0,0,0.00019851196
0,0,7.5441176e-06
0,0,0.00025343263
0,0,0.0026080864
0,0,2.1797862e-06
0,0,0.01049368
0,0,0.011429782
0,0,1.3852996e-07
0,0,9.344794e-06
0,0,5.9507074e-05
0,0,3.865933e-06
0,0,0.0001278446
0,0,4.311948e-06
0,1,0.8015314
0,0,0.002448428
0,0,0.058311425
0,0,7.431288e-06
0,0,1.8258439e-07
0,0,0.3259008
0,1,0.74446803
0,0,9.0733255e-07
0,0,2.9482724e-06
0,0,1.6051887e-05
1,1,0.99997973
0,0,5.56697e-07
0,0,0.001648304
0,0,1.5408822e-06
0,0,1.5466445e-05
0,0,2.0903937e-07
0,0,2.0429843e-05
0,0,7.261968e-05
0,0,4.7551384e-06
1,1,0.9999994
0,0,4.668989e-05
0,0,1.1139388e-06
0,0,2.211006e-05
0,0,2.0701916e-07
0,0,0.0016492247
0,0,9.2858e-07
0,0,2.6245903e-06
0,0,0.0338556
0,0,0.07182192
0,0,0.052500974
0,0,0.26339287
0,0,1.22341635e-05
0,0,8.1848346e-05
0,0,4.3899545e-05
0,0,0.0024485318
0,0,8.591197e-05
0,0,4.4645298e-05
0,0,0.47838134
0,0,3.0654828e-05
0,0,2.9013881e-05
0,0,4.483268e-05
1,1,0.99998856
0,0,0.0001314138
0,0,4.3564253e-07
0,0,6.2381578e-06
0,1,0.7823083
0,0,1.1120356e-06
0,0,7.902485e-05
0,0,8.072317e-05
0,0,8.044288e-07
0,0,2.5380672e-05
0,0,5.193926e-06
0,0,2.575396e-05
1,1,0.9999988
0,0,1.1463358e-06
0,0,0.00012083869
0,1,0.79290783
0,0,0.0010747008
0,0,0.2123261
0,0,4.6736932e-05
0,0,0.0010024385
0,0,0.00034865795
0,0,0.15121275
0,0,0.04556463
0,0,7.334788e-05
0,0,0.00014235066
0,1,0.65900844
0,0,0.31420013
0,0,1.0940126e-05
0,0,6.667639e-05
0,0,4.4092085e-06
0,0,6.73053e-07
1,1,0.99998355
0,0,0.0135147115
0,0,0.40853804
0,0,2.0290297e-05
0,0,9.061097e-06
0,0,3.4767127e-06
0,0,0.008201303
0,0,0.23525801
0,1,0.6009089
0,0,4.128597e-06
0,0,2.1435721e-06
0,0,1.2715095e-05
0,0,4.326429e-07
0,0,0.00060850004
0,0,0.00013244853
0,1,0.62021583
0,0,4.751973e-05
1,1,0.8436643
0,0,5.5704022e-05
0,0,0.0039169514
0,0,3.1970678e-05
0,0,6.706478e-08
0,0,5.9670384e-07
1,1,0.85155624
0,1,0.6680093
1,1,0.9999517
0,0,0.0061322656
0,0,2.2152342e-06
0,0,0.4011671
0,0,3.2169533e-05
0,1,0.71107423
0,0,8.997069e-06
0,0,2.961366e-05
0,0,7.1586e-05
1,1,0.9999981
0,0,5.315904e-06
0,0,3.4099725e-05
0,0,0.41765502
0,0,0.12497137
0,0,0.00015608754
1,1,0.5019453
0,0,0.32272545
0,0,4.607661e-06
0,0,5.746021e-05
0,0,5.0786326e-05
0,1,0.62677896
0,0,1.8536946e-05
0,0,2.5609508e-05
0,0,1.1029958e-05
0,0,0.42686278
0,0,2.9665825e-06
0,0,0.09597596
0,0,8.005143e-05
0,0,1.335996e-06
0,0,0.23476616
0,0,0.009890029
0,0,0.0020726782
0,0,6.160241e-05
0,0,7.1475224e-05
0,0,0.45393583
0,0,0.1635993
0,0,2.072419e-06
0,0,2.8664575e-05
0,0,3.7092161e-06
0,0,2.1094329e-05
0,0,3.2527396e-07
0,0,1.3529036e-06
0,0,1.3479917e-06
0,0,0.10328558
0,0,0.0039016807
0,0,5.4118478e-05
0,0,0.119427085
1,1,0.99999034
0,0,3.811408e-05
0,0,2.2707925e-06
0,0,0.11191006
0,0,0.14219381
0,0,9.309221e-05
0,0,1.2654796e-06
0,1,0.5042238
0,0,0.34778222
0,0,0.00022513025
1,1,0.99998903
0,0,0.08057556
0,0,0.26985106
0,0,0.066869505
0,0,0.0003259963
0,0,1.5303804e-06
0,0,3.9838033e-05
0,0,0.0016984845
0,0,8.326324e-06
0,0,0.02353576
0,0,0.00013592016
0,0,0.000101466285
0,0,6.125083e-05
0,0,0.16217707
0,0,1.0046732e-06
0,0,3.989324e-06
0,0,9.615427e-07
0,0,0.24190736
0,0,0.122787654
0,0,1.775693e-05
0,0,0.00015921342
1,1,0.5995742
0,0,0.13846073
0,0,0.00014999423
0,1,0.6286295
0,0,1.7642897e-07
0,0,1.6892673e-06
1,1,0.9999939
0,1,0.5569058
0,1,0.73339325
0,0,3.7180183e-05
0,0,1.4540151e-05
1,1,0.9999902
0,0,2.6059294e-07
0,1,0.9339855
1,1,0.99999964
0,0,6.168071e-05
0,0,0.08354904
0,1,0.85141325
1,1,0.9999763
0,0,0.0008119959
0,0,5.3395e-06
0,0,3.5208206e-05
0,0,0.49441007
0,0,3.6820427e-06
0,0,1.5282728e-06
0,1,0.6617539
0,0,2.9570447e-07
0,0,0.00069498003
0,0,1.6297792e-05
0,0,0.30685696
0,0,6.954193e-05
0,0,0.00011537689
1,1,0.63783216
0,0,5.236205e-06
1,1,0.999972
0,0,0.11938491
0,0,2.8806544e-06
1,1,0.55709594
0,0,0.005414475
0,0,5.6572335e-05
0,0,4.262425e-05
0,0,1.711916e-05
0,0,3.2193512e-07
0,0,1.8199144e-05
0,0,5.0210897e-06
0,0,4.944038e-07
0,0,0.000112489106
0,0,0.23375034
0,0,1.7077558e-06
0,0,2.0197717e-06
0,0,0.39933175
0,0,7.873901e-05
0,0,0.09529668
0,0,2.5122932e-07
0,0,4.0026393e-06
0,1,0.81223774
0,0,4.0232e-05
0,0,2.7983226e-06
0,0,0.3592628
0,0,2.4917184e-05
0,0,8.739176e-05
0,0,0.013311557
0,0,2.1288561e-07
0,0,3.6890575e-05
0,0,0.017232373
0,0,3.0371179e-05
0,1,0.6235123
0,1,0.7708147
0,0,0.10793723
0,0,4.6468725e-05
0,0,0.22230335
0,0,1.4139498e-07
0,0,0.007950591
1,1,0.99999905
0,1,0.67234993
0,1,0.9470582
1,1,0.9999993
0,0,0.2575641
1,0,0.04918806
0,0,3.829501e-05
0,0,0.030612025
0,0,0.0687088
0,0,4.891861e-07
0,0,0.000118969
0,0,4.0589302e-06
0,0,5.917548e-06
0,0,2.924503e-05
0,0,2.4205467e-06
0,0,1.3036084e-06
0,0,0.0563751
0,0,0.013345135
0,0,0.17512442
0,0,0.00030330577
0,0,0.00010287997
0,0,0.21115826
0,0,5.9075737e-06
0,0,0.0031228084
0,0,7.698803e-05
0,0,7.0593906e-08
0,0,3.3916327e-05
1,1,0.99999917
0,0,0.0013838183
0,0,0.00010305946
0,0,4.2000403e-05
0,0,9.5783296e-05
0,0,3.0535564e-06
0,1,0.52487713
1,1,0.99987876
0,0,1.2027023e-05
0,0,0.2766239
0,0,4.6036293e-06
0,0,0.02553414
0,0,6.979945e-05
0,0,0.18947324
0,0,6.708386e-05
0,1,0.63140935
0,0,0.4801681
0,0,9.076596e-06
0,0,2.9353832e-05
0,0,5.1392886e-05
0,0,1.2035007e-06
0,0,3.8320766e-05
0,0,2.9888899e-05
0,0,0.3249237
0,0,2.9557165e-07
0,0,0.0110494755
0,0,2.2252674e-05
0,0,2.8684826e-06
0,0,0.00012560732
0,0,0.0051706173
0,0,5.383409e-05
0,0,0.09626189
0,0,0.07667667
0,0,0.011605854
0,1,0.8547356
0,0,2.7723718e-05
1,1,0.99999976
0,0,0.4260559
0,0,0.087659076
0,0,2.2317963e-05
0,0,2.3215498e-06
0,0,1.7066217e-05
0,0,2.9824369e-06
0,0,0.00011277512
0,0,0.00015361907
0,0,4.648517e-05
0,0,0.16779992
0,0,3.4450444e-05
0,1,0.51638085
0,0,9.328829e-06
0,0,0.0018369072
0,0,1.4704571e-05
0,1,0.7255683
1,1,0.99997735
0,0,5.1309144e-06
0,0,0.0022756357
0,0,0.21187407
0,0,0.30817398
1,1,0.9999547
0,0,5.6168064e-06
0,0,1.4402751e-06
0,0,4.1959975e-06
0,0,0.021001287
0,0,7.873501e-06
0,0,0.0057154135
0,0,0.18026043
0,0,3.8518974e-06
0,0,4.085868e-05
0,0,2.2565435e-07
0,0,0.022184327
0,0,1.4467148e-05
0,0,0.00013528929
0,0,0.215898
0,0,0.21599735
0,0,0.03247246
0,0,9.5068885e-05
0,0,3.0416545e-06
0,1,0.70466363
0,0,1.0940857e-05
0,0,3.216024e-05
0,0,2.2321115e-07
0,0,1.282438e-05
0,1,0.53476626
0,0,1.1481998e-05
0,0,0.000112383495
0,0,8.958762e-06
0,0,0.0034217106
1,1,0.99998856
0,0,2.0768528e-06
0,0,6.10617e-05
0,0,6.3330197e-07
0,0,5.8344463e-06
0,0,0.0001300658
0,0,2.8844986e-05
0,0,4.6305053e-05
0,0,4.078751e-06
0,0,0.0001348951
0,0,8.5804706e-05
0,0,0.07015228
1,1,0.99998677
0,0,7.4100325e-07
0,0,0.1709882
0,0,9.5117875e-06
0,0,2.8241026e-08
0,1,0.52286345
0,0,3.9999563e-06
0,1,0.80361134
0,0,0.0001381841
0,0,1.0922745e-06
0,0,0.010377246
0,0,5.499901e-06
0,0,0.008445
0,0,0.004097294
0,0,4.1311193e-07
0,0,4.0314764e-05
0,1,0.80246913
0,0,0.05189822
0,0,1.7173137e-05
0,0,0.041683033
0,0,2.0532014e-05
0,0,0.08761818
0,0,1.2396308e-05
0,0,0.003571778
0,0,7.9365294e-05
0,0,0.004734434
0,0,3.6174088e-06
0,0,4.449464e-06
0,0,0.30555567
0,0,6.0664233e-06
1,1,0.9999591
0,1,0.6234538
0,0,1.112862e-06
0,0,1.1100131e-05
0,0,0.03432875
0,0,0.0031254427
0,0,5.891191e-06
0,0,1.6542604e-05
0,0,1.1572272e-05
0,1,0.5621805
0,0,0.00049778185
1,1,0.9999888
0,0,4.6760542e-06
0,0,0.38335285
0,0,8.823495e-07
0,0,5.5024168e-05
0,0,1.0120113e-05
0,0,9.171045e-06
0,0,0.0029338275
0,0,0.010730809
0,0,0.49999654
0,1,0.8138424
0,0,2.4639578e-06
0,0,1.2082975e-06
0,0,2.9957178e-06
0,0,0.37319946
0,0,0.00063771824
0,0,6.717476e-06
0,0,3.0884647e-05
0,0,3.1320953e-06
0,0,2.018192e-05
0,0,0.11671339
0,0,1.3417098e-06
0,0,0.114682846
0,0,2.6827697e-06
0,0,3.6742094e-05
0,0,0.3069242
0,0,0.071868934
0,0,8.407441e-05
0,0,0.00010159806
0,1,0.8641697
0,0,0.2718251
0,0,4.6673373e-05
0,0,5.006874e-06
0,0,5.3983094e-06
0,0,1.4250018e-05
1,1,0.7564763
1,0,0.18276945
0,0,1.3098783e-05
0,0,3.995816e-06
0,0,0.057081904
0,0,5.4330167e-06
0,1,0.541627
0,0,1.148501e-05
0,0,3.212854e-05
0,0,0.21283258
0,0,2.0930288e-07
0,0,5.5279936e-05
0,0,0.00032813847
0,1,0.714061
0,0,0.09945678
0,0,3.6069076e-05
0,0,3.526634e-05
0,0,6.1002165e-06
0,0,2.9335e-05
0,0,0.009934894
0,0,0.002382992
1,1,0.999997
0,0,4.2029133e-05
0,0,0.49140173
0,0,0.28721786
0,0,3.93815e-06
0,1,0.8911607
0,0,6.06569e-05
0,0,1.38746e-07
0,0,2.2857014e-06
0,0,3.6409335e-06
0,0,0.00010954086
0,1,0.8056895
0,0,3.534499e-05
0,0,3.6809255e-05
0,1,0.5631227
0,0,2.2474003e-05
0,0,0.0040042414
0,0,0.0012127918
0,0,3.54229e-06
0,0,5.685042e-05
0,0,0.024567368
0,0,3.4438553e-06
0,0,0.16356401
0,0,0.04490506
0,0,0.17230973
0,0,0.021610018
0,0,0.0085645635
0,0,6.28648e-05
0,0,0.066465914
0,0,2.8412703e-06
0,0,4.1020394e-06
0,0,1.2825334e-05
0,0,0.0015180822
0,0,1.9437075e-06
0,0,0.20356561
0,0,1.9868598e-05
0,0,5.18481e-06
0,0,0.032266624
0,0,0.09123265
0,0,0.082398005
0,0,0.03079021
0,1,0.7338412
0,0,5.5514385e-05
0,0,0.0010120479
0,0,0.45044434
0,0,7.014821e-06
0,0,0.28318417
0,0,1.6549156e-07
0,0,0.00062968384
0,0,4.1994437e-05
0,0,9.7007214e-05
1,1,0.9997942
0,0,2.0115858e-05
0,0,1.0800692e-06
0,0,0.011489786
0,0,0.00013616859
0,0,0.008163963
0,0,4.4581034e-06
0,0,8.730114e-05
0,0,2.8231005e-05
0,0,4.185879e-07
0,0,2.3902826e-06
0,0,0.000115512725
0,0,0.22594132
0,0,1.319944e-05
0,0,2.625361e-05
0,0,5.894309e-05
0,0,6.5757515e-05
0,0,0.06402803
0,0,0.13816825
0,0,5.6277626e-05
0,0,0.06739426
0,0,0.42469114
0,0,0.004882972
1,1,0.9999609
0,0,8.878591e-06
0,0,3.1706568e-06
0,0,9.3385427e-07
0,0,7.7709024e-05
0,0,6.3407765e-06
0,0,5.665315e-06
0,0,3.7026937e-05
0,0,7.941435e-05
1,1,0.999974
0,0,1.4263112e-05
0,0,1.0697862e-06
0,0,0.16747467
0,1,0.6730384
0,0,1.10282435e-05
0,0,0.27803868
0,0,2.5162759e-05
0,0,0.0028270064
0,0,8.004311e-05
0,1,0.8474028
0,0,0.00034410573
0,1,0.76937217
0,1,0.9227608
0,1,0.7226072
0,0,9.9273166e-05
0,0,2.1603216e-07
0,0,1.1087825e-06
0,0,0.0553716
0,0,0.025633456
0,0,8.7911314e-05
0,1,0.60818744
0,0,0.02097052
1,1,0.9999994
0,1,0.8400831
0,1,0.8438805
0,0,0.00015665997
0,0,6.187653e-05
0,0,2.3541631e-06
0,0,0.08841204
0,0,3.9821436e-05
0,0,2.8124274e-05
0,0,3.3099752e-06
0,0,9.763688e-05
0,0,4.3935142e-05
0,0,2.2290558e-06
0,0,4.0800078e-05
0,0,1.1808707e-05
0,0,0.26669046
0,0,4.913705e-06
0,0,0.44506243
0,0,4.4520916e-06
0,0,9.343716e-06
0,0,1.7380637e-07
1,1,0.99999917
0,0,0.0075257844
0,0,1.3452267e-06
0,0,0.00023597828
0,1,0.6982379
0,0,1.9601202e-05
0,0,0.06098149
1,1,0.63869524
0,0,7.5619675e-05
0,1,0.5537179
0,0,0.0058830734
0,1,0.8212962
0,0,0.00013553539
0,0,0.000105706
0,0,0.00016495059
0,0,1.8011839e-05
0,0,0.18893993
0,0,2.2981053e-06
0,0,0.0001677722
0,0,0.11477931
0,0,2.0220043e-05
0,0,9.612322e-05
0,1,0.6197985
0,0,0.08682183
0,0,7.125933e-06
0,0,2.037227e-06
0,0,0.017885303
0,0,2.670092e-06
0,0,6.4129374e-05
0,0,3.7496444e-05
0,0,0.029734977
0,0,5.3206633e-05
0,0,0.36803612
0,0,1.3381227e-05
0,0,0.27465227
0,0,1.4060273e-06
0,0,5.785582e-06
0,1,0.75288725
0,1,0.60970294
0,0,0.006617643
0,0,0.0001354611
0,0,5.0171657e-05
0,0,4.213982e-05
0,0,0.16049509
0,0,1.2045456e-06
0,0,2.5256165e-06
0,0,5.7740785e-05
0,0,0.00013104342
0,0,3.7485108e-05
0,0,0.010518148
0,0,1.9784835e-05
1,1,0.54069704
0,1,0.659668
0,0,2.1260521e-05
0,0,4.926435e-05
0,0,8.680869e-05
0,0,1.1883801e-05
0,0,8.735684e-05
0,1,0.83481693
0,0,1.38679015e-05
0,0,0.15387143
1,0,0.20003663
0,0,0.48765743
1,1,0.99994004
0,0,2.6822122e-06
0,0,0.0072017172
0,0,3.7105778e-07
0,0,1.4334155e-06
0,0,0.0021126634
0,0,3.849243e-05
0,0,4.931864e-05
0,0,1.8555729e-06
1,1,0.57528484
0,0,0.46144325
0,0,0.260324
0,0,5.751211e-06
0,0,9.6454685e-05
0,0,0.20691496
0,0,1.9959723e-06
0,1,0.6880007
0,0,5.2944855e-05
1,0,0.08288373
0,0,9.801703e-06
0,0,0.0037299425
0,0,5.8986e-06
0,0,0.015605586
0,0,4.8970232e-06
1,1,0.9999461
0,0,0.07206887
0,0,1.4334783e-05
0,0,1.8040419e-06
0,0,0.3442196
0,0,0.3484239
0,0,0.104778
0,0,0.010691962
0,0,6.641741e-05
0,0,9.615427e-07
0,0,0.012481833
0,0,0.089053616
0,0,0.27578723
1,0,0.18416281
0,1,0.5894086
0,0,4.6395138e-07
0,0,0.24024798
0,0,0.01950592
0,0,7.16945e-06
0,0,9.4241645e-05
1,1,0.6532492
0,0,5.021986e-05
0,0,2.3574932e-05
0,0,5.435447e-06
0,0,8.3362065e-05
1,1,0.99999964
0,0,0.0015831838
0,0,4.899069e-06
0,0,0.40375254
1,1,0.99996626
0,0,9.148203e-06
0,0,5.0853273e-06
0,0,0.0002293267
0,1,0.6158014
0,0,0.14984724
0,0,1.4087694e-06
0,0,1.1645406e-07
0,0,0.16483715
1,1,0.99997103
0,0,8.239538e-07
0,0,0.012260247
0,0,6.6463595e-05
0,0,7.53491e-05
0,0,0.028223224
0,0,7.411143e-05
0,0,0.44486338
0,0,2.2731865e-06
0,0,0.46123508
0,0,3.0029003e-06
1,1,0.7928795
0,0,0.19047153
0,0,0.20617889
0,0,2.924174e-05
0,0,0.00060078746
0,0,7.475571e-06
0,0,5.473073e-07
0,0,7.8126825e-05
0,0,3.0319727e-05
0,0,2.533178e-05
0,0,0.0063544116
0,0,0.000104978426
1,0,0.39031267
0,0,0.17132825
0,0,0.41495955
0,0,0.17115822
0,0,7.4194054e-06
0,0,8.617691e-05
0,0,0.13546306
0,0,0.049329426
1,1,0.6969245
0,0,0.00035732033
0,0,2.3330122e-05
0,0,3.5273435e-05
0,0,0.0069969506
0,0,3.986924e-06
0,0,1.480251e-05
0,0,3.0569915e-06
0,0,8.375269e-06
1,1,0.9999918
0,0,0.0035064947
0,0,1.1084908e-05
1,1,0.9999994
0,0,6.880853e-05
0,0,0.0001185431
0,0,2.190424e-05
0,0,2.021e-05
0,0,0.23018798
0,0,0.0035060598
0,0,0.0030649332
0,1,0.661886
0,0,0.0018506541
0,1,0.7494845
0,0,1.3194959e-05
0,0,0.00038059521
0,0,0.021307522
0,0,0.000109480075
0,1,0.8568891
0,0,0.0074611166
0,0,4.969797e-07
0,0,0.005836006
0,1,0.7819785
0,0,0.021702511
0,0,0.018711008
0,0,8.7460205e-05
0,0,2.6046699e-05
0,0,5.1350275e-07
1,1,0.9999366
0,0,0.00010309514
0,0,3.5204008e-05
0,0,0.45853752
0,0,3.282049e-07
1,1,0.9999318
0,1,0.59580237
0,0,6.0647297e-05
0,0,1.5235797e-06
0,0,0.21433073
0,0,0.0021371036
0,0,0.020604644
0,0,8.0365484e-05
0,0,0.0009879355
0,1,0.5682655
0,0,2.0078101e-05
0,0,0.30367061
0,1,0.58645284
0,0,6.8812726e-05
0,0,8.683005e-05
0,0,4.389812e-06
0,1,0.5901093
0,0,3.394755e-05
0,1,0.5385667
0,0,1.3578763e-06
0,0,2.6656396e-06
0,0,0.00012123746
0,0,0.0011041274
0,0,0.30514222
0,0,1.0488142e-05
0,0,0.07627163
0,0,1.1118437e-05
0,0,0.40150902
0,0,3.094237e-05
0,0,0.0069613457
0,1,0.60373
0,0,2.1367314e-05
0,0,9.191155e-05
0,0,1.8035595e-05
0,0,8.7374836e-05
0,0,3.6837357e-06
0,0,5.0484432e-05
0,0,0.0033257059
0,0,4.7120543e-06
0,0,3.91141e-06
0,1,0.77595866
0,0,2.7642167e-05
0,0,7.7493605e-05
0,0,6.9532126e-07
1,1,0.9999701
0,0,0.4938519
0,0,1.2731294e-05
0,1,0.804859
0,0,3.3203548e-06
1,1,0.99999976
1,1,0.9998691
0,1,0.8190493
0,0,0.0016662293
0,0,0.0013840774
0,0,0.402718
0,0,1.7965048e-06
0,0,3.749161e-06
1,1,0.9999994
0,0,8.354263e-05
0,0,1.5700375e-07
0,0,4.273169e-06
0,0,0.00015364544
0,0,2.2729679e-05
0,0,3.3670508e-06
1,0,0.31057274
0,0,2.5609508e-05
0,0,2.9751245e-06
1,1,0.7074329
0,0,0.014737729
0,0,0.13112459
1,1,0.99999976
0,0,0.44367287
0,0,0.0092181545
0,0,4.9006452e-05
0,0,0.32534987
0,0,0.19338705
1,1,0.9999989
0,0,0.24238476
0,0,4.2232705e-07
0,0,3.8831004e-06
0,0,7.0763934e-05
0,0,7.603792e-05
0,0,1.5222015e-06
0,0,0.101356044
0,1,0.71117026
0,0,4.311948e-06
0,0,0.0025051152
0,0,0.46773154
1,1,0.9999341
0,0,0.028321322
0,0,8.162967e-06
0,0,1.25451e-06
0,0,0.00022279669
0,0,8.220315e-05
0,1,0.8416972
0,0,3.256652e-06
0,0,1.8574815e-06
0,0,0.00036370568
0,0,3.9218426e-06
0,1,0.8874271
0,0,0.00040657836
0,0,2.4370177e-06
0,0,0.024987
0,0,0.00012749473
0,0,1.2135636e-05
0,0,0.026035324
0,0,0.0719553
0,0,0.00068964605
0,0,3.0728967e-05
0,0,0.4414317
0,0,8.2429887e-07
0,0,0.098863885
0,0,0.000111099755
0,0,9.8787306e-05
0,0,5.314431e-05
0,0,8.8086745e-06
0,0,5.153251e-05
0,0,2.2262407e-06
0,0,0.00011606004
0,0,1.8624677e-06
0,0,0.0023541735
0,0,2.8085462e-05
0,0,6.846941e-06
0,0,1.5370588e-06
1,1,0.9999994
0,0,1.1441689e-06
1,1,0.99999785
0,0,1.0250269e-05
0,0,6.6266904e-05
0,0,5.252956e-06
0,0,0.3568269
0,0,1.3233849e-05
0,0,6.535093e-05
0,0,0.00011236496
0,0,8.028753e-06
1,1,0.9999732
1,1,0.99996495
0,0,1.842111e-06
0,0,1.0417953e-05
0,0,0.017400978
0,0,6.189743e-05
0,0,3.2481782e-06
0,0,0.0003675934
0,0,0.008233824
0,0,9.564229e-05
0,0,4.5726913e-05
0,0,1.2143526e-07
0,0,5.03895e-07
1,1,0.99996996
0,0,6.0718066e-05
1,1,0.9999912
0,0,5.56996e-07
0,0,5.863692e-07
0,0,7.617327e-07
0,0,0.043344855
0,0,2.7871604e-06
0,0,0.06830914
0,0,2.5930289e-05
0,0,9.511555e-07
0,0,8.182275e-05
0,1,0.83209044
0,1,0.5452092
0,0,6.7562873e-06
0,0,3.7507172e-05
0,0,6.0015027e-06
0,0,1.51797e-06
0,0,0.12252037
1,1,0.9999522
0,0,0.0059306757
1,1,0.9999739
1,0,0.29279402
0,0,6.7781007e-06
0,0,2.0382256e-06
1,1,0.99998486
0,0,8.628327e-07
0,0,0.02758548
0,0,1.8258439e-07
0,0,0.27942297
0,0,1.959653e-06
0,0,4.501243e-05
0,0,0.026480503
0,0,2.4975756e-05
0,0,1.7777755e-05
0,0,9.1871945e-05
1,1,0.5846582
0,0,0.22879988
0,0,2.6620473e-06
0,0,6.6967323e-06
0,0,2.2476204e-06
0,0,2.453936e-05
0,0,3.1635618e-06
1,1,0.80029696
0,0,6.397819e-06
1,0,0.48070285
0,0,1.5105491e-05
0,0,0.00016593971
1,1,0.9999796
0,0,0.00011131577
0,0,0.13753553
0,0,0.027262302
0,0,0.28732502
1,1,0.8043582
0,0,4.744488e-05
0,0,2.642175e-06
0,0,0.034925763
0,0,0.0012924094
0,0,1.1195481e-05
0,0,4.2341244e-06
1,1,0.8552111
0,0,2.934878e-07
0,0,0.09915682
0,0,9.5708616e-05
0,0,5.877599e-05
0,0,2.3856164e-05
0,0,8.040162e-07
0,0,4.220187e-05
0,0,1.9704435e-06
0,0,0.011176687
0,0,5.402072e-05
0,0,0.0045851674
0,0,0.18210235
0,0,8.7309843e-07
0,0,0.0001114174
0,1,0.76483107
0,0,0.014600947
0,0,3.0876487e-05
0,0,0.0014659117
0,0,1.5366793e-05
0,0,0.082868956
0,0,0.00013090929
1,1,0.99999106
0,0,5.6035844e-07
0,0,5.5287117e-08
0,0,0.26526403
0,0,5.875167e-05
0,0,0.055018354
0,0,6.128694e-05
0,0,2.4562609e-05
0,0,8.277305e-08
0,0,3.6453916e-05
0,0,5.0031604e-06
0,0,0.0040097316
0,0,0.0143714985
0,0,9.574641e-05
0,0,7.5674354e-05
0,0,0.014542343
0,0,7.2379575e-05
0,0,0.0070106173
0,0,4.408523e-05
0,0,5.8872088e-06
0,0,0.0074791014
0,0,1.7692684e-06
0,0,6.378504e-08
0,0,5.5530585e-05
0,0,4.5633226e-07
0,0,2.6127007e-06
0,1,0.75784606
0,0,8.983152e-05
0,0,2.147831e-05
0,0,7.6361215e-07
1,1,0.78168905
0,0,0.4329495
0,0,1.3870454e-05
0,0,1.718437e-06
0,0,0.00063624186
0,0,7.1420777e-06
0,1,0.65855366
0,0,2.383756e-06
0,0,2.7133735e-06
0,0,2.8156612e-05
0,0,2.1182785e-05
0,0,4.105636e-06
0,0,8.3083985e-05
0,0,0.0028808028
0,0,0.46646366
0,0,5.8573037e-06
0,0,0.2599791
0,1,0.7236825
0,0,0.025565878
0,1,0.5195336
0,0,6.486466e-05
0,0,0.30555457
0,0,0.117341176
0,0,3.644874e-05
0,0,2.0363534e-05
0,0,2.0600817e-05
0,0,4.492144e-05
0,0,0.0012340354
1,1,0.57458085
0,0,0.33455095
0,0,2.0763278e-05
0,0,0.2177183
0,1,0.6508453
0,0,4.113489e-05
0,0,3.4769007e-05
1,1,0.9999827
0,0,3.0269139e-06
0,0,8.5673484e-05
1,1,0.9999802
0,0,3.52848e-06
0,0,3.8382317e-05
0,0,3.668681e-05
0,0,2.490165e-05
0,0,1.4283298e-05
0,0,0.043708578
0,1,0.70936656
0,0,2.4826647e-06
0,0,1.8959452e-05
0,0,0.00010311746
0,0,4.541568e-06
0,0,0.046852827
0,0,0.06816202
0,1,0.5101562
0,0,2.5121858e-06
0,0,0.39429808
0,0,2.9180093e-05
0,0,3.4708613e-05
0,0,1.5309322e-06
0,0,0.115562834
1,1,0.67745465
0,0,4.6101886e-05
0,0,0.08101804
0,1,0.8105068
0,0,1.9949328e-05
0,0,6.9099755e-05
0,0,6.3318315e-05
0,0,0.00015636657
1,1,0.99111044
0,0,0.40153623
0,1,0.69834596
0,0,0.012514472
0,0,2.1128897e-05
0,0,2.8825434e-05
0,0,5.6217392e-05
0,0,6.1087044e-06
0,0,8.733295e-05
0,0,1.15972625e-05
0,0,6.741008e-05
0,0,7.556756e-05
0,0,2.0823878e-05
0,0,0.00010027032
0,0,2.4281417e-06
0,0,1.1756346e-05
0,0,4.875962e-05
0,0,0.045896184
0,0,2.3290852e-06
0,0,0.00012845584
0,0,4.3544933e-05
0,1,0.94193614
0,0,0.025650933
0,0,4.100177e-05
1,1,0.9999994
0,0,2.0783905e-06
0,1,0.7586355
0,0,4.8778827e-05
1,1,0.99998224
0,0,8.497146e-06
0,1,0.65507966
0,0,0.46216455
1,0,0.05040988
0,0,2.6211535e-06
0,0,0.080226816
0,0,0.00014883465
0,0,1.651543e-06
0,0,4.385394e-05
0,0,4.9478764e-05
0,0,0.00010637235
0,0,1.7330256e-05
0,0,0.013440635
0,0,5.229225e-05
0,0,4.0375362e-05
0,0,1.8740077e-06
0,0,0.0045724814
0,1,0.7830835
0,1,0.81146973
0,0,0.005704498
0,0,0.13648036
0,0,1.9130011e-05
0,0,0.010738156
0,0,2.8296801e-05
0,0,0.00031389736
0,0,6.311359e-05
0,0,8.507046e-06
0,0,0.0005958641
0,0,4.1166218e-06
1,1,0.9998504
0,0,4.8781756e-05
0,0,5.762092e-06
0,0,8.867514e-06
0,0,3.165086e-06
0,0,0.00014669388
1,1,0.99999917
0,0,2.2495976e-06
1,1,0.999897
0,0,0.002110483
0,0,3.2106458e-05
0,0,3.3013417e-05
0,1,0.5335049
0,0,0.002506249
0,0,3.3854874e-06
0,0,1.8878352e-05
0,0,1.4677158e-06
0,0,1.6141146e-06
0,0,4.1708627e-06
0,0,0.00015542308
1,1,0.7187221
0,0,1.8489418e-05
0,0,0.00015395004
0,0,8.49088e-07
0,0,0.40267184
0,0,8.3503573e-07
0,1,0.80295616
0,0,0.025954686
0,0,0.037771396
0,0,0.00075225026
1,1,0.99995637
0,0,0.0030085037
0,0,3.2862442e-06
0,0,0.00021254843
0,1,0.59085363
0,0,6.389595e-05
0,0,0.45847085
0,0,0.000813054
0,0,2.9513942e-05
0,0,0.08489339
0,0,6.6625355e-05
0,0,9.511555e-07
0,0,0.22852288
0,0,0.40759102
0,0,0.024221422
0,0,1.1829454e-06
0,0,3.3921304e-05
0,0,4.1493768e-05
0,1,0.7638526
0,0,0.005335623
0,1,0.9002137
0,0,3.785635e-05
0,0,0.15171906
0,0,0.0021517333
1,1,0.9999951
0,0,0.07912508
1,1,0.8502616
0,0,0.003604853
0,0,0.011866851
0,0,0.0070228763
0,0,0.0007071728
0,0,2.5384243e-06
0,0,0.00047323026
0,0,1.3243621e-06
0,0,5.3074622e-05
0,0,0.0014816208
0,0,9.567394e-05
0,0,2.8628843e-05
0,0,5.8493606e-06
0,0,0.0025267487
0,0,0.027983122
0,0,3.5665056e-05
0,0,0.0105686635
0,0,0.00015488989
0,0,0.00034163948
0,0,0.22379543
0,0,8.277012e-05
0,0,0.0024343682
0,0,0.00014104438
0,0,1.6021493e-06
0,0,3.3919914e-05
0,0,0.00015430995
0,0,5.1208208e-05
0,0,0.0075179036
0,1,0.67508376
0,0,5.0389635e-06
0,0,1.0922745e-06
0,0,0.00010564584
0,0,5.4181974e-06
0,0,4.0688674e-06
0,0,4.9788454e-05
0,0,2.2388673e-05
0,0,2.854655e-06
0,0,9.4400486e-05
0,0,2.0436859e-05
0,0,9.707273e-05
0,0,1.5669439e-05
0,0,1.8106095e-05
0,0,5.0764165e-06
0,0,3.6448313e-07
0,0,0.04130979
0,0,0.03247724
0,0,2.3766039e-05
1,1,0.99999964
1,1,0.99994826
0,1,0.6901621
0,0,0.17682226
0,0,0.00017614117
0,0,2.0846788e-05
0,0,7.87357e-05
0,0,8.733586e-05
0,0,6.0212562e-05
1,0,0.05412201
1,1,0.99993634
0,0,0.35642374
0,0,0.009429664
0,0,7.7081466e-05
0,0,0.00027894723
0,0,3.749161e-06
0,0,6.7933274e-06
0,0,2.6435679e-05
0,0,8.793152e-05
0,0,0.38028008
0,0,0.10818909
1,1,0.741085
1,1,0.7458772
0,0,0.19320546
0,0,1.1383743e-06
0,0,0.00010728601
0,1,0.631349
0,0,0.15416871
1,1,0.9999397
0,1,0.6173086
0,0,0.06277518
0,1,0.67211896
0,0,0.015987521
0,1,0.7893658
1,1,0.9999999
0,0,4.772077e-05
1,1,0.99999535
0,0,7.97939e-05
0,0,6.232384e-06
0,0,3.5286282e-06
0,0,2.2113623e-05
0,0,0.004333473
0,0,0.00013528348
0,1,0.66448987
0,0,1.25615825e-05
0,1,0.5659243
1,1,0.5828285
0,0,5.8941183e-05
0,0,2.445535e-05
1,1,0.9999994
0,0,9.333216e-06
0,0,0.041094262
0,0,1.0507524e-05
0,0,0.03878773
1,1,0.9999603
1,0,0.46497574
1,1,0.9999057
0,0,3.942125e-06
0,0,0.00011590564
1,1,0.9999795
0,0,5.37797e-05
1,0,0.3348596
0,0,2.270435e-06
0,0,9.581111e-07
0,0,0.03398239
0,0,9.208376e-05
0,1,0.71931446
0,0,5.124124e-07
0,0,2.4762164e-06
0,0,1.288886e-05
0,1,0.6363235
0,0,0.0014234302
0,0,0.002447989
0,0,0.014092417
0,0,4.2152158e-05
0,1,0.6444487
1,1,0.7391059
1,1,0.999985
0,0,1.5390024e-05
1,1,0.9998467
0,0,1.964741e-05
0,0,4.3261707e-06
0,0,5.280082e-06
0,0,0.05148749
0,0,0.11396649
0,0,7.626892e-05
0,0,0.01864949
0,0,0.033025686
0,0,0.32820243
1,1,0.99998724
1,1,0.73999935
0,0,3.6719646e-06
0,0,8.549785e-05
0,0,0.31748122
0,0,1.7884754e-06
0,0,0.00011065411
0,0,0.23723857
0,0,6.457761e-05
0,0,8.296333e-05
0,0,0.2306245
0,0,4.9515447e-06
0,0,3.3187567e-05
0,0,1.4520265e-05
0,0,9.309301e-05
0,0,0.2163196
0,0,8.197286e-07
0,0,0.26486683
0,0,0.010779981
0,0,0.10956718
0,0,2.9330216e-05
0,0,3.6075971e-06
0,0,0.0002246962
0,0,4.189476e-06
0,0,7.8287914e-05
0,0,2.3826537e-06
0,0,0.03954281
0,0,2.8669825e-05
0,0,0.011265069
0,0,2.5474749e-06
0,0,1.3127031e-06
0,0,1.859277e-06
0,0,2.4269415e-05
0,0,1.4547501e-05
0,0,0.00024825023
0,0,1.8437472e-06
0,0,0.22059587
0,0,2.9014904e-05
0,0,3.4669443e-07
0,0,2.8051256e-05
0,0,0.00013141581
0,0,0.06978669
0,0,2.8163083e-06
0,0,0.4653466
0,0,4.9248706e-06
0,0,0.0026736888
0,0,8.6274085e-06
0,0,7.021099e-06
0,0,0.06998134
0,0,8.9042456e-05
0,0,4.891861e-07
0,0,4.5281344e-05
0,0,1.6969976e-05
0,0,0.0077611865
1,1,0.9999771
0,0,0.042915963
0,0,1.8764824e-05
1,1,0.99999416
0,0,0.31259358
0,0,4.600373e-05
0,0,0.26302224
0,1,0.88376004
0,0,8.911993e-05
0,0,6.6803106e-05
0,0,8.882953e-06
0,0,1.3309575e-05
1,1,0.99999857
0,0,0.32761183
0,0,4.8449627e-05
0,0,4.0800078e-05
0,0,5.0525427e-06
0,0,0.0003433234
0,1,0.7416624
0,0,0.011035516
0,0,0.00023259921
0,0,2.8001568e-05
0,0,0.030454505
0,1,0.756262
0,0,0.0037015458
0,0,1.9206513e-05
0,0,0.19702408
0,0,5.1491486e-05
0,0,6.74023e-05
0,0,2.4861714e-05
0,0,4.0990635e-06
0,0,1.8670735e-05
0,0,3.0989165e-06
1,1,0.99999845
1,1,0.75078255
0,0,0.20952207
0,0,3.654044e-05
0,0,0.14640662
0,0,5.3451455e-05
1,1,0.9999882
0,0,0.040481225
0,0,0.00012174963
0,0,0.0020685508
0,0,3.6759798e-06
1,1,0.9999416
1,1,0.999992
0,0,4.0623894e-05
0,0,2.2054506e-05
0,0,0.000120497294
0,0,0.00016321908
0,0,2.5212678e-06
0,0,0.004311035
0,0,0.0024364602
0,0,2.1526048e-05
0,0,0.027867736
1,1,0.8417246
0,0,0.0684323
0,0,0.3846312
0,0,1.4018603e-07
1,1,0.99995923
0,0,0.0027320033
0,0,7.323183e-06
0,0,4.5026198e-07
0,0,0.00013438823
0,0,1.7872138e-06
0,1,0.7077023
0,0,0.00022654062
0,0,0.047584273
0,0,1.3176557e-07
0,1,0.64997196
0,0,2.5410206e-06
0,0,3.979103e-05
0,0,1.6680187e-05
0,0,0.009086729
0,0,3.3278935e-05
0,0,0.04992608
0,0,1.984037e-06
0,1,0.871337
0,0,1.1051394e-06
0,0,0.3484264
0,0,2.529866e-07
0,0,4.4411703e-05
0,0,0.16635059
0,0,0.15804078
0,0,0.04272127
1,1,0.99998045
0,0,1.4535714e-05
0,0,0.27193773
0,0,6.704748e-05
1,1,0.99982554
0,0,0.20945247
0,0,4.3231343e-05
0,1,0.62570125
1,1,0.5089177
0,0,0.00015438281
0,0,0.29721767
0,0,0.09822765
0,0,1.549513e-05
0,0,0.00014268265
0,0,0.038183756
0,0,6.3992834e-06
0,0,1.2700946e-06
0,0,5.4330167e-06
1,1,0.99998116
0,0,0.01369997
0,0,1.6574743e-06
0,0,2.9975075e-05
0,1,0.6388554
0,0,8.259782e-07
0,0,3.1325046e-06
0,0,3.346856e-05
0,0,0.13325408
1,1,0.99999917
0,0,0.00015135825
1,1,0.9999976
0,0,0.36399853
0,0,7.698737e-05
0,0,3.836291e-06
0,0,3.52848e-06
1,0,0.37858588
0,0,2.5565732e-05
0,0,4.2613183e-06
0,1,0.81087035
0,0,1.6137406e-06
0,0,0.49286607
0,0,2.3109778e-06
0,0,7.420484e-05
0,0,4.8694865e-06
0,0,6.153102e-05
0,0,1.3401021e-07
0,0,1.1049991e-06
0,0,0.0013309086
0,1,0.62116706
0,1,0.56889564
0,0,0.06983888
0,0,5.2046875e-07
0,0,2.9397345e-06
0,0,2.8511497e-05
1,1,0.9999218
0,0,0.0047824224
0,1,0.58726573
1,1,0.9999776
0,0,0.0001501721
0,0,9.53642e-06
0,0,0.00016667249
0,0,1.8840935e-07
0,0,4.2766035e-07
0,0,0.007763687
0,0,0.1238119
0,0,0.024003332
0,0,0.00017482748
0,0,0.2464423
0,0,0.37352696
0,0,8.740143e-05
0,0,0.008642335
0,0,4.8931128e-05
0,0,0.033717904
0,0,0.028385311
1,1,0.99999774
0,0,1.5250495e-06
0,0,0.11351048
0,0,7.1249065e-06
0,0,0.4210085
1,1,0.99995637
0,0,0.07886358
0,0,0.1090492
0,0,1.2621495e-06
0,0,3.843477e-05
0,0,8.5347725e-05
0,1,0.76137304
0,0,5.7858957e-05
0,0,2.5962108e-05
0,0,0.006990917
1,1,0.9999993
0,0,1.1663901e-05
0,0,0.27300847
0,1,0.777762
0,0,1.6992575e-06
0,0,7.937471e-06
0,0,0.024895795
0,0,0.43405426
0,0,1.3756091e-06
1,1,0.99999917
0,0,0.00020485255
0,1,0.84384865
0,0,5.2861415e-05
0,0,7.887375e-05
0,0,6.683713e-05
0,0,5.989901e-05
0,1,0.5266577
0,0,0.10407593
0,0,0.297762
0,0,0.11931122
0,0,0.123573236
0,0,4.457291e-06
0,0,5.333307e-05
0,0,0.25442365
0,0,0.00073044666
0,0,6.134822e-05
1,1,0.99996245
0,0,3.819111e-05
0,0,0.011701642
0,0,5.7036727e-05
0,0,4.014291e-06
0,0,5.187763e-06
0,0,6.5045524e-06
0,0,9.3105074e-05
1,0,0.29819477
0,0,0.044013232
0,0,0.11321964
0,0,8.259782e-07
0,0,5.638716e-05
0,0,0.013992089
0,0,5.7148745e-06
0,0,4.3952155e-06
0,0,8.6277015e-07
1,0,0.43190333
0,0,1.8646252e-06
0,0,2.8364595e-06
0,0,0.049158975
1,1,0.9998977
0,0,0.3624614
0,0,0.3130379
0,0,1.639233e-07
0,0,1.1798329e-05
0,0,1.5986152e-05
0,0,5.0469384e-07
0,0,0.00024329386
0,0,0.18064411
0,0,0.019778896
0,0,2.6790172e-05
0,1,0.67315704
0,0,0.0050020283
0,0,0.00014217784
1,1,0.9998512
0,0,1.1163145e-06
0,0,0.17447984
0,0,3.2450355e-06
1,0,0.17342655
0,0,1.6124837e-06
0,0,5.1599825e-05
0,0,4.80161e-07
0,1,0.9166472
0,0,7.5460957e-06
0,0,0.25037172
0,0,1.4276705e-05
0,0,3.7406041e-06
0,0,1.2742694e-06
1,1,0.9999671
0,0,0.00036615034
0,0,7.035544e-05
0,0,0.17870659
0,0,0.006380532
0,0,0.008278603
0,0,3.7276985e-07
0,0,1.3647643e-05
0,0,2.7801495e-06
0,0,4.6765003e-06
1,0,0.27568793
1,1,0.99999535
0,0,6.659882e-06
0,0,0.06160063
0,0,5.516061e-05
0,0,4.8361457e-05
0,0,3.076515e-05
0,0,1.4013817e-07
0,0,2.5738786e-05
1,1,0.9999813
0,0,2.3786278e-07
0,0,0.028388359
0,0,4.4092085e-06
0,1,0.7684443
0,0,5.3481685e-06
0,0,0.000113757655
0,0,3.967618e-05
1,1,0.9999783
0,0,0.0039795698
0,0,1.1511714e-06
0,0,0.004148314
0,0,4.255442e-06
0,0,5.889247e-07
0,0,0.0004944413
0,0,0.15804762
0,0,9.367887e-05
0,0,9.188125e-06
0,0,2.7399307e-07
0,0,4.3165298e-07
0,1,0.6151512
0,0,0.0354885
0,0,0.2958176
0,0,2.671638e-06
0,0,2.1015885e-06
0,0,1.3870798e-05
0,0,3.8745624e-05
0,0,8.525889e-06
0,0,9.263005e-06
0,0,5.3959655e-05
0,0,7.867259e-05
0,0,0.00015430995
0,0,0.17364916
1,0,0.10999015
0,0,4.8244645e-05
1,1,0.9999771
0,0,0.37605318
0,0,1.7380637e-07
0,0,7.147617e-06
0,0,4.962224e-07
0,0,0.0018837857
0,0,1.1242429e-05
0,0,1.5576396e-06
0,0,3.4620289e-06
0,0,5.4484484e-05
0,0,0.0811994
0,0,5.6476652e-05
0,0,4.066482e-06
1,1,0.9999778
0,0,3.1890127e-06
0,0,3.1749503e-06
0,0,0.00032665278
0,1,0.7487548
0,0,0.030594483
0,1,0.69013554
0,0,0.00070707506
1,1,0.99988306
0,0,0.053943574
0,0,0.19277385
0,0,0.00631792
0,0,0.23534513
0,0,4.283287e-06
0,0,5.315904e-06
0,0,0.0018525586
0,0,0.37614146
0,0,2.0013683e-06
0,0,2.3199731e-05
0,0,0.00019856893
0,0,5.884088e-07
0,0,0.023975309
0,0,4.3580334e-07
0,0,1.5731774e-06
0,0,4.9697803e-05
0,0,3.2807504e-05
0,0,7.798065e-06
0,0,6.754573e-05
0,0,0.18346307
0,0,0.010517836
0,0,0.19287752
1,1,0.9999312
0,0,1.7527882e-05
0,0,3.8096023e-05
0,0,4.856759e-05
0,0,2.0910244e-05
0,0,0.16147959
0,0,0.038131166
0,0,0.015275661
0,0,9.350377e-07
0,0,1.9366733e-05
0,0,1.1218278e-05
0,0,0.45119226
0,0,0.00094213645
0,0,0.49550697
0,1,0.7698539
0,0,5.5304695e-06
0,0,6.306775e-06
0,0,0.13064484
0,0,0.30136073
0,0,5.2967226e-07
0,1,0.53425145
0,0,0.29278314
0,0,7.1844435e-05
0,1,0.759525
0,0,0.0001276581
0,0,3.0157082e-06
0,0,5.7801113e-05
0,0,0.00010123993
0,0,0.06585106
0,0,2.2419047e-06
1,1,0.9999738
0,0,8.569115e-06
0,0,6.1095257e-06
0,0,7.0960436e-05
0,0,6.4646985e-05
0,0,7.407935e-05
0,0,7.343984e-05
1,1,0.7439623
0,0,0.040871084
1,1,0.99999106
0,0,5.141235e-05
0,0,9.758327e-05
0,0,0.3294017
0,0,0.21272051
1,1,0.75450915
0,1,0.5121476
0,0,7.37589e-05
0,0,2.6439586e-05
0,0,0.054025285
0,0,0.0009780322
0,0,0.00014235867
0,0,3.7739308e-05
0,0,0.04490114
0,0,0.008543668
0,0,2.2317326e-07
0,0,3.4884201e-06
0,0,0.0688336
0,0,1.3776027e-05
0,1,0.64429945
0,0,4.371469e-05
0,0,3.339057e-07
0,0,4.358929e-06
0,0,0.10241387
0,0,2.512725e-06
0,0,0.00010589355
0,0,0.001880328
0,0,4.1375225e-07
0,0,0.44704318
0,0,1.8868062e-06
0,0,0.18530355
0,0,0.02556204
0,0,0.0944632
0,0,0.041980367
0,0,3.2891585e-05
0,1,0.97426707
0,0,0.40119135
0,0,4.803534e-06
0,0,3.6032186e-05
0,0,0.48413813
1,0,0.2762308
0,0,1.4542244e-05
0,0,0.00010314037
1,1,0.99997306
0,0,4.6109276e-06
1,1,0.99999857
0,0,2.7690267e-05
0,0,8.476136e-06
0,0,0.0493522
0,0,1.9071704e-05
0,0,1.6549156e-07
0,0,1.5473379e-05
0,0,0.48060906
0,0,0.37944502
0,0,2.66056e-06
0,0,2.6710963e-05
0,0,7.556994e-05
0,0,1.3391438e-07
0,0,0.049590845
0,0,0.0747431
0,0,2.4260115e-05
0,0,0.0033991183
0,0,9.038048e-05
0,0,0.017304432
0,0,0.011818861
0,0,0.020094046
0,0,6.336048e-05
0,0,4.7142026e-07
0,0,1.5557232e-06
0,0,7.51251e-05
0,0,0.022362148
0,0,1.2233511e-05
0,0,0.30034593
0,0,0.09353614
0,0,6.342244e-05
0,0,0.027322166
0,0,1.3559634e-05
0,1,0.549512
1,1,0.9999994
0,0,0.00013237013
0,0,4.940055e-06
0,0,0.00010029949
0,0,4.815115e-06
0,0,2.9502771e-05
1,1,0.99990237
0,0,0.00014023921
0,0,1.4495391e-06
1,1,0.9999728
0,0,0.16737401
0,0,3.7150836e-05
0,0,7.2225885e-05
0,0,5.8888087e-05
0,0,0.10761815
0,0,0.018217653
0,0,1.4017096e-06
0,0,0.00022008113
0,0,1.5858502e-06
0,0,2.8207517e-06
0,0,0.16726676
0,0,0.0070469156
0,0,2.6033389e-05
0,0,0.015045901
0,0,2.5005095e-06
0,0,8.007037e-07
0,0,4.42769e-06
0,0,1.8332904e-06
0,0,0.048083764
0,0,4.848768e-07
0,0,0.48954055
0,0,2.2810915e-05
0,0,4.889712e-05
0,0,1.2054261e-05
0,0,8.60557e-05
0,0,0.0018398121
0,0,7.9597794e-07
0,0,0.0002123819
0,0,0.0040365607
0,0,2.90977e-06
0,0,0.00027565996
0,0,0.44356775
0,0,1.9406718e-06
0,0,0.4616153
0,0,0.000111479894
0,0,3.93815e-06
0,0,0.032737184
0,0,0.07824545
0,0,1.9909681e-05
0,0,0.00078616815
0,0,4.819792e-06
1,1,0.9998925
0,0,1.6545491e-05
0,0,0.16672948
0,1,0.6302875
0,0,6.358382e-05
1,1,0.72694427
0,0,3.9756293e-07
0,0,0.12550937
0,0,2.536451e-05
0,0,0.000119152595
0,0,0.4734688
0,0,2.0612488e-06
0,1,0.5511059
0,0,1.3084207e-07
0,0,0.005576936
0,0,0.040294494
0,0,2.182051e-06
0,0,4.222177e-06
1,0,0.16991714
0,0,9.859039e-06
0,1,0.8486556
1,1,0.9999994
1,1,0.9999323
1,1,0.99999654
0,0,0.001649176
0,0,1.6348758e-05
1,1,0.9999993
0,0,5.114213e-05
0,0,3.6016485e-05
0,0,0.4656293
0,0,0.2427815
0,0,2.2488781e-07
0,1,0.52573746
0,0,0.09265517
1,0,0.32675838
1,1,0.9999887
0,0,0.014866372
0,1,0.6027198
0,0,5.9091948e-05
0,0,8.2366785e-07
1,1,0.99996483
0,1,0.5776459
0,0,1.1389584e-06
0,0,0.00010675901
0,0,0.3226966
0,0,0.00016709305
0,0,0.0034691587
0,0,0.16386792
0,0,0.0125500485
0,1,0.6873686
0,0,1.821708e-05
0,0,1.5482146e-05
0,0,0.120312676
0,0,2.340306e-07
1,1,0.9999994
1,1,0.99995995
0,0,5.969589e-05
1,0,0.15245762
0,0,4.6438475e-07
1,1,0.7470531
0,0,2.9449304e-05
0,0,3.9760343e-06
1,1,0.99999964
0,0,2.2549939e-05
0,0,0.00014041329
0,0,3.2735788e-06
0,0,4.521649e-05
0,0,0.19281599
0,0,0.004727804
0,0,0.2543855
0,0,1.1490914e-05
0,0,0.005031411
0,1,0.51156765
0,0,1.4957235e-06
0,0,5.9440492e-05
0,0,1.455709e-05
0,0,0.015035834
0,0,6.524657e-05
0,0,2.5441534e-06
0,0,7.489682e-07
1,1,0.99998915
0,1,0.65140265
0,0,8.835573e-05
1,1,0.9999815
0,0,4.145916e-07
0,0,5.6692494e-05
1,0,0.17392261
0,0,5.3970844e-06
0,0,2.8480028e-05
0,0,4.25333e-07
0,0,0.06397738
0,0,1.194651e-06
0,1,0.5930404
0,0,6.629913e-08
0,0,0.03321699
0,0,0.00059265294
0,0,3.5423845e-06
0,0,3.9120673e-07
0,0,2.7929402e-05
0,0,0.14825451
0,0,3.4838773e-05
0,0,0.37849197
0,0,8.443484e-05
1,0,0.4840567
0,0,9.016458e-05
0,1,0.6720671
1,0,0.16172627
0,0,0.00083039707
0,0,4.5690052e-07
0,0,1.8832163e-06
0,0,9.210774e-05
0,0,2.2216014e-05
1,1,0.99994934
0,1,0.6834753
0,0,0.024793422
0,0,1.9723086e-06
0,0,9.107243e-05
0,0,0.00030437554
0,0,0.00013117206
0,0,9.219746e-05
0,0,5.3106112e-05
0,0,0.24666935
0,0,5.553471e-06
0,0,0.00011657868
0,0,0.05353047
0,0,5.2945416e-05
0,0,6.739253e-05
0,0,0.3436447
0,0,0.45602053
0,0,0.00014594439
0,1,0.5241074
0,0,3.2653654e-05
0,1,0.5049922
0,0,7.667917e-07
0,0,1.672736e-06
0,0,6.34216e-05
0,1,0.8209753
0,0,0.0068132887
0,0,0.01373197
0,0,7.16945e-06
1,1,0.99999046
0,0,5.2082705e-06
0,1,0.7538375
0,0,4.6693673e-05
0,0,0.0001041419
0,0,0.000297771
0,0,1.7380637e-07
0,0,4.395706e-06
0,0,5.826934e-06
0,0,4.358929e-06
0,0,1.9174313e-06
0,0,4.2376938e-05
0,0,0.012694326
0,0,0.31640106
0,0,0.47620273
0,0,0.0003153422
0,0,0.05760494
1,0,0.38847098
0,0,2.1300004e-06
0,1,0.9012678
0,0,0.47843406
0,0,0.33924457
0,0,3.4873843e-05
0,0,4.0440586e-06
0,0,8.416369e-05
0,0,0.42386925
0,0,6.687806e-05
0,0,4.9133872e-05
0,0,0.34220287
0,0,0.18722187
0,0,7.2990963e-07
0,1,0.80869216
0,0,0.00019518852
0,0,0.34886017
0,0,8.286394e-05
0,0,8.687022e-05
0,0,0.22098914
0,0,8.5955806e-05
0,0,0.00010320078
0,0,0.17821302
0,0,5.3536136e-05
0,0,2.4043866e-06
0,0,0.00033692596
1,1,0.99994135
0,0,4.42769e-06
0,0,4.944038e-07
0,0,1.047306e-05
0,0,0.14288618
0,0,0.103076875
0,0,0.00011467643
0,0,1.0460457e-06
0,0,4.2564177e-05
0,0,1.8610632e-05
0,0,0.10581898
0,0,5.5976394e-05
0,0,2.5918496e-05
0,0,0.05524948
0,0,0.038822286
0,1,0.64285046
0,0,2.7893971e-05
0,0,0.0047602486
0,0,2.4307226e-06
0,0,0.00986787
0,0,0.04247007
0,1,0.51093745
0,0,0.00015223176
0,0,0.0032429164
0,0,2.6344474e-05
0,0,1.8437472e-06
0,0,0.014801232
0,1,0.607111
0,0,0.2706586
0,0,0.0023494833
0,0,0.10743718
0,0,0.4384861
0,0,3.405166e-05
0,0,0.072007865
0,0,3.1061663e-05
0,0,0.008640803
0,1,0.61419284
0,0,1.245222e-05
0,0,2.4102385e-06
0,0,7.5619675e-05
0,0,0.16968109
0,0,0.06918915
0,0,3.283149e-06
0,0,0.087769955
0,0,6.645903e-05
0,0,6.559737e-05
0,0,0.011820119
0,0,0.4672455
0,0,0.08814349
0,0,4.825624e-06
1,1,0.9999585
0,0,1.49304915e-05
0,0,1.6093272e-05
0,0,2.118512e-06
1,0,0.28784975
1,1,0.9999535
0,0,0.23315878
0,0,2.9789917e-06
0,0,4.1639333e-07
0,0,4.9439626e-07
0,0,6.8037814e-05
0,0,0.00014592198
0,0,2.53086e-05
0,0,0.00020216915
0,0,0.12864375
0,0,1.30167455e-05
0,0,0.3526089
0,0,2.1687756e-06
0,1,0.8733853
0,0,0.45117158
0,0,4.860583e-06
0,0,0.0001181024
0,0,1.1655578e-06
0,0,0.0002164334
0,0,5.1554576e-05
0,0,7.588204e-05
0,0,0.34003326
0,0,1.1664013e-05
0,0,0.00941528
0,0,0.00047944277
0,0,1.0642155e-05
0,0,2.7561831e-05
0,1,0.9201985
0,0,6.536009e-05
0,0,0.00020309344
0,0,1.5461343e-06
0,0,0.00013427896
0,0,1.6987374e-06
0,0,0.028120853
0,0,0.07299435
0,0,0.000120092045
0,0,1.2483436e-06
0,0,0.14108634
0,0,2.224351e-05
0,0,4.5944702e-07
0,0,5.939737e-05
0,0,5.364254e-06
0,0,0.1070005
0,0,0.17920336
0,0,8.532135e-06
0,0,0.0022659095
0,0,9.916427e-06
0,0,4.920238e-05
0,0,0.10035187
0,0,0.00010555169
0,0,0.00691454
0,0,0.25634053
0,0,3.765088e-05
1,1,0.6105158
0,0,8.674525e-06
0,0,7.143032e-05
0,0,4.34126e-06
0,0,0.026819447
0,0,0.000121089
0,0,5.5317133e-07
0,0,3.63992e-06
0,0,2.0467793e-05
0,1,0.7173199
0,0,9.106853e-05
0,0,1.6887228e-06
0,0,4.073787e-06
0,0,8.747054e-06
0,0,1.5589636e-05
0,0,7.0286555e-06
0,1,0.5102663
0,0,0.0061248997
0,0,1.1505656e-06
0,0,3.986062e-07
0,0,2.631906e-08
0,0,8.164968e-06
0,0,3.6073943e-06
0,0,0.08463859
1,1,0.7287468
0,0,0.0018497285
0,0,0.00042031868
0,0,2.1918764e-05
0,0,0.00070830184
1,1,0.86495477
0,0,0.019066857
0,0,0.00058231
0,0,1.7209053e-06
0,0,5.2360206e-06
0,0,2.2729679e-05
0,0,0.00011175343
0,0,1.2093282e-06
0,0,8.416225e-05
0,1,0.6139225
0,0,0.035140216
0,0,6.091328e-05
0,0,2.3269072e-06
0,1,0.6915316
0,0,0.014303552
0,0,2.2718084e-05
1,1,0.9999856
0,0,1.2204553e-05
0,0,8.9031954e-07
0,0,9.93769e-06
0,0,0.004034995
0,0,9.029718e-05
0,0,2.294989e-06
0,0,0.0028287382
0,0,0.01181405
0,0,2.8079869e-05
0,1,0.64559615
0,0,1.4035244e-07
0,0,4.1697984e-07
0,0,7.2331895e-05
0,1,0.82696915
0,0,0.03346952
0,0,4.494539e-05
0,0,0.46507913
0,1,0.5257922
0,0,1.2571401e-06
0,0,2.2510298e-05
0,0,1.7786374e-06
0,1,0.6941322
0,0,6.01062e-05
1,1,0.9999771
0,1,0.7257887
0,0,9.497475e-06
0,0,2.9301789e-06
0,0,0.00011689527
0,0,0.000867587
0,0,2.4860006e-05
0,0,1.9205188e-06
0,0,7.792584e-07
0,0,3.247812e-05
0,0,2.2892486e-06
0,0,1.4744428e-06
0,0,1.0252684e-05
1,1,0.99994004
0,0,7.549924e-08
0,0,5.272895e-05
1,1,0.9999801
0,0,2.0958558e-05
0,0,4.634004e-05
0,0,1.2308043e-06
0,0,0.006212425
0,0,5.1503226e-05
1,1,0.99999225
0,1,0.7035172
0,0,0.1038386
0,0,4.0731615e-05
0,0,3.0759988e-05
0,1,0.68090105
0,0,0.0011380749
0,0,1.3835221e-05
0,0,0.02008438
0,0,2.967873e-06
0,0,0.02772143
1,1,0.99996364
0,0,0.048524614
0,0,0.09422679
1,1,0.9999883
0,0,1.8258439e-07
0,0,9.3783746e-07
0,0,0.041102305
0,0,2.5911377e-05
0,0,2.1561034e-05
0,0,0.18428606
0,0,1.0970423e-06
0,0,0.012165493
0,0,2.3828426e-05
0,0,0.00010337295
0,0,0.3802659
0,0,2.4769137e-05
0,0,4.2379666e-06
0,0,1.8229032e-06
0,0,0.013394413
1,1,0.9999802
0,0,0.000106411004
0,0,2.6925409e-05
0,0,6.990649e-05
0,0,0.49942315
0,0,4.184784e-05
0,0,0.27730614
0,0,7.083712e-05
1,1,0.9999802
0,1,0.84759706
0,0,6.3684042e-06
0,0,0.1298474
0,0,3.7427424e-05
0,0,0.0931395
0,0,9.1462493e-07
0,1,0.79497784
0,0,1.391119e-05
0,0,0.11657149
0,0,3.102294e-05
0,0,0.02035239
0,0,1.8173178e-07
0,0,0.020079007
0,0,6.582704e-05
0,0,3.3703373e-06
0,1,0.5276835
0,0,1.2412479e-05
0,0,0.40720978
0,0,0.00036212165
1,1,0.99982893
0,0,0.37771726
0,1,0.70759034
0,1,0.5359669
0,0,3.4120607e-05
0,0,0.00015971779
0,0,0.029503204
0,0,0.104753286
0,0,7.468218e-05
0,0,0.35931146
0,0,0.29705706
0,0,0.008628668
0,0,1.5252022e-06
0,0,2.4101582e-06
0,0,0.00022713929
0,0,8.443883e-07
0,1,0.7057082
0,0,2.7942824e-06
0,0,5.325723e-06
0,0,0.44199377
1,1,0.99999964
1,1,0.99999774
0,0,8.21544e-05
0,0,5.5669872e-05
0,0,1.0821498e-06
0,1,0.55912
0,0,1.5914386e-05
0,0,2.2722677e-05
0,0,5.6561923e-05
0,0,0.00013813838
0,0,7.470561e-05
0,0,1.2410016e-05
0,0,9.4095e-08
0,0,0.003313841
0,0,7.4914365e-06
0,1,0.66270316
0,0,1.6713185e-06
0,0,4.668388e-05
0,0,4.0435203e-05
0,0,0.00032654844
0,0,2.5209072e-06
0,0,0.038506396
0,0,7.243578e-05
0,0,5.652778e-06
0,0,6.777684e-05
0,0,0.00601573
0,0,5.1418378e-05
0,0,6.950646e-05
0,0,0.3108419
0,0,0.25605473
0,0,5.8376295e-06
0,0,3.216701e-06
0,0,0.2785952
0,0,1.6415858e-06
1,1,0.7378089
0,0,7.864183e-05
0,0,3.1577587e-05
0,0,0.19883989
0,0,6.69639e-05
0,0,2.1127365e-05
1,1,0.6843263
0,0,0.00020292349
0,0,0.44809625
0,0,1.7953915e-06
0,0,0.091995746
1,1,0.99997807
0,0,0.0015076862
0,0,1.7582611e-06
0,0,0.46363446
0,0,0.09503132
0,0,7.484123e-05
0,0,1.8568104e-05
0,0,0.32901925
0,0,0.0076987613
0,0,2.7264053e-07
0,0,6.0238177e-05
0,0,2.7916537e-06
0,0,9.498082e-06
0,0,1.3323518e-05
1,1,0.87299436
0,0,8.57096e-07
0,0,2.048656e-05
1,1,0.99992096
0,0,2.049791e-06
0,0,0.0015033474
0,0,0.03777962
0,0,9.901827e-06
0,0,2.515427e-06
0,0,1.937052e-07
0,0,4.483798e-05
0,0,9.610073e-07
1,1,0.9999989
0,0,0.070564754
0,0,0.3171158
0,0,0.097201146
0,0,2.1608416e-06
0,0,0.14813645
0,0,8.174273e-08
0,0,7.3118154e-06
0,0,0.025307087
0,0,0.049279906
0,0,0.00024399027
0,1,0.62070537
0,1,0.7722558
0,0,3.4258876e-06
0,0,7.829451e-06
0,0,0.011521501
0,0,6.584377e-06
0,0,0.082851075
0,0,0.027735412
0,0,9.390337e-06
0,0,0.0012024227
0,0,3.3368551e-06
0,0,0.0008341645
0,0,0.115919754
0,0,0.17644796
0,0,8.651385e-06
0,0,0.00010492018
0,0,0.22079991
0,0,9.046748e-05
0,0,4.64527e-06
0,0,4.7176258e-05
0,0,1.8286442e-05
1,1,0.9999888
0,0,0.14161615
0,0,0.0056579923
0,0,0.17204091
0,1,0.6987951
0,0,0.00021427005
0,0,3.1889806e-05
0,0,0.013164087
0,1,0.6903316
0,0,3.8633316e-05
0,0,0.14930606
1,1,0.99999964
0,0,0.39796728
0,0,4.8873484e-05
1,1,0.79861414
0,0,7.838435e-05
0,0,1.041018e-06
0,1,0.741344
0,0,9.637737e-05
0,0,1.5160114e-05
0,0,2.0679698e-07
0,0,7.5878614e-07
0,0,3.7766713e-06
0,0,1.0657842e-06
0,0,0.023184508
0,1,0.91729736
0,0,1.1514998e-06
0,0,3.0556934e-05
0,0,5.4406235e-05
0,0,0.031345677
0,0,2.9247121e-05
0,0,0.00012485417
0,0,1.5943726e-06
0,0,2.9310253e-05
0,0,0.10143648
0,1,0.6893017
0,0,6.46117e-06
0,0,1.086005e-06
0,0,8.1805585e-05
0,0,2.8008832e-05
0,0,1.566294e-05
0,0,1.9380786e-06
0,0,0.077546835
0,0,9.321892e-06
0,1,0.65822875
0,0,9.425049e-06
0,0,5.665207e-06
0,0,1.8438812e-05
0,0,0.005866948
0,0,0.0066256565
0,1,0.53142387
0,0,0.056135844
0,0,0.18883045
0,0,2.2268928e-06
1,0,0.08806886
0,0,1.0894606e-05
0,0,0.00013683722
0,0,4.2733085e-05
1,1,0.999964
0,0,8.4463754e-05
0,0,7.102584e-05
0,0,4.0178184e-06
0,0,0.43915394
0,0,5.830547e-06
0,0,7.987977e-06
0,0,0.003469246
0,0,2.267791e-05
0,0,0.013862299
1,1,0.9999852
0,0,4.306708e-05
1,1,0.9999993
0,1,0.93657196
0,0,9.101244e-05
0,0,7.2220786e-07
0,0,3.4387551e-06
1,1,0.9999993
1,1,0.9999883
0,0,3.2787436e-06
0,0,0.06904511
0,0,4.3825847e-05
0,0,0.04116213
0,0,1.715727e-06
0,0,3.9319893e-05
0,1,0.6018876
0,0,0.18713531
1,0,0.13158818
0,0,0.020970436
0,0,0.0074375407
0,1,0.57687354
0,0,2.1797862e-06
0,0,8.340437e-05
0,0,0.24142644
0,0,6.887194e-05
0,1,0.7974241
0,0,2.934969e-05
0,0,2.3109778e-06
0,0,4.716447e-05
0,0,0.15176821
0,0,2.414566e-06
0,0,3.491181e-05
0,0,3.180249e-05
0,0,0.0006588958
0,0,0.029270975
0,0,0.00011713438
0,1,0.593062
0,0,2.75115e-06
0,0,3.6531662e-06
0,0,0.059915535
0,0,0.07604913
0,0,7.987643e-05
0,0,6.412809e-05
0,0,8.092155e-07
0,0,4.8039474e-05
0,0,4.1599346e-06
0,0,0.0038392637
0,0,0.029791612
0,0,2.934502e-08
0,0,7.364609e-05
0,0,0.00012545183
0,1,0.5003559
0,0,8.261899e-06
0,0,7.139103e-05
0,0,0.15217789
0,0,6.670405e-05
0,0,7.9663965e-05
0,0,2.3011187e-06
0,0,9.085904e-05
0,0,0.001968049
0,0,0.00010618314
1,1,0.9999833
0,0,0.0004825127
0,0,4.525109e-06
1,1,0.999984
0,0,0.0007075715
0,0,1.7762218e-06
0,0,6.7905e-05
0,1,0.6835899
0,0,0.28771523
0,0,4.59911e-05
1,0,0.1385222
1,1,0.9999881
0,0,7.026839e-06
0,0,0.010569541
0,0,5.620099e-05
0,0,0.41859853
0,0,0.033261105
0,0,4.8211805e-05
0,0,0.0010183835
0,1,0.65736496
0,1,0.5026278
0,0,7.581e-05
0,0,3.0178348e-05
0,0,8.151855e-05
0,0,2.3153125e-06
0,0,0.0057224385
0,0,8.557756e-06
0,0,0.028100412
0,0,0.040919498
0,0,3.210043e-05
0,0,1.8495855e-06
0,0,2.961952e-06
1,1,0.99998903
1,1,0.9999801
1,1,0.99999905
0,0,5.236205e-06
1,1,0.71475405
0,0,5.143299e-05
0,0,9.665412e-05
0,0,4.1878e-07
0,1,0.5401607
1,1,0.99996674
1,1,0.87685347
0,0,0.00015528324
0,1,0.844006
0,0,0.06992354
0,0,4.7541457e-06
0,0,0.0006189358
0,0,6.3279804e-05
0,0,2.9735986e-06
0,0,0.001630756
0,0,9.740487e-05
0,0,7.3912765e-06
0,0,5.265378e-05
0,0,0.022184735
0,0,0.0001283191
1,1,0.9999995
0,0,0.0054753656
0,1,0.66583174
0,0,0.006798626
0,0,9.998387e-06
0,1,0.9165288
0,0,0.0012657546
1,1,0.9999987
0,0,5.648231e-05
0,0,1.7546513e-06
0,0,1.419009e-06
0,0,0.013916676
0,0,4.2039375e-08
0,0,2.660206e-05
0,0,0.49831152
0,0,1.5708803e-05
0,0,0.17215887
0,0,0.0545899
0,0,0.0001653553
0,0,1.119371e-06
0,0,2.7763324e-05
0,0,3.059382e-05
0,0,5.0897133e-06
0,0,5.0125844e-05
0,0,0.17198208
1,1,0.99997556
0,0,7.708074e-05
0,0,3.558502e-06
0,1,0.528047
0,0,0.013223109
0,0,0.3450293
0,0,0.026411526
0,0,0.0001743577
0,0,5.901982e-07
1,1,0.999985
0,0,5.0623083e-05
0,0,3.4934255e-05
0,0,5.388741e-05
0,1,0.66836184
0,0,0.0023413652
0,0,4.823733e-06
0,0,0.3619665
0,0,3.0070185e-05
0,0,0.00023477338
0,0,0.2059908
0,0,0.2092229
0,0,1.0571338e-05
0,0,9.103891e-05
0,0,4.3430595e-05
0,0,4.9386275e-05
0,0,0.20377064
0,0,0.23092364
1,1,0.7981146
0,0,1.0916728e-05
0,0,0.0044725286
0,0,0.0005084952
0,0,0.14660607
0,0,2.8096796e-05
0,0,1.9842166e-05
0,0,5.4299515e-05
0,0,7.23708e-06
0,0,0.17877266
0,0,1.635665e-05
0,0,1.9413663e-05
0,0,0.43487796
0,0,0.02008382
0,0,0.105936706
0,0,2.676496e-06
0,0,1.5944169e-06
0,0,5.195804e-06
0,0,8.2119254e-07
0,0,2.2089223e-06
0,0,4.2311924e-05
0,0,4.6159253e-06
0,0,7.015104e-05
0,0,6.943584e-06
0,0,0.0029547855
0,0,6.705595e-07
0,0,2.0186858e-06
0,0,1.2327778e-06
0,0,0.0040276223
0,0,9.5832445e-05
0,0,2.0002924e-06
0,0,0.24622911
0,0,4.639718e-06
0,0,7.5727774e-05
0,0,4.140882e-05
0,0,1.5010998e-05
0,0,9.773805e-05
1,0,0.11446191
0,0,2.3399007e-06
0,0,2.5529641e-06
0,0,0.41056693
0,0,0.2241333
0,1,0.5107745
0,0,4.9962097e-07
0,0,0.16596311
0,0,5.3593445e-05
0,0,4.9007806e-05
0,0,0.2809191
0,0,0.00020195836
0,0,0.10220966
0,0,1.243754e-05
0,0,0.1035736
0,0,0.3142965
0,0,4.462017e-06
0,0,9.519202e-06
0,0,8.8086745e-06
0,0,5.9861725e-07
0,0,0.026604423
0,0,6.047817e-06
0,0,0.13734502
0,0,0.063499674
0,0,8.398988e-07
0,0,1.9427553e-05
0,0,1.4639953e-05
0,0,0.000109686145
0,0,0.34617892
0,1,0.5025892
0,0,0.00010170051
0,0,8.765267e-06
0,0,0.0011435575
0,0,0.045430217
0,0,0.44338095
0,0,2.930864e-07
0,0,5.859108e-06
0,0,6.58485e-05
0,0,9.826324e-07
0,0,3.0590465e-05
0,0,2.9710452e-07
0,0,6.356215e-06
0,0,2.9414306e-05
0,0,0.00012852947
0,0,0.2362682
0,0,1.9687715e-05
1,1,0.99998844
0,1,0.6244147
0,0,6.1473016e-05
0,0,0.41062358
0,0,2.6735268e-06
0,1,0.81472033
0,0,3.0216225e-07
0,0,0.36269578
0,0,5.193926e-06
0,0,1.4844419e-06
0,1,0.5839599
0,0,7.4697346e-06
0,0,0.00310733
0,0,1.4195086e-05
0,0,0.00020201344
0,0,0.13689432
0,0,0.31381595
0,0,0.06666394
0,1,0.6388374
0,0,0.00013265012
0,1,0.791206
1,1,0.9991935
0,0,2.7338049e-06
0,0,8.0047306e-05
0,0,0.05827869
0,1,0.5972135
0,0,0.33841676
0,0,5.4049367e-05
0,0,6.697082e-07
0,0,0.0030928499
0,0,0.14533603
1,1,0.7928229
1,1,0.9999405
0,0,0.45831925
1,1,0.9999807
0,0,8.187817e-05
0,0,0.10639294
0,0,6.3888956e-07
0,0,7.946064e-05
0,0,1.9912325e-06
0,0,3.0904787e-06
0,0,1.066022e-06
0,1,0.84025806
0,0,2.1054884e-06
0,0,0.00014726218
0,0,0.0016254167
0,0,0.011114877
0,0,1.0345096e-05
0,0,0.004861109
0,0,0.00088371965
0,0,0.20008713
0,0,9.7012304e-08
0,0,1.599216e-05
0,0,0.00057555945
0,0,0.08714091
0,1,0.63635445
0,1,0.55670285
0,0,9.164619e-06
0,0,2.1123175e-05
0,0,3.7129583e-05
0,0,1.972965e-06
0,1,0.8232353
0,1,0.851189
0,0,1.0887427e-06
0,1,0.79006505
0,0,0.30487603
0,0,0.00014937292
0,0,4.677554e-05
0,0,3.749161e-06
0,0,3.2048887e-05
0,0,3.610273e-05
0,0,8.687022e-05
0,0,0.0016206971
0,1,0.5675228
0,0,3.0889979e-07
0,0,0.30412677
0,0,0.25201532
0,0,0.008522872
0,0,0.13591802
1,1,0.99993145
0,0,2.7811659e-05
0,0,2.2827824e-05
0,0,1.7148132e-05
0,0,0.014913073
0,0,1.4566134e-06
0,0,0.00024420835
0,0,2.0476149e-05
0,0,2.0093617e-05
0,0,0.0061987475
0,0,0.001060756
0,0,0.04781173
0,0,9.096049e-06
0,0,0.035393827
0,0,0.000113568305
0,0,5.3043605e-05
0,0,2.8676052e-07
0,0,5.1927523e-06
0,0,5.792637e-05
0,1,0.7161726
0,0,0.16851035
0,1,0.5082716
0,0,1.2609964e-05
0,0,5.8260423e-05
0,0,0.48459187
0,0,0.04563275
0,0,0.00010950827
0,0,8.459355e-06
0,0,0.2595878
0,0,0.000102080216
0,0,0.18757753
0,0,1.3454498e-05
0,0,4.2488948e-05
0,0,5.7740945e-05
0,0,0.00046442042
0,0,1.2710105e-06
0,0,3.020109e-05
0,0,0.0019325855
0,0,1.5593234e-05
0,0,0.00017837877
0,0,1.6506943e-06
0,0,0.00016044205
0,0,5.894444e-05
0,0,6.6969194e-05
0,0,0.013657349
0,0,0.003603129
0,0,2.5925317e-06
0,1,0.82732445
0,0,1.9861384e-06
0,0,5.366933e-07
0,0,1.0179206e-05
0,0,3.574378e-07
0,0,9.3349215e-08
0,0,0.0004351157
0,0,0.46832246
0,0,1.7504128e-05
0,0,0.0067808502
0,0,0.12424144
1,1,0.9065751
0,0,3.6867018e-06
0,0,1.5767283e-06
0,0,0.36882767
0,0,1.5186273e-06
0,0,3.4895435e-05
0,0,0.20900257
0,0,0.4710532
0,0,3.5304736e-05
0,0,0.0007477639
0,0,9.088469e-05
0,0,0.00014457632
0,0,0.0035353536
0,0,0.036102887
1,1,0.5725285
0,0,0.012396003
0,0,0.017027391
0,0,6.693274e-05
0,0,0.00012256163
0,0,0.106818326
0,0,0.15763359
0,0,0.21690692
0,0,0.48861736
0,1,0.5605592
0,0,0.00011319325
0,0,0.07011221
0,0,0.00069679617
0,0,8.367402e-05
0,0,3.1359807e-05
0,1,0.6597739
1,1,0.9999988
0,0,5.730376e-05
0,0,2.5121858e-06
0,0,4.925307e-06
0,0,3.4140485e-06
0,0,1.0659544e-05
0,0,0.006714184
0,0,0.0017580838
0,0,0.11554962
0,0,6.1073993e-06
0,0,0.42377755
0,0,3.667695e-06
0,0,1.8513909e-05
0,0,1.3309575e-05
0,1,0.50165504
0,0,6.943862e-06
0,0,0.025324149
0,0,0.00014337206
1,1,0.99984086
0,0,4.7501922e-05
0,0,2.4090203e-05
0,0,0.0144621115
0,0,0.22680219
0,0,2.1964588e-05
0,0,1.5125542e-05
0,0,0.06182802
0,0,0.00033609587
0,0,0.03925956
0,0,2.2684765e-06
0,0,3.8321522e-07
0,0,3.15869e-06
0,0,2.7246404e-06
0,0,4.1795392e-06
0,0,3.2524833e-05
0,0,0.008675465
0,0,0.0021041248
0,0,3.8346538e-05
0,0,3.4269237e-06
0,0,6.0746508e-05
0,0,4.5690052e-07
0,0,6.399967e-06
0,0,8.161505e-07
0,0,6.381966e-07
0,1,0.5962282
0,1,0.729219
0,1,0.7121486
0,0,0.3615805
0,0,5.7366124e-06
0,0,6.257042e-05
0,0,1.2648148e-06
0,0,0.00010514123
0,0,1.6536611e-06
0,0,3.6435496e-05
0,0,0.1845351
0,0,0.19281669
0,0,0.28725815
0,0,0.055765387
0,0,4.772045e-05
0,0,2.8403468e-07
0,0,1.84045e-05
0,0,8.8946384e-05
0,0,1.9280802e-07
0,0,1.7896386e-05
0,0,0.08325156
0,0,4.851807e-07
0,0,0.019759
0,0,6.479237e-06
0,0,0.28694442
0,1,0.66325104
0,0,4.0367465e-07
0,0,6.151882e-05
0,0,2.1477612e-05
0,0,1.86808e-06
0,0,2.4025346e-06
0,0,0.07732809
0,0,0.040388633
0,0,8.706201e-06
0,0,0.00021447854
0,0,3.562257e-05
0,0,3.0276675e-05
1,1,0.99999774
0,0,5.5200548e-05
0,1,0.5874629
0,0,0.33331355
0,0,0.47476077
0,1,0.5648075
0,0,3.4104883e-06
0,0,2.773752e-05
0,0,0.23650886
0,0,0.008255962
0,0,0.0010455562
0,0,0.028489085
0,0,7.20276e-05
0,0,3.8422968e-05
0,0,0.10997488
0,0,1.633322e-07
0,0,1.473811e-05
0,0,2.8119044e-05
0,0,7.224125e-05
0,0,6.0358583e-05
1,0,0.08439738
0,0,1.6929678e-05
0,0,9.293391e-06
0,0,0.027161153
0,0,3.4834953e-05
0,0,9.9905636e-05
0,0,5.896744e-07
0,0,2.849683e-07
0,1,0.82262564
0,1,0.6574511
0,0,0.0013123032
0,0,0.1819264
0,0,2.1732623e-05
0,0,5.6147474e-05
0,0,3.4580295e-05
0,0,0.00011967022
0,0,3.5884436e-06
0,0,0.013338721
0,0,0.00324279
0,0,0.49970794
0,0,0.009726381
0,0,0.36407685
0,0,0.00013155724
0,0,3.810071e-05
0,0,0.00019309953
0,0,2.0614889e-05
0,0,5.0156577e-06
0,0,1.0712772e-05
0,0,1.2275934e-06
0,0,7.519025e-07
0,0,0.39679897
0,0,7.024535e-07
1,1,0.99999964
0,0,0.00012789985
0,0,1.9038495e-06
0,0,6.7358545e-05
0,0,7.9752124e-07
1,1,0.9581201
0,1,0.62548405
0,0,0.123123676
0,1,0.62870556
0,0,1.1177932e-06
1,1,0.9999833
0,0,2.977138e-07
0,0,2.4887618e-06
0,0,1.786661e-05
0,0,0.00010471459
0,0,0.22794928
0,0,5.435842e-05
0,0,1.4141888e-06
1,1,0.9999845
0,0,0.4408283
0,0,3.944645e-06
0,0,0.18570136
0,0,0.0025129032
0,1,0.68203205
0,1,0.7939893
0,0,2.2998483e-06
0,0,2.9297707e-06
0,0,8.928648e-05
0,1,0.5841027
0,0,4.6124842e-05
1,1,0.999984
0,0,5.3932563e-06
0,0,0.015665185
0,0,5.723192e-06
0,0,0.21543181
0,0,0.47752982
0,0,0.4712144
0,0,0.07633698
1,1,0.9998925
0,0,0.13791074
0,0,0.001405747
0,0,0.4314375
0,0,0.00011046719
0,0,0.004097064
0,1,0.5461263
0,1,0.6177549
0,0,8.39131e-07
0,0,5.630189e-05
1,1,0.99999917
0,0,2.0378563e-06
0,0,0.012159037
0,0,2.5969264e-05
0,0,0.39502683
0,0,0.10682123
1,1,0.99999464
0,0,0.006326997
0,0,2.0132359e-07
0,0,8.81512e-06
0,0,0.16963086
0,0,0.09048506
0,0,2.6905875e-05
1,0,0.13918033
0,0,2.7566234e-06
0,0,2.4542845e-05
0,0,0.028025797
0,0,3.7660648e-06
0,0,4.9173246e-05
0,0,0.056823958
0,1,0.6952941
0,0,5.2241856e-05
1,1,0.9999726
0,0,1.5931142e-06
1,1,0.6584897
0,0,0.13315879
0,0,6.747575e-05
0,0,1.3080369e-06
0,0,1.7855455e-05
0,0,4.736031e-06
0,0,8.4626445e-05
0,0,0.0004964882
0,0,3.2121167e-07
0,0,0.081655316
0,0,2.3053179e-05
0,0,9.676901e-06
0,0,0.4831189
0,0,0.2587866
0,0,0.0012238643
0,0,2.5970825e-05
0,0,1.2095438e-06
0,0,0.010681073
0,0,2.1828337e-05
0,0,9.02112e-05
0,0,0.00012545387
0,0,5.4043596e-07
0,0,0.07650738
1,1,0.99997973
0,0,8.946264e-05
0,0,3.0627623e-05
1,1,0.9999486
0,0,4.8092366e-05
0,0,1.3340162e-05
0,0,4.2012666e-06
1,1,0.9999738
0,0,2.1054884e-06
0,0,1.865703e-05
0,0,6.7364713e-06
0,0,9.731252e-08
0,0,0.0025550688
0,1,0.66959846
0,0,1.2462199e-05
0,0,2.5798545e-06
0,0,3.159094e-06
0,0,1.112948e-06
0,0,0.01304279
0,1,0.60460675
0,0,2.6920941e-05
1,1,0.9999933
0,1,0.7091361
0,0,0.008608977
0,0,0.14374998
0,0,0.14980915
0,0,6.0611685e-05
1,1,0.60772735
0,0,1.9311417e-06
0,0,1.874265e-06
0,0,5.57011e-06
0,0,0.017003337
0,0,3.8739276e-07
0,0,0.00014446482
0,0,0.2795435
0,0,0.14054254
0,0,0.01715289
0,0,0.008227277
0,0,4.426457e-06
0,0,6.3703446e-05
0,0,0.001058872
0,0,0.4933172
0,0,0.10901205
0,0,2.041085e-06
0,0,7.73419e-05
0,1,0.82712805
0,0,0.4694846
0,0,1.471034e-06
0,0,2.2863967e-05
0,0,0.24363312
0,0,3.5192115e-06
0,0,0.00014008404
0,0,7.550021e-05
0,0,2.3075703e-05
0,0,0.4869706
0,0,5.3983094e-06
0,0,0.35917002
0,0,7.9809485e-07
0,0,2.7033187e-07
0,0,0.09084509
0,0,3.0125037e-05
0,0,2.6344927e-05
0,0,3.0764754e-06
0,0,7.25524e-06
0,0,3.9990977e-05
0,0,5.4180236e-05
0,0,0.4500492
0,1,0.6345091
1,1,0.9999819
0,0,6.1634178e-06
0,0,0.00068843976
0,0,5.1235506e-06
0,0,5.9194488e-05
0,0,2.839211e-05
0,0,2.5532463e-06
0,0,0.024691798
0,0,6.4951135e-05
0,0,2.0781367e-06
1,1,0.99999857
0,0,0.23510624
0,0,5.4563094e-05
0,0,0.00015788546
0,0,9.634649e-05
0,0,0.067784384
1,1,0.9999995
0,0,2.1006088e-06
0,0,5.175873e-06
0,0,6.0426514e-06
1,1,0.99998486
0,0,0.13843063
0,0,0.0019383988
0,0,1.920821e-06
1,1,0.99997306
0,1,0.57539934
0,0,2.915729e-07
0,1,0.7993342
0,0,0.00018049964
0,0,0.15832634
0,0,9.7566584e-08
0,0,4.6805512e-06
0,0,6.398704e-05
0,0,0.00988441
0,0,0.4493881
0,0,5.0705667e-06
0,0,0.052061755
0,0,5.9958784e-05
0,1,0.59907657
1,0,0.43945348
0,0,0.040237684
0,0,0.000110482775
0,0,6.864941e-06
0,0,2.309951e-06
1,1,0.99994695
0,0,0.005597792
0,0,3.351577e-06
0,0,7.822443e-06
1,1,0.9999819
0,0,0.12525088
0,0,0.00010759614
0,0,0.38667384
0,0,0.11167711
0,0,0.00010041759
0,0,3.0898361e-06
0,0,4.618968e-05
0,0,1.0499401e-05
0,0,1.488787e-07
0,0,2.4988767e-06
0,1,0.6151064
0,0,0.11673574
0,0,0.3328472
0,1,0.6063812
0,0,4.2901106e-06
0,0,0.0001026121
0,0,0.3172398
0,0,0.00013867329
0,0,0.16041736
0,0,0.00033966833
0,0,4.384578e-06
1,1,0.9999783
0,0,2.6188948e-07
0,0,0.44549176
0,0,9.137287e-07
1,1,0.9999995
1,0,0.32018453
0,0,1.0657842e-06
0,0,6.684023e-06
0,0,3.7603764e-05
0,0,0.42704478
0,0,9.243488e-05
0,0,1.4060273e-06
0,0,4.734148e-06
0,0,4.69009e-08
0,0,1.00327625e-05
0,0,0.00664532
0,0,5.02964e-06
0,0,0.0003201722
0,0,3.1488726e-05
0,0,0.00013421918
0,0,5.5251898e-05
1,1,0.9999851
0,0,7.94665e-07
0,0,0.11445115
0,1,0.71820104
0,0,3.0922693e-05
0,0,0.15082748
0,0,2.902628e-05
0,0,0.32563
0,0,0.11512943
0,0,0.009953062
0,0,1.9889223e-05
0,0,0.067681156
0,0,2.3154582e-06
0,1,0.56723195
0,0,0.0001239324
0,0,0.0006285719
0,0,9.505927e-05
0,1,0.7842045
0,0,3.833998e-06
0,1,0.7386502
0,0,0.00036132196
0,0,2.1794973e-05
0,0,0.00020627589
0,0,0.011853059
0,0,1.4942323e-06
0,0,0.0025745742
0,0,1.9781082e-05
0,0,6.9479756e-05
1,1,0.9999629
1,1,0.99999976
0,0,9.061054e-05
0,0,2.5488089e-06
1,1,0.9999989
0,0,0.0063954345
0,0,4.353019e-05
0,0,0.06719537
0,0,0.10416316
0,0,5.2713218e-05
0,1,0.6657534
0,0,0.15718184
1,1,0.99998224
0,0,0.00016667249
0,0,3.0764754e-06
0,0,0.14567627
0,0,5.7759946e-05
0,0,7.3366493e-07
0,0,2.418115e-06
0,0,0.0015339778
0,0,2.1404698e-05
0,0,0.30833146
0,0,3.269731e-05
0,0,8.866287e-05
0,0,1.01498335e-05
0,0,3.570198e-05
0,0,3.2426906e-05
0,0,8.863396e-05
0,0,7.897415e-06
0,0,0.00015396971
0,0,7.091927e-06
0,0,0.071686365
0,0,1.0937807e-06
0,0,0.07197168
1,1,0.9999982
0,0,4.804148e-06
0,0,0.07705833
0,0,0.0024558615
0,0,0.031835992
0,0,0.28360066
0,0,0.116202615
0,0,3.8375914e-05
0,0,0.00012339093
0,0,4.1372723e-06
0,1,0.7032565
0,0,3.7085366e-07
0,0,7.635297e-05
0,0,7.721978e-05
0,0,1.8514402e-06
0,0,2.6414216e-07
0,0,3.116661e-05
0,0,1.7317434e-05
0,0,6.698706e-06
0,1,0.62601346
0,0,0.007739177
0,0,6.243467e-06
0,0,0.0035805989
0,1,0.7212417
0,0,0.013084583
0,0,8.420551e-06
1,1,0.5016445
1,1,0.9999019
0,0,1.3590267e-06
0,0,2.4520248e-05
0,0,6.84506e-05
0,0,0.09561378
0,0,0.00012238343
0,0,1.5204722e-05
0,0,0.0008220643
0,0,0.014381457
0,1,0.53521186
0,0,0.005962247
0,0,0.00013980968
0,0,0.013803743
0,0,1.6661744e-08
0,0,3.598483e-05
0,0,0.0018460179
0,0,0.002404743
0,1,0.667991
0,0,0.00017247122
0,0,0.000110111825
0,0,0.012805996
0,0,9.808042e-05
0,0,6.2373906e-06
0,0,6.65602e-05
1,1,0.9999826
0,0,0.017899608
0,0,0.00074539543
0,0,3.7439524e-05
0,0,4.7887665e-05
0,0,0.20390077
0,0,0.17232426
1,0,0.47042382
0,0,7.2331895e-05
0,0,8.502512e-06
0,0,1.2718557e-06
0,0,3.7963648e-05
0,0,3.9834504e-06
0,0,4.121334e-05
0,0,7.055761e-05
1,0,0.2948366
0,0,1.5432174e-06
1,1,0.99994147
0,0,6.322799e-05
0,0,0.00015958428
0,0,8.4226795e-06
0,0,2.1244418e-06
0,0,0.23443924
0,0,0.061278835
0,0,0.00013696241
0,0,2.9060402e-05
0,0,3.9557213e-05
0,0,0.35482913
0,0,0.04467163
0,0,6.319237e-05
0,0,5.7435227e-05
0,0,1.23754e-05
0,0,5.2921132e-05
1,1,0.99998534
0,0,7.943616e-05
0,0,0.00016500674
0,0,0.000113499125
0,1,0.5729356
0,1,0.64570624
0,0,0.00039326056
0,0,5.144825e-05
0,0,2.9657228e-06
0,0,0.016899506
0,0,2.974515e-06
0,0,5.7057905e-06
0,0,0.44089603
0,0,0.13705206
0,0,0.21943891
0,1,0.7125755
0,0,7.731346e-06
0,0,2.7678295e-06
0,0,0.005655222
0,0,0.18417549
0,0,0.00011874539
0,0,0.011939101
0,0,8.1602935e-05
0,0,0.17345805
0,0,5.2500505e-05
0,0,3.6149584e-05
1,1,0.9999796
0,0,0.00014999851
0,0,1.8969129e-05
0,1,0.7398155
0,0,0.1591436
0,0,0.015999416
1,1,0.5050239
0,0,0.025193676
0,1,0.5782539
0,0,4.113031e-06
0,0,0.00016282892
0,0,0.21483164
0,0,4.253961e-06
0,0,4.8540966e-05
0,0,0.0877422
0,0,3.9874183e-05
0,0,1.9909681e-05
0,0,0.021459274
0,0,2.2399394e-05
0,0,0.005176151
0,0,0.00019548579
0,0,0.01582315
0,0,0.06634254
0,0,0.00042624827
0,0,0.13704601
0,0,5.5702483e-05
0,0,0.003856827
0,0,1.76619e-06
0,0,0.09453236
0,0,0.00011041022
0,0,2.7081567e-06
0,0,7.128183e-06
0,1,0.6977832
0,0,8.1559134e-05
0,0,0.0001680777
0,0,8.266588e-06
0,0,0.23953523
0,0,0.0041934573
0,0,3.768378e-05
0,0,0.0017187315
0,0,0.47670844
0,0,9.521333e-05
0,0,5.5486227e-05
0,1,0.65526265
0,0,3.2468928e-05
0,0,0.0016076121
0,0,1.2743234e-05
0,0,2.530477e-06
0,0,3.0840027e-05
0,0,7.861649e-05
0,0,1.3698366e-05
0,0,0.0003758764
0,0,7.4775107e-06
0,0,1.916295e-07
0,0,3.024784e-05
0,0,0.0001887019
0,0,1.6680717e-06
0,0,9.179721e-08
0,0,0.46482626
0,0,3.3210513e-06
0,0,2.1615444e-06
0,0,1.18553466e-07
0,0,5.274858e-06
1,1,0.6251069
0,0,0.24947652
0,0,0.0010229992
0,0,9.878524e-05
0,1,0.64148575
0,0,0.19089843
0,0,7.196553e-05
0,0,4.4122708e-06
0,0,1.3432869e-05
0,0,2.2248623e-05
0,1,0.5336956
0,0,0.0026987111
0,0,3.3684148e-05
0,0,0.008762278
0,0,2.8549407e-06
0,0,8.092155e-07
1,1,0.86695
0,1,0.62730986
0,0,0.4607967
1,1,0.517607
0,0,4.2460088e-06
0,0,0.16835481
0,0,0.00058644614
0,0,8.1559134e-05
0,0,0.00026373574
0,0,3.4902005e-06
0,0,0.00010309169
0,0,1.8852649e-06
0,0,4.9222654e-05
0,0,5.9609065e-06
0,0,8.257054e-06
0,0,0.21769056
0,0,7.125371e-05
0,0,2.1226951e-07
0,0,0.05732544
0,0,5.2408515e-05
1,1,0.9998134
0,0,2.0315216e-05
0,0,4.5157023e-05
0,0,0.48979488
0,0,6.724508e-05
0,0,0.12018095
0,0,0.078958236
1,1,0.9129099
0,0,9.064114e-05
0,0,7.9911326e-05
0,0,0.43849424
0,0,0.00015119583
0,0,0.018134067
0,0,8.896125e-07
0,0,1.8423112e-06
0,0,8.0207465e-05
0,0,9.370457e-08
0,0,0.07330686
0,0,3.1103278e-05
0,0,0.035223693
0,0,4.6745e-05
0,0,0.00015633854
0,0,0.00021475992
0,0,3.6027825e-05
0,0,4.0044593e-05
0,0,0.043715443
0,0,0.17072937
0,0,8.4613106e-07
0,0,0.008247795
0,0,1.0319478e-06
0,0,2.806477e-05
0,1,0.86698633
1,1,0.9997862
1,1,0.99999964
1,1,0.9999454
0,0,9.652803e-05
0,0,0.4947901
0,0,0.16964234
0,0,6.203938e-05
0,1,0.6112063
0,0,0.024857003
0,0,0.3904264
0,0,4.1728963e-05
0,1,0.637499
0,0,0.04460917
1,1,0.99997354
0,1,0.5293099
0,0,6.371177e-05
0,0,1.0909328e-05
0,0,7.5595726e-06
0,0,1.3190418e-05
0,0,0.05206181
0,0,1.4156191e-06
0,0,5.549861e-05
0,0,2.3829969e-06
0,0,1.7200362e-05
0,0,9.211155e-06
0,0,0.38697946
0,0,0.15415567
0,0,0.00019857178
0,0,1.4534205e-06
0,0,0.0068322457
0,0,0.25128222
1,0,0.36521274
0,0,5.2057926e-06
0,0,0.046318416
0,0,2.612773e-06
0,0,7.0399466e-07
0,0,0.069902316
0,1,0.7481581
0,0,4.796943e-05
0,0,7.410125e-05
0,0,0.045773637
0,0,0.42049283
0,0,0.030501116
0,0,1.2163792e-05
0,0,1.3188417e-05
0,0,7.125939e-06
0,0,4.5400957e-06
0,0,0.1536806
0,0,1.309827e-06
0,0,0.16068587
0,0,8.7782726e-05
0,0,0.4934639
0,0,0.00012644322
0,1,0.7826362
0,0,0.005734587
0,0,0.44605717
0,0,2.8754159e-05
1,1,0.9999988
0,1,0.5670409
0,0,0.0023076083
0,0,3.5527948e-05
0,1,0.7461676
0,0,0.07398238
0,0,1.3753494e-06
0,0,2.986847e-05
0,0,0.047280937
1,1,0.99996996
0,0,1.3171348e-06
0,0,0.19187714
0,0,8.9276524e-05
0,0,3.4527635e-05
0,0,1.2940798e-05
0,0,7.111327e-05
0,1,0.86802584
1,0,0.2697135
0,0,0.00018055059
0,0,0.040859364
0,0,9.980614e-05
0,0,0.469126
0,0,0.23756817
0,0,0.3687963
0,0,9.0572365e-05
0,0,0.005062743
0,0,8.8645794e-07
0,0,2.1251886e-05
0,0,1.3320076e-05
0,0,2.643526e-07
0,0,0.3893073
0,0,0.23457879
0,0,3.0728967e-05
0,0,0.00022429443
0,0,0.00069386954
0,0,3.5474357e-05
1,0,0.20296137
0,0,0.26946318
0,0,8.495258e-06
0,0,3.3102467e-06
0,0,0.20486991
0,1,0.53756285
0,0,0.3546181
1,1,0.999987
0,0,0.027956609
1,1,0.99995375
0,0,7.5014e-05
0,0,1.1362774e-05
0,0,8.6169595e-05
0,0,0.00016844239
0,0,0.00045851542
0,0,0.10592311
0,0,5.3422505e-06
0,1,0.5748179
0,0,2.235212e-06
0,0,6.485292e-05
0,0,0.0047109183
1,0,0.14743581
0,1,0.5563704
0,0,0.0029951376
0,0,0.00018650207
0,0,6.41254e-05
0,1,0.6347516
0,1,0.7049192
0,0,0.30188677
0,0,8.262793e-05
0,0,7.895201e-06
1,0,0.0151279
0,0,1.8174065e-05
0,0,0.049136393
0,0,4.1088715e-06
0,0,0.0035640225
0,0,2.8686318e-05
0,0,3.3481108e-06
1,0,0.15121862
0,0,3.0595174e-06
0,0,8.424399e-05
0,0,9.198733e-06
0,0,8.78927e-05
0,0,6.205907e-05
0,1,0.71648353
0,0,1.1485634e-05
0,0,2.9767718e-05
1,1,0.99997735
0,0,1.084578e-05
0,0,4.749617e-05
0,0,1.7002789e-07
0,1,0.7160885
0,0,0.00010114614
0,0,6.718309e-05
0,0,0.14978997
0,0,0.39504662
1,1,0.9999548
0,0,3.846244e-06
0,0,0.009449269
0,0,0.00023136566
0,0,0.45768958
0,0,8.085275e-05
0,0,1.5402843e-06
0,0,7.1495397e-06
0,1,0.6729187
0,1,0.5342641
0,0,4.24644e-05
0,0,9.548691e-05
0,0,0.0015622973
0,0,0.35316014
0,0,0.22204618
0,0,1.385064e-05
0,0,4.2488948e-05
0,0,1.5100766e-05
0,1,0.7635179
1,1,0.9999784
0,0,5.087439e-07
0,0,2.2701752e-06
0,0,8.758782e-06
0,0,8.675432e-07
0,1,0.59863436
0,0,0.38755307
0,0,7.2202793e-06
0,0,0.00011065675
0,0,0.009656011
0,0,0.25881594
0,0,1.5007821e-05
0,0,0.36657867
0,0,1.6678235e-06
0,0,0.00024993237
0,0,5.18689e-05
0,0,0.069835015
0,0,0.119813845
0,0,1.1719243e-06
0,0,2.304298e-05
0,1,0.5620829
0,0,4.649392e-06
0,0,9.480653e-05
0,0,2.3837742e-06
0,0,0.010136715
0,0,3.3805868e-06
0,0,1.5790918e-05
0,0,0.0028350549
0,0,2.4319042e-05
0,0,3.8106684e-06
0,1,0.5769308
0,0,0.36079156
0,0,1.5365857e-05
0,0,0.019931518
0,0,7.997474e-06
0,0,0.41528726
0,0,0.054677084
0,0,3.76311e-05
0,0,2.6428806e-06
0,0,0.00011603768
0,0,9.25536e-05
0,0,0.08343519
0,0,0.00012348768
0,0,0.15983023
0,0,0.000107473184
0,1,0.85584486
0,0,6.1293715e-05
0,0,0.011403745
1,1,0.9999409
0,0,2.1302674e-05
0,0,0.00014541583
0,1,0.8579735
0,0,0.064555325
0,0,0.0015632259
0,0,3.2728567e-05
0,0,0.18434772
0,0,1.811936e-05
0,0,3.702748e-07
0,0,0.27663073
0,0,4.9660615e-05
0,0,0.00043917572
0,0,2.9767352e-05
0,0,5.4330167e-06
0,0,0.025507946
0,0,4.7415398e-07
0,0,8.4259336e-05
0,1,0.86261195
0,0,0.40417844
0,0,4.2052103e-05
0,0,7.429909e-05
1,1,0.99998784
0,0,4.5922294e-05
0,0,3.839839e-05
0,0,0.08529873
0,0,1.031928e-05
0,0,0.00010891757
0,0,3.7374662e-07
0,0,1.2306529e-06
0,0,4.8177888e-05
0,0,0.25374424
0,0,3.6699934e-05
0,0,2.444896e-05
0,0,0.0006510718
0,0,0.18335252
0,0,0.0011103981
0,0,1.0162843e-06
0,0,0.35912257
0,0,2.826773e-06
0,0,4.227615e-05
0,0,0.12346473
0,1,0.55814743
0,0,5.8438345e-06
0,0,0.0011321893
0,1,0.6604349
0,0,0.2311354
0,0,0.10628353
1,1,0.99997914
0,0,2.1143762e-06
0,0,7.867431e-05
0,0,2.3058588e-05
0,0,5.116939e-06
0,0,0.13441299
0,0,0.020241017
0,0,2.8385044e-05
1,1,0.99997175
0,0,0.000116052615
0,0,4.21097e-06
0,0,0.00011338803
0,0,8.2366605e-06
0,1,0.65492284
0,1,0.7614598
1,1,0.9999515
0,0,2.9725878e-05
0,0,7.096484e-05
0,0,0.09718612
0,0,2.513331e-05
0,1,0.6393881
0,0,1.6418631e-05
0,0,4.2294014e-05
0,0,0.30931354
0,0,0.3194381
0,0,0.00469961
0,0,8.618549e-07
0,0,0.04229018
0,0,0.00012382102
0,0,0.122525565
0,0,0.41295567
0,0,0.25186345
0,0,0.0012255207
0,0,1.2787809e-06
0,0,4.1011162e-06
0,0,9.00372e-07
1,1,0.99999964
0,0,4.4603294e-05
0,0,0.0022561497
0,0,0.018499402
0,0,7.8565005e-05
0,0,0.0002962637
1,1,0.6954663
0,0,1.7099695e-05
0,1,0.6299289
0,0,0.01276674
0,0,0.11321964
0,0,8.618808e-05
0,0,6.243467e-06
0,0,0.2269223
0,0,7.339826e-05
0,0,0.0025518662
0,0,0.29236045
0,0,5.779642e-07
0,0,0.23695675
0,0,0.4725057
0,0,5.46695e-05
0,0,5.5015727e-07
0,0,4.387238e-06
0,0,3.490703e-06
0,0,2.7512044e-05
0,0,3.805401e-05
1,1,0.91589737
1,1,0.99999225
0,0,1.1248221e-06
1,1,0.9999759
0,0,0.11952248
0,0,5.0292565e-05
0,0,3.1108855e-05
0,0,1.9078689e-05
0,0,0.00024838303
0,0,0.027609836
0,0,0.025767036
0,0,0.005765877
0,0,1.2531517e-06
0,0,0.00012278376
0,0,0.0057781613
0,0,0.022459293
0,0,0.08613447
0,0,6.911779e-06
0,0,0.00365249
0,0,4.8210285e-07
0,0,0.02695367
0,0,0.011680292
0,1,0.58922476
0,0,0.023012396
0,1,0.8829006
0,0,0.00046329683
0,0,5.0833663e-05
0,0,2.5371003e-06
0,0,2.5474117e-06
0,0,7.402808e-05
0,0,4.8873484e-05
0,0,3.0048228e-05
0,0,0.00030977654
0,0,0.014261286
0,0,5.9670384e-07
0,1,0.776794
0,0,7.360706e-05
0,0,1.29332475e-05
0,0,5.1826896e-06
0,0,0.07249239
0,1,0.5762205
0,0,4.6234632e-05
0,0,4.684785e-06
0,0,2.2843328e-06
0,0,1.3072225e-06
0,0,1.7114437e-06
0,0,4.919149e-06
0,0,1.4855138e-06
0,0,1.895147e-06
0,0,0.013917644
0,0,0.41921324
0,0,0.0019324936
0,0,0.00021323716
0,0,0.006820381
0,0,0.073244885
0,0,0.015978461
0,0,6.1176695e-05
0,0,0.008330621
0,0,3.879406e-05
0,1,0.5284518
0,0,7.7493096e-05
1,1,0.99992883
0,1,0.7844295
0,0,6.759774e-06
0,0,1.0074018e-06
0,0,3.7810535e-06
0,0,7.774926e-06
0,0,0.2882568
0,0,0.03939162
0,0,1.4482389e-06
1,1,0.9999951
0,0,1.037336e-05
0,0,2.7208753e-06
0,0,9.279733e-05
0,0,0.00033127674
0,0,4.7363062e-07
0,0,6.336048e-05
0,0,6.849651e-05
0,0,2.2181868e-05
0,0,3.6842098e-06
0,0,6.880092e-05
0,0,0.043324042
0,0,5.486202e-06
0,0,7.983599e-05
0,0,0.2248159
0,0,0.06749393
1,1,0.9999882
0,0,6.973398e-05
0,0,0.084331945
0,0,3.3409404e-05
0,0,3.559503e-05
0,0,9.3041526e-05
0,0,0.0070716827
1,1,0.9999989
0,0,2.3786278e-07
0,0,8.128629e-05
0,0,5.56697e-07
0,0,0.00022840932
0,0,0.1281504
0,0,7.187069e-05
0,0,0.12775394
0,0,3.5747325e-05
1,1,0.62227714
0,1,0.5003397
0,0,0.13488655
0,0,0.3350886
0,0,2.997987e-06
0,0,3.3965412e-06
0,0,6.7856996e-07
0,0,0.00010741058
0,0,0.068998694
1,1,0.9999893
0,0,5.7149926e-05
0,0,1.0973427e-05
0,0,3.200918e-05
1,1,0.99996614
0,0,5.1527365e-07
0,0,6.2193205e-05
0,0,0.00014937164
0,0,3.004978e-07
1,1,0.99999964
0,0,0.007597222
0,0,1.6417707e-05
0,0,0.330184
0,1,0.8297733
0,0,0.17426287
0,1,0.650985
0,0,0.008761558
1,1,0.99999976
0,1,0.7515881
1,1,0.99999857
0,0,1.639233e-07
0,0,2.5773936e-05
0,0,6.9657167e-06
0,0,0.005775108
0,0,3.244197e-06
0,0,5.3451455e-05
0,0,0.00012956077
0,0,1.3036084e-06
0,0,1.1158206e-06
0,0,0.011864939
1,1,0.9999715
0,0,3.2678863e-06
0,0,0.0009131565
0,0,0.0007063103
0,0,0.00013758153
0,0,6.708373e-05
0,0,0.00013728839
0,1,0.54620254
0,0,0.0001227641
0,0,1.2106806e-06
0,0,4.3445407e-06
0,1,0.8276714
1,1,0.99997365
0,0,4.4471944e-06
0,0,3.3874014e-05
0,0,0.000116239455
1,1,0.9999989
0,0,2.87645e-05
0,0,2.7780027e-06
0,0,1.7018807e-05
0,0,0.0038001107
1,1,0.9999045
0,0,8.135727e-06
0,1,0.81254256
0,0,5.9580725e-05
1,1,0.9999831
0,0,9.176977e-05
0,0,4.437627e-05
0,0,0.016661195
0,0,0.14995582
1,0,0.33707926
0,0,3.9675874e-06
0,1,0.5320011
0,0,1.033094e-06
0,0,9.617313e-06
0,0,0.01888724
0,0,3.2552225e-07
0,0,0.00021823747
0,0,0.00012754215
0,0,1.5005631e-05
0,0,2.4285123e-06
0,0,0.012539995
0,0,0.3348503
0,0,7.8380544e-05
0,0,0.050001554
0,0,0.26689938
0,1,0.5859285
0,0,0.00016159694
0,0,0.0014606133
0,0,0.06401986
1,1,0.9999763
1,1,0.70684886
0,0,3.582544e-08
1,1,0.9999995
0,0,1.0761676e-05
0,0,1.2455525e-06
0,0,0.06385841
0,0,9.606564e-07
0,0,6.5521367e-06
0,0,2.1646865e-05
0,0,2.4473047e-06
0,0,2.4359917e-05
0,0,0.27627125
0,0,3.6954338e-05
0,0,1.379605e-05
0,0,8.370207e-06
0,0,0.44128507
0,1,0.91134894
0,0,1.3109442e-06
1,1,0.9999784
0,0,0.015529273
0,0,0.0032507465
0,0,9.343549e-07
0,0,6.963437e-05
0,0,0.00017038615
0,0,2.2729679e-05
0,0,8.434607e-05
0,0,0.00027357193
0,0,3.972983e-05
0,0,6.765583e-05
0,0,0.33296555
0,0,0.00013390408
0,0,1.8137947e-05
0,0,0.34527734
0,0,5.36739e-05
1,1,0.9999914
0,0,9.444718e-06
0,0,3.0298914e-05
0,0,0.058432605
0,0,1.2141331e-06
0,0,0.11994002
0,0,1.4922143e-06
0,0,8.239089e-06
0,0,0.0036194872
0,0,0.051907476
0,0,1.3894695e-05
0,0,7.171132e-06
0,0,0.0015127697
0,0,5.4153017e-05
1,1,0.999977
0,0,2.9938194e-05
0,0,0.00014669388
1,1,0.68961567
0,0,0.44931045
0,0,1.1666504e-05
0,0,1.3584604e-06
0,0,2.1363932e-05
0,0,1.4184531e-05
0,0,1.0833796e-06
0,0,4.7443214e-07
0,0,1.0181147e-05
1,1,0.9999348
1,1,0.60105896
0,0,5.0695517e-06
0,0,0.032244314
1,0,0.41041815
0,0,7.886223e-06
1,1,0.99992454
0,0,0.00014912344
0,0,4.985414e-06
0,0,0.06849109
0,0,1.0737463e-05
0,0,1.0867533e-05
0,0,9.0483016e-05
0,0,0.0028979764
0,0,0.00013192091
0,0,2.0879263e-06
0,0,0.17170024
0,1,0.64208585
0,0,4.469944e-05
0,0,0.0010772808
0,0,1.2218842e-05
0,0,1.9151825e-05
0,1,0.60017985
1,1,0.9999832
0,0,0.3401399
0,0,3.8246762e-05
0,0,9.293897e-07
1,1,0.99989843
0,0,3.4926463e-05
0,0,0.018480886
0,0,0.017238908
0,0,0.3574966
0,0,0.01866772
0,0,8.759525e-05
1,1,0.9999993
0,0,6.2909044e-06
0,0,6.323767e-07
0,0,0.36545312
0,0,0.47761628
0,0,1.6884475e-06
0,0,0.17472677
0,1,0.6454926
0,0,0.28291845
0,0,1.7744827e-05
0,0,3.6148034e-05
1,1,0.99998045
0,0,0.00023936668
0,0,4.763163e-06
0,0,4.574475e-05
0,0,7.106134e-05
0,0,0.4075893
0,0,7.509022e-05
0,0,6.999198e-07
0,0,1.2667317e-06
0,0,0.007994273
0,0,1.194651e-06
0,0,0.2497081
0,0,9.124478e-07
1,1,0.9999715
0,1,0.68097746
0,1,0.50901437
0,0,0.00036229516
0,0,0.12284108
0,0,6.210739e-06
0,0,0.10291905
0,0,0.032695994
1,0,0.24848774
1,1,0.9999993
0,0,4.177883e-07
0,0,0.4181556
0,0,0.09492946
0,0,7.040544e-05
0,0,5.816627e-05
0,0,2.2604865e-05
0,0,0.0042128284
0,0,3.6523231e-06
0,1,0.5709475
0,0,0.41689795
1,1,0.9999677
0,0,0.034115937
0,0,5.3266744e-05
0,0,0.39396653
0,0,0.424194
1,1,0.9999989
0,0,0.26525465
0,0,2.168482e-05
0,0,2.1821136e-06
0,0,0.4899422
0,1,0.5727806
0,0,0.018587286
0,0,2.0586929e-06
0,1,0.6133029
0,0,5.7283785e-07
0,0,2.2147602e-05
0,0,8.366882e-07
0,0,0.002462159
0,0,0.002902
0,0,0.21933359
0,0,0.008251337
0,0,0.00025891967
1,1,0.9999882
0,0,2.9693609e-05
0,1,0.5080331
0,0,6.8363326e-05
0,0,3.3129058e-06
0,0,0.2799329
0,0,0.0006897407
0,0,6.0065915e-05
0,0,0.2785925
0,0,0.37572494
0,0,2.5270663e-05
0,0,2.781203e-05
0,0,6.336048e-05
1,1,0.99998415
0,0,0.32733974
0,0,4.946919e-05
0,0,0.4582166
0,0,1.7348326e-06
0,0,0.0075880317
0,0,1.4210525e-06
0,0,4.2202828e-07
1,0,0.4721151
0,0,1.9781026e-05
0,0,0.333618
0,0,0.42326322
0,0,0.0036912253
1,1,0.9999995
0,0,1.821616e-05
0,0,3.3583376e-06
0,0,4.285539e-05
0,0,1.6012328e-06
1,1,0.9999987
0,0,0.0016659659
0,1,0.5523831
0,0,0.0001240904
0,0,1.3188832e-06
0,0,5.399409e-07
0,0,0.003416527
0,0,0.038699195
0,0,2.7442942e-05
0,0,0.067725666
0,0,2.140369e-06
0,0,0.041392956
0,0,4.2483964e-05
1,1,0.9999658
0,0,1.6839962e-06
1,1,0.9999702
0,0,0.005275393
0,0,6.040037e-07
0,0,2.566398e-05
0,0,9.293391e-06
0,0,0.000113757655
0,0,6.185831e-05
0,0,1.053374e-05
0,0,0.00023061686
0,0,1.6927411e-06
0,0,1.8504816e-06
0,1,0.75856453
0,0,2.3785311e-05
1,1,0.99998844
0,0,4.7443214e-07
0,0,4.4882538e-07
0,0,4.1683893e-06
0,0,5.402072e-05
0,0,8.591594e-06
0,0,0.3260138
1,1,0.9999851
0,0,6.563973e-05
0,0,9.407509e-05
1,0,0.097419225
1,1,0.9999771
0,1,0.6776303
0,0,1.2434076e-05
0,0,8.283068e-05
0,0,0.39401048
0,0,2.1200642e-06
0,0,0.20524298
0,0,9.663921e-07
0,0,2.9110938e-06
0,0,1.1831421e-05
0,0,1.4663347e-07
0,0,0.143352
0,0,3.667163e-05
0,0,0.1733012
0,0,9.374196e-05
0,0,3.6630423e-05
0,0,0.019374639
0,1,0.88331133
0,0,0.3747869
0,0,0.024716498
1,1,0.9999912
0,0,0.07607046
1,1,0.99995065
0,0,0.00016005426
0,0,0.00016883215
0,0,0.060221456
0,1,0.57403135
0,0,3.5973042e-06
1,1,0.99997115
0,0,0.48410064
0,0,0.008819288
1,1,0.8545427
0,0,8.997477e-05
0,0,0.0030790095
0,1,0.5750689
0,1,0.8923423
0,0,1.5605254e-05
0,1,0.5922652
0,0,0.00010906911
0,0,0.021585586
0,0,1.44126425e-05
0,1,0.5620497
0,0,0.00012679046
0,0,6.4593194e-05
0,1,0.5571104
0,0,0.004988609
0,1,0.87472814
0,0,0.0018562513
0,0,0.00011709944
0,0,0.44964343
0,0,0.00011626794
0,1,0.87607837
0,0,0.024027145
0,0,0.00046982509
0,0,0.37688974
1,0,0.10392117
0,0,5.5527386e-07
0,1,0.6542878
0,0,0.005819474
0,1,0.74663824
0,0,4.3877526e-06
0,0,0.0049578184
0,0,2.1727255e-05
0,0,2.1659181e-07
0,0,0.000121552664
1,1,0.9543407
0,0,0.25757167
0,1,0.6211068
0,0,0.022493694
0,0,0.00012384569
0,0,0.07215143
0,1,0.73857456
0,0,0.02935838
0,1,0.7775151
0,1,0.8602841
0,0,0.01108129
0,1,0.7000423
0,0,1.4975139e-05
0,0,0.094065934
0,0,0.0030407724
0,0,1.7137875e-06
0,0,5.7511335e-07
0,0,0.02872724
0,0,1.9183587e-06
0,0,0.028084172
0,0,3.7208151e-06
1,1,0.99999857
0,0,1.3564706e-06
0,0,0.25444263
0,0,1.0928403e-06
0,0,4.988422e-05
0,0,9.27707e-05
0,0,4.140967e-06
0,0,0.1629102
0,0,3.6305937e-07
0,0,0.00013909137
0,1,0.5639502
0,0,0.045615047
0,0,0.047218233
0,0,0.0004184441
0,1,0.5030048
0,1,0.6692694
1,1,0.7084231
0,0,0.0054843333
0,0,2.6720516e-05
0,0,0.04117519
0,0,4.3486587e-05
0,1,0.74257857
0,0,5.402208e-06
1,0,0.4187271
0,0,5.109249e-06
0,1,0.70485455
0,0,5.3873016e-05
0,0,0.00017513265
0,0,2.558875e-06
0,0,1.4016156e-07
0,0,5.3043605e-05
1,1,0.99999785
0,0,5.0942153e-06
0,0,0.19484252
0,0,8.38356e-05
0,0,0.27200806
0,0,2.365393e-06
0,0,1.083486e-06
0,0,0.14345941
0,0,0.055867203
0,0,7.367357e-05
0,0,5.1378676e-05
0,0,0.0025044756
0,0,1.9656181e-05
0,0,0.44590607
0,0,8.604185e-07
1,0,0.046555147
0,0,0.022362148
0,0,4.0700204e-05
0,0,0.00040800424
0,1,0.6424636
0,0,5.0808656e-05
1,1,0.9998926
0,0,0.23223215
0,0,6.0029734e-06
0,0,4.0374784e-05
0,0,0.19346309
0,1,0.6203065
0,1,0.7081059
0,1,0.64312613
0,1,0.53339016
0,0,1.2825867e-06
0,0,1.2215988e-06
1,0,0.010155584
0,0,7.986873e-05
0,0,5.483256e-05
0,0,0.1631231
0,0,0.00012178725
0,0,8.519204e-07
0,0,1.6486505e-05
0,0,2.269918e-05
0,0,8.9570705e-05
0,0,6.378504e-08
0,0,3.7693775e-05
0,0,3.8770727e-06
0,0,0.15916443
0,1,0.75475633
0,0,7.458389e-05
0,0,3.4749326e-06
0,0,0.05030721
0,0,7.5082658e-06
0,0,4.543652e-06
0,0,0.18504187
0,0,0.0063577057
0,0,0.21215236
0,0,0.20047863
0,0,0.016381688
0,0,0.007776808
0,0,1.2174538e-05
0,0,3.899377e-07
0,0,0.16090044
0,0,2.9856079e-05
0,0,1.3795952e-06
0,0,6.791828e-05
0,0,0.0943173
0,0,7.6788594e-05
0,0,3.911608e-06
0,0,0.15203752
0,0,0.019778896
0,0,0.21055718
0,0,4.172586e-05
0,0,0.011953881
0,0,3.641691e-05
0,0,0.000104444036
1,1,0.9999974
0,0,5.235556e-06
0,0,4.3837068e-07
1,1,0.6630954
0,0,0.017111436
0,0,2.2956408e-05
0,0,1.4187696e-06
0,0,9.54606e-07
0,0,1.1532742e-05
0,0,1.2677687e-06
0,0,2.2102366e-05
0,0,1.2141331e-06
0,0,2.2129214e-05
0,0,3.90357e-06
0,0,1.1964185e-05
0,0,0.053182177
0,0,6.0590362e-05
0,0,0.20902395
0,0,0.34678274
0,0,1.7855455e-05
0,0,0.054753415
0,0,3.6324927e-05
0,0,0.0002298582
0,0,0.020878771
0,0,0.00014584769
0,0,3.3797634e-05
0,0,8.137543e-06
0,0,0.26910728
0,0,0.0023709158
0,1,0.58361536
0,0,4.2726024e-06
1,0,0.47747427
0,1,0.6021152
0,0,0.06865837
0,0,1.9656088e-06
0,0,6.5174677e-06
0,1,0.50083554
0,0,3.202356e-05
0,0,5.56697e-07
0,0,6.9748545e-05
0,0,0.21115418
0,0,7.9927326e-05
0,0,7.219972e-05
0,1,0.57198
0,0,3.581195e-05
0,0,5.5848864e-06
0,0,0.05316229
0,0,4.876657e-06
0,0,7.847444e-08
0,0,5.0167015e-05
1,1,0.769463
0,0,0.003619456
0,0,2.884086e-05
0,0,9.281937e-05
0,0,0.46761385
0,0,6.48826e-05
0,0,0.0062775337
0,0,2.1898322e-07
0,0,0.0002948444
0,0,3.6898455e-05
0,0,2.1648682e-05
0,0,0.12843674
0,0,2.4014782e-05
0,0,0.004209665
0,0,0.008151332
0,0,4.9799974e-07
0,0,5.4845685e-05
0,0,6.438637e-05
0,0,0.34869274
0,0,4.421368e-05
0,0,3.6477843e-05
0,0,8.316753e-06
0,0,0.4011566
0,0,6.888209e-07
0,0,0.0011618298
1,0,0.2931612
0,0,0.019108806
0,0,0.07859592
0,0,0.003672931
0,0,5.98527e-05
0,0,1.1798329e-05
0,0,3.5397068e-06
0,0,5.3562537e-05
0,0,0.000118838616
0,0,6.533459e-07
0,0,9.091487e-06
1,1,0.99999833
0,0,3.7531e-05
0,0,0.00010749512
0,0,0.009963569
0,1,0.89143807
0,0,6.0093764e-05
0,0,9.8266806e-05
0,0,7.1755323e-07
0,0,1.7611056e-06
0,0,0.00014721416
0,0,0.14852765
0,0,3.662225e-05
0,0,2.568685e-05
0,0,1.6634835e-05
0,0,0.00032864817
0,0,0.38158494
0,0,0.022866964
0,0,5.2534364e-05
0,0,3.908903e-05
0,0,1.8795494e-07
0,0,2.4709e-05
0,0,0.00013303306
0,1,0.61553705
0,0,2.6855862e-05
0,1,0.8243898
0,0,0.000101592916
0,0,1.7710761e-05
0,0,3.4249533e-06
0,0,6.3888956e-07
0,1,0.5720402
0,0,3.1243984e-05
1,1,0.58491904
0,0,3.3786916e-06
0,0,0.00017575244
0,0,0.17827655
1,0,0.10595691
0,0,1.3309575e-05
0,0,0.0015235614
0,0,0.2143749
0,0,4.175444e-05
0,0,0.00016131092
0,0,5.7046414e-05
0,0,5.6893754e-07
0,0,7.852093e-06
0,0,0.0011822123
0,0,4.630744e-05
0,1,0.52108526
1,1,0.99993443
0,0,0.0001238888
1,1,0.9999993
0,0,0.13902281
0,0,0.00017702173
0,0,5.1166608e-06
0,0,0.00014811361
0,0,1.5791961e-06
0,0,0.46806613
0,1,0.87469196
0,0,4.8299654e-07
0,0,0.042722773
0,0,2.4729316e-06
0,0,0.040263098
0,0,8.78318e-07
0,0,0.0013466675
1,0,0.49238178
0,0,0.04500597
1,1,0.68083405
0,0,0.15308304
0,0,2.231557e-06
0,0,2.8605155e-05
0,0,4.2558775e-05
1,0,0.37606338
0,0,0.027760003
0,0,4.407115e-06
0,0,3.502095e-05
0,0,0.0094408505
0,0,2.6317437e-06
0,0,2.4497273e-05
0,1,0.5237825
0,0,0.015866322
0,0,9.208148e-05
0,0,6.2975673e-06
1,1,0.9999728
0,0,0.0023606126
0,0,2.2224767e-05
0,0,7.698957e-05
0,0,3.6345607e-06
0,0,4.5975125e-07
0,0,2.7522785e-06
0,0,0.0003765801
0,0,0.048318952
0,0,3.8379817e-06
0,0,3.965326e-05
0,0,6.658504e-06
0,0,1.7213516e-06
0,0,0.1890304
0,0,0.011005839
0,0,0.008854169
0,0,8.496285e-08
0,0,2.695323e-05
0,0,8.1224534e-05
1,1,0.99999905
0,0,0.00060718
0,0,0.012109594
0,0,3.2017763e-07
0,0,8.755399e-05
0,0,6.7035646e-05
1,1,0.99997497
0,0,0.2475711
0,0,0.00082888786
0,0,4.9140476e-07
0,0,6.81298e-06
0,0,5.8127644e-06
1,1,0.60720426
0,0,9.481711e-06
0,0,4.8873484e-05
1,0,0.3691706
0,0,3.1566837e-05
1,1,0.99999213
0,0,3.518914e-05
0,0,0.0034476486
0,0,1.3371023e-05
0,0,1.0459884e-05
0,1,0.5861019
0,0,0.19478936
0,0,1.2521611e-05
0,0,0.015513279
0,0,0.0002234528
0,0,4.3467682e-07
0,0,0.00013131123
0,0,0.018027568
0,0,7.898726e-05
0,0,3.6206188e-06
0,0,9.21326e-05
0,0,0.2844713
0,0,0.0036178022
0,0,5.9263904e-05
0,0,1.9278975e-06
0,0,0.12500416
0,0,0.039003387
0,1,0.519307
0,0,0.00010619894
0,0,3.6166068e-05
0,1,0.6633169
0,0,0.072848134
0,0,0.0022392652
0,0,3.6520585e-06
0,1,0.6269544
0,0,2.5184972e-06
0,1,0.5470753
0,0,3.7504382e-05
0,0,3.0397548e-05
0,0,4.715516e-05
1,1,0.99997795
0,0,6.7330926e-05
1,0,0.29180175
0,0,2.182051e-06
0,0,0.00010435155
0,0,0.14860597
0,0,4.0335835e-05
0,0,7.737223e-07
0,0,0.47139862
0,0,0.4112528
0,0,0.44410676
0,1,0.6632327
0,0,0.0017019997
0,0,1.9071704e-05
0,0,1.2558604e-06
0,0,4.210471e-05
0,0,0.00010724407
0,0,0.00018190466
1,1,0.99995196
0,0,0.0010769115
0,0,0.006397544
0,0,5.491854e-05
0,0,0.00011043875
0,0,1.7380637e-07
0,0,6.949586e-05
0,0,0.004899588
0,0,0.00014641536
0,0,1.7951168e-05
0,0,8.763019e-06
0,0,5.900586e-06
0,0,2.6756717e-07
0,0,6.8575326e-05
1,1,0.9999865
0,0,0.05693419
0,1,0.77956134
0,0,0.06311943
0,0,4.08807e-05
0,0,0.000103517945
0,0,5.286763e-06
0,0,0.4552025
0,0,0.31338063
0,0,0.054226138
1,1,0.99999905
0,0,7.244007e-05
0,0,5.724663e-05
0,0,0.01807071
0,0,0.1600066
1,1,0.5450444
1,1,0.68153656
0,0,8.551996e-06
1,1,0.99997115
0,0,0.033775948
0,1,0.6572121
0,0,2.4581379e-05
0,0,2.0940722e-06
0,0,5.7854436e-07
0,0,9.042564e-07
0,0,6.036845e-06
0,0,4.8491374e-06
0,0,0.0075107478
0,0,0.33214095
0,0,4.1795392e-06
0,0,3.4244372e-06
0,0,2.5944586e-05
0,0,3.436808e-05
0,0,8.5637075e-06
0,0,0.0007217027
0,0,0.41378024
0,0,0.00025021087
1,1,0.9999633
0,0,0.0037918808
0,0,3.211385e-07
0,0,4.2178373e-05
0,0,4.8984257e-05
0,0,5.6408595e-07
0,0,0.0018855769
0,0,0.00015663203
0,0,1.8492945e-05
1,0,0.3826544
0,0,6.38541e-05
0,0,9.465845e-06
0,0,3.4044777e-05
0,0,0.13479541
1,1,0.67137444
0,0,7.5905127e-06
0,0,9.632113e-07
1,1,0.99989367
0,0,1.02018785e-05
0,0,5.0588966e-05
0,0,0.19733407
0,0,2.1780594e-05
0,0,4.101675e-05
0,0,1.9650914e-05
0,1,0.6195171
0,0,1.2898963e-06
0,0,0.00010227967
0,0,0.00015204564
0,0,7.730786e-06
0,0,0.00030238042
0,0,1.2269895e-05
0,0,0.1924048
0,0,2.1745934e-06
0,0,0.44886824
0,0,1.6574236e-06
0,0,1.9115687e-06
0,0,4.924232e-05
0,1,0.68150765
0,0,0.07477537
1,1,0.95762366
0,0,0.34633985
0,0,2.9952871e-05
0,0,0.4944111
0,0,1.2017706e-07
0,0,3.5894705e-06
0,0,0.2872039
0,0,0.35475826
0,0,3.0496012e-06
0,0,0.012651421
0,0,0.03640437
0,0,4.1011162e-06
0,0,0.4354414
0,0,0.43348432
0,0,0.23826423
0,0,6.805407e-07
0,0,0.00010666112
1,1,0.9999819
0,0,0.058715213
0,0,2.389731e-06
0,0,0.00012298836
0,0,0.24666837
0,0,5.7410965e-05
0,0,1.2027963e-06
0,0,0.009937404
0,0,0.0017182096
0,0,0.0759477
0,0,0.39698127
0,0,0.00027591817
0,0,1.7380637e-07
0,0,0.0035060598
0,0,1.8173178e-07
0,0,3.838638e-05
0,0,7.8459656e-05
0,0,3.745063e-05
1,1,0.9999585
0,0,1.769199e-05
0,0,0.001603509
1,0,0.47022557
0,0,1.5147249e-06
0,0,0.00013843256
1,0,0.48512575
0,0,0.09698559
0,0,0.00011802843
0,0,2.4504727e-05
0,0,9.908714e-06
0,0,0.0002867622
0,0,3.9556035e-06
0,0,0.07193899
0,0,0.00021208181
0,0,5.243976e-05
0,0,5.2050054e-05
0,0,7.7880594e-07
0,0,2.5145823e-07
0,0,0.0005570467
0,0,9.319e-08
0,0,0.04849113
0,0,0.2212528
1,1,0.9999738
0,0,0.00010906786
0,0,3.7994919e-06
0,0,3.6367414e-06
1,1,0.74322593
0,0,4.6632013e-07
0,0,0.31346875
0,0,8.319387e-05
1,0,0.3519772
0,0,5.131439e-07
0,0,8.253446e-05
0,0,1.9767711e-05
0,0,5.1558964e-06
0,0,7.63509e-06
0,0,9.61667e-06
0,0,3.2860999e-06
0,0,3.0171612e-05
1,1,0.829499
0,0,9.747892e-05
0,0,9.755899e-05
0,0,0.00017448908
0,0,5.2632346e-05
0,0,0.015635604
1,1,0.99998045
0,0,2.4152891e-06
0,0,7.055788e-06
0,0,0.00063419377
0,1,0.86674505
0,0,1.9261468e-05
0,1,0.6930342
0,0,0.00015438089
0,0,0.0091127325
0,0,0.00022323687
0,0,0.003056837
0,0,0.085565746
0,0,1.5484363e-06
0,0,5.4299464e-05
0,0,5.683129e-06
0,0,2.354752e-05
0,0,1.7915596e-05
1,1,0.9999994
0,0,0.00075096707
0,0,0.40669748
0,0,9.3349215e-08
0,0,0.0154564325
0,0,0.0013068072
0,0,6.627095e-05
0,0,5.1301854e-06
1,1,0.99996924
0,0,3.8149283e-05
0,0,0.00024213287
0,0,0.15537988
0,0,0.026378103
1,0,0.14248097
0,0,2.9009343e-05
0,0,0.0050398563
0,0,0.00024097488
0,0,7.3017996e-05
0,0,2.9500377e-05
0,0,2.0250514e-05
0,0,9.010133e-05
0,0,4.967354e-05
0,0,0.12115759
0,0,0.000121434736
0,0,0.00022525243
0,0,8.6829554e-05
0,0,0.11062337
0,0,0.010256944
0,0,9.026972e-05
0,0,0.00016003518
0,1,0.5419376
0,0,8.884814e-05
0,0,3.2155817e-06
0,0,9.331471e-06
0,0,7.302649e-05
0,0,0.081917904
0,0,0.06736406
0,0,0.047337253
0,0,1.8864932e-06
0,0,1.8610135e-05
0,0,1.690074e-05
1,1,0.99999964
0,0,6.4734872e-06
0,0,2.8887894e-06
0,0,1.719442e-06
0,0,3.6282585e-05
1,1,0.9999244
0,0,5.342709e-06
0,0,2.0786144e-06
0,0,3.0261126e-07
0,0,0.005366973
0,1,0.51926637
0,0,0.2775939
0,0,0.0013180835
0,0,8.085798e-06
0,0,0.003587916
0,0,0.32319137
0,0,2.4137895e-05
0,0,2.1669252e-06
0,0,0.21368074
0,1,0.5619638
1,1,0.99997807
1,1,0.9999763
0,0,5.8146547e-06
0,0,8.9939285e-06
0,0,0.2028972
0,0,7.748474e-05
0,0,4.5437715e-05
0,0,6.40214e-06
0,0,0.2862091
1,1,0.7645091
0,1,0.6533545
0,0,3.5940728e-05
0,0,2.3834038e-05
0,0,0.00095958094
1,1,0.999974
0,0,0.29979616
0,0,0.00011422113
0,0,1.4121308e-06
0,0,0.004025479
0,0,0.01556209
0,0,4.962224e-07
0,0,8.763094e-06
0,0,0.47233382
0,1,0.76530164
0,0,6.830245e-07
0,0,0.0007450219
0,0,0.00088094024
0,0,5.3512147e-05
0,0,1.6145184e-05
0,0,0.00067680905
0,0,4.0609717e-05
0,0,2.0512557e-06
0,1,0.50930977
0,0,1.2870578e-06
0,0,3.5564186e-05
0,0,0.00022812442
0,0,8.940235e-05
0,0,0.36053702
0,0,0.28602883
0,0,1.9283425e-06
0,0,0.4129773
0,0,0.032646425
0,0,0.00013268973
0,0,0.00013660947
0,0,3.9795623e-06
1,1,0.6637604
0,0,0.0009885447
0,0,0.30296257
0,1,0.5066135
0,0,0.38924858
0,1,0.88749677
0,0,0.4703766
0,0,0.02307723
0,0,0.1909335
0,1,0.66427815
0,0,1.7968819e-06
0,0,3.8609855e-05
0,0,1.8894438e-05
0,0,0.008503267
1,1,0.9999777
0,0,0.038237985
0,0,7.956231e-05
0,0,0.013016122
0,0,0.05092458
0,0,0.00019856893
0,0,3.1088897e-05
1,1,0.9999647
0,1,0.64427614
0,0,4.9177186e-07
0,0,0.34502763
0,0,2.9107858e-05
0,0,0.00019373283
0,0,0.34084004
0,0,1.4536298e-06
0,0,2.1161493e-06
0,0,3.4162164e-07
0,0,0.022336492
1,1,0.9999794
0,0,3.5009577e-06
0,0,5.7603834e-06
0,0,0.01890122
0,0,2.2809174e-06
1,1,0.70740265
0,0,0.00010279877
0,0,6.045804e-06
0,1,0.7955331
0,0,0.13059346
1,1,0.99999774
0,0,2.0377533e-06
0,0,6.1963294e-07
0,0,0.0041688248
0,0,7.2575324e-07
0,0,4.888797e-06
0,0,3.0724937e-06
0,0,6.6821286e-08
0,0,1.5186273e-06
0,1,0.7762514
0,0,7.0010997e-06
1,1,0.9999815
0,0,0.01798141
0,0,8.949148e-05
1,1,0.99999917
0,1,0.855777
0,0,2.2011984e-06
1,0,0.037984643
0,0,7.8136065e-05
0,0,0.254319
0,0,8.8842295e-05
0,0,0.0016465756
0,0,0.013328741
0,0,3.5198605e-05
0,0,5.654412e-06
0,0,7.488471e-05
0,0,4.7899935e-06
1,1,0.99996614
0,1,0.6009706
0,0,8.082044e-06
0,0,6.524657e-05
0,0,0.00951465
0,0,5.147141e-06
0,0,0.00013814615
0,0,1.39836e-05
0,0,6.6413793e-07
0,0,6.8836516e-06
0,0,5.4163193e-05
0,0,1.4945729e-06
0,0,0.45893925
0,0,9.075228e-06
0,1,0.83245397
0,0,0.014440148
1,1,0.9999621
0,1,0.62336993
0,0,0.00013282809
0,0,0.27287683
0,0,5.9237456e-05
0,0,0.45617458
0,0,0.019847931
0,0,0.002329402
0,1,0.6862837
0,0,0.16265893
0,0,4.1822506e-05
1,1,0.6350852
0,0,0.01178175
0,0,0.00013259119
1,0,0.2864523
0,0,3.7398837e-07
0,0,0.15026073
0,0,0.10637302
0,0,2.5276477e-06
0,0,0.00013555103
0,0,2.5274624e-06
0,0,0.023564681
0,0,0.00024063805
0,0,4.3105933e-07
0,0,4.824133e-05
0,1,0.54427785
0,0,0.00012555272
0,0,3.9978964e-05
1,1,0.9999753
0,0,0.022551805
0,0,6.986717e-05
1,1,0.99989283
1,1,0.999956
0,0,0.1508187
0,0,0.27959362
0,0,3.401538e-05
0,0,5.5818135e-05
0,0,0.0045912783
0,0,7.774926e-06
0,0,0.010744986
0,0,0.1276218
0,0,5.499901e-06
0,0,0.144657
0,0,0.0008433564
0,0,0.23708522
0,0,0.035280403
0,0,3.378047e-06
0,0,0.01891532
0,0,8.601596e-06
0,0,7.799336e-06
0,0,1.9471008e-06
0,0,0.017404974
0,0,0.12003299
0,0,7.899486e-05
0,0,1.9947653e-05
0,0,4.1067393e-05
0,0,4.910061e-06
0,0,0.15742956
0,0,0.1996076
0,0,0.00013525652
0,0,2.5386373e-06
0,0,3.787524e-06
0,0,5.196822e-05
0,0,0.30079567
0,0,0.42692572
0,0,4.1708627e-06
0,0,0.37129453
0,1,0.71061397
0,0,8.938291e-05
0,1,0.50895417
0,0,0.21208513
0,0,7.915865e-05
0,0,1.4121243e-05
0,0,0.2549887
0,0,8.499792e-07
0,0,1.9714395e-05
0,0,0.0030431487
0,0,0.00013724649
0,0,4.180193e-05
0,0,4.47826e-05
0,0,5.0313393e-08
0,1,0.5621434
0,0,7.9597794e-07
0,0,5.5798548e-05
0,0,0.3089313
0,0,8.3443505e-05
1,0,0.26530313
0,0,0.009059338
0,0,0.00012373581
0,0,0.32283384
1,1,0.78775764
0,0,0.00014828192
0,0,0.15908174
0,0,0.008496022
1,1,0.9999876
0,1,0.5920402
0,0,4.596145e-06
0,0,0.0830081
0,0,3.0258084e-06
1,1,0.9999844
0,0,3.8496542e-05
0,0,0.023470422
0,0,1.1521072e-06
0,0,7.617816e-06
0,0,1.639233e-07
0,1,0.6541597
0,0,3.4563578e-05
0,0,2.5405932e-05
0,0,0.000119026874
0,0,5.315904e-06
0,0,6.63798e-05
1,1,0.999998
0,0,3.6859212e-06
0,0,1.6466378e-05
0,0,0.0017333488
0,0,0.2324361
1,1,0.9999784
0,1,0.5526354
0,0,4.4214138e-07
0,0,0.048176832
0,1,0.6134563
0,0,0.018184064
0,0,0.017588414
0,0,2.7227363e-06
0,0,1.7584891e-06
1,1,0.9999492
0,0,8.3083985e-05
0,0,4.1225016e-05
1,1,0.99998784
1,1,0.99997497
0,0,7.6658805e-05
0,0,3.159094e-06
1,1,0.71607745
0,0,0.11615226
0,0,0.03139123
0,0,5.2297135e-05
0,0,0.00010343122
0,0,1.9758381e-05
1,0,0.3038612
1,1,0.9996799
0,0,3.6202698e-06
0,0,1.9841618e-06
1,1,0.9999844
0,1,0.67460644
0,0,1.5543319e-05
0,0,0.000106909785
0,0,2.8275086e-05
0,0,0.34049103
0,0,5.7324996e-06
1,1,0.99999833
0,1,0.5056225
0,0,0.009687301
0,0,0.009703976
0,1,0.81866765
0,0,0.002684221
1,1,0.9999994
0,0,8.9416307e-07
0,0,3.4417804e-05
0,0,0.0011822613
0,1,0.8032486
0,1,0.53682274
0,0,1.9896679e-05
0,0,3.0054935e-05
0,0,0.00012251618
0,0,3.449558e-05
0,0,4.004177e-05
0,0,0.4506222
0,1,0.7380028
0,0,8.239089e-06
0,0,0.13439626
0,1,0.6291629
0,0,1.9430836e-07
0,0,0.000119791584
0,0,0.0012437874
1,1,0.99997056
0,0,2.7725532e-06
0,0,0.44769233
0,0,0.13354805
0,0,1.2164477e-05
1,1,0.5159722
0,0,5.241921e-06
0,0,0.41913223
0,0,0.0004336993
0,0,7.364799e-05
0,0,4.7079134e-06
0,0,0.00014136336
0,0,0.45890465
0,0,2.1084958e-05
0,0,3.1942945e-05
0,0,5.8686205e-06
0,0,0.1957762
0,0,7.4062846e-06
0,1,0.5191288
0,1,0.78097695
0,0,4.457238e-05
1,1,0.9999678
0,0,0.0013630319
0,0,6.839149e-05
0,0,0.0043088514
0,0,8.047158e-07
0,0,3.456602e-06
1,1,0.9999658
0,0,0.00081076776
0,0,0.037465505
0,0,0.45575097
0,0,0.21022508
0,0,3.1100164e-05
0,0,0.07954722
1,1,0.5646026
0,0,4.1666146e-07
0,0,4.585595e-05
0,0,0.015277037
0,0,0.0025945394
0,0,8.693983e-05
0,0,0.36643562
0,0,0.0044414606
0,0,2.9014904e-05
0,0,6.3694766e-05
0,0,0.0021208297
0,0,1.7395427e-06
0,0,1.0628731e-06
0,1,0.55129504
0,0,3.670763e-05
0,0,0.094033025
0,0,0.024306543
0,0,2.8363027e-06
0,0,4.2944575e-05
0,0,0.015689204
0,0,3.3795382e-07
1,0,0.32461435
0,0,1.5545871e-06
0,0,0.00022406445
0,0,6.09069e-07
0,0,0.007710405
1,1,0.9993498
1,1,0.9999813
1,1,0.74307036
0,0,3.0873398e-05
0,0,3.1607663e-06
0,0,0.03456387
1,1,0.99999094
0,0,0.00012313634
0,0,3.6532145e-07
1,1,0.9999987
0,0,0.19128239
0,0,1.53175e-05
0,1,0.53359514
0,1,0.52258027
0,0,0.3358683
0,0,5.6120494e-05
0,0,2.9557165e-07
0,0,0.0025971185
0,0,5.485187e-06
0,0,0.02548401
0,0,1.9924324e-05
0,0,0.31709453
0,0,4.0892628e-05
1,1,0.7565999
0,0,7.3985524e-05
0,0,4.910037e-06
0,0,0.18338941
0,0,2.6835246e-06
0,0,1.0694704e-05
0,1,0.6940969
0,0,0.13811912
0,0,0.1747932
0,0,4.5440765e-06
0,0,2.657741e-05
1,1,0.9999716
0,0,0.22108164
0,0,0.16502455
0,0,0.00743088
0,0,0.00021940062
0,0,0.00018081625
1,1,0.8196504
0,0,3.2598743e-06
1,1,0.9999887
0,0,0.0070636948
0,1,0.60557157
0,0,2.2211448e-06
0,0,3.4431557e-06
0,0,0.40291506
0,0,4.6499863e-06
0,0,0.44382358
1,1,0.99997604
0,0,1.5738147e-05
0,0,0.0004473655
0,0,0.0008710307
0,1,0.50027275
0,0,0.027966581
0,0,0.00016600681
0,0,0.0013830437
0,0,8.290209e-06
0,0,0.44457775
0,0,0.00016192133
0,0,4.528955e-05
0,0,0.05338629
0,0,4.5007364e-06
0,0,0.025031699
0,0,0.042530794
0,0,0.031593695
0,0,0.20966251
0,0,6.201193e-05
0,0,0.01769635
0,0,0.0007991803
0,1,0.74833095
0,0,7.06766e-05
0,0,2.5866495e-05
0,0,0.010148224
0,0,0.0041845758
0,0,0.05483196
0,0,2.7593444e-05
0,0,4.5033685e-05
0,0,1.6877392e-06
0,0,8.180291e-06
0,0,1.7185113e-05
0,0,2.2209838e-06
0,0,2.1179198e-06
0,0,2.6281446e-06
0,0,0.00012758776
0,0,5.9881418e-06
0,0,7.4527848e-06
0,1,0.56954294
0,0,5.1842167e-06
0,1,0.5879128
0,0,5.0287526e-05
0,0,5.694592e-07
0,0,0.1958319
0,0,6.5631655e-05
1,1,0.52059466
0,0,5.6393073e-05
0,0,0.01759663
0,0,1.9227289e-06
0,0,2.1165097e-05
0,0,1.7088604e-07
1,0,0.48341367
0,0,0.0024582983
0,0,0.000102460646
0,0,0.46609685
0,0,0.40510657
0,0,3.0731853e-06
0,0,0.002620014
0,0,8.674988e-08
0,0,2.5343556e-06
0,0,0.00013545928
1,1,0.8767543
1,1,0.9999993
0,0,3.8331095e-06
0,0,0.48715684
0,1,0.53967786
0,0,5.4970533e-06
0,0,0.021894446
0,0,1.3280312e-06
0,1,0.5801592
0,0,3.8106757e-07
0,0,0.15461391
0,0,3.516757e-05
1,1,0.9999151
0,0,6.243467e-06
0,0,0.0012563907
0,0,1.8484536e-07
0,0,9.8145996e-05
0,0,0.0023451105
0,0,0.082258284
0,0,1.9087452e-06
0,0,2.915729e-07
0,0,0.06653674
0,0,4.2286247e-06
0,0,4.236211e-05
0,0,0.03151888
0,0,4.1242174e-06
0,0,1.8121859e-06
0,0,3.4099725e-05
0,0,0.00016962895
1,1,0.99999905
0,0,7.4185987e-06
0,0,0.06040908
0,0,1.5206623e-05
0,0,3.6143779e-06
0,0,0.16119722
0,1,0.6949802
0,0,2.1676013e-05
0,1,0.5441482
0,0,2.115759e-05
0,0,0.1220696
0,0,0.00015760539
0,0,2.8708731e-05
0,0,1.2219787e-06
0,0,4.7541457e-06
0,0,5.9966904e-05
0,0,0.056787957
0,0,1.3314802e-07
0,0,0.0068445066
0,0,0.00020633983
0,0,6.0345807e-05
0,0,1.8198833e-05
0,0,0.07802563
0,0,5.758478e-05
0,0,3.6146882e-06
0,0,0.053621173
1,0,0.47859767
1,1,0.99999785
0,0,0.18509117
0,0,0.30099505
0,1,0.5641433
0,1,0.7426885
0,0,4.3802196e-05
0,0,4.3094673e-07
0,0,0.00041515465
1,1,0.99996877
1,0,0.3487495
0,0,7.705126e-05
0,0,0.00013038158
0,0,6.0597926e-05
0,0,5.772008e-06
0,0,5.731352e-06
0,0,6.4361584e-06
0,0,0.4928854
0,0,4.049844e-06
0,0,2.7050413e-05
0,1,0.5966473
0,0,0.025936088
0,0,0.00061651604
0,0,0.019093292
0,0,4.8977297e-05
0,0,1.0699713e-05
0,0,0.17702985
0,0,1.3580338e-05
0,0,0.007359166
0,0,0.3448928
0,0,0.012252316
0,0,0.0076293754
0,0,6.97276e-05
0,0,6.092943e-05
0,0,0.022588337
0,0,1.4792158e-07
0,0,0.000352631
0,0,1.8812181e-05
0,0,5.970619e-07
0,0,0.013546453
0,0,4.434894e-05
0,0,2.416856e-06
0,0,0.013532816
0,0,4.2766035e-07
0,0,0.01753434
0,0,5.3394133e-06
1,1,0.99993896
0,1,0.81796134
0,0,5.0100996e-05
0,0,5.633809e-05
0,0,3.514047e-06
0,0,0.00019425631
0,0,1.6699785e-06
0,0,4.7899935e-06
0,0,0.49940217
0,0,2.0184882e-05
0,1,0.7946739
0,0,4.3640342e-05
0,0,1.7584891e-06
0,0,2.3892342e-05
0,0,0.015232005
0,1,0.7455911
0,0,0.00041042813
0,0,0.3868528
0,0,0.001017187
0,0,8.013316e-06
1,1,0.9999994
0,0,7.552707e-05
0,0,0.019710992
0,0,6.428416e-05
0,0,0.0034451135
0,0,0.00043324535
0,0,0.11608459
0,0,0.23898657
0,0,8.552655e-05
0,0,5.383409e-05
0,0,0.19985679
0,0,0.49964976
1,1,0.9999703
0,1,0.59805006
0,1,0.6978212
0,0,2.5296995e-07
0,0,8.363844e-05
0,0,0.34630808
1,1,0.99999857
0,0,8.600573e-05
0,0,1.7391412e-06
0,0,6.958685e-07
1,1,0.9999995
0,0,0.3533578
1,1,0.5178403
1,1,0.8699917
0,0,0.24337916
0,0,0.001989647
0,0,1.442033e-06
0,0,1.4696851e-06
0,0,1.6282099e-06
0,0,4.7363062e-07
1,0,0.0759776
0,0,0.015204877
0,0,0.0046015563
0,0,1.0392532e-06
0,0,4.8140174e-07
0,1,0.6464882
0,0,1.7536426e-05
0,0,0.38688117
0,0,0.028822683
0,0,9.901457e-07
0,0,3.3455e-05
0,0,0.3972219
0,0,4.848768e-07
0,0,6.827673e-06
0,0,1.1511714e-06
0,0,1.4051103e-06
0,0,1.7570628e-07
0,0,2.4351137e-05
0,0,0.0005078621
1,1,0.99999785
0,0,0.2551443
0,1,0.555233
0,0,3.9851184e-06
0,0,0.0007046772
0,0,1.7380637e-07
0,0,0.44473568
0,0,0.20601565
0,0,7.2180853e-07
0,0,4.989334e-07
0,0,4.8052704e-07
0,0,1.4425253e-06
0,0,0.0510987
0,0,3.4580232e-06
0,0,3.0805135e-05
0,0,0.43451983
0,0,8.901523e-07
0,0,1.3718316e-05
0,0,2.9507863e-05
0,0,6.431041e-05
0,0,5.232936e-05
0,0,3.582353e-05
0,0,0.0001061873
0,0,2.5360036e-05
0,0,0.13576122
0,0,8.939552e-06
0,0,0.43189323
0,0,7.204267e-06
0,0,7.172984e-05
0,0,0.00014191263
0,0,1.2457458e-05
0,1,0.5952582
0,0,7.726383e-05
0,0,0.00032724373
0,0,5.0608614e-06
0,0,1.2783969e-06
0,1,0.68080944
0,0,0.010910882
0,0,0.0017974004
0,0,1.1045515e-05
0,0,1.711415e-05
0,1,0.60283977
0,0,0.051628012
0,0,1.4346422e-05
0,0,0.00013993519
1,1,0.9999516
0,0,2.680325e-06
0,0,2.2664137e-05
0,0,7.878e-07
0,0,5.499901e-06
0,0,6.151882e-05
0,0,0.35033822
0,0,8.133773e-07
0,0,6.0985174e-05
1,1,0.99997795
1,1,0.99996996
0,0,4.8749735e-06
0,0,0.0001622349
0,0,2.7527027e-05
0,0,2.6475944e-05
1,1,0.99999905
0,0,0.25653583
0,0,2.2838681e-07
1,0,0.24226685
1,1,0.9999572
0,0,3.1203695e-06
0,1,0.51613826
0,1,0.50817907
0,0,0.0028615517
0,0,1.4746876e-06
0,0,0.0218622
0,0,7.928095e-05
0,0,6.40963e-05
0,0,8.4482135e-06
0,1,0.86713934
0,0,2.9383411e-05
0,0,8.1394217e-07
0,0,0.00047581393
0,0,6.390082e-05
0,0,8.370734e-06
0,0,2.0675083e-07
0,0,2.0042844e-05
0,0,6.32046e-05
0,0,8.8558e-05
0,0,3.1279325e-07
0,0,0.0021096265
0,0,1.1029958e-05
0,0,0.0004848512
0,1,0.6861546
0,0,0.012313724
0,0,0.32291257
0,0,9.004725e-06
0,0,3.7234007e-05
0,0,1.0530003e-07
0,0,5.4326124e-06
1,1,0.5254025
0,0,1.2912847e-06
0,1,0.6399346
0,0,0.169515
0,0,0.3191027
0,0,4.726082e-05
1,1,0.99996734
0,0,4.5875054e-06
0,0,0.0015041993
0,0,0.045034047
0,0,7.166594e-07
0,0,1.2507113e-06
0,0,0.046866402
0,0,0.006292099
0,0,6.380286e-07
0,0,6.927856e-05
0,1,0.663349
0,0,0.00012261611
0,0,1.1347053e-06
0,0,5.2479332e-05
0,0,5.3738582e-05
0,1,0.5170136
0,0,0.086652845
0,0,3.001646e-06
0,0,3.1686593e-08
0,0,0.29572555
0,0,1.4791349e-05
0,0,0.024442185
0,0,0.00010746305
0,0,5.1206156e-05
0,0,0.011071455
0,0,4.3897828e-05
0,0,2.4269864e-06
0,0,3.597773e-05
0,0,2.3422515e-06
0,0,9.927837e-05
0,0,2.5660887e-07
0,0,8.9851155e-06
0,0,0.007436949
1,1,0.99994123
0,0,0.48884344
0,0,4.3632266e-05
0,0,7.2211216e-05
1,1,0.9999989
0,0,0.00011974099
1,1,0.9999993
0,0,1.2981062e-07
0,0,1.1871227e-05
0,0,0.44572988
0,0,3.0903373e-06
0,0,0.30999756
0,0,6.453322e-07
0,0,9.13377e-05
0,0,1.3864992e-05
0,1,0.63944787
0,0,2.6033587e-05
0,0,0.47470215
0,0,0.0001007726
0,0,6.6559245e-05
0,0,0.3643064
0,0,6.792528e-05
0,0,4.1400826e-06
0,0,6.472965e-05
0,1,0.68046165
0,0,3.5854253e-05
0,1,0.7966994
0,0,0.0007299884
0,0,4.2998956e-05
1,1,0.9998896
0,0,4.4577355e-05
0,0,0.0376895
0,0,6.116447e-07
0,0,0.00010959508
0,0,0.025496602
0,0,0.04382542
0,0,0.028337285
0,0,8.615717e-06
0,0,0.000119398486
0,0,0.15508933
0,0,0.000100895675
0,0,2.599501e-05
0,0,0.017443515
0,1,0.5026483
0,0,0.4258244
0,0,0.00010835073
0,0,8.71485e-05
0,0,0.07947379
0,0,1.4649214e-05
0,0,3.1217598e-05
1,1,0.99995756
0,0,3.9464256e-05
0,0,7.930192e-06
0,0,9.928481e-05
0,0,0.063409574
0,0,1.8346811e-05
0,0,0.015584429
0,0,0.006902118
0,0,6.323065e-05
0,0,0.2592493
0,0,8.7168235e-07
0,0,5.343968e-05
0,0,0.15454914
1,1,0.9998864
1,1,0.6311115
0,0,0.00010987499
0,0,0.035580564
0,0,0.15009958
1,1,0.99976987
1,1,0.99995005
0,0,0.28252017
0,0,1.0152535e-05
0,0,0.09581489
0,1,0.658828
0,0,6.141597e-06
0,0,0.21889496
0,0,0.04044617
0,0,2.9195626e-06
0,0,2.9503462e-07
0,0,0.30648112
0,0,0.19871831
0,0,1.6678235e-06
0,0,8.339721e-05
1,1,0.99998355
0,0,0.46466282
0,0,0.13167724
0,1,0.81026655
0,0,0.00035316357
0,0,3.6520585e-06
0,0,0.37834862
0,0,0.45685804
0,0,0.0686799
0,0,0.4503638
0,0,0.00047638896
0,1,0.85395277
0,0,0.16042376
0,0,3.829613e-06
0,1,0.64577836
0,0,0.3397028
0,0,0.24929087
0,0,2.9824369e-06
0,0,1.4633589e-05
0,0,1.9863164e-06
0,0,1.1878471e-06
0,0,1.4438009e-05
0,0,8.713399e-07
0,0,0.049686786
1,1,0.99993
0,0,8.289421e-07
1,1,0.99999845
0,0,0.45379916
0,0,1.6696898e-05
1,0,0.18968987
1,1,0.99997056
0,0,0.00022987134
0,0,0.03027488
0,0,0.02334051
0,0,0.0001608983
0,0,0.018877793
0,0,7.478987e-05
0,0,4.1833008e-08
0,0,0.021112056
1,1,0.9998894
1,1,0.9999701
0,0,3.6424756e-06
0,0,3.1472848e-06
0,0,0.00033547662
0,0,0.020738538
0,0,6.037079e-05
0,1,0.57502526
0,0,1.39760805e-05
1,1,0.99998426
0,0,4.067075e-06
0,1,0.607295
0,0,1.4995526e-06
0,0,1.0109058e-05
0,0,0.023518972
0,0,3.2503467e-05
1,0,0.03628919
0,0,0.00010484828
0,0,0.038796175
0,0,0.018957656
0,0,4.9915958e-05
0,0,2.4336696e-05
0,0,4.7599888e-06
0,0,0.00011928548
0,0,5.8438345e-06
0,0,5.387722e-07
0,0,1.194651e-06
0,0,0.012187771
0,0,2.2366372e-05
0,0,0.0055454923
0,0,3.4177858e-05
0,0,9.775378e-06
0,0,0.23835997
0,0,1.2306529e-06
1,1,0.99996483
0,0,1.0256567e-06
0,0,0.0011343954
0,0,0.122205816
0,0,4.1757987e-05
0,0,5.5861706e-06
0,0,2.9032342e-05
0,0,1.2265099e-06
0,1,0.5723639
0,0,0.00014185839
0,0,3.040027e-05
0,0,1.703075e-06
0,0,4.204485e-05
0,0,2.953566e-06
0,1,0.5095882
0,0,0.10305593
0,0,0.095649876
0,0,5.227784e-05
0,0,2.6995494e-05
0,0,1.2093246e-06
0,0,0.39457428
0,0,2.5758106e-06
0,0,5.56697e-07
1,0,0.27896005
0,0,1.0586335e-06
0,0,3.0443529e-05
0,0,1.3199692e-05
0,0,0.48527116
1,1,0.8812643
0,0,1.0499401e-05
0,0,0.0022914722
0,0,0.0037731149
1,1,0.999954
0,0,3.0744446e-05
0,0,0.080038
0,0,9.497748e-06
0,0,2.5811954e-07
0,0,0.028737681
0,0,0.019736335
0,0,0.21890475
0,0,5.0088465e-06
0,0,3.3273827e-05
1,1,0.9999981
1,1,0.7474679
0,0,0.011108952
0,0,0.17507823
0,0,0.1148386
0,0,4.2548632e-05
0,0,0.000105797866
0,0,9.1413485e-06
0,0,1.1027044e-05
0,0,1.7913359e-05
0,0,7.579496e-05
0,0,6.24876e-05
0,0,3.8310714e-05
0,0,2.3640154e-05
0,0,0.47797945
0,0,4.6868958e-05
0,1,0.67592794
0,0,0.016383648
0,0,1.1261251e-06
0,0,1.3176557e-07
0,0,1.5050346e-05
0,0,5.067386e-06
0,0,0.06638367
0,0,0.15551545
0,0,6.422044e-05
0,0,0.14421387
0,0,0.0077529103
0,0,0.19269763
0,0,5.8684975e-07
0,0,2.476654e-05
0,0,4.1017298e-05
0,0,0.00012558229
0,1,0.63296527
0,0,5.1057876e-05
0,0,0.0007591955
0,0,0.19796686
0,0,3.4350647e-05
0,0,1.7051585e-06
0,0,5.6418344e-06
0,0,7.124656e-06
0,0,3.6727981e-06
0,0,0.15635057
0,1,0.5989402
0,0,4.6238114e-05
0,1,0.5899103
0,0,0.26132128
0,0,0.00012875359
0,0,5.2767686e-05
0,0,0.0026664613
0,0,7.826374e-07
0,0,0.49594933
1,0,0.46736738
0,0,5.1972677e-07
0,0,5.7329125e-05
0,0,0.000101749596
0,0,2.7347305e-06
0,0,6.4735707e-07
0,0,0.010338705
0,0,0.00043380843
0,0,0.21107826
0,0,1.3809641e-06
0,0,1.1624047e-05
0,0,8.733586e-05
0,0,3.4955683e-05
0,0,1.1106663e-06
1,1,0.7019601
0,0,1.2689189e-06
0,0,6.7599804e-06
0,1,0.80617183
1,1,0.99995804
0,0,0.49940217
0,0,1.3392807e-05
0,1,0.6360813
0,0,0.07893072
0,0,7.763893e-06
0,0,0.007853603
0,0,0.22410105
0,1,0.7687707
0,0,1.8343331e-05
0,0,1.1708592e-05
0,0,0.017794795
0,0,8.420881e-05
0,0,5.3395e-06
0,0,1.8771539e-06
0,0,9.758327e-05
0,0,1.0702597e-06
0,0,1.2404538e-05
0,1,0.8710461
1,1,0.9999534
0,0,1.8242196e-06
0,0,1.5827796e-05
0,0,0.44680223
0,0,6.24132e-08
0,0,1.7372232e-06
0,0,5.402072e-05
0,1,0.5229988
0,0,0.002139737
0,0,0.043846745
0,0,5.356149e-07
0,0,4.1272367e-07
1,1,0.99999833
0,0,3.9141738e-05
0,0,4.4306496e-05
0,0,0.009722942
0,0,1.472829e-05
0,0,0.18469252
0,0,2.8658482e-05
0,0,5.9731583e-06
1,1,0.73371226
0,0,7.417209e-05
1,1,0.99991715
0,0,0.00012486227
0,0,7.247557e-06
0,0,1.8282202e-06
0,0,2.4710742e-05
0,0,1.42000545e-05
0,0,0.24074723
0,1,0.8997399
0,0,0.2153224
0,0,0.011184505
0,0,0.0010485008
0,0,0.03782279
0,0,4.256799e-05
0,0,5.0936735e-05
0,0,0.0026891618
1,1,0.5263305
0,0,0.16207242
0,0,0.031461734
0,0,0.033112485
0,1,0.6093908
0,1,0.5098279
0,0,0.0043683406
0,0,0.4451815
0,0,0.007086232
0,0,5.6177254e-05
0,0,1.7619404e-06
0,0,1.5405868e-06
0,0,1.8612336e-05
0,0,5.4042615e-05
1,1,0.9999349
0,0,1.4965345e-05
0,0,0.012988426
0,0,9.2629e-05
0,0,0.00054215937
0,0,7.15222e-05
0,0,1.0031328e-06
0,0,0.16779982
0,0,5.2594816e-05
0,0,0.06649081
0,0,0.00019513811
0,1,0.67392397
0,0,4.4993794e-07
0,0,0.0002075096
0,0,0.00014852687
0,0,0.0004969614
0,0,0.20230654
0,0,3.018016e-05
0,1,0.5639032
0,0,0.06933497
0,0,0.2146555
0,0,6.539339e-05
0,0,1.5244316e-05
0,0,6.9186976e-06
1,1,0.6826745
0,0,0.40120685
0,0,3.683261e-07
0,0,9.788519e-07
0,0,4.2847543e-05
0,0,0.0008433078
0,0,0.46285212
0,0,0.4779596
0,0,3.5069854e-07
0,0,0.00010037393
0,0,0.07868465
0,0,0.1394568
0,0,0.009136864
0,0,5.931824e-05
0,0,4.0480496e-05
0,0,9.684416e-06
0,0,0.0063666557
0,0,2.1786182e-06
1,1,0.9999716
0,0,0.25715935
0,0,0.00038299666
1,1,0.999985
0,0,0.0023959205
0,0,0.03456881
0,0,5.1621042e-05
0,0,0.00036212165
0,1,0.5354925
0,0,0.19244434
0,0,0.010725859
1,1,0.8001229
0,0,1.1209338e-06
0,0,4.013807e-05
0,0,7.719549e-05
1,1,0.99998903
0,0,2.698309e-06
0,0,0.00015022983
0,0,0.39779234
0,0,0.007619728
0,0,0.0331893
1,1,0.5609579
0,0,0.21167262
0,0,0.00013543668
0,1,0.60884446
0,0,0.00020185961
0,1,0.83736265
0,0,0.0001643703
0,0,0.0058441837
0,0,2.5533047e-06
0,0,1.5466106e-06
0,0,2.2447593e-05
1,1,0.9999448
0,1,0.7926793
0,0,2.4384698e-07
0,0,5.1014704e-05
0,0,5.62334e-06
0,0,0.17896919
0,0,7.34437e-05
0,0,0.00013837186
0,0,0.36395168
0,0,4.51191e-05
0,0,0.00011396166
0,0,1.4550817e-05
0,0,1.00907e-06
0,1,0.7909709
0,0,2.6042403e-06
0,0,0.00024095282
0,1,0.6104544
0,0,2.1387184e-06
0,0,0.00020025963
0,0,0.47440106
0,0,4.44746e-05
0,0,0.00600373
0,0,3.2000542e-05
0,0,0.000115971314
0,0,2.7417254e-05
0,0,3.488462e-05
0,0,0.00013849224
0,0,3.6354966e-06
0,0,0.0026228763
0,0,3.1907466e-06
0,0,9.390175e-05
0,1,0.7126366
1,1,0.9999994
0,0,7.217491e-06
0,0,4.145916e-07
0,0,0.20596582
0,0,9.312275e-05
0,0,0.028009746
0,0,0.25179872
1,1,0.9999049
0,0,1.5127273e-05
1,1,0.9999149
0,0,0.3814916
0,0,0.00018222044
0,0,0.00086986745
0,0,1.4373072e-06
0,0,0.030781666
0,0,7.8804794e-07
0,0,0.28528112
0,0,1.0292644e-05
0,0,0.029460082
0,0,0.08078693
0,0,3.6329453e-07
0,0,1.7664797e-06
0,0,8.082092e-05
0,0,9.8144694e-05
0,0,0.2991473
0,0,4.019617e-07
0,0,0.09699423
0,0,0.13034478
0,0,0.013265439
0,0,0.00015211888
0,0,5.6963345e-05
0,0,0.33014458
1,1,0.999998
0,0,0.3364188
0,0,0.020178355
0,0,1.1472946e-05
0,0,1.8191926e-05
1,1,0.99999845
1,1,0.9999597
0,0,6.9644143e-06
0,0,0.00041261202
0,0,1.0345805e-05
0,0,0.05257869
0,0,6.3318207e-06
0,0,1.3329989e-06
0,0,2.1142573e-06
0,0,0.030800806
0,0,2.5490848e-05
1,1,0.9999722
0,0,4.649392e-06
0,0,1.6795473e-06
0,0,2.7730459e-05
0,0,0.14115031
0,0,0.033380415
0,0,1.041581e-06
0,0,0.035896394
1,1,0.8435677
0,0,0.25275365
0,0,0.02431415
0,0,1.8620822e-05
0,0,0.0005130813
0,1,0.74972165
0,0,9.9385026e-05
1,1,0.99999523
0,0,2.283222e-06
0,0,6.682407e-05
0,0,7.381449e-05
0,0,0.0638724
0,0,1.6473085e-05
0,0,0.0089561995
0,0,1.1029958e-05
1,1,0.9999889
0,0,2.8974614e-06
0,0,9.8804456e-05
0,0,2.4150999e-05
1,0,0.3760393
0,0,0.035563283
0,0,0.0058145486
1,1,0.99999964
0,0,0.043843307
0,0,6.303631e-05
0,0,0.014712333
0,0,1.8485417e-07
0,0,0.2159801
0,0,4.1455587e-06
0,1,0.62752664
0,1,0.7778306
0,0,1.7876963e-06
0,0,1.0425788e-06
0,0,0.05106255
1,1,0.9997589
0,0,0.010309171
0,0,0.00023662623
0,0,0.000106770414
1,0,0.26606172
0,0,4.8236685e-05
0,0,1.6509823e-05
0,0,0.28746226
0,0,0.014023352
0,0,3.8717667e-06
0,0,2.7855032e-05
0,1,0.591226
0,0,0.003415404
0,0,6.3375104e-05
0,0,0.18987231
0,0,6.69722e-05
0,0,3.8846927e-05
0,0,7.6038344e-07
0,0,0.000102855745
0,0,2.4945145e-06
0,0,0.0028805383
0,0,4.156754e-06
0,0,2.1595688e-05
0,0,4.0679597e-06
0,0,2.2939754e-05
0,0,5.500908e-06
0,0,0.0048607145
0,0,5.675703e-05
0,0,5.445098e-05
0,0,3.0087542e-05
0,0,0.050723385
0,0,0.00015172934
1,1,0.9999285
0,0,7.208731e-05
0,1,0.51796496
0,0,0.000343887
0,0,4.0877345e-05
0,0,9.9017896e-05
0,0,2.5747451e-05
0,0,2.505434e-06
0,0,0.00014358795
0,0,6.362431e-06
0,0,1.2136141e-07
0,0,2.0742636e-05
1,1,0.9999771
0,0,4.5566678e-05
0,1,0.8504316
0,0,7.997474e-06
0,0,6.349387e-06
0,0,1.4011241e-06
0,0,8.7460954e-05
0,0,5.936914e-06
0,0,0.028035112
0,1,0.6006782
0,0,1.2167482e-05
0,0,0.22656116
0,0,2.4593712e-05
1,1,0.99999225
0,0,0.0012912479
0,0,5.807882e-06
0,1,0.6465033
0,0,5.314472e-05
0,0,2.5392812e-06
0,0,0.056573976
0,0,0.013343303
0,0,2.1217014e-05
0,0,9.859504e-05
0,0,2.9629078e-07
0,0,0.0001829211
0,0,7.508714e-05
0,0,3.7601112e-05
0,0,5.5718898e-05
0,0,0.24275334
0,0,9.393229e-05
1,1,0.6115768
0,0,1.8976102e-06
0,0,4.9690384e-06
0,0,7.392217e-07
0,0,0.03166193
1,1,0.9999993
0,0,0.003543911
0,0,3.0927135e-06
0,0,3.3598713e-05
1,1,0.9999833
0,0,2.7678295e-06
0,1,0.65369266
1,1,0.999998
0,0,0.009856067
0,0,0.00013176125
0,0,0.096193835
0,0,1.6602551e-05
0,0,0.0001451104
1,0,0.32634357
0,0,1.7438897e-05
0,1,0.78370625
0,0,0.20103765
0,1,0.57268393
0,0,0.026557827
0,0,1.961065e-07
0,0,0.11909211
0,0,5.8449798e-05
0,0,5.272363e-06
0,0,4.10783e-08
0,0,0.0006330096
0,0,4.0576775e-05
1,1,0.99999607
0,0,0.13128616
0,0,3.486144e-05
0,0,6.921121e-05
0,0,1.3115158e-05
0,0,7.823664e-05
0,0,4.649281e-06
0,0,4.0433193e-07
0,0,2.571229e-05
0,0,8.3083985e-05
0,0,4.0358136e-06
0,0,1.0958951e-06
0,0,0.43927473
0,0,1.484941e-05
0,1,0.654844
0,0,0.0072426484
0,0,4.5686116e-05
0,0,0.05155714
0,0,0.050618354
1,1,0.89326966
1,0,0.16182527
0,0,2.7096576e-05
0,0,2.0103823e-06
0,0,1.165988e-06
0,0,1.0493088e-06
0,1,0.85006285
0,0,0.0059058038
0,0,8.763102e-06
0,0,3.4606492e-06
0,0,9.441957e-07
0,0,2.3274265e-06
1,1,0.99999917
0,0,7.772435e-06
0,0,2.5146854e-05
0,0,2.1618995e-05
0,0,1.5172436e-05
0,0,4.0129114e-05
1,1,0.9999012
0,0,0.00012721262
0,0,7.696389e-06
0,0,3.0129372e-06
0,0,4.4519384e-06
0,0,4.3608765e-05
1,1,0.5489357
0,0,7.2321e-05
0,0,0.19513987
0,0,7.989578e-05
0,0,5.5171686e-06
1,1,0.61227405
0,0,4.209552e-05
1,1,0.99999774
1,1,0.99987805
0,0,0.000110803936
0,0,1.28307165e-05
1,1,0.9999993
0,0,0.0403183
0,0,0.01896063
0,0,6.701351e-06
0,0,0.00012284714
0,1,0.8264409
0,0,0.2545191
0,0,0.08706563
0,0,6.240839e-05
0,0,6.3466425e-05
0,0,2.5105064e-07
0,0,3.0912077e-05
1,1,0.9999685
0,0,0.48252848
1,1,0.9999597
0,0,4.323588e-05
0,0,8.979006e-05
0,1,0.7768346
0,0,4.9480885e-05
0,0,8.216146e-06
0,0,6.5594116e-07
0,0,0.4718224
0,0,6.43393e-05
0,1,0.7381402
0,0,4.539455e-06
0,0,0.10622557
0,0,6.577595e-05
0,0,0.0032896958
1,0,0.013367979
0,0,7.8092715e-05
0,0,2.5723915e-05
0,1,0.83224076
0,0,4.407409e-06
0,0,0.0104467375
0,0,0.00010158701
1,1,0.73964864
0,0,0.0223492
0,0,1.4218456e-06
0,0,5.1693652e-05
0,0,0.0071941726
0,0,3.6060834e-07
0,0,0.00012704897
0,1,0.8386389
1,0,0.45841563
0,0,0.17281117
0,0,1.8556208e-05
0,0,8.016365e-05
0,0,1.4247681e-05
0,0,0.028104449
0,0,2.7616653e-07
0,0,1.0573153e-05
0,0,1.1920827e-05
0,0,7.2711846e-05
0,0,6.2109245e-07
0,0,1.026458e-05
0,0,5.8229376e-05
0,0,4.467917e-07
0,1,0.5995943
0,0,5.3744632e-05
0,0,8.407321e-05
0,0,4.6087283e-07
0,0,2.1593814e-05
0,0,0.00017890714
0,0,0.13677265
0,0,0.081582226
0,0,8.979494e-05
0,1,0.5765032
0,0,0.0003758787
0,0,0.4621436
0,1,0.55164623
0,0,0.00023893095
0,0,0.27224436
0,0,0.00036552342
0,0,4.7528614e-05
0,0,0.022154227
0,0,1.0298207e-07
0,0,0.21429262
1,1,0.99999833
0,0,6.672073e-07
0,0,1.7496116e-06
0,0,0.032665834
0,0,7.557411e-05
0,0,6.439692e-07
0,0,5.9309583e-05
0,0,3.641958e-06
0,0,0.027331952
1,1,0.99995136
1,1,0.884938
0,0,1.02198255e-05
1,1,0.99997866
0,0,0.0017499459
0,0,0.47305143
0,0,5.2227657e-05
0,0,1.5392065e-05
1,1,0.99994767
0,0,8.3050406e-07
0,0,3.6060834e-07
0,0,5.67547e-07
0,0,0.37011945
1,1,0.9999993
0,0,2.037622e-07
0,0,0.00023868048
0,0,0.0004348578
0,0,0.0058631366
0,0,0.09408671
0,0,2.065917e-05
0,1,0.69585764
0,0,0.007961799
0,0,3.7509135e-06
0,0,3.128295e-05
0,0,8.579435e-06
0,0,6.356843e-05
0,0,2.4383065e-05
0,0,1.7476339e-05
0,1,0.5314519
0,0,0.29241586
0,0,0.01958519
0,0,0.37592205
0,0,0.0003442816
0,0,8.669199e-06
0,0,8.2853585e-05
0,0,8.082051e-06
0,0,0.017831953
0,1,0.7488676
1,1,0.8670498
1,1,0.5497179
0,0,0.41980362
0,1,0.7941864
0,0,3.2300024e-06
1,1,0.9999416
1,1,0.6667799
0,0,0.16799532
0,0,4.2178577e-05
0,0,7.6619665e-07
0,1,0.7188554
0,1,0.76792574
0,0,4.6031464e-06
0,0,0.00012644527
0,0,0.32811257
0,1,0.6232061
0,1,0.6671752
0,0,4.7292604e-05
0,0,0.016056772
0,0,0.04339206
0,0,9.4055e-05
1,1,0.7949639
0,0,0.05072653
0,0,1.4357398e-06
0,0,7.848555e-05
0,0,3.9505176e-06
0,0,0.0001056263
0,0,2.6257165e-05
0,0,1.9396282e-06
0,0,0.18132322
0,0,3.0295275e-06
0,0,0.00011033212
0,0,3.5480953e-05
0,0,6.2141095e-05
0,0,0.00015743748
0,1,0.829253
0,0,0.011375585
0,0,0.00012436486
0,0,8.549785e-05
0,0,0.0057669575
1,1,0.9999571
0,0,4.423347e-06
0,0,1.7723061e-05
0,0,1.1646256e-06
0,0,2.2713252e-06
0,0,1.0189832e-06
0,0,6.6007174e-06
0,0,2.1043736e-05
0,0,3.8816266e-05
0,0,0.0030979705
0,0,4.5378833e-06
0,0,2.1924432e-06
0,0,8.3515516e-07
0,0,4.016719e-06
0,0,3.2017763e-07
1,1,0.9999906
0,0,0.00069195917
0,0,3.820732e-05
0,0,0.0128216
0,0,8.1599275e-05
0,0,2.133369e-06
1,1,0.68809026
0,0,1.7612867e-05
0,0,0.25748882
0,0,2.2940303e-06
0,0,0.31288657
0,0,7.1481218e-06
0,0,4.8392376e-06
0,0,3.8127043e-06
0,0,0.01028219
0,1,0.6777224
0,0,6.526262e-05
0,0,0.026516551
0,0,2.1417643e-05
0,0,2.6318392e-06
0,0,3.1939219e-06
0,0,3.2785651e-06
0,0,9.43442e-06
0,0,1.0236436e-05
0,0,0.093998015
0,0,4.2371565e-05
0,0,6.7248664e-05
0,0,0.003358418
0,0,6.8396446e-05
0,0,2.3785393e-07
0,1,0.7227154
0,0,0.1257484
0,0,0.00028714933
0,0,5.715735e-07
0,1,0.6516808
0,0,1.8525599e-06
0,0,7.4185987e-06
0,0,0.041500997
0,0,2.7932278e-05
0,0,0.030844484
0,0,3.2888431e-06
0,0,4.8181237e-06
0,0,2.3301693e-06
0,0,0.01551706
0,0,7.89444e-07
1,1,0.9999995
0,0,6.239607e-05
0,0,9.765706e-06
0,1,0.96801156
0,0,0.00033441692
0,0,0.0037313765
1,1,0.9999995
0,0,0.063370265
0,0,0.14979947
0,0,1.2833702e-05
0,1,0.7048602
0,0,0.051869888
0,0,3.210863e-05
0,1,0.85805744
1,1,0.99997246
0,0,0.0026949265
0,0,4.4519384e-06
0,0,1.1973725e-06
0,1,0.90289277
0,0,3.2045884e-06
0,0,0.00033946033
0,0,0.28441712
0,0,5.562227e-06
0,0,1.7785776e-05
0,0,0.020352975
0,0,6.988816e-05
0,0,0.06768968
1,1,0.76160663
0,0,0.02741758
0,0,0.13973509
0,0,0.022916768
0,1,0.7405675
0,0,5.3583124e-05
0,0,1.3266021e-05
0,0,7.414324e-05
0,0,0.032084912
1,1,0.99997795
0,0,2.2692143e-06
0,0,0.3499106
0,0,5.1054644e-06
0,0,0.00021062604
1,1,0.9999995
0,0,5.1774723e-06
0,0,0.088900805
0,1,0.5890999
0,0,6.9065804e-06
0,0,2.083876e-05
0,0,8.1364806e-07
0,0,0.013774193
0,0,2.6729506e-06
0,0,6.6365294e-07
0,0,0.34856325
0,0,8.092185e-06
0,0,0.16608673
0,0,0.34998578
0,0,0.039716575
0,0,3.8490958e-07
0,0,0.44136474
1,1,0.9999647
1,1,0.9999666
0,0,4.646639e-06
0,0,3.446566e-05
0,0,1.3227465e-05
0,0,8.5045673e-07
0,0,9.165826e-06
0,0,7.743732e-05
0,0,5.526377e-07
0,0,1.216609e-05
1,1,0.73786765
0,0,4.5990924e-05
0,0,0.008721091
0,0,0.31492534
0,0,6.7308974e-06
1,1,0.9999887
0,0,2.678687e-07
0,0,5.2089713e-06
0,0,5.96134e-05
0,0,3.759566e-06
0,0,3.9757347e-06
0,0,6.593532e-06
0,0,5.594107e-07
0,0,0.012242769
0,0,6.2829014e-05
0,0,0.12896532
0,0,2.3117376e-05
0,0,6.6480396e-07
0,0,0.00016797437
0,0,0.46844304
1,1,0.9999993
0,0,8.055423e-05
0,1,0.9169514
0,0,0.21035421
0,0,3.2834014e-05
0,0,0.049808763
0,0,0.3418281
0,0,1.3656603e-07
0,0,1.010851e-06
0,0,2.0976179e-06
0,0,0.00020362026
1,1,0.9999894
0,0,6.312208e-05
1,1,0.8014749
0,0,0.19134414
0,0,3.3068834e-06
0,0,6.918895e-07
0,0,0.18283823
0,1,0.5779408
0,0,3.1029154e-05
0,0,4.353754e-05
0,0,0.123225115
0,0,5.715735e-07
0,0,0.00016911927
0,0,0.058749933
1,0,0.0784737
0,0,4.328101e-05
0,0,0.0010622304
0,1,0.62320405
0,1,0.50206465
0,0,4.4092085e-06
0,0,0.13462205
1,1,0.8437801
0,0,0.24813037
0,0,1.60249e-06
0,0,6.271343e-05
0,0,0.15400834
0,0,5.8398014e-06
0,0,0.00010941725
0,0,0.1401915
1,1,0.99999666
0,0,0.47830966
0,0,5.4216005e-05
0,0,4.686542e-05
0,0,0.00023477338
0,0,0.012122139
0,0,4.3464593e-06
0,0,0.005047684
0,0,6.338326e-05
0,0,4.064842e-05
0,0,4.568505e-06
0,0,0.0002506791
0,0,5.37017e-05
0,0,0.037523217
0,0,8.211423e-06
0,0,3.514047e-06
0,0,3.614e-05
0,0,0.30662864
0,0,0.16406074
1,1,0.99999964
0,0,0.0001482542
0,0,8.0375247e-07
0,0,3.4888944e-05
0,0,6.6159623e-06
0,0,0.0074156844
0,0,1.8180664e-06
0,0,5.737838e-06
0,0,2.3319622e-05
0,0,5.1956475e-05
0,0,4.5323726e-05
0,0,3.5489855e-05
0,0,0.43514857
1,1,0.8168712
0,1,0.628995
0,0,0.017895542
0,0,1.4772281e-06
0,0,0.00028442708
0,0,1.1974045e-06
0,0,1.8561269e-06
0,1,0.61837417
1,1,0.99995565
0,0,9.772109e-05
0,1,0.6646934
1,1,0.99993086
0,0,0.2426336
0,0,0.02542363
0,0,8.239089e-06
0,0,6.204819e-06
0,0,0.00010978807
0,0,1.57964e-05
1,1,0.9999989
0,0,0.008931799
0,0,1.1086895e-05
1,1,0.9999676
0,0,0.008018674
0,0,0.014464721
0,0,8.083963e-06
0,1,0.61526835
0,0,5.6609942e-06
0,0,5.2266014e-06
0,1,0.5149893
0,0,0.34532452
0,0,0.00013545128
0,0,0.40795293
0,0,7.8953286e-05
0,0,7.521876e-06
0,0,1.054468e-06
0,0,2.655651e-05
0,0,0.0018795925
1,1,0.9999255
0,0,5.684174e-05
0,0,4.257473e-05
0,0,8.640146e-06
0,0,0.0199402
0,0,7.762163e-05
0,0,7.429215e-05
0,0,3.202255e-05
1,1,0.9999995
0,0,0.004058432
0,0,1.4642206e-06
0,0,1.9037632e-05
0,0,1.1321743e-07
0,0,1.715727e-06
0,0,3.5964043e-05
0,0,0.3722288
0,0,0.004265218
0,0,1.4092692e-06
0,0,0.00010856657
0,0,2.5618563e-06
0,0,8.210248e-06
0,1,0.8621104
0,0,4.2400868e-07
0,0,0.0015168317
0,0,0.000112894115
0,0,3.6520585e-06
0,0,0.049369887
0,0,0.00042133403
0,0,2.816013e-06
1,0,0.22035556
0,0,1.0463256e-05
0,0,1.0048083e-05
0,0,0.036072783
0,0,0.09173366
0,0,0.060813356
0,0,0.00023781025
0,0,2.567477e-06
0,0,1.382437e-07
1,1,0.9999832
0,0,0.010403541
1,1,0.9999436
0,0,0.35493076
0,0,0.44878018
0,0,1.0962684e-05
0,0,0.2936701
0,0,0.02525732
0,1,0.5299612
0,1,0.6058245
0,0,0.0001409371
0,0,3.4637687e-05
0,0,0.00015635761
0,0,0.010385255
0,0,0.00790228
0,0,0.4781731
1,1,0.9998368
0,0,0.4275331
0,0,8.684126e-06
0,0,8.936303e-07
0,0,0.2684022
0,0,0.39702144
0,0,4.0592447e-05
0,0,9.154034e-05
0,0,0.065836154
0,0,1.404217e-06
0,0,2.4374172e-06
0,0,0.25001028
0,0,1.5105746e-06
0,0,9.9504134e-05
0,0,1.75476e-06
1,1,0.8652404
1,0,0.01015118
0,0,1.1304689e-05
0,0,0.060473096
0,0,0.37633222
0,0,0.00011130792
0,1,0.7431349
0,0,3.6815302e-06
0,0,1.8161936e-05
0,0,4.0023293e-05
0,0,0.19561873
0,0,2.6676305e-06
0,0,0.032284033
0,0,0.37394634
0,0,1.2571844e-06
0,0,0.01971312
0,0,0.36417332
0,0,1.8177633e-07
1,1,0.9999523
0,0,3.1314114e-06
0,0,1.5582117e-06
0,0,5.409217e-07
0,0,0.00016451266
0,0,3.1749503e-06
0,1,0.87685347
0,0,3.8642822e-05
0,0,1.12387156e-07
0,0,0.070574984
0,0,6.103789e-05
0,0,4.542121e-05
0,0,0.052082367
0,0,3.6202782e-05
0,0,0.0269972
0,0,2.309951e-06
0,0,0.00163739
0,1,0.5580058
0,0,2.1586152e-06
0,0,6.4732276e-06
1,1,0.66700953
0,1,0.51354486
1,1,0.9999995
0,1,0.7035253
0,0,0.00012029295
0,0,1.919875e-05
0,0,3.6906315e-06
0,0,8.605734e-05
0,0,7.564557e-05
0,0,6.331598e-06
0,1,0.53167295
0,0,7.3599476e-06
0,0,1.1377707e-06
0,0,0.19546191
0,0,0.010717266
0,0,4.8160662e-05
0,0,3.013015e-05
0,0,3.90922e-05
0,0,1.0922745e-06
0,0,6.9401285e-05
0,0,3.6674497e-05
0,0,1.3964711e-06
0,0,0.04779626
0,0,0.015692001
0,0,1.6395472e-06
0,0,0.0032011352
0,1,0.78810686
0,0,2.7510021e-05
0,0,0.00014868529
0,0,1.3308357e-05
0,0,0.4889361
0,0,0.26811385
0,0,2.331861e-06
0,1,0.5237198
0,0,6.717476e-06
0,0,0.0026043444
0,0,2.415796e-06
0,0,0.014600947
0,0,0.36071506
0,0,6.067194e-05
0,0,0.00017682993
0,0,0.016794259
0,0,0.1607263
0,0,7.060393e-07
0,0,1.1957866e-05
0,0,0.015242602
0,0,0.025843063
0,0,6.307984e-05
0,0,3.430537e-06
1,0,0.44227645
0,0,9.610073e-07
0,0,0.0076045776
0,1,0.6770248
0,0,4.291596e-05
0,0,0.038491983
1,1,0.9999635
0,0,5.2870637e-05
0,0,2.2566262e-06
0,0,0.018777581
0,0,2.1572963e-05
0,0,7.549776e-05
0,0,2.9502216e-06
0,0,1.8633471e-05
0,0,0.025246132
0,0,8.079965e-05
0,0,1.08343675e-05
0,0,2.0865165e-05
0,0,4.452145e-07
0,0,0.086979635
0,0,1.2291351e-05
0,0,0.38975814
0,0,5.7351925e-05
0,0,8.037616e-06
1,1,0.9999993
0,0,8.958762e-06
0,0,9.500174e-05
0,0,2.5011248e-05
0,0,0.4608474
1,1,0.6465152
0,0,0.0001574025
0,0,1.8081508e-05
0,0,3.0936073e-06
0,0,8.932086e-06
0,0,3.2860999e-06
0,0,1.0397602e-07
0,0,3.710875e-06
0,0,0.00016105625
0,0,0.048607804
0,0,3.8327744e-05
0,0,8.649816e-05
0,0,9.719518e-05
1,0,0.47063655
0,1,0.7720952
0,0,0.028017186
0,0,3.231919e-06
0,0,0.018917909
0,0,0.41176814
0,0,0.010282291
0,0,7.118402e-07
0,0,0.16998734
1,1,0.99991894
0,0,0.00049994874
0,1,0.5543031
0,0,4.5745116e-07
0,0,3.6697973e-05
0,0,0.46101892
0,0,4.238787e-06
0,0,4.061083e-06
0,1,0.80388415
0,0,0.00033132
0,0,2.254366e-05
0,0,7.1977476e-05
0,0,3.7746002e-05
0,0,0.014331782
0,0,6.6240435e-05
0,0,0.029130306
0,0,0.028993154
0,0,1.7155061e-06
0,0,0.014262225
1,1,0.6250625
0,0,0.00010664759
0,0,5.9063456e-07
0,0,0.004096459
0,0,5.342709e-06
0,0,4.2128336e-06
0,0,0.40008897
0,0,1.1385447e-06
0,0,0.00017559047
0,0,0.000121313904
0,0,0.0023671745
0,0,5.5324097e-07
0,0,0.019987192
0,0,8.694132e-05
1,1,0.99999964
0,0,0.00022599676
0,0,0.006580507
0,1,0.7730944
0,0,1.6356851e-05
0,0,8.2106395e-05
0,0,0.17111441
0,0,1.3621654e-06
0,0,2.7846977e-06
0,0,1.7888372e-06
0,0,9.978449e-06
0,0,1.1321672e-06
0,0,1.0363442e-05
0,0,0.14534192
0,0,2.0104667e-06
0,0,0.46573907
0,0,0.0024230555
0,0,0.00013631863
0,0,1.701068e-05
0,1,0.7759024
0,0,0.32083413
1,1,0.99996936
0,0,0.00010411688
1,1,0.9999522
0,0,5.5265946e-06
0,1,0.6174475
0,0,0.0074619823
0,0,0.19910038
0,0,7.0284077e-06
0,1,0.74343574
0,0,0.00047374185
0,0,4.8856227e-06
1,1,0.9999598
0,0,1.7380637e-07
0,0,1.800407e-07
0,0,6.3684042e-06
1,0,0.31556025
0,0,5.338645e-05
0,0,2.9785437e-07
0,0,8.301517e-07
0,1,0.63607943
0,1,0.58155453
0,0,8.03042e-05
0,0,0.027297422
0,0,0.049555052
0,0,0.17285556
0,0,0.0021139674
0,0,0.0001436278
0,0,5.820156e-05
0,0,0.18639621
0,0,4.8135913e-05
0,0,8.1688245e-07
0,0,0.22696082
0,0,3.1085156e-06
0,0,0.053807136
0,0,7.090119e-05
0,0,1.51797e-06
0,1,0.78473306
0,0,1.8472284e-06
1,1,0.9999763
0,0,9.443731e-05
0,0,1.6315133e-05
1,1,0.9999994
1,1,0.89924616
0,0,1.821003e-05
0,0,2.0046177e-06
0,0,2.088386e-05
0,0,1.45543145e-05
0,0,0.0053086183
0,0,0.0059628235
0,0,1.958444e-06
0,1,0.7019937
0,1,0.76935226
0,0,6.421193e-05
0,0,5.162252e-05
0,0,0.004107904
0,0,2.797781e-06
0,1,0.6488721
1,1,0.9999701
0,0,0.4860316
0,0,1.834013e-05
0,0,6.244104e-06
0,0,0.2725822
0,0,1.4231466e-06
0,0,1.7224886e-05
0,0,1.8066476e-05
0,0,0.40475723
0,0,9.927884e-05
0,0,0.00011650612
0,0,2.0399798e-06
0,0,3.577915e-06
0,0,1.0793848e-05
1,1,0.99999976
0,0,0.00767249
0,0,2.3313465e-05
0,0,3.859034e-06
0,0,0.113316596
0,0,9.5752985e-05
0,0,1.3513869e-05
0,1,0.5186682
0,0,8.375984e-05
1,1,0.99997175
1,0,0.019270657
0,0,1.1657589e-06
0,0,0.0034348362
0,0,5.3469652e-05
1,1,0.99999917
0,0,6.7918836e-06
0,0,5.4240395e-06
0,0,2.5135586e-07
0,0,0.00016318126
0,1,0.64840233
0,0,0.02925258
0,0,0.44667926
0,0,1.1559047e-05
0,0,6.830344e-05
0,0,1.9685876e-06
0,0,4.895482e-06
0,0,0.04831779
0,0,0.26356593
1,1,0.9999789
0,0,0.00799711
1,1,0.9999814
0,0,4.911401e-05
0,0,0.00012274315
0,0,3.282459e-05
0,0,0.3598013
0,0,0.00065412343
0,0,0.03853052
0,0,8.903872e-05
0,1,0.7660981
0,1,0.55953103
0,0,0.2729816
0,0,0.0002589646
1,1,0.99994504
0,0,1.2572168e-06
0,0,4.7078456e-06
0,0,0.12584512
0,0,5.2032783e-07
1,1,0.9999783
0,1,0.61540526
0,0,2.6039645e-06
0,0,0.0014522701
0,0,1.3612681e-06
0,0,0.018536532
0,0,6.0319628e-05
0,0,0.020403745
0,0,0.030930102
0,0,2.6219411e-06
0,0,3.284289e-06
0,0,5.120659e-06
0,0,0.0008485169
0,0,1.0043848e-06
0,1,0.7947248
0,0,0.33347145
0,0,0.0009303644
0,0,1.818583e-06
0,0,0.0022865052
0,0,3.9492345e-05
0,0,1.3437546e-05
0,0,1.7380637e-07
0,0,0.10893494
0,0,2.634279e-05
0,0,1.5592803e-05
0,0,0.003599787
0,0,5.6686655e-05
0,0,5.8111455e-06
0,0,4.093863e-05
0,1,0.5514996
0,0,6.121733e-06
1,1,0.9999764
0,0,0.20447429
0,0,0.00019680841
0,0,0.057751145
0,0,0.005022451
0,0,0.010902241
0,0,9.585667e-06
0,0,3.1070078e-05
0,0,9.658793e-06
0,0,3.761223e-05
0,0,0.094252065
0,1,0.6371452
0,0,2.0680716e-05
0,0,0.30813015
0,0,1.0583124e-06
0,0,2.2628848e-05
0,0,2.7739161e-05
0,0,0.11080191
0,0,1.7585797e-05
0,0,5.0063306e-07
0,0,0.018146534
0,0,5.5103043e-05
0,0,0.3030988
0,0,0.49472836
0,0,0.0050603272
0,0,4.916087e-05
0,0,1.1466031e-07
0,0,0.00016785189
0,0,1.9153596e-05
0,0,5.0525427e-06
0,0,2.0899659e-05
0,0,1.1569624e-05
0,0,0.00012662263
0,0,2.8140104e-07
0,0,4.4180386e-05
0,0,0.08928349
0,0,1.8514402e-06
0,1,0.7488596
0,0,0.0003280368
0,0,1.5912648e-06
0,0,1.3660587e-05
0,0,2.6115447e-06
0,0,6.0380462e-05
0,0,1.3954032e-07
0,0,8.98347e-06
0,0,0.20207943
0,0,0.31271398
0,0,0.000752891
0,0,8.093506e-07
0,0,3.6288873e-06
0,0,1.0215884e-07
1,1,0.99988747
0,0,4.834947e-05
0,0,0.0028781935
0,0,3.596099e-05
0,0,4.8971633e-06
0,0,0.019942679
0,0,1.1064681e-06
0,0,6.4284045e-06
0,0,1.3095961e-05
0,0,4.173652e-06
0,0,0.00011950054
0,0,7.997474e-06
0,0,2.7693091e-05
0,1,0.6750531
0,0,8.095559e-07
0,0,3.3980152e-06
0,0,7.37913e-07
0,0,1.3318056e-06
1,1,0.9999534
0,0,2.7807037e-06
0,0,3.577915e-06
0,1,0.6607759
1,1,0.7684656
0,1,0.9125742
0,0,8.038656e-05
0,0,4.1639673e-06
0,0,1.5165971e-05
1,1,0.9999392
0,0,2.2433618e-05
0,0,1.1089094e-05
1,1,0.9999995
0,0,3.761223e-05
0,0,0.20288217
0,0,8.4495866e-07
0,0,7.160819e-06
0,0,2.4768897e-06
0,1,0.80104953
0,0,0.00028181824
0,0,5.078957e-05
0,0,0.0026259392
1,1,0.99994504
0,0,4.4770728e-05
0,0,0.098107904
0,0,0.04069033
0,0,1.55583e-06
0,0,0.0089727035
0,0,0.46527812
0,0,0.021273414
0,0,1.8025425e-07
0,0,2.9517658e-05
0,0,6.812799e-05
0,0,6.0293347e-05
0,0,0.039870176
0,0,0.15254556
0,0,3.7328864e-05
1,1,0.9999776
0,0,1.47244555e-05
0,0,2.5081042e-06
0,0,1.1881939e-06
0,0,0.00013420306
0,0,1.3436827e-05
0,1,0.6490258
0,0,5.345818e-05
0,0,0.3789775
0,0,1.4971813e-05
0,0,5.6345827e-05
0,0,5.322475e-05
0,0,0.3439305
0,0,8.063623e-05
0,0,5.2744454e-06
0,0,0.00010698555
0,0,0.0845483
0,0,0.025318654
0,0,0.22985384
0,0,2.5528423e-06
0,0,0.37220317
0,0,0.0071216375
0,0,0.00010411688
0,0,8.381162e-05
0,0,9.174186e-06
0,0,0.00027159264
0,0,0.017879209
0,0,5.1843926e-05
0,0,0.33771238
1,1,0.99999905
0,0,0.31919214
0,0,7.3595993e-07
0,0,5.289172e-05
0,0,8.21508e-06
0,0,0.00016005426
0,0,7.7008146e-05
0,0,0.006385253
0,0,0.0069326805
0,0,6.0158723e-05
0,0,5.8876405e-05
0,0,2.2499473e-06
0,0,2.9896357e-06
0,0,4.7762813e-07
0,0,0.013359277
0,0,0.063838445
0,0,3.85828e-06
0,0,4.9025708e-05
0,0,3.1854546e-05
0,0,5.223832e-05
0,0,0.010923177
0,1,0.63605785
0,0,0.001521999
0,0,0.3141534
0,0,0.0015955408
0,0,5.4521115e-06
0,0,8.863396e-05
0,0,5.873918e-05
0,0,0.07365199
0,0,3.0327976e-07
0,1,0.6971841
0,0,1.7288735e-06
0,0,2.1780759e-06
0,0,4.4519384e-06
1,1,0.9999995
0,0,9.018969e-05
0,0,3.634803e-06
0,0,9.309235e-07
0,0,0.000113982525
0,1,0.5197415
0,0,9.594446e-06
0,0,0.20986736
1,0,0.23425798
0,0,0.24340934
0,0,5.178633e-06
0,0,5.585679e-05
0,0,9.233745e-05
0,0,1.1996219e-06
0,0,1.7670323e-05
0,0,0.00010918389
0,0,0.03444129
0,0,7.823664e-05
0,0,1.236292e-05
0,0,4.9272853e-06
0,0,2.55414e-06
0,0,3.95609e-06
0,0,0.19626014
0,0,9.66058e-06
0,1,0.51457536
0,0,6.320924e-05
1,1,0.99999857
0,0,2.2125985e-05
1,1,0.9999597
0,0,0.022763032
0,0,0.0366712
0,0,3.0764754e-06
0,0,0.018680828
1,0,0.23025186
0,0,0.47519565
0,0,5.1036943e-05
0,0,1.9071704e-05
0,0,3.9389477e-05
0,0,0.00022265165
0,0,2.639387e-06
0,0,4.2857966e-05
0,0,0.19904426
1,1,0.99997866
0,1,0.71914595
0,0,1.4085854e-06
0,1,0.6388224
0,0,3.0710947e-07
0,0,1.9148703e-05
0,0,1.33373e-06
0,0,8.490175e-05
0,0,0.47681993
0,0,4.1003104e-06
0,0,3.8448554e-05
0,0,0.00020360044
0,0,0.0034768325
0,0,1.4163363e-05
0,0,0.28253454
0,0,5.145276e-05
0,0,8.124447e-07
0,0,0.023408027
0,0,0.0010239664
0,1,0.64009005
0,0,0.3507956
0,0,6.309777e-05
0,0,2.8550949e-05
1,1,0.6126232
0,1,0.8863581
0,0,1.1606834e-05
0,0,0.20560805
0,0,0.12876219
0,1,0.83482075
0,0,6.9856405e-06
0,0,3.4162646e-08
0,0,0.43693206
0,0,0.013242185
0,0,7.491979e-06
0,0,0.025987135
0,0,3.798657e-05
0,0,1.7660436e-06
0,1,0.88618916
1,1,0.99997854
0,1,0.6531581
0,1,0.8767873
0,0,4.3964212e-07
0,0,4.8785292e-05
1,0,0.3890006
0,0,1.7290255e-07
0,0,1.6793465e-05
0,0,5.7147303e-05
0,0,0.0050538806
0,0,5.1647856e-07
0,0,0.00020094783
0,0,0.18109658
0,0,8.144155e-05
0,0,8.959916e-06
0,0,3.9257397e-05
0,0,0.07225818
1,1,0.9999858
0,0,0.17082974
0,0,0.042159416
0,0,1.7667275e-06
0,0,0.3512325
0,0,0.013338721
0,0,2.0589288e-05
0,0,0.011869972
0,0,0.06620786
0,0,0.04940332
0,0,0.12868336
0,0,2.012453e-05
0,0,0.0001241001
0,0,0.02591865
0,0,2.4738283e-05
0,0,1.6614321e-06
0,0,7.760986e-05
0,0,8.606571e-05
0,0,4.2994812e-05
0,0,5.5978744e-05
0,0,8.9961844e-07
0,0,5.561372e-07
0,0,0.0001302778
0,0,1.40330685e-05
0,0,3.040729e-05
0,0,0.00017614487
0,0,3.890565e-05
0,0,1.7475373e-05
0,1,0.6763048
0,0,2.8360855e-05
1,1,0.999956
0,0,0.0038489832
0,0,0.0001158905
0,0,4.221628e-05
0,0,2.1923156e-06
0,0,0.0001339268
0,0,0.0012366793
0,0,2.5641637e-06
0,0,0.40448758
1,1,0.99994266
0,0,0.23062891
0,0,2.4524636e-06
0,0,0.015115849
0,0,0.14499539
0,0,0.3128997
0,0,0.000101083555
0,0,5.9980175e-05
0,0,0.013697587
0,0,3.2418186e-05
1,0,0.28743038
0,0,8.298105e-05
0,0,2.1527627e-05
1,1,0.9999671
0,0,9.421831e-06
0,0,2.3333225e-06
0,0,8.281288e-06
0,1,0.5441992
0,0,0.06486947
0,0,4.3314426e-06
0,0,1.7077298e-06
0,0,0.078136325
0,0,4.7900025e-06
0,0,3.7365407e-05
0,0,7.3850906e-06
0,0,0.00015797626
0,0,0.00013795725
0,0,1.4730191e-06
0,1,0.5920213
0,1,0.52121943
0,0,2.5534534e-06
0,0,9.524872e-07
0,0,0.00332158
0,0,0.019618126
0,0,3.6345607e-06
0,0,4.9898193e-07
0,0,0.078636095
0,0,0.429356
0,0,0.12631641
0,0,0.06279475
0,0,4.4129818e-05
0,0,1.1437845e-05
1,1,0.99998116
0,0,0.2893136
1,1,0.99997723
0,0,7.659114e-05
0,0,3.122754e-05
0,0,0.4034892
0,0,0.01583691
0,0,4.5818565e-06
0,1,0.53483015
0,0,5.599766e-06
0,0,1.2153252e-05
0,0,0.000119514094
1,1,0.9999639
0,0,0.3932217
0,0,0.40153918
0,0,7.3450897e-06
0,0,0.048185308
0,0,2.4771448e-06
0,0,7.734413e-07
0,0,0.0016627903
0,0,3.041431e-06
0,0,0.0008634676
0,0,1.9716297e-06
0,0,3.2781514e-05
1,1,0.99997437
0,0,7.0842007e-06
1,1,0.9999732
1,1,0.90254337
0,0,9.854141e-06
0,0,0.47471133
0,0,0.34231064
0,1,0.559499
0,0,0.00042022075
0,0,1.2667487e-06
0,0,5.3867214e-05
0,1,0.5923799
0,0,0.16097538
0,0,0.3392938
0,0,0.0015323135
0,0,3.0373005e-06
0,0,0.0001712437
0,0,1.9974082e-06
0,0,0.24767888
0,1,0.8128128
0,0,1.859277e-06
0,0,0.00047768853
0,0,1.0217594e-05
0,0,4.8650843e-05
1,1,0.99999714
0,0,6.6077155e-05
1,1,0.9999769
1,0,0.49750555
0,0,0.030247439
0,0,3.464113e-06
0,0,0.34807318
0,1,0.5895793
0,0,2.8331067e-05
0,0,5.265838e-07
0,1,0.5248108
0,0,0.025768042
0,0,0.22770385
0,0,0.21968135
0,0,0.007449871
0,1,0.8804431
0,1,0.5764655
0,1,0.52907294
0,0,4.471415e-05
0,0,0.000120599485
0,0,6.4557994e-06
0,0,0.0074364706
1,1,0.7138729
0,1,0.7044855
0,0,7.528812e-05
0,0,2.2877446e-05
0,1,0.57066005
0,0,0.055420745
0,0,0.00013939914
0,0,0.48589724
0,0,1.0994523e-05
0,0,1.6452768e-05
0,0,3.3337925e-05
0,0,0.41824618
0,0,0.005090512
0,0,0.0005354829
0,0,0.00018810118
0,0,0.00022532782
0,1,0.6293169
1,1,0.9999995
0,0,0.0111610675
0,0,1.3899354e-06
0,0,3.5894725e-05
0,0,9.927877e-06
0,0,0.46179274
0,0,0.000109816334
0,0,1.4025975e-06
0,0,1.1195481e-05
0,0,2.6969453e-06
0,0,3.8231865e-06
0,0,0.00010186813
0,0,0.1855824
0,0,0.04070631
0,0,0.00018205406
0,0,8.2455335e-06
0,0,4.721073e-05
0,0,0.47086158
0,0,4.848768e-07
0,0,9.721842e-07
0,1,0.80335677
0,0,0.11468611
0,0,5.7577795e-06
0,0,7.638152e-05
0,0,3.999518e-06
0,0,0.00013082368
0,0,0.45958474
0,1,0.78376937
0,0,0.0059017455
0,0,7.136304e-06
0,0,6.125819e-05
0,0,6.0118305e-06
0,0,0.00014413818
0,0,8.398988e-07
1,1,0.99997246
1,1,0.99999726
0,0,0.020452652
0,0,0.027676173
0,0,0.00014942208
1,1,0.6623822
0,0,7.864888e-05
0,0,9.084806e-06
0,0,1.3309575e-05
0,0,0.00010219933
0,0,3.6874815e-05
1,1,0.99999774
0,0,1.8670984e-05
0,0,0.029553289
0,0,3.1563745e-06
0,0,0.39500883
0,0,1.984769e-05
0,0,0.0005105102
0,0,5.15624e-06
0,0,0.003373666
0,0,0.38062602
0,0,0.0002079374
0,0,0.42349988
0,0,4.545388e-05
0,0,0.00021575266
0,0,0.006366282
0,1,0.78903466
0,0,0.011941368
0,0,2.6620473e-06
0,1,0.8173329
0,0,7.974705e-05
0,0,0.014078961
0,0,6.424212e-05
0,0,2.6748885e-06
0,0,6.262504e-05
0,0,0.03913024
0,0,1.44126425e-05
0,0,0.0066449894
0,0,1.586292e-06
1,1,0.9999733
0,0,4.358929e-06
0,0,0.27650505
0,0,0.0036133584
0,0,0.00023878405
0,0,4.3259923e-05
0,0,6.1371626e-05
0,0,0.07739373
0,0,1.462977e-06
0,1,0.8215358
0,0,0.007458924
0,0,0.011793998
0,0,0.04687992
0,0,1.5709733e-05
0,0,0.00022694166
1,0,0.28638533
0,0,2.3729754e-06
0,0,0.0003268085
1,1,0.71745
0,0,0.12157719
0,0,3.1359807e-05
0,0,0.46789873
0,0,6.400019e-07
0,0,1.2655009e-05
0,0,0.12296296
0,0,1.0301315e-05
0,0,0.00063743175
0,1,0.5239311
0,1,0.7339227
0,0,1.677133e-05
0,0,0.014193687
0,0,3.3795382e-07
0,0,6.06985e-05
0,0,0.07691233
0,0,3.0785943e-06
0,0,1.1496976e-05
0,0,0.013694507
0,0,0.00010773495
0,0,2.0341758e-07
1,1,0.9999814
1,1,0.9999877
0,0,8.226055e-05
0,0,7.568799e-06
0,0,0.3393836
0,0,1.446327e-05
0,0,0.00010481708
0,0,0.072418176
0,0,0.0011778746
0,0,0.0022711104
0,0,8.175193e-05
0,0,1.6798866e-06
0,0,0.18496524
0,0,9.946906e-06
0,0,1.2403771e-06
1,1,0.99997675
0,0,0.23297258
1,0,0.3492792
0,0,4.2967025e-05
0,0,2.7780532e-06
1,1,0.99998593
1,0,0.30010682
0,0,0.0014591132
0,0,4.7942634e-05
0,1,0.7615315
0,0,1.8757166e-05
0,0,6.709058e-05
0,0,0.00014840935
0,0,3.743167e-05
1,1,0.6324616
0,0,2.2768078e-05
0,0,5.402072e-05
0,0,0.114851065
1,0,0.12433712
0,0,3.247812e-05
0,1,0.7024254
0,1,0.8378395
0,0,2.4724226e-05
0,1,0.70020646
1,1,0.5617535
1,1,0.999969
1,1,0.9096245
1,1,0.6273865
1,1,0.6718714
0,0,0.020006457
0,0,2.5684687e-06
0,0,2.938139e-05
0,0,0.331337
0,0,0.19326337
0,0,1.1129109e-06
1,1,0.9999713
0,0,6.206902e-06
0,0,3.8939885e-07
0,0,0.075334124
0,0,8.7039705e-05
0,0,0.08679225
0,0,1.2826912e-05
0,0,4.0358136e-06
0,0,4.9166397e-06
0,0,0.000109137356
0,0,2.7865659e-05
0,0,0.009392067
1,1,0.9999877
0,0,0.0053301216
0,0,6.593943e-05
0,0,1.4395527e-05
0,0,7.767173e-07
0,0,0.005507226
0,0,1.5743357e-05
0,0,9.890447e-05
1,1,0.99998295
0,0,7.671413e-07
0,0,7.722103e-05
0,0,0.08619569
0,0,0.00018133699
0,0,0.3492081
0,1,0.6392307
0,0,0.023929399
0,1,0.7711213
0,0,0.22916844
0,0,0.0074875876
0,0,0.0893354
0,0,0.040349904
0,0,9.990926e-05
0,0,0.00022581582
0,0,0.43248987
0,0,3.266034e-07
0,0,8.49088e-07
0,0,0.27644682
0,0,1.6174106e-06
0,0,6.911681e-06
0,0,1.0604386e-05
0,0,0.24039397
1,1,0.9999995
0,0,0.00013984741
0,0,9.6418735e-05
0,0,0.00011571294
0,0,0.00013545567
0,0,2.7225155e-05
0,0,6.292904e-05
0,0,6.2019967e-06
0,0,3.634803e-06
0,1,0.812343
0,0,0.000111823036
0,0,5.1958928e-06
1,1,0.99999976
0,0,0.00013257287
0,0,0.032703016
0,0,0.35947496
0,0,9.964285e-05
0,0,0.08356437
0,1,0.7235279
0,0,2.2297636e-06
0,0,0.000120163524
0,0,4.980783e-05
0,0,0.00015254563
0,0,0.06386257
0,0,0.34957737
0,0,5.322475e-05
0,0,4.607661e-06
0,0,7.780312e-05
0,0,1.6005419e-05
0,0,2.1034928e-05
0,0,4.998913e-05
0,0,2.5135586e-07
0,0,1.9865225e-05
0,1,0.7902408
0,0,5.6603258e-05
0,0,2.2838318e-05
0,0,6.907993e-05
0,0,2.8289817e-06
0,0,8.894545e-05
0,0,7.8827284e-08
0,0,8.7697634e-05
0,0,0.262934
0,0,7.012964e-05
0,0,2.0163392e-05
0,0,4.0800078e-05
0,0,0.054808933
0,1,0.64449114
0,0,7.016127e-05
1,1,0.7211422
0,0,7.302886e-05
0,0,0.49648437
0,0,0.037267126
0,0,0.18802229
0,0,5.865561e-05
1,1,0.9999759
0,0,2.5699983e-05
0,1,0.5026592
0,0,0.018353008
0,0,0.33949843
0,0,4.515715e-05
0,0,7.33295e-08
0,0,0.21908873
0,0,3.0337517e-06
0,0,1.946975e-05
0,0,0.41155255
0,0,0.3157033
0,0,6.344252e-05
1,1,0.99996185
1,1,0.9999827
0,0,0.026299497
0,0,1.3417008e-06
0,0,2.8601078e-06
0,0,0.05717278
0,0,4.2515962e-06
0,0,4.9149243e-05
0,0,0.00012926485
0,0,2.91592e-05
0,0,0.20379125
0,0,5.263877e-05
0,0,5.179965e-05
1,1,0.51907784
0,0,0.0030543257
0,0,6.0591916e-05
0,0,1.7246713e-05
0,0,4.9011076e-05
0,0,0.04366882
0,0,0.15002382
0,0,4.3938576e-06
0,0,6.219973e-05
1,0,0.23912357
0,0,7.9921523e-07
0,0,0.017367965
0,0,0.054730926
0,0,0.113295704
0,0,6.243467e-06
0,0,6.178137e-05
0,0,6.160241e-05
0,0,5.1491486e-05
0,0,2.8308302e-06
0,0,0.014720527
0,0,1.1341176e-05
0,0,0.09511684
0,0,3.6219288e-05
0,0,0.024137773
0,0,1.4987921e-06
0,0,9.618364e-05
0,0,5.5489403e-05
0,1,0.6564305
0,1,0.7106639
1,1,0.9999995
0,0,4.4581034e-06
0,0,3.8876795e-05
0,0,0.18794553
0,0,1.1882418e-05
0,0,0.008763525
0,0,0.0006800684
0,0,0.36513147
1,1,0.90275335
0,0,2.5819052e-05
0,0,8.336374e-06
0,0,5.9236107e-05
0,0,9.313962e-05
0,0,0.0060998052
0,0,8.058639e-06
0,0,2.4749821e-05
0,0,0.14601843
0,0,0.00039969748
0,0,5.258732e-07
0,0,1.5216121e-06
1,1,0.8045634
0,0,2.0531603e-05
0,0,3.822514e-05
0,0,0.28286812
1,1,0.9999336
0,1,0.79642075
0,0,3.7645458e-07
0,1,0.70737725
0,0,0.18448235
0,0,0.00015963602
0,0,7.639915e-05
0,0,0.005205435
0,0,1.0690652e-06
0,0,0.043341022
1,0,0.36945888
0,0,0.03356841
0,0,3.8516482e-05
0,0,3.4117613e-05
0,0,0.25952595
1,1,0.94347405
0,0,0.47238323
0,0,7.457858e-07
0,0,4.386632e-05
0,1,0.6447291
0,0,0.22020303
0,0,1.9493862e-06
0,0,3.623456e-05
0,0,3.976785e-06
0,0,4.851011e-07
0,0,5.746377e-05
0,0,2.45783e-06
0,1,0.5784572
0,1,0.5857924
0,0,0.00053782103
0,0,6.929786e-05
0,0,0.0034872615
0,0,0.013762914
0,0,0.00048309835
0,0,0.29577008
0,0,0.10385418
0,0,4.992005e-05
0,0,7.394419e-05
0,0,5.9413605e-07
1,1,0.7926171
0,0,1.0921695e-05
0,0,7.065248e-06
0,0,6.284849e-05
0,0,4.6298825e-05
0,0,0.03297925
0,0,0.0028492631
0,0,6.855971e-07
1,0,0.09264941
0,0,1.5890537e-07
1,0,0.27337766
0,1,0.6122752
0,0,2.7339667e-07
1,1,0.99994624
0,0,2.3786278e-07
0,0,2.9630228e-06
0,0,4.4307394e-06
0,0,0.05010054
0,0,2.2328152e-06
0,0,4.8194383e-05
0,0,9.556479e-05
0,0,2.3522362e-05
0,0,4.854027e-05
0,0,5.1801544e-06
0,0,7.2101643e-06
0,0,0.27053115
0,0,4.6982484e-05
0,0,0.4130562
0,0,0.00020054568
0,0,0.36269817
0,0,0.15170017
0,0,0.014278664
0,0,0.41747773
0,1,0.5618274
0,0,1.309712e-06
0,0,1.2829175e-05
0,0,1.592086e-06
0,0,0.28166205
1,0,0.4118249
0,0,0.18757088
1,0,0.48139068
0,0,8.207986e-05
0,0,3.7435206e-05
0,0,0.00041906864
0,0,0.0034732972
0,0,9.580722e-06
0,1,0.78243655
0,0,9.458802e-07
0,1,0.6904328
0,0,2.5155705e-05
0,0,9.371587e-05
0,0,4.886603e-05
0,1,0.7558417
0,0,0.27367228
0,0,0.19437928
0,0,0.009809076
0,0,3.2940932e-07
0,0,1.9374954e-07
0,0,7.741827e-05
0,0,2.3246662e-07
0,0,1.836405e-06
0,0,0.012862627
1,1,0.99996793
0,0,0.000107430365
1,1,0.99999964
0,0,0.1415409
0,0,0.33303052
0,0,2.7344802e-06
0,0,7.32269e-05
1,1,0.99999917
0,0,0.2409631
0,0,0.4532231
0,0,0.036678582
0,0,4.403947e-05
0,0,0.07704078
0,0,2.3997134e-06
0,0,7.813197e-05
0,0,1.455709e-05
0,0,0.0011521358
0,0,4.6147766e-06
0,0,0.0025900812
0,0,0.032096308
0,0,0.00012828801
0,0,6.858507e-05
0,0,0.42238018
0,0,0.049902495
0,1,0.7384039
0,0,3.4694658e-06
0,0,0.00014041636
0,0,4.861793e-07
0,0,0.052219328
1,1,0.9999821
0,0,7.558563e-06
0,0,1.5052825e-06
0,0,0.19539523
0,0,1.2471381e-06
0,0,3.3753327e-06
0,1,0.5160543
1,0,0.41704556
0,0,5.9707836e-06
1,1,0.9999993
0,0,2.8916531e-06
0,0,0.0065691452
0,0,3.544247e-05
0,1,0.558813
0,0,8.623912e-06
0,1,0.76122427
0,0,3.682594e-06
0,0,9.695141e-07
0,0,3.867947e-07
0,0,3.0013168e-06
0,0,1.2304123e-06
0,0,9.6181255e-05
0,0,2.8164964e-06
0,0,2.0399798e-06
0,0,2.2986836e-05
1,1,0.99998665
1,1,0.9999702
0,0,8.370207e-06
0,0,2.7406204e-06
0,0,4.0191502e-05
0,0,3.9764514e-06
0,0,6.774085e-05
0,0,0.2666006
0,0,0.076167904
0,0,0.3237087
0,0,0.0003739808
0,0,9.309301e-05
0,0,0.0132601615
0,0,0.28047958
0,0,0.0071061985
1,1,0.99998915
0,1,0.6760809
0,0,3.0782658e-06
0,0,3.6273411e-06
0,0,2.6711846e-06
0,0,0.0016322637
0,0,9.840842e-07
1,1,0.9999392
0,0,9.95947e-05
0,0,2.1128906e-06
0,0,0.012506413
0,0,2.5210659e-06
0,0,1.0223813e-06
0,1,0.77000326
0,0,0.014310101
0,0,0.02423176
0,0,0.00015935225
0,0,6.454621e-07
1,1,0.9999956
0,0,0.00011106681
0,1,0.8950413
0,0,2.1251126e-06
0,0,1.4271451e-05
0,0,6.161158e-05
0,0,0.18653445
0,0,0.36042538
0,0,2.934326e-06
0,0,2.0364673e-06
0,0,4.8851773e-05
0,0,3.2391115e-05
0,0,0.2523832
0,0,4.506221e-06
0,1,0.7169089
0,0,0.12207417
0,0,4.103526e-06
0,0,8.8822475e-05
1,1,0.7023971
0,0,4.509854e-05
0,0,0.019139124
1,1,0.99991775
1,1,0.99996805
0,0,6.0968778e-05
0,0,0.00012088768
0,0,6.529425e-06
0,1,0.5009041
0,0,4.891861e-07
0,0,0.00020884983
0,0,3.486786e-07
0,1,0.86587584
0,0,3.8440965e-05
0,0,0.045084972
0,0,0.000105979816
0,0,6.597745e-07
0,1,0.6643268
0,0,7.6711206e-07
0,0,4.1144933e-05
0,0,1.6030945e-05
0,0,4.5896508e-05
0,0,0.006784525
0,0,1.1177932e-06
0,0,0.008691584
0,0,0.02406677
0,0,0.23005587
0,1,0.5451743
0,0,0.019288655
1,1,0.6235338
0,0,0.11644801
1,1,0.678167
0,0,2.8394393e-06
0,0,1.7160247e-06
0,0,0.49263218
0,1,0.54119045
0,0,0.030860802
0,1,0.7990484
0,0,0.38171586
0,0,0.00010931922
0,0,2.9839475e-06
1,1,0.99996734
0,0,0.024322895
0,0,0.03703148
0,0,9.448208e-05
0,0,5.232267e-06
1,1,0.99998605
0,0,5.499901e-06
1,1,0.99999845
0,0,1.5737369e-05
0,0,0.028195785
0,1,0.7717308
0,1,0.52845055
0,0,0.0002982512
0,0,5.0588446e-06
0,0,7.7949403e-07
1,1,0.9999993
0,0,7.647933e-05
0,0,0.0028161951
0,0,6.403917e-05
0,0,2.9308212e-05
0,1,0.7533169
0,1,0.6040692
0,0,0.009197413
0,0,8.504501e-05
0,0,7.364367e-07
0,0,0.015715092
0,0,0.19023697
0,0,1.4539237e-06
1,1,0.7931892
0,0,0.004539388
1,1,0.9999387
0,0,7.617996e-07
0,0,0.00024157482
0,0,0.09757404
1,0,0.009458606
0,0,0.00019620324
0,0,8.181768e-05
0,0,7.242472e-06
0,0,8.476956e-05
0,0,0.45853752
0,0,4.4094213e-07
0,0,9.472627e-06
0,0,2.2029199e-05
0,0,0.03579826
0,0,4.2169495e-06
0,0,5.915555e-05
0,0,5.0098547e-06
0,0,1.6349351e-05
0,0,8.38563e-05
0,0,0.1823384
0,0,0.00022447821
0,0,0.00799413
0,0,2.0236539e-05
0,0,1.2724473e-05
0,0,2.0571426e-06
0,0,2.6418138e-05
1,0,0.033487096
0,0,0.0052487613
0,0,0.48646277
0,0,4.5999473e-06
0,0,1.6277661e-05
0,0,4.460332e-06
0,0,0.03828873
0,0,5.8208057e-05
0,0,0.00014001166
0,0,8.8319223e-07
0,0,5.5494853e-05
0,0,5.4001475e-06
0,0,0.0007450219
0,0,7.2580633e-06
0,0,6.163802e-05
0,0,5.0609808e-05
0,0,0.06283439
0,0,0.010946018
0,1,0.8508867
0,0,0.018112242
1,1,0.75769734
0,0,0.012315898
0,0,7.3368516e-05
0,0,0.009182295
0,0,1.8916691e-06
0,0,6.4655283e-06
0,1,0.5098066
0,0,0.00021
0,0,0.04030473
0,0,0.0001883713
0,0,0.012198395
0,0,0.0014942288
0,0,6.7256547e-06
0,0,3.096193e-06
0,0,4.3064985e-05
0,0,0.00020143125
0,0,0.4291374
0,0,0.014574454
0,0,0.013202659
0,0,6.835902e-05
0,0,1.6006868e-05
0,0,0.035029747
0,0,9.710328e-05
1,1,0.9999099
0,1,0.8464225
0,0,5.196356e-07
0,0,4.654853e-06
0,0,7.7912184e-05
0,0,4.9688562e-05
0,0,6.165993e-06
0,0,1.0589259e-05
0,0,1.5915433e-05
0,0,5.831259e-07
0,0,4.6916088e-05
1,1,0.99999833
0,0,2.596176e-06
0,0,0.0051032454
0,0,0.00011302165
0,0,0.00011214082
0,0,0.004574034
0,0,8.76356e-05
0,0,2.0422162e-06
0,1,0.51022345
0,0,0.047336444
0,0,0.39726222
0,0,2.3438344e-05
0,0,0.02807084
0,0,0.031596765
0,0,0.45846725
0,0,0.00012045836
0,0,1.6130574e-06
0,0,7.222148e-05
0,0,0.00014795891
1,1,0.99997103
0,0,0.00012717479
0,0,2.8378738e-05
0,0,2.8596509e-05
0,0,3.3659777e-05
0,0,0.0014990453
0,0,2.3547514e-06
0,0,3.2799995e-05
0,0,3.1309455e-06
0,0,1.859784e-05
0,0,6.4543994e-05
0,0,0.00013590345
0,0,5.658399e-05
0,0,2.1535698e-05
1,1,0.99992204
0,1,0.6737525
0,0,0.0054903002
0,1,0.50911134
0,0,0.20602262
0,0,0.003698111
0,1,0.6551127
0,0,4.0346917e-05
1,1,0.9999726
0,0,6.7229234e-06
0,0,1.4265437e-05
1,1,0.99994004
0,0,2.8852487e-06
0,0,1.5035837e-06
0,0,1.842111e-06
0,0,0.0002639785
0,0,2.0675083e-07
0,0,1.2636003e-05
0,1,0.50102943
0,0,2.5693293e-05
0,0,1.3309575e-05
0,0,8.012078e-06
0,0,7.5620164e-06
0,0,5.2632797e-05
0,0,3.4678283e-06
0,0,0.00880499
0,0,3.4595867e-06
0,0,0.0003731578
0,0,1.665722e-06
0,0,2.7548509e-05
0,0,6.58308e-05
0,0,1.6892673e-06
0,0,0.49080223
0,0,9.0001924e-07
0,0,0.107524574
0,0,2.4199628e-06
0,0,5.639856e-05
0,0,0.00033546126
0,0,0.00011090215
0,0,2.7433896e-06
0,0,6.44465e-07
0,0,7.354646e-07
0,0,0.4713859
1,1,0.99976903
0,1,0.68382967
1,1,0.7063824
0,0,0.42120558
0,0,1.6770291e-05
0,0,0.00012977578
0,0,1.4025975e-06
0,0,4.680379e-05
0,0,0.0014648442
0,1,0.67508197
0,0,8.188238e-05
0,0,8.074311e-05
0,0,0.32529092
0,0,0.10482652
0,0,4.1987683e-08
0,0,3.6483827e-05
0,0,6.14921e-06
0,1,0.7095325
0,0,7.3055076e-06
0,0,0.39291647
0,0,4.5153793e-05
0,0,0.43449235
0,0,0.017201044
0,1,0.77536654
0,0,0.018892612
0,0,3.0455267e-06
0,0,6.2749685e-05
0,0,2.504882e-06
0,0,0.39196736
0,0,6.037108e-05
0,0,8.28464e-05
0,0,8.8848066e-07
0,0,0.19218495
0,1,0.7677958
0,1,0.90886295
0,0,1.0073941e-06
0,0,2.5453995e-05
0,0,1.7002172e-06
0,0,0.0108309835
0,0,6.203938e-05
0,0,6.1644287e-06
1,1,0.9999827
0,0,0.022212764
0,0,0.05355913
1,1,0.9999994
0,1,0.67099446
0,0,0.00013565576
0,0,0.042712614
0,0,1.6065113e-06
0,0,1.8744241e-06
0,0,3.6616034e-06
0,1,0.592895
0,0,2.5562967e-06
0,0,5.4779675e-06
0,0,0.012117572
0,0,1.9284204e-05
0,0,4.4207274e-05
0,0,5.6479294e-05
0,0,5.1276957e-06
1,1,0.99997604
0,0,1.4121243e-05
0,0,3.0859812e-06
0,0,6.642299e-05
0,0,3.9274546e-05
0,0,9.4774197e-07
0,0,3.5371827e-06
0,0,3.3987994e-06
1,1,0.89023036
0,0,1.0346665e-05
0,0,0.089127354
0,0,6.257648e-06
1,1,0.9999993
1,0,0.416717
0,0,0.004225787
0,0,4.8676782e-05
0,0,7.233415e-06
0,0,4.416577e-06
0,0,9.788102e-06
0,0,9.893596e-06
0,0,0.122625984
0,0,1.8555304e-05
0,1,0.87744606
0,1,0.9301343
0,0,7.218313e-05
0,0,8.0875026e-07
0,0,2.17925e-06
0,0,0.036541075
0,0,0.00014253646
0,0,0.0005590487
0,1,0.6459866
0,0,4.9873277e-05
0,1,0.6690148
0,0,3.241497e-06
0,0,1.2762304e-05
0,0,1.1553922e-05
0,0,3.3699066e-06
0,0,2.5268212e-06
0,0,0.041991558
0,0,6.266238e-05
0,0,6.8492394e-05
1,1,0.99997735
0,0,0.0074546537
0,0,1.2886753e-06
1,1,0.9999386
0,0,0.18301809
0,0,3.2580556e-05
1,1,0.9999794
0,0,5.9249945e-05
0,0,2.2521285e-06
0,0,4.9916765e-05
0,1,0.5579922
0,0,0.00012001556
0,0,4.563776e-06
0,0,1.8837677e-06
0,0,4.9390324e-05
0,0,0.08391189
0,0,8.82482e-05
0,0,0.103601076
0,1,0.5055279
0,0,1.3309575e-05
1,0,0.21872702
0,0,0.090676494
0,0,1.6353746e-06
0,0,9.359432e-05
0,0,3.7190606e-05
0,0,7.867304e-05
0,0,8.618549e-07
0,0,0.0990333
0,1,0.52087873
0,0,2.915729e-07
0,0,0.12586951
0,0,5.224055e-06
0,1,0.7305788
0,0,9.271828e-07
0,0,0.1661062
0,0,0.0012005704
0,0,0.2689732
0,0,0.00024757042
0,0,6.976884e-05
0,1,0.6961176
0,0,6.802257e-05
0,0,3.4978011e-06
0,0,0.0002782585
0,0,8.34307e-05
0,0,7.660984e-05
0,0,0.09550562
0,0,5.2506315e-05
0,0,0.4475238
0,1,0.5640751
0,0,0.051169634
0,0,1.3575901e-06
1,1,0.99998844
0,0,0.06344535
0,0,8.713627e-06
0,0,0.07495274
0,0,0.43720862
1,1,0.82564455
0,0,4.5963293e-06
0,0,4.851921e-05
0,0,0.00040052977
0,0,2.2273332e-05
0,0,0.35275403
0,0,0.0018557486
0,0,0.027128546
0,0,4.7858157e-06
1,1,0.99999905
0,0,3.7538766e-07
0,0,0.15988459
0,0,0.10593192
0,0,4.133461e-05
0,0,0.2134266
0,1,0.75361025
1,1,0.7792153
0,0,0.036796793
0,0,4.634287e-05
0,0,0.00012797731
0,0,0.017129881
0,0,3.6778834e-05
0,0,8.6277015e-07
0,0,9.487237e-05
0,0,3.7099694e-06
0,0,0.0010545574
0,0,5.522424e-05
0,0,1.1996219e-06
0,0,0.027018005
0,1,0.571021
0,0,1.4326774e-06
0,0,0.024907107
0,0,8.3709136e-05
0,0,0.00012993762
0,0,0.1836097
0,0,0.00012640802
0,0,5.2831597e-06
0,0,0.08591088
0,0,1.6301663e-05
0,0,6.266122e-06
0,0,0.0002914348
0,0,0.000105249266
0,0,0.0016572262
0,0,3.1154632e-06
0,0,1.2258655e-05
0,0,0.00012404946
0,0,0.13038252
0,0,0.013512506
0,0,7.045944e-06
0,0,1.9883955e-06
0,0,0.025713306
0,1,0.53443074
1,1,0.7472527
0,0,0.014733334
0,0,0.060731348
0,1,0.8150878
0,0,0.00019895632
0,0,9.291404e-05
0,0,0.011399339
1,0,0.49477088
1,1,0.9999914
0,0,0.22589512
0,0,0.39485762
1,1,0.9999664
0,0,1.4749055e-06
0,0,1.3309575e-05
0,0,0.0036497544
0,0,0.00029904104
1,1,0.6688901
0,0,0.08584879
1,1,0.99996245
0,0,8.936626e-07
0,0,4.7657713e-06
0,1,0.63378346
0,0,6.601002e-05
0,1,0.52745485
0,1,0.6029606
0,0,0.00014206916
0,0,0.028388359
0,0,0.012637188
0,0,3.818313e-05
0,0,0.00013317737
0,0,0.08209969
0,0,2.7200113e-07
0,0,0.12405159
0,0,5.3594217e-06
0,0,0.069647245
0,0,0.37948698
0,0,4.2194144e-05
0,0,2.7780532e-06
0,0,2.5627824e-06
0,0,6.2608947e-06
0,0,6.97399e-05
0,0,9.981294e-07
0,1,0.6497112
0,0,0.3755455
0,0,0.28467423
0,0,0.03045038
0,0,0.027001422
0,0,8.407441e-05
0,0,3.0207975e-06
0,0,1.5484997e-05
0,0,6.899366e-06
0,0,5.1675524e-06
0,0,0.26524004
0,0,3.3882152e-05
0,0,2.530477e-06
0,0,1.8370605e-05
0,0,3.3235076e-05
0,0,6.546376e-05
0,0,5.304654e-05
1,1,0.9999975
0,0,3.4398724e-07
0,0,0.00010759522
0,0,2.8919815e-06
0,0,9.857404e-06
0,0,0.17145574
0,0,0.37575215
0,0,3.740597e-07
0,0,0.11143164
0,0,5.539801e-07
0,0,8.102967e-07
0,0,1.3809069e-05
0,0,0.00501738
1,1,0.9999994
0,0,5.2087626e-06
0,0,0.09778594
0,0,3.2346386e-05
0,0,2.1244418e-06
1,1,0.9999765
0,0,0.00012022621
0,1,0.71587694
0,1,0.6798489
0,0,0.0038036883
0,0,0.00041666743
0,0,1.512545e-06
0,0,0.47061548
0,0,0.09519169
0,0,2.5001209e-05
0,1,0.54211587
0,0,3.453281e-06
0,0,0.0018647593
0,0,4.2286247e-06
0,0,2.5091542e-05
0,1,0.50234216
0,0,0.0033248952
0,0,0.00050451915
0,0,1.725578e-05
0,0,2.5127365e-05
0,0,3.6752474e-06
0,0,0.0090196915
0,0,1.7226019e-05
0,0,1.4473108e-05
1,1,0.9999987
0,0,7.463113e-05
0,0,9.615785e-07
0,0,2.6246405e-06
0,0,0.00018346416
0,1,0.66548383
0,0,0.22109374
0,0,5.527372e-05
0,0,4.073787e-06
0,0,5.8171263e-05
0,0,2.5948766e-06
0,0,3.3210483e-06
0,0,0.0024577864
0,1,0.7657108
0,0,9.9312765e-06
0,0,0.00017591995
0,0,0.013527726
0,0,2.057547e-05
0,0,4.102332e-05
0,0,0.00024833495
0,0,0.00014491101
1,0,0.29101935
0,0,8.955901e-05
0,0,1.6886079e-05
0,0,0.29329705
0,0,0.00010411688
0,0,1.8143863e-05
0,0,1.8137489e-06
0,0,7.145907e-05
0,0,4.1131083e-05
0,0,0.0028902749
0,1,0.6955642
0,0,0.028487692
0,0,0.1554896
0,0,0.00333889
0,1,0.68433785
0,0,5.458168e-05
0,0,6.589966e-07
0,1,0.88320243
0,0,1.3943247e-06
0,0,2.5900385e-05
0,0,8.158127e-07
0,1,0.52689075
0,0,0.055265624
0,0,1.2211947e-05
0,0,0.00017320573
1,1,0.8258383
0,0,5.312185e-06
0,0,9.680857e-07
0,0,5.0047026e-07
0,0,2.3542011e-06
0,0,0.09628497
0,0,5.348001e-05
0,0,0.14520459
0,0,8.4307714e-05
0,0,2.1940087e-07
1,1,0.9996773
0,0,7.471576e-07
0,0,2.9927403e-05
0,1,0.7775034
0,1,0.77037853
0,0,7.0814225e-05
0,1,0.8178332
0,1,0.53282183
0,0,0.00013455082
0,0,4.9784274e-05
0,0,0.008821343
0,0,0.005480751
0,0,0.09957715
0,0,3.8596125e-05
0,0,7.3844985e-06
0,0,1.38241285e-05
0,0,4.1402486e-06
0,0,2.8686961e-06
0,0,0.00873343
1,1,0.9999839
1,1,0.99998415
0,0,6.0791467e-06
0,0,1.5244854e-05
0,0,3.325416e-05
0,0,3.4539553e-07
0,0,0.006058894
0,0,5.3998465e-05
0,1,0.681012
0,0,7.265799e-06
0,0,0.40876117
0,0,0.20191522
0,1,0.70320135
0,0,0.20082693
0,0,4.9603264e-06
0,0,0.020424483
0,0,1.2487825e-05
0,0,1.7692395e-05
0,0,0.001417443
0,0,2.2929935e-06
0,0,0.048895974
0,0,4.4117996e-06
0,0,0.11884755
0,0,5.416095e-06
0,0,1.0662483e-05
0,0,2.0803098e-05
0,1,0.56107587
0,0,5.57485e-06
0,0,0.42394722
0,0,0.14036797
0,0,0.44557557
0,1,0.578692
0,0,8.071468e-06
0,0,0.00012807144
0,0,0.00031339974
0,0,3.6060834e-07
0,0,0.00017574691
0,0,1.7427624e-06
0,0,1.559536e-05
1,1,0.9999571
0,0,4.311948e-06
0,0,8.0120546e-05
0,0,2.412655e-05
0,0,8.567275e-05
0,0,0.0003291963
0,0,0.005055883
0,0,1.4176968e-07
0,1,0.7223915
0,0,4.128901e-06
0,0,1.1050118e-06
0,0,1.0710725e-06
0,0,0.3555544
0,0,7.850494e-05
0,0,0.39052397
0,0,0.13095295
0,0,1.2283358e-05
0,0,5.262658e-06
0,0,0.4109291
0,0,0.44324955
0,0,3.3860883e-06
0,0,0.21427384
0,0,0.035774294
0,0,0.00018671133
1,1,0.7283516
0,1,0.816634
0,0,0.47679904
0,0,0.0049927644
0,0,1.9053587e-06
0,1,0.8027259
0,0,3.837733e-06
0,0,0.00039783062
0,0,2.445793e-06
0,0,8.766244e-05
0,0,1.6177133e-05
0,0,0.0001452077
0,0,2.0349167e-05
0,0,5.825056e-07
1,1,0.999987
0,0,6.682846e-05
1,1,0.9999001
0,0,6.699187e-05
0,0,0.0014271153
0,0,3.9675007e-05
0,0,0.0028777337
0,1,0.71002823
0,0,0.0063593118
0,0,0.08659099
0,0,1.2724078e-06
0,0,0.4739639
0,0,6.6671264e-06
0,1,0.78409946
1,1,0.9999974
0,0,0.03858189
0,0,0.022645906
1,0,0.10139651
0,0,1.646264e-05
1,1,0.99996114
0,0,2.454174e-06
0,0,0.11499705
0,0,0.00197033
0,0,4.370109e-06
0,0,4.507111e-05
0,0,2.3490877e-06
0,0,0.016755588
0,1,0.60582376
0,1,0.76770055
0,0,8.056268e-05
0,0,9.8145996e-05
0,1,0.6065807
0,0,9.007444e-05
0,0,1.96849e-05
0,0,9.133978e-05
0,0,0.38061973
0,0,0.061965633
0,0,3.8539296e-05
0,0,5.132745e-05
0,0,2.8706233e-07
0,0,5.991529e-05
0,0,0.059058394
0,0,0.012812038
0,0,2.6396758e-05
0,0,0.3157618
0,0,4.844676e-05
0,0,1.3574517e-06
0,0,0.009886033
0,0,3.6291032e-05
1,0,0.48576266
0,0,9.6097196e-05
0,0,5.492723e-07
0,0,5.3609343e-05
0,0,0.0030517727
0,0,7.985594e-05
0,0,7.389323e-05
0,0,0.023302767
0,1,0.5482694
0,1,0.9121691
0,0,4.706643e-06
0,0,7.6641554e-05
0,0,0.16686516
0,0,0.018169232
1,1,0.99994624
0,0,0.005533052
0,0,0.0002613363
0,0,0.002554646
0,0,0.01585913
0,0,5.7324996e-06
1,1,0.99999833
0,0,2.0412583e-06
1,0,0.39473888
1,1,0.64793324
0,1,0.80484045
0,0,2.4004592e-05
0,0,4.035823e-05
0,1,0.6859078
0,0,0.00016062407
0,0,0.025629189
1,1,0.99999166
0,0,1.5248703e-07
0,0,7.807074e-05
0,1,0.7915696
0,0,2.1374176e-06
0,0,0.00012923108
0,0,8.0099466e-07
0,0,4.238787e-06
0,0,8.519135e-06
0,1,0.82396597
0,0,0.46699786
0,0,0.00013912519
0,0,0.23287039
0,0,0.08190109
0,0,0.0059156297
0,0,4.1622494e-05
0,1,0.6145471
0,0,5.040857e-06
0,0,1.7831342e-05
0,0,4.0723808e-06
1,1,0.99999416
0,0,5.3701395e-05
0,0,0.017810019
0,0,4.0141556e-05
0,0,3.4014858e-05
0,0,1.2989324e-06
0,0,0.00058756676
0,0,0.02790119
0,0,0.024803096
0,0,0.00012089183
0,0,0.0075333994
0,0,1.3614512e-06
0,0,0.43302828
0,0,0.02124701
0,0,1.171054e-06
0,0,4.882746e-05
0,0,6.406037e-05
0,0,5.0899635e-05
0,0,3.9122668e-05
0,0,3.9470884e-05
0,0,9.194615e-08
0,0,5.636829e-05
0,0,5.9711547e-05
0,0,1.1983667e-05
0,0,0.0058979928
0,0,4.0295545e-05
1,0,0.47891718
0,0,2.6739457e-05
1,1,0.99999917
0,0,9.277389e-06
0,0,0.4322151
0,0,2.7722843e-05
0,0,6.060157e-05
0,0,3.671233e-06
0,0,7.749668e-06
0,0,3.373314e-05
0,0,9.771267e-06
0,0,8.778825e-05
0,0,8.4119085e-05
0,0,2.5253243e-05
0,0,0.03451856
0,0,0.19572909
0,0,0.018963186
0,1,0.6909192
0,0,0.18955275
0,0,5.5334647e-07
0,0,2.08591e-05
0,0,2.1351283e-05
0,0,0.073818885
0,0,0.0019756837
0,0,0.4644642
1,1,0.5602319
0,0,6.648319e-05
0,0,8.862636e-06
0,0,0.00016963625
0,0,0.41820255
0,0,0.009025609
0,0,2.767899e-05
0,0,4.9843584e-06
0,0,7.8307625e-05
0,0,6.891642e-05
0,0,0.21228
0,0,1.4642876e-06
0,0,7.659815e-05
0,1,0.5899103
0,0,2.7762494e-06
0,0,0.00022790678
0,0,0.0005940888
0,0,0.013135672
1,1,0.9999825
0,0,7.385927e-05
0,0,1.2755028e-05
0,0,0.23447034
0,0,0.00021977937
0,0,0.018194808
0,0,6.443593e-07
0,0,0.13131273
0,0,0.000110482775
0,0,0.009998796
0,0,0.00488961
0,0,0.19386104
0,0,7.386413e-05
0,0,5.5088432e-05
0,1,0.7665089
0,0,1.7433327e-05
1,1,0.99999917
0,0,0.486404
0,0,1.933211e-06
0,0,8.571388e-06
0,0,0.00017766144
0,0,0.00023364411
0,0,8.500007e-06
0,0,0.46064362
0,0,0.30256057
0,0,3.5472396e-05
0,0,3.5697253e-06
0,0,0.018182306
0,0,0.1345397
0,0,6.191821e-05
0,0,5.868269e-05
0,0,4.3676228e-05
0,0,3.9086814e-07
0,0,8.163702e-05
0,0,0.42646426
0,0,4.4512212e-06
0,0,0.0001083716
0,0,7.984818e-05
0,0,0.0013231472
0,0,2.2549846e-06
0,0,0.008274583
0,0,0.25955465
0,0,4.7490103e-05
0,0,2.449259e-06
0,0,7.322708e-06
0,0,2.3345969e-05
0,0,5.1513245e-05
0,0,1.469325e-06
0,0,0.0013064115
0,0,2.6256694e-06
0,0,0.23632033
0,0,0.000100931
0,0,4.6369747e-05
0,0,3.049926e-05
0,0,3.0332709e-05
0,0,0.00011050501
0,0,2.2704635e-05
1,1,0.6876696
0,0,0.23924972
0,0,3.4461056e-05
0,0,4.210471e-05
0,0,6.709813e-05
0,0,3.744231e-05
0,0,9.283097e-05
1,1,0.67043066
0,0,2.9280052e-05
0,0,0.030628998
0,0,2.7678295e-06
0,0,6.73053e-07
0,0,4.743227e-06
0,0,5.0382667e-05
0,0,0.12556931
0,0,0.001722786
0,0,0.030487228
0,1,0.72102493
0,1,0.5394946
0,0,0.00017132207
0,0,4.3610075e-06
0,0,5.3340096e-05
0,0,5.820774e-07
0,0,0.0002668328
1,1,0.99999917
0,0,1.0149795e-05
0,0,8.510864e-07
0,0,0.028752344
0,0,1.9944234e-06
0,1,0.7033028
0,0,5.3536543e-05
0,0,5.1200834e-05
0,1,0.75672704
0,0,0.11592853
1,0,0.3905798
1,1,0.9999751
0,0,6.297852e-07
0,0,2.7181209e-06
0,1,0.5660121
0,0,4.741182e-05
0,0,0.09749281
0,1,0.60087043
0,0,0.014980583
0,0,0.025798721
0,0,0.022769228
0,1,0.5164509
0,0,3.652811e-05
0,0,4.2201862e-07
0,0,9.3691386e-05
0,0,2.5206591e-05
0,0,1.5021992e-06
0,0,4.662775e-06
0,0,5.2680854e-05
0,0,7.030829e-05
0,0,0.040868185
0,0,4.7723024e-06
0,0,7.687029e-05
0,1,0.5329766
0,0,5.870905e-07
0,0,0.044905573
0,0,4.513894e-06
0,0,0.464897
0,0,2.8949587e-06
0,0,7.610103e-05
0,0,3.656655e-06
0,0,8.361061e-05
0,0,0.00019455976
0,0,4.924232e-07
0,1,0.58693683
0,0,6.64761e-06
0,0,0.047548987
0,0,0.24879417
0,0,0.0019481296
1,1,0.99998784
0,0,2.568685e-05
0,0,0.057756662
0,0,0.41928542
0,0,8.299187e-06
0,0,0.0010385746
0,0,0.3152915
0,0,0.047299013
0,0,3.30661e-05
0,0,0.42462367
0,0,7.412246e-05
0,0,7.336698e-05
0,1,0.57066655
0,0,0.025786702
0,1,0.74794084
0,0,0.088178635
0,0,1.7089582e-06
0,0,3.2201586e-07
0,0,0.013218828
0,0,0.10300039
0,0,1.02987315e-05
0,0,0.00013630147
0,0,1.2039602e-05
0,0,0.013453155
1,1,0.9999831
0,0,0.32510006
0,0,1.7505848e-06
0,0,9.969799e-05
0,0,1.1698346e-05
0,0,3.4568955e-06
0,0,4.8229096e-05
0,1,0.5884687
0,0,0.019149045
0,0,2.3942796e-06
1,1,0.99969697
0,0,3.16905e-07
0,0,0.43764985
0,0,2.2729679e-05
0,0,0.1903396
1,1,0.9999994
0,0,4.5483207e-06
0,0,6.7032706e-05
0,0,7.386364e-05
0,0,0.0053583863
0,0,3.0898361e-06
0,0,6.1644287e-06
0,0,1.5738858e-06
0,0,0.009040519
0,0,2.7006387e-05
0,0,6.2005245e-05
0,0,4.862227e-05
0,0,2.2708511e-05
0,0,1.8436438e-07
0,0,8.548621e-06
0,0,0.14037625
0,0,9.526089e-07
0,0,2.731605e-06
0,0,9.637737e-05
0,0,0.010682035
0,0,3.3346954e-05
0,0,2.9672177e-05
0,0,0.0028282339
0,0,8.638289e-07
0,0,0.051151197
0,0,3.6802307e-05
0,0,2.7780027e-06
0,1,0.8839559
0,0,4.661288e-05
1,1,0.9999757
0,0,1.15239466e-07
0,0,0.025183255
1,1,0.9999777
0,0,0.0183919
0,0,0.028902896
1,1,0.99996126
0,0,5.9330773e-07
0,0,0.00013528929
0,0,7.454516e-07
0,0,5.499901e-06
0,0,0.08569021
0,0,0.37067196
1,0,0.17457643
0,0,1.0917051e-05
0,0,0.14535381
0,0,4.207618e-06
0,0,0.00031831046
0,0,7.367841e-06
0,0,3.6993373e-05
0,0,0.016836978
0,0,0.36729354
0,0,2.0638886e-06
0,0,2.13521e-07
0,1,0.7756978
0,0,0.0028074593
0,0,1.1626331e-05
0,0,0.32154658
0,0,0.46346864
0,0,6.9292296e-06
0,0,4.503678e-05
0,0,2.3109778e-06
0,0,0.00064500066
0,0,3.296827e-05
1,1,0.999967
0,0,0.008908748
0,0,0.32338086
0,1,0.6492201
0,0,2.6600028e-05
1,1,0.9999666
1,1,0.99995923
0,0,2.8079869e-05
0,0,3.2793614e-05
0,0,9.256331e-05
0,0,3.3795382e-07
0,0,1.0255864e-06
0,1,0.5821235
0,0,6.0348913e-05
0,0,2.9356695e-06
0,0,3.706276e-05
0,0,3.7210757e-05
0,0,4.1589485e-07
0,0,7.970181e-05
0,0,2.4543457e-05
0,1,0.8145376
0,0,5.266704e-05
0,0,0.045852356
0,1,0.7450342
0,0,3.0224746e-05
0,0,3.9778773e-05
0,0,1.6896953e-05
0,0,0.49027964
0,0,2.4674332e-06
1,1,0.99982315
0,0,8.53794e-06
0,0,0.00015843092
0,0,6.672187e-05
1,1,0.999998
1,1,0.53881764
0,0,0.018235823
0,0,9.600972e-05
0,0,8.535953e-05
0,0,2.1094329e-05
0,0,7.929615e-05
0,0,2.0153395e-05
0,1,0.6814573
0,0,0.00015733212
0,0,1.0545444e-06
0,0,1.5441257e-05
0,0,1.7882537e-06
0,0,5.8059424e-05
0,0,7.494763e-07
0,0,8.0865706e-05
0,1,0.5401774
0,0,0.0012071455
0,0,0.050157253
0,0,3.1466636e-06
0,0,0.07376029
0,0,1.2906999e-06
0,0,0.000105249266
0,0,1.6373004e-07
0,1,0.9129349
0,0,4.1793596e-06
0,0,2.137173e-06
0,0,0.48813763
0,0,0.17148957
0,0,0.14855373
0,0,2.436413e-07
0,0,1.9971167e-06
0,0,0.3644448
0,0,7.913299e-05
0,0,0.03990641
0,0,0.2905805
0,0,0.25033876
0,0,5.5324097e-07
0,0,0.4446575
0,0,0.00014129301
0,0,4.3593627e-05
0,0,0.048535172
0,0,8.695335e-05
0,0,0.20422442
0,0,1.9339043e-06
0,0,3.9107313e-06
0,0,0.40689424
0,0,2.6151983e-07
0,0,3.313428e-05
0,0,2.255652e-05
0,1,0.7886215
0,0,0.059944004
0,0,8.239538e-07
0,0,3.52848e-06
0,0,9.0865215e-06
0,0,5.9768736e-06
0,0,0.009506964
0,0,9.872384e-05
0,0,1.5526817e-06
0,0,3.2791095e-06
0,0,0.4897016
1,1,0.9999751
0,0,0.00041689308
0,0,0.000119120894
0,0,7.70039e-06
0,0,0.00016635923
1,1,0.85799164
0,0,0.009375046
0,1,0.5159252
0,0,0.00040800424
0,0,4.1017298e-05
0,0,0.13126409
0,0,8.168632e-05
0,0,0.00016488862
0,0,8.404956e-05
0,0,3.4075863e-05
0,0,4.6294502e-07
0,0,0.00012085794
0,0,0.013883016
0,0,0.0054669664
0,0,0.039130107
0,0,1.5358355e-05
1,1,0.99998033
0,0,0.1450206
1,0,0.056776173
0,0,8.76098e-06
0,0,1.2102385e-06
0,0,0.0019411802
0,0,6.060284e-05
0,0,8.4518615e-05
0,0,1.937052e-07
0,0,4.142496e-06
0,0,4.6049383e-05
0,0,3.69927e-05
0,0,0.019337412
0,1,0.54152864
0,0,4.1855063e-05
0,0,3.4840812e-06
0,0,8.5294874e-07
0,0,1.3156117e-07
0,1,0.5052566
0,0,0.040539432
1,1,0.9999838
0,0,0.18904069
0,0,0.006411411
0,0,2.511419e-07
0,0,6.973054e-06
0,0,9.206615e-06
0,0,9.5783296e-05
0,0,0.032920424
0,0,0.025209472
0,0,0.18332796
0,0,5.0588446e-06
0,0,6.691062e-07
0,0,2.6332971e-05
0,0,0.01881237
0,0,0.18527469
0,0,0.29187408
0,0,1.4631315e-05
1,1,0.99990034
0,0,0.48765245
1,1,0.9999815
0,0,1.5174476e-05
0,0,1.9733848e-06
0,0,9.043322e-06
0,0,2.5700032e-05
0,0,0.021096207
0,0,4.7864334e-05
0,0,2.192552e-06
0,0,4.561908e-07
0,0,0.00014934159
0,0,2.0997375e-06
0,0,9.7767015e-06
0,1,0.6525406
0,0,0.13354412
0,0,0.1475755
0,0,0.0015312036
0,0,3.4985867e-05
0,0,4.557537e-05
0,0,1.1874009e-06
0,0,3.3858782e-06
0,0,0.121809244
0,0,0.1629485
1,1,0.99996614
0,0,3.516091e-07
0,0,8.227185e-05
1,1,0.7337284
0,1,0.87615484
0,0,0.0345853
0,0,0.012289368
0,0,0.33812708
0,0,0.0021471668
0,0,3.913649e-06
0,0,0.08161708
0,0,8.0798867e-07
0,0,5.9358415e-05
0,0,0.12211666
0,0,6.0073937e-05
0,0,0.007835808
0,0,1.0155188e-05
0,0,0.00012713102
0,0,0.4073539
1,1,0.9999995
0,0,2.8432273e-06
0,0,1.5468008e-06
0,0,1.093908e-06
0,0,1.5109711e-05
1,1,0.99998116
0,0,3.6829446e-05
1,1,0.99996936
0,0,2.7312042e-06
0,0,1.0061287e-05
0,0,9.36738e-07
0,0,0.0006283641
0,0,0.0007519818
0,0,0.007460516
0,0,8.32622e-05
0,0,0.027322331
0,0,0.38687846
0,0,0.0914802
1,0,0.124040894
0,0,0.027954102
1,1,0.9999862
0,0,0.0005395532
0,1,0.5049608
1,1,0.9999192
0,0,0.13069475
0,0,0.0048017115
0,1,0.5264758
0,0,6.842815e-07
0,0,0.0041615088
0,0,0.0092739
0,0,0.36347923
0,0,0.18470189
0,0,9.696707e-05
0,0,0.21346143
0,0,4.6168145e-05
0,0,6.864941e-06
0,0,0.46170336
0,0,0.08708157
0,0,1.6602551e-05
0,0,2.2054506e-05
0,0,1.5228505e-06
0,0,0.2743731
0,0,2.9715191e-05
0,1,0.92212117
0,0,0.40446147
0,0,0.022880709
0,0,0.19721651
0,0,0.00022866558
0,0,1.8436438e-07
0,0,6.5917484e-05
0,0,1.4967951e-06
0,0,7.450106e-06
0,0,0.038396895
0,0,0.15401533
0,0,0.15352213
0,0,1.4924668e-05
0,0,0.27557042
0,0,2.2827235e-05
0,1,0.5825113
0,0,1.1974045e-06
1,1,0.99999917
0,0,3.586869e-05
0,0,6.999287e-05
0,0,2.933307e-05
0,0,8.891665e-06
1,1,0.5261352
0,0,4.013195e-05
1,1,0.99999416
0,0,0.18722396
0,0,6.745477e-05
0,0,3.8517068e-05
0,1,0.73428786
0,0,0.044539504
0,1,0.57089484
0,0,0.4545054
0,0,1.7350729e-05
0,0,1.7721966e-06
0,0,8.724246e-05
0,0,0.08276267
0,0,1.4591327e-06
0,0,5.497829e-06
0,0,0.25268042
0,0,8.6248303e-07
0,0,0.008792688
0,0,3.8684044e-05
0,0,0.04614705
0,1,0.85636246
1,1,0.61803454
0,0,0.002284997
0,0,1.2533223e-05
0,0,9.602849e-05
0,0,0.017870292
0,0,0.031345554
0,0,0.056585655
0,0,8.174788e-05
0,1,0.7517567
0,0,3.8237663e-06
0,0,0.11679148
0,0,5.1107563e-05
0,0,0.11072822
0,0,0.19419557
0,0,0.06472335
0,0,1.3448801e-05
0,0,3.8630995e-07
0,0,3.411244e-05
0,0,0.0292269
0,0,0.00017965195
0,0,0.26218826
0,0,0.0116797425
0,0,0.0001285611
0,0,0.00068160327
0,0,0.0015430137
0,0,0.0014262933
0,0,6.988549e-05
0,0,5.138691e-05
1,1,0.6021904
0,0,7.3921724e-06
0,0,1.0291545e-05
0,0,0.21479772
0,0,4.043262e-05
0,0,0.0341112
0,0,1.0405362e-05
0,0,0.13654676
0,0,0.025896512
0,0,0.4798584
0,0,2.19884e-06
1,1,0.9997652
0,0,3.8871978e-05
0,0,0.03253084
0,0,7.185362e-05
0,0,3.353319e-05
0,0,3.2676144e-05
0,0,0.00091013586
0,0,0.00057925907
0,0,5.6091408e-06
1,1,0.9999987
0,0,0.013016919
0,0,0.0134795895
0,0,0.14059979
0,0,0.001178644
0,0,0.058219865
0,1,0.73266345
0,0,0.0002815545
0,0,0.13809493
0,0,0.12543602
0,0,0.042193156
0,1,0.8029051
1,1,0.99999046
0,0,0.19127172
0,0,3.127603e-05
0,0,6.7936606e-05
0,0,2.7019757e-06
0,0,5.9358415e-05
0,0,1.8188535e-06
0,0,0.47732636
0,0,6.761468e-05
0,0,0.04988773
0,1,0.7244217
0,0,3.3162385e-05
0,0,0.00010506385
0,0,0.1707516
0,1,0.7043426
0,0,0.16961436
1,1,0.9999707
0,0,2.6017478e-05
0,0,6.606342e-05
0,0,0.40643236
0,0,0.00012258372
0,0,1.0848539e-06
0,1,0.5264238
0,0,3.325416e-05
0,0,0.24563724
0,0,1.6238777e-05
0,0,5.4714938e-06
0,1,0.51147974
0,0,4.596145e-06
0,0,0.111357495
1,1,0.99999964
0,0,4.547946e-05
0,0,0.0001403299
0,0,2.582351e-05
0,0,4.8830625e-05
0,0,2.9343034e-06
0,0,0.009689973
0,0,0.1670585
0,0,0.009106978
1,1,0.99998367
1,1,0.9999882
0,0,0.20545477
0,0,0.08012313
1,1,0.99997735
0,0,9.9348355e-05
0,0,3.3350072e-05
1,1,0.6191057
0,0,4.4091536e-05
0,1,0.6584224
1,1,0.9999664
0,0,1.0475087e-05
1,1,0.9999527
1,1,0.9999914
0,0,0.12525088
0,0,4.9778982e-06
0,0,0.4128117
0,0,3.4060464e-05
0,0,0.3723253
0,0,0.014907008
0,0,1.7170693e-06
0,0,1.2608274e-06
0,0,0.2865366
0,0,5.403422e-05
0,0,0.27480248
0,0,1.20430805e-05
0,0,0.00013712811
0,0,5.6641206e-06
0,0,6.82253e-07
0,0,3.640847e-06
0,0,0.21843235
1,1,0.99996626
0,0,0.012576413
0,0,5.2231047e-05
0,0,0.3572102
0,0,3.6465808e-05
0,1,0.6026965
0,0,1.5827349e-06
0,0,0.07508486
0,0,3.6366927e-07
0,0,1.164031e-05
0,0,3.334396e-06
0,0,6.01875e-07
1,0,0.08093063
0,0,0.0022857275
0,1,0.5874508
0,0,1.192823e-05
1,1,0.72873217
0,0,0.00018751649
1,1,0.9999981
1,1,0.99998057
0,0,0.02164655
0,0,0.052114163
0,0,1.3699286e-06
0,0,0.03678744
0,0,0.07230788
0,0,0.4453217
0,0,9.047724e-05
0,0,0.24711724
0,0,0.43463588
0,0,3.4828222e-06
0,0,3.702808e-06
0,0,1.4568229e-05
0,0,1.1535327e-05
0,0,0.38487294
0,0,0.00011136333
0,0,0.17435203
0,0,0.046255335
0,0,0.021725925
0,0,1.2568567e-05
0,0,0.02126242
0,0,0.00011329562
0,1,0.930623
0,0,6.7914e-05
0,0,8.3877416e-07
0,0,1.0268586e-06
0,0,0.16372725
0,0,0.0007360475
0,0,3.957434e-05
0,0,0.06747465
0,0,6.273281e-05
0,1,0.876415
0,0,1.2649688e-05
0,0,3.5307824e-06
0,0,1.3855634e-05
0,0,3.050098e-05
0,0,4.790411e-05
0,0,3.749161e-06
0,0,1.4994146e-05
0,0,8.897425e-06
0,0,1.9257623e-06
0,0,2.9523624e-05
0,0,1.3427018e-06
0,0,0.18680277
0,0,0.0014285158
0,0,0.0017641229
0,0,0.13139486
0,1,0.8123957
0,0,0.0011643497
0,0,0.017398011
0,0,0.3542827
0,0,0.034730077
0,0,6.273281e-05
0,0,1.8180664e-06
0,0,0.023594843
0,1,0.57602
0,0,1.5998941e-06
0,0,3.2146834e-06
0,0,0.05452739
0,0,6.2373906e-06
0,0,1.0752121e-06
0,0,7.280211e-05
0,1,0.5383427
0,0,3.2728567e-05
0,0,1.4021213e-06
0,0,0.003123864
0,1,0.6727589
0,0,2.5841666e-05
0,0,0.03623619
0,0,5.1675524e-06
0,0,0.048759397
0,0,3.743292e-05
0,0,8.7034e-07
1,1,0.6581961
0,0,4.4502598e-05
0,0,0.4374439
0,0,0.4417996
0,1,0.8774926
1,1,0.91563827
0,0,7.974613e-05
0,0,7.794169e-06
0,0,6.9122675e-06
0,0,0.0030034361
0,0,0.34437013
0,0,4.4222536e-05
0,0,6.1504124e-06
0,1,0.52773607
0,0,3.817037e-06
0,1,0.95174825
0,1,0.7682093
0,0,5.9817665e-07
1,1,0.9999734
0,0,0.00026042096
0,0,0.0002691931
0,0,6.41144e-05
0,0,0.00012870338
0,0,3.979923e-05
1,1,0.84497684
0,0,0.017018503
0,1,0.60882133
0,0,4.4582933e-07
0,0,2.0675083e-07
0,0,0.018917633
0,0,0.008386368
0,0,4.2289295e-05
1,1,0.5516451
0,0,3.128641e-05
0,0,5.7804473e-06
0,0,1.1293611e-05
0,0,2.9470544e-05
0,0,2.5035086e-05
0,0,6.6319615e-07
0,0,9.610073e-07
0,0,1.2808747e-05
0,0,5.360086e-06
0,0,5.749348e-05
0,1,0.68572146
0,0,2.0746018e-05
1,1,0.99997413
0,0,1.3116646e-05
0,0,8.606409e-07
0,0,5.1674197e-06
0,0,6.979179e-05
0,1,0.5643971
0,0,4.0684563e-06
0,0,2.0339467e-05
0,0,3.2859418e-05
0,1,0.8373451
1,1,0.9999995
0,0,2.6215884e-07
0,0,0.00017629893
0,0,1.4373085e-06
0,0,5.2196192e-05
0,0,0.002880233
0,1,0.52378845
0,0,0.0004348578
0,0,0.4402275
0,0,5.7435227e-05
0,0,0.024289593
0,0,1.9302179e-05
0,0,1.2016382e-06
0,0,0.44163966
0,0,4.2583826e-05
1,1,0.99999154
0,0,2.5948273e-05
0,0,4.6632013e-07
0,0,0.0001453949
0,0,0.048300233
0,0,0.1216203
0,0,0.25950843
0,0,6.243143e-05
0,0,4.3071805e-06
0,0,4.963481e-05
0,0,2.0436853e-06
0,0,1.722705e-06
0,0,0.009305448
0,0,0.00015360574
0,0,0.00010450819
0,0,8.233369e-05
0,0,7.354646e-07
0,0,1.6344532e-06
1,1,0.99996674
0,0,1.7187342e-05
1,1,0.99999976
0,0,1.820353e-06
0,0,0.41127023
0,0,0.00010829371
0,0,0.4056756
0,0,8.105431e-05
1,1,0.99996126
0,0,2.9463556e-06
0,1,0.75941384
0,0,0.016860185
0,0,3.57713e-05
0,1,0.53399056
0,0,2.5490468e-07
0,0,9.084806e-06
0,0,0.04630006
0,0,2.468231e-06
0,0,2.968214e-05
1,1,0.99998796
0,0,9.7277145e-05
0,0,4.5560377e-05
0,0,5.243976e-05
0,0,9.6894604e-05
0,0,1.2034847e-06
0,0,1.1168012e-05
0,0,1.2518115e-06
0,0,1.4140635e-05
1,1,0.9999583
0,0,0.3247727
0,0,0.06211158
1,1,0.5495325
0,0,6.795848e-07
0,0,8.499807e-05
1,1,0.9999987
0,0,1.3649505e-05
0,0,0.34980592
0,0,0.36443475
0,0,2.2703723e-06
0,0,5.882405e-06
0,0,2.722196e-05
1,1,0.99996674
0,0,6.2682434e-06
0,0,2.5636999e-05
0,0,1.334824e-07
0,0,1.605257e-06
0,0,5.593504e-05
0,0,2.7489028e-07
0,0,7.453226e-06
0,0,8.682206e-06
0,0,7.229804e-05
0,0,0.01651015
0,0,0.00011128053
1,1,0.9999653
1,1,0.999974
0,0,7.80866e-05
0,1,0.5680671
0,0,3.9170227e-05
1,1,0.99998176
0,0,0.00025228917
0,0,4.620435e-06
0,0,0.34742266
0,0,0.18537328
0,0,5.7113493e-06
0,0,3.609564e-05
0,0,9.445812e-07
0,0,0.20516272
0,0,0.0038560138
0,1,0.86858815
0,0,4.3961718e-05
0,0,0.0087371
0,0,0.45312142
0,0,0.016809091
0,0,5.0111652e-05
0,0,1.6321992e-06
0,0,3.596099e-05
0,0,0.07281144
0,0,4.5690052e-07
0,0,5.5987675e-06
1,1,0.99997747
0,0,0.0030124164
0,0,0.03763094
0,0,9.932735e-06
0,0,1.2696834e-05
1,1,0.84378624
1,0,0.48947644
1,1,0.6186
0,0,5.22064e-07
1,1,0.79883754
0,0,7.905138e-05
0,0,1.1958927e-05
0,0,0.109527946
0,0,8.61317e-06
0,0,1.1014221e-05
0,0,8.368095e-07
0,0,4.2887236e-06
0,0,5.1886167e-05
0,0,5.467001e-08
0,0,6.82533e-05
0,0,0.37108034
0,0,1.0181147e-05
0,0,3.4549936e-05
0,0,0.00014808791
0,0,4.3004657e-06
1,1,0.99995124
0,0,0.0001192185
0,0,0.29205704
0,0,5.1449033e-06
0,0,5.5164553e-05
0,0,1.3124052e-06
0,0,0.012657773
0,0,8.199332e-06
0,0,0.0001333938
0,0,8.891665e-06
1,1,0.999984
0,0,0.00012597292
0,0,0.38777623
0,0,0.00029591421
1,1,0.99996364
0,0,2.6343921e-05
1,1,0.99997735
0,0,0.00012596355
0,1,0.74888104
0,0,5.581861e-05
0,0,0.29318663
0,0,1.7380637e-07
0,0,0.0029597399
0,0,3.518914e-05
0,0,0.032010477
0,0,7.2994417e-06
0,0,2.4958517e-06
0,0,1.403398e-05
1,1,0.9999858
0,0,8.459895e-06
0,0,0.3714722
0,0,0.0053446344
0,0,2.582922e-06
0,0,2.4159543e-05
0,0,3.9277842e-05
0,0,1.5631485e-07
0,0,1.3147443e-05
0,0,9.779315e-05
0,0,0.006248216
0,0,1.1658196e-05
0,0,0.029610172
0,0,5.3646574e-05
0,0,8.517349e-05
0,0,0.09388681
1,1,0.9999932
0,0,1.7716643e-06
0,0,1.1387008e-05
0,0,7.17308e-05
0,0,3.517827e-05
0,1,0.70828664
1,1,0.7343316
0,0,0.00037710837
0,0,1.3743818e-06
0,0,2.8574086e-06
0,0,7.5595726e-06
0,0,0.00015370347
0,0,1.779372e-06
0,0,1.8875189e-06
1,1,0.99998605
0,0,4.659306e-05
0,0,0.1859864
0,0,8.396953e-05
0,0,1.8680871e-06
0,0,0.00012603877
0,0,0.025726719
0,0,0.2899139
0,0,2.011415e-05
0,0,3.924677e-05
0,0,0.19123085
0,0,0.38737643
0,0,0.07301794
0,0,2.962691e-05
0,1,0.74752516
0,0,3.083328e-06
0,0,7.10059e-07
1,1,0.9999901
0,0,0.11259664
0,0,0.03967803
0,0,1.1777679e-07
0,0,2.6827236e-06
0,0,0.0003716757
0,0,1.0453784e-06
1,1,0.9999995
0,0,0.003172948
0,0,0.28349304
0,0,0.0028775379
0,0,0.001931975
0,0,0.029243752
0,0,6.97276e-05
0,0,3.797375e-05
0,0,0.27082583
0,0,6.417556e-05
0,0,7.621796e-07
0,0,0.00023393566
0,0,6.5978097e-06
0,0,8.400974e-05
0,0,2.5700594e-05
0,0,0.00018244279
1,1,0.6921088
0,0,0.2999588
0,0,1.0306838e-05
0,0,0.457588
0,0,1.3454625e-05
0,0,0.052202705
0,0,4.4519384e-06
0,0,0.4507018
0,0,0.027322294
0,0,0.28420576
0,0,3.9771153e-06
0,0,2.1620603e-05
0,0,1.7117854e-05
0,0,1.2786919e-06
0,0,6.320427e-07
1,1,0.9999639
0,0,3.5861583e-06
0,0,2.2926894e-05
0,0,0.2661231
1,1,0.99997544
0,0,0.16787694
0,0,0.08639101
0,0,0.03393703
0,0,0.0033492756
1,1,0.67392397
0,0,0.20457748
0,0,0.024581363
0,0,6.2035942e-06
0,0,9.6735166e-05
0,0,0.0016400605
0,0,0.25176856
0,0,0.01935078
1,0,0.047487326
0,1,0.76879543
0,0,0.4875278
0,0,0.056603923
1,1,0.5635863
0,1,0.7191999
0,0,1.5577407e-06
0,0,0.0054701227
0,1,0.72028494
0,0,0.062039867
0,0,0.010703559
0,0,0.035897426
0,0,4.181457e-05
0,0,0.005693798
0,1,0.7428079
0,0,0.00022037972
0,0,0.000117244235
0,0,3.1142258e-07
0,0,1.1244896e-06
1,1,0.9999763
0,0,0.0015250413
0,0,2.298134e-06
0,0,0.009148453
0,0,7.8747944e-05
0,0,1.8157589e-05
0,0,0.37508366
0,0,7.5653998e-06
1,1,0.9999497
0,0,9.602163e-06
0,0,0.32086334
0,0,0.030737316
0,0,0.045366175
0,0,0.00014010661
0,1,0.55257267
0,0,8.118513e-05
0,1,0.63411707
0,0,3.198962e-05
0,0,0.009261501
0,0,3.6520585e-06
0,1,0.6398384
1,1,0.9999685
0,0,0.1473657
0,0,2.5634994e-05
0,0,8.606409e-07
0,0,0.028897658
1,1,0.9999925
0,0,2.4780618e-05
0,0,1.3241677e-06
0,0,9.48313e-05
0,0,1.3529036e-06
0,1,0.5506763
0,0,9.084806e-06
0,0,0.2254703
0,0,0.020810612
0,0,6.294158e-05
0,0,3.4341934e-05
0,0,2.4841926e-05
0,0,8.4207466e-07
0,0,0.021654561
0,0,6.157768e-05
0,0,0.0025182636
0,0,2.7809026e-06
0,0,0.0077880826
0,0,1.2011858e-05
0,1,0.7618975
0,0,6.5886125e-05
0,0,0.14582172
0,0,0.00010541248
0,0,1.940206e-05
0,1,0.785515
0,1,0.62228745
0,0,2.4598616e-05
0,0,9.150988e-05
0,0,2.245159e-06
0,0,4.1589485e-07
0,0,8.919258e-06
0,0,7.763012e-06
1,1,0.99998045
0,0,2.9411893e-05
0,0,0.11191006
0,0,4.7995607e-05
0,0,3.2831165e-05
0,0,9.281778e-05
0,0,0.18885572
0,0,4.2677664e-07
0,1,0.69063306
0,0,7.780126e-05
1,1,0.9999989
0,0,0.091076314
0,0,7.4572374e-05
0,0,4.4567878e-05
0,0,0.39460394
0,0,1.1628421e-06
0,0,1.1088915e-05
0,0,3.8926024e-05
0,0,0.014846448
0,0,0.00067246176
0,0,4.2763048e-05
0,0,0.00019010891
0,0,0.044633724
0,0,8.6363325e-05
0,0,1.5023274e-05
0,0,0.39948294
0,0,0.35299528
0,0,0.34352762
0,0,9.889919e-05
0,0,4.030467e-06
0,0,6.127917e-05
0,0,0.014434814
1,0,0.06487085
0,0,5.241921e-06
0,0,1.8573097e-05
0,0,4.9089944e-05
0,0,0.05349044
0,0,8.312345e-05
0,0,0.3566323
0,0,8.893361e-06
0,0,6.2788466e-05
0,0,1.4388322e-06
0,0,0.003768939
0,0,4.334032e-05
0,0,2.1409107e-05
0,0,1.9746627e-05
0,0,3.3166173e-06
1,1,0.919001
0,0,0.039680492
0,0,0.46693474
0,1,0.68907595
0,0,8.32622e-05
0,0,8.225783e-07
0,0,0.44350687
0,0,0.26044184
0,0,1.7134116e-06
0,0,0.009907329
0,0,6.324783e-05
0,0,0.00081102585
0,0,0.036954537
0,0,2.9214036e-06
0,0,0.00019263978
0,0,0.42606258
0,0,0.00015165166
0,0,2.2197153e-06
0,0,0.2740914
0,1,0.5947043
0,1,0.62833923
0,0,3.1433135e-06
0,0,0.088875435
1,1,0.87773114
0,0,4.126726e-05
0,0,5.1580297e-05
0,0,0.001210935
0,0,1.6690945e-05
0,0,1.1189195e-05
1,1,0.7985943
0,0,0.03307264
0,0,4.7929593e-06
0,0,0.17780165
0,1,0.65151554
0,0,5.3353974e-06
0,0,5.8752735e-06
0,0,3.966324e-06
0,0,0.3821614
0,0,3.486786e-07
0,0,1.4574763e-06
0,0,1.8544337e-05
1,1,0.5939995
0,0,0.005221394
0,0,0.0015147207
0,0,0.0021639874
0,0,0.14403172
0,0,4.428787e-05
1,1,0.9999745
0,0,0.46366626
0,0,1.5333988e-05
0,0,6.4916253e-06
0,0,2.55912e-05
0,0,4.5024362e-06
0,0,1.5496018e-06
0,0,0.11347196
0,0,0.00012603047
0,0,3.9649735e-06
0,0,4.0534036e-05
0,0,0.0022198218
1,1,0.99995136
0,0,0.32186863
0,0,0.0015031012
0,0,0.00010825096
0,0,4.3669774e-05
0,0,0.00026588503
0,0,0.048758373
0,1,0.60329777
1,1,0.74437344
0,0,4.6766872e-06
0,0,0.008910663
0,0,3.864658e-05
0,1,0.9090291
0,0,5.56176e-06
0,0,5.6963086e-06
0,0,5.437858e-06
0,0,0.0008123636
0,0,8.5471737e-07
0,0,5.3983094e-06
0,0,0.020054169
0,0,0.06976673
0,0,0.00017745081
0,0,6.0222224e-06
0,0,0.028428553
0,0,2.9860892e-05
1,1,0.9999995
0,0,1.0241358e-05
0,0,0.4309155
0,0,0.3838098
0,0,5.581287e-06
0,0,9.7151915e-06
0,0,0.4856729
0,1,0.63107646
0,0,1.2882286e-05
0,0,1.6430473e-05
0,0,0.31316406
0,0,6.866838e-05
0,0,0.09501051
0,0,0.23252288
0,0,0.0001267687
1,1,0.85873324
0,0,6.5011335e-08
0,0,0.17700747
0,0,1.0213676e-05
0,0,2.3805228e-07
0,0,3.0907362e-05
1,1,0.9999398
0,0,0.33058384
0,0,3.1266978e-07
0,0,0.033908013
1,1,0.99999905
0,0,0.2432593
0,0,0.30304328
0,0,0.024859762
0,1,0.5670648
1,1,0.9999763
0,0,0.00014546394
0,0,0.000101070545
0,0,7.2119e-05
0,0,4.7521586e-05
0,0,1.95657e-05
0,0,8.253816e-05
0,0,0.00010045091
0,0,0.00028709814
0,0,0.0023859437
0,0,9.107243e-05
0,0,4.9816316e-07
0,0,8.3131534e-05
0,0,8.164863e-05
0,0,0.16905941
0,0,1.3645318e-06
0,0,0.000102316735
1,1,0.9999871
1,1,0.9999993
0,0,0.0013068072
0,0,1.941405e-06
0,0,3.4408242e-07
0,1,0.7398163
0,0,1.9029918e-05
0,0,7.8531964e-05
0,0,0.13346048
0,0,0.00046535302
0,0,1.6475095e-05
0,0,4.6775035e-06
0,0,9.014392e-06
0,0,3.9953848e-05
0,0,0.04768178
0,1,0.6781151
0,0,0.12485851
1,1,0.99999917
0,0,0.28117192
0,0,0.00015626893
0,0,0.07118263
0,0,1.2205729e-05
0,0,0.12042749
0,1,0.63899004
0,0,0.019258741
0,0,0.00018832281
0,1,0.58971965
0,1,0.5583127
1,0,0.07815973
0,0,0.13731608
0,0,3.7255625e-06
0,0,8.8785924e-08
0,1,0.5410456
0,0,6.6612654e-07
0,0,0.06776283
0,0,0.035056
1,1,0.9999815
0,0,1.5744408e-05
1,1,0.99999547
0,0,9.800188e-06
0,0,0.3571783
0,0,1.8246083e-05
0,0,2.6305643e-06
0,0,0.48358685
0,0,3.3854874e-06
1,1,0.8795128
0,0,2.4666855e-05
0,0,0.011471208
0,0,2.3231656e-05
0,0,2.8059146e-06
0,0,4.7548743e-05
0,0,5.4457803e-07
0,0,0.032899033
0,0,0.16070999
0,0,8.674988e-08
0,0,1.8402676e-05
0,0,2.8994127e-06
0,0,4.1011162e-06
0,0,0.04799589
1,1,0.7575225
0,0,0.0003507941
0,0,4.34717e-05
0,0,5.342709e-06
0,0,4.692695e-06
1,0,0.2502186
0,0,0.27337766
0,0,1.3658739e-07
0,0,0.00022325857
0,0,0.06971038
0,0,0.00246222
0,0,0.0066532632
0,0,0.364184
0,0,0.4652743
0,0,1.2540495e-06
0,0,2.2414868e-07
0,0,0.20105292
0,0,1.4578434e-06
0,0,0.00019297475
0,0,4.9635757e-05
0,0,0.0018710028
0,0,0.009884903
0,1,0.7134261
0,0,7.944013e-06
0,0,0.22596683
0,0,8.6274085e-06
0,0,0.00019712167
0,0,6.990972e-06
0,0,2.024752e-05
0,0,4.3772798e-05
0,0,2.3964223e-05
0,0,2.4018194e-05
0,0,3.9586e-06
0,1,0.8676978
0,0,7.216923e-05
0,0,1.3192241e-06
0,0,0.0002834493
0,0,2.1597375e-06
0,0,7.7021956e-05
0,0,2.9824369e-06
0,0,0.0067547522
0,0,0.0003975046
0,0,0.009539258
1,0,0.48031202
1,0,0.09739281
0,0,0.40668347
0,0,0.056151714
0,0,1.2591667e-06
0,0,2.544316e-06
0,0,6.850036e-05
0,0,2.9093871e-05
0,0,0.039641995
0,0,5.164652e-07
0,0,9.028682e-06
0,1,0.50550115
1,1,0.9999988
0,0,0.09104107
0,0,2.1469774e-07
0,0,1.4060273e-06
0,0,7.412531e-06
1,1,0.9999598
0,0,0.25312796
0,0,0.15049703
0,0,4.267317e-06
0,1,0.77068025
0,0,1.8176485e-06
1,1,0.99998534
0,0,1.695295e-06
0,0,2.747862e-06
1,1,0.9999137
0,0,0.18315871
0,0,0.17035075
0,0,2.4428557e-06
0,0,0.054158743
0,0,8.601976e-05
1,1,0.9999821
0,0,8.5210974e-07
0,0,2.6405116e-05
0,0,5.674464e-06
0,0,1.38746e-07
0,0,0.0011022389
1,1,0.5124435
0,0,5.9954895e-05
1,1,0.9999279
0,0,2.5781408e-05
0,0,0.06401841
0,0,0.37500277
0,1,0.5149797
0,1,0.8137153
0,0,1.4285123e-06
0,0,0.0077706696
0,1,0.50605553
0,0,5.3483727e-06
0,0,6.6468433e-06
1,1,0.99997735
0,0,0.02739084
0,0,7.558478e-05
0,0,1.4228861e-05
0,0,2.5573976e-05
0,0,1.443348e-05
0,0,0.002985347
0,0,0.004188713
0,0,0.46957248
0,0,4.8362934e-05
0,0,5.795836e-05
0,0,3.5362484e-06
0,0,0.00013660947
0,1,0.7299239
0,0,2.3714667e-05
1,1,0.9999826
1,1,0.99999714
0,0,0.06279513
0,0,3.6919373e-06
0,0,0.2943794
0,0,0.00012806276
0,0,0.01309174
1,1,0.99989784
0,0,0.24123792
0,0,8.033545e-05
0,0,0.036472276
0,0,1.0869514e-05
0,0,4.5931185e-05
0,0,0.48650458
0,0,2.5835402e-06
0,0,5.7093053e-05
0,0,0.0001323984
0,0,3.2093787e-05
0,0,7.627641e-05
0,0,0.00028166646
0,0,5.408587e-05
0,0,9.423841e-05
0,0,1.1079687e-05
0,0,4.5303634e-05
0,0,7.5324235e-05
0,1,0.6075444
0,0,0.0059818467
0,0,9.5861884e-05
0,1,0.50248295
0,1,0.6790668
0,0,0.029879436
0,0,2.791257e-06
0,0,0.0005544701
0,0,0.06473937
0,0,0.4170458
0,0,0.0058062417
0,1,0.600091
0,0,3.861519e-05
0,0,0.2070554
0,0,8.675981e-06
0,0,2.4197343e-06
0,0,0.44327056
0,0,0.0014141862
1,1,0.9999819
0,0,0.047746178
0,0,9.1571674e-05
0,0,0.000101458834
0,0,0.23799722
1,0,0.27627462
0,0,9.5567775e-06
0,0,0.00018243461
0,0,1.0336893e-06
0,0,0.00018616133
0,0,8.999648e-05
0,0,0.010221522
0,0,8.398272e-06
0,0,0.01791658
0,0,0.077378154
1,1,0.99995506
0,0,1.3411582e-05
0,0,0.010612948
0,0,4.0687748e-05
0,0,0.040324528
0,0,3.654337e-05
0,0,6.0805913e-05
0,1,0.7080436
0,0,2.3441623e-06
0,0,2.4961611e-05
1,1,0.9999987
0,0,5.8438345e-06
0,0,2.0734982e-05
0,0,6.2477193e-06
1,1,0.9999989
0,0,9.147209e-07
0,1,0.5024591
0,0,0.037126046
0,0,7.3355623e-06
0,0,0.0002703874
0,0,3.9270226e-06
0,0,2.091358e-06
1,1,0.58477926
0,0,3.190264e-05
0,0,0.013328326
0,0,8.899216e-06
0,0,2.9813973e-05
0,1,0.5094232
0,0,9.723827e-07
0,0,7.255455e-05
0,1,0.55829084
0,0,0.11032905
0,0,3.357462e-07
0,0,1.099773e-06
0,0,1.4757426e-06
0,0,8.711059e-06
0,1,0.6565631
0,0,3.1077987e-05
0,0,1.41048495e-05
1,0,0.15166636
0,0,7.437288e-05
0,0,0.0037094108
0,0,1.9495226e-07
0,0,2.1511676e-06
1,0,0.35654995
0,0,0.16889673
0,0,2.2488781e-07
0,0,0.21258806
0,0,0.0010682452
0,1,0.76200396
0,0,6.144969e-05
1,1,0.99992836
1,1,0.99999785
0,0,6.8773124e-07
1,1,0.999974
1,0,0.31724775
0,0,0.0007135886
0,0,0.003524674
0,0,5.5802543e-06
0,0,0.005291597
0,0,0.0002875781
0,0,8.323243e-05
0,0,7.1285704e-06
1,1,0.57191586
0,1,0.56489444
0,0,2.9650626e-05
0,0,1.5766094e-06
0,0,3.779114e-07
0,0,0.104652606
0,0,8.4343745e-05
0,0,1.1663635e-05
1,1,0.9999602
1,1,0.5257206
0,0,0.027932052
0,0,0.033046834
0,0,3.6241424e-06
0,0,1.4797986e-06
0,0,1.9704435e-06
0,0,1.8325965e-06
0,0,0.45529538
0,0,0.004391086
0,0,0.02298716
0,0,0.22620945
0,0,0.000152326
1,1,0.99996364
0,0,3.781684e-05
0,0,8.6756394e-05
0,0,2.696835e-05
0,0,6.231818e-05
0,0,4.0448005e-05
0,1,0.92167413
0,0,0.0009504383
0,0,9.457583e-05
0,0,1.8864932e-06
0,0,4.8051834e-06
0,1,0.656289
0,0,4.1400213e-05
1,1,0.6138012
0,0,0.32978877
0,0,7.87041e-05
0,0,3.5762736e-05
0,0,0.00017301839
0,0,4.4185315e-05
1,1,0.9999875
1,1,0.99999964
0,1,0.72119164
0,0,3.623874e-05
0,0,3.7240647e-05
0,0,5.675514e-06
0,0,1.8601779e-06
0,0,9.69189e-06
0,0,2.652376e-05
0,0,0.4477554
0,0,0.017308341
0,0,0.34613904
0,0,2.4955996e-06
0,0,2.7139197e-07
0,0,0.11605806
0,0,6.116447e-07
0,0,1.333605e-07
0,0,0.009340196
0,0,6.89602e-05
0,0,1.670311e-05
0,0,0.0010535261
0,0,4.0279563e-05
0,0,0.08306523
0,0,0.036960527
0,0,0.17232968
0,0,0.00012978172
0,0,0.12148042
0,1,0.61298555
0,0,0.00012668931
0,0,2.8039485e-06
0,0,8.230341e-09
0,0,0.0032523354
0,0,0.4476474
0,0,0.0002641663
0,0,0.00054198346
0,0,6.755519e-05
0,0,1.3053579e-05
0,0,0.0001246863
0,0,0.047615718
0,0,0.016467394
0,0,3.2868113e-06
1,1,0.99987483
0,1,0.8410146
0,0,7.5147385e-05
0,0,0.037021566
0,0,0.01854987
0,0,1.8952873e-05
0,0,0.41999966
0,0,0.0043901536
0,0,2.0312225e-06
1,1,0.9998056
0,0,3.483595e-05
0,0,5.4175845e-05
0,0,2.588431e-05
0,0,3.3325843e-05
0,0,2.5121639e-05
0,0,0.45439914
0,0,7.918101e-06
0,0,0.07702507
0,0,0.007883548
0,0,2.3186614e-05
0,0,7.654295e-05
0,1,0.56588274
0,0,1.5617703e-06
0,0,4.6888745e-06
0,0,0.21707262
0,0,0.009714979
0,0,6.152239e-05
0,0,0.123184904
0,0,1.9257623e-06
0,0,0.35226035
0,1,0.54995704
0,0,2.6134305e-05
0,0,0.0005013847
0,0,0.00012837515
1,1,0.76630527
0,0,0.41290763
0,0,5.911258e-05
0,0,5.2942232e-05
0,0,0.00041201359
0,1,0.6858232
0,0,0.0022357386
0,0,0.0006616473
0,0,7.504241e-05
0,0,7.8367275e-06
0,0,3.7861297e-05
0,0,4.040583e-05
0,0,0.00010743282
1,1,0.9999883
0,0,0.00016375675
0,0,1.959098e-05
0,0,8.303519e-05
0,0,3.453281e-06
1,0,0.3935061
0,1,0.7852536
0,1,0.71753836
0,0,0.048911534
0,1,0.75521326
0,0,3.1433733e-06
0,0,0.010468795
0,0,0.000261345
0,0,1.8575063e-05
0,1,0.7200205
0,0,2.5232515e-05
0,0,0.00012663519
0,0,0.3504942
0,0,4.4519384e-06
0,1,0.8005656
1,0,0.05842336
0,1,0.5301676
0,0,0.036134128
0,0,7.2247654e-05
1,1,0.9999703
0,0,4.380156e-06
0,0,2.224351e-05
0,0,3.6462047e-06
0,0,1.6567692e-05
0,0,5.164705e-06
0,0,0.34146768
0,0,0.11255037
0,0,0.47338295
0,0,4.1136107e-05
0,0,8.272984e-06
0,1,0.505253
0,0,2.6245903e-06
0,0,0.00012369393
0,0,2.3210584e-06
0,0,1.5885804e-05
0,0,0.1151451
0,0,0.00010597648
0,0,0.0036332067
0,0,0.01577857
0,0,5.342709e-06
0,0,5.1991963e-05
0,0,6.705131e-05
0,1,0.91993475
0,0,0.20957474
0,0,0.10775023
0,1,0.7343487
0,0,3.399036e-06
0,0,0.44978717
0,0,0.005937975
0,0,0.3720517
0,0,0.0002751201
0,0,2.8170363e-05
0,0,6.801543e-05
0,0,0.053578664
0,0,0.11289133
0,0,0.23376812
0,0,2.797781e-06
0,0,0.000121036814
1,1,0.51750416
0,0,4.9055874e-05
0,0,2.5690131e-05
1,1,0.9999647
0,0,3.8440598e-05
0,0,0.008752447
0,0,0.029401256
0,0,9.180883e-07
0,0,0.10352896
0,0,2.5752339e-05
0,0,0.04901467
0,0,7.411143e-05
0,0,0.006143668
0,0,0.4565054
0,0,0.00028313545
0,0,2.2574639e-05
0,0,1.4188006e-06
0,0,3.6218597e-05
0,0,4.891861e-07
1,1,0.99996233
0,0,0.00014760929
0,0,2.604829e-06
0,0,0.0007772449
0,0,0.00029155487
0,1,0.6751529
0,0,1.3643185e-06
1,1,0.99997914
0,0,6.378095e-05
0,0,4.0914642e-07
0,0,0.000102150814
0,0,0.043850686
0,0,0.011514867
0,0,8.0678765e-05
0,0,1.6828415e-05
0,0,0.00012367741
0,0,0.37110388
0,0,0.00010880017
0,0,0.0001269763
0,0,2.2683058e-05
0,0,7.47024e-05
0,0,0.26096863
0,0,7.113653e-05
0,0,1.8644972e-06
0,0,3.099553e-05
0,0,2.4691728e-06
0,0,5.1491486e-05
0,0,5.6341258e-05
0,0,0.09364835
0,0,4.5700685e-07
0,0,0.016160922
0,0,0.025063291
0,0,1.4609525e-06
0,1,0.63636225
0,0,0.026022974
0,0,0.013693566
1,1,0.99997437
0,0,2.6599105e-06
0,0,0.0026490665
0,0,2.5178433e-05
0,0,2.209969e-05
0,0,3.0557345e-05
0,0,4.3411815e-06
0,0,0.0010456219
0,0,0.0012848887
0,0,5.787485e-05
0,0,0.014443597
0,0,0.00010134637
0,0,4.2498672e-05
0,1,0.6585919
0,0,3.7504346e-05
0,0,3.453281e-06
0,0,0.05781205
0,0,0.00011718634
0,0,1.5684642e-05
0,0,0.00014522597
0,0,0.0015714623
0,0,2.1389133e-07
0,0,5.0357735e-06
0,0,0.0038702881
1,1,0.9999839
0,1,0.81039673
0,0,0.13996594
0,0,0.108402684
0,0,0.0001414657
0,0,0.46470833
0,0,0.07635095
0,0,0.0010661265
0,0,1.6576574e-06
0,0,2.0659367e-05
0,0,0.15012024
0,0,1.7536056e-05
0,0,0.2162423
0,0,3.0200197e-05
0,0,3.4474074e-06
0,0,1.3586076e-05
0,0,3.0697745e-05
0,0,0.02286833
0,0,0.30376834
0,0,0.19770546
0,0,4.8697628e-05
0,0,3.5362118e-05
0,0,0.4266786
0,0,1.8707147e-05
0,0,3.925317e-05
0,0,3.713465e-05
1,1,0.5171942
0,0,0.057861604
1,1,0.99995804
0,0,0.00010951025
0,0,0.45425117
0,0,0.0001230422
0,0,2.1488815e-06
0,0,0.2617975
0,1,0.7879878
0,0,3.8748065e-05
0,0,6.9521244e-05
0,0,6.380906e-05
0,0,6.376143e-05
0,0,3.345088e-05
0,0,0.057099797
0,0,0.48837736
0,0,4.2865219e-07
0,0,0.010094765
0,0,4.839348e-05
0,0,0.00010372051
0,0,0.24164267
0,0,0.022057245
0,0,0.0047282437
1,1,0.62279594
0,0,4.811104e-05
0,0,2.019038e-06
0,0,8.848372e-05
0,0,0.055425726
0,0,0.015510455
0,0,0.0083709955
0,0,1.0079351e-05
0,0,0.00014796806
1,1,0.9999188
1,1,0.99955636
0,0,0.00011146171
0,0,2.6335915e-06
0,0,0.0055711824
0,0,5.003213e-06
0,0,7.14423e-06
0,0,4.5455745e-05
0,0,0.000108562024
0,0,1.6389829e-06
0,0,0.10427575
0,0,0.00015017038
1,1,0.9999987
1,1,0.9999957
0,0,4.01006e-07
0,0,3.330767e-05
0,0,0.016223285
0,0,4.424988e-06
0,0,8.524279e-06
0,0,0.27731895
0,0,8.204278e-07
0,0,7.4997497e-06
0,0,2.197364e-05
0,0,0.139804
0,0,0.0012726348
0,0,0.014406859
0,0,1.0983949e-05
0,0,1.1271264e-05
0,0,3.9934268e-05
0,0,0.06114372
0,0,3.5553742e-06
0,0,9.2050046e-05
1,1,0.9999826
0,1,0.7323619
0,1,0.6843582
0,0,0.49394897
0,0,0.016974755
0,0,0.08263851
0,1,0.7558105
0,0,0.00010340449
0,1,0.752057
0,0,0.3014359
0,0,1.6911816e-05
0,0,4.891861e-07
1,1,0.7736973
0,0,3.2208359e-06
0,0,3.3627017e-05
0,0,0.00010323414
0,1,0.5201513
1,1,0.99998724
0,0,4.801877e-05
0,0,1.2957519e-05
0,0,2.6557904e-05
0,0,0.08633081
0,0,6.277319e-06
1,1,0.58260155
1,1,0.9999919
0,0,0.00055542885
0,0,9.4162235e-05
1,1,0.9999683
0,0,4.035554e-05
0,0,1.4101703e-05
0,0,0.3756655
0,0,0.00011253074
0,0,0.040160313
0,0,0.3440587
0,0,0.08235272
1,1,0.75634533
0,0,1.5941196e-05
0,0,0.10011855
1,1,0.9999858
0,0,8.124592e-05
0,0,0.00071910076
0,0,0.013293444
0,0,4.1459225e-06
1,1,0.9999995
0,0,0.00015989943
0,0,6.811128e-07
0,0,0.00047350733
0,0,0.03303729
0,0,2.8354365e-05
0,0,1.2585484e-06
0,0,7.647955e-05
0,0,0.42959997
1,1,0.73433506
1,1,0.99958223
0,0,6.10617e-05
0,0,1.3309575e-05
0,0,0.11817346
0,0,1.1236887e-05
0,0,1.2523508e-05
0,0,2.98497e-07
0,0,1.2769974e-05
0,0,3.2862627e-06
0,0,0.0020380963
0,0,0.13509887
0,0,0.04027034
0,0,3.7793627e-06
0,0,0.021443648
0,0,9.525283e-05
0,0,3.0064332e-06
0,0,0.12903793
0,0,0.00011677672
0,0,4.000601e-06
0,0,0.025792973
0,0,1.3935067e-07
0,0,3.2186657e-05
0,0,0.29128188
0,0,0.00012897047
0,0,0.039333258
0,0,0.34885535
0,0,8.044027e-06
0,0,0.019742453
0,0,8.658432e-05
0,0,7.981953e-06
0,0,4.8123147e-06
0,1,0.5720435
0,0,1.4489697e-06
0,0,1.392093e-05
0,0,2.213943e-05
0,0,4.81591e-07
0,0,0.0014261833
0,1,0.51833254
0,0,7.4839027e-06
0,0,1.4925567e-05
0,0,1.3907323e-06
0,0,4.72024e-05
0,0,3.6322979e-06
0,0,0.0038418374
0,1,0.73014253
0,0,5.1842167e-06
0,0,0.00016918508
1,1,0.9999552
0,0,0.0010080333
0,1,0.5571402
0,0,0.00042031868
0,0,3.4729706e-05
0,1,0.5151183
0,0,0.000111023925
0,0,2.195171e-05
0,0,2.216644e-06
0,0,0.0007043174
0,0,6.791277e-05
0,0,0.15639508
0,0,5.0621843e-06
0,0,0.075205214
0,0,6.0697457e-05
0,0,0.024457375
0,0,0.07395564
0,0,3.8417693e-05
1,1,0.8711277
0,0,0.021344392
0,0,0.00013615287
0,0,0.007332174
0,1,0.8432107
0,0,0.057744544
0,1,0.77276486
0,0,0.2666614
0,0,0.0012839779
0,0,1.6506659e-06
1,1,0.91969067
0,0,2.4302058e-06
0,0,0.011051847
0,0,5.4570904e-05
0,1,0.8407254
0,0,1.196042e-05
0,0,0.34162128
0,0,4.14896e-06
0,0,0.0333986
0,0,0.43349686
0,0,0.00014397856
0,0,0.316674
0,0,3.3781653e-05
0,0,0.00021899871
1,1,0.9999392
0,0,5.315904e-06
0,0,9.794237e-06
1,1,0.99997866
0,0,0.0028706095
0,0,0.0062608267
0,0,9.170818e-06
0,0,2.3997134e-06
0,0,0.23235416
1,1,0.999984
1,1,0.9999758
0,0,4.5942616e-05
0,0,0.00016422005
0,0,3.6993406e-05
0,0,5.1134375e-05
0,0,2.1288561e-07
0,0,2.4278938e-06
0,0,2.3374105e-05
0,0,0.21022475
0,0,5.4924003e-06
0,0,2.9557165e-07
0,1,0.5674422
0,0,5.2490297e-05
0,1,0.72043526
0,0,1.3902404e-06
1,0,0.4242618
0,0,0.00010682112
0,0,8.8482375e-05
0,0,5.3880876e-07
0,0,0.32836857
0,1,0.5730989
0,0,5.236205e-06
0,1,0.84917456
0,0,7.093097e-06
0,0,5.6471756e-05
0,0,2.652219e-05
0,0,0.002578616
0,0,3.1331674e-05
1,1,0.999972
0,0,0.4017249
0,0,0.034764614
0,0,4.3978807e-07
1,1,0.6280395
0,0,0.069777176
0,0,0.28452253
0,0,0.04721612
0,0,8.162011e-07
0,0,0.016009523
1,1,0.9999975
0,0,0.0005422475
0,0,3.9095703e-05
0,0,0.37733343
0,0,0.11261628
0,0,5.7675015e-06
0,0,0.00013509128
0,0,0.1579232
0,0,2.1801084e-06
0,0,3.560779e-07
0,0,7.0973124e-06
0,0,6.023521e-06
0,0,1.1118442e-07
0,0,0.29906777
0,0,2.09559e-05
0,0,1.9600827e-06
1,1,0.8604967
0,0,2.2364272e-06
1,1,0.99999857
1,1,0.9999962
1,1,0.99992466
0,1,0.768172
0,0,8.5110485e-05
1,1,0.8716993
0,0,1.8506813e-05
0,0,0.0048458464
0,0,4.432856e-05
0,0,0.43159375
1,1,0.99998856
1,1,0.8665106
0,1,0.72129804
0,0,7.737206e-05
0,0,5.2714636e-06
0,0,1.5837037e-05
0,0,8.903235e-05
1,0,0.07292646
0,0,0.0027543264
0,0,1.2170162e-05
0,1,0.81563455
0,0,0.07586789
0,0,0.423405
0,0,0.000121156336
0,0,2.1556245e-05
0,0,0.001078713
0,0,0.34000227
0,0,8.074688e-05
0,0,0.1163046
1,0,0.2454918
0,0,2.9565823e-07
0,0,0.035524063
0,0,0.00026421744
0,1,0.8384791
0,0,0.0001288908
0,0,4.551504e-05
0,0,0.03088793
0,0,3.0609598e-07
0,0,0.11327517
0,0,0.20519745
0,0,8.980035e-07
0,0,1.1376785e-06
0,0,0.28352416
0,0,0.10141092
0,0,4.0957297e-05
0,0,0.000100046826
0,0,2.7568678e-06
0,0,0.01940333
0,1,0.62206244
0,0,0.00019679622
0,0,2.285527e-06
0,0,0.08590268
1,1,0.99998236
0,0,0.004327812
0,0,8.371851e-06
0,0,0.4716348
0,0,0.00016660924
0,0,0.0025557068
0,0,1.0690391e-05
0,0,3.645516e-07
0,0,0.0005998462
0,0,0.0014263836
0,0,0.00022397026
0,0,1.5309732e-05
0,1,0.6700062
0,0,2.9225906e-05
0,0,0.00017312549
0,0,9.054334e-06
0,0,0.0002191953
0,0,9.279733e-05
0,0,1.0053423e-05
0,0,0.10748298
0,0,0.0003673333
0,0,0.117010705
0,0,3.9315208e-05
0,0,0.003102722
0,0,0.055044994
0,0,1.1847918e-05
0,0,1.7380637e-07
0,0,0.33978367
0,0,3.8659186e-06
0,0,0.015785687
0,0,0.13322759
0,0,0.00013300261
0,0,0.13113207
0,0,6.3675994e-05
0,1,0.6142458
0,0,0.14457753
0,0,3.819284e-06
0,0,4.632798e-05
0,0,8.184881e-07
1,0,0.26926884
0,0,0.00189453
0,0,0.020768438
0,1,0.61168957
0,0,5.066758e-06
0,0,0.20611994
0,0,1.4526138e-07
0,0,1.92467e-06
0,0,4.3201084e-07
0,0,0.0037789803
0,0,0.0042266394
0,0,0.026249101
0,0,0.39300728
0,0,8.439467e-05
0,0,0.007679922
0,0,0.053070173
0,0,0.0011951415
0,0,2.2543962e-05
1,1,0.6332913
0,0,0.41936758
0,0,3.1984557e-05
0,0,5.4926604e-05
0,1,0.7139072
0,0,0.45867682
0,0,2.0675083e-07
0,1,0.65078455
0,0,2.0730791e-05
0,0,3.873447e-05
0,0,0.26307452
1,1,0.9999993
0,0,0.08863768
0,0,5.2174597e-05
0,0,5.581893e-05
0,0,0.00021845002
0,0,2.0545902e-05
0,0,0.1686761
0,0,0.19804841
0,0,4.1516037e-06
0,0,2.168054e-06
0,0,0.43654233
0,1,0.55783904
0,1,0.71650374
0,0,7.158088e-05
0,1,0.51219875
1,1,0.99999905
0,0,0.00011580787
1,1,0.9999989
0,0,1.7262248e-05
0,0,1.3834957e-05
0,0,0.024137143
0,0,2.6693053e-07
0,0,6.407528e-05
0,0,0.008398705
0,0,4.8519505e-06
0,0,0.04419333
0,0,1.8287782e-06
0,0,0.046058513
0,0,9.138169e-05
0,0,0.00038359407
0,0,4.023833e-05
0,0,1.3655298e-05
0,0,0.00010390256
0,0,9.978196e-05
0,0,0.00092396385
0,0,0.00014054081
0,0,6.028532e-06
0,0,0.47843203
0,0,7.4683885e-05
0,0,0.38134217
0,0,6.54584e-05
0,0,0.44553623
0,0,5.223437e-06
0,0,2.510789e-05
1,0,0.45486274
0,0,5.476161e-06
0,0,6.94681e-07
0,0,0.13125528
0,0,0.0006915303
0,0,0.014629453
0,1,0.7634835
0,0,2.6454441e-05
0,0,5.620587e-05
0,0,1.4210243e-05
0,0,2.8089376e-05
0,0,1.0033241e-06
0,0,0.00017819433
0,0,0.3391442
0,0,0.24050824
0,0,0.21985576
0,0,0.0903979
1,1,0.9999989
0,0,7.4185987e-06
1,1,0.9999541
1,1,0.6896791
0,0,0.0001394551
0,0,0.002775139
1,1,0.5582255
0,0,6.1321803e-06
0,0,0.0124684805
0,0,5.6030018e-05
0,0,1.7056269e-06
0,0,0.00015940376
0,0,1.145005e-06
0,0,0.49422637
0,0,4.714653e-05
0,1,0.94482416
0,0,3.273128e-05
0,0,0.13231574
0,0,0.45161745
0,0,2.7027101e-05
0,0,1.6067048e-05
0,0,0.08111345
1,1,0.9999896
0,0,5.114603e-05
0,0,0.00010748241
0,0,0.124379955
0,0,1.808637e-05
0,0,4.8181242e-05
1,1,0.99999905
0,0,0.035102013
0,0,1.7230177e-05
0,0,0.0045100283
0,0,5.5784716e-05
1,1,0.9998636
0,0,5.3098697e-06
0,0,8.737434e-05
0,0,0.017100852
0,0,0.039161567
0,0,3.067651e-06
0,0,0.0025900812
0,0,4.011807e-06
1,1,0.99999976
1,0,0.43528703
0,0,3.3854874e-06
0,0,1.0019614e-06
0,0,1.46644215e-05
0,0,0.00083563913
1,1,0.9999784
0,0,0.453986
0,0,0.0061660577
0,0,0.4556934
0,0,2.8701356e-06
0,0,0.08798866
0,0,2.299302e-05
0,0,0.00012757877
0,0,2.720883e-06
0,0,4.5414152e-05
0,1,0.5554961
0,0,0.036972027
0,0,0.06398466
1,1,0.99997187
0,0,1.7917459e-05
0,0,8.934362e-05
0,0,0.00010341632
0,0,4.635396e-05
0,0,6.366094e-05
0,0,3.3703687e-05
0,1,0.52120024
0,1,0.87144816
0,0,5.9742815e-05
0,0,1.8269431e-07
0,0,6.512858e-05
0,1,0.6457932
0,0,1.8879271e-05
0,0,0.00024672496
0,0,7.2018665e-05
0,0,3.211385e-07
0,0,5.896744e-07
0,0,4.146699e-05
0,0,0.009054006
0,0,2.693563e-05
0,0,1.4756703e-05
0,0,2.9557165e-07
0,0,0.00065083854
1,1,0.7173969
0,0,0.00012270722
0,1,0.90408444
0,0,5.4623593e-05
0,1,0.8485305
0,0,1.2685845e-05
0,0,0.0019774418
0,0,0.03989174
0,0,9.187247e-05
0,0,8.28017e-05
0,0,0.09553115
1,1,0.99997914
0,0,0.13290675
0,1,0.94415003
0,0,0.00310733
0,0,0.06501963
1,1,0.99999964
0,0,0.028024668
0,0,7.659538e-05
0,1,0.674855
1,1,0.7946418
0,0,0.0001769652
0,0,0.00010891675
0,0,0.3278983
0,0,3.65954e-05
0,1,0.6957642
0,0,0.00029050742
0,0,0.013871101
0,0,4.8719274e-05
0,0,0.22686133
0,0,2.4537394e-05
0,0,1.2436759e-06
0,0,6.365614e-05
0,0,9.467705e-06
0,0,0.056961197
0,0,1.4386072e-05
1,1,0.9999721
0,0,0.4595194
0,0,1.3501866e-06
0,1,0.94639826
0,0,0.26245093
0,0,0.1485316
0,0,9.528535e-05
0,0,0.024680112
1,0,0.022630882
0,0,0.00020985048
0,0,9.004725e-06
0,0,5.1983166e-06
0,0,0.31931937
0,0,9.174186e-06
0,0,0.00012948494
0,0,2.848862e-06
0,0,0.013391766
0,1,0.68921995
0,0,7.9681675e-05
0,0,1.5979627e-05
0,0,0.018620286
0,0,0.4245946
0,0,0.040825274
0,1,0.7060909
0,0,3.2804605e-06
0,0,4.1011162e-06
0,0,1.345383e-05
0,0,1.6999911e-05
0,0,0.018068139
0,0,0.09349774
0,0,0.4699923
0,0,0.13819247
0,1,0.8583811
0,0,0.04913647
0,0,3.7320845e-06
0,0,0.02432573
0,0,0.000103750775
0,0,2.5177282e-05
0,0,0.44908616
0,0,0.26689544
0,0,3.7851808e-07
0,1,0.6085298
0,0,2.7384128e-06
0,0,8.220315e-05
0,0,4.6126247e-06
0,0,1.6583771e-06
0,0,1.4502123e-05
0,0,6.385867e-05
0,0,4.467917e-07
0,0,0.25398767
0,0,0.018920688
0,0,0.397959
0,0,1.5453589e-06
0,0,1.05051295e-05
0,0,0.27453357
0,0,3.4943187e-05
0,0,3.588224e-07
1,1,0.99999976
0,0,1.4142804e-06
1,1,0.99999774
0,0,7.0777116e-07
1,1,0.99998415
0,0,0.14430062
0,0,0.0010318619
0,0,0.16811934
0,0,5.5822775e-06
0,0,3.8552054e-05
0,0,5.447923e-06
0,0,0.007975222
0,0,0.26771602
0,0,0.015187516
0,0,4.837032e-07
0,0,3.194306e-06
0,0,0.022166688
0,0,1.5166517e-06
1,1,0.99997413
0,0,2.5243594e-06
0,0,5.6116533e-05
0,0,0.010997383
0,0,0.007689445
0,1,0.532477
0,0,0.182101
0,1,0.79037195
0,0,0.0019923826
0,0,1.4591327e-06
0,0,0.3902768
0,0,0.20165448
0,0,1.5414083e-06
0,0,6.8791276e-05
0,0,1.7391412e-06
0,0,3.6398164e-05
1,1,0.90288746
0,0,1.52201155e-05
1,1,0.99999833
0,0,0.14808469
0,0,5.8144535e-05
0,0,0.21409161
0,0,0.00044488517
0,0,0.00012999872
0,1,0.6002544
0,1,0.7442435
0,0,1.9830473e-05
0,0,2.55377e-06
0,1,0.62598526
0,0,1.91929e-06
1,1,0.9999987
1,1,0.7189819
0,0,0.1045593
0,0,3.2785982e-07
0,0,9.7145985e-06
0,0,2.9967727e-05
0,0,8.33089e-05
0,0,0.24880937
1,1,0.9999763
0,0,0.001942193
0,1,0.52534515
0,0,0.01778129
0,0,0.0001283191
0,0,0.006138252
0,0,4.173032e-05
0,0,3.7159374e-05
1,1,0.99997175
0,0,1.1785272e-05
0,0,0.00014937292
0,0,1.1667199e-06
0,0,4.1002982e-05
0,1,0.68588346
0,0,2.6260552e-06
0,0,1.2718557e-06
0,0,3.573226e-07
0,0,0.0019253753
0,0,0.00053247315
0,0,1.3823351e-05
0,0,0.02135443
0,0,9.11548e-05
0,0,0.00094842655
0,0,6.065238e-07
0,0,0.30208015
0,0,0.00013730566
0,0,2.273889e-06
0,0,3.0764754e-06
0,1,0.6690321
0,0,0.008743057
0,1,0.6405229
0,0,3.155264e-06
0,0,0.00015619921
0,0,5.92708e-05
0,0,9.794243e-07
0,0,0.0077621075
1,1,0.74991083
1,1,0.99997616
0,0,1.3707175e-05
0,0,0.00079224276
0,0,1.789229e-05
0,0,1.7393157e-05
1,1,0.6633247
0,0,6.297309e-06
0,0,0.2241631
0,0,2.7627898e-06
0,1,0.7856684
0,0,0.00033503407
0,0,0.3487812
0,0,0.020498902
0,0,6.886807e-05
0,0,7.291842e-05
0,0,1.44126425e-05
0,0,1.7269884e-06
0,0,3.4977043e-06
0,0,9.685793e-05
0,0,0.05362922
1,1,0.99988425
0,0,5.8630263e-07
0,0,0.43219456
0,0,0.13084882
0,0,0.024218583
0,0,0.00012612953
0,0,1.6723579e-06
0,0,0.013353885
0,0,0.07025406
0,0,2.536302e-06
0,0,0.000110517656
0,0,1.066347e-05
0,0,1.3565767e-06
0,0,4.1548694e-07
1,1,0.9999993
0,0,1.1530268e-05
0,0,0.037602793
0,0,4.6378777e-06
0,0,0.00016669823
0,0,0.007805354
0,0,0.32169494
0,0,0.00011292696
0,0,3.3002357e-06
0,0,0.21391155
0,0,0.15763357
0,0,5.265472e-07
0,0,6.4302776e-07
0,0,3.2955998e-06
0,0,0.00094963185
0,0,5.0467975e-06
0,0,0.49617308
0,0,7.357066e-07
0,0,0.066852115
1,1,0.99997485
0,0,2.5012657e-06
0,0,9.376833e-06
0,0,0.00010671107
0,0,2.1464755e-05
0,1,0.61108166
0,0,6.133857e-05
0,0,0.072364286
0,0,3.928047e-05
1,1,0.9999856
0,1,0.528116
0,0,0.007909416
0,0,0.00012737929
0,0,3.3376575e-05
0,0,5.1305185e-05
0,0,3.126006e-07
0,0,0.003000947
0,0,8.229767e-06
0,1,0.5677373
0,0,0.0008229127
0,1,0.72243094
0,0,1.7034291e-06
0,0,2.4226498e-05
0,0,1.9483716e-05
0,0,0.0019864314
0,0,8.911177e-05
0,0,0.13248423
0,0,0.007939669
0,0,9.47e-05
0,1,0.5903751
0,0,1.0104702e-06
0,0,3.2996108e-05
0,0,4.1423577e-06
0,0,8.184294e-06
0,0,4.058641e-05
1,1,0.9999776
0,0,4.513769e-05
1,1,0.61336356
0,0,3.4877932e-05
0,0,3.5352664e-07
0,0,0.084507585
0,0,0.0010987938
0,0,0.0010838938
0,0,1.3717454e-05
0,1,0.9492148
0,1,0.7242477
0,0,0.27319458
0,1,0.69355845
1,1,0.8271845
0,0,3.124023e-05
0,0,7.0258284e-07
0,0,6.1040294e-07
1,1,0.99998283
0,0,3.7837617e-05
0,0,5.0588966e-05
0,0,0.12616697
0,0,0.44930458
0,0,0.001116681
0,0,3.7085366e-07
0,0,6.502435e-08
0,0,1.8126948e-05
0,0,6.343274e-06
0,0,2.3688242e-06
0,0,3.191472e-05
0,0,7.505807e-05
0,0,6.4455253e-06
1,1,0.53543556
0,0,2.284189e-05
0,0,1.4262715e-06
0,0,0.3659423
0,0,2.8863808e-05
1,1,0.9998721
0,0,0.0019991647
0,0,0.0001350404
1,1,0.9999846
0,0,0.00018715087
1,1,0.69527876
0,0,9.748166e-06
0,0,0.0016046116
0,1,0.61038893
0,0,0.00010607748
0,0,2.5028998e-05
0,0,0.0002112757
0,0,2.7133916e-05
0,0,9.366387e-05
1,1,0.9999887
0,0,8.5693495e-07
0,0,1.2406291e-06
0,0,0.17911063
0,0,1.4382202e-05
0,0,4.2115596e-05
0,0,0.405889
0,0,2.8935488e-05
0,0,3.2316355e-05
0,0,0.00081076776
0,0,0.45574132
0,0,8.35456e-06
0,0,0.02053897
1,0,0.2150898
0,0,1.8182018e-07
0,0,2.4813985e-06
0,0,0.026669633
0,0,4.8502232e-05
0,0,1.646264e-05
0,0,5.335174e-05
0,0,8.076976e-05
0,0,0.0001746507
0,0,3.0435038e-07
0,0,1.1794297e-06
0,0,5.692865e-05
0,0,0.1557724
0,0,0.056895364
0,0,7.3142044e-05
0,0,9.004725e-06
0,0,7.568034e-05
0,0,3.0235556e-06
0,0,1.3314196e-05
0,0,4.2515962e-06
0,0,0.11810485
1,1,0.9999565
0,0,0.42101818
0,0,0.17711973
0,0,3.1750733e-05
0,0,0.08903016
0,0,6.1630594e-06
0,0,0.00010876262
0,0,1.504252e-06
0,0,1.5367101e-06
0,0,1.36696435e-05
0,0,1.5554413e-06
0,0,2.767403e-05
0,0,4.839833e-07
0,0,0.09495822
0,1,0.6462518
0,0,2.5001209e-05
0,0,6.82531e-06
0,0,0.020556152
0,0,1.2111425e-06
0,0,0.08120612
1,0,0.43074062
0,0,6.0319135e-06
1,0,0.22887866
0,1,0.6034222
0,0,9.706403e-06
0,1,0.8775785
0,0,1.0613436e-06
0,0,0.00025600495
0,0,2.1255008e-05
0,0,0.0038526284
0,1,0.6548054
0,0,2.5687976e-05
0,0,0.015786428
0,0,1.7703449e-05
0,0,2.1288561e-07
0,0,5.3544636e-07
1,1,0.8873732
0,0,0.0065776524
0,0,0.059701648
0,0,2.270342e-06
0,0,1.7023369e-05
0,0,8.49088e-07
0,0,6.182363e-05
0,0,5.310619e-06
0,0,6.428153e-05
0,0,0.0018727018
0,0,2.3200712e-06
0,0,0.028587287
1,0,0.28716126
1,1,0.9999863
1,1,0.999974
1,1,0.9999995
1,1,0.99998343
0,0,0.018345792
0,0,0.008551831
0,1,0.5127946
0,0,1.3039653e-06
0,0,2.6058526e-05
0,0,0.00058941246
0,0,4.9682687e-05
0,0,0.0034990865
0,0,5.7673868e-05
0,0,0.03389418
0,0,9.046093e-05
0,0,0.30427113
1,1,0.9999975
0,1,0.8765458
0,0,0.00013830367
0,0,0.3751637
0,0,3.776379e-05
0,1,0.52300394
0,0,3.4289314e-05
0,0,0.0001309415
0,0,2.37502e-05
0,0,8.6625936e-05
0,0,0.055601783
0,0,2.2920489e-05
0,0,9.756253e-05
1,1,0.9146784
1,0,0.42967844
0,0,0.00014802015
0,1,0.6594891
0,0,0.19838282
0,0,3.513644e-07
0,0,3.1027876e-06
0,0,0.00010247169
0,0,0.0011951854
0,0,8.373157e-05
0,0,6.48398e-05
0,0,3.4667637e-06
0,0,1.8768048e-06
1,1,0.9999678
0,0,2.1871816e-07
0,0,3.6183749e-06
0,0,3.0412136e-06
0,0,1.3349299e-05
0,1,0.5028956
0,1,0.72527283
0,0,8.963454e-05
0,0,5.1203265e-06
0,0,6.6875065e-05
0,0,0.10179732
0,0,0.00013580796
0,0,3.4038807e-05
0,1,0.63387704
0,0,0.00018908517
0,0,0.2147291
0,0,0.074153565
0,0,0.00015410689
0,0,1.0129194e-07
0,0,0.17172204
0,0,0.4828765
0,0,2.8142974e-06
0,0,6.704567e-06
1,0,0.42413592
0,1,0.7895831
0,0,2.0478292e-06
0,0,4.460789e-05
0,0,0.0020095722
0,0,5.120513e-05
0,0,0.0001701123
0,1,0.7986129
0,0,1.2376487e-05
0,0,0.19117336
0,0,2.0712077e-06
0,0,1.3892641e-05
0,0,0.04451809
0,0,0.17229746
0,0,5.9837527e-07
1,1,0.9999831
0,0,0.0012479656
1,1,0.5064399
0,0,0.20664018
1,1,0.99996173
0,0,9.031989e-07
0,1,0.76453066
0,0,9.625933e-07
0,0,0.007999281
0,0,3.499267e-05
0,0,1.3053579e-05
0,0,0.00010124872
0,0,0.17784753
1,1,0.77214044
0,0,0.00015300188
0,0,0.02070878
0,0,0.007161053
0,0,3.4614843e-06
0,0,2.9567524e-05
0,0,7.3818937e-06
0,0,2.7262593e-05
0,0,1.820949e-05
0,0,1.8568104e-05
0,0,0.048739154
0,0,1.7275292e-05
0,0,7.799045e-05
0,0,4.2386537e-06
0,0,5.726659e-06
0,0,3.1505704e-06
0,0,0.00012531994
0,0,0.46653754
1,1,0.99996924
0,0,0.008159135
0,0,0.43814808
0,0,1.9310826e-06
0,0,0.02833525
0,0,2.0409921e-05
0,0,1.2395387e-06
0,0,6.6674926e-05
0,0,2.3608007e-05
0,0,5.884088e-07
0,0,0.005056428
0,0,5.16942e-05
1,1,0.99989045
0,0,0.16269964
1,1,0.9999993
1,1,0.61243284
0,0,0.0059590205
0,0,9.436484e-05
0,0,0.025685003
0,0,0.026137382
0,0,1.7925873e-06
0,0,1.5314082e-06
0,0,0.11003755
0,0,0.43917713
0,0,9.259367e-05
0,0,0.00010365752
1,1,0.9999821
0,0,0.20939173
0,0,1.2609964e-05
0,0,0.022492236
0,0,1.7427624e-06
0,0,0.060251415
0,0,8.907184e-05
0,0,0.32931143
1,1,0.99997866
0,0,0.022738546
0,0,0.0032827193
0,0,0.21461722
0,0,3.0686533e-05
0,0,3.5739587e-05
0,0,3.2201586e-07
0,0,0.042333107
0,0,0.00012053912
0,1,0.5394689
0,0,4.238787e-06
1,0,0.41611594
0,0,0.0017342163
0,0,0.16686393
0,0,0.00015780027
0,0,2.3945353e-05
0,0,3.2436867e-06
0,0,0.00011140231
1,1,0.9999728
0,0,0.00020106226
0,0,8.567275e-05
0,0,4.18322e-06
0,0,9.198959e-05
0,0,8.32622e-05
0,0,5.368101e-05
1,1,0.7559675
0,0,0.2935996
0,0,6.9487514e-06
0,0,5.3106112e-05
0,0,0.006754593
0,0,7.199374e-05
0,0,0.00010369133
1,1,0.8915041
0,0,0.0009643069
1,1,0.9999989
0,1,0.55959487
0,0,3.8414324e-05
0,0,4.4722638e-05
0,0,0.17523977
1,1,0.99997187
0,0,0.13325334
0,0,6.692272e-05
0,0,1.5069141e-06
0,0,3.1884103e-06
0,0,8.532135e-06
0,0,3.4174036e-06
0,0,7.323068e-05
0,0,0.0009926448
0,1,0.5797783
0,0,0.35462946
1,1,0.7081908
0,0,0.0019831434
0,0,0.032169193
0,0,0.00013217313
0,0,0.31944752
0,0,4.4958806e-06
0,0,2.636019e-06
0,0,4.5786823e-05
1,1,0.99998426
0,0,1.513251e-05
0,0,0.12212046
0,0,7.764999e-05
0,0,3.0864287e-06
0,0,0.081049114
0,0,0.48463997
0,0,3.4671239e-06
0,0,3.5025725e-05
0,1,0.9302097
0,0,2.5529625e-05
0,0,4.4671062e-05
0,0,8.5503074e-05
0,0,0.022617577
0,0,0.44364753
1,1,0.9999683
0,0,1.0902787e-05
0,0,0.12872455
0,0,1.5332495e-06
0,0,8.092155e-07
0,0,9.675232e-05
0,0,3.8865383e-06
0,0,0.46300235
0,0,2.934275e-05
0,0,6.084878e-07
0,0,2.0974899e-06
0,0,4.1710187e-05
0,0,0.413503
0,0,4.198016e-08
0,0,0.026728336
0,0,0.34984848
0,0,3.9178783e-05
0,0,2.5782514e-05
0,0,4.3315954e-06
0,0,0.32405087
0,0,0.0024201572
0,0,3.42661e-06
0,0,0.039662417
0,0,2.6777445e-07
0,0,1.9497934e-06
1,1,0.9999813
0,0,5.4278084e-05
0,0,0.10748582
0,0,4.225733e-05
0,0,6.3459754e-07
0,0,0.025577856
0,0,2.4459712e-05
0,0,0.03399781
0,1,0.58556455
0,0,0.013393694
0,0,5.4330167e-06
0,1,0.5983656
0,0,5.4418683e-06
0,0,8.4291154e-05
1,1,0.9998228
0,0,7.8509656e-05
0,0,2.653021e-05
0,0,0.0047468375
0,0,0.005260254
0,0,9.050337e-06
0,0,0.019903425
0,0,0.13025686
1,1,0.9999895
0,0,0.1604791
0,0,2.1479299e-07
0,0,9.928036e-05
0,0,1.6995176e-05
1,1,0.5239433
0,0,0.2456163
0,0,3.2193512e-07
0,0,0.07738185
1,1,0.9999994
0,0,0.0045616706
0,0,2.6485643e-05
0,0,4.0778266e-07
0,0,2.2857014e-06
0,0,8.444242e-06
0,0,8.0926175e-06
0,0,9.30302e-06
0,0,7.46753e-07
0,0,9.2074806e-05
0,0,2.8165472e-05
0,0,1.8485837e-06
1,1,0.9999585
0,0,0.35388634
0,0,0.2729039
0,1,0.54914016
0,0,0.014324051
0,0,0.018330531
0,0,2.1555381e-05
0,0,1.9647935e-06
1,0,0.4428657
0,0,1.1288487e-06
0,0,0.45417482
0,0,0.38582882
0,0,8.970243e-05
0,0,1.8787277e-05
0,0,0.22332194
0,0,5.83239e-05
0,0,2.3388442e-05
0,0,3.555927e-05
0,0,0.19381517
0,1,0.8198666
0,0,7.1823015e-06
0,0,3.857022e-05
0,0,0.04995833
0,0,0.31034112
0,0,4.8703434e-05
1,1,0.5754268
0,0,0.000120050485
0,0,2.5256165e-06
0,1,0.68593353
0,0,6.666882e-05
0,0,5.3620184e-05
0,0,0.21762814
0,0,2.4225134e-05
0,0,1.1559047e-05
0,0,3.0884016e-06
1,1,0.99999845
0,0,0.25310415
0,0,0.42982554
0,0,4.3088236e-05
0,0,2.8891041e-05
0,0,4.0098897e-05
0,0,4.8636016e-06
0,0,3.9756293e-07
0,0,4.736762e-05
0,0,7.485081e-06
0,0,1.7072809e-05
1,1,0.99992335
0,0,2.590394e-05
0,0,0.0031477176
0,0,0.0053173145
0,0,3.9460007e-05
0,0,1.1966054e-06
0,0,0.00013161672
0,0,3.347929e-06
1,1,0.99999154
0,0,0.0074661155
0,0,7.865005e-07
0,0,0.08927837
0,0,5.520493e-07
1,1,0.999998
0,0,4.730122e-05
0,0,0.00036156471
0,0,0.07869056
0,0,5.570264e-05
0,0,0.00015586668
0,0,3.8111807e-06
0,0,0.0044921106
0,0,0.18357687
0,1,0.8534132
0,0,0.00010639244
0,0,0.25569114
0,0,2.686892e-07
0,0,7.3017996e-05
0,0,4.2302822e-06
0,0,5.5870165e-05
0,0,0.0007772449
0,0,7.790862e-05
0,0,7.345475e-06
0,0,1.2274928e-05
0,0,2.0679698e-07
0,0,4.3704687e-05
0,0,0.031884238
0,0,1.1393493e-05
0,0,0.040455848
0,0,0.00013318232
0,0,5.7089314e-06
0,0,0.00021077027
0,0,0.16340515
0,0,7.763012e-06
1,1,0.8030097
0,0,0.0154665
0,0,0.004499815
0,0,7.593792e-05
0,0,0.19919257
0,0,1.5224862e-05
0,1,0.8051364
0,0,0.039569147
0,0,5.6379563e-06
0,0,2.147306e-06
0,0,2.9696439e-05
1,1,0.9999821
0,0,0.0001213515
1,1,0.9999883
0,0,5.8552035e-07
0,0,4.4090825e-06
0,0,5.0640083e-05
0,0,4.660679e-05
0,0,0.010045918
0,0,9.17654e-06
0,0,0.35035866
0,0,0.0028782017
0,0,6.13831e-05
0,0,2.769015e-06
0,0,2.5856236e-05
0,1,0.63372797
0,0,7.378431e-06
0,0,8.518241e-06
0,0,0.0010650103
0,0,0.00020068092
0,1,0.7077967
0,0,0.37486207
1,1,0.999985
0,0,1.3966168e-05
0,0,0.0032027073
0,0,0.00019178537
0,0,0.00011620111
0,0,5.342709e-06
0,0,0.034443002
0,0,5.6193003e-05
0,0,9.671229e-05
0,0,0.056801025
0,0,2.1145406e-05
0,0,1.5731774e-06
0,0,0.00011650978
0,0,0.008404755
0,0,0.11881736
0,0,7.280211e-05
0,0,1.3190418e-05
0,0,3.0590727e-05
1,1,0.99997854
0,0,4.3087333e-05
0,0,0.0027091494
0,0,0.4652743
0,0,3.9051224e-06
0,0,1.8023713e-05
1,1,0.99997437
0,0,0.00013854005
0,0,0.027620366
0,0,5.6731926e-05
0,0,0.00015523144
0,1,0.8538289
0,0,1.3389348e-06
0,0,6.0861836e-05
0,0,0.00019076114
0,0,0.49844226
0,0,2.7559163e-06
0,0,9.0236754e-05
0,0,2.0655445e-05
1,0,0.45680818
0,0,4.8188085e-05
0,0,2.713653e-05
0,0,0.4491451
0,1,0.51922864
0,0,4.7447007e-05
0,0,0.29944783
0,0,4.97137e-06
1,1,0.99998534
0,0,0.017742755
1,1,0.9999989
0,0,7.6725905e-07
1,1,0.9999722
1,0,0.32363144
0,0,0.024840655
0,0,0.008202095
0,0,0.0080850795
0,0,9.3410825e-05
1,0,0.3789966
0,0,5.723053e-05
0,0,1.5918333e-05
0,0,0.0049183406
1,1,0.9999993
0,0,5.8532277e-07
0,0,7.683987e-06
0,0,1.942144e-05
1,1,0.99998724
0,0,0.003814137
0,0,0.43027347
0,0,0.067240484
0,1,0.6737525
0,0,2.0339467e-05
0,0,0.03673334
0,0,3.093765e-05
0,0,1.5510684e-06
0,0,5.062955e-05
0,0,2.7518638e-06
0,0,0.030529046
0,0,0.00018106124
0,0,0.101797484
0,0,0.027515888
0,0,2.8969944e-06
0,0,7.167842e-05
0,0,1.8852626e-05
0,0,6.199626e-05
1,1,0.7320079
1,1,0.9999918
0,0,4.978081e-05
0,0,2.884493e-05
0,0,4.891861e-07
0,0,1.8242196e-06
0,0,0.00010340242
0,1,0.5464576
0,1,0.7950885
0,0,0.02388188
0,0,0.013692859
0,0,4.5944413e-05
0,0,7.4787654e-06
0,0,0.00035787394
0,0,4.473684e-05
0,0,0.008175659
0,0,8.279511e-06
0,0,0.102303065
0,0,7.8837337e-07
0,0,0.0012720465
0,0,0.46610448
0,0,0.37193748
0,0,0.07649313
0,0,2.8059146e-06
0,0,1.0889413e-05
0,0,4.253961e-06
0,0,0.00025676936
0,0,0.00012393655
0,0,0.00038312798
0,0,0.011257626
0,1,0.6550224
0,0,0.00011881787
0,0,0.012164726
0,0,0.26064047
0,0,2.3969046e-06
0,0,5.1321185e-05
0,0,7.7940933e-07
0,0,1.1368778e-05
0,0,0.111810714
0,0,0.19585867
0,0,0.04921521
0,0,0.41116056
0,0,0.042604215
0,0,0.020613138
0,0,1.7815722e-05
1,1,0.9998367
0,0,3.243773e-06
1,1,0.9999993
0,0,1.8235645e-05
0,0,0.00078356534
0,0,1.575934e-05
0,0,2.1373407e-05
0,0,0.021505367
0,0,3.913405e-05
0,0,7.584695e-05
0,0,0.00015847596
1,1,0.9999988
0,0,5.10695e-06
0,0,6.265342e-05
0,0,4.7221263e-07
0,0,6.353415e-06
0,0,1.8836201e-05
0,0,2.7489028e-07
0,0,0.019648215
0,0,5.9897866e-05
1,1,0.70743257
0,0,5.666702e-07
1,1,0.99995565
0,0,1.2692343e-05
0,0,0.0002526847
1,1,0.99999905
0,0,6.7513785e-05
0,1,0.81083626
0,0,3.0722727e-05
0,0,0.051453702
0,0,2.6995494e-05
0,0,4.792275e-05
0,0,1.3500203e-05
0,0,1.6519461e-05
1,1,0.9999902
0,0,0.19584611
0,0,0.03021911
0,0,0.00012224054
0,0,1.0910575e-06
0,1,0.8153191
0,0,0.18286382
0,0,1.7639342e-05
0,0,2.7244787e-05
0,0,9.01284e-05
0,0,0.011233343
0,0,1.5790918e-05
1,1,0.99999845
0,0,7.710235e-05
0,1,0.6187628
0,0,1.3463045e-05
1,1,0.99997556
0,0,3.844287e-05
0,0,7.3768395e-05
0,0,3.95609e-06
0,0,8.105787e-05
0,0,1.1926476e-06
1,1,0.999974
0,0,6.966267e-05
0,1,0.8100758
0,0,6.671958e-05
0,0,1.6227718e-06
0,0,3.3623787e-06
0,0,0.44472027
0,0,2.5115482e-05
0,0,0.03315608
0,0,2.4189521e-06
0,0,0.00041342445
0,0,6.251567e-05
0,0,1.7245842e-05
0,0,2.9037603e-05
0,0,8.085798e-06
0,0,1.623969e-05
0,1,0.56292295
0,0,0.0012840733
0,0,6.922936e-05
0,0,0.06463
0,0,5.756303e-06
0,0,1.9116225e-05
0,0,7.194584e-05
0,0,0.17201915
1,0,0.49054408
0,0,9.779832e-07
0,0,6.479128e-05
0,1,0.7492338
0,0,0.0009387544
0,0,0.00014768798
0,0,0.15107521
0,0,0.04189239
0,0,1.8436438e-07
0,0,9.5156145e-05
0,0,5.0454833e-05
1,0,0.063657455
0,0,6.70532e-07
0,0,8.3051025e-05
0,0,1.4284782e-05
0,0,0.055429347
0,0,0.288327
0,0,1.0689279e-05
0,0,1.6855307e-07
0,0,4.0996318e-07
0,0,0.000120657576
0,0,0.0007823011
0,1,0.7438082
0,0,0.020683335
0,0,0.00013277642
0,0,9.384097e-05
0,1,0.6637157
0,0,0.00024757042
0,0,0.10857162
0,0,0.0037279162
0,0,4.075431e-05
0,0,4.848768e-07
0,0,0.017182289
0,0,4.941271e-07
1,1,0.9999571
0,0,6.398704e-05
1,1,0.73852104
0,0,3.7483747e-07
0,0,3.2075e-05
0,0,6.937706e-05
0,0,4.3176216e-05
0,0,0.012411348
0,1,0.7372497
0,0,5.8290047e-05
0,0,0.0032079632
0,0,6.2642124e-05
0,0,0.16803755
0,0,0.000121298974
0,0,5.8732294e-05
0,0,6.519556e-05
0,1,0.51978356
0,0,0.018735662
0,1,0.5094232
0,0,2.1173344e-06
0,0,1.495832e-06
0,0,0.049262095
0,0,3.5691017e-05
0,0,6.223896e-06
0,0,9.87876e-05
0,0,4.1849715e-05
0,0,1.1185759e-05
0,0,0.03855078
0,0,0.044111174
0,1,0.8130784
0,0,2.5597096e-06
0,0,0.42157665
0,0,0.15639508
0,0,0.0008199286
0,0,0.023694076
0,0,2.9805471e-05
0,0,8.91037e-05
0,0,4.303912e-05
0,0,1.9339786e-05
0,0,0.0076960437
0,0,0.06844805
1,1,0.58629334
0,0,0.0017974004
0,0,0.310981
0,0,0.00026909326
0,0,2.4876608e-06
0,0,0.0037508118
0,0,7.34087e-07
0,0,0.000117091055
0,1,0.87377256
1,1,0.73132557
0,0,0.11077572
0,0,6.1544924e-05
0,0,4.8192866e-05
0,0,0.2717197
0,0,2.2278518e-05
0,0,1.0345976e-06
0,0,6.441167e-05
0,1,0.62761056
0,0,6.081293e-05
0,0,1.0807873e-06
1,1,0.9999417
0,1,0.562132
0,0,0.0001459089
0,0,9.2385526e-05
0,0,2.644903e-06
0,0,0.25571668
0,0,5.8493824e-06
0,0,0.03382836
0,0,4.6925845e-05
0,0,0.000119961216
0,0,0.0008854445
0,0,3.975678e-06
0,0,6.8229354e-05
0,0,0.0001097977
0,0,4.9530176e-05
0,0,0.16711852
0,0,0.2988508
0,0,6.0486936e-06
0,0,2.1395412e-05
0,0,0.000128984
0,0,1.8618022e-07
0,0,3.3857716e-06
0,0,0.00072889216
0,0,0.00014557662
0,0,4.604802e-05
0,0,0.043109965
0,1,0.8141801
0,0,0.00014496064
0,0,0.026127182
1,1,0.999749
0,0,0.014495942
0,0,0.000103520906
0,0,0.40688673
0,0,0.011550553
0,0,0.0071503473
0,0,1.4144992e-05
0,0,0.1419285
1,1,0.99999976
0,0,5.3766456e-07
0,0,0.27489614
0,0,0.0004958754
0,0,3.0474464e-05
0,0,4.988845e-05
0,0,0.0030575248
0,0,7.699896e-07
0,1,0.6798748
0,0,1.2647758e-05
0,0,5.4363386e-06
1,1,0.99999845
0,1,0.64484495
0,0,5.404581e-05
0,0,6.599221e-05
0,0,5.369915e-06
0,0,0.17071916
0,0,0.0025964207
0,0,0.00016709305
0,0,0.082795225
0,0,0.09148634
1,1,0.999907
0,0,0.48013327
0,0,1.1727176e-05
0,0,1.4309966e-05
1,1,0.9999949
0,0,9.3980325e-06
0,0,2.298756e-05
0,0,0.036339168
0,0,2.301066e-06
1,1,0.99999905
0,0,2.9966777e-06
0,0,7.10059e-07
0,0,0.018656533
0,0,6.9455906e-05
0,0,2.8725975e-07
0,1,0.6513257
0,0,0.012809673
0,0,4.0016544e-06
0,0,0.0036462934
0,1,0.5164267
0,0,4.1746393e-06
0,0,1.830583e-05
0,1,0.65763533
0,0,6.696469e-07
0,0,1.0974934e-05
0,0,0.3436828
0,0,5.9071954e-05
0,0,0.020697929
0,0,3.1264015e-05
0,0,2.0265536e-06
0,0,0.0068933484
0,0,0.00092396385
0,1,0.6099636
0,0,0.045125186
0,0,4.4744396e-05
0,0,2.926682e-05
0,0,7.024094e-05
0,0,0.4488376
0,0,0.032580547
0,0,0.14785428
0,0,0.009181353
0,0,7.584391e-05
0,0,1.7085498e-05
0,0,6.683216e-05
0,0,0.28129235
0,0,0.00012794265
0,0,9.783064e-05
0,0,5.7548386e-05
0,0,4.2691036e-06
0,0,2.5860378e-05
0,0,3.8184203e-06
0,0,0.38855734
0,0,1.2174538e-05
0,0,0.00044308265
0,0,0.11851477
0,0,9.500174e-05
0,0,0.01617339
0,0,2.0606516e-05
0,0,2.1935024e-07
0,0,0.3605201
0,0,0.00022513025
0,0,3.2687334e-05
0,0,0.36327755
0,0,5.5602017e-05
0,0,0.42217845
0,0,3.7600678e-06
0,0,0.02366158
0,1,0.7901742
0,1,0.5030063
0,0,1.2571844e-06
0,0,1.8007133e-05
0,0,0.095757216
0,0,2.6769841e-05
0,0,0.010432235
0,0,0.00014494777
0,0,0.020999052
0,0,4.5948746e-06
0,0,0.21885164
0,0,0.026250657
0,0,2.537226e-06
0,1,0.64055896
0,1,0.85894763
0,0,7.568872e-05
0,0,0.0013728746
0,0,5.0902327e-06
0,0,7.6695585e-05
1,1,0.99999905
0,0,1.4399536e-06
0,0,1.2603304e-05
0,0,0.000350822
0,0,1.019689e-06
0,0,0.00042958444
0,0,0.0031038327
0,1,0.83442116
0,0,6.798729e-05
0,0,0.027163478
0,1,0.96584606
0,0,0.016214512
0,0,3.894553e-07
0,0,0.0053069466
0,0,1.8433748e-05
0,0,3.0615884e-05
0,0,0.17937104
0,0,4.0104365e-05
0,0,2.6597e-07
0,0,7.525187e-05
0,0,9.994555e-06
0,0,8.1771705e-06
0,0,0.014251999
0,0,0.0066058645
1,1,0.9999995
0,0,0.021072317
0,0,0.106355965
0,0,4.271927e-05
0,0,0.012295829
0,0,0.00668135
0,0,0.47434857
0,0,3.5841615e-06
0,0,2.4035013e-05
0,1,0.7249613
0,0,0.01670428
1,1,0.99996054
0,0,7.939242e-06
0,0,2.7980877e-06
0,1,0.5384016
0,0,4.1320145e-05
0,0,4.9220256e-05
0,0,4.0118863e-05
0,0,6.0746508e-05
0,0,0.15986419
0,0,7.656098e-05
0,0,4.87579e-05
0,0,1.2203623e-06
0,0,0.16791883
0,0,3.5055265e-05
0,0,7.3367755e-07
1,1,0.999488
0,0,0.1180442
0,0,0.016417703
0,0,0.003737655
0,1,0.6902843
0,0,4.7588706e-05
0,0,0.00011073286
0,0,7.4306713e-06
1,1,0.99998534
0,1,0.53241396
0,0,0.095208645
0,1,0.83788115
0,0,6.3367006e-05
1,1,0.99994326
0,0,0.33861595
1,1,0.99997807
0,0,4.421368e-05
0,0,1.6447042e-06
0,0,0.0039369273
0,0,1.1820601e-06
0,0,2.5908804e-07
0,0,4.506221e-06
0,0,4.3598684e-06
0,0,7.595176e-05
0,0,1.6706026e-05
0,0,0.027898723
1,0,0.39957762
0,1,0.6408
0,0,0.48807457
0,0,0.13231197
0,0,4.1308617e-06
0,0,0.00024712048
0,0,0.025620682
0,0,0.016014053
0,0,7.466096e-05
0,0,0.014257011
0,0,0.0003745922
0,1,0.6672122
0,0,0.3448632
0,1,0.92763317
0,0,3.3823173e-05
0,0,7.479957e-06
0,1,0.6636974
0,0,2.9636417e-06
0,0,0.23507187
0,0,3.983868e-05
1,0,0.040044434
0,0,2.5470143e-05
0,0,1.8889416e-06
0,0,3.3727292e-06
0,0,0.18916056
0,0,0.00025676985
0,0,7.104423e-06
0,0,5.479801e-05
0,0,1.5326385e-05
0,0,1.824201e-05
1,1,0.9999641
0,1,0.84565914
0,0,4.317177e-05
0,0,3.8273674e-06
0,0,0.02529671
0,0,5.597636e-06
0,0,7.993838e-05
0,0,0.22839539
0,1,0.59576005
1,1,0.75286376
1,0,0.4758931
0,0,7.6543176e-05
0,0,0.00026344068
0,0,7.807074e-05
0,0,3.3391058e-05
0,0,3.1617183e-05
0,0,1.3967686e-05
0,0,1.2985026e-06
0,0,2.136982e-05
0,0,0.42739177
0,1,0.71068734
0,0,7.679335e-05
0,0,4.1617537e-07
0,0,1.0108697e-07
0,0,1.0464573e-05
0,0,0.00018664084
0,0,6.3288375e-05
0,0,3.2834623e-06
0,0,1.451578e-05
0,0,0.27396208
0,0,7.8662515e-06
0,0,0.02379459
0,0,6.211491e-05
0,0,2.5235693e-05
1,1,0.9999746
0,0,0.27732086
1,1,0.9999994
1,1,0.9999846
0,0,0.00064500066
0,1,0.7079682
0,0,0.2084398
0,0,5.033949e-05
0,0,0.010674846
0,0,4.3061533e-05
0,0,9.846435e-05
0,0,2.2777438e-06
0,0,0.06058218
0,0,0.05633499
0,1,0.7566419
0,0,0.40573427
0,0,2.534943e-06
0,0,0.004964869
0,0,3.960096e-05
1,1,0.7720159
0,0,4.068095e-06
0,0,5.038574e-05
0,0,0.107480235
1,1,0.6200281
0,1,0.7002848
0,0,8.459756e-08
1,1,0.9999659
0,0,1.3801965e-06
0,0,4.3252126e-05
0,0,1.1392495e-06
0,0,0.007436224
1,1,0.9999981
0,0,2.9155615e-05
0,0,2.658058e-05
0,0,8.8946894e-05
0,1,0.658443
0,0,0.062279608
0,0,0.0019306496
0,0,0.00011358823
0,0,2.7174623e-05
0,0,5.555991e-07
0,0,0.000131785
0,1,0.7753292
0,0,9.3153925e-05
0,0,1.3555134e-05
0,0,3.437788e-05
0,0,0.1252472
0,0,4.2174754e-05
0,0,0.067533255
0,0,5.3911685e-06
0,0,0.02507906
0,0,2.94399e-05
1,1,0.9999397
0,0,0.11265016
0,0,0.009207121
0,0,7.441283e-05
0,0,8.549163e-07
0,0,3.039529e-06
0,0,0.029487245
0,0,0.20512636
0,0,3.2834043e-05
1,1,0.59490156
0,0,0.003843037
0,0,0.03904247
0,0,6.555435e-05
0,0,0.000113254355
0,0,7.839258e-05
0,0,3.5036115e-05
0,0,8.6082786e-05
0,0,0.011682556
0,0,0.06238121
0,0,2.9038129e-05
0,0,2.1634649e-05
1,1,0.99999416
0,0,0.00015586668
0,0,3.3857716e-06
0,0,3.2651856e-06
0,0,6.0786435e-05
0,0,1.3791729e-06
0,0,3.8759595e-06
0,0,9.605359e-06
0,0,0.40378428
0,0,6.9088484e-05
0,0,0.15640384
0,0,0.45239186
0,0,2.282299e-05
0,0,3.8878766e-06
0,1,0.573261
0,0,0.41868037
0,0,0.15009838
0,0,0.000110414
0,0,4.8472226e-05
0,0,6.7969464e-05
0,0,1.6733004e-05
0,0,5.5451423e-05
0,0,0.00020346268
0,0,0.0039563673
0,0,7.647955e-05
0,0,0.05736151
0,0,0.00049611967
0,0,0.00017212801
0,0,8.974161e-05
0,0,4.3564023e-06
0,0,0.40542632
0,0,5.317641e-07
0,0,5.0013623e-06
0,0,1.8732193e-05
0,0,9.97374e-06
0,1,0.7042617
1,1,0.9999995
1,1,0.9999814
0,0,0.024389159
0,0,2.0548975e-06
1,1,0.99998915
0,0,9.0517795e-05
0,0,0.45323482
0,0,1.0156108e-05
0,0,2.013409e-05
0,0,0.00019886148
0,0,0.0002896683
0,0,1.7564712e-06
0,0,0.013418618
0,0,7.1417926e-05
0,0,7.9826384e-07
0,0,0.0039674467
0,0,8.955858e-05
0,0,0.01830849
0,0,0.018936813
0,0,0.06096952
0,0,0.0016502261
0,0,1.6578916e-06
0,0,4.5164896e-07
0,0,0.4057872
0,0,0.3617894
0,0,0.34224313
0,0,0.20267943
0,0,0.00016698141
0,0,0.07519709
0,0,0.0049144104
0,0,0.35195553
0,0,0.04907664
0,0,5.544693e-05
0,0,0.21127957
0,0,0.17805895
0,0,2.2848275e-05
0,0,0.18818659
0,0,3.029556e-05
0,0,7.185464e-05
0,0,0.00073207624
0,1,0.6812663
0,0,0.3344168
1,1,0.9999362
1,1,0.99993944
0,1,0.6247602
0,0,0.34375653
1,1,0.99997497
0,0,0.075586036
0,0,0.15392026
0,0,8.274767e-06
0,0,2.692546e-05
1,1,0.99996173
0,1,0.57848454
0,0,3.2121065e-05
0,0,0.051797673
0,0,0.007756799
0,0,0.00014295147
0,0,2.0028215e-06
0,0,3.8377297e-07
0,0,5.7133522e-05
0,0,6.0092156e-05
0,0,3.0340463e-05
0,0,2.4255394e-05
0,0,3.777539e-07
0,0,5.6811346e-06
0,0,6.364188e-07
0,0,3.887795e-06
0,0,4.7496807e-05
0,0,8.958762e-06
0,0,0.08626359
0,0,2.924924e-05
0,0,6.948605e-05
0,0,0.034314666
0,0,9.844971e-05
0,0,4.947192e-05
0,0,0.00046626947
0,0,1.9429759e-05
0,0,6.387537e-07
0,0,0.014094173
0,0,2.4539538e-06
0,0,8.958762e-06
0,0,3.8099435e-05
0,0,2.3427798e-05
1,0,0.28658772
0,0,0.005193257
0,0,2.556015e-05
0,0,0.26569024
0,0,0.09688981
0,0,2.5012466e-06
0,0,4.1098854e-05
0,1,0.7222942
0,0,5.498805e-06
0,0,3.198919e-05
0,0,0.004991611
0,0,0.002321015
0,0,4.3860414e-06
0,0,0.00012801209
0,0,0.42000094
0,0,0.0014246588
0,0,3.8098457e-05
0,0,0.17429112
0,0,0.0127450805
0,0,6.704567e-06
0,0,1.4655632e-06
1,1,0.99974805
0,0,0.02095007
0,0,0.05013119
0,1,0.5898133
0,0,1.1251804e-05
0,0,0.00017967523
0,0,0.00968206
0,0,1.1508143e-05
0,0,7.7901335e-05
0,0,4.5580673e-05
0,0,7.808111e-06
0,0,0.00012939026
0,0,0.006239657
0,0,4.9207392e-06
0,0,1.8409153e-05
0,1,0.836719
0,0,0.035101224
0,0,1.29332475e-05
1,1,0.9999995
0,0,0.41923347
0,0,0.045579057
0,0,0.07443964
0,0,3.1062586e-07
0,0,4.2290667e-05
0,0,9.137287e-07
0,0,6.7538575e-05
0,0,0.00014509988
0,0,8.6672786e-05
1,1,0.746851
0,0,4.1199223e-07
0,0,4.8824106e-05
0,0,6.0434093e-05
0,0,0.0011583301
0,0,0.14934285
0,0,0.0001569038
0,0,0.0056223553
0,1,0.51136535
0,0,1.0564757e-05
0,0,2.5642003e-06
0,0,0.01313184
0,0,6.9366547e-07
0,0,9.606564e-07
0,0,1.4740463e-06
0,0,1.403913e-06
0,0,6.913093e-05
0,0,4.602874e-06
1,0,0.44256738
0,0,1.0662828e-05
0,0,3.2215183e-05
0,0,0.31292155
0,0,1.3758253e-07
0,0,1.7064812e-07
0,0,2.9276012e-07
0,0,5.56697e-07
0,0,0.003347005
0,0,7.671482e-05
0,0,0.0003811938
1,1,0.9999516
0,0,0.00056733895
0,0,0.26760787
0,1,0.5848101
0,0,5.848949e-05
0,0,5.438444e-06
0,0,1.8830548e-06
0,1,0.5418479
0,0,1.9740849e-06
0,0,6.2777815e-07
0,0,0.0087188035
0,1,0.84475243
0,0,2.0911546e-06
0,0,0.1427549
0,1,0.85016716
0,0,3.7215392e-07
0,0,0.00010613921
0,0,3.5003304e-06
0,0,2.0939963e-06
0,0,9.6473545e-05
0,0,0.0076001417
0,0,0.028179634
0,0,3.6015952e-06
0,0,0.16980748
0,0,0.07624951
0,0,1.6438466e-05
0,0,1.4083503e-06
0,0,0.000180527
0,0,0.29107517
0,0,0.0029239808
0,0,0.00012713102
0,0,9.1730915e-05
0,0,0.0069633964
0,0,6.07851e-05
1,1,0.8799699
0,0,0.0023838175
0,0,0.0001492014
0,0,0.277436
0,0,1.4945301e-06
0,1,0.52039313
0,0,1.0716011e-05
1,1,0.99999857
0,0,2.7289989e-06
0,0,7.4904904e-07
0,0,5.820261e-05
0,0,1.5074853e-05
0,0,1.7553977e-05
0,0,0.15978636
0,0,0.00034660994
1,1,0.9999993
0,0,3.291926e-05
0,0,9.064356e-05
0,0,0.00014025258
0,0,3.144081e-06
0,0,2.6355505e-05
0,0,0.003674387
0,0,0.00019738179
0,1,0.8183331
0,0,5.5355213e-05
0,0,0.07926917
1,1,0.99997604
1,1,0.99994373
0,0,0.00010361019
0,0,0.25701573
0,0,0.0035000343
0,0,2.6256494e-06
0,0,3.971229e-06
0,0,5.155096e-07
0,0,0.010456971
0,0,0.00013061016
0,0,0.00014515122
0,0,0.0001453949
0,0,0.36763993
0,0,0.00087324367
0,0,0.0013280533
0,0,0.21182834
0,0,0.00021202378
0,0,4.07697e-05
0,0,0.012718438
0,0,4.3289925e-05
0,0,2.382556e-06
0,0,6.553066e-05
0,0,6.760379e-07
0,0,0.01170745
0,0,0.38203722
0,0,4.768385e-06
0,0,0.26158994
0,0,0.00011872377
0,0,8.682442e-05
0,0,2.0118063e-05
0,0,5.5846776e-05
0,0,0.00016476023
0,0,0.30279306
0,0,4.0460738e-05
0,0,0.06327901
0,1,0.5009701
0,0,8.628327e-07
0,1,0.79307574
0,0,3.6987635e-06
0,0,9.047801e-05
0,0,2.2244114e-06
0,0,1.9897514e-05
0,0,0.13062912
0,0,0.31526724
0,0,6.6366447e-06
0,0,4.266931e-05
0,0,1.5338857e-06
0,0,0.2136974
0,0,5.4114967e-05
0,0,0.00017284624
0,0,0.0032804406
0,0,5.8013986e-05
0,0,2.7489028e-07
1,1,0.70358694
0,0,4.896497e-05
0,0,4.5786823e-05
1,1,0.99999905
0,0,4.7391484e-07
0,0,0.01866179
0,0,3.487708e-06
0,0,0.0042612706
0,0,0.23340458
0,0,0.00012442595
1,1,0.5691152
0,0,2.6720509e-06
0,0,7.1673708e-06
0,0,0.0015508891
0,1,0.72361684
0,0,0.37658796
0,0,3.2667056e-06
0,0,2.7202161e-06
0,0,0.4977192
0,0,1.4016156e-07
1,1,0.99999857
0,0,5.078957e-05
0,1,0.75698966
0,0,2.7678295e-06
0,0,0.4165425
0,0,9.480605e-08
0,0,7.6534925e-05
0,0,0.3840705
0,0,9.0563635e-06
0,0,1.2348146e-06
0,0,1.5417965e-06
0,1,0.68274635
1,1,0.9999738
0,1,0.57591236
0,0,6.144389e-05
0,0,4.942269e-05
0,0,6.9620437e-06
0,0,2.274835e-06
0,0,6.2670086e-05
0,0,3.9894265e-05
0,0,1.1784723e-05
0,0,0.0074852733
0,0,6.69784e-05
0,0,8.481727e-05
0,0,0.43518344
0,0,9.351875e-05
0,0,0.050461426
0,0,3.3917345e-06
0,0,5.4477154e-05
0,0,0.1395147
0,0,6.871319e-05
0,0,6.9204793e-07
0,0,0.099943794
0,0,0.016963547
0,0,2.823456e-05
0,0,2.0600817e-05
0,0,0.02134983
0,0,8.477882e-06
0,0,4.5409168e-05
0,0,0.3934182
0,0,2.9484572e-05
0,0,2.3969046e-06
0,0,2.8626906e-05
0,0,1.9704095e-05
0,0,0.00010544113
0,0,0.46699235
0,0,0.018316876
0,0,1.9075223e-06
0,0,6.9385004e-07
0,1,0.74672997
0,0,4.9826476e-06
0,0,2.6098494e-06
0,0,0.016237888
0,0,4.6127348e-06
0,0,0.42511564
0,0,1.9882586e-05
0,0,0.08522844
0,0,0.0001258466
0,1,0.8136943
0,0,0.09915682
0,0,8.067123e-05
0,0,0.02211578
0,0,0.14114964
0,0,0.033706922
0,0,4.858187e-06
1,1,0.999987
0,0,9.501913e-05
0,1,0.5140103
0,0,2.7678295e-06
0,0,6.743207e-05
0,0,0.000119883116
0,0,2.8435139e-05
0,0,1.4186534e-05
0,1,0.5022207
0,0,0.1957789
1,1,0.99999475
0,0,0.0042927894
0,0,3.0310534e-06
0,0,2.8706233e-07
0,0,3.292485e-05
0,0,1.24249145e-05
0,0,9.445289e-07
0,1,0.55099666
0,0,7.065565e-06
0,1,0.81126726
0,1,0.6353454
0,0,0.2854236
0,0,8.77623e-05
1,1,0.99997735
0,0,0.15336908
0,0,1.4801084e-05
1,1,0.9998715
0,1,0.51243186
0,0,7.7134486e-05
0,0,0.00046906882
0,0,0.015557862
0,0,0.1219559
0,0,0.09764101
0,0,0.04917377
1,1,0.6210639
0,1,0.6818177
0,0,8.938522e-05
0,1,0.57730496
0,0,1.3994081e-06
0,0,3.9277842e-05
0,0,6.0684954e-07
0,0,2.7018286e-06
0,0,3.2587017e-05
0,1,0.7905619
0,0,5.6099416e-05
0,0,2.1090265e-05
0,0,0.37160116
0,0,0.3009249
0,0,5.4451702e-05
0,0,0.44483572
0,0,1.5654341e-06
0,0,0.019944208
0,0,0.20638356
0,0,0.008936536
0,0,4.3458687e-05
0,0,6.7969464e-05
0,0,0.00019894265
0,0,5.8247892e-06
0,0,0.004838696
1,1,0.9999802
0,0,3.53365e-05
0,0,2.0679698e-07
0,1,0.54163986
0,0,0.00011136333
0,0,1.9754181e-05
0,0,0.007544124
0,0,0.08002234
0,0,0.045526367
1,1,0.9999732
0,0,0.0025227114
0,0,0.0001366565
0,0,0.36215064
0,0,3.0175986e-05
0,0,0.00015122323
0,0,3.8548485e-05
0,1,0.7148187
0,0,3.3170352e-05
0,0,2.8883656e-07
0,0,0.0001050253
1,1,0.60355514
0,1,0.6385024
0,0,1.2234573e-05
0,0,5.9596692e-05
0,0,2.9501587e-05
0,0,1.0661456e-05
0,0,0.022650935
0,0,4.927168e-05
0,0,2.1788198e-06
0,0,3.3962187e-05
0,0,7.3609863e-06
0,0,0.015795713
0,0,0.00012360502
0,0,0.051695
0,0,3.4351237e-05
1,1,0.9999677
0,1,0.8422156
1,1,0.99996364
0,0,0.035109695
0,0,0.0049871653
0,0,1.1866798e-06
0,1,0.5640862
0,0,7.821085e-06
0,0,0.019209808
0,0,2.9888574e-06
0,0,8.719559e-07
0,0,0.00011243098
0,0,0.018493762
0,0,3.2503629e-06
0,0,7.3097624e-05
0,0,1.2987529e-06
0,0,9.369864e-07
0,0,0.015328895
0,0,0.098308295
0,0,4.5460646e-07
0,0,0.12676884
0,0,0.37821406
0,0,0.0021490813
0,0,0.03997687
0,0,0.19649
0,0,2.8584907e-06
0,0,2.7452339e-05
0,0,2.8411023e-06
1,1,0.9999051
0,0,6.581517e-05
0,0,0.00016054322
0,0,4.055979e-05
0,0,0.00010288468
0,1,0.5246473
1,1,0.6501209
0,0,4.463746e-05
0,0,1.693441e-05
0,0,0.0001424218
0,1,0.57916015
1,1,0.9999783
1,1,0.999987
0,0,1.3246779e-06
0,0,6.14892e-05
1,1,0.878722
0,0,2.96913e-06
0,0,3.6919373e-06
0,0,3.3335916e-06
0,0,8.208103e-05
1,1,0.9999981
0,0,3.400722e-06
0,0,0.31277308
0,1,0.5058586
0,0,2.8648754e-05
1,0,0.27187324
0,0,0.061705843
0,0,6.379573e-05
0,0,0.017999744
0,0,3.3041135e-05
0,0,0.00036965235
0,0,0.00067065976
0,0,2.4134282e-05
0,0,6.3419193e-06
0,0,0.4521866
0,1,0.57080555
0,0,6.3782354e-05
0,0,1.3319593e-06
0,0,3.2860999e-06
0,1,0.71706146
0,0,5.308434e-05
0,0,0.073337205
0,0,6.931385e-05
0,1,0.5560594
1,1,0.99995565
0,0,4.9006263e-05
0,0,0.004519668
0,0,1.6117861e-05
0,0,5.6116587e-05
0,0,9.147079e-05
0,0,3.131786e-07
0,0,0.015206498
1,1,0.9999999
1,1,0.52092516
0,0,0.010022664
0,0,1.0587364e-06
0,0,0.01693736
0,0,2.2669042e-06
0,0,0.097105384
0,0,1.6294293e-06
0,0,0.00025937406
0,0,2.9947987e-05
0,0,1.4731534e-05
0,1,0.55765355
0,0,0.009775625
0,0,3.9397472e-07
0,0,0.20781454
0,1,0.57367784
0,0,0.00020173898
0,0,0.34890196
0,0,3.1386495e-05
0,0,5.236352e-07
0,0,3.5886926e-05
0,0,0.00035469883
0,0,8.717499e-06
0,0,0.00010596334
0,0,1.322137e-07
0,0,5.709289e-05
0,0,0.29588437
0,0,8.5336005e-06
0,0,1.9292738e-05
0,0,0.056073338
0,0,0.024600493
0,0,4.6067787e-05
0,0,0.39807102
0,0,0.014911371
0,0,2.4738727e-06
1,1,0.99999917
0,0,0.0013026586
0,0,2.988655e-06
0,1,0.65373915
0,0,0.011531986
0,0,0.00026650913
0,0,2.9410548e-05
0,0,2.3984e-05
0,0,6.6100906e-06
0,0,0.42456284
0,0,0.24671869
0,0,3.680778e-05
0,0,0.011756267
0,0,0.013463354
1,1,0.99998987
0,0,0.00021219831
0,0,5.688675e-05
0,0,7.7705394e-05
0,0,9.637737e-05
0,0,2.0266589e-05
0,0,0.029047772
0,0,1.7503593e-05
0,0,0.3119515
0,0,0.06392056
0,0,0.42350346
0,0,0.3836598
0,0,0.34628424
0,0,0.11316414
0,0,0.037872754
0,0,0.117765576
0,0,0.026941996
0,0,1.6680187e-05
0,0,1.4994868e-07
0,1,0.60480744
0,0,7.497544e-07
0,0,3.1224088e-05
0,1,0.625692
0,0,0.0032212348
0,0,7.7433324e-05
0,0,3.5132507e-05
0,0,2.578989e-05
0,0,6.123664e-05
0,0,1.4515006e-06
0,0,4.7080706e-05
0,0,6.7007426e-07
0,0,6.317092e-05
0,0,0.08963315
0,0,0.00016602025
0,0,8.370266e-07
0,0,2.3612074e-06
0,0,3.2475553e-05
0,0,0.00013144703
0,0,4.4475027e-07
0,0,0.02217043
1,1,0.999992
0,0,7.798985e-07
0,0,0.46015018
0,0,4.413609e-06
1,1,0.6736056
0,0,0.006233675
0,0,1.3870798e-05
0,0,1.07159085e-05
0,0,6.0029734e-06
0,0,0.012545197
0,0,5.477104e-07
0,0,8.942955e-05
0,1,0.7537304
0,0,0.00047409828
0,0,8.421474e-06
0,0,1.1993656e-06
0,0,1.8885232e-05
0,0,0.00012839033
0,0,1.3926476e-06
0,0,0.002370722
0,0,0.3270619
1,1,0.999982
0,0,6.695877e-06
0,0,2.0460275e-06
0,0,0.11306106
0,0,3.0399347e-06
0,0,5.8728588e-06
0,0,0.0058036735
0,0,1.639233e-07
0,0,6.325218e-05
0,0,2.329645e-06
0,0,0.2454044
1,1,0.9999721
0,0,1.9786328e-06
0,0,0.3601086
0,0,0.03314226
0,0,0.016421407
0,0,0.00021476627
0,0,0.08017242
0,0,2.3439827e-07
0,0,2.1518324e-06
0,0,4.9415907e-05
0,0,9.426925e-08
0,0,2.463382e-06
0,0,6.38541e-05
0,0,3.024784e-05
1,1,0.99991906
0,0,1.1011017e-06
0,0,1.3124052e-06
0,0,1.446236e-05
0,0,3.1313066e-05
0,0,0.12714873
0,0,3.6846247e-06
0,0,1.9357461e-05
1,1,0.9999869
0,0,5.2341038e-05
0,0,0.00014406274
0,0,7.219972e-05
0,0,3.7443017e-06
1,1,0.999982
0,0,2.1858541e-05
0,0,4.6137293e-06
0,0,3.452935e-06
0,0,0.15555282
0,0,0.0007771779
1,1,0.9999945
0,0,7.36912e-05
0,1,0.5580299
0,1,0.7041169
0,0,2.1639436e-05
0,0,0.011815999
1,1,0.999972
0,0,9.08718e-06
0,0,4.504713e-05
0,0,0.008603521
1,1,0.9999988
0,0,1.4972098e-05
0,0,0.21164054
0,0,1.2786919e-06
0,0,0.00012539106
0,0,3.220882e-06
0,0,0.018095946
0,0,2.8569959e-05
0,0,4.868381e-06
0,0,0.037741773
1,1,0.9999833
0,0,4.0769235e-05
0,0,1.7988054e-06
0,1,0.6636851
0,1,0.8778677
0,0,2.4948786e-06
0,1,0.72581536
0,0,8.356332e-07
1,1,0.99999857
0,0,0.060131893
0,0,0.37144205
0,0,0.022041488
0,1,0.87393457
0,0,9.620289e-07
0,0,2.1520705e-06
0,0,0.003785954
0,0,0.41739503
0,0,1.2844698e-05
0,1,0.55003333
0,0,0.03871069
0,0,0.041348867
1,0,0.24136329
0,0,8.917549e-06
0,0,0.11346196
0,0,1.7991556e-06
0,0,0.19827417
1,1,0.73022586
0,0,8.8342924e-05
0,0,0.32837754
0,0,0.02459054
0,0,2.2649895e-06
0,0,0.20662223
0,0,0.0002766304
0,0,1.1608948e-05
0,0,0.00023102092
0,0,0.35692352
0,0,0.0005662755
0,0,0.1860053
0,0,4.10783e-08
0,0,7.4185987e-06
0,0,1.3574748e-06
0,0,0.004000654
0,0,0.13764462
0,0,8.1334365e-05
0,0,2.7615715e-05
1,1,0.999972
0,0,4.7998615e-06
0,0,0.16529053
0,0,9.583107e-06
0,0,1.249301e-06
1,1,0.99997747
0,0,4.328858e-06
0,0,0.16715774
0,0,0.15720788
0,0,7.725985e-05
0,0,3.317285e-05
0,0,2.4845622e-05
0,0,0.3286954
0,0,0.29278395
0,0,0.010810659
0,0,0.01547744
0,0,4.61788e-05
0,0,5.900586e-06
1,1,0.9999609
0,0,2.0492344e-05
0,0,0.01389696
0,0,7.022612e-07
0,0,7.7705175e-05
0,0,0.020064052
0,0,3.452306e-05
0,0,0.00037417727
0,0,0.020585839
0,0,9.683041e-05
0,1,0.56162745
0,0,0.00017763738
0,0,0.29634508
0,0,0.05966219
0,0,0.0017187315
1,1,0.9999906
0,0,0.27307996
0,0,0.0001691175
0,0,1.4544712e-05
0,0,0.11468769
0,0,8.322791e-05
0,0,6.2619006e-07
0,0,9.319e-08
0,0,5.7372712e-05
0,0,5.4068364e-06
0,0,6.294343e-06
0,0,2.9276787e-06
0,0,9.17976e-06
0,0,3.1385207e-06
0,0,1.6549754e-06
0,0,0.016166337
0,0,3.3929493e-05
0,0,0.048256103
0,1,0.66658837
0,0,2.7008346e-05
0,0,4.2495535e-06
0,0,0.11858359
0,0,0.00021825016
0,0,1.802612e-05
0,1,0.5233162
0,0,1.3060204e-05
0,0,0.407903
0,0,0.00845074
0,0,0.049848206
0,1,0.63946927
0,1,0.78376305
0,0,6.2109575e-05
0,0,7.291842e-05
0,1,0.9022109
0,0,0.039583877
1,1,0.9999993
0,0,4.6528253e-06
0,0,1.611672e-06
1,0,0.008767075
0,0,7.888789e-05
0,0,6.460681e-07
0,0,0.014936762
0,0,0.38350928
1,1,0.99996626
0,0,6.449139e-05
0,0,0.22353244
0,0,0.34092593
0,0,0.14508109
0,0,1.6515587e-05
0,1,0.730098
0,0,0.48514393
0,0,0.061734818
0,0,1.4070256e-05
0,0,3.193785e-06
0,0,0.002700981
0,0,2.4707958e-06
0,0,6.243467e-06
0,0,6.331296e-06
1,1,0.9999529
0,0,0.0026442937
0,0,1.0805847e-05
0,0,0.021744408
0,0,2.5096233e-05
0,0,0.00030275367
0,0,5.1575724e-05
0,0,1.1017761e-06
0,0,7.254521e-05
0,0,7.87622e-06
0,0,0.0013299887
0,0,5.065492e-06
0,0,0.19108938
1,1,0.9999994
0,0,0.00019378476
0,0,0.0036646817
0,0,0.0015469107
0,0,9.0010155e-07
0,0,0.104876615
0,0,0.017525258
0,0,1.5629486e-05
0,0,3.1037973e-05
0,0,8.643987e-06
0,0,3.749161e-06
0,0,0.23375691
0,0,0.012531619
0,0,3.9568495e-05
0,0,0.06276423
0,0,0.00010083383
0,0,4.8825783e-05
0,0,2.7068425e-05
1,1,0.9999763
0,0,0.0001319067
0,0,1.2258714e-06
0,0,2.8744776e-07
0,0,1.3681217e-06
0,0,8.055069e-05
0,0,3.7823294e-05
0,1,0.5353259
0,0,0.046834357
0,0,4.8467744e-05
1,1,0.58428586
0,1,0.80173194
0,1,0.60196936
0,0,0.047188424
1,1,0.9999994
0,0,3.6307094e-05
0,0,5.001649e-07
0,0,0.009061188
0,0,0.082694866
0,0,7.137563e-06
0,0,0.0003646151
0,0,5.826887e-05
0,0,3.0247643e-06
0,1,0.8605342
0,0,4.5836528e-06
0,0,2.8071083e-06
0,0,0.022334967
0,0,1.5938786e-06
0,0,2.5269026e-07
0,0,5.26315e-06
0,0,5.5317323e-05
0,0,8.0797414e-05
0,0,2.048601e-06
0,0,9.211234e-06
0,0,0.030684212
0,0,1.6371363e-06
0,0,6.728061e-05
0,0,8.686147e-08
0,0,0.13448398
0,1,0.9506367
0,0,0.008029347
0,0,1.1496976e-05
0,0,0.0014684476
0,0,0.00025745525
0,0,2.1796697e-05
0,0,8.564179e-05
0,0,3.855643e-05
0,0,9.072701e-05
0,1,0.81568885
0,1,0.805676
0,0,1.0609236e-06
0,0,4.169249e-05
0,0,4.1849715e-05
0,0,0.000186604
0,0,4.3441985e-05
0,0,0.0076293754
0,0,8.949438e-05
0,0,1.3574748e-06
0,0,8.1813545e-05
0,0,1.13003416e-07
0,0,0.1284461
0,0,5.1680945e-06
0,0,2.9570447e-07
0,0,5.2993502e-05
0,1,0.5945532
1,1,0.99999905
0,0,0.45994604
1,1,0.9999807
0,0,7.07673e-05
0,0,1.2004416e-05
1,1,0.9999993
0,0,7.437288e-05
1,1,0.999984
0,0,0.0040782485
0,0,3.3728797e-05
0,0,4.0527502e-05
0,0,8.980573e-05
0,0,0.3682276
0,0,0.00071227795
0,1,0.6275248
0,1,0.7781815
0,0,3.1107727e-05
0,0,0.10874159
0,0,2.3477753e-06
0,0,0.00013194255
0,1,0.66132766
0,0,1.093908e-06
0,0,0.00050131854
0,0,1.0612713e-05
0,0,0.12683462
1,1,0.9279007
0,0,9.6241994e-05
1,1,0.9999974
0,0,1.912515e-06
1,0,0.05219888
0,0,0.15821515
0,0,1.3046371e-06
0,0,1.6397193e-05
0,0,6.758039e-07
0,0,0.0018922106
1,0,0.33393428
0,1,0.6062948
0,0,4.238787e-06
0,0,0.00081226137
0,0,0.228587
1,1,0.9999975
0,0,7.5906287e-06
0,0,0.00012663519
0,0,3.4189543e-07
0,0,6.6031425e-05
0,0,2.3666294e-06
0,1,0.6320639
0,0,1.5526133e-05
0,1,0.5257206
0,0,6.0607985e-05
0,0,0.09568286
0,0,5.1198294e-05
0,0,0.3988215
0,0,4.2773772e-05
1,1,0.9999864
0,0,0.22420415
0,0,0.041831315
0,0,1.3344653e-05
0,0,0.17030534
0,0,0.00082956627
0,0,0.02454393
0,0,0.0001565547
0,0,4.2333115e-05
0,0,0.27480623
0,1,0.5818804
0,0,0.44407055
0,0,1.1680124e-06
0,0,0.08685448
1,1,0.99997044
0,0,0.00013481204
0,0,5.9768736e-06
0,0,0.0012782466
0,0,9.710834e-07
0,0,3.7969019e-06
0,1,0.74136573
0,0,0.01426714
0,0,1.7434108e-05
0,0,1.9986872e-07
0,0,0.25916642
0,0,3.3224682e-05
0,0,0.008735283
0,0,2.483861e-05
0,0,4.0015617e-05
0,0,1.5731246e-05
1,1,0.59612966
0,0,3.6990692e-05
0,0,0.28914323
0,0,3.1034535e-06
0,0,7.919557e-05
0,0,5.8918926e-05
0,0,3.866107e-07
