Actual,Predicted,Probability
0,0,0.30885187
0,0,0.27266264
0,0,0.0065443716
0,1,0.54680645
0,0,0.053730506
0,1,0.5986985
0,0,0.19976647
0,0,0.1649292
0,1,0.5377523
0,0,0.005085313
0,0,0.20172293
0,0,0.28198403
0,0,0.45747134
0,0,0.0051867818
0,0,0.4220101
0,0,0.05524888
0,0,0.0755399
0,0,0.016944142
0,0,0.021122135
0,0,0.0035687299
1,1,0.62075996
0,0,0.018333456
0,0,0.05302175
0,0,0.24341922
0,0,0.35410395
0,1,0.8510119
0,1,0.8363204
0,0,0.08596542
0,0,0.01038483
1,1,0.7579818
0,0,0.07548393
0,0,0.019165155
0,1,0.5557524
0,0,0.16423498
0,0,0.08483997
0,0,0.00063316314
0,0,0.15960224
0,0,0.01881732
0,0,0.1620481
0,0,0.23377223
0,0,0.18257324
0,0,0.15115242
0,0,0.1143912
0,1,0.6762989
1,1,0.6045062
0,0,0.05320041
0,0,0.17195699
0,0,0.44265854
0,0,0.17719169
0,0,0.2413739
0,0,0.18302418
0,0,0.02464529
0,0,0.19592442
0,0,0.18084025
0,0,0.14703403
0,0,0.019745434
0,0,0.16915938
0,1,0.5993322
0,0,0.21142672
0,0,0.13729617
0,0,0.0055161547
0,0,0.048071835
0,0,0.031475328
0,0,0.1705552
1,1,0.810241
0,0,0.47724923
0,0,0.028629396
0,0,0.0020127955
0,0,0.40776402
0,1,0.77885634
0,0,0.34326953
0,0,9.6475385e-05
0,0,0.08253692
0,0,0.018311748
1,1,0.55422527
0,0,0.0075935707
0,0,0.04399861
0,0,0.42884114
0,0,0.0076182648
0,0,0.09045014
0,0,0.26184353
0,0,0.016354682
0,0,0.3486151
0,0,0.3178129
0,0,0.15400563
0,0,0.019391116
0,0,0.06385532
0,1,0.7091782
0,0,0.1977452
0,0,0.25511605
0,0,0.4861937
0,0,0.07236368
0,0,0.021540249
0,0,0.07880998
0,0,0.437076
0,1,0.8735737
0,0,0.22062288
0,0,0.042524766
0,1,0.79872024
0,0,0.090382084
0,0,0.0065227035
0,0,0.37276837
0,0,0.077615865
0,0,0.4304547
0,0,0.004915765
0,0,0.057283532
1,0,0.26319575
0,0,0.010007805
1,0,0.43343252
0,0,0.45108715
0,0,0.0066696764
0,0,0.006635635
0,0,0.022750609
0,1,0.5265431
0,0,0.05783366
0,0,0.3039413
1,0,0.3040023
0,0,0.021954412
0,1,0.7226734
0,0,0.0011701393
0,0,0.031699702
0,1,0.5176186
0,0,0.007325226
0,0,0.2041137
0,0,0.39400107
0,0,0.0003324819
0,0,0.06506504
0,0,0.13901873
0,0,0.01472337
0,0,0.014290595
0,1,0.6694276
0,0,0.45264933
0,0,0.0050163614
0,0,0.05598822
0,0,0.016100185
0,0,0.0002719261
0,0,0.0061103543
0,0,0.042433433
0,0,0.00965024
0,0,0.2878528
1,1,0.5420903
0,0,0.4059039
0,0,0.33306286
0,0,0.022924222
0,0,0.01661448
0,1,0.5089033
0,0,0.4322237
0,0,0.0029975849
0,0,0.06359634
0,0,0.09845859
0,0,0.21612804
0,0,3.1066847e-05
1,0,0.31171027
0,0,0.060767252
0,0,0.06652563
0,0,0.15661012
0,0,0.021704957
0,0,0.004544166
0,1,0.61713266
0,0,0.24867699
0,1,0.5482383
0,0,0.3088684
0,0,0.017416842
0,0,0.11506118
0,0,0.2214012
0,0,0.0020857558
0,0,0.040969845
0,0,0.079194084
0,0,0.14975531
0,0,0.28779876
1,1,0.58465797
0,0,0.004098734
0,1,0.5914571
1,0,0.21831194
0,0,0.0122489
0,0,0.00018181847
0,0,0.032740965
0,0,0.092778705
0,0,0.015191374
0,0,0.25737742
1,0,0.100840874
0,1,0.5646226
0,1,0.6033598
0,0,0.048714507
0,1,0.7758624
0,0,0.01756676
0,0,0.18531412
0,0,0.14628933
0,1,0.60928214
0,0,0.07998933
0,0,0.036891162
0,0,0.0027537108
0,0,0.029854609
0,0,0.013385624
0,0,0.012901452
0,0,0.002844397
0,0,0.08659863
0,0,0.021616362
0,1,0.65092576
0,0,0.005202049
0,0,0.30494228
0,0,0.26253262
0,0,0.17995128
0,0,0.2814475
1,1,0.7409782
0,0,0.115136325
1,1,0.8248967
0,0,0.3416405
0,0,0.2071904
0,0,0.05307022
0,0,0.31004673
0,1,0.5506455
0,0,0.016772967
1,1,0.63813686
0,0,0.044501238
0,0,0.049258847
0,0,0.2894845
0,1,0.61775976
1,1,0.8149143
0,0,0.046334855
0,0,0.054822814
0,0,0.45401302
0,1,0.7933517
0,0,0.032210063
0,1,0.6745924
0,0,0.3604471
0,1,0.64713115
0,0,0.071270935
0,0,0.13064834
0,1,0.51298743
0,1,0.5532151
0,0,0.47796616
0,1,0.7591658
0,0,0.026479565
0,0,0.04453666
1,1,0.78563845
0,0,0.020892324
0,0,0.34025016
0,0,0.012595922
0,0,0.31982267
0,0,0.14035183
1,0,0.28911963
0,0,0.004376378
1,1,0.7516231
0,0,0.003393058
0,1,0.70192933
0,0,0.10635181
0,0,0.005581503
0,0,0.4110201
0,0,0.25874665
0,0,0.018627428
0,0,0.094597764
0,1,0.6073064
0,0,0.00052571815
0,0,0.050236985
0,0,0.38615265
0,0,0.39516914
0,0,0.07830664
0,0,0.3281871
0,0,0.10196181
0,1,0.6028956
0,0,0.45065126
0,0,0.23376217
0,0,0.112821564
0,0,0.035876367
0,0,0.05207731
0,1,0.6390722
0,0,0.23032202
0,0,0.044591747
1,0,0.09391271
0,0,2.7265894e-05
0,0,0.018165102
1,1,0.8562437
0,0,0.014606017
0,0,0.27813572
1,0,0.16663463
0,0,0.21573214
0,1,0.56238085
0,0,0.12277573
0,0,0.0024714498
0,1,0.59185165
0,0,0.33825108
0,0,0.006018265
0,0,0.013176345
0,0,0.06723668
1,1,0.89184743
0,1,0.58908117
0,0,0.013665291
0,0,0.39342162
1,1,0.7666588
0,1,0.7117153
0,0,0.00017524658
0,0,0.0059903557
0,0,0.025027737
0,0,0.20827031
0,1,0.7317567
0,1,0.5586319
1,1,0.7917181
0,0,0.012780005
0,0,0.016158717
0,0,0.33422226
0,0,0.43004012
0,0,0.027153125
0,0,0.008578925
0,0,0.02213596
0,0,0.2966617
1,1,0.61425745
0,0,0.003984731
1,1,0.7441599
0,0,0.10014679
0,0,0.00020109197
0,1,0.5073888
0,0,0.04336765
0,0,0.005468917
0,0,0.022483468
0,0,0.4221627
0,0,0.21775918
0,0,0.31819537
0,0,0.07361895
0,0,0.1437002
0,1,0.6945152
0,0,0.18767981
0,0,0.05902146
0,1,0.9097334
0,1,0.55159914
0,1,0.7999482
0,1,0.77083945
0,0,0.4984892
0,0,0.4053225
0,0,0.016102558
0,0,0.05336223
0,0,0.005994275
0,0,0.028262392
0,0,0.1368946
0,0,0.115350746
0,0,0.1687999
0,1,0.88037986
1,0,0.37634566
0,0,0.003255806
0,0,0.37428483
0,0,0.19276273
0,1,0.5808084
0,0,0.30319548
0,0,0.03671714
0,0,0.004335339
0,0,0.27026412
0,0,0.4442252
0,0,0.11549003
0,0,0.21467224
0,0,0.3080625
0,0,0.32734185
0,0,0.04322718
0,0,0.08030855
0,0,0.0004937871
0,0,0.187288
0,0,0.09207383
0,1,0.85121024
0,0,0.04307471
0,0,7.4174146e-05
0,0,0.044963803
0,0,0.3104357
0,0,0.008924124
0,0,0.18495819
0,0,0.00050186866
0,0,0.26476344
0,0,0.09948377
1,0,0.19494918
0,0,0.15503427
0,0,0.0037282226
0,0,0.042311963
0,0,0.0052477606
0,0,0.25162676
0,0,0.0048018983
0,0,0.016110031
0,0,0.005516178
0,1,0.6462368
0,0,0.115729
0,0,0.16539623
0,0,0.004043057
0,0,0.35693634
1,0,0.25727728
0,0,0.06365983
0,1,0.5385305
0,0,0.12280616
0,0,0.033689152
0,0,0.043023486
0,0,0.022033738
0,0,0.20305137
0,0,0.057541694
0,0,0.117212765
0,0,0.11525696
0,0,0.04276515
0,0,0.038870428
0,0,0.09301634
0,0,0.029425677
0,0,0.006465297
0,0,0.10883097
0,0,0.2949029
0,0,0.008166439
0,0,0.036485527
0,0,0.09523245
0,0,0.38249785
0,1,0.5673252
0,0,0.1772882
1,1,0.5429983
0,0,0.087410145
0,0,0.111686155
0,0,0.0004977847
0,0,0.3412375
0,0,0.117583446
0,0,0.010665967
0,0,0.16059116
0,0,0.4114642
0,1,0.7061196
0,0,0.35978583
0,0,0.132905
0,0,7.132638e-05
0,0,0.32150283
0,0,0.056268796
0,1,0.6095108
0,0,0.13665423
0,0,0.08421465
0,0,0.20228057
0,0,0.018240849
0,0,0.07422146
0,0,0.0017833257
0,0,0.07836904
0,0,0.05809037
0,0,0.39156383
0,0,0.0492904
0,0,0.055318665
0,0,0.196138
0,0,0.216424
1,0,0.41232863
0,0,0.11178122
0,0,0.24516056
0,0,0.018528389
0,0,0.014901078
0,0,0.4141921
0,0,0.30501714
0,0,0.038029835
0,0,0.014836736
0,0,0.40341026
0,0,0.08315717
0,0,0.0044476744
0,0,0.010022452
0,0,0.1253217
0,0,0.0006853166
0,0,0.0025226597
0,0,0.03604434
0,0,0.27725166
0,0,0.0108417375
0,0,0.0010750762
0,0,0.058256935
0,0,0.021606032
0,0,0.19721594
0,1,0.79036504
0,0,0.45927745
0,0,8.8097106e-05
1,0,0.047679644
0,0,0.2623394
0,0,5.3783395e-05
0,0,0.44743556
0,0,0.23531091
0,0,0.3412583
0,0,0.00020601506
0,0,0.43088487
0,1,0.6310699
0,1,0.51216805
0,0,0.2614591
1,1,0.70272684
0,0,0.047213953
0,0,0.21538456
0,0,0.03086765
0,0,0.34628212
0,0,0.16435373
0,0,0.29334727
0,0,0.45715052
0,0,0.0044271694
0,0,0.46986994
0,0,0.0068736826
0,0,0.0075335354
0,1,0.5464342
0,0,0.47376156
0,0,0.10285794
0,0,0.012882416
0,1,0.53364617
0,0,0.020656684
0,0,0.05165586
0,0,0.021866754
1,0,0.21540101
0,0,0.09135451
0,0,0.17615733
0,0,0.013240111
1,1,0.70927143
0,0,0.09930781
0,0,0.14789471
0,0,3.5963047e-05
0,0,0.02731758
0,0,0.2276668
1,1,0.5767173
0,1,0.87592155
0,0,0.13335188
0,0,0.13996206
0,1,0.6298374
0,0,0.23354095
0,0,0.19558787
0,1,0.5673709
0,0,0.040737987
0,0,0.012543438
0,0,0.15577625
0,1,0.5585429
0,0,0.46710533
0,1,0.7576315
0,0,0.03994302
0,0,0.080291085
0,0,0.00027265353
0,0,0.21605977
0,0,0.02893117
0,0,0.020074496
0,0,0.19709744
0,0,0.08506616
0,0,0.14422312
0,0,0.0032237864
0,0,0.026801445
0,0,4.6140238e-05
0,0,0.019526104
0,0,0.03525279
0,0,0.018317197
0,0,0.013432241
0,0,5.7382338e-05
0,0,0.19020666
0,1,0.5114052
0,0,0.009308337
0,0,0.023095045
0,1,0.5348212
0,0,0.04688722
0,0,0.49597993
1,0,0.278514
0,0,0.15335265
0,0,0.041617
0,0,0.046550017
0,1,0.6349908
0,0,0.3609198
0,0,0.14008833
0,0,0.41843227
0,0,0.26398742
0,0,0.020804757
0,0,0.09739843
0,0,0.44160396
0,0,0.010231064
0,0,0.26079032
0,0,0.028526366
1,0,0.48140725
0,1,0.54905087
0,1,0.59249425
0,0,0.0067937206
0,0,0.28662872
0,1,0.5646947
0,0,0.015881145
0,0,0.07243656
0,0,0.3398269
0,0,0.069937035
0,0,7.132638e-05
0,0,0.070506625
0,0,0.040860433
0,0,0.03546026
0,0,0.018964516
0,0,0.00013586807
0,1,0.6882907
0,0,0.019935714
0,0,0.040435888
0,0,0.017534906
0,0,0.026324762
0,1,0.70283365
0,1,0.891877
0,0,0.02625215
1,0,0.43394822
0,1,0.6229753
0,0,0.012108676
0,0,0.117583364
0,0,0.04117781
0,0,0.017985493
0,0,0.2321975
0,0,0.41119668
0,1,0.5495562
0,0,0.13011348
0,1,0.590886
0,0,0.42677286
0,0,0.13868646
0,0,0.04328507
0,0,0.023596602
1,1,0.66188025
0,0,0.21200368
0,0,0.08191468
0,0,0.01941938
0,0,0.3079665
0,0,0.28513893
0,0,0.0070666457
1,0,0.36362526
0,1,0.5988639
0,0,0.0032995965
0,0,0.0061266995
0,0,0.013951098
0,0,0.026352087
0,0,0.2814548
0,0,0.023435948
0,0,0.051331006
1,1,0.55673516
0,0,0.012281862
0,0,0.3946429
0,0,0.060046297
0,0,0.11232518
0,0,0.053310372
1,0,0.2955396
0,1,0.68448997
0,0,0.035443407
0,0,0.002450038
0,0,0.012474142
0,1,0.7272103
0,0,0.21363182
0,1,0.5616689
0,1,0.5267739
1,1,0.847234
1,0,0.07046965
0,0,0.0051323776
0,0,0.2646825
1,0,0.46327808
0,1,0.56937003
0,0,0.06058862
1,0,0.406392
1,1,0.8302969
0,0,0.0066134124
0,1,0.66359735
0,0,0.008880794
0,0,0.27905712
0,1,0.5326653
0,0,0.027102757
0,0,0.4045376
1,1,0.50771844
0,0,0.14899346
0,0,0.030239515
0,0,0.008732633
0,0,0.17879386
0,1,0.8487172
0,0,0.15898398
0,0,0.036552932
0,0,0.020554546
0,0,0.0037789643
0,1,0.78140336
0,0,0.23177837
0,0,0.08765364
0,0,0.13742483
0,0,0.001583036
0,0,0.034378488
1,0,0.11706586
0,0,0.02604214
1,1,0.78721184
0,0,0.04333177
0,0,0.09245276
0,0,0.05202369
0,0,0.16100672
0,0,0.3032454
0,0,0.3415363
0,0,0.03194982
1,1,0.6706132
0,0,0.10977936
0,0,0.34288892
0,0,0.00063078967
0,0,2.9394787e-05
0,0,0.10859465
0,0,0.37969336
0,1,0.54749614
0,0,0.0049738144
0,0,0.01221076
0,0,0.11977046
0,0,0.017314205
0,0,0.0035204946
1,0,0.39283055
1,0,0.06559149
0,0,0.36740735
0,0,0.22606045
0,1,0.68802816
1,0,0.49390936
0,0,0.041549794
0,0,0.21787582
0,1,0.7495805
0,0,0.0027820624
0,0,0.04208019
0,0,0.107720345
0,0,0.14418498
0,0,0.011106149
0,1,0.777269
0,0,0.06752747
0,1,0.7106955
0,0,0.054418366
0,0,0.4700797
0,0,0.012745093
0,0,0.4214015
1,0,0.3974158
0,0,0.25356132
1,0,0.39325437
0,0,0.000107646214
0,0,0.10604476
0,0,0.05666118
0,1,0.7969191
0,0,0.0037369574
0,0,0.37537166
0,0,0.21784523
0,0,0.0029380233
0,0,0.38825414
0,0,0.00330238
0,0,0.13956518
0,0,0.00021328068
0,1,0.8655687
0,0,0.030013511
0,0,0.4375076
0,0,0.006164109
0,0,0.00693897
0,0,0.0030293986
0,1,0.79208845
0,0,0.10880537
0,0,0.06359267
0,0,0.0045327116
0,0,0.039479293
0,0,0.41401088
0,0,0.20262831
0,0,0.24030375
0,0,0.0017919794
1,0,0.36040008
0,0,0.005817855
0,0,0.0065687876
0,0,0.46272117
0,0,0.022166088
0,0,0.031231184
0,1,0.5095271
0,0,0.035629686
0,0,0.00042477183
0,0,0.21029654
0,1,0.5190303
0,0,0.44560787
0,0,0.46725538
0,0,0.0020242743
0,0,0.06766471
0,0,0.042897876
0,0,0.36421525
0,0,0.22250168
0,0,0.3858765
0,0,0.13078432
0,0,0.32225946
0,1,0.5746576
0,0,0.0544335
0,0,0.3898952
0,0,0.031917274
0,0,0.2219962
0,0,0.3845979
0,0,0.00021259139
0,0,0.039327
0,1,0.5895282
0,1,0.70038104
0,0,0.14179862
0,0,0.024228366
0,0,0.006019934
0,0,0.44115704
0,0,0.037611715
0,0,0.10693302
0,0,0.043291014
0,0,0.44126618
0,0,0.23302315
1,1,0.6664872
1,0,0.24541186
0,0,0.16488782
0,0,0.3404416
0,1,0.7015503
0,0,0.0111347055
0,0,0.050656132
0,0,0.0010545468
0,0,0.010254795
0,0,0.034994192
0,0,0.052175164
0,0,0.1474298
0,0,0.36961165
0,0,0.48781323
0,1,0.6214936
0,0,0.3309427
0,0,0.15674596
0,0,0.40767595
0,0,0.0600374
0,0,0.027615726
0,1,0.69527096
0,0,0.00082101254
0,0,0.019900713
1,0,0.49268207
0,0,0.057255533
0,0,0.18255326
0,0,0.26185995
0,0,0.3385356
0,0,0.019513385
0,0,0.042846702
0,0,0.27120292
0,0,0.085042894
1,1,0.54594266
1,1,0.88368875
0,1,0.9233292
0,0,0.05910967
0,0,0.22764997
0,0,0.34659132
0,0,0.40664232
0,0,0.19148366
1,1,0.5386458
0,0,0.16642258
0,0,0.073032595
0,0,0.00032270252
0,0,0.19326824
0,0,0.0340241
0,0,0.0016919448
0,0,0.2584556
0,0,0.005659358
0,0,0.024724156
0,1,0.7245365
1,1,0.62747777
0,0,0.038818177
0,0,0.066834494
0,0,0.42501625
0,0,0.0031790216
0,1,0.6072534
1,1,0.56878704
0,0,0.010281632
0,0,2.1538512e-05
0,0,7.957468e-05
0,0,0.010359168
1,0,0.35928452
0,0,0.31021947
0,0,0.24238014
0,0,0.43097696
0,0,9.6475385e-05
0,0,0.16449384
0,0,0.045093287
0,0,0.009741343
0,0,0.11994714
0,0,0.31293815
0,0,0.30438226
0,0,0.054945163
0,1,0.62420386
0,1,0.62177217
0,0,0.42085144
0,0,0.22628008
0,0,0.13581994
0,0,0.21902087
0,0,0.24639218
0,1,0.5406051
0,0,0.10930068
0,1,0.68035716
0,0,0.1792513
0,0,0.030933399
1,0,0.14155586
0,0,0.038855974
0,1,0.8088005
0,0,0.00011812188
0,0,0.1741298
0,0,0.3894518
0,0,0.0075230105
0,0,0.23961936
0,0,0.010773651
0,0,0.017597118
0,0,0.41417247
0,1,0.52306
0,0,0.07456339
0,1,0.57168025
0,1,0.72319275
0,0,0.0027238089
0,0,0.0628887
0,0,0.19736145
0,0,0.093102686
0,1,0.5872683
0,0,0.2935968
0,0,0.014579906
0,0,0.016704625
0,0,0.16615434
0,0,0.06405687
0,0,0.28544533
0,1,0.55556756
0,0,0.00611986
0,0,0.05467612
0,0,0.32676548
1,0,0.43994775
0,0,0.039038014
0,0,0.037645828
0,0,0.05177182
0,1,0.51194626
0,0,2.8259992e-05
0,1,0.5013684
0,1,0.72639686
0,0,0.016212588
0,0,0.07050759
0,0,0.008203911
0,0,0.03999873
0,0,0.20943087
0,0,0.19007601
0,0,0.00018181847
0,1,0.788462
0,0,0.1600968
0,0,0.062921055
0,0,0.021405395
1,0,0.44023877
0,0,0.02191906
0,0,0.47395396
0,0,0.29463363
0,0,0.16075835
0,0,0.031101651
0,0,0.19332978
0,0,0.013083222
0,0,0.06468373
0,0,0.20072308
0,0,0.00935494
0,0,0.06784482
0,0,0.019400034
0,0,0.015499164
0,0,0.3309532
0,1,0.6132864
0,0,0.032208625
0,1,0.56454784
0,0,0.4696254
0,0,0.24138671
0,0,0.0280053
0,0,0.14329723
0,0,0.076246016
0,0,0.09098638
0,0,0.002200132
0,1,0.8493823
1,1,0.5043201
0,0,0.007762166
0,0,0.007386536
0,0,0.49831542
0,0,7.132638e-05
0,0,0.46147016
0,0,0.0036747307
0,0,0.15815632
0,1,0.7390242
0,0,0.0026687572
0,0,0.11837604
0,0,0.25680676
0,0,0.025159111
0,0,0.13309619
0,0,0.043295935
0,0,0.4601423
0,0,0.005691779
0,0,0.10352429
0,1,0.8379318
0,0,0.37163183
0,0,0.07607689
0,0,0.30022898
0,0,0.31020772
0,0,0.004636445
0,0,0.48447326
0,0,0.0032854243
0,0,0.01843595
0,0,0.007467773
0,1,0.58495873
0,0,0.0043317773
0,0,0.1746867
0,0,0.00043954578
0,0,0.006168644
1,1,0.6632632
0,0,7.957468e-05
0,0,0.32642758
0,0,0.13561425
0,0,0.117495224
0,0,0.016721379
0,0,0.010646839
0,0,0.18677332
0,0,0.0069673513
0,0,0.001239522
0,0,2.5477264e-05
0,0,5.7333884e-05
0,0,0.19492356
0,0,0.07428552
0,0,0.009068229
0,0,0.010376649
0,0,0.3192236
0,0,0.086958565
0,0,0.030215608
0,1,0.60771865
0,0,0.08816054
0,0,0.09830157
0,0,0.08023216
0,0,0.0022627993
1,0,0.3222181
0,0,0.047511544
0,0,6.832832e-05
0,0,0.067847624
0,0,0.49675685
0,0,0.007138249
0,0,0.017166408
0,1,0.6887767
0,0,0.010570034
0,0,0.082967535
0,0,0.13251708
0,0,0.02247761
0,0,0.05425006
0,0,0.19730487
0,0,0.0088328365
0,0,0.15422009
1,1,0.68626237
0,0,0.083966106
1,1,0.627446
0,0,0.019310785
0,0,0.18847546
0,0,0.080842994
0,0,0.39786777
0,0,0.03142617
0,0,0.108286045
0,0,0.22334072
1,0,0.49586514
0,0,0.12129299
0,0,0.13435549
0,0,0.06918219
0,0,0.2988672
0,0,0.49032456
0,0,0.0011435301
0,0,0.23941338
0,0,0.0023393256
0,0,0.06924891
0,0,0.3915313
0,1,0.55422527
0,0,0.09758397
0,1,0.6672383
0,0,0.18316233
0,0,0.032056548
0,0,0.15708262
0,0,0.022030286
0,1,0.8780872
0,1,0.7202213
0,0,0.03978983
0,1,0.6323213
0,0,0.002644036
0,0,0.0014456201
0,0,0.31580588
0,0,0.28400326
0,1,0.5571544
0,0,0.2077142
0,0,0.020468721
0,0,0.010467441
0,1,0.72407305
0,0,0.0015357755
0,0,0.110381104
0,0,0.16272941
0,0,0.08937437
0,0,0.32587177
1,1,0.5174878
0,0,0.18038966
0,0,0.008034445
0,0,0.00025281194
0,1,0.68429804
0,1,0.67854697
0,0,0.23877174
0,0,0.42735788
0,0,0.16387863
0,0,0.40214604
0,0,0.104308
0,1,0.82545483
0,0,0.011430694
0,1,0.65194666
0,1,0.7107556
0,0,0.43725756
1,1,0.5449225
0,0,0.045515273
0,1,0.7965792
0,0,0.25480422
0,0,0.47115567
0,0,0.1936971
0,0,0.0019063161
1,1,0.63977915
0,0,0.15467526
0,0,0.20955724
0,0,0.000112705675
1,1,0.62386173
0,0,0.038852252
0,0,0.0011741527
0,0,0.17243683
0,1,0.5341102
0,1,0.57938004
0,0,0.04644253
0,0,0.029468382
0,0,0.091208324
0,0,0.0028926656
0,0,0.35176355
0,0,0.2105126
0,0,0.0031698474
0,0,0.16329734
0,0,0.46837357
0,0,0.00048474027
0,0,0.10729159
0,0,0.03461405
0,0,0.064698935
0,0,0.1266336
0,0,0.32843864
0,0,0.3359687
1,1,0.8311609
0,0,0.1392991
0,0,0.22024882
0,0,0.36750495
0,0,0.20080462
0,1,0.67253506
1,1,0.5518583
0,0,0.43985105
0,0,0.011646801
0,0,0.0042443816
0,1,0.7447557
0,0,0.35654378
1,1,0.7846112
0,0,0.004505449
0,0,0.054383658
0,0,0.4431624
0,0,0.040788814
0,0,0.0047072466
0,0,0.08998758
0,0,0.4614662
0,1,0.8111008
0,0,0.48929703
0,0,0.005176122
0,1,0.90317637
0,1,0.5320648
0,0,0.1660945
1,1,0.59258616
1,0,0.31788582
0,0,0.07274293
0,0,0.043247055
0,0,0.4380863
1,1,0.568774
0,0,0.22607371
0,1,0.66200644
0,0,0.0053635533
1,1,0.8587326
0,0,0.032297347
0,0,0.010507558
1,1,0.6557563
0,0,0.18228424
0,0,0.028195439
1,0,0.19090483
0,1,0.82362676
0,0,0.15318334
0,0,0.014618479
0,1,0.60246485
0,0,0.0728337
0,0,0.15735279
1,1,0.5745771
0,0,0.17700547
0,0,0.35150152
0,0,0.19889395
0,0,0.48215923
0,0,0.11860445
0,0,0.4362699
1,0,0.42683947
0,0,0.20315619
0,1,0.80890024
0,0,0.009787161
0,0,0.28030205
0,0,0.47400838
0,0,0.019095704
0,0,0.014967193
0,1,0.635186
0,0,0.13045587
0,0,0.18070725
0,1,0.62832195
0,0,0.022446895
0,0,0.01435483
0,0,0.08653294
0,0,0.3904384
0,0,0.47936863
0,0,0.15188761
0,0,0.4773381
0,0,0.0001220564
0,0,0.00031827405
0,0,0.018926313
0,0,0.25914958
0,0,0.4059264
0,0,1.5553609e-05
0,0,0.03169187
0,0,0.34938493
0,0,0.032458562
0,0,0.36039212
0,0,0.21326464
1,0,0.23735282
0,0,0.0022338384
0,0,0.031082984
1,1,0.5974029
0,1,0.69676745
0,1,0.50806576
0,0,0.41669282
0,0,0.026956502
0,0,0.18028878
0,0,0.052760676
0,0,0.32013017
0,0,0.38372564
0,0,0.002776117
0,0,4.1521518e-05
1,0,0.1841418
1,0,0.07795023
0,0,0.03436636
0,0,0.0004681475
0,0,0.075718686
0,0,0.38537794
1,0,0.3569786
0,0,0.2850406
0,0,0.04367859
1,1,0.59308565
0,0,0.47340107
1,0,0.026450759
0,1,0.80251753
0,0,0.0005853385
0,1,0.6424415
0,0,0.0013906579
0,0,0.100738384
0,0,0.057809457
0,0,0.26773444
0,0,0.03842553
0,0,0.009433634
0,0,0.43137398
0,1,0.79298735
0,0,0.059080496
0,1,0.5857833
0,0,0.009575286
0,0,0.13749444
0,0,0.3576343
0,0,0.016312392
0,0,0.000544888
0,0,0.045657903
0,0,0.42153135
0,0,0.21672739
0,0,8.8097106e-05
0,0,0.082426146
0,0,0.27801883
0,0,0.011388397
0,0,0.024341121
0,1,0.7761295
0,0,0.30219197
0,0,0.08875297
0,0,0.001583311
0,0,0.24129191
0,0,0.295938
0,0,0.07637453
0,0,0.14673889
0,0,0.33417016
0,0,0.110830784
0,0,0.22934608
0,0,0.0350898
0,0,0.18213288
0,0,0.26313555
0,1,0.59801644
0,0,0.1123446
0,0,0.006773086
0,0,0.16920342
0,0,0.27429333
0,0,0.13964242
0,0,0.00915458
0,0,0.23822647
1,0,0.39610475
0,0,0.052115187
0,0,0.42894644
0,0,0.0075579034
0,0,0.15136465
0,0,0.23560382
0,0,0.21940987
0,0,0.27958828
0,1,0.5484163
0,1,0.67413294
0,0,0.18383224
1,1,0.7225313
0,0,0.11655196
0,0,0.05088902
1,1,0.6978329
0,0,0.002121631
0,0,0.18271336
0,0,0.00041582045
0,0,0.009228124
0,0,0.14706983
0,0,0.04717961
0,0,0.14706394
0,0,0.2147651
0,0,0.25549304
0,0,0.13966247
0,1,0.53717995
0,0,0.35524952
0,0,0.07962412
0,0,0.23473762
0,0,0.07145377
0,1,0.6470317
0,0,0.021861564
0,0,0.04650587
0,0,0.056802608
0,0,0.29406226
1,1,0.6305298
0,0,0.00031432466
0,0,0.086022794
1,1,0.63586074
0,0,0.022743274
0,1,0.65038747
0,0,0.091190614
0,0,0.009311385
0,0,0.094285674
0,0,0.33784616
0,0,0.2699037
0,0,0.044619117
0,0,0.033869475
0,0,0.055816863
1,1,0.8098912
0,0,0.08003845
1,1,0.6154988
0,0,0.4307008
0,1,0.7953304
0,0,0.069860585
0,0,0.48217973
1,1,0.76867384
0,0,0.42780694
1,0,0.4444887
0,0,0.06617309
1,1,0.5283206
0,0,0.39488208
0,0,0.09366605
0,0,0.06781879
0,0,0.20893054
1,0,0.48243496
0,0,0.47116652
0,0,0.0661615
0,0,0.022335373
0,0,0.019969495
0,0,0.43819898
1,1,0.64695215
0,1,0.7618074
0,0,0.09126308
0,0,0.003529791
0,0,0.00082101254
0,0,0.048249528
0,0,0.0898633
1,1,0.61489725
1,0,0.3581903
0,0,0.021719715
0,0,0.30059975
0,0,0.13992243
0,0,0.007590276
0,0,0.39423248
0,0,0.006065126
0,0,0.31161636
1,1,0.8036664
0,0,0.15889817
0,0,0.022677736
1,1,0.51631826
0,1,0.53327334
1,0,0.4062685
0,0,0.13989496
0,0,0.36609995
0,0,0.1476377
0,0,0.08193523
0,0,0.011489823
0,0,0.00017215953
0,0,0.010029641
0,0,7.4174146e-05
0,0,0.020752564
0,0,0.014903725
0,0,0.01602811
0,0,0.23546366
0,0,0.37320572
0,1,0.59750533
0,1,0.6206623
0,0,0.01694971
0,0,0.18226126
0,0,0.49189338
0,0,0.3110127
0,0,0.023778347
0,0,0.09281867
0,0,0.12354177
0,0,0.0040545072
0,1,0.6143949
1,1,0.6190912
0,0,0.09391688
0,0,0.020402338
0,0,0.034906637
0,0,0.010509115
1,1,0.5648181
0,0,0.0009200567
0,1,0.5870095
0,0,0.2966336
0,0,0.0070662233
0,0,0.075004175
0,0,0.21339375
0,1,0.7011008
0,0,0.4996947
0,0,0.11181619
0,1,0.7819274
0,1,0.7085837
0,0,0.043381933
0,0,0.0067671896
0,0,0.07737073
0,0,0.054560415
0,0,0.0015814601
0,0,0.12941717
0,0,0.27181998
0,0,0.20251885
0,0,0.1752185
0,0,0.01567112
0,0,0.101779826
0,0,0.34338647
0,0,0.23639369
0,0,0.031194128
0,0,0.47987267
0,1,0.72552216
0,0,0.0048399265
0,0,0.12122664
0,0,0.26927352
1,1,0.7987497
0,0,0.03716146
0,0,0.0004516474
0,0,0.32070142
0,0,0.0029392065
0,0,0.020082098
0,0,0.29230195
0,0,0.061963025
0,0,0.10358185
0,0,0.20505801
0,0,0.13384326
0,1,0.8229458
0,0,0.035809528
0,0,0.1421437
0,0,0.008797577
0,0,0.0015961919
0,0,0.0038278934
0,0,0.0018675748
0,0,0.3773517
0,0,0.13188145
0,1,0.61648285
0,0,0.0109760305
0,0,0.42340532
0,0,0.006218887
0,0,0.00042787546
0,1,0.78394485
0,0,0.064455636
0,0,0.064674556
0,0,0.13152508
0,0,0.00093034224
0,0,0.037442178
0,0,0.4479629
0,0,0.14837277
0,0,0.035478067
0,0,0.033024505
0,0,0.30192176
0,0,0.03164855
0,0,0.0004106829
0,0,0.12086083
0,0,0.065692
0,0,0.07648421
0,0,0.004424539
0,0,0.009643047
0,0,0.073806755
0,0,0.2503548
0,1,0.6496373
0,1,0.51891416
0,0,0.45738164
0,0,0.13315105
0,1,0.56229186
0,0,0.04092352
0,1,0.5223258
0,0,0.47346893
0,0,0.14514706
0,0,0.014986101
1,1,0.5399571
0,0,0.16239417
0,1,0.50881296
0,0,0.0013061744
0,0,0.10493331
0,0,0.10377116
0,0,0.29687893
0,0,0.48250672
0,0,0.09461693
0,0,0.47616148
0,0,0.3840224
0,0,0.039118897
0,1,0.5544792
1,0,0.09483442
0,0,0.17665121
0,0,0.0019687347
0,1,0.62486416
0,0,0.061828047
0,0,0.1664058
0,0,0.0941684
0,0,0.22447641
0,1,0.56980056
0,0,6.21507e-05
0,0,0.40259886
0,0,0.12913792
0,0,0.2830974
0,0,0.37643686
0,0,0.36346403
0,0,0.082607046
0,0,0.093225054
0,0,0.21906161
0,0,0.43736345
0,0,0.009388039
0,0,0.44542807
0,1,0.5711447
0,0,0.016171297
0,0,0.27638093
0,0,0.051491924
0,0,0.012200004
0,0,0.2915795
0,0,0.06706712
0,0,0.15100393
0,0,0.45978984
0,1,0.6651785
0,0,0.08105977
0,0,0.4212754
0,0,0.006530671
0,0,0.0026730797
0,0,0.022107784
0,0,0.006942112
0,0,0.01937487
0,0,0.00031827434
0,0,0.30199477
0,0,0.05367391
0,0,0.0013395177
0,0,0.0016947
0,0,0.06542914
0,0,0.13715075
0,0,0.04289727
0,0,0.03802113
0,0,0.37617907
0,0,0.011979861
0,0,0.0015854111
0,0,0.003574622
0,0,0.0065142266
0,0,0.021581108
0,0,5.9423375e-05
0,1,0.5605105
0,0,0.10759142
0,0,0.002228479
0,0,0.21668854
0,0,0.43868288
0,0,0.14516422
0,0,0.04229471
0,0,0.4186757
0,1,0.6347058
0,0,0.15247099
0,0,0.011544424
0,0,0.20607363
1,1,0.6681092
0,0,0.28867865
0,1,0.8403008
0,1,0.64667773
0,0,0.23966408
0,0,0.12511979
0,0,0.010322165
0,0,0.43687195
0,0,0.039195232
0,0,0.0033329367
0,0,0.13297468
0,0,0.00953248
0,1,0.73632413
0,0,0.13289729
0,1,0.60783535
0,0,0.36244738
0,0,0.015730811
0,0,0.25079477
0,0,0.2671043
0,0,0.20242111
0,0,0.02232899
0,1,0.7820751
0,0,0.064714834
0,0,0.4037974
0,0,0.012993091
0,0,0.0001173139
0,0,0.12748154
0,0,0.03057641
0,0,0.07672264
0,0,0.052193165
0,0,0.16069421
0,0,0.075973585
0,0,0.48998353
0,0,0.005884443
0,0,0.061852615
0,0,0.1493224
0,1,0.5175588
0,1,0.8205465
0,1,0.52911663
0,0,0.28441438
0,0,0.38757244
0,0,0.000102277525
1,1,0.8075795
0,0,0.3908615
0,0,0.3342807
0,0,0.27946514
0,0,0.46186763
0,0,0.029942991
0,0,0.39645335
1,0,0.0019482094
0,0,0.020935478
0,0,0.0028500478
0,0,0.0058530783
1,0,0.16915679
0,0,0.0134727815
0,0,0.0047418633
0,0,0.49951226
0,0,0.19742076
0,0,0.06083893
0,0,0.10564902
0,0,0.28913772
0,0,0.008499786
0,0,0.028544609
0,1,0.6466432
0,0,0.29699513
1,1,0.7650077
0,0,0.014444295
0,0,0.09329152
0,0,0.0008309254
0,0,0.24093038
0,0,0.06768845
0,0,0.1930484
0,0,0.4016456
0,0,0.0010593105
0,0,0.013268812
0,0,0.3028431
0,0,0.18568093
0,0,0.17144597
0,0,0.22503886
0,0,0.029396795
0,0,0.4682744
0,0,0.14377567
0,0,0.098703764
0,0,0.007836037
0,1,0.5204593
1,0,0.349353
0,0,0.2197536
0,0,0.015909266
0,0,0.08512121
0,0,0.04284574
1,1,0.6187695
0,0,0.21982846
0,0,0.00012392225
0,0,0.12967072
0,0,0.39252427
1,0,0.4496859
0,0,0.024609068
0,0,0.0033947404
0,0,0.00047619484
0,0,0.023587001
0,0,0.14366533
0,0,0.09184581
0,0,0.01954112
0,0,0.19658184
0,0,0.3673677
0,0,0.00022853391
0,0,0.020378936
0,0,0.008386396
0,1,0.5356436
0,0,0.011226475
0,0,2.1538512e-05
0,0,0.0013890946
0,0,0.399776
0,0,0.04475883
0,1,0.66552687
0,0,0.40483904
0,0,0.043931175
0,0,0.22415672
0,0,0.27426973
1,1,0.6054116
0,0,0.010165838
0,1,0.57731944
0,0,0.007844016
0,0,0.2655343
0,0,0.009750403
0,0,0.40030685
0,0,0.24907234
0,1,0.6979306
0,0,0.00621831
0,1,0.6082633
0,0,0.035912745
0,0,0.3971404
0,0,0.1442327
0,1,0.66864794
0,0,0.06343406
0,0,0.014563795
0,0,0.005774672
0,0,0.0027752605
0,0,0.18423913
0,0,0.0842347
1,1,0.762366
0,0,0.027751021
0,0,0.40874723
0,0,0.4053887
1,1,0.6651447
0,0,0.0106383385
0,0,0.0009012342
0,1,0.55436754
0,0,0.0039346204
0,0,0.22557041
0,0,0.3857323
0,0,0.39553648
0,1,0.73666847
0,1,0.5029903
0,0,0.011793993
0,0,0.09167599
0,0,0.021576155
1,0,0.35288426
0,0,0.029989094
0,0,0.26533076
0,0,0.087886706
0,0,0.25772792
1,1,0.8605897
1,1,0.61288255
0,1,0.62081987
0,0,0.20985769
0,0,0.028157607
0,1,0.5286605
0,1,0.7760972
0,1,0.59158367
0,0,0.42193434
0,0,0.036801245
1,1,0.64607525
0,0,0.061050158
0,1,0.5568432
1,0,0.3633292
0,0,0.0878243
0,0,0.0497047
0,0,0.13783374
0,0,0.4515432
0,0,0.018166391
0,0,0.024844911
0,0,0.49146813
0,0,0.28527093
0,0,0.017700953
0,0,0.09903367
0,0,0.051605906
0,0,0.13777928
0,0,0.34201
0,0,0.041660383
0,0,0.38682914
0,0,0.07250025
0,0,0.024017138
0,0,0.26589262
0,0,0.07286367
0,0,0.21458027
0,0,0.10055264
0,0,0.019651948
1,1,0.9030179
0,0,0.21513882
0,0,0.16878568
0,0,0.0033275667
0,0,0.13918518
0,0,0.22815387
0,0,0.010573251
0,0,0.023966156
1,1,0.6552935
0,0,0.49552372
0,0,0.27739647
0,0,0.04470525
0,0,9.4609655e-05
0,1,0.65287673
0,0,0.016064126
0,0,0.12636837
0,0,0.26957536
0,0,0.027489696
0,0,0.21521886
0,0,0.31788787
0,0,0.0037372855
0,0,0.38770247
0,0,0.47089562
0,0,0.14656039
0,0,0.035242908
0,0,0.00201306
0,0,0.03727082
0,1,0.5134335
1,1,0.60178715
0,0,0.10416257
0,0,0.21647678
0,0,0.012140923
0,0,0.040686235
0,1,0.8899277
0,0,0.1760247
0,0,0.17621718
0,0,0.051323958
0,0,0.0048854267
0,0,0.0017862064
0,0,0.00026104169
0,0,0.00010694802
0,0,0.14526205
0,0,0.04507597
0,0,0.0013729373
0,0,0.002593106
0,1,0.52278715
0,0,0.40940896
0,0,0.32367715
1,1,0.7818404
0,0,0.011422387
0,0,0.0013008626
0,0,0.027336027
0,0,0.027587553
0,0,0.03400052
0,0,0.17101692
0,0,0.1443084
0,0,0.019890655
0,0,0.27006125
0,0,0.034875147
0,0,0.2450217
0,0,0.0015754123
0,0,0.023710044
0,0,0.07739739
0,0,0.2267817
0,0,0.0042583947
0,0,0.39940816
0,0,0.0002685727
0,0,0.034597658
0,0,0.014348295
0,0,0.00014623078
1,0,0.4772816
0,0,0.0030597767
0,0,0.386627
0,0,0.08247467
0,0,0.00093338627
0,0,0.2926603
0,1,0.50252223
0,1,0.75429267
0,0,0.32538778
0,0,0.4293656
1,0,0.00044084634
0,0,0.35584846
0,0,0.056909762
0,0,0.23791268
0,1,0.67607856
0,0,0.22213687
0,0,0.033546463
0,1,0.5583076
0,0,0.086040005
0,0,0.01798509
1,1,0.7713179
0,0,0.23634323
0,0,0.03645465
1,1,0.75354844
0,0,7.957468e-05
0,0,0.06620247
1,1,0.8486769
0,0,0.16603361
1,0,0.2055777
0,0,0.062724575
0,0,0.0015187083
0,0,0.16898502
0,0,0.050209768
0,0,0.29844156
0,0,0.0033620943
1,0,0.30084437
0,0,1.2585299e-05
0,0,0.007184687
0,0,0.008169714
0,0,0.47551018
0,1,0.755055
0,0,0.020591667
0,0,0.28976008
0,0,0.17529432
0,1,0.55511117
0,0,0.12631908
0,0,0.3443371
0,0,0.31189844
0,0,0.41434327
0,0,0.0021210255
0,0,0.0181156
0,0,9.4609655e-05
0,0,0.005342564
1,0,0.45137623
0,0,0.030113302
0,0,0.0037682373
0,0,0.0033319911
0,0,0.45201173
0,0,7.809137e-05
0,0,0.19309983
1,0,0.0017994196
0,0,0.24855058
0,0,0.22820628
1,0,0.13512282
0,1,0.68276095
0,0,0.022995576
0,0,0.11762264
0,0,0.3519468
0,0,0.39769766
1,1,0.6985377
0,0,0.2571838
0,0,0.06439453
0,0,0.028133016
0,0,0.2828251
0,0,0.4780086
0,0,1.875867e-05
1,1,0.7212882
0,0,0.43908343
0,0,0.25211695
0,0,0.28693172
0,0,0.045815103
0,0,0.11528352
0,0,0.010773727
0,1,0.5200712
0,0,0.0059702815
0,0,0.01923958
0,0,0.11403619
0,1,0.7049122
1,1,0.76021284
0,0,0.3953272
0,0,0.0051608523
0,0,0.009640834
0,0,0.017340448
0,0,0.46814495
0,1,0.6593529
0,0,0.22466674
0,0,0.20977202
0,0,0.0020571551
0,0,0.00031542307
0,0,0.14474599
0,0,0.021627488
0,0,0.09022017
1,0,0.28666502
0,0,0.13870779
0,0,0.089689724
0,0,0.072702415
0,0,0.0059903557
0,0,0.0001272056
0,0,0.061933354
0,0,0.00346162
0,1,0.90436375
0,0,0.093415625
0,0,0.33945897
0,1,0.6373832
0,0,0.082880594
0,0,0.11024691
0,0,0.06418332
0,0,0.057658933
1,1,0.7560892
0,0,0.014250505
0,0,0.15914726
0,0,0.17082523
1,1,0.73959196
0,0,0.47986728
0,0,0.19339849
0,0,0.4708322
0,0,0.00063649233
0,0,0.09178208
0,0,0.24508654
0,0,0.31650478
0,0,0.3510985
0,0,0.05809821
0,0,0.0013169842
0,0,0.34338647
0,0,0.44895163
0,1,0.76516306
0,0,0.0023934827
0,0,0.2812987
0,0,3.7403195e-05
0,0,0.30598068
0,0,0.024155436
0,0,0.29434153
0,0,0.0007001964
0,0,0.30174246
0,0,0.39795393
0,0,0.01599067
0,0,0.035379894
0,0,2.5044234e-05
1,1,0.69582254
0,0,0.0051530334
0,0,0.45497748
1,1,0.8483437
0,0,0.036736622
0,0,0.09475082
0,1,0.94397366
0,0,0.28176942
0,0,0.025040349
1,1,0.91469616
0,1,0.5457211
0,0,0.33774865
0,0,0.10123836
1,1,0.5698276
0,1,0.7556327
0,0,0.016439406
0,0,0.4908083
0,0,0.1555436
1,1,0.8494053
1,1,0.80969095
0,0,0.014442802
0,0,0.0026551243
1,1,0.71922904
0,0,4.4158485e-05
0,1,0.6738825
0,0,0.0016845231
0,0,0.0080715725
0,0,0.39789435
0,0,0.09311404
0,0,0.13559346
0,1,0.8930676
0,0,0.00020044264
0,0,0.016292028
0,0,0.063038215
1,1,0.56620425
0,0,0.049576316
0,0,0.17457645
0,0,8.426046e-05
0,0,0.18168278
0,0,0.38409972
0,1,0.561481
0,0,0.08395087
0,0,0.2503006
0,0,0.015949607
1,1,0.8060087
0,0,0.07646893
0,0,0.016209288
0,1,0.82541454
0,0,0.048289515
0,0,0.039425552
0,0,0.33832324
0,1,0.5235763
0,0,0.03545849
0,0,0.3458926
0,0,0.29027
0,0,0.028190115
0,0,0.028912675
0,0,0.17672344
0,0,0.039461475
0,0,0.021553868
0,1,0.6421077
0,0,0.26257128
0,0,0.0852343
0,0,0.17520194
0,0,0.24047774
0,0,0.31193557
0,1,0.5046608
0,0,0.43532798
0,0,0.06064252
0,0,0.047432024
0,0,0.07976785
0,0,0.17788807
1,1,0.7769124
0,0,0.04513507
0,0,0.012517295
0,0,0.002731289
0,1,0.6072176
0,0,0.010406354
1,0,0.06454282
0,0,0.0783097
0,0,0.28421333
1,0,0.2433261
0,0,0.43063694
0,0,0.015696663
0,0,0.12567082
1,0,0.32837895
1,1,0.60154
0,0,0.45646566
0,0,0.23138781
1,1,0.8801517
0,0,0.20911625
1,1,0.74868995
0,0,0.007140869
0,0,0.26815274
0,0,0.07485442
0,0,0.06884465
0,0,0.4118656
0,0,0.008272317
0,0,0.30301285
1,0,0.155867
0,0,3.176115e-05
0,1,0.5534539
0,0,0.099335216
0,0,0.011467062
0,0,0.24893531
1,1,0.72130734
0,0,0.29150617
0,0,0.3355291
0,0,0.08446927
0,0,0.017841535
0,0,0.08052206
0,0,0.085028864
0,0,0.010032037
0,0,3.4273362e-05
0,0,0.18450785
0,0,0.030553274
0,0,0.20178863
0,0,0.25567916
0,0,0.1295429
0,0,0.056982677
0,0,0.47590888
0,0,5.7239096e-05
0,0,0.20735736
0,0,0.012601746
0,0,0.3262093
0,0,0.27559862
0,1,0.5797575
0,0,0.019808462
0,1,0.7171954
0,1,0.58314514
1,0,0.28660712
0,0,0.2879228
0,0,0.007469377
0,0,0.10045022
0,0,0.009585711
0,0,0.43442222
0,0,0.000267284
0,0,0.012847863
0,0,0.117754154
0,1,0.7685799
0,0,0.27288935
1,1,0.7505179
0,0,0.13854657
0,0,0.12794217
0,0,0.31259778
1,0,0.24558006
0,0,0.0046774982
0,0,0.18233667
0,0,0.025561709
0,0,0.13626367
0,1,0.5967734
0,1,0.65297437
0,1,0.6344824
0,0,0.09537376
0,1,0.9198803
0,0,0.18047279
0,0,0.031184372
0,0,0.4971535
0,1,0.6938151
0,1,0.6402072
0,0,0.23002544
0,0,0.06529688
1,0,0.32636413
0,0,3.7146587e-05
0,0,0.00078549224
0,0,0.019493869
0,0,0.024041388
0,0,0.23463887
0,0,0.43848926
0,0,0.0022986827
0,0,0.010067332
0,0,0.028604522
0,1,0.641843
0,0,0.029049192
0,0,0.36355335
0,1,0.71508753
0,0,0.04524403
0,0,0.41887864
0,1,0.87310475
0,1,0.71565384
0,0,0.21769038
0,0,0.14629641
1,1,0.67439526
0,0,0.1866146
0,0,0.020465992
0,0,0.0016144435
0,1,0.8377548
0,0,0.0075837737
0,0,0.3718316
0,0,0.034934953
0,0,0.019895948
0,0,2.5477264e-05
0,1,0.7345558
0,0,0.2845772
1,0,0.34618935
1,1,0.79245645
0,0,0.09797204
0,1,0.62186295
0,0,0.017576842
1,0,0.20985723
0,0,0.030535674
1,1,0.5491419
0,0,0.018792067
0,0,0.03520275
0,0,0.019192822
1,0,0.20240836
0,0,0.00052843505
0,0,0.18307176
0,0,0.23972958
0,1,0.7032175
0,0,0.24391073
0,0,0.159763
0,0,0.0054807635
0,0,0.23528816
0,0,0.30076146
0,0,0.034422606
0,0,0.023204504
0,1,0.5849529
0,0,0.021451654
0,0,0.0012328529
0,0,0.015218785
0,0,0.011433894
0,1,0.6695432
1,1,0.57534796
0,0,0.2988596
0,1,0.69932777
0,0,0.33842412
0,0,0.14316808
0,0,0.09188794
0,0,5.7382338e-05
0,0,0.067842364
0,1,0.6530776
0,0,0.4448552
0,0,0.25607184
1,0,0.42674038
1,1,0.6759049
1,1,0.9084912
0,0,0.0029352251
0,0,0.0008379882
0,0,0.16088668
0,0,2.8886165e-05
0,1,0.70901966
0,0,0.18177359
0,0,0.0024414791
0,0,0.05270745
0,1,0.5630509
0,0,0.15089463
0,0,0.4744211
0,0,0.00054252124
0,0,0.28344575
0,0,2.1184866e-05
0,0,0.18091165
0,1,0.63981956
0,0,0.20319661
0,0,0.13741332
0,0,0.057527963
0,0,0.13258627
0,0,0.1875618
0,0,0.34331012
0,0,0.0034529197
0,0,0.0062782834
0,1,0.6073259
0,0,0.30206618
0,0,0.20647761
0,0,0.051332504
0,0,0.20099588
0,0,0.07769011
1,1,0.52756554
0,0,0.31825122
0,0,0.0048502223
0,0,0.03035128
0,0,0.046867903
0,0,0.3722127
0,0,0.014130058
0,0,0.029445415
0,0,4.238664e-05
0,0,1.963061e-05
1,0,0.09932963
0,0,0.14232539
0,0,0.0021494953
0,0,0.4057013
0,1,0.64405423
0,0,0.02902477
0,0,0.43526536
0,1,0.67040837
0,0,0.060721163
0,0,0.0038495462
0,0,0.36344585
0,1,0.6497486
0,0,0.0098366765
0,0,0.015758011
0,0,0.08414956
1,1,0.6302894
0,0,0.44720328
0,1,0.593494
0,0,0.0028577961
0,0,0.054186802
0,0,0.018388448
0,1,0.53382564
0,0,0.052911308
0,0,0.00085075694
1,0,0.19845654
0,0,0.1117041
0,0,0.0028852595
0,0,0.2187193
0,0,0.396912
0,0,0.4928952
0,0,0.03199224
0,1,0.70903224
1,1,0.58714616
0,0,0.37557703
0,0,0.10291036
0,0,0.01612274
0,0,0.0044508446
0,0,0.076703034
0,0,0.0040526227
0,0,0.014922652
0,0,0.16465563
1,0,0.30704755
0,0,0.00840139
0,1,0.75398356
0,0,0.18282819
0,0,0.2579182
0,0,0.41192615
0,0,0.0052975616
0,0,0.010696598
0,0,0.006578644
0,0,0.013066559
0,1,0.9056307
0,1,0.55378336
1,1,0.72211176
0,0,0.001241555
0,0,0.19515839
0,0,0.04582924
0,0,0.4954955
0,0,0.44224417
0,0,0.05222288
0,0,0.08918223
0,1,0.60499936
0,0,0.043390878
1,0,0.45975092
1,1,0.6682368
0,0,0.0042944835
0,0,0.03216602
0,0,0.36502123
0,0,0.23208606
0,0,0.3004317
0,0,0.19258125
0,0,5.7531703e-05
0,0,0.39942718
1,1,0.66902333
0,0,0.005249291
0,0,0.0059499578
0,0,0.34417614
0,0,0.054470163
0,0,0.07389367
0,0,0.015531161
0,0,0.005803484
0,0,0.33612967
0,1,0.5769512
0,0,0.22807133
0,0,0.2377421
1,1,0.7328589
0,0,3.405689e-05
0,0,0.045034703
0,0,0.010457489
0,0,0.25359705
0,0,0.2362121
0,0,0.05506793
0,0,7.957468e-05
0,0,0.07693483
0,0,0.0027161748
1,1,0.7708751
0,1,0.6366229
0,0,0.4103512
0,0,0.005840578
0,0,0.111499846
0,0,0.3705425
0,0,0.033205207
0,1,0.74976
0,1,0.51311666
1,0,0.47608316
0,0,0.23265497
0,0,0.15873003
0,0,0.18044914
1,1,0.69725144
0,0,0.18429156
0,1,0.7163179
0,0,0.13877524
0,1,0.5441707
0,0,0.016107634
0,1,0.72588843
0,0,0.0018291422
0,0,0.011324762
0,0,0.014803173
0,0,0.11431437
0,0,0.22176422
0,1,0.76668364
0,0,0.11254535
0,0,0.032109365
0,0,0.009845248
0,1,0.53478914
1,1,0.97598684
0,0,0.00021777187
0,0,0.13299401
0,0,0.06230093
0,0,0.01610814
0,0,0.29678875
0,0,0.3374744
0,0,0.48345602
1,0,0.35595542
0,0,0.16695909
1,0,0.10800325
0,0,0.029930163
0,1,0.50199467
0,0,0.49763364
1,0,0.39781377
0,1,0.51784885
0,0,0.032183085
0,1,0.7012209
1,1,0.9100382
0,0,0.005571396
0,0,0.12147519
0,0,0.44492674
0,0,0.45024633
0,0,0.019528605
0,0,0.033294693
0,0,0.0006209003
0,0,0.008605038
0,0,0.010143096
0,0,0.00029297313
0,1,0.5765402
0,1,0.7610865
1,0,0.19206247
0,0,0.14047502
0,0,0.14456944
0,0,0.106037274
0,0,0.013175465
0,1,0.55568254
1,0,0.01854745
0,0,0.009172456
0,0,0.4383153
0,0,0.072100274
0,0,0.05021202
0,1,0.80883497
1,0,0.15481314
0,0,0.17548439
1,0,0.37444583
0,0,0.091134794
0,0,0.32446888
0,0,0.20185983
0,0,0.20203562
0,0,0.31997973
0,0,0.001003122
0,0,0.22691733
0,0,0.05212463
0,0,6.2012994e-05
0,0,0.0026619872
1,1,0.6250744
0,0,0.13698716
0,0,0.10359742
0,0,0.0029838954
0,0,0.063310824
0,1,0.9354162
1,1,0.7064961
0,0,0.22403522
0,0,0.406266
0,1,0.61637264
0,0,0.03942054
0,0,0.03530154
0,0,0.022750609
0,0,0.018381229
0,0,0.0077355895
0,0,0.35839704
0,0,0.40848747
0,1,0.53595495
1,1,0.6652818
1,1,0.86971027
0,0,0.011110869
0,0,0.04597931
0,0,0.15870567
0,0,0.0062880367
0,0,3.1066847e-05
0,0,0.32523835
0,0,0.18610603
0,0,0.04539737
0,0,0.03961699
0,1,0.56153446
0,0,0.04636328
0,0,0.2513822
1,0,0.32873937
0,0,0.4619057
0,0,0.1482087
0,0,0.004974286
1,0,0.4498617
0,0,0.076435454
0,0,0.001986455
0,0,0.21211897
0,1,0.74727935
0,0,0.23019165
0,0,0.0023500368
0,0,0.0017412463
0,0,0.4904562
0,0,0.0119617125
0,0,0.0011701393
0,0,0.0017337168
0,1,0.57088417
0,1,0.534698
0,0,0.01069729
0,0,0.24356204
0,0,0.018125094
0,0,0.3957493
0,1,0.5468035
0,0,0.0928959
0,0,0.26982835
1,0,0.30946776
0,0,0.22628222
0,0,0.48812303
0,0,0.1614084
0,0,0.11283975
0,0,0.060488645
0,0,0.32380572
0,1,0.5144285
0,1,0.68820363
0,1,0.5299429
0,0,0.45850205
0,0,0.0014359668
0,0,0.16766024
1,1,0.53228503
0,0,0.19279326
0,0,0.21883243
0,0,0.015524746
0,0,0.38379663
0,0,0.42731723
0,0,0.4295799
0,0,0.07295403
0,0,0.21314712
0,0,0.04623832
0,0,0.008071683
0,0,0.46430054
1,0,0.21097314
0,0,0.10813803
0,0,0.0030455901
0,0,0.2031532
1,1,0.8525116
0,0,0.049677406
0,0,2.1344462e-05
1,0,0.16755934
0,0,0.25953993
0,0,0.031985834
0,0,0.009087609
1,0,0.44681373
0,1,0.5779295
0,0,0.11067625
0,0,0.25571927
0,0,0.16288848
0,0,0.4009024
0,0,0.008099214
0,0,0.06312258
0,0,0.01123177
0,0,0.20893733
0,0,0.20003483
0,0,0.020534458
1,1,0.52504086
0,1,0.7668505
0,0,0.0016626384
0,0,0.35466188
0,1,0.54135287
1,1,0.60684127
0,0,0.07729168
0,0,0.009474067
0,0,0.19385055
1,1,0.68062425
1,1,0.89848703
0,1,0.75652224
0,0,0.432607
0,0,0.051809102
0,0,0.013046215
0,0,0.33906236
0,1,0.7228507
0,0,0.35092434
0,1,0.51957893
0,0,0.22344096
0,0,0.05776053
0,0,4.830693e-05
0,0,0.000116676885
0,0,0.39691356
0,0,0.06498931
0,1,0.5178325
0,0,0.0055762804
0,0,3.153188e-05
0,0,0.0315415
0,0,0.020139573
0,0,0.00013586807
0,0,0.19907793
0,0,0.0026481345
0,0,0.06913022
0,0,0.078749955
0,0,0.00018540103
0,0,0.44399393
0,0,0.046096742
0,0,0.25146776
0,0,0.47842237
0,0,0.09792057
0,0,0.06824341
0,0,0.009289646
0,0,0.0011240382
0,0,0.0011338487
1,1,0.52190745
0,1,0.7165884
0,0,0.013435843
0,0,0.25097954
0,1,0.7066269
1,1,0.85308933
0,0,0.20032263
0,1,0.6605592
0,0,0.045344923
0,0,0.099665545
1,0,0.414706
1,0,0.11837604
0,0,0.19428094
1,1,0.76769346
0,0,0.43890387
0,0,0.06840843
0,0,0.2525978
0,0,0.009924642
0,0,0.47154418
0,0,0.016429797
0,0,0.38408136
0,0,0.0065567004
0,1,0.6059942
0,1,0.6435824
0,0,0.20570146
0,0,0.24866846
0,0,0.009012602
0,0,0.18085963
0,0,0.18343723
0,0,0.1786511
0,0,0.07764873
0,0,0.050917666
0,0,0.2649318
0,0,0.01196018
0,1,0.5862987
0,1,0.65771896
0,0,0.44117495
0,0,0.24667937
0,1,0.65223974
0,0,0.011461771
0,0,4.055387e-05
0,0,0.026230035
0,0,0.40592223
0,0,0.022875756
0,1,0.55662286
0,0,0.121311925
0,0,0.008502057
0,0,0.19466099
0,1,0.5739069
0,0,0.20214893
0,0,0.01608756
0,0,0.03135595
0,0,0.07872102
0,0,0.03961133
0,0,0.001141197
0,0,0.011508139
0,0,0.40851417
0,0,0.067423776
0,0,0.0209581
0,0,0.019296532
0,1,0.6832533
0,0,0.2757615
0,0,0.15238726
0,0,0.038693
0,1,0.8296981
1,0,0.37577274
0,0,0.27443165
1,1,0.57080287
0,0,0.010252617
1,0,0.34722117
0,0,0.016461773
0,0,0.016497975
0,0,0.012237003
0,0,0.0016260566
0,0,0.3854727
0,0,0.0015889223
0,0,0.060428467
0,1,0.7050991
1,1,0.85510325
0,0,0.13192096
0,0,0.1497511
0,0,0.48610276
0,0,0.024432335
0,0,0.36160442
0,0,0.026609357
0,0,9.527771e-05
0,0,0.04285969
0,0,0.06218194
0,0,0.34738111
1,1,0.84858346
0,0,0.059109237
0,0,0.0064951307
0,0,0.027493164
0,0,0.029153008
0,0,0.0098428875
0,0,0.027427284
0,0,0.0058079534
0,0,0.0010683251
0,1,0.58643
1,1,0.7496066
0,0,0.019046515
0,0,0.071957566
1,0,0.47514063
0,0,0.005689011
1,1,0.68611693
0,0,0.026018545
0,0,0.4938654
0,0,0.0033495827
0,0,0.45425475
0,0,0.037272714
0,0,0.14073843
1,1,0.5497676
0,0,0.18902814
0,1,0.5327968
0,0,0.0015008993
0,0,0.15818024
0,1,0.5912723
0,0,0.14773573
0,0,0.32824335
0,0,0.09542892
0,1,0.74561507
0,0,0.010380106
0,0,0.33607042
0,0,0.48770246
1,1,0.57254815
0,1,0.5497778
0,0,0.259985
0,1,0.6076935
0,0,0.014548002
0,0,0.0066339914
0,0,0.03235611
0,0,0.3655652
0,0,5.5260854e-05
0,0,0.2669587
0,0,0.1704302
0,0,4.445276e-05
0,0,0.19122763
0,0,0.2444803
0,0,0.021946901
0,0,0.15395086
0,0,0.029977541
0,1,0.5389441
0,0,0.020170333
0,0,0.20151956
0,0,0.2094111
0,1,0.50913644
0,0,0.26689908
0,1,0.55752915
0,0,0.0004186334
0,0,0.04008545
0,0,0.029216507
0,0,0.024227899
0,1,0.67714757
1,1,0.74043274
0,0,0.012804483
0,0,0.29527527
0,0,0.08141719
0,0,0.042562038
0,0,0.0036041457
0,0,0.07999056
0,0,3.912166e-05
0,0,0.014696334
1,1,0.77677345
1,1,0.6098885
0,0,0.0140248565
0,0,0.009017624
0,1,0.54292893
1,1,0.7792911
0,1,0.81825596
0,0,0.0031744628
0,0,0.2869256
0,0,0.084851414
0,1,0.6810565
0,0,0.009656216
1,1,0.82597524
0,0,0.00010542937
0,1,0.7453869
1,0,0.28643402
0,0,0.105509296
0,0,0.039221585
1,1,0.5110495
0,0,0.01356481
0,0,0.11835037
0,0,0.0014229558
0,0,0.078869715
0,0,0.0052160267
0,0,0.17040886
0,0,0.09749723
0,0,0.030154627
0,0,0.023585701
0,0,0.3620458
0,0,0.03146025
0,0,0.05634279
1,0,0.10548832
0,0,0.10198272
0,0,0.10956504
1,0,0.3676649
0,0,0.038668044
0,0,0.0664336
0,0,0.0067636045
0,0,0.00012274958
0,0,0.11196773
0,0,0.13821034
0,0,0.023379387
0,0,0.029019967
0,0,0.020328145
0,1,0.6707506
0,0,0.011855438
0,0,0.0029456893
0,0,0.07365709
0,0,0.10188549
0,0,0.0073363543
0,1,0.6151455
0,0,0.0024279521
0,0,0.12145977
0,0,0.0042113843
0,0,0.008386396
0,0,0.033908997
0,1,0.6528207
0,1,0.5341518
0,0,0.09383285
0,1,0.5647529
0,0,0.32882267
0,0,0.39423585
0,0,0.059792135
0,0,7.957468e-05
0,0,0.0039596832
0,0,0.19971925
0,0,0.10056363
0,0,0.10372478
0,1,0.55289775
0,0,0.041700084
0,0,0.13197716
0,0,0.02968488
0,0,0.01169782
0,0,0.10130383
1,0,0.38311616
0,0,0.10344875
0,0,0.42692953
0,0,0.32490334
0,0,0.07197812
0,0,0.0028593861
0,0,0.00026104169
0,0,0.040089797
0,0,0.17504594
0,0,0.17005642
0,0,0.0059379865
0,0,0.4226913
0,0,0.040764317
0,1,0.6787009
0,0,0.001937979
0,0,0.4334473
0,0,0.0017606566
0,0,0.20883219
0,0,0.3630501
0,0,0.031817935
0,0,0.19302543
0,0,0.0020392148
0,0,0.06966741
0,0,0.19283116
0,0,0.006563929
0,0,0.043909002
0,0,0.03480181
0,0,0.035612576
0,0,0.010180487
0,0,0.053297475
0,0,0.06359151
0,0,0.07374226
0,1,0.70078623
0,0,0.054796804
0,0,0.037660204
0,0,0.01166029
1,0,0.44296935
0,0,0.008501522
0,0,0.03231426
0,0,0.013044521
0,0,0.109024435
0,0,0.23428196
0,0,0.2778715
0,1,0.8272599
0,0,0.008839151
0,0,0.09927482
0,0,0.06584942
0,0,0.11308491
0,0,0.00010710642
1,1,0.56466293
0,1,0.787869
0,0,0.26982835
1,0,0.3577602
0,0,0.49689868
0,0,0.17835934
0,1,0.58855844
0,0,0.10681989
1,0,0.34417045
1,0,0.19614542
0,0,0.002323871
0,0,0.15230566
1,1,0.80922115
0,0,0.13622616
0,0,0.45868608
0,0,0.070894554
0,0,0.3158375
0,0,0.066875055
0,0,0.008646929
0,0,0.44795147
0,0,0.3076076
0,0,0.31680515
0,0,0.2846054
0,0,0.085210666
1,0,0.43572313
1,0,0.4390019
0,0,0.00045703768
0,0,0.007643982
0,0,0.009409544
0,0,0.45011607
0,0,0.26107356
0,0,0.017607754
0,0,0.01621128
0,0,0.02757468
1,1,0.8001229
0,0,0.06621238
0,1,0.51237816
0,0,0.05404014
0,0,0.40675178
0,0,0.41713274
0,0,0.045760166
0,0,0.34594703
0,0,0.22389454
0,0,0.03627234
0,0,0.17277205
0,1,0.5893131
0,0,0.24604407
0,1,0.67022985
0,1,0.6540162
0,0,0.10909658
0,1,0.66895115
0,0,0.373255
0,0,0.003640524
0,0,0.028853731
0,0,0.01568603
0,0,0.015710512
0,0,0.1812743
1,0,0.23178169
0,0,0.0430243
0,0,0.28931463
0,0,0.002399705
0,0,0.15658715
1,1,0.77649254
0,0,0.27503368
0,0,0.41375864
0,1,0.85965806
0,0,0.013933464
0,0,0.08577256
0,0,0.0040870835
1,1,0.54335415
0,0,0.32098576
0,0,0.24671607
0,0,0.006595337
0,0,0.09039824
0,0,0.010606897
0,0,0.09713783
0,0,0.04839658
0,0,0.05217781
0,0,0.032754425
0,0,0.00092610816
1,0,0.026805375
0,0,0.0008716397
0,0,0.011184769
0,0,0.28223085
0,0,0.44871968
0,0,0.22955903
0,0,0.28521067
0,0,0.0018790497
0,0,0.00045101237
1,1,0.75324076
0,0,0.00011812188
0,0,0.44021508
0,0,0.006775213
0,0,7.714324e-05
0,0,0.37934938
0,0,0.004647339
0,1,0.691695
0,0,0.22372542
0,0,0.02135407
0,0,0.06615678
0,1,0.7005327
0,0,0.30951643
0,0,0.024918174
0,0,0.16381447
0,1,0.6655305
0,0,0.13267837
0,0,0.003637336
0,0,0.3150729
1,1,0.59654105
0,0,0.012042127
0,0,0.31014502
0,0,0.10867263
0,0,0.0695001
0,0,0.018187508
0,0,0.0054986435
0,0,0.0611772
0,1,0.53730506
0,0,0.37387934
0,0,0.01547847
0,0,0.20179093
0,0,0.0039746854
0,0,0.23869804
0,0,0.04632272
0,1,0.5018762
0,0,0.15685676
0,0,0.23798512
0,0,0.004280486
0,0,0.3614109
0,0,0.021882389
1,1,0.7337844
0,0,0.2367901
0,0,0.16747378
0,1,0.62166715
0,0,0.06194667
0,0,0.08074817
0,0,0.3579459
0,0,0.022970231
0,0,0.12041453
0,0,0.27372912
0,0,0.3873454
0,0,0.059187196
0,0,0.11042136
1,1,0.5318057
0,0,0.1306912
0,0,0.02445429
0,0,0.021192743
0,0,0.1044753
0,0,9.527771e-05
0,0,0.20778137
0,0,0.44764942
1,0,0.40439057
0,0,0.3309495
0,0,0.19171956
0,1,0.62669253
0,1,0.5386065
0,0,0.15534131
0,0,0.4417779
0,0,0.012049488
0,0,0.005032674
0,0,0.08244115
0,0,0.22930886
0,0,0.1387243
0,0,0.015004561
0,1,0.60427743
0,0,0.2015511
0,0,0.41295487
0,0,0.15332003
1,1,0.8911444
0,0,0.18554826
1,1,0.7830166
1,1,0.84142166
0,0,0.016005639
0,1,0.50954527
0,0,0.11134332
0,1,0.58679026
0,0,0.031184379
0,0,0.046202533
0,0,0.40019456
0,0,0.09821591
0,0,0.014321319
0,0,0.14969075
0,0,0.06951642
0,1,0.6576858
0,1,0.72932315
0,0,0.020567715
0,0,0.3399744
0,0,0.42917737
0,0,0.091680825
1,0,0.49506855
0,0,0.0071882564
0,1,0.6793505
0,0,0.17418098
0,0,0.3265421
0,0,0.019209497
0,0,0.004341745
1,0,0.018270101
0,0,0.31961286
0,0,0.26582596
1,0,0.33374414
0,0,0.0008659055
0,0,0.20927455
0,0,0.02123002
0,0,0.098362535
0,0,0.03212185
0,1,0.5251966
0,0,0.000501047
0,0,0.19669718
0,0,0.4771416
0,0,0.004083795
0,0,0.21181253
0,0,0.04936219
0,1,0.7047054
0,0,0.3070779
0,0,0.26023033
1,0,0.039647672
0,0,0.07353537
0,1,0.5318724
0,0,0.39414194
0,0,0.0019172555
0,0,0.041698426
0,1,0.63864386
0,0,0.004417099
0,0,0.0021003266
0,0,0.008747133
0,0,0.23392488
0,0,0.053297896
0,0,0.007714434
0,1,0.5237359
0,0,0.00040731658
0,0,0.114257224
1,1,0.70032203
0,0,0.07005682
0,0,0.20795181
0,0,2.565691e-05
0,0,0.030345626
0,0,0.0101578515
0,0,0.29046756
0,0,0.072717994
0,0,4.6140238e-05
0,0,0.0010733202
1,1,0.50197035
0,0,0.10186614
0,1,0.7136536
0,0,0.012808166
0,0,0.29769033
0,0,0.012934553
0,0,0.18300179
0,0,0.058801
0,0,0.4442805
0,0,0.0077446755
0,0,0.45318782
0,0,1.803697e-05
0,0,0.33290958
0,0,0.0776279
0,0,0.058563743
0,0,0.19170833
0,0,0.021889417
0,0,0.25183302
0,0,0.40446103
0,0,0.3175585
1,1,0.5480461
0,0,0.36128113
0,0,0.046607964
0,0,0.14019085
0,0,0.008825751
0,0,0.34958634
0,0,0.094549626
0,0,0.03150631
0,0,0.011989488
0,0,0.0037241103
0,0,0.010988228
0,1,0.66680914
0,1,0.5840674
0,0,0.36613294
0,0,0.28881416
0,1,0.7325707
0,0,0.0024371431
0,0,0.1768062
0,0,0.034156997
0,0,0.102707885
0,0,0.21515486
0,0,0.10559951
0,0,0.1221848
0,0,0.1008825
0,0,2.144458e-05
0,0,0.016884958
0,0,0.47003067
0,0,0.040210567
0,0,0.06798402
0,0,0.012177464
0,0,0.041188464
0,0,0.010939603
0,0,9.527771e-05
0,0,0.11615582
0,0,0.040883347
0,0,0.45499557
0,0,0.005038236
0,0,0.3947995
1,0,0.39141187
0,0,0.07551314
0,0,0.16958478
0,0,0.0015340355
0,0,0.094388075
0,1,0.7582784
0,0,0.21085905
1,1,0.78770864
1,1,0.52969754
0,1,0.65616983
0,0,0.05668941
0,0,0.05598581
0,0,0.008449238
0,0,0.1011612
0,0,0.0064878943
0,0,0.09275722
0,0,0.08966448
0,0,0.38864765
0,0,0.043266967
0,0,0.011714205
0,1,0.69133043
0,0,0.0028494636
0,0,0.30602735
0,0,0.32530096
0,0,0.11824268
0,1,0.92104715
0,0,0.09261991
0,0,0.15376449
0,0,0.095492326
0,0,0.3188341
1,1,0.7288654
0,1,0.50322175
0,1,0.9017983
0,0,0.016241957
0,1,0.66468734
0,0,0.024813253
0,0,0.231649
0,0,0.41438118
0,1,0.6695409
1,0,0.4807098
0,0,0.3851017
0,0,0.08668274
0,1,0.63027537
0,0,0.00066240825
0,0,0.2729781
1,1,0.6316089
0,0,0.05816062
0,0,0.13732165
0,0,0.06737313
0,0,0.051047727
0,0,0.060448308
0,0,0.45569453
0,0,0.023779297
0,0,0.0029975849
1,1,0.75809544
0,0,0.0697889
0,0,0.00011812188
0,0,0.04101416
0,0,0.1230762
0,0,0.14819337
1,0,0.45611325
1,0,0.36725736
0,1,0.56909347
0,0,0.18264076
0,0,3.7146587e-05
0,0,0.010098253
0,0,0.023249898
1,0,0.41482157
0,0,0.14722459
0,0,0.06582672
0,0,0.2754568
0,0,0.23753929
0,0,0.22039613
0,0,0.008866082
0,0,0.010417306
0,1,0.5926786
0,0,0.35342383
0,0,0.030660953
0,1,0.60850567
0,0,0.46548998
0,1,0.51787275
0,0,0.13572223
0,1,0.72330874
0,0,0.012515875
0,0,0.038620908
0,1,0.6374235
0,0,0.010206597
0,0,0.02287103
0,0,0.124236934
0,0,0.01883907
0,0,0.009669764
0,0,0.2088249
0,0,0.023126977
0,0,0.42962685
0,0,0.065599844
1,0,0.34269574
0,1,0.6371121
0,0,0.28861922
0,0,0.49133387
0,0,0.072987705
0,0,0.28581464
0,0,0.020592734
0,1,0.6015073
0,0,0.012952689
0,0,0.0031986241
0,0,0.19366385
0,0,0.0017985351
0,0,0.00087714975
0,0,0.3516581
0,0,3.329157e-05
0,0,0.15530752
0,0,0.0011022582
0,0,0.038666815
1,1,0.6410783
0,0,0.0070662233
1,0,0.29530177
0,0,0.0012020528
0,0,0.003166974
0,0,0.13008098
0,1,0.7074079
0,0,0.08938322
0,0,0.0013546526
0,0,0.0058627445
0,0,0.19042373
0,0,0.44243872
0,0,0.00061576936
0,0,0.20831911
0,0,0.1604794
0,0,0.404361
0,0,0.0038672448
0,0,0.083021276
0,0,0.20981728
0,0,0.38750625
0,0,0.20079166
0,0,0.15475096
0,0,0.035792943
0,0,0.11510857
0,0,0.13652834
0,1,0.61496156
0,0,0.17128572
0,0,0.34215736
0,0,0.058503054
0,0,0.019456657
0,0,0.052037753
0,1,0.55840194
0,0,0.025651887
0,1,0.83297294
0,0,0.03234093
0,0,0.044097204
0,0,0.0032997066
0,1,0.8204413
0,0,0.41081882
0,0,0.02952183
0,0,0.37539184
0,1,0.832109
0,1,0.5272193
0,0,0.04546791
0,0,6.73075e-05
0,0,0.002848777
0,0,0.22007082
0,0,0.0076754824
0,1,0.545303
0,0,0.18926278
0,0,0.040982082
0,0,2.8047481e-05
0,0,0.027932888
1,1,0.7642106
1,0,0.14956157
1,1,0.8591658
0,0,0.0013982002
0,0,0.105264276
1,0,0.31676495
0,0,0.0017653485
0,0,0.0030967675
0,0,0.041531224
0,0,0.015756154
0,0,0.015252189
1,0,0.12455302
0,0,0.4772485
0,0,0.030398032
0,0,0.13365014
0,0,0.11897682
0,0,0.0041027474
1,0,0.30912343
0,0,0.029770052
0,0,0.105445765
0,0,0.25150582
0,0,7.957468e-05
0,0,0.003929326
0,0,0.00092610816
0,1,0.54301995
0,0,0.14922453
0,0,0.026244808
0,0,0.021068199
0,0,0.06559379
0,0,0.009905095
0,0,0.1926015
0,0,0.24089767
0,0,0.45605072
0,0,0.0041558156
0,1,0.6219684
0,0,0.32544878
0,0,0.0028652344
0,0,0.0020132132
0,0,0.46898368
0,0,0.4644991
0,0,0.1675844
0,0,0.3133636
0,0,0.1418244
0,0,0.09036766
0,0,0.12483734
0,0,0.17711334
0,0,0.3866241
0,0,0.012004013
0,0,0.028531605
0,0,0.09626989
0,0,0.10524915
0,1,0.6459537
0,0,0.48913002
0,0,0.46924236
0,0,0.007551125
0,0,0.001975071
0,0,0.45685604
0,1,0.62580675
0,1,0.54506874
0,0,0.43327335
0,0,0.24570957
0,0,0.2783177
0,0,0.39798862
0,0,0.24812917
0,0,0.112339
0,0,0.17896625
0,0,0.005364858
0,1,0.7326811
0,0,0.32223967
1,1,0.64637786
0,0,0.16224556
0,1,0.59783375
0,0,0.007336896
0,0,0.44980684
0,0,0.13731879
0,1,0.6285592
0,1,0.58644885
0,0,0.28249142
0,0,0.03743422
0,0,0.08980203
0,0,0.031772304
0,0,0.1740848
0,0,0.2723286
0,0,0.13580804
0,0,4.6140238e-05
0,0,0.014128703
0,1,0.6733132
0,1,0.5646019
0,0,0.35293707
0,0,0.04476737
1,0,0.05523899
0,0,0.09157437
0,0,0.18173093
0,0,0.03055905
0,1,0.811369
1,1,0.5588997
0,0,0.09687612
0,0,0.06185184
0,1,0.64321154
0,0,0.00027265353
0,0,2.1538512e-05
0,0,0.29416513
1,1,0.5579254
0,0,0.00038486606
0,0,0.011430694
0,0,0.3738776
0,0,0.10321739
0,0,0.09394363
0,1,0.6961964
0,0,0.24084206
0,0,0.086091846
0,1,0.6316433
0,0,0.23145334
0,0,0.12975469
0,0,0.0489478
0,0,0.06717501
0,0,0.04047663
0,0,0.059572738
0,0,0.011793993
1,0,0.023960676
0,1,0.59676015
0,1,0.6141524
0,0,0.00867032
0,0,0.22154343
0,0,0.16096993
0,0,0.14536852
0,0,0.3531613
0,0,0.2815561
1,1,0.58286196
0,0,0.24472108
0,0,0.035241198
0,0,0.3015034
0,0,0.07779358
0,0,0.10916748
0,0,0.06656322
0,0,0.053153455
0,0,0.43758902
0,0,0.0005584347
0,0,0.21928781
0,0,0.4005082
0,0,0.36759707
0,0,0.030699356
0,0,0.005061655
0,0,0.0020126654
0,0,0.092903204
0,0,0.063197225
0,0,0.004292245
0,0,0.008530583
0,0,0.22041573
1,0,0.48410678
0,0,0.024762617
0,0,0.16209567
0,0,0.24854136
0,0,0.4244899
0,0,0.011287233
0,0,0.19076848
0,0,0.029472705
0,0,0.0758225
0,0,0.081461914
0,0,0.10097695
0,0,0.11795706
0,0,0.08018852
0,0,0.22465011
0,0,0.21740864
0,0,0.40694815
0,0,0.033373676
1,1,0.6917569
0,0,0.071364194
0,0,0.069657974
1,1,0.63856214
0,0,0.35930386
0,1,0.6152985
0,0,0.13747725
0,0,0.43122882
0,0,0.4062685
0,0,0.0058708466
0,0,0.1773515
0,0,0.062216368
0,0,0.29712063
1,1,0.52104664
0,0,0.27372408
0,0,0.0077515235
0,0,0.21273717
0,0,0.053321797
0,1,0.64344007
0,1,0.5643056
0,0,0.3458483
0,1,0.74791384
0,0,0.022982804
0,0,0.0030130353
1,1,0.5114087
0,0,0.1535048
0,1,0.53872687
0,0,0.30734155
0,1,0.57368153
0,0,0.41609532
0,0,0.062693685
0,0,0.0035478382
0,0,0.16786456
0,0,0.13135472
0,0,0.08240621
0,0,0.0015656092
0,0,0.0027493564
0,0,0.03102
0,0,0.03188654
1,0,0.059385575
0,0,0.051250957
0,0,0.0006363622
0,0,2.7460977e-05
0,0,0.43105686
0,0,0.0001852466
0,0,0.057366107
0,0,0.0542056
0,0,0.008610133
0,0,3.7146587e-05
0,0,0.12227011
0,0,0.02484896
0,0,0.05544711
0,0,0.00014623078
0,0,0.025488535
0,0,0.039487395
0,0,0.18325806
0,1,0.5352116
0,0,2.5044234e-05
0,1,0.79846823
0,0,0.3624173
0,1,0.63105506
0,0,0.018030869
0,0,0.00017147716
0,0,0.13872032
0,0,0.07289639
1,0,0.44911122
0,0,0.04503186
0,0,0.033183612
0,0,0.15846938
0,0,0.0055303453
0,0,0.000635398
1,0,0.19555035
0,0,0.17304821
1,1,0.7909959
0,0,0.24647902
1,1,0.8339222
0,0,0.39615172
0,0,0.0048222058
0,0,0.0011001707
0,0,0.09050033
0,0,0.00026457311
1,1,0.7415264
0,0,0.029547026
0,0,0.023645386
0,0,0.34701502
0,0,0.32608002
0,0,0.21871449
0,1,0.6292439
0,0,0.053386137
0,0,0.08268859
0,0,0.11405333
0,0,0.3156368
0,0,0.00078549224
0,1,0.61961085
0,1,0.8587243
0,1,0.6131879
0,0,3.9187715e-05
0,0,0.42506406
0,0,0.16975132
0,0,0.3955066
0,0,0.19207755
0,0,0.039777026
0,0,0.14790064
0,0,0.03884985
0,0,0.027006526
0,0,0.21959703
0,0,0.34064695
0,0,0.12865411
1,1,0.84665066
0,0,0.0052231154
0,0,0.016436439
1,0,0.41941807
0,0,0.024366584
0,1,0.86487013
0,0,0.2148518
0,0,0.02557555
0,0,0.46440208
0,1,0.66403985
0,0,0.0004063875
0,0,0.1352721
0,0,0.21982709
0,0,0.03096333
1,1,0.85710424
0,1,0.52469176
0,0,0.026795408
0,1,0.777283
0,0,0.03130082
0,0,0.0005091114
0,0,0.05161445
0,0,0.0018675748
0,0,0.09963343
0,0,0.03850745
0,0,0.28799152
0,0,0.032714542
0,0,0.22960018
0,0,0.19846524
0,0,3.4168115e-05
1,0,0.29527846
0,1,0.7261407
1,1,0.791929
0,0,0.13501878
0,0,0.0022961064
0,1,0.5539841
0,0,0.27851686
0,0,0.30352798
0,0,0.0031444589
0,0,0.26179603
0,0,0.042938724
0,0,0.034677867
0,0,0.23475428
0,1,0.71856505
0,0,0.0036625266
0,1,0.57962644
1,0,0.07968462
1,0,0.123612046
0,0,0.0065053944
0,0,0.44770113
0,0,0.46747994
0,1,0.6403212
0,0,0.32507107
0,0,0.36758748
1,0,0.19847083
0,0,0.16756727
0,0,0.35177004
0,0,0.07630624
0,0,0.17305689
0,0,0.052792978
0,0,0.40169877
0,0,0.022130799
0,0,0.05582549
0,0,0.058673274
0,0,0.06961476
0,1,0.7090598
0,0,3.558563e-05
0,1,0.82761353
1,0,0.23646891
0,0,0.3738702
0,1,0.76756746
0,0,0.05477388
0,0,8.8768786e-05
1,1,0.8952048
0,0,0.014603685
0,0,0.1337678
0,0,0.2420144
0,0,0.042751476
0,0,0.03753282
0,1,0.6126983
0,1,0.87907267
0,0,0.22381377
1,0,0.06814533
0,0,0.072564006
0,1,0.6346392
0,1,0.6251672
0,0,0.041509088
0,0,0.17260803
0,0,0.091632575
0,0,0.00983396
1,0,0.107951835
0,0,0.2423782
1,0,0.021946857
0,1,0.50029993
0,0,0.2541494
0,0,0.18254259
0,0,0.08519423
0,0,0.00016506844
0,1,0.71443444
0,0,0.15887822
0,1,0.8106437
0,0,0.28905487
0,0,0.0054529016
1,0,0.48162168
0,0,0.41273478
0,0,0.0048630284
0,0,0.4566512
0,0,0.20905317
0,0,0.22742689
0,0,0.034068886
0,0,0.27528235
0,0,0.30368724
1,1,0.7038554
0,1,0.6907139
0,0,0.00042787546
0,0,0.014128708
0,0,0.0703917
0,0,0.3080362
1,1,0.6276078
0,0,0.15992953
0,0,0.0004414511
0,1,0.5354232
0,0,0.009598544
0,0,0.48866022
0,0,0.017001057
0,0,0.12064999
0,0,0.036955014
0,0,0.0011090138
0,0,0.04660199
0,0,0.36535978
0,0,0.076562196
0,0,0.34969497
1,1,0.72282124
0,0,0.2700507
0,0,0.038379744
0,0,0.0006246117
1,0,0.41588613
1,0,0.45804527
0,0,0.31151447
0,0,0.0018144214
0,0,0.32136995
0,0,0.17190993
0,0,0.0062681977
0,0,3.7146587e-05
0,0,0.44269088
1,1,0.5921682
0,1,0.613425
0,0,0.041493192
1,1,0.5413263
0,0,0.044538863
0,0,0.06170983
0,0,0.059738703
0,0,0.19658123
0,1,0.6775291
0,0,0.024894139
0,1,0.6857587
1,0,0.2950959
0,0,0.17031941
0,0,0.23489775
0,0,0.08498292
0,0,0.005920264
0,0,0.031050831
0,0,0.060131922
0,0,0.043690205
0,0,0.007405141
0,0,0.3700898
0,0,0.00041788621
0,0,0.26353756
0,0,0.14001976
0,0,0.036498696
0,0,0.31140408
0,0,0.16065906
0,0,0.090699814
0,0,0.04747014
0,0,0.00045956692
0,0,0.006122184
0,0,0.00023104646
0,0,0.007546723
0,0,0.018268742
0,0,0.13329856
0,1,0.95798796
0,0,0.26724857
0,0,0.016258186
0,0,0.24926175
0,0,0.06665361
0,0,0.06296565
1,1,0.6913735
0,0,0.06350812
0,0,0.018474916
0,0,0.42596382
0,0,0.20194845
0,0,0.007265247
1,1,0.82270604
0,0,0.032780994
1,1,0.6427728
0,0,0.11168144
1,1,0.77405
0,1,0.6070046
0,0,0.35220313
0,1,0.5956202
0,0,0.3617698
0,0,0.12606199
0,0,0.06380171
0,0,0.16805819
0,0,0.44216007
0,0,0.014281102
0,1,0.6073451
0,0,0.0011701393
0,0,0.4099871
0,1,0.61229014
0,0,0.18965659
1,1,0.9179046
0,0,0.013223332
0,0,0.3033725
1,1,0.7217436
0,0,0.20405401
0,0,0.021748472
0,0,0.25150913
0,0,0.039005052
0,0,0.03847232
0,0,0.018311748
0,0,0.19555187
0,0,0.28286928
0,0,0.011023018
0,1,0.6435489
0,0,0.009439958
0,0,0.27694502
0,0,0.21218073
0,0,0.45098937
0,0,0.49073267
0,0,0.061725397
0,0,0.14699945
0,0,0.00022122457
0,0,0.12129291
0,0,0.16608332
0,0,0.26871577
0,0,0.0002719261
0,0,0.30322015
0,0,0.074546926
0,0,0.0115880305
0,0,0.06047882
1,0,0.015508873
0,0,0.33870396
0,0,0.34144765
0,0,0.021280434
0,0,0.009720013
0,0,0.4372559
0,0,0.272321
0,1,0.81364155
0,0,0.007927183
0,0,0.15345877
0,0,0.27892074
0,0,0.121146694
0,0,0.19791356
1,0,0.44061518
0,0,0.13094796
0,0,0.41798085
0,0,0.49646863
0,0,0.30826074
0,0,0.44796544
0,1,0.5303039
1,1,0.73872876
0,0,0.011504559
0,0,0.00010542937
0,0,0.30634478
0,0,1.3975295e-05
0,0,0.30609587
0,0,0.35727128
0,0,0.29005986
0,0,0.12894562
0,0,0.28176162
1,0,0.07178511
0,0,0.09399946
0,0,0.18676521
1,0,0.07130675
0,1,0.6487504
0,0,0.002959571
0,0,0.41546682
0,0,0.011166589
0,1,0.56197566
0,0,0.07861297
0,0,0.18377568
0,0,0.002662653
0,0,0.49832526
0,0,0.004470737
0,1,0.74146646
0,1,0.68891424
0,1,0.81930876
0,1,0.5669043
0,0,0.18355167
0,0,0.001173488
0,0,0.08586304
1,0,0.4692666
0,0,0.07164026
0,0,0.00932478
0,0,0.06922413
0,0,0.15074135
0,0,0.03997666
0,0,0.017618554
0,0,0.039352342
1,0,0.17905214
0,0,0.24281704
0,0,0.105554715
0,0,0.045200493
0,0,0.015396213
0,0,0.060508683
0,0,0.1304396
1,1,0.57470644
0,0,0.034543503
0,1,0.80322313
0,0,0.18653694
0,0,0.034003887
1,0,0.38863832
0,0,0.0076037315
0,1,0.54171115
0,0,0.00025406943
0,0,0.2721636
0,0,0.27659297
0,0,0.41520017
0,0,0.15218078
0,0,0.3892276
0,0,0.4573014
0,0,0.010032335
0,0,8.426046e-05
0,0,0.00031039055
0,0,0.2919438
0,0,0.000451755
0,0,0.25583243
0,0,0.008848727
0,0,0.46053064
0,0,0.0712367
1,0,0.30048722
0,0,0.027939744
0,0,0.39578584
0,0,0.005002961
0,0,0.2278366
0,0,0.025149183
0,0,0.21286915
0,1,0.6082732
0,0,0.06535402
0,0,3.912166e-05
0,0,0.021644248
0,1,0.8458348
0,0,0.49760658
0,0,0.008118018
0,0,0.004873049
0,0,0.007559892
0,0,0.14359877
1,0,0.33420295
0,0,0.0038954052
0,0,0.08756311
0,0,0.033255946
1,0,0.4836382
0,0,0.28591773
1,0,0.48259783
0,1,0.6396803
0,1,0.714642
0,1,0.5015001
0,0,0.032895014
0,0,0.084225
0,0,0.025778359
0,0,0.021933239
0,0,0.07591036
0,0,0.32597268
0,0,5.5011995e-05
0,0,0.3000545
1,0,0.45817295
0,0,0.003628861
0,0,0.38059103
0,0,0.051274296
0,1,0.83842415
1,0,0.3190237
0,0,0.0030792463
0,0,0.060648117
0,0,0.18820044
0,0,0.4124642
0,1,0.6650193
0,0,0.199849
0,0,0.14415085
0,0,0.4976501
0,0,0.036156848
0,0,0.16674618
0,0,0.1592277
0,0,0.12122756
0,0,0.30584788
0,0,0.01803947
0,0,0.00989008
0,0,0.023760732
0,0,0.15278827
0,0,0.00011339473
0,0,0.10255234
0,0,0.009614069
0,0,0.008215461
0,1,0.61685115
0,0,0.4577594
1,0,0.119770326
0,0,0.26795974
0,0,0.008332882
0,0,0.009235704
0,0,0.011368085
0,1,0.7279675
0,0,0.2054427
0,0,0.45527375
0,0,0.114830464
1,0,0.23269095
0,0,0.048025988
0,0,0.04256201
0,0,0.14755826
0,0,0.00092610816
0,0,0.32162014
1,1,0.5915936
0,0,0.4127782
0,0,0.09379592
0,0,0.051772486
1,1,0.7108837
0,0,0.32326537
0,0,0.4083655
0,0,0.066301115
0,0,0.30872613
0,1,0.6581905
0,0,0.1691793
0,0,0.12228516
1,1,0.8857315
0,0,0.006057574
0,0,0.0554372
1,0,0.2880324
1,0,0.47191936
0,1,0.51674014
0,0,0.14344983
0,0,0.06291066
0,0,0.020915475
0,1,0.64986
0,0,0.13075756
0,0,0.026679981
0,0,0.16019045
0,0,0.38144898
0,0,0.011103468
0,0,0.39074633
0,0,0.029692147
0,0,0.26202333
0,0,0.34584624
0,0,0.03314103
0,0,0.00025406943
0,0,0.10342443
1,1,0.66094154
0,0,0.012444532
0,0,0.027280062
0,0,0.12059522
0,0,2.1538512e-05
1,1,0.69419837
0,1,0.5738329
0,0,0.053227317
0,0,0.14965203
0,0,0.29555786
0,0,0.010462612
0,0,4.6140238e-05
0,0,6.9069785e-05
0,0,0.049198776
0,1,0.71968377
0,0,0.42975867
0,0,0.19501646
0,0,0.0832831
0,0,0.03600317
0,0,0.0112699885
0,0,0.00042235947
0,0,0.0003667825
0,0,0.3725204
1,1,0.82666653
0,0,0.12186395
0,0,0.04587653
0,0,0.06579349
0,0,0.2663529
0,0,0.00051490456
0,1,0.7904835
0,0,0.1498098
0,0,0.00024596418
0,0,0.05627355
0,0,0.13607752
0,0,2.5044234e-05
0,1,0.6507779
0,0,0.06321629
0,0,0.36510167
0,1,0.6043546
0,0,0.36465323
0,0,0.25049052
0,0,0.038468458
0,0,0.030400952
0,1,0.6161168
0,0,0.08507249
0,0,0.0001296772
0,0,0.2638927
0,0,0.12797546
0,0,0.020808669
0,0,0.018776773
0,0,0.025637586
1,0,0.14533688
0,0,0.36963803
0,0,0.0045738076
0,0,0.074033394
0,0,0.044637762
0,0,0.086883895
0,1,0.8786359
0,0,0.005361976
0,0,0.18295532
0,0,0.0344336
0,0,0.018960668
0,0,0.28480488
0,0,0.03962194
0,0,0.13978006
0,0,0.0024102826
0,1,0.5825212
0,0,0.011246655
0,0,0.041698426
0,0,0.28087968
0,0,9.4609655e-05
0,0,0.12705274
0,0,0.12339827
0,0,0.2758993
0,0,0.04469124
0,0,0.41161746
0,0,0.05038002
0,1,0.60408014
0,0,0.07530731
0,0,0.047537155
0,0,0.42147735
1,0,0.1805091
0,0,0.47024497
0,0,0.13123609
1,0,0.36773685
0,0,0.0024682542
1,0,0.08697196
0,0,0.012447543
1,1,0.9224645
0,0,0.017359154
0,0,0.1772391
0,0,0.01738903
0,1,0.7562601
0,0,0.3165606
0,0,0.0121921
0,0,0.0023676644
0,0,0.39793408
0,0,0.2240752
0,0,0.230707
1,0,0.08667509
0,1,0.5585762
0,0,0.012302612
0,0,0.06385603
0,0,0.003298018
0,0,0.00432599
1,1,0.5030692
0,0,0.007611493
0,0,0.01907767
0,0,0.013513753
0,0,0.2947178
0,0,0.0068602352
0,0,0.26165217
0,0,0.034252297
0,0,0.38730818
0,0,0.012259485
0,0,0.0016626202
0,0,0.18149242
0,0,0.00014785735
0,0,0.34517765
0,0,0.03880317
1,1,0.7843376
0,0,0.016498253
0,1,0.5534744
0,0,0.05639168
0,0,0.29695314
1,1,0.5182379
0,1,0.57161725
0,1,0.51922625
0,0,0.4855911
0,0,0.08395182
1,0,0.30218998
0,0,0.04225883
0,0,0.12957415
0,0,0.31022346
0,0,0.008007148
0,1,0.75835544
1,0,0.329418
0,0,0.005267144
0,1,0.6910917
0,0,0.0031197653
0,0,0.0962482
0,1,0.75814
0,0,0.0070098103
0,0,0.00058550254
0,0,0.015507244
0,0,0.0055090417
0,1,0.5708278
0,1,0.79031634
1,1,0.6576858
0,0,0.059452508
0,0,0.2048162
0,0,6.425713e-05
0,0,0.20314254
0,0,0.3165121
0,1,0.5561804
0,0,0.082022846
0,1,0.60234314
0,0,0.09193003
1,1,0.50239205
0,0,0.32330945
0,0,0.004625501
1,0,0.17770664
0,0,0.08900941
0,0,0.029412778
0,0,0.08749224
0,0,0.15497442
0,0,0.00048474027
0,0,0.0028084929
0,0,0.30634508
0,0,0.22312173
0,1,0.8698298
0,0,0.20696157
0,0,0.24927108
0,0,0.3051147
0,0,0.3334034
0,0,0.033770308
0,0,0.012170084
0,0,0.39798784
1,1,0.6223995
0,0,0.21917653
0,0,0.1823877
0,0,0.08223071
0,0,0.42110935
0,0,0.26017156
0,0,0.0042833732
0,0,0.08447317
0,0,0.32070708
0,0,0.024356952
0,0,0.0849033
0,1,0.565194
0,0,9.6475385e-05
0,0,0.3414801
0,1,0.5991912
0,0,3.7146587e-05
0,1,0.81351346
0,0,0.06811204
0,1,0.51261294
0,0,0.010839682
1,0,0.122832514
0,0,0.15628362
0,0,0.0019985912
0,0,0.19956258
0,0,0.071870714
0,0,0.04936219
1,0,0.45483503
0,0,0.04028668
0,0,0.053939767
0,0,0.03810798
0,0,0.09658827
0,0,0.33493486
0,0,0.02344656
0,0,0.01941938
0,0,0.18223795
0,0,0.00045956692
0,0,0.10619867
0,0,0.080509335
0,1,0.66004276
0,1,0.52745247
0,0,0.0014398071
0,0,0.49851966
0,1,0.63980913
0,0,0.020074496
0,0,0.3198873
0,0,0.26479083
0,1,0.57731164
0,1,0.7189801
0,0,0.13417639
0,0,0.096549354
0,1,0.58366144
0,0,0.22263493
0,0,0.012981471
0,0,0.07762438
0,0,7.132638e-05
0,1,0.6078637
0,0,0.113406084
0,0,0.2638721
0,0,0.48663667
0,0,0.033693887
0,1,0.75883317
0,0,0.038001686
0,0,7.132638e-05
0,0,0.01033649
0,0,0.25167134
0,0,0.09296695
0,0,0.082796074
0,0,0.0063517895
0,0,0.028712802
0,0,0.20071213
1,0,0.30569926
0,1,0.6753736
0,0,0.006823176
0,0,0.006943154
0,1,0.6538423
0,0,0.29871
0,0,0.0048466194
0,0,0.119680755
0,0,0.3094961
0,0,0.12889694
0,0,0.06358214
0,0,0.19051667
0,0,0.2565227
0,0,9.4822535e-05
0,1,0.7566641
0,0,0.022395324
0,0,0.024826843
0,0,0.021394456
0,0,0.1922104
1,1,0.9398128
1,1,0.6119047
0,0,0.18999863
0,0,0.0060872803
0,0,0.088723995
1,0,0.31704077
0,0,0.31635463
1,1,0.70585006
0,0,0.00044488983
0,0,0.0012581947
0,1,0.6021808
0,0,0.16755226
0,0,0.09652396
0,0,0.00013241507
1,1,0.70047337
0,0,3.2301257e-05
1,0,0.3985739
0,0,0.184152
0,0,0.00033730603
0,1,0.7846818
0,0,0.27249667
0,0,0.01142424
0,0,0.098536395
0,0,0.21577649
0,1,0.58981407
0,0,0.0015749977
0,0,0.15130891
0,0,0.018286312
0,0,5.7531703e-05
0,0,0.23701501
0,0,0.41856802
1,1,0.65805906
0,0,0.0018414855
0,0,0.096435234
0,1,0.7269782
0,0,0.046741124
0,0,0.013963744
0,1,0.80093783
0,0,0.22652826
0,0,0.2716732
0,0,0.010810445
1,1,0.7927223
0,0,8.426046e-05
0,0,0.42512512
0,0,0.18145826
0,0,0.055026885
1,0,0.25375435
0,0,0.018311748
0,0,0.3955401
0,0,0.16379929
0,0,0.0005849941
1,0,0.42643493
0,0,0.31235713
0,0,0.060941413
0,0,0.002121631
1,0,0.31691608
0,0,0.3287613
0,0,0.27087995
0,0,0.017417774
0,0,0.23060603
0,0,0.0032225975
0,0,0.022632038
0,0,0.4680009
0,0,7.628856e-05
0,0,0.05985633
0,0,0.034036748
0,0,0.34418952
0,1,0.6816983
0,0,0.005572984
0,0,0.06321376
0,0,0.17737073
0,0,0.27402732
0,0,0.043765713
0,0,0.37779573
0,0,0.1247694
0,0,0.00011812188
0,0,0.2157883
0,0,0.11228847
0,0,0.07017389
0,1,0.7396537
0,0,0.018323984
0,0,0.12770823
0,0,0.22112538
0,0,0.36915177
0,0,0.102279514
0,0,0.013761399
0,0,0.07447121
0,1,0.6498697
0,1,0.59140533
0,0,0.00801254
0,0,0.023268722
0,1,0.7358606
0,0,0.008251001
1,0,0.25659996
0,1,0.6020932
0,0,0.0069334256
1,0,0.11636723
1,0,0.38580638
0,0,0.24695933
0,0,0.038233854
0,0,0.023295585
0,0,0.054672338
0,0,0.09004757
0,0,0.028322468
0,0,0.078400694
0,0,0.10415154
0,0,0.040782657
0,0,0.023208385
0,0,0.0026219634
0,0,0.23549107
0,0,0.43606317
0,0,0.13066833
0,0,0.18430936
0,0,0.17006621
0,0,0.043567076
0,0,0.03026927
0,1,0.5123165
0,0,0.0006080409
0,1,0.6392667
0,0,0.11999233
0,0,0.28860548
0,1,0.6776684
0,0,0.34998327
0,0,0.39192098
0,0,0.19412704
0,0,0.31674537
1,1,0.6019494
0,0,0.31517875
0,0,0.043640334
0,0,7.132638e-05
0,1,0.83872646
0,0,0.0015850186
0,0,0.05307299
0,0,0.48493627
0,0,0.48203388
0,1,0.6912474
0,0,0.000112705675
0,0,3.176115e-05
0,0,0.45320383
0,1,0.5190521
1,0,0.48042464
0,1,0.57750946
0,0,0.3531372
0,0,2.6344649e-05
0,0,0.09926877
0,0,0.40664232
1,1,0.80479395
0,1,0.52379656
0,0,3.329157e-05
0,0,8.8768786e-05
0,0,0.014478615
0,1,0.608937
0,0,0.23683307
0,1,0.59083915
0,1,0.5337719
0,0,0.07550515
0,0,0.062283006
0,0,0.022909312
0,0,0.04924516
0,0,0.06798701
0,0,0.12369427
0,0,0.0072221677
0,0,0.123165004
0,1,0.61944324
0,0,0.08699357
0,0,0.087873936
0,0,0.015199466
0,1,0.59012955
1,0,0.17081095
0,0,0.0017610515
0,0,0.32259512
0,0,0.25811964
0,0,0.0120429
0,0,0.45674083
0,0,0.31416458
0,0,0.025790421
0,0,0.07659295
0,0,0.0014162752
0,0,0.092888296
0,0,0.11059717
0,1,0.59636444
0,0,0.10291036
0,0,0.4152592
1,0,0.31431177
0,0,0.30512267
1,1,0.8826202
0,0,0.08653892
0,0,0.03195769
0,0,0.008934876
0,0,0.12820481
0,0,0.010327596
1,0,0.27358174
0,1,0.71309483
0,0,0.033843484
0,0,0.15050164
0,0,0.0002643147
0,0,0.015975274
0,0,0.0003111259
0,1,0.5790193
0,0,0.18953495
0,0,0.09870048
1,0,0.47708705
0,0,0.31351942
0,0,0.03166194
0,0,0.3923177
0,0,0.004325772
0,0,0.030005306
0,0,0.0012397552
0,0,0.021031927
1,0,0.015321548
0,0,0.00078416476
1,0,0.43762255
0,1,0.72985953
1,1,0.76615936
0,0,0.0025964268
0,0,0.1798078
0,0,0.3547442
1,1,0.5259391
0,0,0.11677698
0,1,0.5774714
0,0,0.0037328922
0,0,0.039084084
0,0,0.3796837
0,0,0.051405896
0,1,0.73225087
0,0,0.0008946732
0,0,0.10435775
0,0,0.07830619
0,0,0.4420925
1,0,0.24097401
0,0,0.00029996046
1,0,0.15868154
0,0,0.32412085
0,0,0.0060299262
0,0,0.38737527
0,0,0.05931732
0,1,0.89665604
0,0,0.31127936
0,1,0.5015346
0,0,0.38920483
0,0,0.2027938
0,0,0.04298431
0,0,0.2393272
0,0,0.14094445
0,0,0.00554838
0,1,0.5971834
1,0,0.3140098
0,0,0.178529
0,0,0.03252394
0,0,0.33286998
0,0,0.3484298
1,0,0.41299486
0,0,0.28103042
1,1,0.64456815
0,0,0.006846397
0,0,0.03920026
0,1,0.5181496
0,0,3.1066847e-05
0,0,0.39188233
1,1,0.81637824
0,0,0.013841006
1,1,0.74594086
0,0,0.4087308
0,0,0.16495652
0,0,0.3187199
1,0,0.22395292
0,0,0.011959069
0,1,0.58306986
0,0,4.6140238e-05
0,0,0.10555895
0,0,0.24156134
0,0,0.27061182
0,1,0.7007335
0,1,0.65677863
0,0,0.019171614
0,0,0.027458241
1,0,0.046084333
0,0,0.4675867
0,0,0.0005864671
0,0,0.030992458
0,0,0.0035661298
0,0,0.14974712
0,0,0.17523892
1,1,0.725885
0,0,0.001129288
0,0,0.06524811
0,0,0.036953542
0,0,0.0022906382
1,1,0.6882819
0,1,0.57904845
0,0,0.4437292
0,1,0.52717435
0,0,0.46825132
0,0,0.02399376
1,1,0.5484179
0,0,0.20570163
0,0,0.00067975477
0,0,0.3107113
0,0,0.038524073
0,1,0.55084246
0,0,0.19336383
0,0,0.007493798
0,0,0.0090896655
0,0,0.42104146
0,0,0.220373
0,0,0.006390192
0,0,0.40357584
0,0,0.33181566
0,0,0.47713518
0,0,0.002635948
0,0,0.15112272
0,0,0.036397096
0,0,0.04425521
0,0,0.0757825
0,0,0.0546758
0,0,0.021742076
0,0,0.11851809
0,0,0.1441006
1,0,0.39489138
0,0,0.36831737
0,0,0.00077552255
0,0,0.020208733
0,0,0.045382123
0,1,0.65094596
0,0,0.25352383
0,1,0.6970428
0,0,0.036081728
0,0,0.056228068
0,0,0.04835781
0,0,0.402547
0,0,0.10374051
1,0,0.23771498
1,0,0.0050798105
0,0,0.48444608
0,0,0.017219353
0,0,0.091443785
0,0,0.35649887
0,0,0.10229326
0,0,0.059634306
1,1,0.87083536
0,0,0.0042355596
0,0,0.2706702
0,0,0.25264198
0,0,0.01628458
0,0,0.4365158
1,0,0.42861444
0,0,0.0018483934
0,0,0.117450185
0,0,0.031595465
0,0,0.06785647
0,0,0.48688135
0,0,0.028318949
0,0,0.012945778
0,0,0.09883895
0,0,0.03353692
0,0,0.0024316912
0,0,0.042564206
0,0,0.22776504
1,1,0.5654545
0,0,0.33871529
0,0,2.1344462e-05
0,0,0.02342068
0,0,0.00022980581
1,0,0.49369887
0,0,0.42850116
0,0,0.0411013
0,0,0.08739902
0,0,0.034213565
0,0,0.009586562
0,0,0.0033530993
0,0,0.4556994
0,1,0.61821145
0,0,0.07739584
0,0,0.4041142
0,0,0.26369825
0,0,0.08129379
0,0,0.26523644
1,0,0.3373291
0,0,0.00010560173
1,1,0.59962845
0,0,0.021010205
0,0,0.49933878
0,0,0.07469988
0,0,0.16673405
0,0,0.014068606
0,0,0.15696341
0,0,0.36208203
0,0,0.04031411
1,1,0.6114944
0,0,0.16437604
0,0,0.12719662
0,0,0.01026663
0,0,0.0030401598
0,0,0.095662124
0,0,0.22815302
0,1,0.8300981
1,0,0.042086758
0,0,0.24097213
0,1,0.5616664
0,1,0.82167065
1,0,0.3980349
0,1,0.79301846
1,0,0.04797794
0,0,0.0026962147
0,1,0.5487831
0,1,0.5168162
0,0,0.34017152
0,1,0.59074545
0,0,0.18918803
0,0,0.04398476
0,0,0.008492925
0,0,0.22931543
0,0,0.43905696
0,0,0.16423304
0,0,0.2652714
0,1,0.9002312
0,0,0.29139012
0,1,0.6058534
0,0,0.32660753
1,1,0.90020686
0,1,0.67507815
0,0,0.07773564
0,0,0.0013594868
1,0,0.48347688
0,0,0.0064272834
0,0,0.23444004
0,1,0.8429567
0,0,0.0086306995
0,0,0.4727397
0,0,0.026483417
0,0,0.0378801
0,0,0.4741377
0,0,0.038100407
0,0,0.0025529808
0,0,0.2398984
1,1,0.6727984
0,0,0.028154677
0,0,0.080302306
0,0,0.42165902
0,1,0.51877975
0,0,0.02637803
0,0,0.033111792
0,0,0.0077591776
0,0,0.01399832
1,1,0.9022464
0,1,0.50278914
0,0,0.024511144
0,0,0.07219944
0,0,0.014664964
0,0,0.021005189
0,0,0.19522695
0,0,0.3325348
0,1,0.6037372
0,0,0.00094542635
1,0,0.008449238
0,0,0.36051765
0,0,0.069388784
0,0,0.42679137
0,1,0.7804414
0,0,0.021418644
0,0,0.089851424
0,0,0.19343354
0,0,0.2306591
0,1,0.6318016
1,1,0.66368145
0,0,0.41284233
0,0,0.03250797
0,0,0.10375607
1,0,0.20252109
0,0,0.0125955185
0,0,0.08307771
0,0,0.21880986
0,0,0.2178691
0,1,0.5618137
0,0,0.037558097
0,0,0.3383764
0,0,0.007218367
0,1,0.8144418
0,0,0.31964093
0,0,0.026197487
0,0,0.012977159
0,0,0.21179965
0,0,0.029693734
0,0,0.13140948
0,0,0.023567315
0,0,0.0004977847
0,0,0.05837012
0,0,0.07679708
0,0,0.053530626
0,0,0.0013020278
0,0,0.23080324
0,0,0.15330891
0,1,0.61428696
0,0,0.055474862
0,0,0.294208
0,0,0.06253897
0,0,0.12023548
0,0,0.23343739
1,1,0.7771079
1,1,0.8705241
0,1,0.76995355
0,0,0.056481227
0,0,0.0018345279
0,0,0.2945577
1,1,0.7416459
0,0,0.18898597
0,0,0.19862817
1,0,0.20200625
0,0,0.022218062
0,0,0.00071258796
0,0,0.24215065
0,0,0.20417982
0,0,0.06356189
0,0,0.1385928
0,0,0.0038167832
0,0,0.0011047486
0,0,0.016874181
0,0,0.29661772
0,0,3.329157e-05
0,0,0.0031278804
0,1,0.5323281
0,0,0.10607935
0,0,0.022595072
0,0,0.0077995164
0,0,0.22907607
0,0,0.41299486
0,0,0.24525154
0,1,0.6269647
0,0,0.18220705
0,0,0.18604633
0,0,0.37707493
0,1,0.7708903
0,0,0.07856171
0,0,0.19178903
1,0,0.45268753
0,1,0.73615175
0,0,0.12467051
0,1,0.7746732
0,0,3.0526557e-05
0,0,0.04851208
0,0,0.0031698474
0,0,0.0072072255
0,0,0.025607226
0,0,0.08482736
0,0,0.03578601
0,0,0.02474353
0,1,0.5630928
0,0,0.000116332594
0,0,0.22823635
0,0,0.050256383
1,0,0.4158853
1,0,0.07363599
0,0,0.31967002
1,1,0.5565796
0,0,0.0051271236
0,0,0.47042662
0,1,0.57106465
0,0,0.0072121676
0,1,0.59315413
0,0,0.001792068
0,0,0.062362757
0,0,0.21447837
0,0,0.17924511
0,0,0.05120977
0,0,0.0005399655
0,0,0.0141483825
0,0,0.29130873
0,0,0.00010344946
0,0,0.015671952
0,0,0.39005867
0,0,0.045663692
0,1,0.6205689
0,0,0.0016094897
0,0,0.050462097
1,0,0.11513869
0,1,0.70329404
0,0,0.010915663
0,0,0.48570263
0,0,0.49943855
0,0,0.23342068
1,1,0.54884744
0,1,0.5574406
0,0,0.3646209
0,0,1.875867e-05
0,0,7.132638e-05
0,0,0.3177222
0,0,0.016292954
0,0,0.31465715
0,0,0.123404525
1,0,0.042245965
0,0,0.010155781
0,0,0.0030296247
0,0,0.20220456
1,0,0.4133137
0,1,0.699196
0,0,0.036040053
0,0,0.061441377
0,0,0.24738413
0,1,0.5498966
0,0,0.007612282
0,0,0.3360056
0,0,0.03280117
0,0,0.11676013
0,0,0.06576936
1,1,0.5291425
0,0,0.08115503
0,0,0.43603352
0,0,8.5271415e-05
0,0,0.034160182
0,0,0.32106546
0,0,3.405689e-05
1,0,0.37144813
0,1,0.59349906
0,0,0.0024652376
0,0,0.18435338
0,0,0.38404465
0,0,0.04494108
0,0,0.0011701393
0,0,0.34103853
0,0,0.017927676
0,0,0.44037285
0,0,0.16903682
0,0,0.031945325
0,1,0.5016532
0,1,0.5326761
0,0,0.17299241
1,0,0.034530263
0,0,0.07619104
0,0,0.26316792
1,1,0.551911
0,0,0.030372906
0,0,0.019529367
0,0,0.1397707
0,0,0.25707537
0,0,4.055387e-05
0,0,0.48657498
0,0,0.4153847
1,1,0.59473985
0,0,0.06648056
1,1,0.54607904
0,0,0.0069929063
1,0,0.29778963
0,0,0.28433925
0,1,0.5680467
0,1,0.65526265
0,1,0.6131168
0,0,0.024065431
0,0,0.2744962
0,1,0.83059776
0,0,0.015028104
0,1,0.5586341
0,0,0.05235161
0,0,0.031127525
0,0,0.2834878
0,0,0.121136144
0,0,0.026381392
0,1,0.5791543
0,1,0.65251
0,0,0.31812194
0,1,0.7476721
0,0,0.01443371
0,1,0.5177397
0,0,0.043225072
0,0,0.14568499
0,0,0.38110995
0,0,0.09296677
0,0,0.31839573
0,0,0.22573031
0,0,0.10064717
0,0,0.007976505
0,0,0.003334052
0,0,0.37013966
0,1,0.5559846
0,0,0.00021777187
0,0,0.08977181
0,0,0.191645
0,0,2.1344462e-05
1,1,0.52318746
0,0,0.17883381
0,0,0.24367298
0,0,0.027382893
0,0,0.47490457
0,0,0.091994196
0,0,0.19045474
0,0,0.17021924
0,0,0.0047308784
0,0,0.0042637903
0,0,0.10238054
0,0,0.28888223
0,0,0.077303775
0,1,0.7934702
0,0,0.030596076
0,0,0.019202145
0,0,0.2439895
0,0,0.31457895
0,0,0.050191637
0,0,0.0014223082
0,0,0.07514344
0,0,0.050661236
0,1,0.5253654
0,1,0.82193226
0,1,0.5244209
0,0,0.46615797
0,1,0.55013543
0,0,0.115953654
0,0,0.032248374
0,0,0.10106557
0,0,0.23392937
0,0,0.1604598
0,1,0.6398788
0,0,0.39422196
0,0,0.16157728
1,0,0.3711466
0,0,0.22548029
0,0,0.16146247
0,0,0.002121631
0,0,0.388998
0,0,0.30437008
0,0,0.28915367
0,0,0.12254917
0,0,0.0074549047
0,0,0.09874651
0,0,0.008312566
0,0,0.0106894
0,1,0.518557
0,0,0.03363168
0,0,0.3049729
0,0,0.016172694
0,0,0.32048208
0,0,0.26432565
0,0,0.17979974
0,0,0.014792925
0,0,0.074033394
0,0,0.08215898
0,0,0.00020999479
0,0,7.2418785e-05
0,0,0.06883789
0,0,0.14406767
0,0,0.019723976
0,0,0.16136044
0,1,0.5097643
0,0,0.068609096
0,0,0.014449088
0,0,0.16967176
0,0,0.014793287
0,0,0.23559119
0,0,0.23468524
0,0,0.042068716
0,0,0.31962547
0,0,0.09303131
0,0,0.35614312
0,1,0.5065699
1,1,0.55411273
1,1,0.7797222
0,0,0.24355596
0,0,0.13768074
0,0,0.019442897
0,0,0.006942112
0,0,0.04460028
0,0,0.41688034
0,1,0.55351776
1,0,0.34269574
0,1,0.51250917
0,0,0.009727842
0,0,0.055869743
0,0,0.022393277
0,0,0.49383202
0,0,0.035261963
0,0,0.39655152
0,0,0.05234746
0,1,0.5113983
0,0,0.0064471588
0,0,0.23954256
0,0,0.06369982
0,0,0.34067556
1,0,0.3299482
0,0,0.07413262
0,1,0.5599815
0,0,0.11666798
0,0,0.4445364
0,0,0.022741124
0,1,0.79367316
0,0,0.4233484
0,0,0.07260132
0,0,0.10003088
0,1,0.7660195
1,0,0.4462139
0,0,0.04525229
0,0,0.22468339
0,0,0.30070436
0,0,0.045618795
0,0,0.049225952
0,1,0.7482046
1,0,0.11892205
0,0,0.033316486
0,0,0.2493022
0,0,0.027706046
0,0,0.09181374
0,1,0.5646541
0,0,0.43387964
0,0,0.048502516
0,0,0.007859127
0,0,0.11706918
0,0,0.090089574
0,0,0.0567281
0,0,0.46991086
0,1,0.6979112
0,0,0.18681563
0,0,0.30906892
0,0,4.8363672e-05
0,0,0.15921465
0,1,0.6363446
0,0,0.29984942
0,1,0.70127666
0,0,0.05296625
0,0,0.0011875078
0,1,0.77630067
0,0,0.037404988
0,0,0.019033242
0,0,0.033320937
0,0,0.044558533
0,0,0.08105022
0,1,0.6623371
0,0,0.33356518
0,0,0.16176474
0,0,0.0019946946
0,1,0.7379787
0,0,0.0205536
0,0,0.026705043
0,0,0.286674
0,0,0.13659483
0,0,0.008975417
0,0,9.458367e-05
0,0,0.2114334
0,1,0.7908094
0,0,0.0049722944
0,0,0.10249918
0,0,0.044004675
1,1,0.7217257
0,1,0.5175956
0,0,0.37110597
0,0,0.38096616
0,0,0.15558194
0,0,0.31028098
0,0,0.009344707
0,0,0.070435956
0,0,0.012492576
0,0,0.029137358
1,1,0.6961716
0,1,0.50785196
0,0,0.08481867
0,0,0.039986115
0,1,0.7450497
0,1,0.63198394
0,1,0.59042346
0,0,0.23059806
0,0,0.3597644
0,1,0.60671157
1,0,0.066508844
1,0,0.38917738
1,1,0.59573907
0,0,0.0026724162
0,0,0.0022049167
1,0,0.22107291
0,0,0.036801625
0,0,0.03623259
0,0,0.08376505
0,1,0.8942782
0,0,0.19730213
0,1,0.78641045
0,0,0.16111206
0,0,0.007837132
0,0,0.16616413
0,0,0.012844713
0,0,0.04063476
0,0,0.059137326
0,0,0.0356158
0,0,0.0142258555
1,0,0.48315686
1,0,0.4004376
0,0,0.0002429992
0,0,0.00045101237
0,0,0.015599843
0,0,0.17649841
1,1,0.78109556
0,0,0.0010348596
0,0,0.04728362
0,0,0.38956457
0,0,0.25956175
0,0,0.0719092
1,0,0.039529283
0,0,0.004069434
0,0,0.03859211
1,0,0.48101655
0,0,0.41148987
1,0,0.40496564
1,0,0.17922792
0,0,0.16418502
0,1,0.85393834
0,0,0.009546131
0,0,0.31802937
0,1,0.6996678
0,0,0.30938965
1,1,0.81972355
0,0,3.4070275e-05
1,1,0.7035006
0,0,0.4081261
0,0,0.28781062
0,0,0.3177907
0,0,0.013476622
0,0,0.08544329
0,1,0.7057212
0,0,0.28488034
0,1,0.58137864
0,0,0.0056530773
1,1,0.85752964
0,0,0.14505543
0,0,0.07240793
0,0,0.09480086
0,0,0.003924344
0,0,0.015408043
0,0,0.01293291
0,0,0.03801512
0,0,0.01385846
0,0,0.27720803
0,0,0.17526147
0,0,0.12738389
0,0,0.18358405
0,1,0.6071154
0,0,0.03735084
0,0,0.047100075
0,1,0.51877725
0,0,0.16023886
0,0,0.14351512
0,0,0.052007303
0,0,0.07680913
0,1,0.53999645
0,1,0.71564156
0,0,0.4207243
0,0,0.020691121
0,0,0.36644906
1,0,0.1731552
0,0,0.009545725
0,0,0.2977463
0,0,0.16079585
0,0,0.039553575
0,0,0.23785877
0,0,0.28959024
0,0,0.0044105067
1,1,0.665042
0,0,0.09317877
0,0,0.24000992
0,0,0.0020188554
0,0,0.074878514
1,0,0.44140375
0,0,0.20917298
0,0,0.32304582
0,0,0.14246574
0,0,0.008312566
0,0,0.07351853
0,0,0.056572005
0,0,0.053534348
0,1,0.58885443
1,1,0.62890154
0,1,0.65632194
0,0,0.19722469
0,0,0.26769415
0,0,0.43203583
0,1,0.7462172
0,0,0.089654885
1,1,0.68194354
0,0,0.01704606
0,0,0.24006562
0,0,0.34060606
0,0,0.1770736
0,1,0.6036147
0,0,0.21580811
0,0,0.45972362
0,0,0.05378116
0,0,0.014448695
0,0,0.020215482
0,0,0.041698426
0,0,0.010359168
0,0,0.25509652
0,0,0.14489761
0,0,0.05335715
0,0,0.1694262
0,0,0.3345107
0,1,0.7656114
0,0,0.15719676
0,0,0.027751686
0,0,0.29555777
0,1,0.6816755
0,0,0.00010047803
0,0,0.3649793
0,0,0.3973878
0,0,0.112447344
0,1,0.7728462
0,0,0.21419564
0,0,0.009124146
0,0,0.39276114
0,0,0.004108893
0,0,0.054010376
0,0,0.012717025
0,0,0.27945572
0,0,0.0069417404
0,0,0.019442203
1,1,0.60582113
0,0,0.031063095
0,1,0.60702163
0,0,0.21513881
0,0,3.9316707e-05
0,0,0.24347718
0,0,0.17570552
0,0,0.14317118
0,0,0.15867268
0,0,3.7146587e-05
0,0,0.18551183
0,0,0.31627017
0,0,0.13497056
0,1,0.61410147
0,0,0.04224106
0,0,0.48036367
0,0,0.029686894
0,0,0.17106363
0,0,0.3389257
0,0,0.1532043
0,0,0.00066842325
0,1,0.51884574
0,0,0.0005910855
0,0,0.18572344
0,0,0.009415248
0,0,0.26751167
0,0,0.21222414
0,1,0.560904
1,1,0.8016564
0,0,0.01608756
0,0,0.15107492
0,0,0.1165799
0,0,0.054602932
0,0,0.034814946
0,0,0.00029314496
0,0,0.31947383
0,0,0.1134538
0,0,0.46839243
0,0,0.011851105
1,1,0.7616621
0,1,0.6804921
0,0,0.14077051
0,0,0.00016495657
0,0,0.22488177
1,1,0.67436045
1,0,0.13323961
0,1,0.85198873
0,0,0.04030226
1,1,0.6118101
0,0,3.1066847e-05
0,0,0.2021196
0,0,0.12958698
1,0,0.13606887
0,0,0.0027137566
0,0,0.031205375
0,0,0.20240897
1,1,0.63132584
0,0,0.014612333
1,1,0.7427462
0,1,0.5900546
0,0,0.00147804
0,0,0.16797517
0,0,0.011248702
0,1,0.51712877
0,1,0.6282833
0,0,0.27657583
0,0,0.004758354
0,0,0.017708134
0,1,0.5123233
0,0,0.004399958
0,0,0.069601394
0,0,0.0029818774
0,1,0.9138387
0,0,0.13966505
0,0,0.002131214
0,0,0.009061826
0,0,0.29227313
0,0,0.3373144
1,1,0.6613595
0,0,0.18088023
0,0,0.18198317
0,1,0.52925223
0,0,0.3091619
0,1,0.5249975
0,0,0.15277073
0,0,0.0036477994
1,1,0.8579397
0,0,0.017159458
1,0,0.38531774
0,0,0.0008689984
0,0,0.4162759
0,0,0.0075350753
0,1,0.520294
1,1,0.6623739
0,0,0.00018282188
0,0,0.0012986196
1,0,0.46926355
0,1,0.6574176
0,0,0.14814982
0,0,0.3928374
0,0,0.121725544
0,1,0.5076444
0,0,0.122411564
0,0,0.11819189
0,1,0.5179342
0,0,0.32836264
0,0,0.086055905
0,0,0.27664465
0,0,0.013431186
0,0,0.10687457
0,0,0.4544334
0,0,0.43645793
0,0,0.06507496
1,0,0.4136929
1,1,0.8787039
0,0,0.007354911
1,1,0.88796264
0,1,0.5030645
0,0,0.013351479
0,0,0.18492827
1,1,0.9514263
0,0,0.16636454
0,0,0.1032599
0,0,0.28458664
0,1,0.54930174
0,0,0.15325882
0,0,0.00026457311
0,0,0.050820686
0,0,0.019686064
0,0,0.4968695
0,0,0.14072388
0,0,0.039521035
0,0,0.0037786358
0,0,0.0038853348
0,0,0.23341663
0,0,0.2831846
0,0,0.2213475
0,0,0.46119004
0,0,0.0054506236
0,1,0.5268464
0,1,0.8098091
0,0,0.0059903557
0,0,0.0052933013
0,0,0.015117332
0,0,0.15782315
0,0,0.39804614
0,1,0.72982275
0,0,0.20457758
0,0,0.000112705675
1,0,0.121944696
0,0,0.037015464
0,0,0.01335447
0,0,0.13600218
0,0,0.044481363
0,0,0.46249416
0,0,0.2680171
0,1,0.84972954
0,1,0.5340075
1,0,0.4152592
0,0,0.00024320759
0,0,0.028000655
1,0,0.006015157
0,0,0.3545126
0,1,0.5582661
0,0,0.21606018
0,0,0.25705987
0,0,0.08316685
0,0,0.12542656
0,0,0.024333654
1,0,0.089274995
0,0,0.08129458
0,0,0.0008388986
0,0,0.03537753
0,0,0.1740454
0,0,0.045121394
0,0,0.03862712
0,0,0.045046628
0,0,0.006203526
0,0,1.3283074e-05
0,0,0.31288368
0,0,0.034036748
0,0,0.0045863036
0,1,0.6837846
0,0,0.057528097
1,1,0.64421564
0,0,0.09047767
0,0,0.00019721886
0,1,0.8108553
0,1,0.7259417
1,0,0.13358372
0,1,0.5525296
0,0,0.07802404
0,0,6.73075e-05
1,0,0.44393897
0,0,0.117058754
0,0,0.12545408
0,0,0.07564598
0,0,0.009522846
0,0,0.20664223
0,0,0.00038716858
0,0,0.04722701
0,1,0.8473343
0,0,0.30421957
0,0,0.059204746
0,0,0.25972107
0,1,0.6781087
0,0,0.001205162
1,0,0.20376846
0,0,0.14832413
0,1,0.7675034
0,1,0.730446
0,0,0.048081513
1,1,0.7067068
0,0,0.00093338627
0,0,0.15787531
0,1,0.71760285
1,0,0.4314998
1,1,0.7706982
0,1,0.6471523
0,0,0.0038027416
0,0,0.0002118185
0,0,0.005556503
0,0,0.032143876
0,0,0.04077713
0,0,0.28877074
0,0,0.0028683299
0,1,0.75603503
0,0,0.1989204
0,0,0.10434765
0,1,0.55634403
0,0,0.021618828
0,0,0.071689636
0,0,0.015095028
0,1,0.7494331
0,0,0.30093706
0,0,0.16968022
0,0,0.01640201
0,0,0.029737068
0,1,0.598333
0,0,0.006942112
0,0,0.062090315
0,0,0.38144296
0,0,0.01226105
0,0,0.008757028
0,0,0.25607258
0,0,0.38113293
0,0,0.2120115
0,0,0.10247913
0,0,9.751244e-06
1,1,0.7610865
0,0,0.47745687
0,0,0.07074232
0,0,0.0065964116
0,0,0.038643513
1,1,0.68704355
0,1,0.52502203
0,0,0.20868465
0,0,0.007827812
0,0,0.15197846
0,1,0.68418455
1,1,0.6147783
0,0,0.034116928
0,1,0.7284087
0,0,0.17832272
1,1,0.59773624
1,0,0.38681707
0,0,0.0020228974
0,0,0.05220676
0,0,0.3871781
0,0,0.052118517
0,1,0.74557304
0,0,0.27845195
0,0,0.07474071
0,0,0.18788582
0,0,0.3220665
0,0,0.4800303
0,0,0.01708423
0,0,0.02782879
0,1,0.52619684
0,0,0.01240051
0,1,0.6733786
1,0,0.21996191
0,0,0.052700594
0,0,0.0007878931
0,0,0.0363517
0,0,3.1598433e-05
0,0,0.041766666
0,0,0.03691314
0,0,0.07222891
0,0,0.066691175
0,0,0.026026553
0,0,0.48846233
0,0,0.48780143
0,0,0.15832305
1,1,0.5526153
0,0,0.10669578
1,0,0.1737385
0,0,0.4147072
1,1,0.899101
0,0,3.758394e-05
0,0,0.0045739664
0,0,0.19429678
0,0,0.42401645
0,0,0.005596279
0,0,0.29473746
0,0,0.043978274
0,0,0.17342348
0,0,0.011874765
0,0,0.26191232
0,0,0.026134923
1,0,0.3179749
0,1,0.8341316
0,0,0.023782443
0,0,0.010445633
0,0,0.018133473
0,0,0.023526704
0,0,0.028331842
0,0,0.32971627
1,1,0.64662826
0,0,0.047974534
0,0,0.47235334
0,0,0.025174055
0,0,0.0006007516
0,0,0.032985166
0,0,0.47561875
1,0,0.18264657
0,0,2.1538512e-05
0,0,0.25666058
0,0,0.001975071
0,0,0.06498669
0,0,0.017609948
0,0,0.07612855
0,0,0.0024861975
0,0,0.29964036
0,0,0.043374367
0,0,0.036508154
1,0,0.25976944
0,0,0.0035628611
0,0,0.07682603
0,0,0.01787338
0,0,0.09692238
0,0,0.034198336
0,0,0.08255042
0,0,0.12190201
0,0,0.4049619
0,0,0.3162883
0,1,0.64450145
0,0,0.21086279
1,1,0.53980386
0,0,0.06272522
0,0,0.009069129
0,0,0.022756722
0,0,0.18827525
0,0,0.41443506
0,1,0.5863827
0,0,0.32636496
0,0,0.4335431
0,0,0.20299584
0,0,0.38115448
0,0,0.010522745
0,0,0.113019496
0,0,0.00020044264
0,0,0.107737765
0,1,0.6738326
0,0,0.0943796
0,0,0.23935604
0,0,0.3665338
0,0,0.28394857
1,0,0.20342998
0,0,0.20072067
0,0,0.49927732
0,0,0.00028559798
0,1,0.5702112
0,0,0.45217088
0,0,0.09539823
0,0,0.011235519
0,0,0.4539346
0,0,4.3277047e-05
1,1,0.6958497
0,0,0.00042477183
0,0,0.0074147684
0,0,0.1803227
0,0,0.36169168
0,0,0.04891062
0,0,0.12875523
1,0,0.35806277
0,1,0.54695356
0,0,0.016329708
0,0,0.006521526
0,0,0.21231197
0,0,0.18791054
0,0,0.02530616
0,0,0.039932176
0,0,0.027414002
0,0,0.06245506
1,0,0.20579857
0,0,0.05864788
0,0,0.017142547
0,0,0.4773146
0,1,0.7764109
0,0,0.046346508
0,0,0.10239285
0,0,0.0324873
0,0,0.014420814
0,0,0.00919041
0,0,0.0002705898
0,0,0.106461644
0,1,0.7247829
0,0,0.0011022582
0,0,0.042609837
0,0,0.10809351
0,0,0.109863564
0,0,0.0032377047
0,0,0.026506705
0,0,0.19988686
0,1,0.6539089
0,0,0.032070838
0,0,0.042182904
0,0,2.9394787e-05
0,0,0.24717814
0,0,0.3944464
0,0,0.05306307
0,0,0.0017255642
0,1,0.76565945
1,1,0.70276904
1,0,0.20826216
0,0,0.10211439
0,0,0.17026888
0,0,0.07396411
0,0,0.16173008
0,0,0.1273621
0,0,0.034688625
0,0,0.15523958
0,0,0.051288597
0,0,0.03760533
0,0,0.00011812188
0,0,0.030301489
0,0,0.36243972
0,0,0.0013609502
0,0,0.020456737
0,0,0.028007995
0,0,0.31967714
0,0,0.118495695
0,0,0.00030883585
0,0,0.06509334
0,0,0.06945919
1,0,0.35222098
0,0,0.1414712
0,0,0.44961286
0,0,0.43073398
0,0,0.0072372095
0,1,0.7250096
0,0,0.042813703
0,0,0.01529379
0,0,0.17470035
0,1,0.66942567
0,0,0.0065687876
0,0,0.026222978
0,0,0.008015212
0,0,0.3268974
0,0,0.09932338
0,0,0.0057884073
0,0,0.022212332
0,0,0.13936152
0,1,0.5734529
0,0,0.42108312
0,0,0.27519447
0,0,0.095827945
0,0,0.12147128
0,0,0.31464782
0,0,0.025278524
0,0,0.39244106
0,0,0.2865172
0,0,0.27546024
0,0,0.13655679
1,1,0.7545908
0,0,0.21241146
0,0,0.043284796
1,0,0.21409923
1,1,0.6315017
1,0,0.38532865
0,0,0.011784066
0,0,0.029196735
0,0,0.117271416
0,0,0.030181957
0,0,0.008390953
0,0,0.21490082
0,0,0.42829308
0,0,0.12799154
0,0,0.28682682
0,0,0.11316495
0,0,0.3873849
0,0,0.062286112
1,0,0.26003462
0,1,0.6167152
0,1,0.61444145
0,0,0.037072394
0,0,0.0025332237
0,1,0.6323588
0,0,0.22392112
0,0,0.011192577
0,0,0.39900646
0,0,0.018408027
0,1,0.6776515
0,0,0.45997998
1,0,0.031890493
0,0,0.4477016
0,0,0.05351237
0,0,0.3131087
0,0,0.08963177
0,0,0.054685004
0,0,0.0012059646
0,1,0.5942451
0,0,0.053894825
0,0,0.0026442308
0,0,0.21420701
0,0,0.17741491
0,0,0.2837728
0,0,0.0028379965
0,0,0.030732382
0,0,0.0006451919
0,1,0.5857936
0,0,0.046277948
0,0,0.00075701985
0,0,0.25407958
0,1,0.7658327
0,0,0.42717555
0,0,0.27205867
0,0,0.016926564
0,0,0.01529374
0,0,0.08339278
0,0,0.36752442
0,0,0.27628112
0,0,0.09696091
0,0,0.0039093904
0,0,0.33249277
1,1,0.9033777
0,0,0.02067573
1,0,0.151117
0,0,0.023079231
0,0,0.017706841
0,0,0.22025308
1,1,0.740148
0,0,0.014142012
1,1,0.7910805
0,0,0.03760194
0,0,0.46454516
0,0,0.4008787
0,0,0.2371013
0,0,0.0559061
0,0,0.046063635
0,0,0.1157586
0,0,0.030144883
0,0,0.016369708
0,0,0.225275
0,0,0.015807854
0,0,0.1797549
0,0,3.7146587e-05
0,0,0.06746577
0,0,0.15502101
0,0,0.2692492
0,1,0.51414526
0,1,0.8464968
1,1,0.60102105
0,0,0.0033464197
0,0,0.2010072
0,0,0.21096328
0,0,0.004183082
0,0,0.19095379
0,0,0.017693393
0,0,0.17050645
0,1,0.6888814
0,0,0.37127343
0,0,0.029091712
0,0,0.014024124
1,0,0.27928424
0,0,0.0022529885
1,1,0.65812534
0,0,0.020499472
0,0,0.014583058
0,0,4.6140238e-05
0,0,0.006622434
0,0,0.0012579605
0,0,0.3715259
0,1,0.57847583
0,0,0.023347834
0,0,0.0019772924
0,0,9.527771e-05
0,0,0.34578344
0,0,0.01784537
1,1,0.75763917
0,1,0.6329348
0,0,0.22290403
0,0,0.00055306876
0,1,0.6451239
0,0,0.3699142
0,0,0.2924266
0,0,0.23464869
0,0,0.09974901
1,1,0.58759314
0,0,0.08274961
0,1,0.6532776
0,1,0.9304783
0,0,0.15094094
0,0,0.33067653
0,0,0.02934187
1,0,0.47168684
0,0,0.044127364
0,0,0.08022609
0,0,0.2867642
1,0,0.27239332
0,0,0.00042855064
0,0,0.16569611
0,0,0.22005187
0,0,0.13778259
0,0,0.023724053
0,0,0.038912617
0,0,0.32855994
0,0,2.9946932e-05
0,0,0.31146303
0,0,0.017729921
0,0,0.09027823
0,0,0.025723139
0,0,0.07602566
0,0,0.05213633
0,0,0.34377506
0,0,0.10546439
0,0,0.1847678
0,0,8.5271415e-05
0,1,0.58073044
0,0,0.33869675
0,0,0.01622843
0,0,0.008844157
0,0,0.04123661
0,0,0.0652477
0,1,0.5848515
0,0,0.26767132
0,0,0.008336693
0,0,0.018901516
0,0,0.10464164
0,0,0.1865113
0,0,0.00070852565
0,0,0.07882497
0,0,0.4332746
0,0,0.020816917
0,0,0.045530427
0,0,0.02114321
0,0,0.028410362
0,0,0.055666007
0,0,0.058300596
0,0,0.13204601
0,1,0.6958344
0,0,0.0034097037
1,0,0.051128738
0,0,0.30047524
0,0,0.14769807
0,1,0.67231345
0,0,0.030314455
0,0,0.23390667
0,0,0.008104502
0,0,0.06617686
0,0,0.04055595
0,0,0.028034827
0,1,0.5890443
0,0,0.32823947
0,1,0.5188005
0,0,0.0010140935
0,0,0.28228283
0,0,0.08611878
0,0,0.0590883
0,0,0.04220121
0,0,0.42675447
0,0,2.7646887e-05
1,1,0.67509407
0,0,0.018163133
0,0,0.27435237
0,1,0.5169204
0,0,0.13651341
0,0,0.32591754
0,0,0.4479309
0,0,0.06953007
1,1,0.79217225
0,1,0.55505097
0,0,0.03735737
0,0,0.01645133
0,0,0.32945427
0,0,0.13906483
0,0,0.047869384
0,1,0.57351327
0,1,0.69965917
0,0,0.19308546
0,1,0.5575557
0,0,0.13771102
0,0,0.013327956
0,1,0.68374413
0,0,0.23225386
0,1,0.5981913
0,1,0.51529044
0,0,0.17636138
0,0,0.034625836
0,0,0.32923928
0,1,0.5317062
0,0,0.000805634
0,0,0.0008881616
0,0,0.013256038
1,1,0.6048413
0,0,0.003275698
0,0,0.02518388
0,0,0.0078019123
0,0,0.044573855
0,0,0.31233242
0,0,0.024444863
0,0,0.27238688
0,1,0.8085169
0,0,0.009821538
0,0,0.031033272
0,0,0.00011812188
0,1,0.6017589
0,0,0.47802383
0,0,5.2252864e-05
0,1,0.55442387
0,0,0.0017844508
0,0,0.06370349
0,0,0.11889764
0,0,0.04938077
1,1,0.7938692
1,1,0.61119515
0,0,0.4439097
0,0,0.12808622
0,0,0.27365968
1,1,0.8147393
1,1,0.5489422
1,0,0.2370558
0,0,0.05415824
1,0,0.008416972
0,0,0.489932
0,0,0.037907243
0,0,0.4317766
0,0,0.027745457
0,1,0.59408355
0,1,0.61217123
0,0,0.1459308
0,0,0.003050405
0,1,0.7600133
0,0,0.00039023056
0,0,0.023558773
0,0,0.3748546
0,0,0.03994536
0,0,0.100561135
0,1,0.600767
0,0,0.021764526
0,0,0.07306905
0,0,0.05607013
0,1,0.69587
0,0,0.33101192
1,1,0.81834203
0,0,0.00012656132
0,0,0.06795617
0,0,0.019915005
0,0,0.003587202
0,1,0.70958483
0,0,0.15161428
0,0,0.00010542937
0,1,0.51622957
1,1,0.9257901
0,0,0.0016641167
0,0,0.015391782
0,0,0.050402235
0,0,0.15988888
0,0,0.48118943
0,0,0.27512673
1,0,0.12007477
0,0,0.21682556
0,1,0.65332764
0,0,0.21494482
0,0,0.046966936
0,0,0.37659925
0,0,0.0063304994
0,1,0.8745206
0,0,0.00050186866
0,1,0.6202759
1,1,0.63976973
0,1,0.69779325
0,0,0.12876266
0,0,0.033234842
0,0,4.455993e-05
0,0,0.26326942
1,1,0.7318808
0,0,0.23372695
0,0,0.010450248
0,0,0.117919095
0,0,0.49587828
0,0,0.0022664077
0,0,0.004756008
0,0,0.009969982
1,1,0.80951196
1,1,0.85801363
1,0,0.34215236
0,0,0.34069803
0,1,0.9442747
0,0,0.0035668788
0,0,0.00010542937
0,0,0.057918195
0,0,0.007863289
0,1,0.51642674
0,0,0.33994412
0,0,0.029365985
1,0,0.34031367
0,0,0.22595373
1,1,0.67319673
0,1,0.5589282
0,0,0.0011701393
0,0,0.012262441
0,0,0.22081901
0,0,0.030117676
0,0,0.13847278
0,0,0.02109192
0,0,0.18670917
1,0,0.43495426
0,0,0.061449718
0,0,0.31202868
0,0,0.1165321
0,1,0.6872258
0,1,0.80067855
0,0,0.20408197
0,0,0.00030746593
0,0,0.033296987
0,0,0.4162723
0,0,0.0036632195
0,1,0.73493475
0,0,0.39394352
0,0,0.032617472
0,0,0.2983814
0,0,0.467879
0,0,0.38348097
0,1,0.6036056
0,0,0.001120133
0,0,0.07804304
0,0,0.06798842
0,0,0.34539434
1,1,0.78251
0,0,0.038898673
0,1,0.5457059
0,1,0.76006967
1,1,0.7225679
0,1,0.6603666
1,1,0.6335997
0,0,0.015280036
0,0,0.34175685
1,0,0.04051023
0,0,0.04837999
0,0,0.07403761
0,0,0.27877352
0,0,0.014535101
0,0,0.0060971836
0,0,0.16918302
0,0,0.2509337
0,0,0.09391714
0,0,0.005898781
0,1,0.66387403
0,1,0.6443166
0,1,0.74989444
0,0,0.009470869
0,0,0.03368361
0,1,0.9267247
0,0,0.15800563
0,0,0.034464844
0,0,0.07769813
0,0,0.092336
0,1,0.72518975
0,0,0.123992555
0,0,0.011977271
1,1,0.8382176
0,0,0.007029031
0,0,0.059405796
0,0,0.04250748
1,0,0.23365466
0,0,0.06731887
0,0,0.26027912
0,1,0.70833313
0,0,0.1214763
0,0,0.17707342
0,1,0.5658967
0,0,0.059281357
0,0,0.009754898
0,0,0.06263087
0,0,0.009262927
0,0,0.0038853348
0,0,0.15688993
0,0,0.20615129
0,0,0.23176354
0,0,0.06276949
0,1,0.960052
0,0,0.20168386
0,0,0.06345831
0,0,0.03645681
0,1,0.5811537
0,0,0.09794592
0,0,0.049741063
0,0,0.091757976
0,1,0.6871098
0,0,0.015145075
0,0,0.18746316
0,1,0.71586704
0,0,0.015225625
0,0,0.16071141
1,1,0.8110811
0,0,0.0057199807
1,1,0.5739242
0,0,0.0015172622
0,0,0.00471031
0,0,0.3566092
0,0,0.38639218
0,0,0.0038533406
0,0,0.29492682
0,0,0.22396483
0,0,0.00042855064
0,1,0.6805913
0,1,0.5661048
0,0,0.37366757
0,0,0.16947162
0,0,0.122816004
0,0,0.017836062
1,0,0.01395323
0,1,0.5555921
0,0,3.942382e-05
0,0,0.047212046
0,0,0.29498884
0,1,0.68035305
0,0,0.00020559375
1,1,0.6936179
0,0,0.038216304
0,0,0.018577311
0,0,0.0014576273
0,1,0.61073065
1,1,0.75977
1,1,0.7244251
0,1,0.7986867
0,1,0.77376115
0,0,0.04485786
0,0,0.052507084
0,0,0.0030218083
0,0,0.3010714
0,0,0.22342674
0,0,0.35600996
0,0,0.0064240047
0,0,0.058330663
0,0,0.029601412
0,0,7.672704e-05
0,0,0.07952473
0,0,0.051970065
0,0,0.16091506
0,1,0.616187
0,0,0.028824132
0,0,0.036482736
0,1,0.7652715
0,0,0.07353875
0,0,0.18202579
0,0,0.023777312
0,0,0.15516773
0,0,0.009397689
1,0,0.49343556
0,0,0.0026580594
0,0,0.0015539867
0,0,0.06696818
0,0,0.00167411
0,0,0.223824
0,0,0.48394692
0,0,0.014661381
0,0,7.957468e-05
1,1,0.68050027
0,0,0.28193277
0,0,0.0002719261
0,0,0.0038940257
0,0,0.42633906
0,0,0.18495011
0,0,0.037725806
0,1,0.5526784
0,0,0.047855776
0,0,0.0045444313
0,0,0.10208537
0,1,0.83248544
0,0,0.33889434
0,0,0.06518891
0,1,0.82241136
0,0,0.00095619366
0,0,0.18472764
0,0,0.030301489
0,0,0.057066653
0,0,0.00085072126
0,0,0.00093854073
0,0,3.1066847e-05
0,0,0.2029904
0,0,0.0691378
1,0,0.42890447
0,0,0.16809909
0,0,0.07881098
0,0,0.00063014287
0,0,0.00014020537
1,0,0.40749574
0,0,0.025228491
0,0,0.049283016
0,0,0.021624006
0,0,0.01002319
1,0,0.47855347
0,0,0.25605613
0,0,0.042882256
0,0,0.008181883
0,0,0.07287822
1,0,0.3178175
0,0,0.46250233
0,0,0.19782653
0,0,0.20932294
0,0,0.008723413
0,0,0.0029309387
0,0,0.089378506
0,0,0.3220344
0,0,0.0032433881
0,1,0.83273983
0,0,0.009017624
0,0,0.30570126
0,1,0.72653466
0,0,0.005563371
0,0,0.39105147
0,0,0.0019711656
0,1,0.7122449
0,1,0.6561388
0,1,0.81738275
0,0,0.00083984516
0,0,0.015339831
0,0,0.24839808
0,0,0.0038411422
0,0,0.017926712
0,0,0.0013565026
0,1,0.86628604
0,1,0.69968957
0,0,0.016133325
0,1,0.6812214
0,0,0.089026086
0,0,0.0005181293
0,0,0.014555571
0,0,0.013710727
0,0,0.028676907
0,0,0.073107004
0,0,3.9316707e-05
0,0,0.1685762
0,1,0.6522507
1,1,0.50435734
0,0,0.033714425
0,0,4.8550686e-05
0,0,0.040520296
0,0,0.42178404
1,0,0.19212118
0,0,0.05907087
0,1,0.66061664
0,0,0.19118604
0,0,0.024255747
0,0,0.11107673
0,1,0.5287905
0,0,0.41617793
0,0,0.044511367
0,0,0.4739727
0,0,0.012213643
0,0,0.055769403
0,0,0.33643106
0,0,0.1353484
0,0,0.39421105
0,0,0.00025281194
0,0,0.3203314
0,0,0.008201148
1,1,0.67939764
0,1,0.6117686
0,0,0.35544297
0,0,0.2272793
0,0,0.27441254
0,0,0.25424922
0,0,0.23171271
0,0,0.27676293
1,1,0.6524599
0,0,0.2902721
0,0,0.00034895155
0,0,7.4174146e-05
1,0,0.44985363
0,1,0.7319281
0,0,0.03912881
0,0,0.07618745
0,0,0.09419647
0,0,0.44024852
1,0,0.15474439
0,0,0.18090422
0,0,0.02985016
0,0,0.09088874
0,0,0.00097270985
0,0,0.079554915
0,0,0.022548262
0,0,0.4089471
0,0,0.36174437
0,1,0.7819173
0,0,0.057661563
0,0,0.05960304
0,0,0.0004504345
0,0,0.4913864
0,0,0.000544888
0,0,0.4650072
0,0,0.19350535
0,0,0.28733453
0,0,2.9871631e-05
1,1,0.649147
0,0,0.16796514
0,0,0.010911994
0,0,0.026278509
0,0,0.37174132
0,0,0.0006416096
0,0,0.00038716858
0,0,0.000112705675
0,0,0.3283739
0,0,0.14660732
0,0,0.0049613104
0,0,0.4190132
0,0,0.12769482
0,0,0.14899424
0,0,0.23432007
0,1,0.8540522
0,0,0.30592024
0,0,0.0022126283
0,0,0.21846706
0,0,0.3801327
0,0,0.047445327
0,0,0.24397403
0,1,0.5725099
0,0,0.07366171
1,0,0.42017117
0,0,0.019567674
0,0,0.09373439
0,0,0.08748251
0,0,0.16720322
0,0,0.27240852
0,0,0.010265477
0,1,0.50122094
0,0,0.28305173
0,0,0.010393199
0,0,0.0020571551
1,1,0.7737714
0,0,0.00011319659
0,0,0.2796343
1,1,0.6167509
0,0,0.3183138
1,1,0.64544547
0,0,0.010688487
0,0,0.26679268
0,0,0.4428873
0,0,0.040241987
0,0,8.8097106e-05
0,0,0.3760032
0,0,0.034890063
1,1,0.88202184
0,0,0.10086284
0,0,0.105973996
0,0,0.044436313
0,0,0.031035563
0,0,0.245501
0,0,0.002561709
1,0,0.3451284
0,0,0.22806673
1,0,0.016166648
0,0,0.007340686
0,0,0.01186324
0,0,0.22416918
0,0,0.29435605
0,0,0.20048273
0,0,0.48365638
0,0,0.015333796
0,0,0.3799907
0,0,0.05551229
0,0,0.0045597744
0,1,0.5365866
0,0,0.43280065
0,1,0.6429978
0,1,0.6686094
0,0,0.45925194
0,1,0.6966178
0,0,0.004849138
0,0,0.42106912
0,0,0.088080995
0,0,0.12390135
0,0,0.25679696
0,0,0.4276126
0,0,0.0027718367
0,0,0.27681276
0,0,0.22165683
0,0,0.10627833
0,0,0.0029818774
0,0,0.4756946
0,0,0.30793115
0,0,0.00017780565
0,0,0.001527437
0,0,0.24582653
0,0,0.01352616
0,0,0.16660602
0,0,0.017863315
0,0,0.014370308
0,0,0.19508393
0,0,0.38805482
0,0,0.43731466
0,1,0.56848115
0,0,1.875867e-05
0,0,0.08558004
0,0,0.066650376
1,1,0.5222597
0,0,0.0023672725
0,0,0.01866254
0,0,0.0015000462
0,0,0.021014968
0,1,0.805091
0,0,0.1459886
0,0,0.07717489
0,0,0.11254827
0,0,0.10974089
0,0,0.00690492
0,1,0.56425136
0,0,0.012684827
0,0,0.0325101
0,0,0.2354899
0,0,0.32570362
1,0,0.49860787
0,0,0.0290384
0,0,0.23815663
0,0,0.07366659
0,0,0.13766393
0,1,0.5197164
0,0,0.0115231145
0,0,0.35260755
0,1,0.7321068
0,0,0.008498195
1,1,0.7875906
0,0,0.35708508
0,0,0.009892561
0,0,0.10955011
0,0,0.2536527
0,0,0.044827953
0,0,0.25772455
0,0,0.10007304
0,1,0.56515485
0,0,0.07182265
0,0,3.9316707e-05
0,0,0.44869223
1,1,0.68108565
0,0,0.15327318
0,0,0.39500532
0,1,0.73936886
0,0,0.0043948437
0,0,0.09757524
0,0,0.14466318
0,0,0.07122184
0,0,0.046924286
0,1,0.64420843
0,0,0.37882942
0,0,0.004566972
0,1,0.59621626
1,1,0.6868019
0,0,0.019965572
1,0,0.34395802
0,1,0.77012384
1,1,0.9115211
0,0,0.026852854
0,0,0.0015806307
0,0,0.019253738
0,1,0.65469515
0,0,0.32411405
0,0,0.054991893
0,0,0.25605035
0,1,0.8824013
0,0,0.07808402
1,1,0.6515637
0,0,0.00029298794
0,0,7.4174146e-05
0,0,0.10814219
0,0,0.0019346587
0,0,0.036150243
1,0,0.25664634
1,0,0.15186931
0,0,0.15143983
0,0,0.43255383
0,0,0.114188835
0,0,0.004435719
0,0,0.1899545
1,0,0.2751493
0,0,0.24557723
0,0,0.070248336
0,0,0.3765033
0,0,0.36137345
0,0,0.08377594
0,0,0.0035125162
0,0,0.052749418
0,0,0.1043586
0,0,0.025387274
0,0,0.10242253
0,0,0.006715701
0,0,0.37556258
0,0,0.24289772
0,1,0.62843204
0,0,0.07401236
0,0,0.16123301
0,0,0.016076084
0,0,0.15461089
0,0,0.28923562
0,1,0.54363954
0,1,0.728041
0,0,0.01269769
0,1,0.7088538
0,0,0.236439
0,0,0.37672853
0,0,0.04585057
0,0,0.3593389
0,0,0.00092610816
0,0,0.2911244
0,1,0.51336557
0,0,0.039712783
0,0,0.009669472
0,0,0.08228226
0,0,0.045352735
0,1,0.6964901
1,0,0.19226195
0,1,0.51071507
0,0,0.1275735
0,0,0.25366727
0,0,0.4382956
0,0,0.3970823
0,0,0.27752227
0,0,0.047817126
0,0,0.4904828
0,0,0.013233646
0,0,0.07994038
0,0,0.15834913
0,0,0.26993245
0,0,0.20373839
0,0,0.19311766
0,0,0.3894562
1,1,0.6356902
0,0,0.44374046
0,0,0.19901066
0,0,0.047805976
0,0,0.13663918
0,0,0.4923271
0,0,0.23031665
0,0,0.072624095
1,1,0.5312779
0,0,0.23310868
0,0,0.2558786
0,0,0.008308067
0,0,0.0008780767
0,0,0.24233939
0,0,0.020119123
0,0,0.091304116
0,0,0.00038716858
0,0,0.24553
0,1,0.78772724
0,0,0.005574015
0,0,0.055214707
0,0,0.008074284
0,1,0.6817915
0,0,0.33311063
0,0,0.0455817
0,0,0.10321627
0,1,0.6023346
0,0,0.00017147716
0,0,0.009072729
0,0,0.07264679
0,0,0.18706644
0,0,0.10747232
0,0,0.39145675
0,0,0.0045631216
0,1,0.53684527
0,0,0.02937774
0,0,0.45324373
0,1,0.8189312
0,0,0.01613565
0,0,0.026362898
0,0,9.6475385e-05
1,0,0.44575974
0,0,0.030747863
0,1,0.61508393
0,0,0.027164659
0,0,0.006704066
0,1,0.57277054
0,0,2.8189173e-05
0,0,0.24223937
0,0,0.075834565
0,0,0.12880062
0,0,0.005209825
1,1,0.5463865
0,0,0.28043687
0,1,0.8426981
0,1,0.6338944
0,0,0.016233502
0,0,9.6475385e-05
0,0,0.00013708483
0,0,0.06344092
0,1,0.7686716
0,0,0.30783534
0,0,9.6475385e-05
0,1,0.68259543
0,0,0.37882128
0,1,0.5621246
0,0,0.04739892
0,0,0.20686561
1,1,0.6614694
0,0,0.11393254
0,0,0.42860767
1,1,0.5516075
0,0,0.100436985
0,0,0.04274411
0,0,0.011318539
0,0,0.07808867
0,0,0.005480267
0,0,0.19627675
0,0,0.003641116
0,0,0.060869318
0,1,0.86012286
0,0,0.089895494
0,0,0.2393664
0,0,0.17274672
0,0,0.03764172
0,1,0.5517646
0,0,0.23793009
0,0,0.10532025
0,0,0.2451889
0,0,0.11109414
0,0,0.0014461653
0,0,0.011029168
0,0,0.02370885
0,0,0.029707082
0,0,0.29792485
0,0,0.43683526
0,0,0.0020003468
0,0,0.16269238
0,1,0.5843125
0,0,0.033718906
0,0,0.061973616
0,0,0.04776326
0,1,0.51546353
0,0,0.3127112
0,1,0.55752677
0,1,0.53499836
0,0,0.0010665394
0,0,0.46204916
0,0,1.8890618e-05
0,0,0.08905281
1,1,0.6042189
0,1,0.53200185
0,1,0.67259693
0,0,0.00013586807
0,0,0.41794536
0,0,0.01827606
0,0,0.00059381174
0,0,0.048554678
0,1,0.5231381
0,0,0.091171965
0,0,0.29966974
0,0,0.056660544
0,0,0.32039097
0,0,0.04726029
0,0,0.27183095
0,0,0.11794432
0,0,0.0076633543
0,0,0.0068219737
0,0,0.015573848
0,0,0.019315334
0,0,0.018324928
0,0,0.4704512
0,0,0.060512047
0,0,0.19272543
0,0,0.2197536
0,0,0.04325644
0,0,0.09523874
0,1,0.7569954
0,0,0.40212032
0,0,0.3711992
0,0,0.23603265
0,0,0.09292444
0,0,0.40406573
0,1,0.6084483
0,0,8.8768786e-05
1,1,0.71593875
0,0,0.0022590808
0,0,0.00038716858
0,0,0.050581098
1,0,0.49162585
0,0,0.09306449
0,0,0.108707026
0,0,0.26420742
0,0,0.0047111423
0,0,0.3386604
0,1,0.67153424
0,0,0.0032656966
0,0,0.013263924
0,0,0.08327833
0,0,0.3826514
0,0,0.021170678
0,0,0.043146733
0,0,0.044002578
0,0,0.048993282
0,1,0.58054584
0,0,0.36349067
0,0,0.038806513
0,0,0.21586591
0,0,0.19473286
0,0,0.3645663
0,0,0.02759201
0,0,0.43985313
0,0,0.015868355
0,0,0.31133232
0,0,0.0390662
0,0,0.033018976
0,1,0.51287276
0,0,0.01415385
0,0,0.0063129766
0,0,0.11212608
0,0,0.49531674
0,0,0.36379325
1,0,0.39054984
0,0,0.06022046
0,0,0.23385367
1,0,0.4256173
0,1,0.56177086
0,0,0.009122124
0,1,0.7497704
0,0,0.020381436
0,0,0.10008947
0,0,0.08004358
0,0,0.10644621
0,0,0.054211147
0,1,0.68451077
0,0,0.4840922
0,0,0.07911279
0,0,0.003406395
0,0,0.49026898
0,0,0.30085537
0,0,0.031981014
0,0,0.059864458
0,0,0.14754443
0,0,0.016656728
0,0,0.2602548
0,0,0.41723803
0,0,0.3663835
0,0,0.08235268
0,0,0.1394266
1,1,0.5743116
0,0,0.06801545
0,0,0.07277317
0,0,0.05092762
0,0,0.0013082543
0,0,0.4025365
0,0,0.030094301
1,0,0.04400116
0,0,0.4375222
0,0,4.455993e-05
0,0,0.021121154
0,0,0.00032424257
0,0,0.29187682
0,0,0.0011338487
0,0,0.20494494
0,0,0.08242435
0,1,0.7214922
0,0,0.052600868
0,0,0.051402718
0,0,0.29679286
0,0,0.15955214
0,0,0.494176
0,0,3.7403195e-05
0,0,0.00017524658
0,0,0.3011444
0,0,0.027453575
0,0,0.056911718
0,0,0.06358803
0,0,0.14010745
0,0,0.017567335
1,0,0.41223317
0,0,0.16565211
0,0,0.007479926
0,0,0.00067722163
0,0,0.0002489829
0,0,0.35578632
0,0,0.003044238
0,0,0.002109233
0,0,0.041090645
0,0,0.34033743
0,0,0.24266812
0,0,0.006322262
0,0,0.26085395
0,0,0.07637757
0,0,0.14453581
0,0,0.030478436
0,0,0.3394293
0,1,0.61123323
0,0,0.0009878004
0,0,0.03417647
0,0,0.33033058
0,0,0.0058220923
0,0,0.001951422
0,0,0.12292352
0,0,0.06570669
0,1,0.5819733
0,0,0.4684713
0,0,0.09907107
0,0,0.10392716
0,0,0.023546223
0,0,0.27995878
0,0,0.004434155
0,0,0.20184992
0,0,0.30198133
0,0,0.096504234
0,0,0.012015641
0,0,0.048089806
0,0,0.0035736745
0,0,0.0008689984
0,0,0.051520523
1,1,0.8594152
0,0,0.19677423
0,0,0.002932883
0,0,0.1502186
0,0,0.10265966
0,0,0.023492157
0,0,0.30661967
0,0,0.014883506
0,1,0.58285344
1,1,0.76116276
0,1,0.52525526
0,0,0.29737183
0,0,0.02441791
0,1,0.5028775
0,0,0.11289389
0,0,0.108839326
0,0,0.041775472
0,0,0.41996157
0,0,5.7239096e-05
0,0,0.0008901656
1,0,0.10981538
0,0,0.3879333
0,0,0.34189838
0,0,0.00022260858
0,0,0.087543786
0,0,0.013901392
0,0,0.009918005
0,0,0.00650955
0,0,0.05462929
0,1,0.5859353
0,0,0.0012322676
0,0,0.027880019
0,0,0.23278876
0,0,0.109006725
0,1,0.6185135
1,0,0.44970816
0,0,0.086233914
0,0,0.37346432
0,0,0.012259543
1,0,0.13255544
0,0,0.025797766
0,0,0.32036027
0,0,0.08562381
0,0,8.460159e-05
0,0,0.3604592
0,0,0.36098933
0,0,0.22437732
0,0,0.11587837
0,1,0.56563723
0,0,0.048902296
0,1,0.5475065
0,0,0.20686477
0,0,0.17106186
0,0,0.047366764
0,0,0.031753425
0,1,0.6802512
0,0,0.234522
0,0,0.47521955
0,0,0.21186927
0,0,0.41884714
0,0,0.04783269
0,0,0.1175922
0,0,0.04236811
0,1,0.77726775
0,0,0.000113043534
1,1,0.95590776
1,1,0.51375914
0,0,0.004174048
0,0,0.056401387
0,0,0.17996883
0,0,0.28583536
0,0,0.1320035
0,0,0.0373997
0,0,0.38249257
0,0,0.0021214525
0,0,0.39686474
0,1,0.69070923
0,0,0.010964736
0,0,0.010385554
0,0,0.1356473
1,0,0.4234799
0,1,0.84376687
0,0,0.061293826
0,1,0.5937978
0,0,0.0003952902
0,0,0.16688615
0,0,0.045087896
0,0,0.40183023
0,0,0.017768294
0,0,0.00036381197
0,0,0.07281184
0,0,0.010877756
0,0,0.011332731
0,0,0.15884112
0,0,0.06152721
0,0,0.020272626
0,0,8.546638e-05
0,0,0.2156812
0,0,0.019510057
0,0,0.07419324
0,0,0.019435376
0,0,0.0068263924
0,0,0.060395483
0,0,0.2742072
0,0,0.006063554
0,0,0.15049033
1,0,0.09936709
0,0,0.07938244
0,0,0.2465561
0,1,0.7061298
0,1,0.68433183
0,0,0.18914424
0,0,0.10813148
0,0,0.43899795
0,0,0.103470534
0,0,0.10729862
0,1,0.5395847
0,1,0.6144636
0,0,0.18051022
0,0,0.182673
1,0,0.2275941
0,0,0.14633968
0,0,0.038494617
0,0,0.20969008
0,1,0.6328517
0,0,0.030869983
0,0,0.055169106
0,0,0.03715353
0,0,0.021364944
0,0,0.040513482
0,0,0.0061699483
0,0,0.115670286
0,0,0.40914857
1,0,0.21436621
0,0,0.3855584
0,0,0.084455214
0,0,9.4609655e-05
0,0,0.010390903
1,1,0.8212644
0,0,0.0127774365
0,0,0.0031671005
0,0,0.17255591
0,0,0.23704508
0,0,0.012342719
0,0,0.086171165
0,0,0.00044084634
0,0,0.060260646
0,0,0.017911622
0,0,0.1206245
0,0,7.132638e-05
0,0,0.022635851
0,0,0.03621335
1,1,0.79143894
0,0,0.19496214
0,0,0.009334476
0,0,0.0036551375
0,0,0.36407983
0,0,0.04210215
0,0,0.1798104
0,0,0.31628725
0,0,0.41423687
0,0,0.23242532
0,0,0.30099
0,0,0.09024976
0,0,0.13299085
0,0,0.023447432
0,0,0.0026713044
0,0,0.22655529
0,0,0.0056751496
0,0,0.29738805
0,0,0.04798661
0,0,0.01346787
0,0,0.29899657
0,1,0.5093512
0,0,0.104913846
0,0,0.38485298
0,0,0.0016120648
1,1,0.7150277
0,0,0.00046159863
0,0,0.07130844
0,0,0.11043517
0,0,0.10976685
0,0,0.013947818
0,0,0.03099306
0,0,0.29558152
0,0,0.071056165
0,0,0.0062931334
0,0,0.26448697
0,0,0.07717886
0,0,0.08632681
0,0,0.019872688
0,0,0.030227674
0,1,0.5043698
0,1,0.6524488
0,1,0.5460214
0,0,0.3556555
0,0,0.18064466
1,0,0.49186957
0,0,0.014857973
0,1,0.53938013
0,0,0.015393415
0,0,0.03825114
0,0,0.12255116
0,0,0.020483164
0,0,0.38821504
0,0,0.30633867
0,1,0.65082914
0,0,0.06355328
1,0,0.16405186
0,0,0.15125191
1,0,0.24973615
0,0,0.37750983
0,1,0.60609895
0,0,0.012148269
0,1,0.6768176
0,0,0.27690837
0,0,0.29543477
0,0,0.08374234
0,1,0.6039516
0,0,0.35435998
0,0,0.0017011879
0,1,0.509426
0,0,0.048988182
0,0,0.10556005
0,0,0.005431215
0,0,0.45162502
0,0,0.05341606
1,1,0.6704473
0,1,0.6817603
0,0,0.31241766
0,0,0.46948785
0,1,0.77774966
1,0,0.13337733
0,0,0.04408167
0,0,0.005650526
1,0,0.06895549
0,0,0.014982562
0,0,0.03274206
0,0,0.0055375304
0,0,0.056319296
0,0,0.4918504
0,1,0.63942766
0,0,0.062400315
1,0,0.4041594
0,0,0.019567698
0,0,0.21279435
0,0,0.09979455
0,0,0.15706372
0,0,0.023604201
0,0,0.27212316
0,0,0.010928444
0,0,0.13200419
0,0,2.4442854e-05
0,0,0.2104362
1,1,0.63478553
0,0,0.20157214
0,1,0.5889127
0,0,0.097999796
0,0,0.2254987
0,0,0.31727153
0,0,0.40406573
0,0,0.0029192925
0,1,0.5808096
0,1,0.6931491
0,0,0.12359616
0,0,0.011955769
0,1,0.9045192
1,1,0.8855997
0,0,0.16687195
0,1,0.68758553
0,0,0.032072864
1,1,0.550908
0,0,0.008394147
0,0,0.016827164
0,0,0.3428139
0,0,0.17778566
0,0,0.2751815
0,1,0.75515586
0,0,0.38297313
0,0,0.17991138
1,1,0.7199238
0,0,0.33929858
0,0,0.00014020537
0,0,0.23888102
0,0,0.0032178543
0,0,0.028675128
0,0,0.27685162
0,1,0.61850345
0,0,0.025922034
0,0,0.29337376
0,0,0.06341085
0,0,0.10311969
0,0,0.027862092
0,0,0.2954257
0,0,0.031661823
0,0,0.12845038
0,0,0.0062047993
0,0,0.23537196
0,0,0.31138036
0,0,0.13021204
0,0,0.06682904
0,0,0.023698665
0,0,0.3501772
0,0,0.38488498
0,1,0.8276631
1,0,0.32333902
0,1,0.7785372
0,0,0.0054728836
0,0,0.1669634
0,0,0.07258886
0,1,0.5878427
0,0,0.17964295
0,0,0.069263235
0,0,0.00079700025
0,0,0.08365743
0,0,0.000112705675
0,1,0.81650484
0,0,0.36378658
0,0,0.19213498
0,0,0.11693354
0,1,0.5503273
0,1,0.73080975
0,0,0.3189714
0,0,0.023760742
0,0,0.005295883
0,0,0.033845406
0,0,0.06543126
0,0,0.23705678
0,1,0.54656386
0,0,0.29077834
0,0,0.27969685
0,0,0.1649292
0,0,0.022904173
0,0,0.09443745
1,0,0.263313
0,0,0.46070415
0,0,0.3781829
0,1,0.78055376
1,0,0.05100296
0,0,0.4651464
0,0,0.20313737
0,0,0.05114252
0,0,0.21892996
1,1,0.8507932
0,0,0.19700079
0,0,0.12298919
0,0,0.4224273
0,0,0.0015263539
0,0,0.09486821
0,0,0.1588153
0,0,0.45591
0,0,5.476337e-05
0,0,0.32434547
0,0,0.03888173
0,0,0.05239114
0,0,0.14833635
1,1,0.61089706
1,1,0.5440358
0,1,0.8252357
0,0,0.023972915
0,1,0.72277504
0,0,0.0645719
1,1,0.7875021
1,0,0.33551833
0,0,0.0027701922
0,0,0.13204806
0,0,0.21898657
0,0,0.15923671
0,0,0.18411489
1,0,0.10838157
1,0,0.092744194
0,0,0.10616355
0,1,0.730445
0,0,0.0053206882
0,0,0.16917841
0,0,0.15187497
0,1,0.8412127
1,1,0.71123976
0,0,0.102670535
0,0,0.024835642
0,0,0.0018986316
0,0,0.013904824
0,0,0.12249582
1,0,0.40335688
0,0,0.24517754
0,1,0.627446
0,0,0.027983211
0,1,0.7557883
0,1,0.51384133
0,1,0.51506484
0,0,0.08480672
0,0,0.4860845
0,0,0.0011476808
0,1,0.58575976
0,0,0.005916322
0,0,0.16577955
0,0,0.13281637
0,0,0.06587083
0,0,0.06817823
0,0,0.014085244
0,0,1.875867e-05
0,1,0.6541755
1,0,0.2686401
0,0,0.025883194
0,0,0.022009421
0,0,1.803697e-05
0,0,0.44591144
0,0,0.00010090983
1,0,0.21506426
1,0,0.4323069
0,0,0.15835242
0,0,0.16917731
0,0,0.14465055
0,0,0.00070486567
0,0,0.35280052
0,0,0.004241271
0,0,0.21665739
1,1,0.92296547
0,0,0.18614018
0,0,0.16700076
0,0,0.006062537
0,0,0.007459355
0,0,0.3681931
0,0,0.029588537
0,0,0.2556324
0,0,0.0051867818
0,0,0.0011701393
0,0,0.01443875
0,0,0.28534588
0,0,0.02726782
0,0,0.026974993
1,1,0.7556651
0,0,0.35791188
0,0,0.21593076
0,0,0.05514104
0,0,0.1891287
0,0,0.04368348
0,0,0.0039340635
0,0,0.057228565
0,0,0.0138995685
0,0,0.034470797
0,0,0.006750915
1,1,0.6533527
0,0,0.013747194
0,0,0.255956
0,0,0.4256899
0,1,0.59773713
0,1,0.52901524
0,0,0.05227904
0,1,0.61750716
1,0,0.2623778
0,0,0.040360294
0,0,0.14191322
0,0,0.045286953
0,0,0.3324244
0,0,0.035620242
0,0,0.21585591
0,0,0.20978469
0,0,0.015838617
0,0,0.0818918
0,0,0.021421207
0,1,0.89172035
0,0,0.0017810024
0,0,0.00020109197
0,0,0.47511256
0,0,0.48742616
0,0,0.041671313
0,1,0.7233862
0,0,0.116670124
0,1,0.6334271
0,0,0.012514125
0,0,0.049965248
0,0,0.23951212
0,0,0.0012008054
0,1,0.57321244
0,1,0.63985753
0,0,0.005689993
0,0,0.38586742
0,0,0.30724826
0,0,0.14833125
0,0,0.21281981
0,1,0.5618852
0,1,0.6927543
0,0,0.021995794
0,0,0.116601884
0,0,0.00042358058
0,0,0.025449999
0,0,0.0065363226
1,1,0.7201216
1,1,0.8507256
0,0,0.4161982
1,0,0.30667183
0,1,0.76116633
0,0,0.013274998
0,0,0.103155375
1,1,0.81275094
1,1,0.62345177
1,0,0.12554115
0,0,0.011048309
0,0,0.21214472
0,0,0.059236247
0,0,0.0012145414
0,1,0.8477577
0,0,0.001537347
0,0,0.009665541
0,0,0.00075050024
0,0,0.068657205
0,0,0.26291183
0,0,0.0033904405
0,0,0.019538134
1,1,0.52989215
1,0,0.42788213
0,0,0.051594425
0,0,0.06466386
1,0,0.49255446
0,0,0.0011665006
0,0,0.23198238
0,0,0.38885573
0,0,0.022617044
0,0,0.021355215
0,0,0.15859094
0,0,0.07240299
0,0,0.04236103
0,0,0.014269085
0,0,0.02393235
0,0,0.09863606
0,0,0.015628802
0,0,5.331787e-05
0,0,0.22285813
0,0,0.14450216
0,0,0.32316753
0,1,0.5836614
1,0,0.18007378
0,0,0.10587724
0,0,1.5553609e-05
0,0,2.7502887e-05
0,0,0.12234521
0,1,0.6381185
0,0,0.38730592
0,0,0.49539122
0,0,0.03207386
0,0,0.0023934827
0,0,0.4359774
0,0,0.056295544
0,0,0.2266422
0,0,0.025394106
0,0,0.0521692
0,1,0.6267122
0,0,0.41927716
0,0,0.017530832
0,0,0.07959429
0,0,0.011613043
0,0,0.29508924
0,0,0.04217288
0,0,0.10909922
0,0,0.11147024
0,0,0.19073504
0,0,0.27151412
0,0,0.00031542307
0,1,0.94272
0,0,0.028014071
0,0,0.31024694
1,1,0.64594346
0,0,0.0072221677
0,0,0.09595326
0,0,0.13608123
0,0,0.25358415
0,0,1.5553609e-05
0,0,0.0036518862
1,0,0.30332118
0,0,0.008402431
0,0,0.037138797
0,0,0.023617607
0,0,0.03463757
0,0,0.070810616
0,0,0.00080906827
0,0,0.36744985
0,0,0.33650964
0,0,0.3168191
0,0,0.04185896
0,0,0.13660792
0,0,0.13235375
0,0,0.093756534
0,0,0.021386616
0,0,0.24611774
0,0,0.088494465
1,0,0.4406151
0,0,0.17027004
0,0,0.0069558136
0,1,0.62323076
0,0,0.051871724
0,0,0.29985613
0,0,0.042941313
0,1,0.70651263
0,1,0.67105514
0,1,0.93428713
1,0,0.15010485
0,0,0.010096047
0,0,0.050656132
0,1,0.52756554
0,0,0.293147
0,1,0.5423212
1,1,0.5939682
0,0,0.00852916
0,0,0.081855595
0,1,0.7010326
1,1,0.7137551
0,0,0.023133738
0,0,0.013844118
0,1,0.50376296
0,1,0.5866203
0,0,0.07360321
0,0,0.024831
0,0,0.013157361
0,1,0.5289378
0,0,0.27925345
0,0,0.007419157
0,0,0.03932509
0,0,0.024330078
0,0,0.017038535
0,1,0.73658717
0,0,0.20964988
0,0,0.05394428
0,0,0.42107773
0,0,0.018445376
0,0,0.01056979
0,0,0.46143705
0,0,0.03337447
0,0,0.13992317
0,0,0.010666974
0,0,0.36062998
0,0,0.020475553
0,0,0.009729849
0,0,0.007218367
0,0,0.32334608
0,0,0.08234937
0,0,0.051260542
0,0,0.16212386
0,0,0.20780109
0,0,0.1374062
0,0,0.13752514
0,0,0.48601517
0,0,0.10931254
0,0,0.037305903
0,1,0.54006976
1,1,0.9572345
0,0,0.4481471
0,0,0.009883863
0,0,0.23718937
0,0,0.3514206
0,0,0.25471064
0,0,0.0072372095
0,0,0.20195949
0,0,0.13763309
0,0,0.027426997
0,0,0.017566092
0,0,0.089872986
0,0,0.00029627106
0,0,0.23410413
0,0,0.12332931
0,0,0.110277705
0,0,0.0041605346
0,0,0.000399471
0,1,0.54005086
0,0,0.00014020537
0,0,0.03577325
0,0,0.33151203
0,0,0.19882393
0,0,0.16306089
0,1,0.6789454
0,0,0.18734953
0,0,0.10827743
0,0,0.2584598
0,0,0.08862017
0,0,0.12539598
0,0,0.00020273571
0,0,0.056483746
0,0,0.17864306
0,0,0.10437471
0,0,0.43247086
0,0,0.019717354
0,0,0.046408735
0,0,0.23317477
0,0,0.037592277
0,0,0.011653071
0,1,0.67468953
0,0,0.19479805
0,1,0.6155251
0,0,0.3281095
0,0,0.035962306
0,0,0.19678514
0,0,0.0024714498
0,1,0.605871
0,0,0.00027123658
0,0,0.15118748
0,0,0.014863838
0,0,0.01732672
0,0,0.00042520568
0,0,0.21578658
0,0,0.1428577
0,1,0.6253522
0,0,0.098815404
0,0,0.034397613
0,1,0.7131946
0,1,0.5301911
0,0,0.09407445
0,1,0.62387997
0,1,0.7446248
0,0,0.16499306
0,0,0.0034420353
1,0,0.23172271
0,0,0.28043863
0,0,0.18840674
0,0,0.06578624
0,1,0.58780026
0,0,0.075312324
0,1,0.5411171
0,0,0.013381984
0,0,0.468796
0,0,0.054138534
0,0,0.0004069694
0,0,0.011936491
0,0,0.24218829
1,0,0.38199168
0,0,0.010385554
0,0,0.38047585
0,0,0.24555124
0,0,0.11192283
0,0,0.10905127
0,0,5.7531703e-05
0,0,0.0022056187
1,0,0.12866454
0,0,0.033745766
0,1,0.71874285
0,0,0.2644384
0,0,0.006031435
0,0,0.05758669
1,1,0.7669463
0,0,0.053343
0,0,0.14362085
0,0,0.2055455
0,0,0.00021777187
0,0,0.020437626
0,0,0.35679424
0,0,0.4212505
0,1,0.6941864
0,0,0.34647807
0,0,0.023909787
0,0,0.48058492
0,0,0.059846964
0,1,0.5735293
0,0,0.022254087
0,1,0.6664155
0,0,0.003926535
0,1,0.70736897
0,0,0.21291661
0,0,0.17159916
0,0,0.26252413
0,0,0.0043579317
0,0,0.08303136
0,0,0.3875976
0,0,0.025264863
1,0,0.1876308
0,0,0.24958129
0,0,0.02937774
0,0,0.123729125
0,0,0.26584902
0,0,0.0036140622
0,0,0.0007344927
0,0,0.012910521
0,0,5.087154e-05
0,0,0.053255998
1,0,0.2348389
0,0,0.33396834
1,1,0.6662092
0,0,0.27118638
0,0,0.16965729
0,0,0.1562194
0,0,0.03665233
0,0,0.45346862
0,0,0.04045543
0,0,0.07545035
0,0,0.106605254
0,0,0.014647797
0,0,0.33764127
0,0,0.25505054
0,0,0.0042152395
0,0,0.15567778
0,0,0.4003937
0,0,0.0028276434
0,0,0.13559115
0,1,0.7689904
0,0,0.33815378
0,0,0.12216595
0,0,0.00026457311
0,0,0.033692583
0,0,0.26754555
0,0,0.00994006
0,0,0.49068192
0,0,0.28210118
0,0,9.4609655e-05
0,1,0.6797037
0,0,0.23507486
0,0,0.000112705675
0,0,0.40908608
0,0,0.00091734837
1,1,0.73625267
0,0,0.008197383
0,0,0.053401053
1,0,0.1743265
0,0,0.21235693
0,0,0.00020044264
0,0,0.008601626
0,0,0.35390913
0,0,0.0017683525
0,0,0.05460126
0,0,0.00224366
0,1,0.6651286
0,0,0.05695324
0,0,0.08400524
0,0,1.875867e-05
0,0,0.008464095
0,0,0.3556108
1,1,0.57603943
0,0,0.48981562
0,0,0.22004437
0,0,0.12994552
0,0,0.020107685
0,0,0.17347449
0,0,0.27232978
0,0,0.0006833949
0,1,0.73551434
0,0,0.4617568
0,0,0.0040879357
0,0,0.04103779
0,1,0.7232959
0,0,0.07035249
0,1,0.5868111
0,0,0.1510793
0,0,0.044394713
0,0,0.38080063
0,1,0.7651137
0,0,0.12729008
0,0,0.0009914874
0,0,0.08946829
0,0,0.0024650993
0,0,0.0182954
1,0,0.022985121
0,0,0.0572731
0,0,0.0039405506
0,1,0.8051466
0,0,0.30929348
0,0,0.027698578
0,0,0.00044084634
0,0,0.40574995
0,0,0.18491054
0,1,0.8123636
0,0,0.06370561
0,0,0.006249617
0,0,7.957468e-05
0,0,0.18410157
0,0,0.048098586
0,0,0.38917443
0,0,0.012130583
0,0,0.06706061
0,0,0.0999299
0,0,0.009530544
0,0,0.056891605
0,0,0.007882984
0,0,0.10874637
0,0,0.082822606
0,1,0.76998115
0,0,0.0023182738
0,0,0.43736356
0,0,0.0028643042
0,0,0.04845258
0,0,0.0018549027
0,0,0.08897928
1,1,0.57945967
0,0,0.012713607
0,1,0.7524832
0,0,0.0066318554
0,0,0.2626403
1,0,0.3141587
0,0,0.28913227
0,0,0.21757652
0,0,6.876412e-05
0,0,0.49335897
1,1,0.6976064
0,0,0.03188922
0,1,0.75860983
0,0,0.0023882429
0,0,0.005013259
0,0,0.00044084634
0,0,0.022162698
0,0,0.46823585
0,0,0.36096326
0,0,0.27822682
0,0,0.024398265
0,1,0.6536234
0,0,0.3534527
1,0,0.17352267
0,0,0.00026457311
1,0,0.041560665
0,1,0.53295547
0,0,0.031094473
0,0,0.025085293
0,0,0.020621235
0,0,0.21499728
0,0,0.035386976
0,0,0.26699194
0,0,0.025137292
0,0,0.019944418
0,0,0.027930135
0,0,0.29667783
0,0,0.010206843
0,0,0.0013906579
0,0,0.18963861
0,0,0.114118464
0,0,0.49437392
0,0,0.37983683
0,0,0.103826664
0,0,0.0005040202
0,0,0.05662258
0,0,0.09545837
0,0,0.24007773
0,1,0.7954839
0,0,0.39217314
0,0,4.2629574e-05
1,0,0.35467806
0,0,0.11080374
0,0,0.08297985
0,0,0.002611183
0,0,0.34172073
1,0,0.2979588
0,0,0.0019003429
0,0,0.2723955
0,1,0.8375432
0,0,0.114160694
0,0,0.041210692
0,1,0.7143965
0,0,0.33860022
0,0,0.19628152
0,0,0.113676816
0,0,0.03719153
0,0,0.107990116
0,0,0.07682843
0,0,0.0023198514
0,0,0.0055202367
1,1,0.6461957
0,0,0.0057948763
0,0,0.0001619102
0,0,0.1746867
0,0,0.38791037
0,0,0.30182296
0,0,0.23616894
0,0,0.48058957
0,0,0.18986803
0,0,4.2629574e-05
0,0,0.3670504
0,0,0.15479052
0,1,0.63112533
0,0,0.10531715
0,0,0.003181245
0,0,0.0032985085
0,1,0.640634
0,0,2.7502887e-05
0,1,0.577242
0,0,0.3877803
0,0,0.051656794
0,0,0.2302813
1,1,0.8070517
0,0,0.31351924
1,1,0.6247123
0,1,0.5853589
0,0,0.0012581947
1,0,0.32487312
0,1,0.77112585
1,1,0.8045048
0,0,0.2881858
0,0,0.21473482
0,0,0.45975092
0,0,0.007705638
0,0,0.46389395
0,1,0.5967197
1,0,0.043733794
0,0,0.30528855
0,1,0.77357894
0,0,0.02447876
0,0,0.004150481
0,0,0.0041647945
0,0,0.00027782508
0,0,0.26093423
0,0,0.0017872091
0,0,0.00014020537
0,0,1.875867e-05
0,0,0.042136356
0,1,0.83474445
0,0,0.19027863
0,0,0.08518676
0,0,1.875867e-05
0,0,0.47032467
0,0,0.037296787
0,0,0.33166453
0,0,0.29670927
0,0,0.34611416
0,0,0.0048271166
0,1,0.60328585
0,0,0.013132409
1,0,0.18538927
0,0,0.47830245
0,0,0.023228712
0,0,0.28378558
0,1,0.7728314
0,0,0.073485225
0,0,0.030841298
0,0,0.18046074
0,0,0.46363714
0,0,0.070195295
0,0,0.051363137
0,0,0.027830848
0,0,0.16142273
0,0,0.052173153
0,1,0.6064717
0,1,0.5806813
0,0,0.28712732
0,1,0.74914134
0,0,0.03590131
0,0,0.009791243
0,0,0.100251034
0,0,0.21976069
0,0,0.0070493617
0,0,0.39217466
0,1,0.7396393
0,0,0.0024774263
0,0,0.41309366
0,0,0.10894236
0,0,0.0014295739
0,0,0.19722469
0,0,0.0071280804
0,1,0.6992133
0,0,0.006614957
0,0,0.015982892
0,1,0.82100534
0,0,0.48508915
0,0,0.20598799
0,0,0.12774429
0,0,0.033380315
0,0,0.018743685
0,0,0.002412742
0,0,0.07667518
0,0,0.41402775
0,0,0.1734214
0,0,0.13662028
0,0,0.18586616
0,0,0.07721865
0,0,0.14191101
0,0,0.03969636
0,0,0.11323585
0,0,0.047481406
0,0,0.35919696
0,0,0.0004994934
0,0,0.008422231
0,0,4.1166008e-05
0,0,0.0129609285
0,0,0.10308219
1,0,0.09129223
0,1,0.74014986
0,0,0.1038244
0,0,0.19394344
0,0,0.29925707
0,0,0.2546395
0,0,7.4174146e-05
0,0,3.4556e-05
0,0,0.13662934
0,0,0.0026797147
1,0,0.27626237
0,1,0.8024851
0,0,0.3623244
0,0,0.1653943
0,0,0.34154308
0,0,0.015225046
0,0,0.059652597
0,0,0.029539706
0,0,0.25722402
0,0,0.328402
0,0,0.13639855
0,0,0.0020757122
0,0,0.10199488
1,1,0.7947454
0,0,0.02538153
0,0,0.053899642
1,0,0.17337449
0,0,0.3781645
0,0,0.3350534
0,0,3.6602974e-05
1,0,0.22297624
0,0,0.053731963
0,0,0.005566495
0,0,0.2819604
0,0,0.0032863969
0,0,0.26410758
0,0,0.2196877
0,0,0.3837542
0,0,0.119084395
0,0,0.06090433
0,0,0.07621293
0,0,0.03234874
0,0,0.29600975
0,1,0.85338223
0,1,0.52546597
0,0,0.00031663003
0,0,0.0009824357
0,0,0.010033335
0,0,0.07479122
0,0,0.39329723
0,0,0.1617315
0,0,0.002829793
0,0,0.04580321
0,1,0.53632027
0,1,0.68777955
0,0,0.123612046
0,0,0.009054562
0,0,0.015221293
0,0,0.18823335
0,0,0.18351135
0,0,0.4393884
0,1,0.8311786
0,0,0.33752012
0,0,0.029202223
1,0,0.4144403
0,0,9.231244e-05
0,1,0.6180204
0,0,0.15978566
0,0,0.14202075
0,0,0.3294633
0,1,0.62163347
0,0,0.012813552
0,0,0.18241532
0,0,0.0044425363
1,0,0.42205083
0,0,0.15867104
0,1,0.62561715
0,0,0.23569083
0,0,0.24275194
0,0,0.00147804
0,0,0.025587454
0,0,0.21677159
0,0,0.05922445
0,0,3.6856287e-05
0,1,0.7271114
0,1,0.75255996
0,0,0.032930423
0,1,0.6474687
0,0,0.003102237
0,0,0.28994486
0,0,0.10595848
0,1,0.5278469
0,0,0.10806541
0,1,0.7143768
0,0,0.07056072
0,0,0.15427534
0,0,5.7531703e-05
0,0,0.31808314
0,1,0.63247687
0,0,0.02546322
0,0,0.031019736
0,0,0.30103654
0,0,0.09607633
0,0,0.0034675635
0,0,0.14507304
0,1,0.7022504
0,0,0.0030147445
0,0,0.038280297
0,0,0.25999057
0,0,0.16434394
0,0,0.32124925
0,1,0.6010414
0,0,0.020609984
1,0,0.43543875
1,0,0.48889083
0,0,0.11734622
0,0,0.48995867
0,0,0.0049077407
0,0,0.10163816
0,0,0.0028656295
0,0,0.017376503
0,0,0.0040159044
0,0,0.0946683
0,0,0.07317046
0,0,0.02638927
0,0,5.973598e-05
0,0,0.3710042
0,0,0.1910178
0,0,0.012146393
0,0,0.006482859
1,1,0.6630618
0,1,0.65512997
1,0,0.3851712
0,0,0.11344873
0,1,0.6569212
0,0,0.47722176
1,1,0.890419
0,0,0.04158445
0,1,0.53816754
0,0,0.090873234
0,0,0.21154062
0,0,0.055712122
0,0,0.39187112
0,0,0.0157296
0,0,0.010032321
0,0,0.07077458
0,0,0.00035704378
1,1,0.5812987
0,0,3.5963047e-05
1,1,0.75446594
0,0,0.21728592
0,0,0.3680304
0,0,0.03347796
1,0,0.30072933
0,0,0.15035246
0,0,0.34573537
1,1,0.6410935
0,0,0.010686859
0,0,0.06748095
0,0,0.0056289732
0,0,0.09360323
0,1,0.7005977
0,0,0.012853768
0,0,0.0020755325
0,0,0.2266059
0,0,0.20834388
0,0,0.037451904
0,0,0.008450372
0,0,0.4186849
1,0,0.031792622
0,0,0.06262415
0,0,0.05514176
0,0,0.102696866
0,0,0.035117555
0,0,0.2797386
0,0,0.06715714
0,0,0.120739534
0,0,0.021854397
0,0,0.066194914
0,0,0.0028585694
0,0,0.2891602
0,0,0.23967856
0,0,0.010234995
0,1,0.5890095
0,0,0.13479532
0,0,0.1778965
0,0,0.047290128
0,0,0.13372779
0,0,0.030868826
1,0,0.15960224
1,1,0.9022347
0,0,0.45800495
0,1,0.64200556
0,1,0.6754596
0,0,0.10033491
0,1,0.7073418
0,0,0.31151214
0,1,0.7744854
0,0,0.07630711
0,0,0.0002818752
0,0,0.09544277
0,1,0.55543125
0,0,0.0001279201
0,0,0.021510113
0,0,0.41676807
0,1,0.60512257
1,1,0.5275571
0,0,0.1982658
0,0,0.052631635
0,0,0.079002336
0,0,2.1184866e-05
0,0,0.00020044264
0,0,0.009054425
0,0,0.008018253
0,0,0.1391562
0,1,0.5842803
0,0,0.0324574
0,0,0.3998083
0,0,0.0963127
0,0,0.0072343317
0,0,0.010955556
0,0,0.32852447
0,1,0.59228337
0,0,0.32605302
0,0,0.0053137373
0,0,0.1955088
0,0,2.6344649e-05
0,0,0.011233136
0,0,0.016566198
0,0,0.0027062292
0,0,0.21524869
0,0,0.21657987
0,0,0.0060978164
0,0,0.03427578
0,0,0.015458653
0,0,0.2616903
0,0,0.2833355
0,0,0.38900146
0,0,0.06792374
0,0,0.0070395493
0,0,0.4597275
0,1,0.7321801
0,0,0.03109362
0,0,0.35660464
0,0,0.22463563
0,1,0.60991794
0,1,0.73163396
0,0,0.00080906827
0,1,0.6218344
0,0,0.10423268
0,0,0.0012339526
0,0,0.015900169
0,0,7.024589e-05
0,0,0.14054362
0,0,0.027559726
0,0,0.01506224
0,1,0.52444077
0,0,0.0011217678
0,0,0.04416057
0,0,0.15504232
0,0,4.6140238e-05
0,0,0.07928973
0,0,1.2585299e-05
0,0,0.022174347
0,0,3.912166e-05
0,0,0.11470301
0,0,0.015540438
0,0,0.39669985
0,0,0.002604213
0,0,0.03226849
1,1,0.61785686
0,0,0.24627182
0,0,0.015244397
0,0,0.20845816
0,1,0.66065764
0,0,0.0010280204
0,0,0.4594088
0,0,0.014156653
0,0,0.09699344
0,0,0.0038119599
0,0,0.22072062
0,0,0.017348574
0,0,0.25745746
0,0,0.037403237
0,0,0.36700916
0,0,0.21588105
0,0,0.017685024
0,0,0.010069309
0,0,0.039807733
0,0,0.23511675
0,0,0.10308911
0,0,0.013661563
0,0,0.29299083
1,1,0.85153973
0,0,0.30796283
1,0,0.4495131
0,0,0.36360446
0,0,0.042237174
0,0,8.8097106e-05
1,0,0.4871213
0,0,6.876412e-05
1,0,0.3949963
0,0,0.032435462
0,0,0.05689877
1,0,0.1615613
0,0,2.1184866e-05
0,0,0.21442829
0,0,0.103570744
0,0,5.7382338e-05
0,1,0.741159
0,0,0.13398202
0,1,0.5283174
0,0,0.289076
0,1,0.5318439
1,0,0.10683675
0,0,0.2793423
0,0,0.018372804
0,0,0.19816774
0,0,0.13253829
1,1,0.7346018
0,0,0.23211135
0,0,0.14101195
0,0,0.26971558
1,1,0.60804844
0,0,0.20967013
0,0,0.07030175
1,0,0.08303539
0,1,0.55897325
0,0,0.4517461
0,0,0.007075229
0,0,0.39867052
1,1,0.9317194
0,1,0.7668461
0,0,0.45290652
0,0,0.44047266
0,1,0.5832415
0,1,0.6467393
0,0,0.047899257
0,0,0.093379654
0,0,0.047590252
1,0,0.39326164
0,0,0.0984105
0,0,0.27298984
0,0,0.2703655
0,0,0.025861936
1,1,0.56631815
0,0,0.03682133
0,0,0.000901588
0,0,0.059610724
0,1,0.62571955
0,1,0.672501
0,0,0.12581429
0,0,0.48842105
0,1,0.56054753
0,1,0.6335418
0,1,0.82608587
0,0,0.04062407
0,0,0.46389395
0,0,0.019324765
0,0,0.2824037
1,0,0.041968834
0,0,0.09620853
0,0,0.009707757
0,0,0.041351702
0,0,0.076737925
0,0,0.00011812188
0,0,0.13494445
0,0,0.48399895
0,0,0.00041548564
0,1,0.582574
0,1,0.81830317
0,1,0.8569694
0,0,0.00048745808
0,0,0.32984525
1,0,0.49555773
1,1,0.5609974
0,1,0.6041834
0,0,0.014735098
0,0,0.18886654
0,0,0.07528502
0,0,0.07940968
0,0,0.039125267
1,1,0.6384582
0,0,0.0323807
0,0,0.018373504
0,0,0.1289
0,0,0.019161718
0,0,0.075087294
0,0,0.46862364
1,0,0.20908926
0,0,0.00025729893
0,0,0.15180431
0,0,0.00651552
0,0,0.09989679
1,1,0.6607257
0,0,0.022788387
0,0,0.40411064
0,0,2.1538512e-05
0,0,0.00020559375
0,0,0.052294992
0,0,7.957468e-05
0,0,0.27230904
0,0,0.30418634
0,0,0.0012804662
0,0,0.12899747
0,0,5.9444632e-05
0,0,0.0003011594
1,0,0.43494785
0,1,0.57777965
0,1,0.5216897
0,0,0.15408753
0,0,0.089069076
0,1,0.62345177
0,0,0.33230832
0,0,0.093077384
0,0,0.0024379918
0,0,0.023670234
0,0,0.05188655
0,0,0.06789502
1,0,0.40206015
0,0,0.07184363
1,0,0.04419874
1,1,0.574969
0,0,0.0045020604
0,1,0.7420575
0,0,0.0074982857
0,0,0.18886591
0,0,0.06478819
0,0,0.2828787
0,0,0.042846896
1,1,0.5900069
0,0,0.10441515
0,0,0.0005597939
0,0,0.11487905
0,1,0.60964847
1,0,0.36923924
0,0,0.0005314007
0,0,0.38908634
0,0,0.07778838
0,0,0.34318358
0,0,2.3414686e-05
0,0,0.0747495
0,0,0.26502398
0,0,7.935977e-05
0,1,0.58652925
0,0,0.016969927
0,0,0.14928226
0,0,0.20406823
0,0,0.07706818
0,1,0.5941026
0,0,0.15570882
0,0,0.28482056
0,0,0.03477336
0,1,0.59393597
1,0,0.28926876
0,0,0.0018100723
0,0,0.162569
0,0,0.13168347
1,1,0.9034481
0,0,0.06137808
0,0,0.032328524
0,0,0.0059226044
0,1,0.59746236
0,0,0.005954613
0,0,0.022553585
0,0,0.2738792
0,0,0.1513806
0,0,0.24228045
0,0,0.3336859
0,0,0.11120097
0,0,0.48229784
0,0,0.015369476
0,1,0.7026769
0,0,0.002549046
0,0,0.090820245
0,0,0.48318523
0,0,0.34133768
0,1,0.5871186
0,0,0.21583761
0,0,0.41422075
0,1,0.69211626
0,0,0.0155212255
0,0,0.046902776
0,0,0.39220816
0,0,0.013182912
1,0,0.29742914
0,0,0.037173837
0,0,0.010377384
0,0,0.023691908
1,1,0.6259322
1,0,0.07502747
0,1,0.5074838
0,0,0.00031045865
0,0,0.0146021815
0,0,0.02172589
0,0,0.1474999
0,0,0.3678483
0,0,0.025978284
0,0,0.18803923
0,1,0.5257825
0,0,0.38323647
0,0,0.3516653
0,0,0.058713198
0,0,0.003956127
0,0,0.053931527
0,0,0.0466271
0,0,0.12758887
1,1,0.7776717
0,0,0.12284288
0,0,0.059709746
1,1,0.5315817
0,0,0.023367837
0,0,0.04220207
0,0,0.0057219286
1,1,0.6675252
0,1,0.50365067
0,0,0.008359094
0,0,0.12494721
0,0,0.0029845426
0,0,0.23691365
1,1,0.6715394
0,1,0.6393136
0,0,0.0038340276
0,0,0.02694112
0,0,0.04392518
0,0,0.0015949378
0,0,0.007410814
0,0,0.03144642
0,1,0.6435961
0,0,0.023597125
1,0,0.18203966
0,0,0.4300191
0,0,0.0034943244
0,0,0.0084351115
0,0,0.08362874
0,1,0.54331815
0,0,0.37745154
0,0,0.39248568
0,0,0.018603154
0,0,0.017537626
0,0,0.27379468
0,0,0.014103592
0,0,0.08519861
1,1,0.8330384
0,0,0.003225083
0,0,0.00010560173
0,0,0.38182145
0,0,0.0034176135
0,0,0.4362444
1,1,0.71050036
0,0,0.16027442
0,1,0.8150864
0,0,0.12806107
0,0,0.014444295
0,0,0.020522535
0,0,0.037637364
0,0,0.0023357891
0,0,0.040448483
0,0,0.15808628
0,0,0.14639397
0,0,0.15413004
0,0,0.0001272056
0,0,0.13173333
0,1,0.77248734
0,0,0.086311124
0,0,0.020513969
0,0,0.47137976
0,0,0.075602345
0,0,0.0018385971
0,1,0.6067401
1,1,0.67971313
0,0,0.12086727
0,0,0.37514907
0,1,0.81454825
0,0,0.114347465
1,0,0.42244494
0,0,0.16067971
0,0,0.02761158
0,0,0.3339866
0,0,0.36420453
0,0,0.044772
0,0,0.082486324
0,0,0.053649563
0,0,0.07076227
0,0,0.46985364
1,1,0.5596216
0,0,0.0007498518
0,0,0.36416546
0,0,0.034565438
0,0,0.25676408
0,0,0.49796417
1,0,0.23506309
0,0,0.0031567975
0,0,0.18071108
0,0,0.39262065
0,0,0.082049385
0,0,6.424794e-05
0,0,0.00824202
0,0,0.01532316
0,0,0.15570773
0,0,0.09822833
0,0,0.15919498
0,0,0.0030085335
0,0,0.04219649
0,0,0.2728981
0,0,0.007725407
0,0,0.06328661
0,0,0.4496706
0,0,0.10664965
0,0,0.2372529
1,0,0.15467963
0,0,0.11787011
0,0,0.41977334
0,0,0.0001544445
0,0,0.1537634
0,0,0.057430275
0,0,0.0016448331
0,0,0.028844781
0,0,0.22644904
0,0,0.10955615
0,0,0.0146681685
0,0,0.1417612
0,1,0.55133706
0,0,0.000595719
0,0,0.0114703
0,0,0.15172477
0,0,0.24629556
0,0,0.43372604
0,0,0.06067933
0,0,0.06626694
0,0,0.00083223963
0,1,0.88168234
0,1,0.5045944
0,0,0.10427907
0,0,0.13774762
0,0,0.008166439
0,0,0.093102686
1,0,0.1534814
0,0,0.46822318
0,0,0.06764139
0,0,0.051131148
0,0,0.019546393
0,0,0.021827646
0,0,0.38140845
0,0,0.19412704
0,0,0.03304141
0,0,0.34628245
0,0,0.33218685
0,0,0.38012612
0,0,0.0001220564
0,0,0.028363239
0,0,0.16797873
0,0,0.012604239
0,0,0.02150659
0,1,0.62042236
0,0,0.15563466
0,0,0.019520795
0,0,0.0040462264
1,0,0.44424108
0,0,0.1513939
0,0,0.041106768
0,1,0.6110873
1,1,0.6286783
0,1,0.6364146
0,0,0.045126736
0,0,0.05196735
0,0,0.10494858
0,0,0.031535704
0,0,0.46827096
0,0,0.37819675
0,1,0.72494304
0,0,0.3828676
0,1,0.6687898
0,0,0.13891089
0,0,2.114186e-05
0,0,0.006423588
0,0,0.0008388986
0,0,0.013832294
0,0,0.0032178543
0,0,0.16582996
0,0,4.6140238e-05
0,0,0.05629191
0,0,0.23508917
0,0,0.1783018
0,0,0.0048955837
0,0,0.0797921
0,0,7.4174146e-05
0,0,0.28730604
0,0,0.022941979
0,0,0.03898839
0,0,0.29634473
0,0,0.032835122
0,0,0.013139165
0,0,0.014151636
0,1,0.6352555
0,1,0.5076544
0,0,0.25348434
0,0,0.07590451
0,0,0.111173265
0,1,0.8032723
0,1,0.6420755
0,0,0.465864
0,1,0.69133437
1,1,0.53244233
0,0,0.40948555
0,0,0.11523392
0,0,0.0062663024
0,0,0.07770082
0,0,0.0020639414
0,1,0.7101515
0,0,0.09365143
0,0,7.299272e-05
0,0,0.03303249
0,1,0.70531857
0,0,0.4346993
0,0,0.013484993
0,0,0.033854235
0,0,0.018934734
0,0,0.39512625
0,0,0.013332936
0,0,0.045637794
1,0,0.18247098
1,1,0.720707
0,0,0.06677565
0,0,0.12013205
0,0,0.20947744
0,0,0.010735552
1,0,0.24656545
0,0,0.015825445
0,0,0.025521228
0,0,0.15468907
0,0,7.672704e-05
1,1,0.50534105
0,0,0.3167113
1,1,0.68583554
0,0,0.43764848
0,1,0.7354857
0,0,6.424794e-05
0,1,0.62124306
0,0,0.14448555
0,0,0.44534263
0,0,0.3294804
0,0,0.036465876
0,1,0.781202
0,0,0.05054802
0,0,0.42842278
0,0,0.18295507
0,0,0.05417224
0,0,0.029334769
0,0,0.41102672
0,0,0.0003291348
0,0,0.0009483417
0,0,0.027614212
0,0,0.14872321
0,0,0.0017862064
0,0,0.054715667
0,0,0.008402065
0,0,0.031406768
1,0,0.49650002
0,0,0.16052642
0,0,1.5986197e-05
0,0,0.0012801016
0,0,0.04773199
0,0,0.062273655
0,0,0.1501368
0,0,0.03734704
1,0,0.24172339
0,0,0.013758571
0,0,0.083488345
0,0,0.00805795
0,0,0.0019182705
0,0,0.00067162816
0,1,0.8089189
0,1,0.5868354
0,0,0.016245827
0,0,0.15522103
0,0,0.052685194
0,0,0.2343068
1,1,0.6615688
0,0,0.22556284
0,1,0.8142888
0,1,0.6038827
0,0,0.26193792
0,0,0.0122973975
0,0,0.45850483
0,1,0.638127
0,1,0.612338
0,0,0.00020583285
0,0,0.35498914
0,0,0.33276683
0,0,0.050830923
1,0,0.016798662
1,1,0.7628111
0,0,0.01580174
0,0,0.042476524
0,0,0.13149846
0,0,0.05721349
0,0,0.17927137
0,0,3.6327736e-05
1,0,0.16657077
0,0,0.41121244
0,1,0.5002078
0,0,0.11351173
0,1,0.52341086
0,0,0.01358608
0,0,2.4177429e-05
0,0,0.01239609
1,0,0.38626215
0,0,0.4843891
0,0,0.11025739
0,0,0.003183305
0,0,0.0067560384
0,0,0.14544779
0,0,0.069143414
0,0,0.015957698
0,1,0.675579
0,0,0.07096393
0,1,0.65954524
0,0,0.015597838
1,0,0.25346786
0,0,0.018985327
0,0,0.110629216
0,0,0.024745874
0,0,0.00017901944
0,1,0.6231222
1,0,0.4755817
0,0,0.0064174677
0,0,0.07821239
0,0,0.35730866
0,0,0.041267328
0,0,0.029889619
1,0,0.12187634
0,0,0.17537132
1,1,0.62076193
1,0,0.30015805
0,1,0.6047977
0,0,0.0074861874
0,0,0.025194936
0,1,0.8668151
1,1,0.60481244
0,0,0.011088111
0,0,0.1955594
0,0,0.19101706
0,0,3.758394e-05
0,1,0.6793329
0,0,0.016540855
0,0,0.10439286
0,0,0.00016378767
0,0,0.44612002
0,0,0.052634526
0,0,0.058377743
0,0,0.019467803
0,0,0.0010348596
0,0,0.027023954
0,0,0.28085333
0,1,0.53254926
0,0,0.4871673
0,0,4.1521518e-05
0,0,0.091053426
0,0,2.612379e-05
0,0,0.013646459
0,0,0.02664106
0,0,0.2828479
0,0,0.28124535
0,0,0.05014726
0,0,5.973598e-05
0,0,0.11441256
0,0,0.0003800222
0,0,0.0077465153
0,0,0.00161914
0,0,0.009322819
0,0,0.061570115
0,0,0.093559586
0,0,0.097409844
0,0,0.250801
0,0,0.08693036
0,0,0.48398712
0,0,0.18186224
0,0,0.007182827
0,0,0.03370362
0,0,0.11296203
0,0,0.042663712
0,0,0.065558374
0,0,0.24524184
0,0,0.0933851
0,0,0.29276088
0,1,0.5694843
0,0,3.7403195e-05
0,0,0.10147172
0,0,0.36297846
0,0,0.08851322
0,0,0.20710444
0,0,0.057181977
0,0,0.041710474
0,0,0.0076366575
0,0,0.19188441
0,0,0.35841602
0,0,0.040997937
0,0,0.4870466
0,1,0.6648095
0,0,0.21103221
0,0,0.2491488
0,0,0.0060456567
1,1,0.5605884
0,0,0.08547815
0,0,0.00010542937
0,0,0.0009950366
1,0,0.2631202
0,0,0.13103646
0,0,0.035132688
0,0,0.14967611
1,1,0.58044004
0,0,0.11067111
0,0,0.1848405
0,0,0.018540703
0,0,0.021434775
0,0,0.1204454
0,0,0.012038798
0,0,0.00016373208
0,0,0.21032071
0,0,0.057359904
0,0,0.1606978
0,1,0.7210214
0,1,0.62280554
0,0,0.034319643
0,0,0.2809621
0,0,0.2753776
0,0,0.4349979
0,0,0.056325816
0,0,0.007138776
0,0,0.03568852
0,0,0.4328329
0,1,0.71524125
0,0,0.37369692
0,0,0.11284986
0,0,0.019095778
0,0,0.12348895
0,1,0.54714507
0,0,0.45936704
0,0,0.07864486
0,0,0.08944328
0,0,0.18149216
0,1,0.50134635
0,0,0.43049234
0,0,0.24510667
0,0,0.0022566381
0,0,0.28582466
0,0,0.053875443
0,0,0.04511406
0,0,0.012506213
0,0,0.0034489546
0,0,0.092886485
0,0,0.09523586
0,0,0.45855275
0,0,0.35976413
0,0,0.39505273
0,0,0.15498172
0,0,0.07009947
0,0,0.008136491
0,0,0.08018601
0,0,0.08736059
0,0,0.31960618
0,0,0.10003088
0,0,0.34592485
0,0,0.058621835
0,0,0.21439177
0,0,0.1333526
0,0,0.3391034
0,0,0.12934443
0,0,0.014475901
0,0,0.019148888
0,0,0.14854425
0,0,0.022741124
0,1,0.73731107
0,0,0.00021777187
0,0,0.007707476
0,1,0.72162527
0,1,0.60196704
1,0,0.14745592
0,0,0.35509202
0,0,0.00034278116
0,0,0.3382608
0,0,0.48317066
0,0,0.12543333
1,1,0.81708276
0,0,0.3521046
0,0,0.20227492
0,0,0.020200701
0,0,0.034664027
0,0,0.008963939
0,0,0.32811895
0,0,0.07042699
0,0,0.005987835
0,0,0.31852752
0,1,0.8077959
0,0,0.18769403
0,0,0.116616175
0,0,0.4499518
0,0,0.19476593
0,0,0.015733935
0,0,0.10037876
0,0,0.010528356
0,0,0.00011812188
0,0,0.04113263
0,0,0.07417637
1,1,0.5264901
0,0,0.12222714
0,0,0.0076336875
0,0,0.028084993
1,1,0.8357049
0,1,0.6545971
0,0,0.14852625
1,1,0.8081822
0,0,0.0049102237
0,0,0.0039118943
0,0,0.08973158
0,0,0.060893267
0,0,0.0028027468
0,0,0.3599193
1,1,0.7183632
0,0,0.061342552
0,0,0.00288653
0,0,0.009173154
0,0,0.21986039
0,0,0.013352188
0,0,0.12607338
0,0,0.0005717455
0,0,0.002066829
0,1,0.6193541
1,1,0.6685795
0,0,0.07217242
1,0,0.09156781
0,0,0.11100054
0,0,0.25568247
0,0,0.0008048022
0,0,0.19604819
0,0,0.035739534
1,1,0.7797302
0,0,0.062856644
0,0,0.08134428
0,0,0.15909335
1,1,0.78401303
1,1,0.8090783
0,0,0.0032991513
0,0,0.0019378664
0,0,0.05992863
0,0,0.027512863
0,1,0.5513083
0,0,0.002698543
0,0,0.00027353593
0,0,0.014323109
0,0,0.45935124
0,0,0.13338555
0,0,8.426046e-05
0,0,0.17464925
0,0,0.034346912
0,0,0.18108143
1,0,0.46843028
0,0,0.0047541596
0,0,0.054391913
0,0,0.0052396893
0,0,0.00021686431
0,0,0.0047548297
0,0,0.00026104169
0,0,0.35295102
0,1,0.5722
1,1,0.7816169
0,0,0.45925194
0,0,0.0010633431
0,1,0.7200326
0,0,0.011968963
0,0,0.25264874
0,0,0.3178464
0,1,0.6229173
0,0,0.3384975
0,0,0.03942054
0,0,0.037075035
0,0,0.32771084
0,0,0.43997726
0,1,0.52304393
0,0,0.019657683
0,0,0.018728733
0,0,0.2794694
0,0,0.037460484
0,0,2.612379e-05
0,0,0.1701385
0,0,0.01682949
0,0,0.012166331
0,0,0.40463609
0,0,0.314209
0,0,0.00014623078
0,0,0.047864605
0,0,0.17434922
1,0,0.477864
0,1,0.5084605
0,0,0.1370432
1,0,0.4575551
0,0,0.29494938
0,0,0.20402545
1,1,0.5905487
0,0,0.23344825
1,1,0.84135413
0,0,0.3612136
0,0,0.015412435
0,1,0.5521923
0,0,0.0017650459
0,0,0.028528852
0,0,0.0016871009
0,0,0.25268763
0,0,0.34487817
0,0,0.054194476
0,1,0.7691784
0,0,0.005040404
1,0,0.38854805
1,1,0.7150305
0,0,0.2738249
0,0,0.038699556
0,0,0.0025638787
0,0,0.3576502
0,0,0.000116332594
0,0,2.8259992e-05
0,0,0.11879053
0,0,0.018696673
0,1,0.63499826
0,0,0.046123788
0,0,0.4684517
0,1,0.7297597
0,0,0.17672797
0,0,0.103796676
0,0,0.025652954
0,0,0.10009572
0,0,0.06473698
0,0,0.38595128
0,0,0.11624395
0,0,0.26054546
0,0,0.2897473
0,0,0.38218686
0,0,0.000112705675
0,0,0.18360078
0,1,0.57493526
0,0,0.09099007
0,0,0.00091924577
0,0,0.32455006
0,0,0.11862379
0,0,0.03177009
0,0,0.34808668
1,0,0.34944403
1,0,0.45852378
1,1,0.5123233
0,0,0.005530484
1,0,0.26813474
0,0,0.17158686
0,0,0.35999718
0,0,0.35460883
0,0,0.12453826
0,0,0.18022296
0,0,0.017486341
0,0,0.04668465
0,0,0.00096187164
0,0,3.18264e-05
0,0,0.30728868
0,0,0.111431025
0,0,0.009621895
1,0,0.26965114
0,0,0.009403333
0,0,0.4872492
0,0,0.3596617
0,0,0.011182312
1,1,0.7351221
0,0,0.0149088
0,0,0.005986146
0,0,0.32113302
0,0,0.011951934
0,0,0.037866257
0,0,0.028466573
0,0,0.0011231118
0,0,0.2648755
0,0,0.4887884
0,0,0.06660557
0,0,0.07563231
0,0,0.0346108
0,0,0.3323604
0,0,0.062311098
1,0,0.408598
0,0,0.2736888
0,0,0.0048108664
0,0,0.03066882
0,0,0.03825114
1,0,0.03270894
0,1,0.58361876
0,0,0.037899874
0,0,0.036781035
0,0,0.2713542
1,1,0.7882422
1,1,0.657578
1,0,0.30035737
0,0,0.13881166
0,0,0.0829245
0,0,0.3213253
0,0,0.08942645
0,0,0.008037593
1,1,0.52328277
0,0,0.41853437
0,0,0.17438832
0,0,0.25235716
0,0,0.32887542
0,0,0.05620552
0,0,0.18003175
0,0,0.38116625
1,1,0.66795415
0,0,8.198208e-05
0,0,0.09247902
0,0,0.10843557
0,0,0.00021117683
0,0,0.37543562
0,0,0.39461222
1,0,0.19298066
0,0,0.0041078767
0,0,0.40398517
0,0,0.16524157
0,0,0.056765705
0,1,0.7157114
0,0,0.25560465
0,0,0.028484268
0,0,0.007088866
0,0,0.122429974
0,0,0.3803461
0,0,0.00011812188
0,0,0.08327833
1,1,0.5393333
0,0,0.0165097
0,0,0.4146674
0,0,0.24069127
0,0,0.015868355
0,0,0.061486587
0,0,0.010125746
0,0,0.2378677
0,0,0.05308392
0,0,0.00091677613
0,0,0.2463826
0,0,0.11100599
1,0,0.41455123
0,0,0.26965365
0,0,0.38443455
0,0,0.15872735
1,0,0.37039652
0,0,0.042236045
0,1,0.85502845
0,1,0.68078065
0,0,0.020434266
1,0,0.114137866
0,0,0.000116332594
0,0,0.18080774
0,1,0.7046557
0,0,0.13776043
0,0,0.0015272822
0,0,4.6171885e-05
0,0,0.021835918
0,0,0.18943244
0,0,0.2855146
0,0,0.038500343
0,0,0.014344195
0,1,0.5584676
0,0,0.403418
0,0,0.37092757
0,1,0.6485126
0,0,0.15467538
0,0,0.004436102
0,0,0.006057456
0,0,0.004027085
0,0,0.10473145
0,0,0.17515354
0,0,0.35881397
0,0,0.062210985
0,0,0.024772827
0,0,0.0045596464
0,0,0.49736583
0,0,0.22972919
0,0,0.011040768
0,0,0.009146539
0,0,0.39527887
0,0,0.15636332
0,0,0.022741124
0,0,0.00078549224
0,0,0.00011319659
1,1,0.74798584
0,0,0.271763
0,0,0.0789993
0,0,0.035166018
1,1,0.69715595
0,1,0.69671017
1,0,0.011739206
0,0,0.010456773
0,0,0.24321562
1,1,0.64000285
0,0,0.15228537
0,0,0.0025249573
0,0,0.17709917
0,0,0.00011812188
0,0,0.39959148
0,1,0.8039766
0,0,0.2706777
0,0,0.00031045865
0,0,0.06789203
0,0,0.14750528
1,1,0.7205426
0,1,0.6640588
0,0,0.05296172
0,0,0.45830664
0,0,0.10261295
0,0,0.26420417
0,0,0.15724581
0,0,0.004803049
1,1,0.9161812
0,0,0.060054757
0,1,0.7573222
0,0,0.1817723
0,0,0.12758023
0,1,0.54717106
0,0,0.10603248
0,0,0.025450911
0,0,0.036481146
0,1,0.52218485
0,0,7.4174146e-05
0,0,0.087501094
0,0,0.17981866
1,0,0.36129886
0,0,0.00521969
0,0,0.15877013
0,0,0.17831786
0,0,0.07252593
0,0,0.006578644
0,0,0.29829445
0,0,0.009937226
1,1,0.76998115
0,0,0.00074342865
0,0,0.00014700614
0,1,0.5537773
0,0,0.06378694
0,0,0.0104808835
0,0,0.010325477
0,0,0.0020865847
0,1,0.57583505
0,1,0.8612847
0,0,0.09130394
0,0,0.05343897
0,0,0.0787885
0,0,0.03168608
0,0,0.20298183
0,0,0.11522036
0,0,0.019157048
0,1,0.6221245
0,1,0.8297705
0,1,0.5716109
0,0,0.09910723
1,0,0.27846885
0,0,0.022057157
0,0,0.000934906
0,0,0.08600777
0,0,0.11663365
0,0,0.008144592
0,1,0.6731086
0,0,0.23829624
0,1,0.79342794
0,0,0.36512634
0,0,4.055387e-05
0,0,0.0016988225
0,0,0.101917535
0,0,0.014990459
0,0,0.026148459
0,0,0.25806785
0,0,7.132638e-05
0,0,2.612379e-05
0,0,0.2516564
0,0,0.015507651
0,0,4.6900877e-05
0,0,0.10733904
0,0,0.089195125
0,0,0.0891279
0,0,0.13531382
0,0,0.2140842
1,1,0.7748705
0,0,0.2122009
1,0,0.20570163
0,0,0.29867354
0,0,0.14630857
0,0,0.4405198
0,0,0.04780373
0,1,0.50753075
0,0,0.46722937
0,0,0.34870842
0,1,0.7193721
0,0,0.009317999
0,1,0.65072
1,0,0.44825763
1,0,0.46782023
0,1,0.8302999
0,0,0.05048903
0,0,0.0029352251
0,1,0.6529
0,1,0.5132102
0,0,0.056722917
0,0,0.024341302
0,1,0.8608538
0,0,6.424794e-05
1,0,0.13535085
0,0,0.3191386
0,0,0.0677831
0,0,0.036994155
0,0,0.15938088
1,1,0.85827005
0,0,0.0268855
0,0,0.031941086
0,0,0.022611069
0,0,0.013176115
1,1,0.8086492
1,1,0.84238976
0,0,0.04307352
0,0,0.010336958
0,0,0.45229253
0,0,0.29271463
0,0,0.099761344
0,0,0.04811295
0,0,0.060091294
0,1,0.6711384
0,0,0.001003122
0,1,0.667442
0,1,0.56808895
0,1,0.691082
0,0,0.019948855
0,0,0.0050939573
0,0,0.024805928
0,1,0.54162884
0,1,0.54474163
0,0,0.003608985
0,0,0.00403622
0,0,0.14978166
0,1,0.85136193
0,0,0.29584318
0,0,0.008256103
0,0,0.030363288
0,0,0.40749574
0,0,0.012934553
0,0,0.22816622
0,1,0.73381096
0,0,0.0049358984
0,1,0.6045096
0,1,0.5911668
0,0,0.017484695
0,0,0.4821856
0,0,0.0022247392
1,0,0.38532582
0,0,0.18385309
0,0,0.06763327
0,0,0.02097594
0,0,0.03345823
0,0,0.19488584
0,0,0.013484746
0,0,0.0928755
0,0,0.0005593784
0,0,0.18829575
0,0,0.025035296
0,0,0.14541958
0,0,0.34866533
0,0,6.265999e-05
0,0,0.40502355
0,0,0.043802816
0,0,0.000121597295
0,0,0.2281168
0,0,0.38820282
0,0,0.32128277
0,0,0.2368829
0,1,0.5848457
0,0,0.08131876
0,0,0.4942474
0,0,0.004372214
0,1,0.63133126
0,0,0.47880948
0,0,0.0875759
0,0,0.025211615
0,0,0.03524184
0,1,0.5022337
0,0,0.24114497
0,1,0.6504487
0,0,0.18800366
0,0,7.132638e-05
0,0,8.426046e-05
0,1,0.74629134
0,0,0.00040731658
0,0,0.1281208
0,0,0.15839672
0,1,0.6108325
0,1,0.5942418
0,0,0.4451313
0,0,0.08603007
0,1,0.70531636
0,0,0.036658257
0,0,0.4875558
0,0,0.04457667
0,0,0.01526117
0,0,0.002707434
0,0,0.112187676
0,0,0.11286404
0,0,0.020049071
0,1,0.6873489
0,0,0.072610885
0,0,0.015392325
0,0,0.06902985
0,0,0.028755328
0,0,0.17325966
0,0,0.12651758
0,0,0.01587827
1,0,0.45642975
0,0,0.009056441
0,0,3.2301257e-05
0,0,0.0031613684
0,0,0.0040323706
0,0,0.0006209003
0,1,0.7382248
0,0,0.33561143
0,0,0.16495652
0,0,0.008481237
0,0,0.12237832
1,1,0.8308157
0,0,0.19847083
0,1,0.6689866
0,1,0.6459963
0,0,0.021903077
0,0,0.044327084
0,0,0.08133822
0,0,0.4493929
1,1,0.6191166
0,0,0.027620645
1,0,0.4955842
0,1,0.53624845
0,0,4.6140238e-05
1,1,0.8144077
0,0,0.121899135
0,0,0.06841531
0,0,0.33136427
0,1,0.6000272
0,0,0.10166385
0,0,0.4020549
0,0,0.013979478
0,0,0.13432103
0,0,0.04865124
0,0,0.0005651655
0,0,0.1451134
0,0,0.34665927
0,0,0.0043445965
0,0,0.13759667
0,0,0.06017612
0,0,0.34259945
0,0,0.09868086
0,1,0.5152291
0,0,0.1744199
0,0,0.000112705675
0,0,0.00071470847
0,0,0.0802844
0,0,0.21237469
0,0,0.47902718
0,0,0.11904858
0,0,0.12966818
0,0,0.40512252
0,0,0.13844037
0,0,0.00012274958
1,1,0.700191
1,0,0.36734763
0,0,0.36296138
0,1,0.6110436
0,0,1.875867e-05
0,0,0.081518665
0,0,0.09924315
0,0,0.0531878
0,0,0.17181547
0,0,0.0041680625
0,0,0.07340506
0,0,0.04123507
0,0,0.07086378
1,1,0.87985224
0,0,0.06154999
0,0,0.47448498
1,0,0.28487995
0,0,0.4481845
0,0,0.014253265
0,0,0.15188144
0,0,0.3020615
0,0,0.44164225
0,0,0.026900312
0,0,0.47325075
1,0,0.44927523
0,0,0.26334658
0,0,0.19805188
0,1,0.8644809
0,0,0.017545186
0,0,0.14661299
1,0,0.21518642
1,1,0.8043387
1,0,0.10051314
0,1,0.6029631
0,0,0.056802534
0,0,0.09596706
0,0,0.27709848
1,1,0.53656983
0,0,0.28242818
0,0,0.00794346
1,0,0.41350785
0,0,0.15094617
0,0,0.27649266
1,0,0.34413588
0,0,0.102884874
0,0,0.27092513
0,0,0.000100317
0,0,0.096957564
0,0,0.019453285
0,1,0.5260828
0,0,0.0008788338
1,1,0.72759056
0,1,0.5752382
0,0,0.24530767
0,1,0.8192232
0,1,0.62342876
0,0,0.24438572
0,0,0.13076185
0,0,0.24185224
0,1,0.512863
0,0,0.25588146
0,0,0.033933155
0,1,0.6812499
0,0,0.051790155
0,0,0.3873289
0,0,0.00651552
0,0,0.1622219
0,0,0.089304194
0,0,0.19662197
0,0,7.299272e-05
0,0,0.18752031
0,0,0.013521485
0,0,0.13920388
0,0,0.004461528
0,1,0.5935375
0,0,0.010724073
0,0,8.9782705e-05
0,0,0.007576008
0,0,0.27011278
0,0,0.038882613
0,0,0.14843772
0,0,0.0041738837
0,1,0.56839305
0,0,0.016575858
0,0,0.06532149
0,0,0.26319605
1,1,0.59838694
0,1,0.9030265
0,0,0.26433155
0,0,0.25703603
0,0,0.11313533
0,0,0.35239324
0,0,0.0038940257
0,0,0.013768805
0,1,0.79910713
0,0,0.012218033
0,0,0.015974721
0,0,0.086421005
0,0,0.013513753
1,1,0.6134447
0,1,0.54654515
0,0,0.16055436
0,0,0.39629635
0,0,0.23140518
0,0,0.3939749
0,0,0.20865442
0,1,0.7111769
0,0,0.14448589
0,0,0.06307798
0,1,0.7087285
0,0,0.11420836
1,0,0.31686652
0,0,0.26672333
0,0,0.026834285
0,0,0.09113043
0,0,3.53144e-05
0,0,0.027210474
0,0,0.11941457
0,0,0.04315877
0,0,0.00018539483
0,1,0.656333
0,0,0.33249277
0,0,0.026167303
0,0,0.20891018
0,0,0.28759885
0,0,0.003985642
0,1,0.5341831
0,1,0.6820252
0,0,0.108022384
0,0,0.073101066
0,0,0.16571976
0,1,0.64400053
0,0,0.15257543
0,1,0.7514521
0,0,0.20116188
0,0,0.37271985
0,0,0.10021955
0,0,0.0067763906
0,0,0.01587029
0,0,0.01220031
1,0,0.34845188
0,0,0.313656
0,0,0.000113905706
0,0,6.73075e-05
0,0,0.3110559
0,0,0.050645996
0,0,0.030925082
0,0,0.00074250327
0,0,0.18861577
0,0,0.020804087
1,1,0.718737
0,0,0.022590412
1,1,0.69531566
0,0,0.027785156
1,0,0.39469162
0,0,0.43084434
0,0,0.3957543
0,1,0.66952515
0,0,0.27303928
0,0,0.002586424
0,0,0.094881006
0,0,0.010765284
0,0,3.942382e-05
0,0,0.25896272
0,0,0.034653638
0,0,0.2730856
0,0,0.074542485
0,0,0.04538086
1,1,0.9531676
1,0,0.3822118
0,0,0.04945976
0,0,0.3634343
0,1,0.55913824
1,0,0.06295214
0,0,0.00554838
0,0,0.06118534
0,0,0.3338036
0,0,0.32472122
0,0,0.112567775
0,0,0.037574045
0,0,0.3589189
1,1,0.5305545
0,0,0.00021682751
1,1,0.7693652
0,0,0.0013911095
0,0,0.03930506
0,0,0.0030367856
0,0,0.36085597
1,0,0.032002855
0,0,0.008560896
0,0,0.006817275
0,0,0.004532604
0,0,0.0467123
0,0,0.12910298
0,0,0.06351855
0,1,0.6279506
0,0,0.011240156
0,0,0.028399924
0,0,0.3835166
1,1,0.9188784
0,0,0.015561403
0,0,0.24505128
0,0,0.19786577
0,0,0.021065127
0,0,0.4905034
0,0,0.3583435
0,0,0.16100654
0,1,0.74196506
0,0,0.40280834
0,0,0.035183843
0,0,0.11621128
0,1,0.67364424
0,0,0.4231494
0,1,0.6701376
0,1,0.68494946
0,0,4.6140238e-05
0,0,0.3851533
0,0,0.38690293
0,0,0.25540367
0,0,0.35071418
0,1,0.862818
0,0,0.16277055
0,0,0.20967013
0,0,0.22251748
0,0,0.0030078029
0,0,0.012332295
0,0,0.093270816
0,0,0.3019192
0,1,0.5284779
1,1,0.8597654
0,0,0.017768169
0,1,0.75466657
0,0,0.02484387
0,0,0.011511892
0,1,0.59882826
1,0,0.2677522
0,0,0.016624175
0,0,0.10325607
0,0,0.26164025
0,0,7.132638e-05
0,1,0.77457625
0,0,0.04951222
0,0,0.4796797
0,0,1.875867e-05
0,0,0.015117332
0,0,0.25047538
0,0,0.33243656
0,0,0.04574557
0,0,0.025464661
0,0,0.46853033
1,0,0.11606009
0,0,0.12038395
0,0,0.13771732
0,0,0.15793318
1,1,0.6807043
0,0,0.18992488
1,0,0.2920694
0,1,0.57034004
0,0,0.022125985
0,0,0.19743864
0,0,1.875867e-05
0,0,0.17350365
0,0,0.0120234825
0,0,0.08235346
0,0,0.0010733202
1,1,0.74700415
0,0,0.1615208
0,0,0.03601495
0,0,0.067916535
0,0,0.12726064
0,0,2.9946932e-05
0,0,0.45192283
0,0,0.0028881785
0,0,0.0795048
0,0,0.27954385
0,1,0.7971205
0,0,0.014718501
0,0,0.22718586
0,0,0.03884943
0,0,0.25138304
0,0,0.016329708
0,0,0.03907796
0,0,0.39089283
0,0,0.15304965
0,0,0.0050036777
0,0,0.12791713
0,0,0.46690854
1,0,0.35265163
0,0,0.23566297
0,0,0.0008772237
0,0,0.35013896
0,0,0.011372233
0,0,0.17768015
0,0,0.036285497
0,0,0.0020489048
0,0,0.0019571371
0,1,0.5795344
1,0,0.102669306
1,1,0.7256527
0,0,0.00020446617
0,0,0.0056387926
0,0,0.48107833
0,0,0.0348534
0,0,0.3331236
0,0,0.014376652
0,0,0.028215442
0,1,0.7262227
0,0,0.16714682
0,0,3.912166e-05
0,0,0.2780807
0,0,0.0004420543
1,1,0.54041445
0,0,0.09267859
0,0,0.3257423
0,0,0.22959244
0,1,0.66529167
0,0,0.10504913
0,1,0.5001659
0,0,0.0010872559
0,0,7.299272e-05
0,1,0.71949697
0,0,0.35827786
1,0,0.44892982
0,0,0.0066821324
0,0,0.15474263
1,1,0.59573585
0,0,0.109233186
0,0,0.171541
0,0,0.43463352
1,0,0.12273688
0,0,0.14332311
0,0,0.122174546
0,0,0.18045074
0,0,0.25218436
0,0,0.23844221
0,0,0.0002719261
0,0,0.27714866
0,0,0.23249105
0,0,0.44893244
0,1,0.5745548
0,0,0.008356162
0,0,0.36774927
0,0,0.35074487
0,1,0.581908
0,1,0.6752879
0,0,0.12875246
0,0,0.32910186
0,0,0.030086147
0,1,0.81061995
0,0,0.0051658023
0,0,0.48846608
0,1,0.541499
0,0,0.003113787
0,0,0.09515828
0,1,0.743386
0,0,0.057856664
0,0,0.013780361
0,0,0.03512326
0,0,0.083748326
1,1,0.80601436
0,0,0.29973543
0,0,0.030423475
0,0,0.00016502106
0,0,0.19862817
0,0,0.0054510143
0,1,0.6582351
0,0,0.2233313
0,0,0.08323807
0,0,0.17701906
0,0,0.020166287
1,1,0.6100137
0,0,0.009081578
0,0,0.16001979
0,0,0.116969906
0,0,0.00033515197
0,0,0.03494241
0,0,0.24333335
0,0,0.21795195
0,0,0.048037197
0,0,0.15024018
0,0,0.089956805
0,0,0.08560841
1,0,0.42189947
1,0,0.40112832
0,0,0.004999912
0,0,0.009903074
0,0,0.053311013
1,1,0.70912266
0,0,0.4121139
0,1,0.76256454
0,0,0.022916032
0,0,0.038114212
0,0,0.13327628
0,0,0.44631422
0,0,0.012275115
1,0,0.3291358
0,0,0.0061569586
0,0,0.33031917
0,0,0.16253722
0,0,0.16718291
0,0,0.008139597
0,0,0.423365
0,0,0.014923444
0,0,0.107208535
0,1,0.58038664
0,0,0.011607162
0,1,0.5129678
0,1,0.69410557
0,1,0.74939835
0,1,0.52328485
0,0,0.2593145
0,0,0.015439513
0,0,0.4785135
0,0,0.03624326
0,0,0.3119474
0,0,0.15798302
0,0,0.029587984
0,0,1.6705437e-05
0,0,0.05152743
1,0,0.46894783
1,0,0.30016488
0,0,0.3052942
0,0,0.041993454
0,0,0.25264198
0,0,0.37187007
0,0,0.27036047
0,0,0.049961977
0,0,0.3782496
0,0,0.00984338
0,0,0.04827078
0,0,0.3520847
0,0,0.2186947
0,0,0.008406182
0,1,0.5393153
0,0,0.035082065
0,0,0.05503969
0,0,0.048572816
0,0,6.159713e-05
0,0,0.027623925
0,1,0.5697799
1,1,0.83769774
1,1,0.52243423
0,0,0.21916026
0,0,0.07043789
0,0,0.117379054
0,0,0.022071768
0,0,0.043355294
0,0,0.0012129373
0,0,0.082707494
0,0,0.3102732
0,0,0.266279
0,0,0.3273383
1,1,0.6720536
0,0,0.004312648
0,0,0.006963703
0,0,0.0775462
0,0,0.0056082066
0,0,0.35728472
0,0,0.31702542
0,0,0.024962835
0,1,0.87330157
0,0,0.121580556
0,0,0.01818138
0,0,0.0012271947
0,0,0.10233607
0,0,0.060578693
0,1,0.79948616
0,0,0.14057302
0,0,0.0015860179
0,0,2.1614376e-05
0,1,0.6585722
0,1,0.6627431
0,0,0.037066106
0,0,0.16612549
0,0,0.015378376
0,0,0.019383732
0,0,0.11025765
0,0,0.16989425
0,0,0.0010610512
0,0,0.07376143
0,0,0.3224528
0,1,0.55589837
0,0,0.29351372
0,0,0.1251539
0,1,0.64361125
0,0,0.0031182694
0,0,0.069790035
0,0,0.01018638
0,0,0.012232019
0,1,0.5655323
0,0,0.24680698
0,0,0.15435722
0,0,0.3333725
0,0,0.054111287
0,0,0.14200164
0,0,0.040388107
0,0,0.13665423
0,1,0.51758647
0,0,0.30579892
0,1,0.65808004
0,1,0.855124
0,0,0.15793711
0,0,0.044406872
0,0,0.04997062
0,0,0.045636237
0,0,0.0037822814
0,0,0.04668898
0,0,9.6475385e-05
0,0,0.015808988
0,0,0.059698746
0,1,0.73
0,0,0.19286953
0,0,0.25501624
1,1,0.6611101
0,0,0.043413248
0,0,0.012006462
0,0,0.011825975
0,0,0.01573318
0,0,0.47123834
0,1,0.6173517
1,0,0.41298306
0,0,0.19344077
0,0,0.035387274
0,0,0.12058255
0,0,0.24995965
0,0,6.73075e-05
0,1,0.96470183
0,0,0.056841884
0,0,0.3350058
0,0,0.0071873884
0,0,0.037311435
0,0,0.012570138
0,0,0.3962813
0,0,0.32200825
0,0,0.0043879845
0,0,2.1309663e-05
0,0,0.000109030945
1,1,0.6465197
0,0,0.12879966
0,0,0.014120867
1,1,0.85215855
0,0,0.015900169
0,0,0.3462577
0,0,0.398
0,0,0.029033257
0,0,0.31615883
0,0,0.036452193
0,0,0.00878304
0,0,0.036539465
0,1,0.5971384
0,1,0.59670883
0,0,0.013728549
0,0,0.0040146555
0,0,0.15746507
0,0,0.08882345
1,1,0.5158618
0,0,0.46311814
1,1,0.79670614
1,1,0.74010473
0,1,0.65752673
0,1,0.5732372
0,0,0.02522821
0,0,0.2672401
0,0,0.2791841
1,0,0.3965489
0,0,0.20936945
0,0,0.25784743
0,0,0.29357663
0,0,0.1530872
0,0,0.0055254535
0,0,0.030809712
0,0,0.00038716858
0,0,0.17112833
0,0,0.23577173
0,0,0.014310256
0,0,0.0048645497
0,0,0.008945646
0,0,0.14669465
0,0,0.08703641
0,0,0.005575442
0,0,0.000680002
1,1,0.8621814
0,1,0.62280124
1,1,0.751643
0,0,0.49172994
0,0,0.43382758
0,0,0.1947908
0,0,0.25128344
0,0,0.0056389854
0,0,0.13115782
0,0,0.06269347
1,1,0.8174687
0,0,0.0649296
0,0,0.012023574
0,0,0.018100759
0,0,0.3627911
0,0,0.017405879
0,1,0.50128675
0,0,0.03712365
1,1,0.6674874
0,0,0.05376705
1,1,0.75498813
1,0,0.4597847
0,0,0.27459362
0,1,0.68034685
0,0,4.6140238e-05
0,0,0.071774654
0,0,0.012625175
0,1,0.54561466
0,0,0.048793767
0,0,0.04955383
1,0,0.4384961
0,0,0.033284195
0,0,0.015694594
0,0,0.0885989
0,0,0.017545367
0,0,0.17829558
0,0,0.0002194567
0,0,0.27763742
0,0,0.038709313
0,0,0.0014209604
0,0,0.047613144
0,0,0.111722335
0,0,0.10531282
0,0,0.033403847
0,0,0.034905914
0,1,0.6296916
0,0,0.005138202
0,0,0.033355407
1,0,0.008157815
0,0,0.00506659
0,0,0.035979833
0,0,0.062408507
0,0,0.100974634
0,0,0.36983314
0,0,0.028189024
0,0,0.21912889
0,0,0.084185734
0,0,0.00222641
0,0,0.1127919
0,0,0.36104268
0,0,0.29584718
0,0,5.5011995e-05
0,0,9.5180454e-05
0,0,0.019510057
0,0,0.008235283
0,1,0.6270841
0,0,0.33671764
1,0,0.12968777
0,0,0.021302836
0,0,0.3198799
0,0,0.002588851
0,0,0.36666664
0,0,0.005335598
0,0,0.057550937
0,0,0.2326011
0,0,0.012440002
0,0,0.3446472
0,0,0.068282515
0,0,0.021071294
0,0,0.1859101
0,0,0.33316904
1,1,0.5520574
0,0,0.0021450694
0,0,0.46599972
0,0,0.002829793
0,1,0.7691592
0,1,0.6159566
0,0,0.058195136
0,0,0.10134918
0,0,0.029899318
0,0,0.2852377
0,0,0.2377487
0,0,0.024840193
0,0,0.020874789
0,0,0.0047584143
0,0,0.06440439
0,0,0.026714817
0,0,0.38555983
0,1,0.5861036
0,0,0.123325534
0,0,0.1334854
0,0,0.002583294
0,0,0.125583
0,0,0.18867885
0,0,0.34188953
0,0,0.07673833
0,0,0.0057585044
0,0,0.010902719
0,0,0.013924537
0,0,0.013398018
0,0,0.07766579
0,0,0.1245279
0,0,0.028204987
0,0,0.021542987
0,0,0.293443
0,0,0.35349706
0,0,0.22943847
0,0,0.39620134
0,0,0.0021178408
1,0,0.08306612
0,0,0.045923498
0,0,0.27844077
0,1,0.90606266
0,0,0.34498653
0,0,0.0052869907
0,0,0.34928057
0,0,0.2621765
0,0,0.0010950341
1,0,0.44369304
0,0,0.33881307
1,1,0.7525875
0,0,0.12372003
0,0,0.2923312
0,0,0.16238514
0,0,0.0001796905
0,0,0.096144944
0,0,0.0828368
0,0,2.4177429e-05
0,0,0.14507657
0,0,0.046413794
1,1,0.6128817
0,0,0.431715
0,0,0.021957483
0,0,0.027375707
0,0,0.232598
0,0,0.36601406
0,0,0.025049848
0,0,0.004593735
0,0,0.05207505
0,0,0.28204077
0,0,0.00871201
0,0,0.033238403
0,0,0.3598624
0,0,0.021152493
0,0,0.20952724
0,0,0.39857444
0,0,0.40871868
0,0,0.00038716858
0,0,0.46831372
0,0,0.10250668
0,0,0.011111167
0,0,0.028285379
0,1,0.590747
0,0,0.03731397
0,0,0.00455879
0,1,0.766579
1,1,0.7687789
0,0,0.035390005
0,0,0.00076693785
0,0,0.0064911717
0,0,0.0020958479
0,0,0.00066842325
0,0,0.11348613
0,0,0.078598514
1,0,0.029142337
0,0,0.017975844
0,0,0.05832342
0,0,0.28171661
0,0,0.0414422
0,0,0.0059673474
0,0,0.020947834
0,1,0.6550558
0,0,0.15235688
0,0,0.035523407
0,0,0.020675058
0,0,0.0027767785
0,0,0.09084832
0,0,0.017840674
0,0,0.07157654
1,1,0.882493
0,0,0.23385367
0,0,0.033476878
0,0,0.09499176
0,0,0.1575759
0,0,0.0012810285
0,0,0.26893908
0,0,0.0016276482
0,0,0.044186708
1,0,0.0012602151
0,0,0.029872589
0,0,0.002656246
0,0,0.06493127
0,0,0.021295674
0,0,0.04364074
0,0,0.32202688
0,0,0.21576878
0,0,0.2381132
0,1,0.6575754
0,0,0.42276424
1,0,0.020856922
1,1,0.5734975
0,0,0.21053421
0,0,0.25051138
0,0,0.04053371
0,0,0.32447344
0,0,0.02618912
0,0,0.37560973
0,1,0.70655197
0,0,0.10824645
0,0,0.13689919
1,0,0.48955905
0,0,0.48911443
0,0,0.009534456
0,0,0.081708446
0,1,0.6009722
0,0,0.354167
0,0,0.071383014
0,0,0.032155868
0,1,0.7013851
0,1,0.5953669
1,0,0.012660771
0,0,0.26072803
0,1,0.62872034
0,0,0.006729737
0,0,0.25578678
0,0,0.033682246
0,0,0.06454022
0,1,0.8065327
0,0,0.11088871
0,0,0.07187495
0,0,0.23655336
0,0,0.06970979
0,0,0.011831654
0,0,0.12921263
0,1,0.55180275
0,0,0.39690584
0,1,0.68069625
0,1,0.6128391
0,0,0.016056094
0,0,0.20085749
1,1,0.8047887
0,0,0.0008024945
1,1,0.90293604
0,0,0.013214798
0,0,0.05299607
0,0,0.011497717
0,0,0.26480472
0,1,0.6981756
0,1,0.7364252
0,0,0.10713605
0,0,0.13072163
0,0,0.044865984
0,1,0.6829355
0,1,0.6316131
0,0,0.45252988
0,0,0.0068493574
0,0,0.053065706
1,0,0.34914413
0,0,0.014780339
0,0,0.3379668
0,1,0.5396277
0,0,7.957468e-05
0,0,0.338889
0,0,0.27875757
0,1,0.6405248
0,0,0.010307819
0,0,0.00084292464
0,1,0.7331415
0,0,0.07885172
0,0,0.018445376
0,0,0.005652477
0,0,0.47217467
0,0,0.17919904
0,0,0.1337813
0,1,0.58016646
0,0,0.32933363
0,1,0.7651623
1,1,0.6804565
1,0,0.44838884
0,0,0.17105189
0,1,0.86063343
0,0,0.10414299
0,0,0.043722022
0,0,0.10277094
1,1,0.83292395
0,0,0.2966365
0,0,0.42352018
0,0,8.299554e-05
0,0,0.011028419
0,0,0.007516227
0,0,0.29596686
0,0,0.17169966
0,0,0.0948433
0,0,0.34830886
0,0,0.00036381197
0,0,0.4278823
0,0,0.27110222
0,0,0.019355336
0,0,0.21149178
0,0,0.16440025
0,0,0.01101543
0,0,0.10045063
0,1,0.86598974
0,0,0.029358258
0,0,0.41217938
0,0,0.23672287
0,0,0.27203372
0,0,0.009429366
0,1,0.5286611
0,0,0.08339855
0,0,0.08742078
0,0,0.25608417
0,0,0.057141095
0,1,0.50910634
0,0,0.09901231
0,0,0.00020044264
0,0,0.0014043588
0,0,0.0070662233
0,0,0.0019637528
0,0,0.4397232
0,1,0.5376203
0,0,0.25247857
0,0,0.17103177
1,0,0.44987255
0,0,0.0021249691
0,0,0.00015408132
0,0,0.019415844
0,0,0.004117988
0,0,0.07553015
0,1,0.5151712
0,0,0.047752306
0,0,0.051332504
0,0,0.3416812
0,1,0.88098705
0,0,0.37829477
0,0,0.3627858
0,0,0.102244504
0,0,0.08868657
0,1,0.6806496
0,0,0.14771944
1,0,0.28050396
0,0,0.08819591
0,0,0.4712232
0,0,1.875867e-05
0,0,0.3451289
0,0,0.4471254
0,1,0.5123877
0,0,0.07129384
0,1,0.84814143
0,0,0.1991985
0,0,0.40481466
0,0,0.0009927423
0,0,0.11896587
0,0,0.066752754
0,0,0.10949342
0,0,0.19753426
0,0,0.3360388
0,0,0.16087084
0,1,0.59722537
0,0,0.40124086
0,0,0.034646243
0,0,0.026371785
0,1,0.65069216
1,1,0.66822076
0,0,0.009685737
0,0,0.0025130599
1,0,0.09472124
0,0,0.31331193
0,0,0.17605951
0,0,0.22397837
1,1,0.6368394
0,0,0.008204427
0,1,0.59993523
0,1,0.5426105
1,0,0.30233076
0,0,0.49384657
0,0,0.00050875044
1,1,0.77542007
0,0,0.03556509
0,0,0.2879579
0,0,0.21268278
0,0,0.49850193
0,0,0.15989497
0,0,0.013024259
0,0,0.33328804
1,0,0.18393515
0,0,0.077488914
0,0,0.18128206
0,0,0.00082101254
0,0,0.2653493
1,0,0.31339213
0,0,0.01533289
0,0,0.0151809985
0,0,0.08601849
0,0,0.070108935
0,0,0.018815186
0,0,0.33068508
0,0,0.010676293
0,0,0.052798543
0,0,0.116591975
0,0,0.19704986
0,0,0.28701618
0,0,0.11913238
0,0,0.34917057
0,0,0.30713186
0,0,2.8259992e-05
1,1,0.68992233
0,0,0.3089311
0,0,0.03133416
0,0,0.28326255
0,1,0.7818652
1,1,0.59708315
0,0,0.20699985
0,0,0.31481403
0,0,0.007562962
0,0,0.049096774
0,0,0.12159931
0,0,0.039373495
0,0,0.33313912
1,0,0.42442816
0,0,0.16031085
0,0,0.011487203
0,0,0.0055804043
0,0,3.758394e-05
0,0,0.058538016
0,0,0.0137110315
0,0,0.089067295
0,0,0.041994926
0,0,0.13041906
0,0,0.0064839525
0,0,0.06014556
0,0,0.011354133
0,0,0.2347327
1,1,0.6981247
0,0,0.40419376
1,0,0.057977982
0,0,0.29099447
0,0,0.45340574
0,0,0.00884674
0,0,0.017574249
0,0,0.046259545
0,0,0.024141056
0,0,0.16098946
0,1,0.5607378
0,0,0.394209
0,0,0.10041731
0,0,0.05772576
0,0,0.07695923
0,0,0.18220094
0,1,0.7389557
0,0,0.030919602
0,0,0.0084985485
0,0,0.0050424254
0,0,5.7531703e-05
0,0,0.14030564
0,0,0.04171639
0,0,0.0079047065
0,0,0.03533434
0,0,0.07430828
1,1,0.75605744
0,0,0.29455012
0,0,0.004296607
0,1,0.76087797
0,0,0.06722031
0,0,0.00081319886
0,0,0.0071718283
0,1,0.8000771
0,0,0.3734764
0,1,0.62551224
0,0,0.45357516
0,1,0.6993651
0,0,0.29730484
0,0,0.12971036
0,0,0.053781185
0,0,0.04097724
1,1,0.88056415
0,0,0.17579359
0,0,0.37954524
0,0,0.44052207
0,0,3.405689e-05
0,0,0.05525263
0,0,0.00819183
0,0,0.2377994
0,0,0.031386953
0,0,0.0040330887
0,0,0.2520863
0,0,0.0010488578
0,0,0.00020044264
0,0,0.08294934
0,0,0.19531849
1,0,0.03231522
0,0,0.14131121
0,0,0.004417254
0,0,0.06214666
0,1,0.6039332
0,0,0.00097270985
0,0,0.038172778
0,0,0.015492022
0,0,0.049749922
0,0,0.019361112
0,0,0.14959636
0,0,0.3330424
0,0,0.11391349
0,0,0.028965477
0,0,0.0016929851
0,0,0.43832946
0,0,0.08938398
0,0,0.03210556
0,0,0.3022229
1,0,0.34045538
0,0,0.040858205
0,0,0.08648166
0,0,0.12952739
1,1,0.64034045
1,1,0.76966023
0,1,0.6716143
0,0,0.045736454
0,1,0.56756604
0,0,0.0150321135
1,1,0.5988667
0,0,0.00714695
0,0,0.47591612
0,0,0.42602363
0,0,0.25913432
0,0,0.00053176255
0,0,0.22773387
0,0,0.014899279
0,0,0.49555773
0,0,0.14271665
0,1,0.50779724
0,0,4.6140238e-05
0,0,0.006007037
0,1,0.7220615
0,0,0.00025956205
0,0,0.33647874
0,0,2.1309663e-05
0,0,0.020074496
0,1,0.5891952
0,0,0.013494353
0,0,5.321282e-05
0,0,0.09258545
1,1,0.52558464
0,0,0.20899378
0,0,0.0002643147
0,0,0.09984784
0,0,0.025079876
0,1,0.6414232
0,0,0.11147381
0,0,0.015159497
0,0,0.35722867
0,0,0.055889517
0,0,0.023955986
0,0,0.23335816
0,0,0.19443755
0,0,0.20197871
0,0,0.111063294
0,0,0.19318624
0,0,0.2533859
0,1,0.6974162
0,0,0.04704468
0,0,0.09113641
0,1,0.7565856
0,0,1.875867e-05
0,1,0.50813836
1,0,0.15371047
0,0,0.0460191
0,0,0.014323109
0,1,0.6098405
0,0,0.0014470394
0,0,0.0007420668
0,0,0.004999912
0,0,0.34842715
0,0,0.034933858
0,0,0.09864399
0,0,0.24139819
0,0,0.33596736
0,1,0.5679286
0,0,0.32230166
0,0,0.01050849
1,1,0.92015946
0,0,0.2411338
1,0,0.31633827
0,0,0.014266301
0,0,0.022457253
0,1,0.6568459
0,0,0.34212062
0,0,0.005067871
0,0,0.0012256625
0,0,0.00020565964
0,0,0.025609786
0,0,0.016749477
1,1,0.5588482
0,0,0.0003568519
0,0,0.0107147945
0,0,0.022381244
0,0,0.3876632
0,0,0.00010304757
0,1,0.8437063
0,0,0.051587738
0,1,0.77122796
0,0,0.02213276
0,0,0.10405205
0,0,0.41831374
0,1,0.68936914
0,0,0.17446582
1,1,0.54244286
0,0,0.1958205
0,0,0.19273758
0,0,0.07816941
0,0,0.0051489286
0,0,0.37937254
0,0,0.30130398
0,0,0.002853283
0,0,0.1090966
0,0,0.029709166
0,0,0.021786988
0,0,0.021137323
0,0,0.0032911927
0,0,0.07623373
0,0,0.35355735
0,0,0.11906589
0,0,0.34695348
0,0,0.014613431
0,1,0.6527921
0,0,0.013731274
1,0,0.05903166
0,1,0.5697185
0,0,0.00025406943
0,1,0.6145072
0,0,0.02465892
0,0,0.083586246
0,0,0.13796374
1,0,0.1440866
1,1,0.6356805
0,0,0.00283119
0,0,0.02191196
0,0,0.00768959
0,0,0.3151027
0,0,0.07605259
0,0,0.2497483
0,0,0.192928
0,0,0.0063681705
0,0,0.48617983
0,0,0.010343615
0,0,0.3485936
0,1,0.5384167
0,0,0.001906759
0,0,0.24603307
0,0,0.0740986
1,0,0.2513836
1,1,0.66768515
0,0,0.27909863
0,0,0.052151587
0,0,0.022695567
0,0,0.19192952
0,0,0.24278052
0,0,0.0010526438
0,0,0.11967972
0,0,0.014952156
0,0,0.05104921
0,0,0.3274822
0,0,0.39875102
0,0,0.36964524
0,0,0.42160228
0,0,0.16767457
0,1,0.75836205
0,0,0.49085513
0,1,0.6718914
1,1,0.5872374
0,0,0.011891187
0,0,0.03135595
0,0,0.08010249
0,0,0.4243254
0,0,0.46771413
0,0,0.16531229
1,0,0.42602366
0,0,0.008869557
0,0,0.30061018
0,0,0.04502821
0,1,0.84560263
0,0,0.029829925
0,0,0.10915417
1,1,0.52670497
0,0,0.020522535
0,0,0.046927582
0,0,0.042201
0,0,0.3783792
0,0,0.37577274
0,0,0.004944189
0,0,0.0115398
0,0,0.4792824
0,0,0.093115285
1,1,0.57954824
0,0,0.026169
0,0,0.3050775
0,0,0.02135393
0,0,0.28639376
0,0,0.26755196
0,0,0.24992795
0,0,0.20931257
0,1,0.51198375
0,0,0.1811386
0,0,0.073107004
1,0,0.2704472
0,0,0.3263501
0,0,0.27148166
0,0,0.23962024
1,1,0.648794
0,1,0.6217199
0,0,0.0012801016
0,0,0.0058682836
0,0,0.23886086
0,0,0.16665655
0,0,0.011390969
1,0,0.053361632
0,0,0.0775809
0,0,0.22408013
0,0,0.06696198
0,0,0.033040214
0,0,0.1569801
0,0,0.015864482
0,0,0.000544888
1,1,0.92276263
0,0,0.17542681
0,0,0.022510832
0,0,0.051738683
0,0,0.014757137
0,0,0.20552363
0,0,0.47566614
0,0,0.4690483
0,0,0.014275035
0,1,0.660077
0,0,0.0107147945
0,0,0.3507054
0,0,0.19395573
0,0,0.1428107
0,1,0.59516364
0,0,0.0026959225
0,0,0.006076373
0,1,0.53226334
0,1,0.5156524
1,0,0.36687288
1,1,0.6958557
0,0,0.013543859
0,0,0.104259856
0,0,0.006540318
0,0,0.0075284457
0,0,4.6140238e-05
0,0,0.059193946
0,1,0.5747986
0,0,0.01713886
1,1,0.8271762
0,0,0.0499048
1,0,0.18461615
0,0,0.48390907
0,0,0.20118979
0,0,0.009131007
0,0,0.36458427
0,1,0.850572
0,0,0.18787181
0,0,0.010733653
1,0,0.01695586
0,0,0.016605843
0,0,0.19663152
0,0,0.28930336
0,1,0.68194354
0,0,0.0035785611
0,0,0.06460659
0,0,0.40499395
0,0,0.047691014
0,0,0.49640152
0,0,0.13369189
0,0,0.01215488
1,0,0.42682192
0,0,0.010581406
0,0,0.2766622
0,0,0.061245766
1,0,0.43552577
0,0,0.008725223
0,1,0.7225197
0,0,0.00090437185
0,0,0.20370501
1,1,0.5628579
0,0,0.054686487
0,0,0.23228411
0,0,0.045060065
0,0,0.37813076
0,1,0.62635475
0,0,0.2471223
0,0,7.024589e-05
1,0,0.4409306
0,0,0.069916815
0,0,0.046167634
0,0,0.0064566005
0,0,0.08144538
0,0,0.22183827
0,0,0.014261982
0,0,0.2203901
0,1,0.75924695
0,0,0.097276784
0,0,0.041527886
0,0,0.28261626
0,0,0.03585297
0,0,0.07587312
0,0,0.38688445
0,0,0.011789953
0,0,0.30930823
0,1,0.6615268
0,0,0.46399435
1,0,0.37430307
0,0,0.37678713
0,0,0.00038716858
0,0,0.23852892
0,0,0.4788665
0,0,0.008463259
0,0,0.40257332
0,0,0.2658993
0,0,0.12144681
0,0,0.34923494
0,0,0.019217081
0,0,7.672704e-05
0,0,0.4004313
0,0,0.13316707
0,0,0.46456492
0,0,0.46989307
0,0,0.13821292
1,1,0.7046894
0,0,0.19435573
0,0,0.07294771
1,1,0.84781253
1,1,0.81570333
1,0,0.011150799
0,0,0.046294566
0,0,0.41021162
0,0,0.058878887
0,0,0.0042152395
0,0,0.024109794
0,0,0.01346386
0,0,0.4012629
1,1,0.69889104
0,0,0.007771791
0,0,0.33082923
0,1,0.74903905
0,0,0.00080906827
0,0,0.27399358
0,0,0.28809878
0,0,0.06133911
0,0,0.23059696
0,0,0.042740405
0,0,0.12221594
0,0,0.005297976
1,1,0.73642594
0,0,0.13067624
0,0,0.0052684783
0,0,0.43144342
0,0,0.041847993
0,0,0.10993732
0,0,0.0070113903
0,0,0.13588661
0,0,0.100189954
0,0,0.007400226
0,0,0.36611754
0,0,0.010969516
0,0,0.017619355
0,0,0.094755076
0,1,0.59663236
0,0,0.01306533
0,0,0.021487413
0,0,0.07963018
0,0,0.16485019
0,0,0.046895456
0,0,0.0043162904
0,0,0.31135103
0,0,6.73075e-05
0,0,0.16756041
0,0,0.0027925381
0,0,0.36656407
0,0,0.0032092077
0,0,0.0008772237
0,0,0.09468545
0,0,0.18395272
0,0,0.21381605
0,0,4.6509867e-05
0,1,0.5627478
0,0,0.0039300015
0,0,0.03944952
0,0,0.34414592
0,1,0.5009869
0,0,0.40826637
0,0,0.024159385
0,1,0.5874625
0,0,0.07734856
1,1,0.78477144
0,0,0.037631735
0,0,0.18292911
0,0,0.085698314
1,1,0.6351646
0,0,0.051747374
0,0,0.39547423
0,1,0.8031744
0,0,0.018964339
0,0,8.1282575e-05
0,0,0.0007856341
0,0,0.16340707
0,0,0.35623834
0,0,0.06803051
0,0,0.081019215
1,0,0.46468166
0,1,0.70784914
0,1,0.8827897
0,0,0.012038724
0,0,0.25594267
0,1,0.5247834
0,0,0.01809798
0,1,0.65326005
0,0,0.05332994
0,1,0.8764867
1,1,0.7504974
0,0,0.036426928
0,1,0.6948301
0,0,0.3207709
0,0,0.13633326
0,0,0.15071191
1,0,0.3152629
0,0,0.14187978
0,0,0.09889036
0,0,2.75478e-05
0,0,0.2542512
0,0,0.10655596
0,0,0.34317195
0,0,0.2344483
0,0,0.00040752164
0,0,0.00082101254
0,0,0.05473017
0,0,0.43699852
0,0,0.20452882
0,0,0.1274837
0,0,0.0026119568
0,1,0.68425655
0,0,0.005198982
0,0,0.013460277
0,0,0.02451503
0,0,0.023041675
0,0,2.0369147e-05
1,1,0.5066253
0,0,0.34764785
0,0,0.0013264752
0,0,0.17484976
1,1,0.8342808
0,0,0.31101364
0,0,0.084900506
0,0,0.3709151
0,0,0.08749224
0,0,0.14636426
0,1,0.7552839
0,0,0.046328284
0,0,0.30406642
0,0,0.10716347
0,0,0.003912249
0,0,4.6140238e-05
0,0,0.0038276277
0,0,0.08004932
1,1,0.6144967
0,0,0.0443008
0,1,0.89093876
0,0,0.21689625
0,0,0.4942603
0,0,0.47086322
0,1,0.57288575
0,0,0.010186481
0,0,0.29679304
0,1,0.61571145
0,1,0.67879313
0,1,0.83010435
0,0,0.21799958
0,0,0.1393141
0,1,0.7052797
0,0,0.4513662
0,0,0.044646617
0,0,0.006308315
0,0,0.20732202
0,0,0.0054551465
0,0,0.25860584
0,0,0.14501157
0,0,0.06787043
1,1,0.8315936
0,0,0.00435576
0,0,0.0014359668
0,0,0.192287
0,0,0.33626536
0,0,0.05098059
0,0,0.0011338487
0,1,0.58868176
1,1,0.7059159
0,0,0.0001220564
0,0,0.17650823
0,0,0.48818472
0,0,0.07616616
0,0,0.00834421
0,1,0.68951195
0,1,0.54838693
0,0,0.050323043
0,0,0.044580765
1,1,0.86521775
0,0,0.0013906579
0,1,0.5843604
0,0,0.018928576
0,1,0.71842635
0,0,3.5753972e-05
0,0,0.04922788
0,0,0.043751616
0,0,0.09114769
0,0,0.032753248
0,0,0.0009914874
0,0,0.13734354
0,0,0.054037217
0,1,0.5212921
0,0,0.023388974
0,0,0.16956641
0,0,0.19552793
0,1,0.5109541
0,0,0.021154467
0,0,0.43255767
0,1,0.5802
0,0,0.20402157
0,0,0.023258518
0,1,0.5418847
0,1,0.81075704
0,0,0.03345934
0,1,0.56107795
0,0,0.04849671
0,0,0.13861299
0,0,0.07216698
0,0,0.013414528
0,0,0.011824637
0,1,0.6780688
0,0,0.032051224
0,0,0.0042269686
0,0,0.0028593861
0,0,0.30467463
0,0,0.0066950833
0,1,0.5450705
0,0,0.4324197
0,0,0.022554789
0,0,0.46450514
0,0,0.0020676816
0,0,0.29907364
0,0,0.07609705
0,0,0.040457495
0,0,0.10193943
0,0,0.0043383082
0,0,0.2263679
0,1,0.5125721
0,0,0.15258844
0,0,0.024212053
0,1,0.7205287
0,0,0.012263643
0,0,0.00052571815
1,1,0.82734597
0,0,0.0016168068
1,0,0.34294727
0,0,0.40021256
0,0,0.14759552
0,0,0.23849666
0,0,0.023802565
0,0,0.11549375
0,0,0.07681122
0,0,0.035755903
0,0,0.01877915
0,0,0.30962345
0,0,0.08146126
0,0,0.32982314
0,0,0.47256547
1,0,0.44243872
0,0,0.07479122
0,0,0.23582554
1,0,0.20388776
1,1,0.88696873
1,1,0.5074881
0,0,0.32462892
0,0,0.00024320759
0,0,0.032418836
0,0,0.06277968
1,0,0.036442686
0,1,0.7143768
0,0,0.036770497
0,0,0.000833602
0,0,0.0512241
0,1,0.59883094
0,1,0.8168772
0,0,0.0041925656
0,0,0.062266864
0,0,0.25319862
0,1,0.52032155
0,0,0.00042520568
1,0,0.24195324
0,0,0.00010560173
0,0,7.4174146e-05
0,0,0.010617922
0,0,0.29128742
0,1,0.72228664
0,0,0.06322215
1,0,0.005585543
0,0,0.26143602
0,1,0.7089808
0,0,0.24335657
0,0,0.0522486
0,0,0.00044084634
0,0,0.32542503
0,0,0.03852642
0,0,0.22322918
0,1,0.60859215
0,0,0.15211178
0,0,0.10008988
0,0,0.0036515237
0,0,0.2317775
0,0,0.2745225
0,0,0.007000586
0,0,0.042296275
0,0,0.09963955
0,0,0.015901385
0,1,0.69903064
0,1,0.5982183
0,0,0.11479348
0,0,0.075915776
0,0,0.0076775053
1,0,0.16549945
0,0,0.024372652
0,0,0.016013054
1,0,0.16571057
0,1,0.78772366
0,0,0.07777072
0,0,0.016838865
0,0,0.05715136
0,1,0.74698955
0,1,0.72528636
0,0,0.018102208
0,0,0.11034304
0,0,0.042971756
0,1,0.5028988
0,0,0.12645744
0,0,0.07837912
0,0,0.49751675
0,0,0.44608018
0,0,0.13315399
0,0,0.05899932
0,0,0.31732994
0,0,0.20556313
0,0,0.016891427
0,0,0.014483201
0,0,0.33159524
1,0,0.4756391
0,0,0.10654886
0,0,0.15510246
0,0,0.18575482
0,0,0.383488
0,0,0.32505876
0,1,0.74408185
0,1,0.55019486
0,0,0.029977562
0,0,2.75478e-05
1,1,0.68353283
0,0,0.021168223
0,0,0.044871368
0,1,0.6037516
0,1,0.79070574
0,0,0.018428423
0,0,0.006287608
0,1,0.6626414
0,1,0.83438766
0,0,0.0030812758
0,0,0.022865526
0,1,0.58659345
1,1,0.6487238
0,0,0.06670642
0,0,0.48673642
0,0,0.055931564
0,0,0.024095083
0,0,0.21914996
1,1,0.5368697
0,0,0.432875
0,0,0.21607406
0,0,0.022535272
1,1,0.52616125
0,0,0.034565438
0,0,0.48509976
0,0,0.35695645
0,0,0.13133316
0,0,0.086986825
0,0,0.1918245
0,0,0.00013286724
0,0,0.12517305
0,1,0.6917246
0,0,0.35088032
0,0,0.39044806
0,0,0.038557027
0,0,0.17762291
0,0,0.032807384
0,0,0.045230888
1,0,0.4744618
0,0,0.0535864
0,1,0.59874815
0,0,0.34730047
0,0,7.132638e-05
0,0,0.009262468
0,0,0.01263767
0,0,0.00095619366
0,1,0.5004607
0,1,0.751114
0,1,0.87892795
1,1,0.5945748
1,1,0.6412354
0,0,0.014450392
0,0,0.44307122
0,0,0.00011812188
1,1,0.8443555
0,0,0.3539137
0,0,0.12610546
0,0,0.024103625
0,0,0.06491709
0,0,0.16316114
0,0,0.24554613
0,0,0.15435584
0,0,0.010988316
0,0,0.37414008
0,0,0.00016502106
0,0,0.09579529
0,0,0.04556376
0,0,0.3231927
0,0,0.027580922
0,0,0.106771715
1,0,0.023838518
0,0,0.019260619
0,0,0.01482109
0,0,0.0060963836
0,0,0.0002663608
0,1,0.7438358
0,0,0.043330137
0,0,0.00027353593
0,0,0.005203621
0,0,0.065680556
0,0,0.19007558
0,0,0.009208282
0,0,0.0010545468
0,0,0.36176488
0,0,0.46557492
0,0,0.08366472
0,0,0.41306433
0,0,0.0018314465
0,0,0.0014194173
0,0,0.012273132
0,0,0.30812892
0,0,0.18981345
0,0,0.19317779
1,0,0.49245942
0,0,0.27680653
1,0,0.25911334
0,0,0.056796417
1,1,0.53408754
0,0,0.28602624
0,0,0.027366543
0,0,0.20894432
0,0,0.21754847
0,1,0.5071658
0,0,0.0039093904
1,0,0.4011251
0,0,0.1249106
0,0,0.35827428
0,0,2.4177429e-05
0,0,0.023388892
1,0,0.46976075
0,0,0.26211354
0,0,0.28870836
0,0,0.07722746
0,0,0.0045858226
1,1,0.7721949
0,0,0.09785751
0,0,0.016056253
0,0,0.14992069
0,0,0.0014411247
0,1,0.8872533
0,1,0.60702497
0,0,0.3812853
1,1,0.87935245
0,0,0.057973117
0,0,0.1174779
0,0,0.00045122372
0,0,0.093557365
0,0,0.002294736
0,0,0.112158775
0,0,0.0039928737
0,0,0.2607451
0,1,0.6719961
0,0,0.01768408
0,0,0.031401314
0,0,0.14638826
0,0,0.4885844
0,0,0.08677577
0,0,0.07149172
0,1,0.5990324
0,0,0.011802177
0,0,0.0986608
0,0,0.061156422
1,1,0.5575557
0,0,0.4517717
0,0,0.0015131299
0,0,0.033081684
0,0,0.00042139587
0,0,0.00010560173
0,0,0.052856855
0,0,0.009237113
0,0,0.012288412
0,0,0.015959376
0,0,0.1861319
0,0,0.088395916
0,0,0.001115808
0,0,0.01156181
0,0,0.015897274
0,0,0.0036239182
0,0,0.3881663
0,0,0.4157634
0,1,0.51757646
0,1,0.63991684
0,0,0.0003037789
0,1,0.6483885
0,0,0.00278227
0,0,0.37777543
0,0,0.00246857
0,0,3.558563e-05
0,0,0.05245402
0,1,0.5915168
0,0,0.029145803
0,0,0.010406473
0,0,0.47894385
0,0,0.0831628
0,0,0.4231497
0,0,0.23860902
0,0,0.08779685
0,0,0.32255182
0,1,0.7134861
1,1,0.83603436
0,0,0.19265345
0,0,0.0059958976
0,0,0.013300395
0,0,0.007803748
0,0,0.19014359
0,0,0.31808674
0,0,0.0184129
0,0,0.35831505
1,0,0.42416176
0,0,0.12770241
0,0,0.3058278
1,1,0.6749735
0,0,0.041570798
0,0,0.006262331
0,0,0.018168185
0,0,0.4605263
0,1,0.6330271
0,0,0.16089366
0,0,0.3085278
0,0,0.010849707
0,0,0.019609768
0,0,0.014387535
0,0,0.45553502
0,0,0.42831835
0,1,0.74328387
1,0,0.034799512
0,0,0.18083832
1,1,0.5835629
0,0,0.09834375
1,1,0.82208395
1,1,0.788118
0,0,0.0044767833
0,1,0.6950896
0,0,0.4380443
1,0,0.41804403
0,0,0.19438967
0,1,0.6327225
0,0,0.4257644
0,1,0.82111216
0,0,0.049508248
0,0,0.18488313
0,0,0.1416394
1,0,0.13524574
1,0,0.295421
0,0,0.11005151
0,0,0.02232182
0,0,0.02855761
0,1,0.58836395
0,0,0.026083212
0,0,7.132638e-05
0,0,0.4849305
0,0,0.2831897
1,1,0.5496843
0,0,0.28986517
0,0,0.08631765
0,0,0.35812798
0,0,0.25783336
0,0,0.07581754
0,0,0.039682444
0,0,0.0018689539
0,0,0.0068829954
0,1,0.5275385
0,0,0.0006772791
0,0,0.41565785
0,1,0.6139514
0,0,0.002593106
0,0,0.01742708
0,0,0.18639839
0,1,0.5267805
0,0,0.014350162
1,1,0.69526637
0,0,0.41049483
0,0,0.005062397
0,0,0.4592397
0,0,0.00021777187
0,0,0.17110981
0,0,0.01533096
0,0,0.23134656
0,0,5.2495452e-05
0,0,0.00023596655
0,1,0.7915997
0,0,0.000113905706
0,0,0.060471956
0,1,0.57237905
0,0,0.2847662
0,0,0.16948675
0,0,0.22783808
0,0,0.16244064
0,1,0.6888228
0,0,0.00020583285
1,0,0.13108303
0,0,0.0025959269
0,1,0.64785844
0,0,0.22857302
0,0,0.14305674
0,0,0.00029627106
0,0,0.28268525
0,0,0.30600956
0,0,0.23941031
0,0,0.0028494636
1,1,0.92019653
0,0,0.05544711
1,0,0.39515346
0,0,0.027779443
1,1,0.7895433
0,0,0.25372285
0,0,0.13777262
0,0,0.13313228
0,0,0.0899224
0,0,0.423559
1,1,0.76574516
0,0,0.47672534
0,0,0.2727425
0,0,0.006401622
0,0,0.046449065
0,0,0.000850624
1,0,0.38170683
0,0,0.23124264
0,0,0.0050996104
0,0,0.47960347
0,0,0.14082128
0,0,8.940585e-05
0,0,0.1484379
0,1,0.8499243
1,0,0.44619733
0,0,0.49127874
0,0,0.03737182
0,0,0.29372147
0,1,0.57381386
0,0,0.05357508
0,0,0.0007952266
0,0,0.13144705
0,0,0.19292918
0,0,0.048768237
0,0,0.048166886
0,0,0.37937254
0,0,0.02720674
0,1,0.6325667
0,0,0.00093854073
0,0,0.011209714
0,0,8.426046e-05
0,0,0.33048797
0,0,0.4739547
0,0,0.06063254
0,1,0.77268213
0,0,0.12400264
0,0,0.23369355
0,0,0.059069593
0,0,0.1433054
0,1,0.59510034
0,0,0.06947656
0,0,0.10670711
0,0,0.044668388
0,1,0.7050042
0,0,0.016405849
0,0,0.0045401487
0,0,0.0625539
0,0,0.02557949
0,0,0.06731887
0,0,0.012171604
0,0,0.08726687
0,0,0.2226815
0,0,0.033388346
0,1,0.8250375
0,1,0.6058713
0,0,0.18651691
1,0,0.38181266
0,0,0.15895379
0,0,0.017971864
0,0,0.2956124
0,0,0.1168331
0,1,0.69507337
1,0,0.48240778
0,0,0.032493338
0,0,0.032335326
0,0,0.026000595
0,0,0.0039497004
0,0,0.27031592
0,0,0.3545707
0,0,0.053221233
0,0,0.022965448
0,0,0.23830444
0,0,0.113981105
0,0,0.012044454
0,0,0.31157455
0,0,0.3635171
0,0,0.24885082
0,0,0.35452712
0,1,0.758898
0,0,0.17393234
0,0,0.1747114
1,1,0.61987007
1,1,0.63919663
0,0,0.008646487
0,0,0.21943039
0,0,0.4201035
0,0,0.030930398
0,0,0.032158647
1,0,0.0923317
0,0,0.12696448
0,0,0.3528145
0,0,1.5553609e-05
0,0,0.2064527
0,0,0.22598684
0,1,0.61315477
1,0,0.1343043
0,1,0.89466566
0,0,0.20009343
0,0,0.3702298
0,1,0.6403849
0,0,0.042057835
0,1,0.6833801
0,0,0.001003122
0,0,0.0614139
0,0,0.012613649
0,0,0.16936725
0,0,0.29992646
0,0,0.26486382
0,0,0.31368893
0,0,0.36051968
0,0,0.31466112
0,0,0.027584206
0,0,0.19543125
0,0,0.012878761
0,0,0.36846003
0,0,0.23080704
0,0,0.025528142
0,0,0.29174265
0,0,0.031447176
0,0,0.079178736
0,0,0.22907671
1,0,0.2600651
0,0,0.0671979
0,0,0.2800046
0,0,0.019001879
0,0,0.30644223
0,0,0.06829568
0,0,0.0010093556
1,1,0.6416667
0,0,0.024997525
0,0,0.0044507664
0,0,0.024015456
0,0,0.33449048
0,0,0.003522874
0,0,0.18174793
1,1,0.61961085
0,0,0.21518642
0,0,0.13881922
0,0,0.07167977
0,0,0.03142729
0,0,0.020939343
0,0,0.13363503
0,0,0.00011319659
1,0,0.3715375
0,0,0.41563687
0,1,0.5230758
0,0,0.13431685
0,0,0.35572222
0,0,0.0134047
0,0,0.0252818
0,0,0.010754875
0,0,0.0032237864
0,0,0.0039683534
0,0,0.08275904
0,0,0.07823013
0,0,0.02778692
0,0,0.23131819
0,0,0.14895523
0,0,0.2579708
0,0,0.3936258
0,0,0.0032604856
0,0,0.026811179
0,0,0.004643774
0,0,0.0025778152
0,0,0.017029481
0,0,0.014467025
0,0,0.0039247135
0,0,0.047673304
0,0,0.019977957
0,0,0.182472
0,0,0.02039895
0,0,0.43548226
1,0,0.19958217
0,0,0.33413327
0,0,0.087707765
0,0,0.44131067
0,0,0.014065142
0,1,0.78342575
0,0,0.012170561
0,0,0.38116872
0,0,0.08108805
0,0,0.014296603
0,0,0.0069881957
0,1,0.8427683
0,0,4.4158485e-05
0,0,0.30703914
0,1,0.67537755
0,0,0.37572482
0,0,0.28723985
0,1,0.59120905
0,0,0.06495748
0,0,0.008080515
0,0,0.0011125931
0,0,0.052105285
0,0,0.28426164
0,0,0.2690848
0,1,0.57275903
0,0,0.0024001547
0,0,0.1072624
0,0,0.12878889
0,0,0.015713722
0,0,0.33038732
0,0,0.16388856
0,0,0.13071777
0,1,0.6608996
0,0,0.45818642
1,0,0.34188166
0,0,0.000112705675
0,0,0.2691799
0,0,0.056735814
1,0,0.43630692
0,0,0.34699583
0,0,0.31314945
0,0,0.02844596
0,0,0.46994254
0,1,0.50543797
0,0,0.33452404
0,0,0.0018469054
0,0,0.3617698
0,0,0.07603525
0,0,0.087918065
0,0,0.3381691
0,0,9.4609655e-05
1,0,0.33234647
1,0,0.15691845
0,0,0.49448046
0,0,0.002788112
0,0,0.38028178
0,0,0.0003414887
0,0,0.20692253
1,0,0.037758358
0,0,0.0045732455
0,0,0.018926313
0,0,0.16406761
0,0,0.17766294
0,0,0.04874675
0,0,0.23593272
0,0,0.0015272822
0,0,0.25632972
0,0,0.04032473
0,0,0.324094
0,0,0.013148344
0,0,3.758394e-05
0,0,0.002590053
0,0,0.46606433
0,0,0.08097744
0,0,0.33102402
0,0,0.027896792
0,0,0.2223231
0,0,0.0049799182
0,0,0.20659435
0,1,0.59007215
0,0,0.13915591
0,1,0.72300035
0,0,0.09875364
0,0,0.15163948
0,0,0.120827965
0,1,0.70112604
0,0,5.7531703e-05
0,0,0.0024921906
0,0,0.34660468
0,0,0.08536988
0,0,0.02199407
0,0,0.080254756
0,0,0.020138124
0,0,0.07596865
0,0,0.058407094
1,1,0.8158923
0,0,0.4478241
1,0,0.2828711
0,0,0.03448082
0,0,0.15892316
0,0,0.088118404
1,1,0.5530779
0,0,0.0013565012
0,0,0.040886164
0,0,0.19368264
0,0,0.16926754
1,0,0.070277676
0,0,0.19276401
0,0,0.4845579
0,0,0.16865562
0,0,0.018359302
0,0,0.022103135
1,0,0.39176837
0,0,0.0003879953
0,1,0.7186855
0,0,0.017368704
0,0,0.05948039
0,0,0.3130812
0,0,0.011971369
0,0,0.16259202
0,0,0.00070791785
0,1,0.7120428
0,0,0.23068091
0,1,0.56899935
0,1,0.58351123
0,0,0.023765853
0,0,0.07736042
0,0,0.32417122
0,0,8.5271415e-05
0,0,0.10251369
0,0,0.4721324
0,0,0.21014775
1,1,0.8699389
0,0,0.41810292
0,0,0.41662273
0,0,0.037296787
0,0,0.11108592
0,0,0.010953826
0,0,0.0146985985
0,0,0.025723606
0,0,0.28985137
1,1,0.8077244
0,0,0.26704845
0,0,0.05832342
0,0,0.07438643
0,0,0.056235235
0,1,0.9237704
0,0,0.08925856
1,1,0.9113235
1,1,0.66892743
0,0,0.00075050024
0,0,0.17327282
0,0,0.25464913
0,0,0.2316263
0,1,0.69330114
0,0,0.37337783
0,0,0.07295124
0,1,0.54095805
0,1,0.6441205
0,0,0.38212708
0,0,0.21982822
0,0,0.17252332
0,0,0.013192363
0,0,0.3937946
0,0,0.12823206
0,1,0.8136613
1,0,0.26267073
0,0,0.13847984
0,0,0.4300956
0,0,0.25778347
0,1,0.53773534
0,0,0.09651307
0,0,0.035022706
0,1,0.7122942
0,0,0.028448747
0,0,0.0039420146
0,0,0.0049407883
0,1,0.6534633
0,0,0.24007428
0,0,0.4468592
0,0,0.1512826
0,0,0.36732936
0,0,0.2934142
1,1,0.8900696
0,1,0.6922703
0,0,0.0637658
0,0,0.001423552
0,0,8.411346e-05
0,0,0.03431473
0,0,0.015323614
0,0,4.445276e-05
0,0,0.120018564
0,0,3.558563e-05
0,0,0.013139549
0,0,0.00034819305
0,0,0.10648927
1,1,0.56461626
0,0,0.058056004
0,0,0.009736537
0,1,0.89865345
0,0,0.1535635
1,0,0.20916186
0,0,0.00028559798
1,0,0.16884798
0,0,0.031475212
0,0,6.507134e-05
0,0,0.06655789
0,0,0.009771438
0,0,0.010821077
0,0,0.15788151
0,0,0.004199814
1,1,0.5632037
0,0,0.10063879
1,1,0.80219406
0,0,0.047864713
0,0,0.004030439
1,0,0.27795866
0,0,0.16394877
0,0,0.08129819
0,0,0.004252644
0,1,0.5554186
0,0,0.0924732
0,0,0.018820178
0,0,0.012375693
0,0,0.00017008309
1,0,0.055623583
0,0,0.28800172
0,0,0.14521974
0,0,0.0020571551
0,0,0.044699516
0,0,0.035443693
1,1,0.773043
0,0,0.0047546765
0,0,0.24454176
0,0,0.26378027
0,1,0.7302963
0,0,0.016733449
0,0,0.024806892
0,1,0.7100056
0,0,7.957468e-05
1,1,0.5510171
0,0,0.41665563
0,0,0.40544805
0,1,0.82238126
0,0,0.00541868
0,0,0.097620785
0,1,0.6572573
0,0,0.05817615
0,1,0.59511125
0,0,0.42551717
0,1,0.74459547
0,0,0.018959763
0,0,0.0988723
0,0,0.031789936
0,0,0.3521839
0,1,0.8157663
1,1,0.6012267
0,0,0.19249745
0,0,0.06925131
0,0,0.041706957
0,0,0.01107906
0,0,0.0053239544
0,0,0.024039822
1,1,0.71195185
0,0,0.0036252423
0,1,0.86283565
0,0,0.20491026
0,0,0.14796978
0,0,0.0052758334
1,1,0.51891905
0,0,0.045950603
0,0,0.40749574
0,1,0.7053977
0,1,0.6055455
1,0,0.24944136
0,0,0.031420726
0,0,0.22832243
0,0,0.026635861
0,0,0.2988709
0,0,0.31555355
0,0,0.013066738
0,0,0.0362575
0,1,0.7232619
0,0,0.15134442
0,0,0.376519
0,0,0.33324632
0,0,0.4087622
0,0,0.056898206
0,0,0.012368736
0,0,0.49001643
0,0,0.19282806
1,0,0.44677213
0,0,0.21114907
0,0,0.0007997547
0,1,0.6871931
0,0,2.1538512e-05
0,0,0.14693075
0,0,0.27702484
0,0,0.01568796
0,0,0.07864089
1,1,0.5067201
0,1,0.728792
0,0,0.08348568
1,1,0.56995195
0,0,0.43885133
0,0,0.006517823
0,0,4.550202e-05
0,0,0.114134945
1,1,0.60561794
0,0,0.017486095
0,0,0.1571772
0,0,0.07577352
0,0,0.002121631
0,0,0.4184761
0,0,0.24379085
0,0,0.19175605
1,0,0.32638803
0,0,0.025305746
0,0,0.0049668644
0,0,0.0009012342
0,1,0.52558625
0,0,0.011745812
0,0,0.034443967
0,0,0.19411787
0,0,0.016128717
0,0,0.012441086
0,0,0.010173038
0,0,0.001390391
0,0,0.011179428
0,0,0.4455621
0,0,0.014335481
0,0,0.03791838
0,0,0.47376963
0,0,0.07057578
0,0,0.09308227
0,0,0.12109196
0,0,0.0029682016
0,0,0.48492518
0,0,0.31235617
0,1,0.7770314
0,0,0.006819842
0,0,0.080580615
0,1,0.6877841
0,0,0.26504695
0,0,0.27670604
0,0,0.029666565
0,0,0.36890206
0,0,0.0075470023
0,0,0.009766549
0,0,0.30401126
1,0,0.21246906
0,0,0.15285179
0,0,0.088652335
0,1,0.90727425
0,0,0.074305065
0,0,0.12456346
0,0,0.010617752
0,0,0.12239909
0,0,0.22922775
0,0,0.058288522
0,0,0.41257766
1,1,0.7719013
0,1,0.7293046
0,0,0.18198235
0,0,0.04052752
1,0,0.43544474
0,1,0.6972847
0,0,0.00078364974
0,0,0.026147913
0,0,0.36895454
0,0,0.040380936
0,0,0.4703073
0,0,0.014104553
0,1,0.7039794
1,0,0.3943504
0,0,0.004578995
0,0,0.37649992
0,0,0.25780904
0,1,0.6259539
0,0,0.00394802
1,0,0.11516275
1,1,0.7998889
0,0,4.8820195e-05
0,0,0.09298261
0,0,0.18197012
0,1,0.67057455
1,1,0.82371336
0,0,0.019252632
1,0,0.2458678
0,0,0.0154143665
0,0,0.046991657
0,0,0.00012471365
0,0,0.39383572
0,0,0.21190104
0,1,0.54209137
1,0,0.067754485
0,0,0.42404476
0,1,0.7452355
0,0,0.49558213
0,0,0.0029878146
0,0,0.06523975
0,0,0.24989493
0,0,0.0134407375
0,0,0.28474924
0,0,0.42699417
0,0,0.49881905
0,0,0.03921808
0,0,0.17197159
0,1,0.5441952
0,0,0.00085891044
0,1,0.7577756
0,0,0.33021477
0,0,0.12993582
0,0,0.05014726
0,1,0.5883087
0,0,0.046284553
0,0,0.00026457311
1,0,0.30890742
0,0,0.27665845
0,1,0.74313873
0,0,0.0054506236
1,1,0.85500884
0,0,0.0005172123
0,1,0.50810146
0,0,4.6140238e-05
0,0,6.876412e-05
0,0,0.0323625
0,0,0.40656948
0,0,0.049528234
0,1,0.70787084
0,0,0.005321223
0,0,0.21203934
0,0,0.20328909
0,0,0.036018614
0,0,1.875867e-05
0,0,9.6475385e-05
0,0,0.07867091
0,0,0.02286333
0,0,0.25793386
0,0,0.0011227685
0,1,0.81830037
0,0,0.0014462466
0,0,0.07309789
0,1,0.5489408
0,0,0.49709103
0,0,0.03394281
0,0,0.45805076
0,0,0.112939954
0,0,0.1823093
0,0,0.260967
0,0,0.024669701
0,0,0.009202172
1,1,0.56193364
0,0,0.43398604
0,0,0.00011120766
0,0,0.023420243
1,1,0.8163807
0,0,0.34498128
0,0,0.033935476
0,0,0.0021849223
0,0,0.0047718105
0,0,0.24320598
0,0,0.20120056
0,0,0.011240156
1,0,0.10589008
0,0,1.963061e-05
0,0,0.00021130915
0,0,0.008220839
0,0,0.13301024
1,1,0.84441143
1,0,0.3872753
0,0,0.05588925
1,1,0.72925043
0,0,0.022667779
0,0,0.07007225
1,0,0.18967073
0,0,0.0062207174
0,0,0.0006833949
0,0,0.27258667
0,0,0.11134145
0,0,0.05307602
0,0,0.045565076
0,0,0.11638042
0,0,0.031908356
1,1,0.51626176
0,1,0.6535571
0,0,0.047895093
0,0,0.0028506075
0,0,0.077061854
0,0,0.0037517743
0,1,0.708374
1,0,0.1819939
0,0,0.493525
0,0,0.23414929
0,0,0.060765725
0,0,0.09669588
0,0,0.0306792
0,1,0.5205152
0,0,0.21493042
0,0,0.020726135
0,1,0.83696175
0,0,0.19219725
1,1,0.82573116
0,0,0.00015833775
0,0,0.15078737
0,0,0.42742416
0,0,0.10824116
0,0,0.00048333348
0,0,0.00239469
0,0,0.026026692
0,0,0.058367506
0,0,0.04277016
0,0,0.020383155
0,0,0.2728249
0,0,0.06781741
1,1,0.67820436
0,0,0.025454246
0,0,0.41461778
0,1,0.8192106
1,0,0.32698473
0,0,0.009121839
0,0,0.21570636
0,0,0.24638382
0,1,0.53654176
0,0,0.018720476
0,0,0.0012388173
0,0,0.35006794
1,0,0.10095384
0,0,4.1521518e-05
0,1,0.6404429
0,0,0.055320982
1,0,0.22635785
0,0,0.02419788
1,1,0.8719309
0,1,0.93027925
0,1,0.6299911
0,0,0.00010047803
0,0,0.0018755221
0,0,0.339256
0,0,0.14267658
0,0,0.02500793
0,0,0.08881829
1,0,0.32114086
1,1,0.56286144
0,0,0.059443206
0,0,0.00013286724
0,0,0.12944774
0,0,0.39260247
0,0,0.10665215
0,0,0.09559362
0,0,0.1765996
0,1,0.57698935
0,0,0.010098768
0,0,0.21995568
0,0,0.19044621
0,0,0.0069368146
0,0,0.34552085
0,0,0.044700783
0,0,0.0074476325
0,0,0.06803147
0,0,0.10931281
0,1,0.50394344
0,0,8.5271415e-05
0,0,0.40022793
0,0,0.0036839233
0,0,0.114445254
1,1,0.62706596
0,0,0.016923234
0,0,0.29414108
0,0,0.11491597
0,0,0.0016626202
1,1,0.50711286
0,0,0.17625883
0,0,0.32741266
0,0,0.10222166
0,0,0.010650395
0,0,0.39874357
0,0,0.4857011
0,0,0.11124599
0,1,0.576089
0,0,0.0019040956
0,0,8.8097106e-05
0,0,0.34900433
0,0,0.018293781
0,1,0.5522024
0,0,0.019754102
0,1,0.63258964
0,0,0.09351609
0,0,0.028666481
0,1,0.70960796
0,0,0.31380424
0,0,0.021054333
0,0,0.012927231
0,0,0.38100353
0,0,0.20622449
0,0,0.31026638
0,0,0.39496782
0,0,2.615031e-05
0,0,0.2728909
0,0,0.4707617
0,0,0.07160361
0,0,0.10973439
0,1,0.82338816
0,0,0.027001971
1,1,0.68082696
0,0,0.04502925
0,0,0.005135629
0,1,0.6863738
0,0,2.242641e-05
0,0,0.028295582
0,0,0.026093917
0,0,0.06563044
1,1,0.6558986
0,0,0.005790784
0,0,0.12269138
0,1,0.5054902
0,0,0.17867066
0,0,0.49002177
0,0,0.0060054683
0,0,0.0015083511
0,0,0.23251845
0,0,0.060760964
1,1,0.56574076
0,0,0.014253265
0,0,0.06517557
1,1,0.7872448
0,1,0.6529772
0,0,0.021301702
1,1,0.814852
0,0,6.21507e-05
0,0,0.06919902
0,0,0.36138386
0,0,0.008206739
0,0,0.123096
1,1,0.7571751
0,0,0.0063517084
1,1,0.70858365
0,1,0.5198144
0,1,0.6050497
0,0,0.2421954
0,0,1.5391419e-05
0,0,0.2912942
0,0,0.49927732
0,0,0.008851985
0,0,0.04186853
0,0,0.016137268
0,0,0.27211374
0,0,0.4037974
0,0,0.011970326
0,0,0.014604713
0,0,0.16600691
0,0,0.069185995
0,0,0.016654205
0,0,0.209441
0,1,0.5588023
0,0,0.033842087
0,1,0.6237528
0,0,0.19076459
0,0,0.006108287
0,0,0.0012328529
1,1,0.8050149
0,0,0.019913478
0,0,0.18047825
0,0,0.3694357
0,0,0.0005584347
0,0,0.05703405
0,0,0.28804767
0,0,0.20514221
1,0,0.45733276
0,0,0.42318273
0,0,0.07627136
0,0,0.03171883
0,0,0.033581
0,0,0.004967885
0,0,0.3398168
0,0,0.011578012
1,1,0.8883689
0,0,0.43908456
0,0,0.005549275
0,0,0.058895815
0,0,0.4508566
0,0,0.0021860735
0,0,0.03215664
0,0,0.08854774
0,0,0.0042163087
0,0,0.03825186
0,0,0.026244808
0,0,0.003146341
0,0,0.39338472
1,1,0.8374966
1,1,0.598319
0,0,0.08685378
0,0,0.45609745
0,0,0.12777588
0,0,0.3536777
0,0,0.012528729
0,0,0.31046924
0,0,0.11347987
0,0,0.051261876
1,0,0.48271868
0,0,0.0119397305
0,0,0.012278051
0,0,2.8047481e-05
0,1,0.7127595
0,0,0.14223352
0,1,0.5361003
0,0,0.09532748
0,0,0.103962466
0,0,0.032495227
0,0,0.13398592
1,1,0.90978885
0,1,0.6587779
0,0,0.011145469
0,0,0.26842615
0,0,0.032314066
0,0,0.008306008
0,0,0.070312
0,1,0.56516695
0,1,0.8712357
0,0,0.3567075
0,0,0.35541368
1,1,0.6841929
0,0,0.0014344355
0,0,0.03094001
0,0,0.11354287
0,1,0.729117
0,0,0.09862567
1,0,0.38378394
0,0,0.19733886
0,0,0.015009283
0,0,1.875867e-05
0,0,0.43135765
0,0,0.014120389
0,0,0.051848184
0,0,0.31241423
0,1,0.61690396
0,0,0.048852462
0,0,0.0056559057
0,0,0.11989596
0,1,0.54345447
0,0,0.055403274
0,0,2.9829984e-05
0,0,0.26691332
0,0,0.28715092
0,0,7.957468e-05
0,0,0.037106413
0,0,0.18288699
0,1,0.85347617
0,1,0.7387359
1,1,0.5381985
0,0,0.04497919
1,0,0.36630663
0,0,0.062004678
0,0,0.0074688043
1,1,0.5632295
0,0,0.042992055
0,0,0.22684082
0,0,0.39523312
0,0,0.0024801192
0,0,0.3758899
1,1,0.56742644
0,0,0.00026371912
1,0,0.03663959
0,0,0.43177283
0,0,0.053144265
0,0,0.10879599
0,0,0.25926375
1,1,0.82326406
0,0,0.040826768
1,0,0.1352796
0,0,0.008544763
0,0,0.46180314
0,0,0.031725846
1,1,0.5704235
0,0,0.25222498
0,0,0.13022836
0,0,0.07375182
1,1,0.7590557
0,1,0.66105705
0,0,0.07462424
1,1,0.53380954
0,0,0.34451818
1,1,0.57913667
0,0,0.029668884
0,0,0.2743079
0,1,0.77659065
0,1,0.5909035
0,0,3.7146587e-05
0,0,0.2454066
0,0,0.0010891285
0,0,0.031172527
0,0,0.3845782
0,0,0.26153344
0,1,0.6031628
0,0,0.021997964
0,0,0.0017152628
0,0,0.31105053
1,0,0.473464
0,1,0.55039006
0,0,0.10819947
1,1,0.73087394
0,1,0.5270589
0,0,0.00020583285
0,1,0.6654529
0,0,0.04305028
0,0,0.015815757
0,0,0.012078192
0,0,0.37111646
0,1,0.82273763
0,0,0.006782382
0,1,0.7294796
0,0,0.03941843
0,0,0.039745245
0,0,6.5347944e-05
0,1,0.5202092
0,0,0.019225486
0,0,0.005601621
0,0,0.20344791
0,1,0.7862595
0,1,0.6163732
0,0,0.19958305
0,0,0.14971489
0,0,0.10323841
0,0,0.003531638
0,0,0.035243385
0,0,0.46212003
1,0,0.14384773
0,0,0.17778133
1,1,0.92121905
1,1,0.8536351
0,0,0.011891187
0,1,0.71068746
0,0,0.40799978
1,0,0.13594571
0,0,0.28120014
1,1,0.85275185
0,0,0.06703748
0,0,0.22466129
0,0,4.2629574e-05
0,1,0.5858347
0,0,0.0001220564
1,1,0.5776989
0,0,0.16162138
0,0,0.21794678
1,0,0.3687433
0,0,0.120376684
0,1,0.8625231
1,0,0.47862962
1,0,0.48407128
0,0,0.16168647
1,0,0.14629133
0,0,0.1830065
0,0,0.106560975
0,0,0.30460787
0,0,0.18649025
0,0,0.05969778
0,0,0.0062917084
0,0,0.015016244
0,0,0.07530437
0,0,0.05260928
0,0,0.019376913
0,0,0.40664062
0,0,0.12586609
0,0,0.46669182
1,1,0.598924
0,0,0.2909375
0,0,0.06409543
0,0,0.23911834
0,0,0.3691085
0,0,0.025480075
0,0,0.012727692
1,0,0.08666341
0,0,0.14640234
0,0,0.06141597
0,0,0.27750155
0,0,0.014998044
0,0,0.017130917
0,1,0.5040616
0,1,0.5089895
0,0,0.009430368
0,0,7.4174146e-05
0,1,0.678774
0,0,0.017084101
0,0,0.4121022
0,0,0.030539645
0,0,0.045388278
0,0,0.0020776768
0,0,0.00091924577
0,0,0.27153343
0,0,0.017198924
0,0,0.31722325
0,0,0.2306591
0,0,0.038898353
0,0,0.39243346
0,1,0.6812134
0,1,0.5642874
0,0,0.26912886
0,0,0.035238054
0,0,0.1647871
0,0,0.023368604
0,0,0.0024470217
1,1,0.7847699
0,1,0.5371284
0,0,0.30167267
0,0,0.017348217
0,0,0.06584942
0,0,4.6140238e-05
0,0,0.09981297
0,0,0.1130901
0,0,0.21062319
0,0,0.009222266
0,0,0.0007314358
0,0,0.00048466312
0,0,0.0016146256
0,0,0.013469353
0,0,0.008937415
1,0,0.41688034
0,1,0.65175974
0,1,0.75082886
0,0,0.024185302
0,0,0.000364071
0,0,0.021155603
0,0,0.04468931
0,0,0.003163673
0,0,0.0908926
0,0,0.0026619872
0,0,0.15050401
0,0,0.34543544
0,0,0.34329087
0,1,0.64613205
1,1,0.7146797
0,1,0.61449564
0,0,0.088456474
0,0,0.037959028
0,0,4.2629574e-05
1,1,0.7776374
1,1,0.5710852
0,0,0.18589015
0,0,0.19631773
0,0,0.0049744514
0,1,0.5464337
0,0,0.06969328
0,0,0.27857056
0,0,0.019225612
0,0,0.2971479
0,0,0.06515873
0,0,0.2304976
0,0,0.03266383
0,0,0.0013020278
0,0,0.048284724
0,0,0.08088667
0,0,0.072420515
0,0,0.0013480445
0,0,0.39068425
0,0,0.44166362
0,0,0.063784994
0,0,0.0005646045
0,0,0.006529143
0,0,0.0071316417
0,0,0.011032352
0,1,0.59331185
0,0,0.0017523683
0,0,0.026230637
0,1,0.56681085
0,0,0.30906552
0,1,0.57632625
0,1,0.6791381
0,0,0.0081458865
0,0,0.38432276
0,0,0.008761462
0,0,0.019977579
0,0,0.12537096
0,0,3.2322827e-05
1,1,0.87240225
0,0,0.10569444
0,0,0.015372997
0,0,0.34799212
0,0,0.021252545
0,0,0.25210276
0,0,0.16881505
0,0,0.0059839594
0,0,0.036743887
0,0,0.001817835
0,1,0.7547111
0,0,0.00031045865
0,0,0.09883037
0,0,0.43085122
0,0,0.13810642
0,0,0.1620317
0,0,0.018296685
0,0,0.20362043
0,0,0.18553974
0,0,0.026186924
0,0,0.0047542746
0,0,0.17096257
0,0,0.06802969
0,0,0.30116937
0,0,0.48870012
0,0,0.06162345
0,0,0.12761806
0,0,0.009092729
0,0,0.2243345
0,0,0.064603604
0,1,0.71932703
0,0,0.015240361
0,1,0.561369
0,1,0.8037335
1,1,0.88617027
1,1,0.60110706
0,1,0.53889406
0,0,0.024918864
0,0,0.15780118
0,0,0.08324166
0,1,0.8283249
0,0,0.38953573
1,1,0.64318436
0,0,0.11936243
0,0,0.00063040596
0,0,0.3074502
0,0,0.2766242
0,0,0.2975835
0,1,0.61565906
0,0,0.012892007
0,0,0.0019822943
0,0,0.45334005
1,1,0.80194265
0,0,0.054434843
0,0,0.027718754
0,0,0.0016094897
1,1,0.6976895
0,0,0.00021130915
0,0,0.45514035
0,0,0.040137958
0,0,2.1184866e-05
0,0,0.10793259
0,0,0.07164809
0,0,2.505823e-05
0,1,0.58683187
0,0,0.00021777187
0,0,0.1273851
0,0,0.1188657
0,0,0.006866928
0,0,0.0012551945
0,0,0.10824478
0,0,0.058476023
1,0,0.17116873
0,0,0.27014443
1,0,0.18823217
0,0,0.021483699
1,1,0.58917785
1,0,0.14431585
0,1,0.770867
0,1,0.5145203
0,0,0.07201661
1,0,0.23493685
0,0,0.02259705
0,0,0.04861914
0,0,0.005530521
0,0,0.35007676
0,0,0.0704771
0,0,0.2111149
0,1,0.6397372
0,0,0.45253915
0,1,0.665953
0,0,0.03545849
0,0,0.048838284
0,0,0.0011701393
0,0,0.098061
0,0,0.33646628
0,0,0.2692519
0,0,0.27201876
1,0,0.37517357
0,0,0.00021130915
0,0,0.09859081
0,0,0.045676637
1,1,0.6606186
1,0,0.0064521395
0,0,0.14918725
0,0,0.027569607
1,1,0.81287575
0,1,0.5379694
1,1,0.840319
1,1,0.87074697
0,0,0.023710748
0,1,0.5592696
0,0,0.016245827
0,0,0.014062675
0,0,0.43232274
0,0,0.103020005
0,0,0.0012807113
0,1,0.60085016
0,1,0.58329606
0,0,0.29792288
0,0,0.019412104
0,0,0.2590696
0,0,0.24769115
0,0,0.23823777
0,0,0.10246624
1,1,0.75965565
0,0,0.07169918
0,0,0.005403383
1,1,0.7015659
0,0,0.033646915
0,0,0.0038332301
0,0,0.027195314
0,0,0.068771504
0,0,0.10546224
0,0,0.038903967
0,0,0.37381375
0,0,0.04429207
0,0,0.1952961
0,1,0.6190994
0,0,0.0008164642
1,1,0.62284267
1,0,0.3684119
0,0,0.1390441
0,0,0.00045956692
0,0,0.3327449
0,0,0.0061636707
0,1,0.57527524
0,0,0.46812415
0,0,0.38703534
0,0,0.10771339
0,0,0.0068476163
0,0,0.0030736658
0,0,0.040601537
0,0,0.24249606
0,0,0.013292918
1,0,0.19561043
0,0,0.25850302
0,0,0.013438644
0,1,0.60850567
0,0,0.034551177
0,0,0.10951574
0,0,0.14285344
0,0,0.08302399
0,1,0.6275493
0,0,0.000991249
1,0,0.32969856
0,0,4.455993e-05
0,0,0.004955986
0,0,0.015507985
0,0,0.45535114
0,0,3.912166e-05
0,0,0.14031176
0,0,0.31314534
0,0,0.35266423
0,0,0.4420883
0,0,0.020818783
0,0,0.056161977
0,0,0.048696868
0,0,0.15321085
0,0,0.08830831
0,0,0.116558254
0,0,0.22660843
0,0,0.34764138
0,0,0.1620443
0,1,0.88434494
0,0,0.26485467
0,0,0.16971825
0,1,0.5897181
0,0,0.19790141
0,0,0.24821076
0,0,0.15819667
0,0,0.066500835
0,1,0.66437477
0,0,0.4071485
0,0,0.002388986
0,1,0.7774636
0,1,0.73123735
1,0,0.30887982
0,0,0.1522842
0,0,7.957468e-05
1,0,0.3491468
0,0,0.008722897
0,0,0.06665177
0,0,0.1417612
0,0,0.098350294
0,0,0.047048118
0,0,0.0650163
0,0,0.02625444
0,0,0.14968142
0,0,0.0491564
1,0,0.34713635
0,1,0.53056806
0,1,0.5180606
0,0,0.0061878506
0,0,0.061285347
1,1,0.5504238
0,0,0.01598308
0,0,0.013476406
0,1,0.54643637
0,0,0.017585333
0,0,0.0006199382
0,1,0.6851343
1,1,0.6343624
0,0,0.37743562
1,1,0.53600955
0,0,0.10391844
0,0,0.30790016
0,0,0.011336702
0,1,0.54877746
0,0,0.043760866
0,0,3.758394e-05
0,0,0.39285052
1,1,0.51009893
0,0,0.01229243
0,0,0.28885117
0,0,0.10105884
0,0,0.114799164
0,1,0.5019744
0,0,0.008857371
0,0,0.0038940257
0,0,0.13947381
0,0,0.21203533
1,1,0.7126231
0,1,0.6408265
0,0,0.06865752
0,0,0.11971904
0,0,0.004761107
0,0,0.06243017
0,0,0.11586602
0,0,0.050818868
0,0,0.0009914874
1,0,0.2735455
0,0,0.20539175
0,0,0.06255174
0,1,0.50591874
0,0,0.21899194
0,0,0.40272117
0,1,0.7425616
0,0,0.014757137
0,0,0.06663519
0,0,0.015024532
0,1,0.6381198
0,1,0.5241526
0,0,0.04489009
0,0,0.29020038
0,1,0.644313
0,0,0.03034308
0,1,0.5412674
0,0,0.28989577
0,0,0.018559784
0,0,0.1077934
0,1,0.71620536
0,0,0.0014187868
0,0,0.3132683
0,0,0.0038698618
0,0,0.18055339
1,0,0.49257863
0,0,0.07261188
0,0,0.37193492
0,0,0.07984521
0,0,0.014353502
0,0,0.27171817
0,1,0.53699154
0,0,7.132638e-05
0,0,0.020682639
0,0,0.1675244
0,0,0.05013971
0,0,0.026259098
0,0,0.19811174
0,0,0.01795821
0,0,0.0062162476
0,0,0.054614615
0,0,0.08993968
0,0,0.24412799
0,0,0.26325205
0,0,0.13849507
1,0,0.4722842
0,0,0.41963527
0,1,0.70713466
0,0,5.476337e-05
0,0,0.031700477
1,0,0.09529864
0,0,0.03962194
0,0,0.17825188
0,0,0.034967624
0,0,0.078171164
0,0,0.17735633
0,0,0.009030861
0,0,0.005646273
0,1,0.6293052
0,0,0.33649376
0,0,0.40712047
0,0,0.43989542
0,0,2.75478e-05
1,1,0.76145583
0,0,0.09672854
0,1,0.6135028
0,0,0.009893079
0,0,0.0021915545
0,0,0.0021882993
0,0,0.00011812188
0,0,0.39581522
0,0,0.04077844
0,0,0.06399729
0,1,0.50349784
0,0,0.24936806
0,0,0.020378936
0,0,0.004192896
0,0,0.02222891
0,0,0.028144816
0,0,0.000116332594
0,0,0.010940846
0,0,0.32311866
0,1,0.50306654
0,0,0.16527699
1,0,0.32624322
0,0,0.0032288102
0,0,0.18439816
1,1,0.7881913
0,0,0.0092338985
0,0,0.013329718
0,1,0.5371323
0,0,0.19474207
0,0,0.026996672
0,0,0.042727895
0,0,0.02353044
0,0,0.4322065
0,0,0.03517966
0,0,0.07301701
0,0,0.10581225
0,1,0.56202096
0,0,8.9806505e-05
0,0,0.3726741
0,0,0.45826897
0,0,0.014587013
0,0,0.04268664
0,0,0.07643355
0,0,0.0017314918
0,0,0.19935349
0,0,0.40715033
0,0,0.4580282
0,0,0.12923591
0,1,0.51942116
0,1,0.73935854
0,1,0.62543935
0,0,0.0118675325
0,0,0.012233465
0,0,0.35645583
0,0,0.007943185
0,0,0.014168588
0,0,0.08560783
0,0,0.009055555
0,0,0.00827053
0,0,4.176826e-05
0,0,0.010286946
0,1,0.5923947
0,0,0.1254484
1,1,0.527042
0,0,0.009295874
0,0,0.14446756
0,0,0.06683072
0,0,0.26043123
0,0,0.13114035
0,0,0.052481443
0,0,0.42521667
1,0,0.33354256
0,0,0.018305153
1,0,0.25679553
0,0,0.022635851
0,0,0.08993379
0,1,0.5309302
0,0,0.33711413
0,0,0.053716056
0,0,0.008853985
0,0,0.42242226
0,0,0.006807328
0,0,0.00016818527
0,0,0.32317555
0,0,0.1269583
0,0,0.37843207
0,0,0.017363114
0,0,0.41935948
0,0,0.18630327
0,1,0.5100575
0,0,0.32598707
0,0,0.009632884
0,0,0.18290651
0,0,0.068345614
0,0,0.3387862
0,0,0.016502263
0,0,0.030784985
0,0,0.32624677
0,0,0.01481802
0,0,0.0006351286
0,0,0.3675259
0,1,0.6147564
0,0,0.123523876
0,0,0.015294947
0,0,0.011836617
1,0,0.27004218
0,1,0.83358926
0,0,0.0010750762
0,0,0.21383937
0,0,0.021721475
0,0,0.020141654
0,0,0.2446493
1,1,0.6646917
0,0,0.18394077
0,0,0.09288263
0,0,0.115806326
1,0,0.33285648
0,0,0.35299665
0,0,0.06832093
0,0,0.3055053
0,0,0.08119516
0,0,0.0001296772
0,0,0.17867592
0,0,0.18959536
1,1,0.67732304
0,0,0.2588727
0,0,0.07360632
1,1,0.7893058
0,0,2.8047481e-05
0,0,0.11006616
0,0,3.5774847e-05
0,0,0.16506697
0,0,0.38014597
0,0,0.4934922
0,0,0.093548514
0,0,0.39289412
0,0,0.0046114586
0,0,0.38185224
0,0,0.082921885
1,1,0.7637644
0,0,0.47490394
0,0,0.25198144
0,0,0.03300717
0,0,0.02145251
0,0,0.0044533894
0,0,0.1968493
0,0,0.39891654
0,0,0.024565408
0,0,0.019633153
0,0,0.2732261
0,0,0.17541769
0,0,0.35142726
0,0,0.0029952885
0,0,0.026579373
0,1,0.59565616
0,0,0.29791516
0,0,0.031784087
0,0,0.26795974
0,0,0.016132712
0,0,0.17365573
0,0,0.008154829
0,0,0.00093710696
0,0,9.527771e-05
0,0,0.015927842
0,0,0.094112046
0,1,0.80421233
0,1,0.6868253
0,0,0.022739878
0,0,0.017357364
0,0,0.022281464
0,0,0.43064696
0,0,0.009070016
0,0,0.010782151
0,0,0.43879083
0,0,0.055999007
0,0,0.30777392
0,1,0.63538665
0,0,0.12977932
0,0,0.00020601506
0,0,0.13401641
0,1,0.6172936
0,0,0.0023532866
0,0,0.4432151
1,0,0.30964252
0,0,0.029098494
1,0,0.38880876
0,0,0.007827812
0,0,0.27189294
0,0,0.18515778
0,0,0.1854189
0,0,0.10707668
0,0,0.112117894
0,0,0.08929388
0,1,0.5561282
0,0,0.33476886
0,0,8.5271415e-05
0,1,0.72763443
0,0,0.17304339
1,1,0.8885709
0,0,0.008376147
0,0,0.041731004
0,0,0.14047524
0,1,0.6794084
0,0,0.21252368
0,0,0.101788536
0,0,0.14164113
0,1,0.5543283
0,0,0.26566494
1,1,0.79253983
1,1,0.6405687
0,0,0.2830476
0,0,0.08508715
0,1,0.78785604
0,0,0.011781379
0,0,0.34614563
0,0,0.0025278497
0,0,0.043314733
0,0,0.024233395
0,0,0.13163346
0,1,0.67246145
0,0,0.0008148351
0,0,0.3627419
0,0,0.2955396
0,0,0.0034244317
0,0,0.023643613
0,0,0.40948284
1,0,0.4297515
0,1,0.5875131
0,1,0.7923542
0,0,0.24098282
0,0,0.029437827
0,0,0.05972583
0,0,0.08935606
0,0,0.061430607
0,0,0.35232395
0,0,0.057748996
0,1,0.7194813
0,0,0.070813484
0,0,0.0075935707
1,1,0.84687203
1,0,0.37737188
0,0,0.40140468
0,0,0.011581319
1,0,0.4877818
0,0,0.19293006
0,1,0.5086503
0,0,0.16957451
0,0,0.061361615
0,0,0.0058389227
0,0,0.011652912
0,0,0.18195589
0,0,0.08166971
0,0,0.030689366
0,0,0.2100613
0,0,0.0033665102
0,0,0.30287537
0,0,0.0017027833
0,0,0.33242452
0,0,0.00027650117
0,0,0.4464423
0,0,0.21048418
0,0,0.36918727
0,0,0.21606433
0,1,0.7643745
0,0,0.37592384
0,0,0.036952645
1,0,0.32415637
0,0,0.045742687
0,0,0.42687136
0,0,0.0025118482
0,0,0.015013464
0,0,0.4713194
0,1,0.71639663
1,1,0.7878465
0,0,0.02670769
0,0,0.4253995
0,0,0.00020876482
1,0,0.16558255
1,0,0.3977896
1,0,0.3374225
0,0,0.13908923
0,1,0.5333157
0,1,0.6281369
0,0,0.21738511
0,0,0.022448286
0,0,0.033363394
0,0,0.4615493
0,0,0.087706186
0,0,0.0046266164
0,0,0.02356506
0,0,0.27037388
0,0,0.3346416
0,0,0.0044796662
0,0,0.278514
0,0,0.0052049784
0,0,0.07425333
0,0,0.083018124
0,0,0.19784035
0,0,0.123943076
0,0,0.46811545
0,0,0.20682536
1,0,0.36700228
0,0,0.0006910658
0,0,0.121718146
0,0,0.17105974
0,0,0.012810108
0,0,0.00037609055
0,0,0.015615581
0,0,0.056310926
0,0,0.14557543
0,0,0.38739794
0,0,0.0030146758
0,0,0.025578082
0,0,0.44738826
1,1,0.7715871
0,0,0.043106403
0,0,0.14492275
0,0,0.0033070806
0,0,0.17283137
0,0,0.01005993
0,0,0.19789787
0,0,0.32162887
0,0,0.11571035
0,0,0.012113726
0,0,0.08761802
0,0,0.005736441
0,0,0.4521708
0,1,0.6297903
0,1,0.65086555
0,0,0.00082442554
0,0,0.44851375
0,1,0.7130591
0,0,0.3932856
0,1,0.65528774
0,0,0.011332015
0,0,0.22915779
1,0,0.42104146
0,0,0.0027942955
0,1,0.8683652
0,0,0.29711252
0,0,0.20440473
0,0,0.29501316
0,0,4.6171885e-05
0,0,0.1499107
0,0,0.2933292
0,0,0.3939034
0,0,0.043353822
0,0,0.108523354
0,0,0.0026161377
0,0,0.0071203057
0,1,0.5780039
0,0,0.07271305
0,1,0.5081443
0,0,0.34894833
0,0,0.4644826
0,1,0.620471
0,0,0.067626506
0,0,0.051532395
0,0,0.0024976982
0,0,0.42459783
0,0,0.22501025
0,0,0.013158129
0,0,0.025292372
0,0,0.050211214
0,0,0.2800012
0,0,0.11030955
0,0,2.1344462e-05
0,0,0.00020447143
1,0,0.43189356
0,0,0.00020565964
0,0,0.24064817
0,0,0.4476807
0,0,0.26884416
0,0,0.22562516
0,1,0.78317004
0,0,0.00072753435
0,0,0.009184278
0,0,0.14162485
0,0,0.013087225
0,0,0.40672103
0,0,2.75478e-05
0,0,0.039321467
0,0,0.07303755
0,0,3.3109045e-05
0,0,0.084301956
0,0,0.12062128
0,0,0.12354991
0,0,0.15017079
0,0,0.00077834557
0,1,0.7809204
0,1,0.5476672
0,0,0.068619385
0,0,0.0056661023
0,0,0.2197991
0,0,0.04657116
0,0,0.015689962
0,0,0.17526671
1,1,0.87145007
0,0,0.2658729
0,0,0.070004806
0,0,0.10521981
0,0,0.05843023
0,0,0.0052162665
0,0,0.00035606688
0,1,0.6944509
0,0,0.018070575
0,0,0.2001935
0,0,0.009957353
0,0,0.2828822
0,0,0.19612335
0,0,0.12804562
0,0,0.20782223
0,0,0.048599422
0,0,0.07959901
0,0,0.36593416
0,0,0.11495747
0,0,0.19050539
0,0,0.19341014
1,1,0.6775184
0,1,0.6997092
1,0,0.04731422
0,0,0.054745097
0,1,0.8597428
0,1,0.5163901
0,0,0.15811118
0,1,0.7652235
1,1,0.7788877
0,1,0.93891567
0,0,0.096762456
0,0,0.052730236
0,0,0.39822257
0,0,0.00090437185
0,0,0.00933142
1,1,0.65407586
0,0,0.20827916
0,0,0.08085251
0,0,0.009756915
0,0,0.0022544684
0,0,0.48446363
0,0,0.48267367
0,0,0.13025711
0,1,0.61819434
0,0,0.0106292935
0,0,0.1327367
0,0,0.3410141
0,0,0.11816091
1,1,0.8199331
0,0,0.10445805
0,0,0.074530534
0,0,0.0087945415
1,1,0.7260497
0,1,0.5554375
0,0,0.07316905
0,0,0.061578482
0,0,0.019674093
0,0,0.116192296
0,0,0.001667302
0,0,0.2299751
0,0,0.44301194
0,0,0.2064289
0,1,0.5294481
0,0,0.035117984
0,0,0.031340294
1,1,0.68486005
1,1,0.68307716
0,0,0.48481613
1,1,0.8926228
0,0,0.39042467
0,0,0.15272042
0,0,0.00016412676
1,1,0.6055585
0,0,0.0011668935
0,0,0.4559774
1,1,0.8241195
0,0,0.24707338
1,1,0.6028788
0,0,0.038384117
0,0,0.00485958
0,0,0.06154473
0,1,0.75405145
0,0,0.2023289
0,0,0.044031322
0,1,0.5540592
0,0,0.022667974
0,1,0.7668278
0,0,0.00016373208
0,0,0.03725877
1,0,0.24918999
0,0,0.14123136
0,0,0.14912984
0,1,0.5251864
0,0,0.025805037
0,0,0.071909
0,0,0.0978025
0,0,0.22128196
0,0,0.020161167
0,0,0.049342375
0,0,0.13518251
0,0,0.147393
0,1,0.94682926
1,0,0.20561261
0,0,0.047448996
0,0,0.0011512883
0,0,0.38795248
0,0,0.08026389
0,0,0.083108775
0,0,0.22135745
0,0,0.1543569
0,0,0.05192345
1,0,0.47430316
0,0,0.13148963
0,0,0.0062077106
0,1,0.66149944
0,0,0.36445728
1,1,0.81847584
0,0,0.025761742
0,0,0.41004762
0,0,0.03253012
0,0,0.46651015
0,0,0.024765754
0,0,0.3823457
0,0,0.010299635
1,1,0.8174519
0,0,0.30120853
0,0,0.45818245
0,0,0.47061116
0,0,0.17014854
0,0,0.05853967
0,0,0.19990228
0,0,0.0061812387
0,0,0.04373258
0,0,0.011557398
0,0,0.019767772
1,1,0.84998024
0,1,0.78052336
0,0,0.13110827
0,0,0.18116234
0,0,0.19803677
0,1,0.51186275
0,0,0.029396795
0,0,0.013456509
0,0,0.054894146
0,1,0.65997034
0,0,0.3412619
0,0,0.19066481
0,0,0.06996548
0,0,0.24558836
0,1,0.5828386
0,0,0.37225756
0,0,0.005298431
0,0,2.7460977e-05
0,0,0.01925486
0,0,0.055325966
0,0,0.14054662
0,0,0.06693542
0,1,0.6942565
0,0,0.15414762
0,0,0.41718742
0,0,0.08052492
0,0,0.36425507
0,0,0.41024765
0,0,0.0035108994
0,0,0.064618856
0,0,0.46134704
0,0,0.2096889
0,0,0.25753638
0,0,0.20960888
0,0,0.4745349
0,0,0.015997883
0,0,0.075329944
0,0,0.27901667
0,0,0.10668262
0,0,0.008468514
0,0,0.22221959
1,0,0.01507158
0,0,0.22783981
0,0,0.015235689
0,0,0.011589401
0,0,0.025848053
0,0,0.11983915
0,0,0.044825014
1,0,0.08509325
0,1,0.54813147
0,0,0.092528485
0,0,0.44417575
0,0,0.0011047486
0,0,0.32625479
0,1,0.6211274
0,0,0.24611774
0,0,0.040115155
0,0,0.17023592
0,0,0.01945183
0,0,0.040025063
0,1,0.50457615
0,0,0.045379944
0,0,0.06720746
0,0,0.024460245
0,0,0.053321797
0,0,0.14212938
0,0,0.013648866
1,1,0.7357147
1,0,0.49622113
0,0,0.05119881
0,0,0.29203376
0,0,0.014756561
1,1,0.6312161
0,0,0.0058455225
0,0,0.17841525
0,0,0.09807945
0,0,0.043344017
0,0,0.01280253
0,1,0.8431149
0,0,0.038561102
0,0,0.20856906
0,0,0.06783587
0,0,0.09840688
0,1,0.6512851
0,0,0.3399027
0,0,0.01761853
0,0,0.15441215
0,0,0.0055438383
0,0,0.27378386
0,0,0.1400288
0,0,0.026872624
0,0,0.33607402
0,0,2.1309663e-05
0,0,0.0024547554
1,1,0.6034188
0,0,0.27759185
0,0,0.032442417
0,0,0.4019878
0,0,0.030564947
0,0,0.33716938
0,0,0.008086055
0,0,0.015277992
0,0,0.00037552504
0,1,0.7739
0,0,0.06976009
0,0,0.0778967
0,0,0.4492451
0,1,0.8404322
0,1,0.83513176
0,0,0.21629484
0,1,0.55541044
0,0,0.18793051
0,0,0.46116856
1,0,0.47348815
0,0,0.123645455
0,0,0.11624648
0,0,0.15204777
0,0,0.03923419
0,0,0.035313167
0,0,0.018620918
0,0,0.35807794
0,0,0.25647217
0,0,4.9326733e-05
1,1,0.7083952
0,0,0.012637367
1,0,0.21933533
0,0,0.19103722
0,0,0.034543373
0,0,0.026460854
0,0,0.30816215
0,1,0.51204246
0,0,0.020577218
0,1,0.75180143
0,0,0.027134085
0,0,7.957468e-05
0,0,0.25719178
0,0,0.28621417
0,0,0.00010090983
0,0,0.009517329
0,0,0.14801626
0,1,0.55318975
0,0,0.041232876
1,0,0.29101303
0,0,0.0029680296
0,0,0.41806817
0,0,0.06800776
0,1,0.5136728
0,0,0.48260444
1,0,0.3524451
0,0,0.040912695
0,0,0.40826738
0,0,0.026421243
0,0,0.017220683
0,0,0.4852815
0,0,0.14848106
0,0,0.0015211181
0,0,0.06782408
0,0,0.2186736
1,0,0.20622236
0,1,0.72582084
1,1,0.83363116
0,0,0.06943481
0,0,4.176826e-05
0,0,0.03719006
0,0,0.31270218
0,0,0.00015408132
0,0,0.01665997
0,0,0.44097105
0,1,0.64844173
1,1,0.63778865
0,0,0.083281435
0,0,0.006765232
0,0,0.06622786
0,0,0.21503654
0,0,0.0029601888
0,0,0.24421638
0,1,0.6253959
0,0,0.0030967675
0,0,0.43359086
0,0,0.011934596
0,0,0.013714577
0,0,0.04568383
0,0,0.0006812857
0,0,0.025148863
0,0,0.025828127
0,0,0.29411393
0,0,0.36645103
0,1,0.65888643
0,0,0.21927667
1,0,0.36501473
0,0,0.40567228
0,0,0.00040390567
0,0,0.20283864
0,0,0.0009868381
0,0,0.14590204
0,1,0.55405396
0,0,0.06431343
0,0,0.0252114
0,0,0.13659617
0,0,0.2529691
0,0,0.12103158
0,0,0.0053775776
0,0,0.27081892
0,0,0.16665564
0,0,0.1584038
0,0,0.4107673
0,0,0.08882565
0,0,0.013217236
0,0,0.29667157
0,0,0.22759788
0,0,0.1716162
0,1,0.6329482
0,0,0.02258375
0,0,0.11517467
0,0,0.04983285
0,0,0.012532835
1,0,0.0050067725
0,0,0.43210557
0,0,0.16187154
0,0,0.10217015
0,0,0.25562146
0,0,0.088207975
0,0,0.031293333
0,0,0.0069456697
0,0,0.000356099
1,0,0.49562055
0,0,0.33299944
0,0,0.045887794
1,0,0.47388446
0,0,0.003253317
0,0,0.2597621
0,0,0.4838712
0,0,0.14733173
0,0,0.15387279
0,0,0.093424074
0,0,0.0039675655
0,0,0.0025668691
0,1,0.5449901
0,0,0.10076014
0,0,0.16850726
0,0,1.8938652e-05
0,0,0.04746618
0,0,0.033247937
0,0,0.25985223
1,1,0.770966
0,0,0.003718568
0,0,0.05451467
0,0,0.32150435
0,0,0.020256128
0,0,0.090812825
1,1,0.51906514
0,0,0.026357213
0,0,2.625183e-05
0,0,0.248402
0,0,0.103861526
0,0,0.0013911095
1,1,0.6862456
0,0,0.016224938
0,1,0.77061045
1,0,0.2692993
0,0,0.47285104
0,0,0.010357995
0,0,0.2958127
0,0,0.056909762
0,0,0.31211337
0,0,0.11579492
1,1,0.84038
0,0,0.075045705
0,1,0.64280736
0,0,0.124472246
0,0,0.16418399
0,0,0.085024245
0,0,0.027615726
0,0,0.0020126654
0,0,0.004296792
0,0,0.018165048
0,0,0.11543301
0,1,0.5100577
0,0,0.37457678
0,0,0.0119617125
0,0,0.089936785
0,0,0.4132103
1,0,0.46705636
0,0,0.23806563
0,0,0.0627464
0,0,0.01677004
0,0,0.13317809
0,0,0.008896896
0,0,0.45141184
0,0,0.035436023
0,0,0.1665765
0,0,0.10900158
0,0,0.14422418
0,0,0.3183405
0,0,0.0053757876
0,0,0.018664576
0,0,0.0011067137
0,0,0.049551304
0,0,0.1668424
0,0,0.103456624
0,0,0.0046014753
0,0,0.025082879
1,1,0.64509857
0,0,0.405573
1,1,0.50111014
0,1,0.54571104
0,0,0.21667609
0,0,0.07947046
0,0,0.23318401
0,1,0.6130985
1,1,0.6694302
0,0,0.020625597
0,0,0.12549168
0,0,0.0044635716
0,0,0.19831154
0,0,0.28187883
1,1,0.79672736
0,0,0.0010160292
0,0,0.17574912
0,0,0.24290928
1,0,0.32517344
0,1,0.5396839
0,0,0.038771164
0,0,0.025151698
0,0,0.03198999
0,0,0.0020563633
0,0,0.081131294
0,1,0.76702183
1,1,0.9451908
0,0,0.081348106
0,0,0.02261374
0,0,0.060711417
0,0,0.17156614
0,0,0.07659864
0,1,0.5392398
0,0,0.32615912
0,0,0.0007456313
0,0,0.4125895
1,0,0.48120373
0,0,5.8955848e-05
0,0,0.029894318
0,0,0.10216444
0,0,0.009465364
0,0,0.022849258
0,0,0.15569583
0,0,0.070288114
0,0,0.0069168094
1,1,0.5845417
0,0,0.19592734
0,0,0.09068169
0,1,0.6799192
0,0,0.036769528
1,1,0.84634453
0,0,0.014869851
0,0,0.17952594
0,0,2.75478e-05
0,0,0.00279879
0,0,0.07875175
0,0,0.11995655
0,0,0.15213238
0,1,0.5430262
0,0,0.003428569
0,0,0.47464198
0,0,0.32679045
0,0,0.11524301
0,0,0.0002719261
1,1,0.5876353
0,0,0.06699894
0,1,0.51437485
0,0,0.059907798
0,0,0.005743759
0,0,0.121554986
0,0,0.050501704
0,0,0.029592536
0,0,0.42302355
0,0,0.42435804
0,0,0.036642153
0,0,0.13193767
0,0,0.21478829
0,0,0.35298607
0,0,0.24421814
0,0,0.013739651
0,0,0.03299592
1,1,0.7734212
0,0,0.005173709
0,0,0.37385494
1,1,0.56582874
0,0,0.0061175805
0,1,0.7033872
0,0,0.092536926
0,0,0.11619008
0,0,0.21011156
0,0,0.49844322
0,0,0.08343813
0,0,0.0001959968
1,0,0.24294722
0,0,0.49230516
0,1,0.8206089
0,0,0.02264685
0,0,0.00021130915
0,0,0.1372479
0,0,0.009289711
0,1,0.5951812
0,0,0.012071219
0,0,0.036673207
0,0,0.14396292
0,0,0.11696899
0,0,0.00840253
0,0,0.028057385
0,1,0.69545496
0,0,0.08251359
1,1,0.7314047
0,0,0.03905989
0,0,0.0042355596
0,0,0.39578643
0,0,0.007993872
0,0,0.032114733
0,0,0.046163473
0,0,0.47246072
0,0,0.21875578
0,1,0.7334963
0,0,0.05100895
0,0,0.40720853
1,1,0.613425
0,1,0.57951736
0,0,0.10584357
0,1,0.65921974
0,0,0.2848362
0,0,0.027060915
0,0,0.43831488
0,0,0.025083298
0,0,0.20650455
0,0,0.113846116
0,1,0.5771157
0,0,0.23568335
0,0,0.007855109
0,0,0.004501144
0,0,0.13229953
1,0,0.3530232
0,0,0.0036358899
0,1,0.6576259
0,0,0.122393675
0,0,0.039693043
0,0,0.27988568
0,0,0.15211537
0,0,0.073959276
1,1,0.6784258
0,0,0.25404555
0,0,0.25972742
1,1,0.76164186
0,0,0.26421332
0,0,0.025903149
0,0,0.19833468
0,0,0.000356099
0,0,0.491811
0,0,0.06446791
0,0,0.10688808
0,0,0.018298768
0,0,0.35945776
0,0,0.09048735
0,1,0.5213138
0,0,0.2197383
0,0,0.028603315
0,1,0.83593476
1,1,0.58139896
1,1,0.7644787
0,0,0.0011344808
0,0,0.055794306
0,0,0.41214022
0,0,0.04284628
1,1,0.7415055
0,0,0.0022432778
0,0,0.1275667
0,0,0.0042119483
0,0,0.29358405
0,0,0.17335428
0,0,0.051327873
0,0,0.48835242
0,0,0.00017147716
0,0,0.28840145
0,0,0.08677274
0,0,0.23137334
0,0,0.28030798
0,0,0.20333745
0,1,0.669742
0,0,0.13216451
0,0,0.3831346
0,1,0.6723649
0,0,0.32592803
0,0,0.20057373
1,1,0.8220229
0,0,0.015352333
1,0,0.4560945
0,0,0.15523398
0,0,0.4704373
1,1,0.7877943
0,0,0.22427097
0,0,0.12722525
0,0,0.009643047
0,0,0.0364676
0,0,0.3299551
0,0,0.15299188
0,0,0.0041078767
0,1,0.65130633
0,0,0.028806476
0,0,0.036174577
0,0,0.11938512
0,0,0.004160015
0,0,0.22510587
0,0,0.008835939
0,1,0.7241772
0,0,0.14611754
0,1,0.61720514
0,0,0.39638838
0,0,0.04968087
0,0,0.3198191
0,0,0.00078549224
0,0,0.12712224
0,0,0.02560746
0,0,0.18422715
0,0,0.014903781
1,1,0.62224054
0,0,0.12502253
0,0,0.23049629
0,0,3.4164757e-05
0,0,0.033107545
0,0,0.35747835
1,1,0.79987514
0,0,0.012809571
0,0,0.00782328
0,0,0.2667296
0,0,0.2541279
1,1,0.500039
0,0,0.2701248
0,0,0.11061178
0,1,0.77028674
0,0,0.035117984
0,0,0.006128663
0,0,0.19740708
0,0,0.001215128
0,0,0.0154132815
0,0,0.24065109
0,1,0.50870556
0,0,0.394193
0,0,0.10510722
0,0,0.01119757
0,1,0.550131
1,1,0.6580823
0,0,0.012837815
0,0,0.025330294
0,0,0.0019172555
0,0,0.017307522
0,0,0.37683854
0,0,0.31811154
0,0,0.3894119
0,1,0.616493
0,0,0.3226123
0,0,0.01420229
0,0,0.17549822
0,0,0.0042163087
0,0,0.33234558
1,1,0.7365485
0,0,0.034061857
0,0,0.082914785
0,0,0.28258914
0,0,7.066427e-05
0,0,0.02051141
0,0,0.4856135
1,1,0.74914473
0,0,0.0037727833
0,1,0.5351528
0,1,0.50922
0,0,0.09770222
0,0,0.011942359
0,0,0.3196441
0,1,0.89407444
0,0,0.007725407
0,0,0.0641068
0,0,0.010593454
0,1,0.75146586
0,0,0.00014700614
0,0,0.29445803
0,0,0.0032349005
0,0,0.14481615
0,0,0.105812706
0,0,0.0013460713
0,0,9.4609655e-05
0,0,0.14479505
0,0,0.17868967
0,1,0.7015349
0,0,0.015762122
1,0,0.0996846
0,0,0.043172255
0,1,0.62227964
0,0,0.0010545613
0,0,0.22921127
0,0,0.32855994
0,0,0.44949728
0,0,0.013728549
0,0,0.02906723
0,0,0.04275178
0,0,0.04759242
0,0,0.21969517
0,0,0.1832227
0,1,0.5563228
0,0,0.03457941
0,1,0.55852145
0,0,0.023903282
1,0,0.37234637
0,0,0.1731535
0,0,0.028232738
0,1,0.6348594
0,0,0.4155079
0,0,0.010011855
0,0,0.069120474
0,0,0.36004907
0,0,0.1962101
0,0,0.4238241
0,0,0.028681753
0,1,0.52619576
0,0,0.005318702
0,1,0.5113929
0,0,0.08032829
0,0,0.06896102
0,0,0.03828593
0,1,0.7203396
0,0,0.34425196
0,0,0.0389191
0,0,0.04726066
0,0,0.017566742
0,0,0.027294429
0,0,0.03478683
0,0,0.00036746953
0,0,0.21624386
0,0,0.15920217
0,0,0.05532376
0,0,0.23732771
0,0,0.10041026
0,0,0.15729764
0,0,0.0042950567
0,0,6.424794e-05
0,0,0.28038085
0,0,0.043615006
0,1,0.59355295
0,1,0.64373696
0,0,7.809137e-05
0,0,0.10428555
0,0,0.037640087
0,0,0.4890712
0,0,0.16064835
0,0,0.08744198
1,1,0.86088693
1,0,0.4432207
0,0,0.011232469
0,0,0.35605508
0,0,0.04458184
0,0,0.01886347
0,0,0.01358608
0,0,0.0029922726
0,0,0.006860638
0,0,0.0017027833
0,0,0.034053434
0,0,0.27870557
0,0,0.4067121
0,0,0.08221198
0,1,0.5178136
0,0,0.19229043
0,1,0.7985323
0,0,0.16769119
0,0,0.18261528
0,1,0.61566204
0,0,0.027576828
0,0,0.012814964
0,0,0.057973117
0,0,0.050917666
0,0,0.008386396
0,0,0.021561066
0,1,0.5963503
0,0,0.0008986104
0,1,0.5911044
0,1,0.56548285
0,0,0.46402445
0,0,0.0002165329
0,0,0.030124212
0,0,0.06204709
0,0,0.43338415
0,1,0.73294693
0,1,0.61986625
0,0,0.012934553
0,0,0.22848143
0,0,9.6475385e-05
0,1,0.60067177
0,0,0.016347617
0,0,0.2269531
0,0,0.11635584
0,0,0.016825404
0,0,0.0001279201
0,1,0.6530338
0,1,0.50523156
0,0,0.1063778
0,0,0.047479834
0,0,0.031987045
0,0,0.00028559798
0,0,0.03220908
0,0,0.09743708
0,0,0.028157067
0,0,0.09640069
0,0,0.0007618466
1,1,0.90930283
1,0,0.2093222
0,0,0.0019901101
0,0,0.43980202
0,0,0.03606953
0,0,0.033533417
0,0,0.013272345
0,0,0.44893935
0,0,0.13770507
0,0,0.039984174
0,0,0.47673425
1,0,0.37636372
0,0,0.45943496
0,1,0.74825776
0,0,0.0073863612
0,0,0.09365274
0,1,0.66266215
0,0,0.0004601164
0,0,0.29030558
0,0,0.29241905
0,0,0.15069334
0,0,0.0061339596
0,0,0.30915964
1,1,0.5000341
0,0,0.016303021
0,0,0.008766706
0,0,0.0667532
0,0,0.06351387
1,1,0.75448
1,0,0.23510651
0,0,0.027733961
0,0,0.096711226
0,1,0.5985155
0,0,9.6475385e-05
0,0,0.4328463
0,0,0.0019418169
0,0,0.20325328
0,0,7.01772e-05
0,0,0.064578615
0,1,0.6678659
1,0,0.12217359
0,0,0.19847083
0,1,0.55702186
0,0,0.10769874
0,0,0.035128705
1,1,0.7180594
0,0,0.26443022
1,1,0.794129
0,0,0.0013977175
0,1,0.7720274
0,0,0.43138126
0,0,0.27920833
0,0,0.2210042
0,0,0.008823732
0,0,0.10448691
0,1,0.532988
1,1,0.89223814
0,0,0.00023932288
0,0,0.10948847
1,1,0.5908648
0,0,0.16505444
0,0,0.0068638753
0,0,0.04626311
0,1,0.5456897
0,0,0.03424319
0,0,0.002140745
0,0,0.26091734
0,1,0.5970753
0,1,0.5590353
0,0,0.33005136
0,1,0.61901575
1,1,0.50666106
0,0,0.0026619872
0,0,0.26275656
0,0,0.05607148
0,0,0.13794048
0,0,0.02149198
0,0,0.028066047
1,1,0.5244899
0,1,0.55706936
0,0,0.074157424
0,0,0.13364053
0,0,0.2630769
0,0,0.004227521
0,0,0.29812425
0,0,0.010121106
0,0,0.4233522
0,0,0.00011812188
0,1,0.83701015
0,0,0.0074329483
0,0,0.32991767
0,0,0.01829198
0,0,0.048709977
0,0,0.027481452
0,0,0.22841498
0,0,0.10089558
0,0,0.12300005
0,0,0.44591346
0,0,0.08199735
0,0,0.20515369
0,0,0.45533493
0,0,0.15086494
0,0,0.06138587
0,1,0.65695244
0,0,0.09920332
0,0,0.14417072
0,0,0.035000008
0,0,0.08158447
0,0,0.11785225
0,0,0.0063562905
0,0,8.426046e-05
0,0,0.4272715
0,0,0.40074846
0,0,0.006616988
0,0,0.045363173
0,1,0.5051556
1,1,0.5186762
0,0,0.07112975
0,0,0.35185474
0,0,0.15731947
0,0,0.10797624
1,1,0.57920545
0,0,0.22003876
0,0,0.0058510504
0,0,0.025279716
0,0,0.02483314
1,0,0.01630094
0,1,0.5938725
1,1,0.61916506
0,1,0.6686692
0,0,0.091659866
0,1,0.5208619
0,0,0.17497712
0,0,0.021028157
0,0,0.36691734
0,0,0.0016146256
0,1,0.6355621
0,0,0.00020044264
0,0,0.26599964
0,0,0.0087353205
0,0,0.04088744
0,0,0.025494197
0,0,8.8768786e-05
0,0,0.45392787
0,0,0.012579967
0,0,0.013897993
0,0,0.0022065677
0,0,3.7403195e-05
0,0,0.05039936
0,1,0.7573222
0,0,0.015045921
0,1,0.5074881
0,0,0.05304109
0,1,0.84270716
0,0,0.061932284
0,0,0.30310673
0,0,0.066667415
0,0,0.00071472954
0,0,0.026489012
0,0,0.002342058
0,0,0.024291124
0,0,0.009362818
0,0,0.001975007
0,0,0.07379393
0,0,0.12434671
0,1,0.5423257
0,0,0.14671837
0,0,0.040230907
0,0,0.09083983
0,1,0.8058467
0,0,0.1203256
0,0,0.31136855
0,0,0.47014937
0,0,0.00952666
0,0,0.016504824
0,0,0.07844314
0,1,0.7267501
0,0,0.10882038
0,1,0.56516075
0,0,0.0058234534
0,0,0.07016897
1,0,0.41229242
0,0,5.7531703e-05
0,0,0.21629618
0,0,0.20658244
0,0,0.012111055
0,0,0.44221237
0,0,0.4844688
0,0,0.00011812188
0,1,0.69495124
1,0,0.039069742
0,0,0.040275183
0,0,0.03516226
0,1,0.50544065
0,0,0.31119034
0,0,0.0008937722
0,0,0.3211992
0,0,0.24078825
0,0,0.022266427
0,0,0.056644235
0,0,0.36105546
0,0,0.043066796
0,0,0.16360049
0,1,0.60136294
1,1,0.8457451
0,0,0.38237906
0,0,0.07472063
1,1,0.63091284
0,0,0.42683843
0,1,0.64685786
0,0,0.124890245
0,0,9.6475385e-05
0,0,0.43463978
0,0,0.3056883
0,0,0.34223565
0,0,0.065760985
0,0,0.00533061
0,0,0.0019985912
0,0,0.3983902
0,0,0.26731646
0,0,0.14053334
0,0,0.31028098
0,0,0.012670525
1,0,0.21541168
0,0,0.47206354
0,0,0.0076102153
0,0,0.37115803
0,0,0.49751675
0,0,0.12631351
0,0,0.047542732
1,1,0.6727814
0,0,0.4459424
0,0,0.0027793306
0,0,0.08044866
0,0,0.03845918
0,0,0.4046728
0,0,0.0018952226
1,0,0.3350279
0,0,0.2219742
0,0,0.1185458
0,0,7.024589e-05
0,0,0.005130761
0,0,0.49479756
0,0,0.025962897
0,0,0.06503807
0,0,0.056017056
0,1,0.5334116
0,0,0.009658455
0,0,0.042329982
0,1,0.5347349
0,0,0.18724482
0,0,0.17864794
0,0,0.23180579
0,0,0.020749507
0,0,2.0261621e-05
0,0,0.013887737
0,0,0.38786474
0,0,0.03709625
0,0,0.47562933
0,0,0.48289162
0,1,0.7544124
0,0,0.40624893
0,0,0.052794725
0,0,0.0021656766
0,0,0.076096416
0,0,0.018004667
0,0,0.4898186
0,0,0.38280088
0,1,0.7567741
0,0,0.019519662
0,1,0.5329526
0,0,0.432607
0,1,0.56363463
0,0,0.011129158
0,0,0.34604135
0,0,0.171237
0,0,0.083947405
0,0,0.006390192
0,0,0.09380454
0,0,0.01795837
0,0,0.07650504
1,0,0.24102885
0,0,0.054745726
0,0,0.0447108
0,0,0.02138192
0,0,0.12947415
0,0,0.052440293
0,0,1.2585299e-05
1,1,0.8427984
0,0,0.039115813
0,0,0.09958059
0,0,0.0051506213
1,1,0.5706221
0,0,0.033235334
0,0,0.12730375
0,1,0.73005426
1,0,0.4217865
0,1,0.62899417
0,0,0.007643982
0,0,0.037981138
1,0,0.1800734
0,0,0.3107638
0,0,0.3799907
0,0,0.48074457
0,0,0.002995159
0,0,0.28322175
0,0,0.1199455
0,0,0.04799346
0,0,0.47948593
0,0,0.16393882
0,0,0.0045648287
0,1,0.78839713
0,1,0.7797316
0,0,0.33202207
0,0,0.04892259
0,0,0.43502393
0,0,0.007135749
0,0,0.058393095
0,0,0.017945357
0,0,0.032307096
0,0,0.3583728
0,0,0.00900408
0,0,0.27053326
0,0,0.17332055
0,1,0.5505709
0,0,0.0008431334
1,0,0.10912441
0,0,7.4174146e-05
0,0,0.07043703
0,0,0.03283551
0,0,0.12184919
1,1,0.65361387
0,0,0.07575495
0,0,0.09581249
0,0,0.047130957
0,0,0.060869657
0,0,0.040051565
0,0,0.010862088
0,0,0.34552872
1,1,0.5185178
0,0,0.0035963869
0,1,0.6846971
0,0,0.47793195
0,0,0.014409209
1,1,0.67349434
0,0,0.30580094
1,0,0.43648773
1,1,0.59148383
0,1,0.503544
0,1,0.8336374
0,0,0.20062739
0,0,0.024889046
0,0,0.21603745
0,0,0.23342195
0,0,0.20246138
0,0,0.013047062
0,0,0.01868064
0,0,0.096462004
0,0,0.41405153
0,0,0.0765486
0,0,0.369169
0,0,0.028719265
0,0,0.015794054
0,1,0.685539
0,0,0.2910072
0,0,0.013420878
0,0,0.0131243905
0,0,0.020396689
0,0,0.2980813
0,0,0.14824632
0,0,0.13960196
0,0,0.0036233964
0,0,0.45546407
0,0,0.035099287
0,0,0.18810321
0,0,2.1538512e-05
0,0,0.030123957
0,0,0.21111268
0,0,0.007827812
0,0,0.095202714
0,0,0.05249112
0,0,0.030864676
0,0,0.0008025852
0,0,0.073655605
0,0,0.0006522394
0,0,0.3180755
0,0,0.010578735
0,0,0.15184774
0,0,0.2396945
0,0,0.091786675
0,0,0.15080148
0,0,0.0048928154
0,0,0.20353124
1,1,0.5123335
0,0,0.060969096
0,0,0.017886661
0,0,0.22829434
0,0,0.036666695
0,1,0.9311132
0,0,0.014814525
0,0,0.20164408
0,0,0.0020292732
0,0,0.00010694802
0,1,0.8289011
0,0,0.031161286
0,0,0.04131144
0,0,0.01216456
0,0,0.05785287
0,0,0.0029408322
0,0,0.038456608
0,0,7.4174146e-05
0,0,0.16174112
1,0,0.07195551
0,0,0.00092610816
0,0,1.8938652e-05
0,0,0.2603602
0,0,0.312586
0,1,0.7527904
0,1,0.6632867
0,0,0.2322499
1,1,0.6792543
0,1,0.62359935
1,1,0.72908324
0,0,0.0063134735
0,0,0.03210907
0,0,0.013330265
0,0,0.06413296
0,0,0.018677143
0,0,0.14788386
1,1,0.51709265
0,1,0.7378997
0,0,0.3603253
0,0,0.033794466
0,0,0.06584125
0,0,0.00011812188
0,0,0.08515532
0,0,0.09529966
0,0,0.25053906
0,1,0.64319116
0,0,0.055891164
0,0,0.027671538
0,1,0.5701598
0,0,0.030865185
0,1,0.7234351
0,0,0.31377786
1,1,0.83362234
1,1,0.8255437
0,1,0.550198
0,0,0.014489035
0,0,0.4306204
0,0,0.19060443
0,0,0.100712575
0,1,0.751304
0,0,0.024409465
0,0,0.24296603
0,0,0.035088852
0,0,0.0010921224
0,0,0.14673485
0,0,0.28534046
0,0,0.16280629
0,0,0.05596487
0,0,0.05119881
0,0,0.4717982
0,0,0.41219175
0,0,0.0054839174
0,0,0.13039729
0,0,0.051609293
0,0,0.0017712039
0,0,2.4177429e-05
1,0,0.15327434
0,0,0.009710961
0,0,0.07551104
0,0,0.0637178
0,0,0.009993637
0,0,0.02435081
0,0,0.00034079613
0,0,0.19074959
0,0,8.416329e-05
0,0,0.0038245907
0,0,0.11035053
0,0,0.00054252124
0,0,0.10641498
0,0,0.014877935
0,0,0.0692463
0,0,0.013223039
0,0,0.09535098
0,0,0.002265042
0,0,0.36383685
0,0,0.010652335
0,0,0.04776756
1,1,0.6439845
0,0,0.052603018
0,1,0.5759802
1,1,0.57164985
1,1,0.7089808
0,0,0.17607911
0,0,0.026305921
0,0,0.063219
0,0,0.429051
0,0,0.032361217
0,0,0.007210652
0,0,0.03962194
0,0,3.7403195e-05
0,0,0.0121165505
0,0,0.15235263
0,0,0.19122495
0,0,0.13311271
0,0,0.25099096
0,0,0.40455434
1,1,0.9035339
0,0,0.015782317
0,0,0.024659952
0,0,0.34252554
0,0,0.22785467
0,0,0.18373322
0,1,0.8719748
1,1,0.9218944
0,0,0.073356815
0,1,0.8508393
0,0,0.060749587
0,0,0.031893954
0,0,0.0549453
0,0,0.00043954578
0,0,0.38319978
0,0,0.25506565
0,0,0.4106683
0,0,0.018843517
0,0,0.0031345082
1,1,0.5083361
0,0,0.0071194535
0,0,0.28854105
0,1,0.5253945
1,0,0.06912109
0,0,0.262637
0,0,0.0004660362
0,0,0.21357876
0,0,0.0001769323
0,0,4.550202e-05
0,0,0.016512543
0,0,0.022818584
0,0,0.016644454
1,1,0.64148843
0,0,0.3862631
0,0,0.051292
0,0,0.12099907
0,1,0.599488
0,0,0.07766538
0,0,0.090974525
0,1,0.55657625
0,0,0.21855412
0,0,9.4609655e-05
0,0,0.4604468
0,0,0.09725423
0,0,0.37818044
0,0,0.034333173
0,0,0.072269455
0,0,0.0100249695
1,1,0.60459006
0,0,0.47307155
0,0,0.25631878
0,0,0.09911785
0,0,0.21305531
0,0,0.05742799
1,1,0.53147393
0,0,0.47055867
0,0,0.07973134
0,0,0.015869644
0,0,0.17340657
0,1,0.71757287
0,0,0.0024778778
0,1,0.62091607
0,0,0.0107147945
0,0,0.4934762
0,0,0.11671721
0,0,0.15571637
0,0,0.12268389
0,0,0.10725279
0,0,0.31928465
0,0,0.052212447
0,0,7.957468e-05
0,0,0.01269769
0,0,0.110231705
0,0,0.05114973
0,0,0.30403793
0,0,0.11514539
0,0,0.00989008
0,0,0.0017602794
1,0,0.022700503
0,0,0.3291118
0,0,0.24909846
1,1,0.7201473
0,0,0.19431446
0,0,0.3756096
0,0,0.31730345
0,0,0.30262893
0,0,0.48280492
0,0,0.037177823
0,0,0.44415843
0,0,0.43948898
0,0,4.2629574e-05
0,0,0.0407538
0,0,0.0059151165
1,0,0.35184512
0,0,0.08725069
0,0,0.112891406
1,1,0.8598748
0,0,0.03713786
0,0,0.39790282
0,0,0.000364071
0,0,0.0020626187
1,0,0.16375563
0,1,0.68420595
0,0,0.24821007
0,1,0.88303924
0,0,0.01192612
0,0,0.27012697
0,0,0.4381219
0,0,0.31479055
1,1,0.815117
0,0,3.465401e-05
0,0,0.40171832
0,0,0.0039917664
0,0,0.204335
0,1,0.9254132
0,0,0.30327573
0,1,0.8744183
0,1,0.63369
0,0,0.01209622
0,0,0.17222182
0,0,0.002120741
0,0,0.33540928
0,0,0.3199064
0,0,5.7239096e-05
0,0,0.14150994
0,0,0.03228816
1,1,0.88139963
0,0,0.038934894
0,0,0.2712915
0,0,0.037844796
0,0,0.018745681
0,0,0.45651564
0,0,0.49223095
0,1,0.77763426
0,0,0.20168313
1,1,0.55185014
0,0,0.14343643
0,0,0.0521044
0,1,0.7891988
0,0,0.04186272
0,1,0.91440195
0,0,0.035501715
0,0,0.23276517
0,1,0.6006528
1,0,0.1835241
0,0,0.042013276
1,0,0.20980324
0,0,0.014487531
0,0,0.00058946497
0,0,0.026089057
0,1,0.55797637
0,0,0.020557959
0,1,0.6087268
0,0,0.06298465
0,0,0.10145631
0,0,0.16355327
0,0,0.0009824357
0,0,0.14879532
0,0,0.23643729
0,0,0.45129254
0,0,0.080862254
0,0,0.020074496
0,1,0.67040956
0,1,0.6723653
0,0,0.019915307
0,0,0.14573215
0,0,0.040323503
0,0,0.20727567
0,0,0.051952906
0,0,0.039418906
0,0,0.01635255
0,0,0.0730146
0,0,0.040470306
0,0,0.06763104
0,0,0.0073881266
0,0,0.015420554
1,0,0.080150075
0,0,0.4349152
0,0,0.048756104
0,0,0.11940367
0,0,0.015856452
0,0,0.0042163087
0,0,0.43008626
0,0,0.005024701
0,0,0.0012397552
1,0,0.40664232
0,0,0.01362072
0,0,0.27797836
0,0,7.132638e-05
0,1,0.6680148
0,0,0.027926879
1,1,0.55917823
0,0,2.9946932e-05
0,0,0.06640825
0,0,0.00013586807
0,0,0.09752927
0,0,0.0014993636
0,0,0.0151321
0,0,0.00020968626
0,0,0.35258314
0,0,0.015065006
0,0,0.2638517
0,0,0.0076548406
0,0,0.20316724
0,0,0.07974964
0,1,0.56427425
0,1,0.6692631
1,0,0.45633474
0,0,0.117850445
1,1,0.9079191
0,1,0.5483492
0,0,0.100078575
0,0,0.009486417
0,1,0.80030364
0,0,0.20512335
1,0,0.2276729
0,1,0.6218424
0,0,0.025998753
1,0,0.049505565
0,0,0.28895354
0,0,0.022054844
0,0,0.39591607
0,0,0.08882117
0,0,0.00018968758
0,0,0.0008686416
0,0,0.050447736
1,1,0.7247276
1,1,0.68913525
1,0,0.47416288
0,1,0.6196554
0,0,0.044904377
0,0,0.05006946
1,1,0.6956347
0,1,0.6957076
0,0,0.045554817
0,0,0.00082101254
0,0,0.46753904
0,0,0.41374922
0,0,0.46275848
1,1,0.7971205
0,0,0.028951412
0,0,0.09374567
0,0,0.0011724622
0,1,0.8418491
0,1,0.5484112
0,0,7.024589e-05
0,0,0.41591954
0,0,0.34226418
0,0,0.013587397
0,0,0.1643201
0,1,0.75900894
0,0,0.012379487
0,0,0.1908288
0,1,0.6402848
0,0,0.1680283
0,0,0.06684459
0,0,0.23297666
0,0,0.015664848
0,0,0.1386923
0,0,0.24927731
0,0,0.0003867919
0,0,0.40291777
0,0,0.056194086
0,1,0.64752036
0,0,0.00098203
0,0,0.08037192
0,0,0.007478634
0,0,0.1939843
0,0,0.04189336
0,0,0.004565732
0,1,0.5800872
0,0,0.0098293265
1,1,0.60694283
0,0,0.26018
0,0,0.012836305
0,0,0.20624752
0,0,0.0059166388
0,0,0.24902534
0,0,0.089138314
0,0,0.25758505
0,0,0.13371183
1,1,0.60170764
0,1,0.8467588
0,0,0.039157335
0,0,0.4664484
0,0,0.019609245
0,1,0.75891393
0,1,0.70097977
0,0,0.010173499
0,0,0.4063767
0,0,0.4834132
0,0,0.26623598
0,0,0.0065157297
0,0,0.0002719261
0,0,0.045349084
0,0,0.36598915
0,0,0.0054596914
0,0,0.15228537
0,0,0.021091718
0,0,0.42245212
0,0,0.2273828
0,0,0.26714525
1,1,0.9511975
0,0,0.24637328
0,0,0.016947001
0,1,0.5003888
0,0,0.21909548
0,0,0.0056349123
0,0,0.18159564
0,0,0.00032842017
0,1,0.7041021
0,0,0.13799578
0,0,0.110668644
0,1,0.5176269
0,0,0.11609607
0,0,0.11867398
0,0,0.0045970744
0,1,0.72775114
0,0,0.16195749
0,0,0.08345481
0,0,0.060679615
0,0,0.19337787
0,0,0.013887359
0,0,0.08897076
0,0,0.36985943
0,0,0.49997628
0,0,0.027512085
0,0,9.527771e-05
0,0,0.15402345
0,0,0.030738376
0,0,0.008546092
0,0,0.069133826
0,0,0.05105442
0,0,0.22193202
0,0,0.002346413
0,1,0.6304122
0,0,0.000544888
0,0,0.013969142
1,1,0.79057235
0,0,3.7146587e-05
0,0,0.03577706
0,0,0.03682889
0,0,0.08135435
0,0,0.018145714
0,0,0.068298034
0,1,0.74974895
0,1,0.53703797
0,0,0.3829815
0,0,0.07075631
0,0,0.07038588
1,0,0.3214033
0,0,0.022332162
0,0,0.3994637
0,0,0.0733392
0,1,0.5801441
0,0,0.044702776
1,0,0.3979645
0,1,0.6036475
0,0,0.040748723
0,0,0.17363045
0,0,0.343573
0,0,0.013289235
1,0,0.14678085
0,0,0.21899095
0,1,0.542117
0,1,0.71446127
0,1,0.6105655
1,1,0.87240374
0,0,0.38837767
0,0,0.13352208
0,0,0.042536747
0,1,0.77001953
0,0,0.12098846
0,0,0.079088874
0,0,0.4618492
0,0,0.35328007
0,0,0.19307485
0,0,0.29831928
0,0,0.10444652
0,0,0.21347162
0,0,0.2764506
0,1,0.54966253
0,0,0.16743423
0,0,0.2892803
0,1,0.6993617
0,0,2.1538512e-05
1,1,0.7773897
0,0,0.35804427
0,0,0.062087636
0,0,0.012450586
0,0,0.49313414
0,0,0.006520841
0,0,0.094647914
1,1,0.5168719
0,0,0.45297956
0,0,0.018596139
0,0,0.21635978
1,1,0.813404
0,0,0.3314589
0,0,0.15721905
0,0,0.2238063
1,1,0.70259327
1,1,0.6161905
0,0,0.21052456
1,1,0.5083397
0,0,0.018735781
0,0,0.02113586
0,0,0.2936621
0,0,0.47168303
0,0,0.21528241
0,0,0.0007395303
1,1,0.7622791
0,0,0.26591042
0,0,0.00031121224
0,0,0.0033415314
0,0,0.044489805
1,1,0.857137
0,0,0.06855434
0,0,0.15107906
0,0,0.00050320296
0,0,0.20501378
0,0,0.13133775
0,0,0.43204543
0,0,0.06596263
1,1,0.83281183
0,0,0.0015873762
0,0,0.021942317
0,0,2.8886165e-05
0,0,0.2952124
0,0,0.17940569
0,0,0.29308084
0,0,0.324741
0,0,0.0025583096
0,0,0.37842858
0,0,0.3295809
0,0,0.022354588
0,1,0.75328666
0,0,0.017072374
0,0,0.016258186
0,0,0.25778544
0,0,0.0071374243
0,0,0.067484654
0,0,0.21653005
0,1,0.54884243
0,0,0.014845283
0,0,0.2095013
0,0,0.29908818
0,0,0.11557962
1,0,0.20795152
0,1,0.54721034
0,0,0.19238575
0,0,0.02251262
0,0,0.015382427
0,0,0.21204327
0,0,0.17267847
0,0,0.00040731658
0,0,0.26679146
1,1,0.7113281
0,0,0.020475425
0,1,0.5369847
0,0,0.05250527
0,0,0.10215764
0,0,0.39488494
0,0,0.3353198
0,0,0.46628878
0,0,0.051367044
1,1,0.8210869
0,0,0.3037729
0,0,0.021585554
0,0,0.2586906
0,0,0.00040147646
0,0,0.20487587
0,0,0.4170996
0,0,0.026489748
0,0,0.017268976
1,1,0.8813245
0,0,0.20287235
0,0,0.40526244
0,0,0.0030967675
0,0,0.031363912
0,0,0.0121832015
0,0,0.02688094
0,0,0.23944569
0,0,0.103575274
0,0,0.16626155
0,1,0.7257981
0,0,0.05165879
0,0,0.36915275
0,0,0.0011002021
0,0,0.0057943296
1,0,0.050871946
0,0,0.0024176214
0,1,0.6072365
0,0,0.0011322421
0,0,0.00901195
0,0,0.38985473
0,0,0.31081414
0,0,0.24815805
0,0,0.19058618
0,0,0.020696316
0,1,0.64537674
0,1,0.54002607
0,0,0.14155048
0,0,0.25710866
0,0,0.00025257946
0,0,0.0036339904
0,0,0.021393133
0,0,0.1568666
0,0,0.17942812
0,0,0.024683606
0,1,0.5005383
0,1,0.65882194
0,0,0.018674864
0,0,0.024760699
0,0,0.26425073
0,0,0.03077814
0,0,0.0091701895
0,0,0.03123047
0,0,0.05607013
1,1,0.574708
0,0,0.412117
0,0,0.026824227
0,1,0.70432454
0,0,0.00031221283
0,0,0.20989865
0,0,3.18264e-05
0,0,0.009388713
0,1,0.5942492
0,0,0.11785039
0,0,0.38841578
0,1,0.63366354
0,0,0.12660258
0,0,0.4571485
0,0,0.123108886
0,0,0.07904757
0,0,0.39170262
0,0,0.014135599
0,0,0.03827329
1,0,0.21854879
0,0,0.07430815
0,0,0.119928345
0,0,0.19234283
0,0,0.10155259
0,0,0.009006386
0,0,0.19055563
0,0,0.0207735
0,1,0.9134162
0,0,0.23746793
0,0,0.007719462
0,1,0.67772484
0,0,0.065332234
0,0,0.22729164
1,1,0.61695856
1,0,0.47565776
0,0,0.19869947
0,0,0.007688677
0,0,0.37216467
0,0,0.2449247
0,1,0.5787316
0,1,0.5590165
0,0,0.015109966
0,0,0.006732992
0,0,0.20766899
0,0,0.027796106
1,1,0.733219
0,0,0.092241384
0,0,0.008444253
0,0,0.12794745
0,0,0.009892327
0,0,0.0002719261
0,0,0.00080053584
0,0,0.28722563
0,1,0.5676417
0,1,0.5569345
0,0,0.4173089
0,0,0.37215188
0,0,0.14556432
0,0,0.16183156
0,0,0.022220537
0,1,0.5255065
0,1,0.51196796
0,0,0.17417729
0,0,0.01676354
0,1,0.6578908
0,0,0.39529243
0,0,0.025732977
0,0,0.030004105
0,0,0.00013182056
0,0,0.04614435
1,1,0.6232586
0,0,0.01819318
0,0,0.17353696
1,1,0.82351184
0,1,0.52564806
0,0,0.3576008
0,0,0.015513855
0,0,0.03967892
0,0,0.035148136
0,0,0.28773713
0,0,0.3399895
0,0,0.07869569
0,0,0.15283738
0,0,0.15228446
0,0,0.41106284
1,0,0.036741376
0,0,0.05489883
1,1,0.7223397
0,0,0.15466523
0,0,0.032673158
0,0,0.3191303
0,0,0.013494415
0,0,0.007976369
0,0,0.4437079
1,1,0.8263914
0,0,0.0023500368
0,0,0.20961843
0,0,0.11845399
0,0,0.43909216
0,0,0.014950934
0,0,0.0011002021
1,1,0.7526784
0,0,0.21661596
0,1,0.7035008
0,1,0.55958474
0,0,0.23795573
0,0,0.37410164
0,0,0.020307323
0,0,0.3931044
0,0,0.15812631
0,0,0.49019483
0,0,0.027963988
0,1,0.5446771
0,0,0.10033874
0,0,0.066813394
0,0,0.12955987
0,0,0.033843484
0,0,0.12203051
0,1,0.90277106
0,0,0.0057980334
0,0,0.022175666
0,0,0.06093107
0,0,0.19195285
0,0,0.0019161655
0,0,0.28978163
0,0,0.0010761218
0,0,0.35822007
0,0,0.028778309
0,0,0.010741505
0,0,0.034074064
0,0,0.2605867
0,1,0.592104
0,0,0.28259733
0,0,0.451348
0,0,0.2162771
0,0,0.14512396
0,0,0.29166907
0,0,0.008344305
1,1,0.9178151
0,1,0.51274526
0,0,0.000109030945
1,0,0.48480454
0,1,0.63987184
1,1,0.7875137
0,0,0.16016604
0,0,0.0017224597
0,0,0.1874615
0,1,0.58438766
0,0,0.06898975
0,0,0.12224992
0,1,0.6296916
1,0,0.47206354
0,0,0.030796934
0,0,0.12835862
0,1,0.67414945
0,0,0.14656973
0,0,0.26994318
0,0,0.0039340635
0,0,0.13160938
1,1,0.7006192
0,0,0.3524285
0,0,0.22457954
0,0,0.23463877
0,1,0.7791593
0,0,0.116115846
0,0,0.25949982
0,0,0.2711881
0,0,0.47902718
0,1,0.6771177
0,0,0.014137413
0,0,0.0058708466
0,0,0.019104654
0,1,0.50271446
0,0,0.016186029
0,1,0.5593234
0,1,0.5265458
0,0,0.03356167
0,0,0.17410776
0,0,0.0057633305
0,0,0.0035525681
0,0,0.18013181
1,1,0.85673636
0,0,0.00042206084
0,0,9.436826e-05
0,0,0.12220875
0,0,0.025755623
0,0,0.22257902
0,0,0.3710879
0,0,0.2089526
0,0,0.08624664
0,1,0.69425124
0,0,0.001026284
0,0,0.16087255
0,0,0.26050413
0,0,0.24338391
0,0,0.44293725
0,0,0.0682926
0,0,0.084541954
0,1,0.72329897
0,0,0.12030859
0,0,3.7403195e-05
0,0,0.11636702
0,0,0.069460705
0,0,0.17333832
0,0,0.009609579
1,1,0.86276686
0,1,0.672849
0,0,0.23193693
0,0,0.022517754
1,0,0.15928413
0,0,0.0027838594
0,1,0.5599995
0,0,0.20404007
0,0,0.1366007
0,0,0.2420509
0,0,0.009847057
0,0,0.026078561
0,0,0.12792824
0,0,0.019863134
0,0,0.0043558446
0,0,0.4045767
0,0,0.017364254
0,0,0.048612766
0,0,0.08680191
0,0,0.08331621
0,1,0.69464797
0,0,0.2899387
0,0,0.3520726
0,0,0.39755133
0,0,0.3870834
0,0,0.009584575
0,1,0.5295498
0,0,0.021796487
0,0,0.0049738144
0,0,0.03071138
0,0,0.07011893
0,0,0.27407217
0,0,0.07177352
1,1,0.8422336
0,0,0.08653762
0,0,0.13189317
0,0,0.005595616
0,0,0.003514097
0,0,0.01604452
0,0,0.06218758
0,0,0.0004210353
0,0,0.049895428
0,0,2.7502887e-05
0,0,0.15208262
0,0,0.0034632804
0,1,0.76822084
0,0,0.051757194
1,1,0.8253266
0,0,0.419916
0,0,0.2191762
0,0,0.019967694
0,1,0.6223486
0,0,0.219839
0,0,0.19565049
0,0,0.00771127
0,0,0.21023482
0,0,0.0013280028
0,0,0.044019632
0,1,0.8230184
0,0,0.30100894
0,0,0.3129778
0,0,0.010328865
0,0,0.012740335
0,0,0.3787643
0,0,0.12477641
0,0,0.049001914
0,0,0.43045223
0,0,0.03964023
0,0,0.0006880095
0,0,0.13480861
0,0,0.01718509
0,0,0.0076407604
0,0,0.03949365
1,0,0.44445762
0,1,0.7950794
0,0,0.0029911022
0,0,0.23013413
0,0,0.013096411
1,1,0.52299607
0,1,0.59883237
0,0,0.00022369686
0,0,0.003558655
0,0,0.005812212
0,0,8.9161746e-05
0,0,0.30208337
0,0,0.015732894
0,0,0.008629162
0,0,0.00013761368
0,1,0.6774799
0,0,0.007886439
0,0,0.29220682
0,0,0.09137522
0,0,0.009379471
0,0,0.018355245
0,0,0.106054746
0,0,0.019311182
0,1,0.5164651
0,0,0.023463199
0,0,0.3108852
1,1,0.6239727
0,0,0.31670988
1,0,0.27265406
0,0,0.018256508
0,0,0.0974076
0,0,0.04443127
0,0,1.875867e-05
0,0,0.47570312
0,0,0.20383987
0,0,0.10885674
0,0,0.34317163
0,0,0.28172332
0,0,0.2022512
0,1,0.6380729
0,0,0.0029703588
0,0,0.48791173
0,0,0.065054566
0,1,0.8735829
0,0,0.01880404
0,0,0.01947749
0,0,0.32290423
0,0,2.7502887e-05
1,0,0.042050056
0,0,0.04277236
0,1,0.7736388
0,0,0.007758253
0,0,0.12489087
0,0,0.0013020278
0,0,0.25313014
0,0,0.015511516
0,0,0.26031947
0,0,0.1020242
0,0,0.12039624
1,1,0.7239561
0,0,0.13076587
0,0,0.06445956
0,0,0.04094193
0,0,0.04475205
0,0,0.27376056
0,1,0.5755387
0,0,0.35231233
0,0,0.36031553
0,0,0.17198208
0,0,0.00025281194
0,0,0.0010127747
0,0,0.32294858
1,1,0.5920065
0,0,0.43127835
0,0,0.00044296205
0,1,0.7736296
0,0,0.44630626
0,0,0.3750689
0,0,0.01519173
0,0,0.027615726
1,0,0.34888947
0,0,0.4211718
0,0,0.1954008
0,0,0.080435805
0,0,0.08464634
0,0,0.23539793
0,0,0.047444854
0,0,0.0030140523
0,0,0.057962842
0,1,0.63033366
0,0,2.8259992e-05
0,0,0.32750282
0,0,0.0037560007
0,0,0.0069152964
0,0,0.043963075
0,0,0.13956402
0,0,0.316433
0,0,0.2545065
1,1,0.7473861
0,1,0.53314114
0,0,0.028269079
0,0,0.4036262
0,0,0.47402683
0,0,0.25807655
0,0,0.044659555
0,0,0.05735467
0,0,0.0030123347
0,0,0.082582064
0,1,0.56650716
0,0,0.16096196
1,0,0.35368642
0,0,0.005792986
0,0,0.00888783
0,0,0.07846651
0,0,0.34881788
0,1,0.9162442
0,0,0.0002429992
0,0,0.33622274
0,0,0.45202106
0,0,0.046627503
1,1,0.753028
0,0,0.013139165
0,0,2.1184866e-05
0,1,0.8520541
0,0,0.022548692
0,0,0.2740388
1,1,0.75327533
0,0,0.3301948
0,0,0.057402615
0,0,0.02017647
0,0,0.13245307
0,0,0.26051483
0,0,3.758394e-05
0,0,0.047777712
0,0,0.006578644
0,0,0.0259237
0,0,0.09417514
0,0,0.019752333
0,0,0.0020392148
0,0,0.2618392
0,0,0.075986154
0,0,0.2680313
0,0,0.014886171
0,0,0.4934135
0,0,0.035389327
0,0,0.025813477
0,0,0.10170494
0,0,0.4215398
0,0,0.014403387
0,0,0.32748437
0,0,0.24353111
0,1,0.5446937
0,0,0.053738773
0,0,0.020291356
0,0,0.01205089
0,0,0.06873061
1,1,0.7213186
0,0,0.11074372
0,0,0.32487208
0,0,0.0043273214
1,1,0.5076253
0,0,2.1184866e-05
0,0,0.005638916
0,0,0.26403978
0,0,0.003605009
0,0,0.45691687
0,0,0.28207353
1,1,0.60111755
0,0,0.02427999
0,0,6.830064e-05
0,0,0.081424415
0,0,0.018166391
0,0,0.014696983
0,0,0.0014266777
0,0,0.14352265
0,0,0.29551357
0,0,0.046549328
0,0,0.0031753094
0,0,0.43612352
0,0,0.3221736
0,0,0.1342042
0,1,0.6317562
0,0,0.17372498
1,1,0.5651415
0,0,0.080030814
0,0,0.0070357705
0,0,0.005278692
0,0,0.4116742
0,1,0.5501782
0,0,0.4324297
0,0,0.15759543
0,0,0.30698842
0,0,0.1799782
0,0,0.18449868
0,0,0.49437392
0,1,0.562259
0,0,0.001427101
0,0,0.15819532
0,1,0.5044994
0,0,0.11461385
0,0,0.16952021
0,0,0.00415303
0,0,0.43721434
0,0,0.049593247
0,0,0.06006872
0,0,0.21177122
0,0,0.05947923
0,0,0.23418897
0,0,0.0010028821
0,0,0.0004382517
0,0,0.00084292464
1,0,0.23579249
0,0,0.12263611
0,0,0.00026729621
0,0,0.09825259
0,0,0.08256292
1,1,0.54308313
0,1,0.70305395
0,0,0.2255002
0,0,0.038135994
0,0,0.018702742
0,0,0.251148
1,1,0.68286794
0,0,0.054575127
0,0,0.27520296
0,0,0.010936693
0,0,0.0005091114
0,0,0.11986175
0,0,0.010917785
1,1,0.8436162
0,0,0.35455784
0,0,0.024152648
0,0,0.19992079
0,0,0.28640354
0,0,0.01523825
0,0,0.019759111
0,0,0.19978613
0,0,0.0634096
0,1,0.53206897
0,0,0.061761368
0,0,0.017645802
0,0,0.15236098
0,0,0.27429843
0,0,0.044866342
0,0,0.27698568
0,0,0.49375215
0,0,0.44571498
0,0,0.010973195
0,0,0.12815097
0,1,0.54099506
0,0,0.029535461
0,0,0.003673596
0,0,0.013223332
0,0,0.01907767
0,0,0.017131431
0,0,0.016873255
0,0,0.0002646304
0,0,0.058697794
0,0,0.14806028
0,1,0.8039138
0,0,0.18833642
0,0,3.7403195e-05
0,0,0.2468777
0,1,0.67911303
0,0,0.01607104
0,0,0.023466663
0,0,0.007898734
0,0,0.3263234
0,0,0.23440726
0,0,0.0039374637
0,0,0.48392558
0,0,0.19712251
0,0,5.7531703e-05
0,0,0.14431278
0,0,0.28211504
0,0,0.023827054
0,0,0.0009383779
1,0,0.3644874
0,0,0.0011457244
0,0,0.24830991
0,0,0.051812205
1,1,0.75811815
0,0,0.0035955873
1,0,6.73075e-05
0,0,0.3609671
0,0,0.028877052
0,0,0.010362859
0,0,0.3596123
0,0,0.027777184
0,0,0.003368179
0,0,0.14796054
0,0,0.035117984
0,0,0.02112179
0,0,1.2585299e-05
0,0,0.033247434
0,0,0.035908114
0,0,0.00088914204
0,0,0.0026744048
0,0,0.008794832
0,0,0.017886795
0,0,0.34434938
0,1,0.56529456
0,0,0.003048409
1,0,0.25688758
0,0,0.37001124
0,0,0.056707952
0,0,0.09914136
0,0,0.06744009
0,0,0.007927303
0,0,0.009109366
0,0,0.000112705675
0,0,0.06131738
0,0,0.030863378
0,0,0.0035525411
0,0,0.010491581
0,0,2.9871631e-05
0,0,0.11435544
0,0,0.39987347
0,0,0.04778444
0,0,0.1174263
0,0,0.0075149895
0,1,0.5651668
0,1,0.5388517
0,0,0.048071913
0,0,0.10079559
0,0,0.18457937
0,0,0.09046479
0,0,0.040449463
0,0,0.27803236
0,0,0.003707533
0,1,0.74423397
0,0,0.04543094
0,0,0.030987607
0,0,0.045257676
0,1,0.5039613
0,1,0.5326856
0,0,0.08193553
0,1,0.7276422
0,0,0.3735359
1,0,0.31281418
0,0,0.01383029
0,0,0.14192523
0,0,0.35202453
0,0,0.0038326236
0,0,0.1932044
0,0,0.002060802
0,0,8.8097106e-05
0,0,0.024640348
0,0,0.47115365
0,0,0.00054252124
0,0,0.002121631
0,0,0.013613137
0,0,0.070726186
0,0,0.0030481843
0,1,0.51059204
0,0,0.15302186
0,0,0.2557896
0,0,0.33124924
0,0,0.04633281
0,0,0.0001296772
0,0,0.35517475
0,0,0.0018675748
0,0,0.11337734
0,0,0.011408095
0,0,0.07183496
0,0,0.1034444
0,0,0.1527384
0,0,0.25298637
0,0,0.19862817
1,0,0.15528879
0,0,0.23577984
0,1,0.86872035
0,0,0.14593306
0,0,0.24879521
0,0,0.16602936
0,0,0.012855224
0,0,0.1062474
0,0,0.2907113
0,0,0.11620741
0,0,0.3652219
0,0,0.008520092
0,0,0.47742787
0,1,0.58166283
0,0,3.0526557e-05
0,0,0.3106635
0,0,0.07963321
0,0,0.44137433
0,0,0.21593826
0,0,0.07514149
0,1,0.7762328
0,0,0.027822817
0,0,0.056228068
0,0,0.41796958
1,0,0.33094865
1,0,0.09091522
0,0,0.030417461
0,0,0.24776153
0,0,0.43119496
0,0,0.22963981
0,0,0.48565003
0,0,0.05453488
0,1,0.6742398
0,0,0.20594446
0,0,0.038027313
0,0,0.3945728
0,1,0.76878583
0,0,0.08479006
0,0,0.37910664
0,0,0.4762688
0,0,0.27047646
0,0,0.021447532
0,0,0.19320858
0,0,0.00010560173
0,0,0.022079675
0,0,0.45520407
0,0,0.18355224
0,1,0.7552702
0,0,0.22392991
0,0,0.21297513
1,0,0.48645645
0,0,0.0031912557
0,0,0.027446976
0,0,0.4811477
0,0,0.13491406
0,0,0.000169093
0,0,0.21862361
0,0,0.10814518
0,0,0.0075005675
0,0,0.04378425
0,0,0.16452476
0,0,0.30352628
0,0,0.31797698
0,0,0.03152404
0,0,0.3245664
0,0,0.22172156
0,0,0.30232874
0,0,3.7905986e-05
0,0,0.02160584
0,0,0.32596797
0,0,0.20009446
0,0,0.36606845
0,0,0.11185943
0,0,0.040123835
0,0,0.026714414
0,0,0.0047623296
0,0,0.005480267
0,0,0.33599985
0,0,0.034123182
0,0,0.19488795
0,0,0.021985333
1,1,0.63435704
0,0,0.045173563
0,0,0.017519347
0,0,0.27333587
0,0,0.40140375
0,1,0.7038164
0,0,0.46610016
0,0,0.47263405
1,0,0.4378181
0,0,0.011583837
0,0,0.37092757
0,1,0.741634
0,0,0.068251014
0,0,0.40046203
0,0,0.38013735
0,0,0.03585515
1,0,0.34171483
0,1,0.7813774
0,0,0.13429545
0,0,0.45092422
0,0,0.48983943
1,0,0.21654597
0,0,0.018860672
0,0,0.15087786
1,0,0.39811686
0,0,0.0001082294
0,0,0.096759
1,0,0.42614093
0,0,0.27710354
0,0,0.14560257
1,1,0.5866412
0,0,0.09167513
0,0,0.044948004
0,1,0.58967394
0,0,6.3630105e-05
0,0,0.026290195
0,0,0.09194519
0,0,0.014018435
1,1,0.6566642
0,0,0.3970707
0,0,0.3907325
0,1,0.7730578
0,0,0.41991
0,1,0.6720536
0,0,0.010108749
0,0,0.037564382
0,0,0.07462336
0,0,0.10064218
0,0,0.04541893
0,1,0.7295628
0,0,0.03755101
0,1,0.6176828
0,0,0.026855702
0,0,0.05335907
0,0,0.19514222
0,0,0.024036873
0,0,0.43085697
1,0,0.03658455
0,0,0.12289177
0,0,0.38559052
0,1,0.5122266
0,0,0.2281089
0,1,0.5529677
0,0,0.006001425
1,1,0.8020962
0,0,0.06186343
0,0,0.00010560173
0,0,0.24547157
0,0,0.41732392
0,0,0.3053969
0,0,0.20263983
0,0,0.018866148
0,0,0.15182596
0,1,0.61731803
0,0,0.007478935
1,1,0.8102422
0,0,0.11684389
0,1,0.85665107
1,0,0.10211382
0,0,0.46546984
0,0,0.22336946
0,0,0.4701139
0,1,0.5316194
0,0,0.004170411
0,1,0.7649146
0,1,0.7996422
0,0,0.30505604
1,1,0.8331856
0,0,0.013908329
0,1,0.7630296
0,0,0.08793155
0,0,0.005872931
0,0,0.1647547
0,0,0.35140586
0,0,0.00093338627
0,0,0.011627518
0,0,0.068114676
0,0,0.0055893576
0,1,0.559333
0,0,0.008133047
0,0,0.21357659
0,0,0.01756676
0,1,0.6580541
0,0,0.07735585
0,0,0.0031592206
0,0,0.31729117
0,0,0.041629117
0,1,0.56977886
0,0,0.023583088
0,0,0.042835273
0,0,0.32136735
0,0,0.09210803
0,0,0.011122485
0,0,0.2260527
0,0,0.20476022
0,1,0.6707998
1,1,0.79936117
0,0,0.0049466104
0,0,0.402669
0,0,0.039443187
0,0,0.1558229
0,0,0.0012774585
0,1,0.5178288
0,0,0.29493207
0,0,0.033053365
0,0,0.07752367
0,1,0.5407122
0,0,0.36189535
0,1,0.9105298
0,0,0.038850747
0,1,0.6422126
1,1,0.8355174
0,0,0.06818364
0,0,0.049870886
0,0,0.13569015
0,0,0.45966387
0,0,0.16532458
0,0,0.4577726
0,0,0.00727208
0,0,0.019202145
0,0,0.00665308
0,1,0.5109655
0,0,0.27602667
0,0,3.4273362e-05
0,0,0.055860862
0,0,0.066619396
1,1,0.59976894
0,0,0.00024587836
0,0,0.0011476727
0,0,0.01776624
0,0,0.19038218
0,0,0.16813095
0,0,0.05603844
0,0,0.049255274
0,0,8.198208e-05
0,0,0.005934047
0,0,0.4197699
0,0,0.29644862
0,0,0.19781755
0,0,0.0027032876
0,0,0.49404493
0,0,9.4829586e-05
0,0,0.41634595
0,1,0.57315016
0,0,4.6171885e-05
0,0,2.615031e-05
0,0,0.12344693
0,0,0.026054464
0,0,0.021916268
1,1,0.72347045
0,0,0.085743
1,1,0.54803103
1,0,0.37891808
0,0,0.16380133
0,0,0.0028098326
0,0,0.0817729
1,0,0.22781795
0,0,0.16674457
0,0,2.1538512e-05
0,1,0.701735
1,0,0.34922758
0,0,0.047701713
0,1,0.6487242
1,1,0.704458
0,0,0.15328489
0,1,0.51053935
0,0,0.11185591
0,0,0.19021301
0,0,0.4737641
0,0,0.017320268
0,0,0.25467533
0,0,0.018167965
0,0,0.14414105
0,0,0.025231492
0,0,0.0001082294
0,0,0.14047685
0,0,0.04680804
0,0,0.13034336
0,0,0.0585523
0,0,0.47435513
0,0,0.032563407
1,1,0.7252265
0,0,0.019605024
0,0,0.121734224
0,0,0.019872006
0,0,0.033315703
0,0,0.045349907
0,0,0.03289183
1,1,0.6392196
0,0,0.010911175
0,0,0.26581043
0,0,0.0044271694
0,0,0.027444975
0,0,0.004824323
0,0,0.00039213072
0,0,0.015288878
0,0,0.011483315
0,0,0.035511605
0,0,0.0049096155
0,0,0.0019375328
0,0,0.18920656
0,0,0.12984455
0,0,0.01566773
0,0,0.008095664
0,1,0.76010877
1,1,0.5121482
0,0,0.009522846
0,1,0.8324032
0,0,0.078871
0,0,0.3381525
0,0,0.43565336
0,0,0.0067367526
1,0,0.3177335
0,0,0.25388888
0,1,0.56662
0,1,0.8497791
0,0,0.041698426
0,0,0.37925017
1,1,0.90344435
0,0,0.046778116
1,1,0.90668315
0,0,0.025369631
0,0,0.0073286733
1,0,0.44687048
0,0,0.08920669
0,0,0.123308875
0,0,0.063879564
0,0,0.23840173
1,0,0.272101
0,0,0.48897144
1,0,0.072131306
0,0,0.0049635875
0,0,0.071193814
0,0,0.32651588
0,0,0.0038371268
0,1,0.55092365
0,0,0.047689907
0,1,0.5287849
0,0,0.013196189
0,0,0.41588086
0,0,0.03674847
0,0,0.0042040837
0,0,0.4563111
0,0,0.0001272056
0,0,0.09175203
0,0,0.032369755
0,0,1.6805818e-05
0,0,0.017742515
0,0,0.15365005
0,0,0.012281608
0,0,0.49296325
0,0,0.09263712
0,0,0.0017392758
0,0,0.01070766
0,0,0.108755246
0,0,0.027694207
1,0,0.33090502
0,0,0.0037938068
0,0,0.044319954
0,0,0.004800672
1,1,0.70989466
0,0,0.0033516737
1,1,0.7792797
0,0,0.0013890946
0,0,0.4662833
0,0,0.000609257
1,1,0.6652784
0,0,0.045428313
0,1,0.68754524
0,1,0.68514276
0,0,0.008572856
0,0,0.061062485
0,0,0.15072379
0,1,0.85170484
0,0,0.07246534
0,0,0.15296718
1,1,0.82054156
0,0,0.09257524
0,0,0.050073054
0,0,0.003841954
0,0,0.20398977
0,1,0.85304296
0,0,0.002555313
0,0,0.13304451
0,0,0.27739298
0,0,0.3278424
0,0,0.23260961
0,1,0.8336152
0,0,0.4192474
0,0,0.020817583
0,0,0.031071872
0,0,0.22791699
0,0,0.17975
0,1,0.72553915
1,1,0.5612447
0,1,0.8298278
0,0,0.18749973
0,0,0.02029878
0,0,0.21888185
0,0,0.16758344
0,0,0.079777375
0,0,0.26372555
0,0,0.2907886
0,1,0.6310366
0,1,0.7434884
0,0,0.001363158
0,0,0.05480367
0,0,0.0030003649
0,1,0.8984714
0,0,0.11524422
0,0,0.063191034
0,0,0.39274386
0,0,0.1232144
0,0,0.23899435
0,0,0.14372553
0,0,0.18296938
0,0,0.05347113
0,0,0.034299474
0,0,0.0001619102
0,0,0.068023
0,0,0.18923832
0,0,0.0022976887
0,0,0.0076261237
0,0,0.050876092
0,0,0.00049920613
0,0,1.6805818e-05
0,0,0.06461755
0,0,0.03776526
0,1,0.6298954
1,0,0.48902193
0,0,0.35305735
0,0,0.0013906579
0,0,0.07671845
0,1,0.7293883
1,1,0.86737156
0,0,0.2825944
0,0,0.16220772
0,1,0.73030925
0,0,0.25026265
0,0,0.23120955
0,0,0.26623413
1,0,0.43040928
0,1,0.7318449
0,0,0.06587837
1,1,0.6527784
0,0,0.17425215
1,1,0.90675384
0,0,0.03940174
0,0,2.7502887e-05
0,1,0.5318165
0,1,0.5517231
0,0,0.0035970702
0,0,0.03615628
1,1,0.72983384
0,0,0.29068315
0,0,0.040372327
0,0,0.011229806
1,1,0.7076812
0,0,0.07809828
0,0,0.020074496
0,0,0.16000748
0,0,0.119794294
0,0,0.39359248
0,0,0.014871346
1,1,0.8919706
0,1,0.5621879
0,0,0.008634479
0,0,0.022120038
0,0,0.0322623
0,0,0.005736343
0,0,0.10153045
0,0,0.21620141
0,0,0.14958535
0,1,0.59614825
0,0,0.2600532
0,0,0.030215992
0,0,0.054192875
0,1,0.8241461
0,0,0.0019258098
0,0,0.014239188
0,0,0.26572275
0,0,0.1861391
0,0,0.03913762
0,0,0.4726347
1,0,0.41981393
1,0,0.16227934
0,0,0.051618334
0,0,0.2782134
0,0,0.0053459276
0,1,0.81184095
0,1,0.6389479
0,1,0.62018687
1,1,0.84704536
0,0,0.00031045865
0,1,0.5211148
0,1,0.5097904
0,1,0.5165973
0,0,0.014556016
0,0,0.14744817
0,0,0.012441086
0,0,0.0152669335
0,0,0.019691795
0,0,0.004633651
0,0,0.09939014
0,0,0.09160869
0,0,0.20617132
0,0,0.0010855389
0,0,0.31615898
0,0,0.46102783
0,0,0.30127624
0,0,0.21926892
0,0,0.14222272
0,0,0.0340313
0,0,0.03515049
0,1,0.9389973
0,1,0.7289993
1,0,0.358594
0,0,0.4314034
0,0,0.30471906
0,1,0.9056512
0,1,0.63042504
0,0,0.07537986
1,1,0.84069955
0,0,0.21603057
0,0,0.06854728
0,1,0.61148715
0,0,0.2588933
0,0,0.21298353
0,0,0.002042447
0,0,0.014697432
0,0,0.4724015
0,0,0.16310307
0,0,0.19893044
0,0,0.11201133
0,0,0.19886303
0,0,0.035851438
0,0,0.04427874
0,0,0.37512788
1,1,0.59656453
0,0,0.00020273571
0,0,0.43660465
0,1,0.5148199
0,0,0.41270018
0,1,0.52640194
0,0,0.012409495
0,0,0.045464125
0,0,0.27809158
0,0,0.016147139
0,0,0.010110234
0,0,0.03547633
0,0,0.00771127
1,0,0.1556963
0,1,0.80926967
0,0,0.097900726
0,0,0.4752495
0,0,0.15929842
0,0,0.48887545
0,0,0.015681641
0,0,0.024908952
1,1,0.7208331
0,0,0.36025718
0,0,0.16444325
0,0,0.18251571
0,0,0.0012256625
0,1,0.8090795
0,0,0.00535736
0,0,0.24712539
0,0,0.0001279201
1,1,0.51517886
1,0,0.48469344
0,0,0.048431035
0,0,0.33458063
0,0,0.014195636
0,0,0.40289068
0,0,0.30120277
0,0,0.00060031493
1,1,0.7037854
0,0,0.1835011
0,0,0.44811654
0,0,0.036999647
0,0,0.0096738245
0,0,0.10331926
1,0,0.45401704
1,0,0.31530562
0,0,0.4009911
1,1,0.7101437
0,0,0.25007185
0,1,0.87281334
0,0,0.0081101805
0,0,0.030419115
0,0,0.040516626
0,0,0.11235795
0,0,0.4225924
0,0,0.33473283
0,1,0.8417578
0,0,0.0075379065
0,1,0.76120603
0,0,0.31785142
0,0,0.07007238
0,0,0.0025474352
0,0,0.27582556
0,1,0.563011
0,0,6.618045e-05
0,0,0.38359827
0,0,0.12615654
0,0,0.1855274
0,0,0.17650524
0,0,0.12561059
0,0,0.29539138
0,0,0.226069
0,0,0.14959344
0,0,0.00029694746
0,0,3.4635046e-05
0,0,0.00010542937
0,1,0.75357157
0,0,0.11672551
0,0,0.06545678
0,0,0.009076177
0,0,0.0024376833
0,0,0.48482785
0,0,0.27638608
0,0,0.17978883
0,0,0.049892582
0,0,0.015694594
0,0,0.00073664787
1,1,0.8447691
0,0,0.021697888
0,0,0.0054333145
0,1,0.5105665
0,1,0.5822785
0,0,0.009379471
0,0,0.00075011945
0,0,0.29612285
0,0,0.00771127
0,0,0.004582887
0,0,0.025988106
0,0,0.06258916
0,0,0.044496972
0,0,0.04102048
0,1,0.58904964
0,0,0.00601954
0,0,0.013571728
0,0,0.38832107
0,0,0.46529448
0,0,0.0052634752
0,0,0.020214273
0,0,0.23372008
0,1,0.8287802
0,0,0.019895688
0,0,0.002115002
1,1,0.5884347
0,1,0.6664386
0,0,0.028322354
0,1,0.8372942
0,0,0.06371892
0,0,0.069919325
0,0,0.01962239
0,0,0.11717284
0,0,0.0071882564
0,0,0.044302
0,0,0.046038006
0,0,0.033928722
0,1,0.5258061
0,1,0.6787193
0,0,0.04125341
0,0,0.0506022
0,0,0.005478747
1,1,0.5464813
0,0,0.21494906
0,0,0.04295963
0,0,0.3946873
0,1,0.8034903
0,0,0.12573902
0,0,0.00091924577
0,0,0.036539465
1,0,0.21077693
0,0,0.45583513
0,1,0.6844004
0,0,0.110770956
0,0,0.057331678
0,0,0.040035363
0,0,0.28826204
0,0,0.19441262
0,1,0.6274808
0,0,0.03950379
0,0,0.35262758
0,0,0.3269413
1,0,0.266531
0,0,0.06974007
0,0,0.25210404
0,0,0.007481399
0,0,0.13688028
0,0,0.46828446
0,1,0.6779588
0,1,0.5668406
0,0,0.20125149
1,1,0.5977334
1,1,0.6416263
0,0,2.9871631e-05
0,0,0.055487547
0,0,0.044700965
0,0,0.096415505
0,0,0.03393843
0,0,0.42171535
1,1,0.598439
0,0,0.45407584
1,0,0.48619235
1,0,0.15620846
0,0,0.05381739
0,0,0.47398326
1,1,0.6263028
0,0,0.22545241
0,0,0.027373107
0,0,0.005996239
0,0,0.17720361
0,0,0.45750377
0,0,0.3429303
0,0,0.0054577477
0,0,0.1385435
0,0,0.24900906
0,0,0.3604882
0,0,0.1774983
0,0,0.017592197
0,0,0.12807956
0,0,0.00073558337
0,0,0.1262159
0,0,0.04150742
0,0,0.09624449
0,1,0.5058131
0,1,0.52756554
0,0,0.057573613
0,0,0.027200965
0,0,0.026388306
0,1,0.8594549
0,1,0.59042615
0,0,0.36378595
0,0,0.23917146
0,0,0.00916191
0,0,0.40320954
0,0,0.01238495
0,0,0.120952286
1,1,0.65102386
0,0,0.3489698
0,0,0.0010160292
0,0,0.0008884848
1,1,0.57950276
0,0,0.12236774
0,0,0.02406596
0,0,0.022379488
0,0,0.0009914874
0,0,0.43171743
0,0,0.0011850614
0,0,0.06520626
1,0,0.4827658
0,0,0.03142865
0,1,0.5286928
0,1,0.5103284
0,0,0.1558925
0,0,0.120636016
0,0,0.43872446
0,0,0.08237751
0,0,0.029183
0,0,0.2785714
0,0,0.36460692
0,0,0.013359013
0,0,3.2171618e-05
0,0,0.11208595
0,0,0.0783182
0,0,0.3018062
0,0,0.04744676
0,0,0.13043943
0,1,0.64500433
0,0,0.0010488578
1,1,0.5269792
0,0,0.32651666
0,0,0.059671786
0,0,0.10784388
0,0,0.31893027
0,0,0.010185837
0,0,0.008127906
0,0,0.030623397
0,1,0.74022907
0,0,0.05897739
0,0,0.31425193
0,0,0.12202424
0,0,0.10971444
0,0,0.11337244
0,0,0.40606135
0,0,0.14292012
0,0,0.42867023
0,0,0.47631738
0,0,0.022425855
0,0,0.018048117
0,0,0.4802155
0,0,0.024248853
0,0,0.07297476
0,0,0.008464944
0,0,0.17431782
0,0,0.29911682
0,0,0.031942572
0,0,0.4123951
0,0,0.03383182
0,0,0.059647862
0,1,0.7186885
0,0,0.39290956
0,0,0.0018164574
0,0,0.20286861
0,0,4.6509867e-05
0,0,0.09534539
0,0,0.008344305
0,1,0.6033655
0,0,4.6140238e-05
0,1,0.50581306
0,0,0.036575466
0,0,0.07403029
0,0,0.3688494
0,0,0.0001830162
0,0,0.07507955
0,1,0.6163275
0,0,0.004471733
0,0,0.25433236
0,1,0.8657859
0,1,0.76534
0,0,0.12863922
1,0,0.31038928
0,0,0.14154246
0,0,0.23342031
0,0,0.09031523
0,0,0.02000308
0,1,0.7590557
0,0,0.060913347
0,0,0.00018181847
0,0,0.00034514707
1,1,0.5612706
0,0,0.16243832
1,1,0.55945927
0,0,0.035963356
0,0,0.027641252
0,0,0.010664805
0,0,0.019762555
0,0,0.006220411
0,0,0.007591095
0,1,0.5278227
0,0,0.29670796
0,0,0.023401918
0,0,0.45788735
0,0,0.18535577
0,0,0.00013373079
0,0,0.001537347
0,0,0.010972377
0,0,2.4177429e-05
0,0,0.11151446
0,0,0.015555678
0,0,0.188261
0,0,0.09954522
0,0,0.30846116
0,0,0.37411177
0,0,0.046603575
0,0,0.20310153
0,0,0.16880225
0,0,0.0092709735
0,0,0.2871387
0,0,0.24066442
0,1,0.5943872
0,0,0.044767596
0,0,0.41548944
0,0,0.23865183
0,0,0.0076261237
0,0,0.055721138
0,0,0.04116547
0,0,0.20602381
0,0,0.001536583
0,0,0.21977998
0,0,0.021698356
0,0,0.11864909
0,0,0.009353323
0,0,0.00066577405
0,0,0.00036096253
0,0,0.14733857
0,0,0.014729639
0,0,0.13858491
0,0,0.09328001
0,0,0.004945552
0,0,2.8047481e-05
1,1,0.77542543
0,0,0.03657388
0,0,0.22117485
0,0,0.00063078967
0,0,0.007854168
0,1,0.6045524
0,0,0.08466796
0,0,3.758394e-05
0,0,0.002342058
0,0,0.34273028
1,0,0.47866532
0,0,0.096464664
0,0,0.0061258636
0,0,0.015594976
0,0,0.33435237
0,0,0.41373953
0,0,0.03623259
0,0,0.26305363
0,0,0.034752265
0,0,0.018296776
0,1,0.58639604
0,1,0.80266666
0,0,0.037640873
0,0,0.00021130915
0,1,0.55403817
0,0,0.0057504075
0,0,0.048684247
1,1,0.60891753
0,0,0.2164875
0,1,0.59767324
0,1,0.55780387
0,1,0.555676
0,0,0.34480986
0,0,0.051833395
0,0,0.020085542
0,0,0.22889344
0,0,0.02437892
0,0,0.01133924
0,0,9.899279e-05
0,0,0.019301627
0,1,0.507393
0,0,0.00039652947
0,0,0.0020447352
0,0,0.20249465
0,0,0.03426156
0,0,0.00018229689
1,0,0.23718561
0,1,0.66537976
0,0,0.112502284
0,0,0.40459543
0,0,0.03886485
0,0,0.1037571
0,0,0.1950458
0,1,0.8470251
0,0,0.030465912
0,0,0.27243212
1,0,0.45242572
0,0,0.15417649
0,0,0.009590551
1,0,0.40733206
0,0,0.12708676
0,0,0.28139395
0,0,0.13086912
0,0,0.15405735
0,0,0.27451268
0,1,0.51162416
0,0,0.48540264
1,0,0.1232144
0,1,0.52883047
0,0,0.2694622
0,0,0.011673898
0,0,0.23488271
0,0,0.0012355443
1,0,0.29440895
0,0,0.011587232
0,0,0.005343613
0,0,0.05302968
0,0,0.028740369
0,1,0.5573257
0,0,0.3051645
0,1,0.7835314
0,1,0.57935
0,0,0.008521248
0,0,0.024877246
0,0,0.0017244247
0,0,0.31399614
0,0,0.06294238
0,0,0.36728695
0,0,0.0088328365
0,0,0.19789787
0,0,0.2784356
0,1,0.5067528
0,0,0.24641809
0,0,0.043010052
0,1,0.59335816
0,0,0.32831392
0,1,0.5615535
0,0,0.2390623
0,0,0.105358854
0,0,0.4816184
1,1,0.79334825
0,0,0.09330306
0,0,0.011764324
0,0,0.014698219
0,0,0.40732694
0,0,0.0009383779
0,0,0.084825516
0,0,0.33375138
0,1,0.65876544
1,0,0.039979972
0,0,0.17590408
0,0,0.46506736
0,1,0.616483
0,0,0.01358608
0,1,0.53950125
0,0,0.015102105
0,0,0.0029975849
0,0,0.104420654
0,0,0.08889453
1,0,0.012845384
1,0,0.34470958
0,0,0.0042648413
0,0,0.008820055
0,0,0.047728784
0,0,0.018379156
0,0,0.0053689587
1,0,0.06622973
0,0,0.06821853
0,0,0.074853376
0,0,0.4147248
0,0,0.11550224
0,0,0.48964804
0,0,0.07542619
0,1,0.71047556
0,0,0.2133573
0,0,0.30307263
0,1,0.6849706
0,0,0.105840094
0,0,0.02429104
0,0,0.1250024
0,0,0.1643219
0,0,0.30886078
0,0,0.08261048
0,0,0.10681866
0,1,0.655656
0,0,0.18886834
0,0,0.007863936
0,0,0.001318671
0,0,0.06179001
1,1,0.6970302
0,1,0.58121955
0,0,0.012459079
0,0,0.030696431
0,0,0.010929422
0,0,0.09696288
0,0,0.09255293
1,0,0.30526146
0,0,0.2080926
0,0,0.030771434
0,1,0.6916874
1,1,0.5105693
0,0,0.22436522
1,0,0.48916793
0,0,0.0018050041
0,1,0.6554548
0,0,0.036675725
0,1,0.6428381
0,0,0.39888442
0,0,0.0001279201
0,0,0.37209716
0,1,0.5881942
0,0,0.19550532
0,0,0.068319425
0,1,0.55581295
0,0,0.37909988
0,0,0.006942112
0,0,0.05359807
0,0,0.39426428
0,0,0.003048409
0,0,0.3345439
0,0,6.424794e-05
0,0,0.47812676
0,0,0.13757737
0,1,0.6508682
0,0,0.020748597
0,0,0.06473608
0,0,0.018641213
1,0,0.38016456
0,1,0.5896534
0,0,0.044833127
1,0,0.10333197
0,0,0.16994219
1,1,0.5326511
0,1,0.91405606
0,0,0.00761621
0,0,0.0026738236
0,0,0.21591225
0,0,4.6140238e-05
0,0,0.089625716
0,0,0.10206917
0,0,0.42568183
0,0,0.18094544
0,1,0.6969106
0,0,0.11430283
0,0,0.2172053
0,0,0.30278343
0,0,0.06279593
0,0,0.3337024
0,0,0.051989805
0,0,0.107788764
0,0,0.09066614
0,0,0.010429292
0,0,0.0011701393
0,0,0.0016975906
0,0,0.3045532
1,1,0.7064329
0,0,0.013184743
0,0,0.0884144
0,0,0.19064982
0,0,0.0037078343
0,1,0.51127887
0,1,0.59703153
0,1,0.6113225
0,0,0.3978456
0,0,0.037268877
0,0,0.07647717
0,0,0.16821514
0,1,0.7606568
0,0,0.0010089633
0,0,0.0829045
0,0,0.14259703
0,0,0.2276685
1,1,0.70347357
1,1,0.71910805
0,0,0.004870774
0,0,0.0045707193
0,0,0.22027662
1,0,0.19281448
0,1,0.7880022
0,0,0.30514625
0,0,0.0029975849
0,0,0.04961242
0,1,0.56707585
0,0,0.003217931
1,1,0.7691862
0,1,0.83489424
0,0,0.4114416
1,0,0.11629609
0,0,0.0018100723
0,0,0.0038940257
0,0,0.0016040992
0,1,0.53998
0,0,0.038338277
0,0,0.0003800222
0,0,0.0276873
1,0,0.059105165
0,1,0.70190996
0,0,0.0035626309
0,0,0.02475501
0,1,0.8377548
0,1,0.5207217
0,0,0.12787436
0,0,0.022416886
0,0,0.020726135
0,1,0.5760686
0,0,0.036515426
0,0,0.0073108817
0,0,0.09126085
0,0,0.0011022582
0,0,0.013013672
0,1,0.8943539
0,0,0.0061097494
0,0,0.009587707
0,0,0.0028593861
0,0,0.03845337
0,1,0.71611
0,0,0.20647426
0,0,0.22958219
0,0,0.06926002
0,0,0.3723517
0,0,0.4480513
0,0,0.25945953
1,1,0.92671627
0,0,0.0026811666
0,0,0.015278603
0,0,0.011390969
0,0,0.16101757
1,0,0.21777284
0,0,0.24565706
0,1,0.7723511
0,0,0.009432956
1,1,0.859709
1,1,0.60161614
0,0,0.1437446
0,0,0.30019444
0,0,0.012739263
0,0,0.3279507
0,0,0.1735478
0,0,0.015209139
1,0,0.2511973
0,0,0.49645582
0,0,0.095978275
0,0,0.12715921
0,0,0.06682125
0,0,0.16068332
0,0,0.47800255
1,1,0.65070796
0,0,0.23424281
0,0,0.17495833
0,0,0.1972342
0,0,0.014542909
0,0,0.1012227
1,1,0.5107526
0,0,0.01749256
0,0,0.40446383
0,0,0.00011812188
0,1,0.61914927
0,0,0.18151322
0,0,0.43917787
0,0,0.020921275
0,0,0.08883481
0,0,0.14294958
0,1,0.59863013
0,1,0.6895371
0,1,0.65635973
1,0,0.49228007
0,0,0.4396451
1,1,0.8720493
1,1,0.57277054
1,1,0.81937957
0,0,0.08082413
0,0,0.051913686
0,0,0.13300028
1,1,0.7981363
0,0,0.008076323
0,0,0.08960848
0,1,0.6718293
0,1,0.61151725
0,1,0.55238163
0,0,0.0111688385
1,1,0.5387406
0,0,0.061013255
0,1,0.70202935
1,0,0.10899718
0,0,0.052566484
0,0,0.31311688
0,0,0.005153799
0,0,0.06598167
0,0,0.1180832
0,0,9.527771e-05
0,0,0.24610125
0,0,0.030865017
0,1,0.7100739
0,0,0.12056425
0,0,0.0808336
1,1,0.6495676
0,0,0.069087885
1,0,0.32198367
0,0,0.07218805
0,0,0.15804864
0,0,0.16949484
0,0,0.061423138
0,0,0.13458464
0,0,0.0019172555
0,0,0.010227713
0,0,0.043247957
1,0,0.3875063
0,0,0.06042661
0,0,0.40564618
0,1,0.5696354
0,0,0.03809048
1,1,0.85563886
0,0,0.08009895
0,0,0.39840534
0,0,0.023316609
0,0,0.12868497
0,1,0.5288392
0,1,0.7345249
1,0,0.2374525
0,0,0.0057538436
0,1,0.60349166
0,0,0.08017619
0,0,0.0032705367
0,1,0.5058734
1,1,0.90369225
0,0,0.30813053
0,0,0.00020876482
0,0,1.803697e-05
0,0,0.39191362
0,0,0.00020446617
0,1,0.6166259
0,0,0.13020065
0,0,0.05664645
0,0,0.087186515
0,1,0.57789075
0,0,0.17542063
0,0,0.067196585
0,0,0.021860065
0,0,0.015604333
0,0,0.022444619
0,0,0.44241548
0,0,0.40976283
0,0,0.49406174
0,0,0.42105436
1,0,0.20474717
1,1,0.89985764
0,0,0.08146677
0,1,0.791935
0,0,0.0027237958
0,0,0.25442058
0,0,0.18950686
0,1,0.9247864
0,0,0.19698828
0,0,0.11296067
0,1,0.5997272
0,1,0.74754477
1,1,0.60147566
0,0,0.17266409
0,0,0.20335932
0,1,0.50702053
0,0,1.1665436e-05
0,0,3.7146587e-05
0,0,0.0035460806
0,0,0.0577532
0,0,0.095906496
0,0,0.031878497
0,1,0.71627545
0,0,0.029842941
0,1,0.5207534
1,0,0.05766355
0,0,0.49517488
0,0,0.03286283
0,1,0.5575171
0,0,0.0786081
0,1,0.5262401
0,0,0.0821218
0,0,0.03874546
0,0,0.012915031
0,0,0.00042855064
0,0,0.32583246
1,1,0.6574909
0,1,0.5356601
1,1,0.8008733
0,1,0.6253805
0,0,0.15525025
0,0,0.02752574
0,0,0.24611774
0,0,0.1008677
1,1,0.70003283
0,0,0.057268806
0,0,0.46541023
0,0,0.07659864
0,1,0.82258725
0,0,0.285268
0,0,0.0031253286
0,1,0.5947583
0,0,0.02363515
0,0,0.0092217745
0,0,0.02149304
0,0,0.4550719
1,1,0.62135226
0,0,0.03317776
0,0,0.037281387
0,1,0.54145616
0,0,0.0076860944
0,0,0.37696046
0,1,0.74410486
0,0,0.0019731787
0,0,0.0027767785
1,0,0.28040272
0,1,0.6221663
0,0,0.024677023
1,0,0.39289412
0,0,0.2700863
0,0,0.027679015
0,0,0.30388057
0,0,0.021447096
0,0,0.000106620755
0,0,0.00093854073
0,1,0.5901243
0,0,0.012429029
0,0,0.15518431
0,0,0.0026203452
0,0,0.23460002
0,0,0.40978906
1,0,0.36046657
0,1,0.72981554
0,0,0.32750574
0,0,0.13017796
0,1,0.65852255
0,0,0.06397626
0,0,0.15736966
0,0,0.041076086
0,0,0.06288266
0,0,0.21432272
0,0,0.0035311345
0,0,0.0066225696
0,0,0.013280696
0,0,0.03950207
0,0,0.12675017
0,0,0.044161893
1,1,0.7617979
0,0,0.00298744
0,0,0.42623356
0,0,0.21623088
0,0,0.0046169753
0,0,0.26047707
0,0,0.27199525
0,0,0.30876255
0,0,0.24782668
0,0,0.044520576
1,0,0.40351427
0,1,0.5633272
1,0,0.2704963
0,0,0.42315906
0,0,0.019060273
1,0,0.28655586
0,0,0.35406274
0,0,0.45675436
0,0,0.15757577
0,0,0.01482109
0,1,0.6455917
0,0,0.234522
0,0,0.060828716
0,0,0.39917734
0,1,0.76519346
0,0,0.0044482807
0,0,0.0026887015
1,1,0.59722537
0,1,0.84289855
0,0,0.35810977
0,0,0.07188934
0,0,0.0024638965
1,0,0.41430765
0,0,0.050979126
0,0,4.0507763e-05
0,0,0.3854621
0,0,2.612379e-05
0,0,0.15135501
0,0,0.33650622
0,0,0.00063936843
0,0,0.0050870935
0,0,0.12681536
0,0,0.085218295
1,0,0.0076261237
1,0,0.32596537
0,0,7.4174146e-05
0,1,0.8088268
0,0,0.15881334
0,0,0.1954981
0,0,0.156737
0,1,0.52115434
0,0,0.0049715587
0,0,0.1860272
0,0,0.41099393
0,0,0.2912755
0,0,0.37248525
0,1,0.55206573
0,0,0.15877008
0,0,0.0966731
0,0,0.16745101
1,1,0.56180966
0,0,0.03828483
0,0,0.02858548
0,0,0.4364165
0,0,0.14900374
0,0,0.2231457
0,0,0.3363
0,0,0.4442146
0,0,0.02167087
0,0,0.44550577
0,0,0.008568492
0,0,0.024125792
0,0,0.0043637636
0,0,0.008139597
0,1,0.51423365
0,0,0.024935616
1,0,0.18592659
0,0,0.28777087
0,0,0.059966575
0,0,0.014247344
0,0,0.003121323
0,0,0.18660116
0,1,0.83192736
0,0,0.017451305
0,0,0.2951864
0,0,0.35480854
0,0,0.017630659
0,0,0.19178957
1,0,0.480241
0,0,0.4543003
0,0,0.14238483
0,1,0.64402694
0,0,0.052249506
0,1,0.5169984
0,0,0.00011457971
0,1,0.5625334
0,0,0.02439885
0,0,0.24869819
0,0,0.08182438
0,0,0.00027265353
0,0,0.20881633
0,0,0.12424918
0,0,0.024359774
1,1,0.64169395
0,0,0.015679942
0,0,0.021140328
0,0,0.028700331
0,0,0.003589964
0,0,0.17343959
0,0,0.047156263
0,0,0.05175868
0,0,0.122604735
0,0,0.05348077
0,0,0.23649457
0,0,4.2629574e-05
0,0,0.043237537
0,0,0.29150784
0,0,0.02341658
0,0,0.034544285
0,1,0.88817483
0,0,0.014837816
0,0,0.293094
0,0,0.041340116
0,0,0.07319818
0,0,0.011751349
0,1,0.64738256
0,0,0.013513753
1,0,0.3711654
0,0,0.06957772
0,0,0.0504178
0,0,0.14195625
0,0,0.015117539
0,0,0.17076798
0,0,0.0054743034
0,0,0.0031841192
0,0,0.02609872
0,1,0.51639736
0,0,0.024066957
0,0,0.00028559798
1,1,0.54796356
0,0,0.37899512
0,0,0.31172857
0,1,0.6411236
0,0,0.03053877
1,1,0.7747055
0,0,0.25026664
0,0,0.002444376
0,0,0.04856145
0,0,0.4040795
1,1,0.7902078
0,0,0.29600534
0,0,0.0039627315
1,1,0.72339684
0,0,0.29245517
1,0,0.42089766
0,0,0.16969898
0,1,0.7831951
0,1,0.70788723
0,0,0.10336418
0,0,0.1269361
0,0,0.17558874
0,0,0.06484197
0,0,0.022130799
0,0,0.031729463
0,0,0.3407964
0,0,0.026305702
0,0,0.42172357
1,0,0.25968644
0,0,0.018161964
0,0,0.048825525
1,1,0.72754407
0,1,0.740274
0,0,0.026005903
0,0,0.06742795
0,0,0.066434845
0,0,2.666375e-05
1,1,0.6941075
0,0,0.35433453
0,0,0.16082968
0,1,0.68734753
0,0,0.018140223
0,0,0.014124313
0,0,0.0025796623
1,0,0.09071702
0,0,0.44128022
1,0,0.43296912
0,0,2.5044234e-05
0,1,0.52763104
0,1,0.6311691
0,0,0.06946847
0,0,0.25627792
0,1,0.93743426
0,1,0.65298235
0,0,0.025117744
0,0,0.12764288
0,0,0.36730516
0,0,0.023511657
0,0,0.0028589093
0,0,0.010201787
0,0,0.0026518663
0,1,0.555162
0,0,0.04004306
0,1,0.6055305
0,0,0.00019117266
0,0,0.12684457
0,0,0.049195286
0,0,0.00027650117
0,1,0.6262646
0,0,0.04366011
0,0,0.38609028
0,0,0.110101454
0,0,0.23482583
0,0,0.32030278
0,0,0.23917784
0,0,0.117888235
0,1,0.6960322
0,0,0.020399624
0,0,0.11758269
0,0,0.035068274
0,1,0.54234827
0,0,0.22939865
0,0,0.18885364
0,0,0.008134914
0,0,0.01783268
0,0,0.1689102
0,0,0.30406314
0,0,0.03912656
0,0,0.0015951465
0,0,0.0409823
0,0,0.27118176
0,1,0.51681536
0,0,0.0076148584
1,0,0.3362563
0,0,2.9394787e-05
0,0,0.061088953
0,1,0.7485181
0,0,0.054073997
0,0,6.0128958e-05
0,1,0.82000995
0,0,0.46903077
1,1,0.71447974
0,0,0.0010688611
0,0,0.14902431
0,0,0.16113877
0,0,0.44087332
0,0,3.758394e-05
0,1,0.7111833
1,0,0.47064584
0,1,0.7506212
0,0,0.0002917189
0,0,0.021792915
0,0,0.0044105067
0,0,0.16789849
0,0,0.45646882
0,0,0.008640374
0,0,0.037474155
0,0,0.13837996
0,0,0.03320126
0,0,0.4516441
1,1,0.76051193
0,0,0.012150364
1,1,0.6872695
0,0,0.043603223
1,1,0.66599816
0,0,0.30020714
0,0,0.046853498
0,0,0.058437105
0,0,0.021682147
0,0,0.042227183
0,0,0.021927726
0,0,7.957468e-05
0,0,0.44642448
0,0,0.17406224
0,0,2.9871631e-05
0,0,0.3773707
1,0,0.47448897
0,0,0.008377308
0,0,0.2946975
1,0,0.054291002
1,1,0.7911518
0,0,0.060732357
0,0,0.022744881
0,0,0.17470503
0,1,0.76650196
0,0,0.2267285
0,0,0.10675326
0,0,0.42877996
0,0,0.26973894
0,0,0.45222738
0,0,0.107771315
0,0,0.38532582
1,0,0.395436
0,0,0.014817485
0,0,0.014323109
0,0,0.00644989
1,0,0.16523384
0,0,0.39165533
1,0,0.29693472
0,0,0.025963718
0,0,0.0143648675
0,0,3.758394e-05
0,0,0.21527193
0,0,0.22867996
0,0,0.041978016
1,0,0.4402502
0,0,0.034669455
0,0,0.1363576
0,0,0.07341164
0,0,0.13574612
0,0,0.2249738
0,0,0.0002719261
0,1,0.7787761
0,1,0.5955272
0,0,0.009959078
1,1,0.5587949
0,0,0.4535693
0,0,0.16879775
0,0,0.0027892299
0,0,0.46206158
0,0,0.01964834
0,0,0.13958472
0,0,0.4611328
0,0,0.27732491
0,0,0.038103856
0,0,0.22307849
0,0,0.32160127
0,0,0.23378943
0,0,0.026262837
0,0,0.23470446
0,0,0.26596376
0,0,0.32860968
0,0,0.4981883
1,1,0.8274623
0,0,0.2539062
0,0,0.0008836758
0,0,5.1547548e-05
0,1,0.57240194
0,0,0.084593795
0,0,0.0015745119
0,0,0.32212135
0,0,0.025962368
0,1,0.5770978
0,0,0.089231975
0,0,0.39484677
0,0,0.0044339923
0,0,0.051597472
1,0,0.19617873
0,0,0.20595646
0,0,3.5753972e-05
0,0,0.0537783
0,0,0.39345157
0,0,0.004513817
0,0,0.03545849
0,0,0.19857608
0,0,0.31382307
0,1,0.7656374
0,0,0.01723424
0,0,0.019759158
0,0,0.028665878
0,0,0.056298863
0,0,0.2783009
0,0,0.01715986
0,0,0.07266049
1,1,0.8627411
0,0,0.014200341
0,0,0.28355882
0,0,0.027825454
0,0,0.18147139
0,0,0.16435449
0,0,0.045520235
0,1,0.5035729
0,1,0.62375724
0,0,0.05305314
0,0,0.05162229
0,0,0.35319102
0,1,0.72766614
0,0,0.24272849
0,1,0.78079116
0,0,0.06699337
0,0,0.29970697
0,1,0.81035966
0,0,0.13930851
0,0,0.019205235
0,0,0.05232377
0,0,0.09450914
0,0,0.03822569
0,0,0.055773575
0,0,0.026781857
0,0,0.009279457
0,1,0.5180995
1,1,0.64718634
0,0,0.3804949
1,1,0.8151307
0,0,0.014614777
0,0,0.059462015
0,0,0.11439084
0,0,0.28313965
1,1,0.838382
0,0,0.10041875
0,0,0.2983146
1,1,0.6184293
0,0,0.022053326
0,0,0.042320464
0,0,0.23447627
0,0,0.022713898
0,0,0.30654874
0,0,4.6140238e-05
0,1,0.53301316
0,0,0.16318953
0,0,0.122278355
0,0,0.4737327
1,1,0.71228117
0,0,0.12119946
0,0,0.038837697
0,0,0.41125515
0,0,0.43566683
0,1,0.5375936
1,0,0.47370377
0,1,0.7745802
0,1,0.56250733
0,0,0.005823586
0,0,0.17933765
0,0,0.11188026
0,0,0.022172851
0,0,0.028416995
0,0,0.17732725
0,1,0.51936316
0,0,0.084359236
0,1,0.7265115
1,1,0.74388784
0,0,0.16299608
1,0,0.49754047
0,0,0.2818568
0,0,0.0024174075
0,0,0.09695329
0,0,0.0019731787
0,0,0.17797376
1,0,0.3449718
1,1,0.6049094
0,0,0.0035687299
0,0,0.0401504
