Actual,Predicted,Probability
0,0,0.033212215
0,1,0.5880625
0,0,0.018497003
0,0,0.009922861
1,0,0.25319636
1,1,0.6229062
0,0,0.036745917
0,1,0.64368707
0,1,0.7332362
0,0,0.28110895
0,1,0.7899395
0,1,0.79496974
0,0,0.49170533
0,0,0.009758067
0,1,0.7099554
0,0,0.053978246
0,0,0.00971831
0,0,0.10676703
0,0,0.2159386
0,1,0.86101276
0,1,0.6564813
0,0,0.17372143
0,1,0.60299855
0,0,0.0010732107
0,0,0.09678434
0,0,0.029914057
0,0,0.3505443
1,1,0.94709384
0,0,0.20557444
0,1,0.6191434
0,0,0.035655674
0,1,0.537151
0,0,0.004919445
0,0,0.017896313
0,0,0.0060718567
0,0,0.0002380589
0,0,0.07670101
0,0,0.30402538
0,0,0.21045013
0,0,0.0930444
0,1,0.81494874
1,1,0.81000614
0,0,0.07306545
0,1,0.6209986
0,0,0.19853412
0,0,0.2601213
0,0,0.08231161
0,1,0.58359766
0,0,0.048768476
0,0,0.028918419
0,1,0.7411085
0,0,0.314354
0,0,0.14709859
0,0,0.0037061346
0,1,0.82607466
0,0,0.20314626
0,0,0.06405464
1,1,0.5729498
0,0,0.2894794
0,0,0.028910605
0,0,9.5653966e-05
0,0,0.18707405
0,1,0.7012202
0,0,0.17286815
0,0,8.740501e-05
1,1,0.54980725
0,1,0.8638213
0,0,0.17451835
1,0,0.4575497
1,1,0.70431703
0,0,0.49859378
0,0,0.019019669
0,0,0.027424753
1,1,0.8495646
0,0,0.12871933
0,0,0.015610788
0,0,0.4738926
0,0,0.08719547
0,0,0.057132382
0,0,0.33471963
0,0,0.0039208937
0,0,0.4318876
1,1,0.8801374
0,0,0.011136118
0,1,0.7915298
0,0,0.009349542
0,0,0.19072554
0,0,0.16984996
0,0,0.23136371
1,1,0.8714547
1,1,0.5142719
0,1,0.6686199
0,0,0.0034654746
0,0,0.40292788
0,0,0.29960173
0,1,0.52224034
0,0,0.029798478
0,0,0.0065360623
0,1,0.5622043
0,1,0.51952827
0,0,0.26020914
0,0,0.08009425
1,1,0.7408625
0,0,0.031428184
0,0,0.00031373397
0,0,0.1518122
0,0,0.0683111
0,0,0.010959169
0,0,0.014391607
0,0,0.00064165884
0,0,0.210862
0,1,0.5356004
0,0,0.45733392
0,0,0.21786787
0,0,0.0005815546
0,0,0.34937936
0,0,0.29397914
0,1,0.6940076
0,0,0.0012114282
0,0,0.21627808
0,1,0.91422343
0,1,0.65467554
0,0,0.17600507
0,1,0.63987434
1,1,0.882716
0,1,0.658607
0,0,0.009238401
0,1,0.90336174
0,0,0.10385305
0,0,0.30334985
0,1,0.60586405
0,0,0.34575546
0,1,0.5502758
0,0,0.00012162583
0,0,0.025451323
1,0,0.35097253
0,0,0.01734912
1,1,0.5536153
0,1,0.5099783
1,0,0.15661421
0,0,0.13941625
1,1,0.7658207
0,0,0.32411957
0,0,0.048974082
0,0,0.035762563
0,0,1.218741e-05
0,1,0.6412459
0,0,0.3251814
0,0,8.740501e-05
0,1,0.73224646
0,0,0.22283286
0,0,0.32026744
0,1,0.71994996
0,1,0.62859184
0,0,0.18873541
0,0,0.011750191
1,1,0.595353
1,1,0.794704
0,0,0.10940933
0,0,0.01311995
0,0,0.20870018
0,0,0.11329649
0,0,0.0037385945
0,1,0.6925083
0,0,0.48313305
0,0,0.29730293
0,0,0.006552667
0,0,0.050351616
0,0,0.048611198
0,0,0.3903173
1,1,0.9186401
0,0,0.0067579076
0,0,0.0038053528
0,0,0.39358494
0,0,0.0048572216
0,0,0.3503755
1,1,0.6455785
0,0,0.011854512
0,1,0.8207402
0,0,0.07140352
0,1,0.5629333
0,0,0.41388777
1,1,0.9335501
0,0,0.031711027
0,1,0.82793766
0,0,0.42394584
0,1,0.7552254
0,1,0.66162896
0,0,0.04962237
0,1,0.76846695
0,0,0.0058379094
0,0,0.0005212829
0,0,0.025425246
0,0,0.114169516
0,0,0.013390765
0,1,0.81274974
0,1,0.8793854
0,0,8.724297e-05
0,1,0.5315129
0,1,0.7107548
0,0,9.260957e-05
1,0,0.22700839
0,0,0.26648974
1,1,0.7544637
0,1,0.86301404
0,0,0.24869649
0,0,0.15549175
0,0,0.44964308
0,1,0.6426328
0,0,0.16631298
0,0,0.32374674
0,1,0.5105927
0,1,0.7189838
0,0,0.2304525
1,1,0.83645284
0,0,0.0034236654
0,1,0.80326545
1,1,0.85474384
0,0,0.4104162
0,1,0.59530526
1,1,0.6766813
0,0,0.0025303205
1,1,0.74306804
0,0,0.023239955
0,0,0.017637605
0,0,0.053835943
0,0,0.012824758
1,0,0.3942565
0,0,0.09120771
0,0,0.48340595
0,0,0.051138725
0,1,0.7287624
0,0,0.000266093
0,1,0.5826461
0,0,0.014595967
0,0,0.015886698
0,0,0.2562112
0,0,0.000266093
0,0,0.3132369
0,1,0.6469215
0,0,0.013256761
0,0,0.1520391
1,1,0.84690094
0,1,0.7775336
0,0,0.062329877
0,0,0.44350556
0,1,0.89536655
0,0,0.011495745
0,0,0.00806177
1,0,0.4664196
0,0,0.35071412
0,0,0.004361711
1,1,0.8218258
0,0,0.087851524
0,0,0.01578751
0,0,0.004738244
0,0,0.029788898
0,0,0.017924981
0,1,0.80998677
0,0,0.053245556
0,0,0.032035843
0,0,0.19473928
0,0,0.2293513
0,0,0.3421472
0,1,0.5170941
0,0,0.49369588
0,0,0.048943557
0,0,0.036259625
0,0,0.041228555
0,0,0.13189913
0,0,0.38689372
0,1,0.63855815
0,0,0.15520759
0,0,0.1572622
0,1,0.887556
1,1,0.6886609
0,0,0.033322275
0,0,0.0033380904
0,0,0.0041645374
0,0,0.00017327412
0,1,0.809851
0,0,0.48623398
0,0,0.08035315
0,0,0.007781306
0,0,0.00044374666
0,1,0.7652587
0,0,0.31397223
0,0,0.18677358
1,1,0.8117046
0,0,0.11192335
0,0,0.006316756
0,1,0.7090282
0,0,0.23178692
0,1,0.5162769
0,0,0.17924652
0,0,0.1432371
0,0,0.42194554
0,0,0.0008313206
1,1,0.8295944
1,0,0.43346724
0,0,0.20005605
0,0,0.033298537
0,1,0.643596
0,0,0.3052681
0,0,0.043847818
0,0,0.049879078
0,1,0.82143265
0,1,0.564637
0,1,0.51900685
0,0,0.36999422
0,0,0.15340725
0,0,0.17701301
1,1,0.77893853
1,1,0.59119123
0,0,0.28707647
0,0,0.009326176
0,1,0.7022284
0,0,0.35184482
0,0,0.0079660565
0,1,0.5316169
0,0,0.06891056
0,0,0.0647962
0,1,0.67324936
0,0,0.30674848
0,0,0.090075485
0,0,0.010619174
0,0,0.102663435
0,0,0.40173137
1,1,0.7206141
1,1,0.8620894
1,1,0.8288029
0,0,3.9323193e-05
0,1,0.8112035
1,0,0.4681913
1,1,0.8895854
0,0,0.1228399
0,0,0.35929933
0,0,0.22256456
0,0,0.43042663
0,1,0.59855574
1,1,0.9659316
0,1,0.73086995
0,0,6.658693e-05
0,0,0.0029345276
0,0,0.0017048207
0,0,0.04231497
0,0,0.43167308
0,1,0.73494554
0,1,0.84360385
0,0,0.08811978
0,0,0.19706456
0,0,0.27322704
0,1,0.66638017
0,0,0.24363558
0,0,0.48497137
0,1,0.68584675
0,0,0.45175034
1,0,0.2776626
0,0,0.020157889
0,0,0.044578087
0,1,0.6818634
0,0,0.10566971
0,0,0.45791936
0,0,0.3044641
1,0,0.31532568
0,0,1.218741e-05
0,0,0.0036853973
0,1,0.5674369
0,1,0.6688082
0,0,0.07734161
0,1,0.6076799
0,0,0.118372925
0,0,0.06367824
0,0,0.25406617
0,0,0.05972588
0,0,0.00015056612
0,1,0.78235024
0,0,0.43407792
0,1,0.8059411
0,1,0.76259935
0,0,0.13767913
0,1,0.57261235
0,0,0.1333842
0,1,0.8450968
1,1,0.83669794
0,0,0.48129556
0,1,0.71031946
0,0,0.119461045
0,0,2.6747566e-05
0,0,0.3062973
0,1,0.7438788
0,0,0.004741823
0,0,0.0101065645
0,1,0.8428462
0,0,0.48110983
0,0,0.06334702
0,0,0.32548934
1,1,0.7954505
0,1,0.8280742
0,0,6.0284954e-05
0,0,0.16473685
0,1,0.5120862
0,1,0.5919743
0,1,0.5397768
0,0,0.04289224
0,0,0.15120217
0,0,0.06635796
0,0,0.1957984
0,0,0.000104406994
0,0,0.07994464
0,1,0.50716305
0,0,0.063567914
0,1,0.7637561
0,0,0.111607246
1,1,0.7939723
1,0,0.3004153
0,1,0.6021499
0,0,0.00088757946
0,0,2.1040345e-05
0,1,0.5927368
0,0,0.10732125
0,1,0.7651879
0,0,0.043397177
0,1,0.51106936
0,0,0.012605218
0,0,0.44118965
0,0,0.050219387
0,1,0.92073756
0,1,0.7092472
0,0,0.004971903
0,0,6.065586e-05
1,0,0.37646663
0,0,6.1502804e-05
0,0,0.1138179
0,0,0.115389675
0,1,0.533732
0,0,0.3512702
0,1,0.51219046
0,0,0.17539914
0,0,0.002939489
0,0,0.21218787
0,1,0.6507445
0,0,0.0035899726
0,1,0.63540673
0,0,0.007457395
0,0,0.116559766
0,0,0.04667485
0,0,0.32326284
0,0,0.17523344
0,1,0.8234596
0,1,0.83601344
0,1,0.64560765
0,1,0.82148767
0,1,0.731508
0,0,0.002358746
0,0,0.000987051
0,1,0.88595665
0,1,0.5472859
0,0,0.048130754
0,1,0.77418894
0,1,0.5472765
0,0,0.093408704
0,0,0.055954993
1,0,0.44483182
0,0,2.9354142e-05
0,0,0.24304487
0,1,0.8059094
0,0,0.0102398265
1,1,0.66139776
0,1,0.52226543
0,0,0.4295074
0,1,0.6138705
0,0,3.386797e-05
0,0,0.082551055
0,0,0.08448401
0,0,0.030946132
0,0,0.45184043
0,1,0.6949362
0,0,0.16895674
0,0,0.045677397
0,1,0.7254868
0,0,0.48664853
0,1,0.63573754
0,0,0.009302222
0,0,0.00031563998
0,0,0.013445505
0,0,0.18111393
0,0,0.44618842
0,0,0.004181285
0,1,0.55761194
0,1,0.5548771
0,0,0.37933275
0,0,0.00054952083
0,0,0.003020263
0,0,0.012755668
0,0,0.019748757
0,0,0.035274334
0,0,4.5198212e-05
0,1,0.5823038
0,0,0.046231408
1,1,0.75512785
0,1,0.8066197
0,0,0.15887222
0,0,0.24727492
0,0,0.027028488
0,0,2.9354142e-05
0,0,0.11095714
0,1,0.9066614
0,0,0.035275746
0,1,0.7146746
0,0,0.027762795
0,0,0.29405412
0,1,0.74236494
0,0,0.04226464
0,1,0.7099796
0,1,0.5327123
0,0,0.15019952
0,0,0.3297259
1,1,0.65741307
0,1,0.58431715
0,0,0.38921297
1,1,0.8681925
0,1,0.8028251
0,0,0.19574577
1,0,0.021234436
0,1,0.7161247
0,0,0.49792197
0,0,0.052465882
1,1,0.68183744
0,0,0.0007370889
0,0,0.2428993
1,1,0.84200364
0,1,0.81426173
0,0,0.02127367
0,0,0.20248109
0,1,0.6458427
0,0,0.02104767
0,0,0.3197951
0,0,0.11725194
0,0,0.07444039
0,0,0.03354795
0,0,0.028562786
0,0,0.017095987
0,1,0.64092153
0,0,0.01737665
0,1,0.7606223
0,0,0.45316857
1,1,0.8515269
0,0,0.124119475
0,0,0.17297031
0,0,0.011747988
1,1,0.6733975
0,0,0.020948283
0,0,0.0040455153
0,0,0.02213921
0,0,0.18721819
0,1,0.7903756
0,0,0.027882075
0,0,0.009922861
0,0,0.022784527
0,0,0.28543666
0,0,0.0006491319
0,0,0.16013075
0,0,0.011602037
1,1,0.802855
0,0,0.057178497
0,0,0.47929868
0,0,0.118869
0,0,0.039829027
1,0,0.42726713
0,0,0.07649372
0,0,0.06032359
1,1,0.5911265
0,0,0.45887798
1,1,0.79707956
0,0,0.0944426
0,0,0.028289134
0,1,0.6348616
0,1,0.89372575
0,0,0.106736414
0,0,0.007978905
0,1,0.5699387
0,1,0.93713015
0,1,0.88837594
0,0,0.08585564
0,1,0.58053845
0,0,0.019653484
0,1,0.8789342
0,0,0.00151648
0,0,0.0026921392
0,1,0.7703919
0,0,0.28660628
0,1,0.799159
0,1,0.8453359
0,0,0.41694114
0,0,0.04911345
0,0,0.0018481198
1,0,0.31658718
0,0,0.48775297
0,1,0.62152696
0,0,0.080839895
0,0,0.05881566
0,0,0.4735907
0,0,0.49280468
0,1,0.7295916
0,0,0.045764506
0,0,0.061738394
0,0,0.007917518
0,0,0.17006089
0,0,0.01092566
0,0,0.17415439
0,0,0.47838074
0,0,0.32673976
0,0,0.0011672421
0,0,0.12559032
0,1,0.8762828
0,0,0.05283084
1,1,0.7531752
0,1,0.64716434
0,0,0.03875645
0,1,0.853921
0,0,0.055879362
0,1,0.68780607
1,1,0.86799866
0,0,0.15180597
1,1,0.76777214
0,0,0.11359803
0,0,0.3611282
0,0,0.37011325
0,1,0.6699459
0,0,0.31022233
0,0,0.33090666
0,0,0.02143644
0,0,0.00064165884
0,1,0.8746684
0,0,0.43911943
0,0,0.09991001
0,0,0.027903957
0,0,0.010393487
0,1,0.82859695
0,1,0.56805706
0,1,0.71532035
0,0,0.0010958471
0,1,0.7795845
0,0,0.018939879
0,0,0.3448835
0,1,0.7049111
0,0,0.020730086
0,0,0.036860943
0,0,0.031806275
0,1,0.54708886
0,0,0.05914209
0,0,0.07843619
0,0,0.2726139
1,0,0.20711614
0,1,0.6337484
0,1,0.6487379
0,1,0.8710785
0,0,0.26325592
0,0,0.16929562
0,0,0.0065096887
1,1,0.70700216
0,0,0.25679117
0,0,0.14980325
1,1,0.80474263
0,0,0.19640447
0,0,0.0008034502
0,0,0.0026548542
0,0,0.3743705
0,0,0.078992136
0,0,0.011791387
0,0,0.23644204
0,0,0.281901
0,0,0.14470376
0,0,0.15685238
0,1,0.7541404
0,0,0.20310438
0,0,2.9354142e-05
1,1,0.5648776
0,1,0.7594361
1,1,0.8089759
0,0,0.33218545
0,0,6.398967e-05
0,0,0.18458553
1,1,0.9498913
0,1,0.80872536
0,0,0.27791652
0,1,0.7748249
0,0,0.07859929
0,0,0.1837673
0,0,0.2599676
0,0,0.00020366238
0,0,0.1776959
0,1,0.84150124
0,0,0.034684427
0,0,0.0016346719
0,0,0.041754056
0,0,0.39222747
0,1,0.7055297
0,0,0.023201307
0,0,0.027539987
1,1,0.59043425
0,0,0.1403279
0,0,0.005525223
0,0,0.017924981
0,0,0.0043936563
0,1,0.61904377
0,0,0.0001148937
0,0,0.22485317
0,0,0.31365517
0,0,0.46913454
1,1,0.81822556
0,0,0.29461
0,0,0.15422864
0,0,0.19599165
0,0,0.25046885
0,0,0.044068992
0,0,0.033375815
0,0,0.19580498
0,0,0.17707591
0,0,0.12826897
0,0,0.4671949
1,1,0.82105815
0,0,0.021172242
0,0,0.011692569
0,0,0.0914381
0,0,0.0025004179
0,0,0.016484719
0,0,0.0061566406
0,0,0.35863703
0,0,0.056465235
0,0,0.030491533
1,1,0.5810359
0,0,0.32246217
0,0,0.35356057
0,1,0.5250905
0,0,0.26451603
0,0,0.050473616
0,0,0.0029520555
0,0,0.3787372
0,0,0.14380828
0,1,0.6696267
0,1,0.61876017
0,0,0.050766427
0,0,0.0049213846
0,0,0.4492627
0,0,0.11952554
0,0,0.039382894
0,1,0.6413707
1,1,0.83518064
0,0,0.28072307
1,1,0.8670515
0,0,0.3499807
0,0,0.052900128
0,1,0.5226728
0,0,0.044140045
1,1,0.51407224
0,0,0.09073182
0,1,0.8264631
0,0,0.33017224
0,0,0.051978454
0,0,0.034184292
0,0,0.42731217
0,0,0.41131422
0,1,0.60559624
1,1,0.7224128
0,1,0.5870812
0,0,0.24174514
1,1,0.79401153
0,0,0.022171194
0,0,0.040688224
0,0,0.005046178
0,1,0.6551576
0,0,0.11234381
0,0,0.37072337
0,0,0.20671718
0,1,0.5054837
0,1,0.64604974
0,0,0.20006438
1,1,0.8099286
0,0,0.48193213
1,0,0.16875638
0,0,0.27082613
0,0,0.39878082
0,0,0.120138526
0,0,0.46203715
0,0,0.04290988
0,0,0.47532323
0,0,0.02552204
0,0,0.09103239
0,0,0.10006492
0,1,0.5159564
0,0,0.049217694
0,0,0.42973095
0,1,0.69900256
0,0,0.0038284154
0,1,0.7223482
0,0,0.014645284
0,0,0.07218682
0,0,0.10988674
0,0,0.1267979
0,0,0.123512134
0,0,0.30471966
0,0,0.1496194
0,0,0.18252645
0,0,0.08145773
0,0,0.16168755
0,0,0.48349297
0,0,0.18237957
0,0,0.012373448
0,0,0.23464234
0,0,0.14843191
0,0,0.05193593
0,0,0.082760125
0,1,0.56486434
1,1,0.81584847
1,1,0.5543883
0,0,2.9354142e-05
1,0,0.42685312
0,0,0.10096622
0,0,0.1566455
0,0,4.785635e-05
0,0,0.00028138518
0,0,0.023190599
0,0,0.19206096
0,0,0.061889894
0,0,0.18128552
0,0,0.082048126
1,1,0.7225743
0,0,0.039525516
0,0,0.29796192
1,1,0.7581375
1,1,0.68578684
0,0,0.011136118
1,1,0.5576141
0,0,0.0081668245
0,0,0.09003389
0,0,0.0015590613
0,0,0.40909335
0,0,0.14641874
0,1,0.6006812
0,0,0.022785269
0,0,3.386797e-05
1,1,0.89254224
0,0,0.114209816
0,0,0.15032445
0,0,0.030998006
0,1,0.81120753
0,1,0.58511627
0,0,0.18741365
0,1,0.59428954
0,1,0.5723427
0,0,0.07397603
0,0,0.15196231
0,0,0.35239607
0,0,0.16091841
0,0,0.077309676
0,0,0.03354331
1,1,0.7785397
0,0,0.0830796
0,0,0.02362177
0,0,0.40083846
0,0,0.18064533
0,0,0.32191557
0,0,0.27642518
0,0,0.1812039
0,1,0.5148763
0,0,0.25841194
0,1,0.7748684
0,0,0.19480993
0,0,0.004865346
0,0,0.06448207
0,0,0.3229996
0,0,0.16799293
0,0,0.048686586
0,0,0.0077478057
1,0,0.4469883
0,0,0.34758192
0,1,0.78278065
0,1,0.61074054
0,1,0.6148909
0,1,0.5293424
0,1,0.85307264
0,0,0.016985668
0,0,0.25992975
0,1,0.52653956
0,0,0.067884475
0,1,0.7709569
0,0,0.15584807
0,0,0.011724853
0,0,0.04663076
1,1,0.7628052
1,1,0.508911
0,0,0.29365903
1,1,0.91564775
0,0,0.33986858
0,1,0.7522401
0,0,0.1406445
0,0,0.49858755
0,0,0.04555154
0,1,0.5800608
0,0,0.14690655
0,0,0.3458141
0,1,0.7124616
0,0,0.019212035
0,0,0.05138385
0,0,0.1376728
0,0,0.42867687
0,0,0.041141797
1,1,0.86697596
0,1,0.56640756
0,0,0.027595343
0,0,0.02625395
0,0,0.08883029
0,1,0.6810277
0,0,0.1364568
0,0,0.000266093
0,0,0.24292938
0,0,0.150686
0,1,0.68784034
0,0,0.0751765
0,0,0.14976427
0,0,0.33761925
0,0,0.087039515
0,1,0.7210419
0,0,0.057421412
0,1,0.55431056
0,1,0.5368894
0,1,0.6449078
0,0,0.34644705
0,0,0.06976574
1,1,0.7101002
0,1,0.77234447
0,0,0.057375185
0,0,0.36084855
0,1,0.8652633
0,0,0.21113546
0,0,0.33560523
0,0,0.028570322
0,1,0.8755857
0,1,0.8148441
0,0,0.33258557
0,0,0.16994855
0,1,0.5412018
0,0,0.2970712
0,0,0.01396844
1,1,0.62645817
0,0,5.8972662e-05
0,1,0.54511297
0,1,0.5203885
0,1,0.56682014
0,0,8.175677e-05
0,1,0.7830797
0,0,0.34222388
0,0,0.49459827
0,0,0.00296335
1,1,0.5773047
0,0,9.6836135e-05
0,0,0.004686653
0,1,0.5685333
0,0,0.46567526
0,1,0.5924987
0,0,0.022173643
0,0,0.14852804
0,0,0.3580596
0,1,0.8202715
0,0,0.009159425
1,1,0.87178975
0,1,0.79430455
0,0,0.031439472
0,0,0.013200541
0,0,0.05213423
0,1,0.8236082
0,0,0.2858769
0,0,0.27906978
0,0,0.015986381
0,1,0.80341786
0,1,0.6537447
0,1,0.6384534
0,0,0.17092139
0,0,0.4063437
0,0,0.0052334545
0,1,0.79439586
0,1,0.5998819
0,0,0.058687374
0,0,0.02199649
1,0,0.41355592
0,0,0.13347137
1,1,0.77832186
0,0,0.35805857
0,0,0.28672296
0,0,8.9257876e-05
0,0,0.0063487203
0,0,7.926984e-05
0,0,0.3421472
1,0,0.3655659
0,1,0.52147746
0,1,0.7216783
0,1,0.76333284
0,0,0.11727368
1,1,0.6521186
0,0,4.5198212e-05
0,1,0.8139014
0,1,0.8381051
0,0,0.1062148
0,1,0.75273144
0,0,0.047048483
0,0,0.3698894
0,1,0.8365321
0,0,0.013770675
0,1,0.57793915
1,1,0.69034857
1,0,0.04036336
0,0,0.06766628
0,0,0.18021803
0,0,0.020635018
0,0,0.32039732
0,0,0.055245373
0,1,0.68722546
0,0,0.2571351
0,1,0.8013244
0,0,0.06551608
1,1,0.69349754
1,1,0.7492506
0,1,0.8421574
0,0,0.017298993
0,0,0.049491435
0,0,0.049118157
0,0,0.3670044
0,0,0.0071315984
0,0,0.0019362505
1,1,0.54526323
0,1,0.666044
0,0,0.10581733
0,0,0.051745635
0,0,0.06888592
0,0,0.058317173
0,0,0.44177073
1,1,0.88577557
1,1,0.8366403
0,0,0.11083261
0,0,0.21710634
0,0,0.36388373
0,0,0.023061493
0,0,0.05521334
0,0,0.19145174
0,1,0.82715786
0,1,0.5434174
0,0,0.00014096613
0,0,0.106343724
0,1,0.6022073
0,0,0.015079552
0,0,0.46886855
0,1,0.74272335
0,1,0.7780144
0,0,0.24747784
0,0,0.019075658
0,1,0.7320803
0,0,0.04139602
0,1,0.6956391
0,0,0.3161301
0,0,0.039364703
0,0,0.016733339
0,1,0.63015735
0,0,1.218741e-05
0,0,0.00018052754
0,0,0.20969003
1,0,0.37326247
0,0,0.05851844
0,0,0.09617968
0,1,0.71198773
0,0,0.29059726
0,0,0.4477078
0,0,0.18795764
0,0,0.13119149
0,0,0.11751649
0,0,0.105852365
0,0,0.029840533
0,1,0.8077526
0,1,0.8405894
0,0,0.00086795
1,1,0.853354
0,0,0.08941423
0,1,0.5593409
0,1,0.69705874
0,1,0.6143626
0,1,0.7465798
0,1,0.7621645
0,0,0.10622666
0,0,0.051396307
0,1,0.517455
0,0,0.065277696
0,0,0.47221565
0,0,0.014267771
0,0,0.3203264
0,1,0.8638567
0,1,0.6065127
0,0,0.061236322
0,0,0.15952365
1,1,0.761944
1,1,0.80304736
1,0,0.0063462122
0,0,0.26098406
0,0,0.42868063
0,1,0.5453189
0,1,0.56051797
0,0,0.22650824
0,0,0.2503159
0,0,0.07108083
0,0,0.07598941
0,0,0.18987182
0,0,0.11271775
1,1,0.567384
0,0,0.03935786
0,0,0.007415239
0,0,0.035346445
0,1,0.59494466
1,0,0.19364356
0,0,0.0008034502
0,0,0.37988263
1,1,0.7741469
1,1,0.9456559
0,1,0.7213796
0,0,0.35489213
0,0,0.4723591
0,0,0.019625798
0,0,0.10807587
1,1,0.6327421
1,1,0.588624
0,0,0.3803586
0,0,0.42662692
0,1,0.51982945
0,0,0.1309993
1,1,0.58934003
0,0,0.0042441897
1,1,0.8801063
0,0,0.036403578
0,1,0.6786363
0,0,0.09359438
0,0,0.10656986
0,0,0.00083640584
0,1,0.741083
0,0,0.11947041
0,1,0.7324694
0,0,0.18786755
0,0,0.48522624
1,1,0.7445537
1,1,0.6443381
0,0,0.111668296
0,0,0.36579043
0,1,0.86228013
0,0,0.030207952
0,0,0.13070199
0,0,0.032114517
0,0,0.012370495
0,0,0.000226616
0,0,0.027762795
1,1,0.83349544
0,1,0.65990853
0,1,0.53394467
0,0,0.059869274
0,1,0.5495271
0,0,0.06586667
1,1,0.78009355
0,0,0.118235976
0,0,0.44323725
0,0,0.1333092
1,1,0.8164542
0,1,0.7747711
0,1,0.75533324
0,0,0.30806667
0,1,0.76579505
0,0,0.16143845
1,1,0.6530651
0,0,0.30560315
0,0,0.35050413
0,0,0.4395479
0,0,0.49983364
0,0,0.034782723
0,0,0.11221674
0,1,0.7081819
0,0,0.00013611952
0,0,0.0017984041
0,0,0.49640247
0,0,0.34696305
0,0,0.36037192
0,0,0.13316019
0,0,0.0027467404
0,0,9.6836135e-05
0,1,0.7740587
0,1,0.8116786
0,0,0.005960569
0,0,0.28883147
0,0,0.060122516
0,0,0.07084195
0,1,0.8399708
0,1,0.68878603
1,0,0.23313569
0,0,0.0023783206
0,0,0.04669452
0,1,0.57262766
0,1,0.72136796
1,1,0.6358029
0,0,0.16698687
0,1,0.66434747
0,0,0.40958568
0,0,0.005851311
0,0,0.036849964
0,0,0.07017026
0,0,0.0069556194
0,1,0.7191869
1,1,0.6559945
0,0,0.36356074
1,0,0.20006242
1,1,0.5092012
0,0,0.18413998
0,0,0.45630366
0,0,0.012814872
0,0,0.02537784
0,0,0.015343116
0,1,0.5268996
0,0,0.4213035
0,0,0.0014627046
0,0,0.10433884
0,0,0.4070648
0,1,0.5421908
0,1,0.5103248
0,0,0.021019025
0,0,0.26929393
1,1,0.58716094
0,1,0.5008525
1,0,0.49696368
0,1,0.75998086
0,0,0.26228154
0,0,0.09541747
0,0,0.17819631
0,1,0.63871634
0,0,0.043370802
0,0,0.10450614
0,0,0.045889035
0,0,0.033843365
0,0,0.26305726
0,1,0.7429634
0,0,0.19718239
0,0,0.34575546
0,0,0.36294132
0,0,0.1558795
0,0,0.09590819
0,0,0.3802092
0,0,0.29377404
0,1,0.7435462
0,0,0.013150756
0,0,0.03214554
0,0,0.092269465
1,1,0.6698872
0,0,0.33095175
0,0,0.019057723
0,1,0.7309703
0,0,0.32215565
0,0,0.2289681
0,0,6.065586e-05
0,0,0.22906156
0,0,0.17707591
0,0,0.45630366
0,0,0.06756231
0,0,0.022641368
0,0,0.016128398
0,0,0.0801587
0,0,0.08110169
0,0,0.06109816
1,1,0.88737124
0,0,0.09096398
0,0,0.24577732
0,0,0.13350311
0,0,0.0026064608
0,0,0.08544379
0,1,0.7319664
0,0,0.007853503
0,0,0.28476578
0,0,0.005881286
0,0,0.047614917
0,0,0.056660276
0,0,0.04024539
0,0,0.21001258
0,0,0.0068000015
0,0,0.039961565
0,0,0.17659944
0,1,0.52711153
0,0,0.12901847
0,0,0.046444356
1,1,0.6507445
1,1,0.8852174
1,1,0.52566326
0,0,9.188938e-05
0,0,0.033320185
0,1,0.59160125
0,0,0.11736387
0,0,0.02732901
0,0,0.39834103
1,1,0.59295005
0,0,0.028519886
1,1,0.84095657
0,0,0.07574298
0,1,0.78429526
1,0,0.46132895
0,0,0.0065364405
0,1,0.7670507
0,0,0.4440696
0,0,0.064499766
0,1,0.805108
0,0,0.37967184
0,0,0.3370455
0,0,0.009544084
1,1,0.68602186
0,0,0.3349842
1,1,0.8156765
0,0,0.3774369
0,1,0.80754805
0,0,0.0001488856
0,1,0.89717215
0,0,0.40622056
0,1,0.6136637
0,1,0.62863135
1,0,0.35541105
0,0,0.100235805
0,0,0.0078001255
0,0,0.036849752
0,0,0.0046135844
1,1,0.51223195
0,1,0.6759782
0,1,0.70296276
0,0,0.006157318
0,0,0.035803035
0,0,0.27529094
0,1,0.7558952
0,1,0.73946685
0,1,0.7906105
0,0,0.023055092
0,0,0.008149944
0,1,0.629402
0,1,0.75289136
0,1,0.52226144
0,0,0.0008034502
0,0,0.050144352
0,1,0.6084134
0,0,0.37111205
1,1,0.521163
0,0,0.08794836
0,0,0.005305419
0,0,7.845951e-05
0,0,0.042825945
0,0,0.08656595
0,1,0.7476787
0,1,0.88715464
0,0,0.259638
1,1,0.8126489
1,1,0.7849967
0,1,0.7341576
0,0,0.47221604
1,1,0.82328784
0,1,0.8395237
0,1,0.7859289
0,1,0.589934
0,1,0.84256876
0,0,0.13419212
0,0,0.04784454
1,0,0.06019951
0,0,0.45626414
0,1,0.7817149
0,0,0.05424573
0,0,0.22308093
0,0,0.019021893
0,0,0.07245379
0,0,0.2919919
0,0,0.49121827
0,0,0.14443316
0,0,3.386797e-05
0,0,0.0035277838
0,0,0.04690922
0,0,0.09935041
0,0,0.08792891
0,1,0.5174676
1,1,0.9265912
0,0,0.4445328
0,0,0.2108829
0,1,0.52925473
0,1,0.6898112
1,0,0.21226549
0,1,0.6208438
0,1,0.63237464
0,1,0.55631626
0,0,0.25421068
0,1,0.6505258
0,0,0.00064165884
0,0,0.16537699
0,0,0.43237796
0,1,0.5616191
0,0,0.19917516
0,1,0.6582021
0,0,0.024443703
1,0,0.35050413
0,0,0.004734861
0,0,0.18190056
1,1,0.6305594
0,0,0.37679633
0,0,0.44556114
0,0,0.024046713
1,1,0.8217035
0,0,0.0003595916
0,1,0.5277186
0,0,0.14152057
0,1,0.84881353
1,1,0.6645195
0,0,0.023342196
0,1,0.7189487
0,0,0.0009005874
0,0,0.0015358303
1,1,0.6116617
1,1,0.82940465
1,1,0.8998651
0,0,0.08380293
1,0,0.29152632
1,1,0.70749086
0,0,0.11216249
0,0,0.009758694
0,0,0.07429744
0,0,0.13402948
0,0,0.49717328
1,0,0.41834503
0,1,0.8345566
0,0,0.0046631573
0,0,0.013390765
0,0,0.06032352
0,0,0.32055914
0,0,0.0023551008
0,0,0.049491435
0,1,0.532798
0,1,0.69256365
1,0,0.38779077
0,0,0.09541747
1,0,0.3684637
0,1,0.7285836
0,1,0.56746906
0,0,0.052389752
0,0,0.14567187
0,0,0.14056379
0,1,0.85074407
0,0,0.16981715
1,1,0.7505359
0,0,0.28839973
1,1,0.5259383
0,0,0.034266
1,1,0.8767356
0,0,0.023140078
0,0,0.41015115
0,0,0.09578284
0,0,0.0019805103
1,0,0.052322038
0,0,0.30710724
0,0,0.09324914
0,0,0.00011382775
0,0,0.3830289
0,0,0.15103392
0,0,0.06603106
0,1,0.67069125
0,0,0.0024679957
0,1,0.5948811
0,1,0.56063837
0,0,0.43054253
1,1,0.7112425
1,1,0.6637236
0,1,0.7069085
0,0,0.1754102
0,0,0.030406015
1,1,0.82859695
1,1,0.9131537
1,1,0.55021787
0,0,0.050686903
0,0,0.08910173
1,0,0.007235493
0,0,0.1751716
0,0,0.025432602
1,1,0.73904794
0,0,0.000485728
0,1,0.6052526
1,0,0.30093873
0,0,0.005172725
0,0,0.029914057
0,1,0.8419014
0,0,0.10992416
0,0,0.44273886
0,1,0.8241055
0,0,0.051230602
0,0,0.029116662
0,0,0.009005344
0,0,0.31438085
0,0,0.3150518
0,0,0.036439884
0,1,0.7983552
0,0,0.027400997
0,0,0.42648298
0,0,0.22530998
0,0,0.4496621
0,0,0.01708073
0,1,0.6997222
0,0,0.00064165884
0,0,0.0017844755
0,1,0.80697984
0,0,0.27078825
0,0,0.118356004
0,0,0.19015682
1,1,0.5324346
0,0,0.15093897
0,0,0.12770866
0,0,0.055013344
1,0,0.4935241
0,0,0.03618786
0,0,0.3695077
0,0,0.03731301
0,0,0.015324692
0,0,0.07121154
1,1,0.5927233
0,0,0.0017073674
1,1,0.8305295
0,0,0.0007060711
0,0,0.10588252
0,0,0.071487896
1,1,0.7278585
0,0,0.0075275083
0,0,0.017000189
0,0,0.0087436605
0,0,0.0010958471
0,0,0.056884747
1,0,0.29077378
0,1,0.61700165
0,0,0.38775277
1,0,0.46983248
0,1,0.786824
1,1,0.7191863
0,0,0.06763143
0,1,0.74418527
0,0,0.0059024924
0,0,0.23398115
0,0,0.24462064
1,1,0.84061986
0,0,0.05266033
1,0,0.24814156
0,0,0.0062608477
0,0,0.12513882
0,1,0.84515756
0,0,0.2889569
0,1,0.5576357
0,0,0.008039133
0,1,0.53061604
0,0,0.08888349
0,0,0.24604803
1,1,0.62580043
0,0,0.0015942818
1,1,0.7257111
0,0,0.21082778
0,0,0.1428488
0,0,0.026093861
0,0,0.012757806
0,0,0.0029050852
0,1,0.65824234
0,0,0.0057605496
0,0,0.30444372
0,0,0.41368064
0,0,0.19599165
0,1,0.7593615
0,0,0.049335085
0,0,0.06804311
0,1,0.8582699
0,0,0.019820461
1,1,0.74640507
0,0,0.24016564
0,0,0.006314598
1,0,0.020623036
0,0,0.015258026
0,0,4.121043e-05
0,0,0.1514201
0,1,0.59459686
0,0,0.39202538
0,0,0.20790741
0,0,0.39431512
0,0,0.014012947
0,0,0.04923226
0,0,0.04119852
0,0,0.013487886
0,0,0.10879985
0,0,0.021128865
1,1,0.8336751
1,1,0.7041668
0,1,0.5118705
0,0,0.030882295
0,0,0.024117226
0,0,0.16041075
0,0,0.40032047
0,1,0.7584597
0,0,0.0289275
0,0,0.29756764
0,0,0.0014146967
0,0,0.44219038
0,0,0.006165517
0,1,0.57944626
0,1,0.72770756
0,0,0.021144457
0,0,0.4991579
0,0,0.47519618
0,0,0.04981355
1,1,0.82263845
0,0,0.011229954
0,0,0.021193402
0,0,0.03435668
0,0,0.015164261
0,0,0.007529411
1,1,0.7478844
0,1,0.5688387
0,0,0.25353697
0,0,0.028851274
1,1,0.59067106
0,1,0.52850705
0,0,0.09542414
0,0,0.020738455
0,1,0.52120626
1,0,0.146015
0,0,0.31283104
0,0,0.3307883
0,0,0.059528556
0,0,0.023957832
0,0,0.13206363
0,0,0.015250676
0,0,0.0005898764
0,0,0.03912266
0,1,0.8282704
0,0,0.06731131
0,0,0.12618919
0,0,4.4568515e-05
0,0,0.01909761
0,1,0.6733622
0,0,0.06659304
0,1,0.83049977
0,0,0.2408534
0,0,0.27560207
0,0,0.17976727
0,1,0.5608845
1,0,0.116606496
0,0,0.009429562
0,1,0.54337406
0,0,0.15312722
0,0,0.08081262
0,0,0.2050645
0,0,0.006380647
0,0,0.09181663
0,1,0.5559289
0,0,0.08122877
0,1,0.6656971
1,0,0.40778598
0,0,0.0010001155
0,0,0.0010732107
1,1,0.91745377
0,0,0.011238767
0,0,0.044746242
0,0,0.03017732
0,1,0.814754
0,0,9.781535e-05
1,1,0.7258814
0,1,0.5360243
0,0,0.015391551
0,0,0.007887949
0,0,0.0009663427
0,0,0.03162914
0,1,0.8063478
0,1,0.59997946
0,0,0.14879167
0,1,0.7830024
0,0,0.04178735
0,0,0.0009907938
1,1,0.84491277
0,1,0.5400984
0,0,0.012875475
0,1,0.5274115
0,1,0.73314065
1,1,0.6226471
0,0,0.003627701
1,1,0.83798486
0,0,0.15532407
0,1,0.8398918
0,0,0.4956099
0,0,0.008390382
0,0,0.39317974
0,0,0.024361508
0,0,0.38401726
0,0,0.06118676
0,1,0.8259298
0,0,0.27906978
0,1,0.587336
0,1,0.52277255
0,0,0.39069748
0,0,0.20216294
1,1,0.926952
1,1,0.6320453
1,1,0.6185767
0,0,0.016967604
0,0,0.15439261
1,1,0.8959925
0,0,0.019157661
0,0,0.06712372
0,1,0.85125756
0,0,4.0823663e-05
0,0,0.32152516
0,0,0.00012961192
0,1,0.8706872
0,0,0.013298918
0,0,0.0038648245
0,0,0.06546907
0,1,0.5675289
1,1,0.86907774
0,0,0.044581287
0,0,0.0038284154
1,1,0.8980326
0,0,0.08865287
0,0,0.20879379
1,1,0.8536098
0,0,0.05946922
1,0,0.10547159
0,1,0.811469
0,0,0.0065198517
0,0,0.012656586
0,0,0.083470866
0,0,0.14266019
1,1,0.522848
0,0,0.07697686
0,0,0.06187261
0,0,0.43398154
0,0,0.25079575
0,0,0.049879078
0,1,0.6778529
0,0,0.06501523
0,0,0.090920754
0,0,0.40615898
0,0,0.3975009
1,0,0.49616605
0,0,0.1354786
0,0,0.13605076
0,1,0.55026066
0,1,0.61589843
0,1,0.65818214
0,0,0.23006631
0,0,1.218741e-05
1,1,0.76904166
0,1,0.78860164
0,0,0.00013611952
0,0,0.28088376
0,0,0.037937075
0,0,0.39222747
0,0,0.41971707
0,0,0.3801641
0,0,0.11548699
0,0,0.085897535
1,1,0.83338577
0,0,0.094318874
1,1,0.8518718
0,1,0.5135371
0,0,0.057520945
0,0,0.24086441
0,0,0.39424723
0,0,0.3274106
0,0,0.003562162
0,1,0.64094365
0,0,0.096810296
0,0,0.024256717
0,0,0.06124782
0,0,0.00295071
0,1,0.5349565
0,0,0.00031927845
0,1,0.72170895
1,0,0.42307204
0,0,0.035400398
0,0,0.008844771
0,0,0.044286907
0,0,0.04806852
0,1,0.6491423
0,0,0.43058807
0,1,0.72647446
0,0,0.41945675
0,0,0.13492501
0,0,0.057650473
0,0,0.23270372
0,0,0.39898965
0,0,0.27126902
0,0,0.4687711
0,1,0.91970176
0,0,0.052680768
0,0,0.060940888
0,0,0.2963373
0,0,0.44927108
0,0,0.08857677
0,0,0.3561514
0,0,0.0528964
0,0,0.0057100533
0,0,0.008614693
0,0,0.3256229
0,1,0.651422
1,1,0.68774813
0,1,0.5457337
1,1,0.60767627
1,0,0.4355857
0,1,0.7155737
0,0,0.22817847
0,0,0.029850934
0,0,0.20740788
0,0,0.14137134
0,0,0.109981366
0,0,0.16570595
0,0,0.00012772191
0,1,0.5276271
0,0,0.0435493
0,0,0.014758786
0,1,0.52942336
0,1,0.54499
0,0,0.01419637
1,1,0.674888
0,0,0.15634158
0,0,0.013352666
0,0,0.27936026
0,0,0.294518
0,0,0.0658095
0,0,0.0062854183
0,0,0.0909988
0,0,0.04872556
0,0,0.003186395
0,0,0.015159135
0,1,0.7907862
0,0,0.31658718
0,1,0.67096466
1,1,0.72424626
0,0,0.04092148
0,0,0.14041032
0,0,0.3745311
0,1,0.62512517
0,0,0.040542666
0,0,0.008686413
0,1,0.64199084
0,0,0.0119773615
0,0,0.1087681
0,0,0.023525024
0,0,0.400639
0,1,0.78951955
0,0,0.19037844
0,0,0.00064165884
0,0,0.33218545
0,0,0.01261495
0,0,3.386797e-05
0,1,0.826056
0,0,0.05579879
0,0,0.4499279
0,0,0.45855504
0,0,0.3586857
1,1,0.84753567
0,0,0.49615303
0,1,0.79047585
0,0,0.082456395
0,1,0.7526952
0,0,0.015146277
0,0,0.18495916
0,1,0.6770522
0,0,0.017234918
0,0,0.0065056565
0,0,0.22334102
0,1,0.6571667
0,0,0.3096012
0,1,0.84088033
0,0,0.28236753
1,1,0.8132083
0,0,0.12841502
0,0,0.022177309
0,0,0.25682378
0,0,0.41132554
0,1,0.52890027
0,0,0.006168562
0,1,0.8951821
0,1,0.8278522
0,0,0.014613307
0,1,0.56008184
0,1,0.8645723
0,0,0.10266701
0,1,0.6728204
0,0,0.06881941
1,1,0.88022465
0,0,0.026799457
0,1,0.8676064
0,0,0.3195551
0,0,0.025460118
0,0,0.0037209694
0,1,0.8269572
0,0,0.024375064
0,0,0.13644296
1,1,0.84372634
0,0,0.0009592852
0,0,0.22976208
0,0,0.0006314531
0,1,0.65073276
0,0,0.071487896
1,0,0.3860097
0,0,2.9354142e-05
0,0,0.003435948
0,1,0.6780693
0,0,0.023239955
0,0,0.061483815
0,0,0.06813275
0,0,0.019820461
0,0,0.22809386
0,0,0.050806083
0,0,0.16621627
0,0,0.007781306
0,0,0.3930223
1,1,0.67924553
0,0,0.12368514
0,0,0.036555704
0,0,0.019737706
0,0,0.009058127
0,0,0.1710462
0,1,0.7503591
0,0,0.44061047
1,1,0.8330646
0,1,0.7351997
0,0,0.31277403
0,0,0.0068000015
0,1,0.79676926
0,0,0.08978416
0,0,0.04413363
0,0,0.005322283
0,0,0.33118537
0,0,6.0284954e-05
0,0,0.15856513
0,0,0.082700565
0,1,0.7576046
0,0,0.06877706
0,1,0.64009964
0,0,0.019070206
0,0,0.0045650126
0,1,0.5469018
0,0,0.015420114
0,0,0.3107765
0,0,0.005523332
0,0,0.21078858
0,0,0.088650174
0,1,0.53199434
0,0,0.37418723
0,1,0.5506998
0,1,0.54196244
0,1,0.52057475
0,0,0.18721217
0,1,0.5779848
0,0,0.04291282
0,0,0.37272444
0,1,0.7900525
0,0,0.1065497
0,0,0.12201
0,0,0.032471586
0,0,0.2728926
1,1,0.73352844
0,0,0.44942966
0,0,0.072449096
0,0,0.008707642
0,0,0.06745945
0,0,0.24765871
0,0,0.19451013
1,0,0.26460725
0,0,0.07305909
0,0,0.32700214
0,1,0.54780686
0,0,0.36314803
0,0,0.062151227
0,0,0.045415
0,0,0.015569564
0,1,0.6382325
0,0,0.024691625
0,0,0.18808992
0,0,0.32677647
0,0,0.23830503
0,0,0.46520665
0,0,0.42870808
0,1,0.583662
0,0,0.017497782
1,0,0.31326497
0,0,0.3109552
0,1,0.69695634
0,0,0.096483596
1,0,0.09174734
0,0,0.22856914
0,0,0.22520974
0,0,0.39185172
0,0,0.030331228
0,0,0.4712213
0,0,0.0020521122
0,0,0.0034561716
0,0,0.15353729
1,1,0.8677739
0,1,0.5520428
0,0,0.06585029
0,1,0.8955196
0,1,0.5252629
0,0,0.12516291
0,0,0.044653106
0,0,0.013783277
0,0,0.02114591
0,0,0.2490722
0,0,0.01891163
0,0,0.10657701
0,0,0.0014857068
0,0,0.0039679594
0,1,0.6625988
0,0,0.4239336
0,0,0.15817703
0,0,0.47974038
0,0,0.3813161
1,0,0.31936085
0,1,0.68049085
0,0,0.12783764
0,0,0.022460252
0,0,0.11104569
0,0,0.1088221
0,0,0.27374926
1,1,0.8901891
0,0,0.017924981
0,1,0.6526375
0,0,0.041945025
1,1,0.8370885
0,0,0.10829111
0,0,0.055069502
1,1,0.7710278
0,0,0.2666287
0,0,0.41005194
0,1,0.56288743
0,1,0.9040375
0,0,0.19415835
0,0,0.44318044
0,0,0.43218237
0,0,0.3597543
0,0,1.218741e-05
0,0,0.31265593
0,0,0.43494424
0,1,0.82265633
0,0,0.3068977
0,1,0.8608899
0,0,0.00599417
0,0,0.29836455
0,0,0.00013407042
0,0,0.033381037
0,1,0.6918364
0,0,0.4011313
0,1,0.64656013
0,0,0.0030974536
0,1,0.5660169
0,0,0.0060182796
0,1,0.67191815
0,1,0.5987239
0,0,0.31453946
0,0,0.0053913034
0,0,0.27654138
0,0,0.45184043
0,1,0.7434029
0,1,0.5854369
0,0,0.19895011
1,1,0.60105914
0,1,0.64247495
1,1,0.8908859
1,1,0.87370867
0,1,0.8919599
0,0,0.1355785
0,0,8.101421e-05
0,0,0.008256267
0,1,0.8147342
0,0,0.041462094
0,1,0.50308424
1,1,0.7310779
0,0,0.26565087
0,0,0.03325385
0,1,0.5401712
0,0,0.019527517
0,1,0.68914294
0,0,0.30402896
0,0,0.16472676
0,0,0.06286011
0,1,0.534799
0,0,0.4889441
0,0,0.2415156
0,0,0.48729795
0,0,0.07439538
0,0,0.039957028
1,0,0.15217228
0,0,0.019204319
0,0,0.28946218
0,0,0.22174174
1,1,0.68277735
0,0,0.35368782
0,1,0.8659611
0,0,0.071661115
0,1,0.5234557
0,0,0.25050223
0,0,0.021101333
0,1,0.6559945
1,0,0.33529916
0,0,0.36172616
0,0,0.24968399
0,1,0.77766716
1,1,0.7204123
0,0,0.015159135
1,1,0.62566316
0,0,0.26950547
0,1,0.5629625
0,1,0.63724625
1,0,0.20608999
0,1,0.7497143
0,0,0.29649737
0,0,0.11829186
0,0,0.011907321
0,0,0.054791234
0,0,0.044391524
0,0,0.055537995
0,0,0.031330645
0,0,0.11912825
0,0,0.32510394
0,0,0.15832847
1,1,0.83031625
0,0,0.18112472
0,1,0.78063875
0,0,0.084712684
0,0,0.4890834
0,0,0.27623835
0,0,0.49863794
0,0,0.0009464497
0,1,0.51158494
0,0,0.052772567
0,1,0.6243893
0,0,0.052680884
0,1,0.80723745
0,1,0.5509044
0,0,0.009099755
0,0,0.0057595144
1,0,0.39494014
0,0,0.06421083
0,0,0.18441322
0,0,0.29862142
0,1,0.8084947
0,0,0.18640988
0,0,0.40517312
0,0,0.07711432
0,0,0.2560058
0,0,0.10164954
1,0,0.07198943
0,0,0.14646558
0,1,0.8445797
1,0,0.4339176
0,0,0.26569206
0,0,0.16606416
0,1,0.68870527
0,0,0.35851705
0,0,0.16030037
0,1,0.6997005
0,1,0.6063423
0,0,0.009561282
0,0,0.27088022
0,0,0.23539886
0,0,0.08678904
0,1,0.81593037
0,1,0.8283731
0,1,0.8602205
0,0,0.12794922
0,0,0.05947216
1,1,0.7532067
0,0,0.24233525
0,0,0.058466677
0,0,0.48469856
1,1,0.74642617
0,0,0.3819896
0,0,0.40267137
0,0,0.0068496494
0,0,0.021114796
0,1,0.73172754
0,0,0.016725197
0,0,0.057167187
0,0,0.00080238865
0,0,0.10661924
0,1,0.5461646
0,1,0.82579875
0,0,0.00031382134
0,0,0.026244277
0,0,0.22154747
0,1,0.5862156
0,0,0.01598695
0,0,0.35083002
0,0,0.2950072
0,0,0.04233415
0,0,0.39741167
0,1,0.7568724
0,1,0.85924774
0,0,0.08243211
0,0,0.13542636
0,0,0.17639117
0,0,0.013538286
0,0,0.3436173
0,0,0.21879622
0,1,0.85274035
0,0,0.20905241
0,0,0.039829027
0,0,0.006805855
0,1,0.6512873
0,0,0.05869698
0,1,0.6901918
0,1,0.79326564
0,0,0.0028368994
0,0,0.14460364
0,0,0.22000755
0,1,0.77117765
1,0,0.27010122
0,0,0.35890472
1,1,0.90893966
0,0,0.08105254
0,0,0.05710461
0,0,0.18465626
0,0,0.033125143
0,0,0.09887676
0,1,0.62002516
0,0,0.4931986
0,1,0.529578
0,0,0.4586456
0,0,0.3833944
0,0,0.29213452
0,0,0.0197537
0,0,0.46136934
0,1,0.75611866
0,0,0.085502125
0,0,0.16281734
0,0,0.20025472
0,0,5.2103987e-05
0,1,0.69702584
0,0,0.33635217
0,1,0.7402926
0,1,0.8494802
0,0,0.02681358
0,0,0.00034760934
0,0,0.17325458
0,0,0.004361711
1,1,0.85908204
0,0,0.15370753
0,0,0.032679405
0,0,0.22333966
0,1,0.7034729
0,0,5.2949905e-05
0,0,0.22630829
1,1,0.8579105
0,1,0.85566354
1,1,0.62637824
0,0,0.053317584
0,0,0.47932705
0,0,0.28272873
0,0,0.31360042
0,0,0.029914057
0,0,0.07649886
1,1,0.8485185
0,1,0.84189075
0,0,0.09939201
0,1,0.5070943
0,0,0.32721242
0,1,0.58861995
0,1,0.6515754
0,1,0.5284919
0,1,0.5786651
0,0,0.005074367
0,0,0.096117854
0,1,0.5727742
0,0,0.001019413
0,0,0.028522898
0,1,0.70263106
0,1,0.9548793
0,0,0.18565588
0,0,0.019464085
0,0,0.14603189
0,0,0.19346339
0,0,0.1312742
0,0,0.009853652
0,0,0.36653006
1,1,0.76007646
0,0,0.13576749
0,0,0.015100551
0,0,0.015159135
0,0,0.05456114
0,1,0.542375
0,1,0.78847384
0,1,0.71744746
0,0,0.1166635
0,0,0.0580202
0,1,0.75050366
0,0,0.22966498
0,1,0.77476037
0,0,0.3811687
0,1,0.613039
0,0,0.024150692
0,0,0.01942681
0,0,0.1769059
0,1,0.57718873
0,1,0.5403742
0,0,0.26735356
1,0,0.36828795
0,0,0.3031114
0,0,0.009457624
1,1,0.5240927
0,0,0.17438208
0,0,0.2733139
1,1,0.86896974
0,0,0.27424088
0,0,0.2985737
0,1,0.74176514
1,1,0.68243843
1,1,0.86832666
0,0,0.014125542
1,0,0.40775022
0,1,0.6886925
0,0,0.02358529
0,0,0.012317326
0,0,0.0115158865
0,0,0.09709489
1,1,0.65896714
0,0,0.02257031
0,0,0.008250799
0,0,0.37676203
0,0,0.16020198
0,0,0.011408079
0,1,0.60750794
0,0,0.095552936
1,1,0.6929023
0,0,0.16827664
0,0,0.19821483
0,0,0.29287675
0,0,0.084354535
0,0,0.11348824
0,1,0.9405618
0,0,0.39372015
0,0,0.009408611
0,0,0.003562162
1,1,0.7585586
0,1,0.6414731
0,0,0.1809481
0,0,0.12251623
0,0,0.0026279532
1,1,0.5222534
0,0,0.3468001
0,0,0.4472638
0,0,0.49925202
1,1,0.69086736
0,0,0.12224822
0,0,0.035786923
0,0,0.0022235117
0,0,0.013423095
0,0,0.013398754
0,0,0.25571007
0,0,0.24189185
0,0,0.020596711
0,0,0.16967513
0,0,0.02161845
0,0,0.12836964
1,1,0.90746033
0,0,0.30387697
0,0,0.38297322
0,1,0.59418774
0,0,4.5198212e-05
0,1,0.781119
0,0,0.0868925
0,0,0.04273621
0,1,0.7236706
0,1,0.5125151
0,0,0.39034763
0,0,5.6472672e-05
0,0,0.031439472
0,0,0.18110393
0,0,0.059569992
0,0,0.43022043
0,1,0.7922941
1,0,0.49986997
0,1,0.7658784
0,0,0.292148
0,1,0.87349725
0,0,0.05427069
0,0,0.116601385
0,0,0.3927206
0,0,0.23859465
0,0,0.04627445
0,0,0.015808528
0,1,0.57838666
0,0,0.48789778
1,0,0.30949125
1,1,0.5008276
0,1,0.74102485
0,0,0.090083145
0,0,0.38922647
0,0,0.24611063
0,0,0.019330928
0,1,0.718437
0,1,0.722998
0,0,0.00010964243
0,0,0.055091683
0,0,0.08551717
0,0,0.006470086
0,0,0.111966155
0,0,0.031804476
0,0,0.026481481
0,1,0.57611376
0,0,0.26079968
0,0,0.41062328
0,0,0.48151016
0,0,0.105743445
0,0,0.18721819
0,0,0.3455598
0,0,0.010701862
0,1,0.70949477
0,1,0.8440135
0,0,0.14771394
0,1,0.784392
0,0,0.20799574
0,0,0.2864701
0,0,0.007034794
0,0,0.0045386367
0,1,0.71496314
0,1,0.7671182
0,0,0.0639169
0,1,0.6797954
0,0,0.005943996
0,0,0.38784128
0,0,0.3125484
0,1,0.76304847
0,0,0.17384401
0,0,0.2682574
0,0,0.051138725
0,0,0.001378417
0,1,0.6972661
0,0,0.1288555
0,1,0.5137849
0,0,0.011010179
0,0,0.03402594
0,1,0.6302707
0,0,0.27486268
0,0,0.1590396
0,0,0.024367463
0,0,0.019748757
0,0,0.06402137
0,1,0.6573894
0,0,0.08781847
0,1,0.50060856
0,0,0.047017384
0,0,0.3334903
0,0,0.3170712
0,1,0.7227319
1,0,0.14900614
0,1,0.6688712
0,0,0.3669836
0,0,0.16930565
0,0,0.14499776
0,0,0.017867448
0,0,0.0020681287
0,0,0.00072398246
0,1,0.5748814
0,0,0.3251814
0,0,0.010041939
0,0,0.020418346
0,0,0.00030832132
0,0,0.042698685
0,0,0.008431435
0,0,0.026111014
0,0,0.0103667965
0,1,0.511682
0,0,0.072449096
0,0,0.26733887
0,0,0.2653275
0,0,0.3063007
0,1,0.58097404
0,0,0.02164842
0,0,0.45108968
0,1,0.6245086
0,0,0.00043938344
0,0,0.09052822
1,1,0.8410987
0,0,0.015731733
0,0,0.46254995
0,0,0.4386738
0,0,0.054495968
0,0,0.44615534
0,1,0.6681601
0,0,0.15526167
0,0,0.30881265
0,1,0.7157847
0,0,0.0059885504
0,0,0.2793961
0,1,0.83215564
1,1,0.7836853
0,0,0.022130175
0,0,0.43154135
0,0,0.06632085
0,1,0.56885505
0,1,0.5295897
0,1,0.772334
0,0,0.19025324
0,1,0.5944746
0,0,0.21527703
0,0,0.11311741
0,1,0.61012805
0,0,0.10996755
0,0,0.24180655
0,0,0.011454232
0,0,0.0990698
1,0,0.27870023
0,0,0.019464085
0,1,0.74673843
0,0,0.00014096613
1,1,0.6630664
1,1,0.7944716
0,0,0.010529871
0,0,0.19920215
1,1,0.73651916
0,0,0.052609455
0,0,0.30122867
0,0,0.23481347
0,0,0.00027283633
0,0,0.04444416
1,0,0.46961018
0,0,0.0043221777
0,1,0.5874413
0,0,0.017833648
0,1,0.7288227
0,0,0.001478625
0,1,0.78701025
0,0,0.35955018
0,0,0.124155246
0,0,0.11546088
0,1,0.51523644
0,0,0.3402864
0,0,0.03490694
0,0,0.1430667
0,0,0.25838932
0,0,0.06618999
0,0,0.27770662
0,0,0.21574683
0,0,0.000851725
0,0,0.47661895
0,0,0.17237607
0,1,0.9016463
0,0,0.15183531
0,0,0.2715918
1,1,0.6888843
0,0,0.26197276
0,0,0.0008886288
0,1,0.67667514
0,0,0.006104707
0,0,0.47343612
0,0,0.024249643
0,1,0.81060404
0,1,0.5429438
0,0,0.0428808
0,0,1.218741e-05
0,1,0.54912066
0,0,0.046444356
0,0,0.087302275
0,1,0.68964064
1,1,0.6391131
0,1,0.85019475
0,0,0.003517816
0,0,0.24559467
0,0,0.28201562
0,1,0.5464842
0,0,0.0005557018
0,0,0.40302387
0,0,0.37581742
0,1,0.7864948
0,0,0.41296285
0,0,0.18172342
0,0,0.3701271
0,0,4.785635e-05
0,0,0.048090924
0,0,0.008743835
0,0,0.24180655
0,0,0.07391665
0,1,0.722955
1,1,0.8012303
0,0,0.041754056
0,1,0.6927074
0,0,4.0052957e-05
0,1,0.6970566
0,1,0.70092964
1,1,0.5051768
1,0,0.33675107
0,0,0.22910014
1,1,0.67373997
1,0,0.2607781
0,1,0.8272989
0,0,0.018751277
0,0,0.1332622
0,1,0.8260995
0,0,0.004470663
0,0,0.04145973
0,0,0.01085968
0,1,0.5374789
0,0,0.36024198
0,0,0.133387
0,0,0.4203868
0,0,0.36851862
0,0,0.100975655
0,1,0.92556065
0,0,0.18225133
0,0,0.008270795
0,1,0.6406104
0,0,0.0742751
0,1,0.77083147
0,0,0.12722626
0,1,0.6843165
0,0,0.19569957
0,0,0.08362099
0,0,0.06972824
0,1,0.811469
0,0,0.013348822
0,0,0.27647635
0,0,0.27725795
0,0,0.4773481
0,0,0.19991666
0,0,0.28327852
0,0,0.18995868
0,1,0.63352746
0,1,0.6143594
0,0,0.01643977
0,0,0.23627973
0,0,0.4968093
0,0,0.4208671
0,0,0.41710496
0,0,0.46205345
0,0,0.34458506
0,0,0.13752747
0,0,0.36395848
0,0,0.00026258983
0,0,8.132576e-05
0,0,0.012583634
0,1,0.8011662
0,1,0.5282971
1,0,0.4436629
0,0,0.03069967
0,1,0.721123
0,0,0.08231161
0,0,0.18548119
0,0,0.008149944
1,1,0.76506686
0,0,0.020627225
0,0,0.0072877114
0,0,0.011701332
0,0,0.19307783
1,1,0.85363585
0,0,0.07403086
0,1,0.5909849
0,0,0.19233294
0,1,0.5666729
0,0,0.11436674
1,1,0.8877617
0,0,0.2339777
0,1,0.80473626
0,1,0.6224524
0,0,0.22423461
0,0,0.016128398
0,0,0.43154135
0,1,0.77786404
1,1,0.7747183
0,0,0.03291927
0,0,0.04075972
1,0,0.17949995
0,0,0.15177035
0,1,0.59761876
0,0,0.38418746
0,0,0.4411484
0,0,0.39841557
0,0,0.10958628
0,1,0.7068467
0,0,0.00877686
0,1,0.6346899
0,0,0.43738326
1,1,0.9177857
0,0,0.005082166
0,0,6.283753e-05
0,0,0.0006133652
0,0,0.016273186
0,1,0.57894367
0,1,0.57876915
1,1,0.56873596
0,0,0.38632563
0,0,0.009960809
0,0,0.14543271
0,0,0.08507039
0,1,0.8247222
1,1,0.85116756
0,0,0.0066346857
0,0,0.2534082
0,0,0.000266093
1,1,0.655712
0,0,0.33397058
0,0,0.43745658
0,0,0.36944595
0,0,0.26285765
0,0,0.2416702
0,0,0.35214695
0,0,0.060113866
0,0,0.020738035
0,0,0.0002865433
0,1,0.5659407
0,0,0.29444218
0,0,3.386797e-05
1,1,0.8761144
0,1,0.69188464
0,0,0.0005094832
1,0,0.0716028
0,0,0.057453103
0,0,0.06718285
0,0,0.4094265
1,1,0.8651075
0,0,0.31615648
0,0,0.00599417
0,0,0.004610502
0,0,0.10021175
0,0,0.011371541
0,0,0.012368596
0,1,0.79834414
0,0,0.11964419
0,1,0.720325
0,0,0.04521585
0,0,0.032786194
0,0,0.26968527
0,1,0.8235367
0,0,2.9354142e-05
0,1,0.67706466
0,0,0.054632585
0,0,0.1653347
0,0,0.017924981
0,1,0.65773845
0,0,0.43232542
1,1,0.7004201
0,1,0.6396402
0,0,0.41702142
0,1,0.6342837
0,0,0.14528823
0,1,0.75585
0,1,0.7925453
0,0,0.17704554
0,0,0.23687875
0,0,0.01623706
0,0,0.14632966
0,1,0.66709304
0,0,0.31373647
0,1,0.6148129
0,0,0.09452301
0,0,0.0059752725
0,0,0.009282947
0,1,0.5104868
0,0,0.17787418
0,0,0.15919921
0,1,0.51436424
0,1,0.80734813
0,0,0.011612764
0,0,0.31453946
0,0,0.39800933
0,0,0.21296456
0,1,0.56329757
0,0,0.20510839
0,1,0.84363157
0,1,0.88943046
0,0,0.42359862
0,0,0.028904008
1,1,0.8717054
0,0,0.041261178
0,0,0.14003019
1,1,0.57343024
0,0,0.24569036
0,1,0.5073737
0,0,0.15767929
0,0,0.006961491
0,0,0.030390956
0,0,1.6427071e-05
0,0,0.29551783
0,0,0.39762852
0,0,0.015159135
0,0,0.11140452
0,0,0.11595072
0,1,0.7824484
0,0,0.009337894
0,1,0.7659696
0,0,0.18803884
0,0,0.3822443
0,0,0.08081284
0,1,0.585444
0,0,0.2174813
1,1,0.8162204
0,0,0.1698155
0,0,0.22531132
0,0,0.006380647
0,0,0.008493668
0,0,0.2292877
0,0,0.00031927845
0,1,0.7760351
0,0,0.069638595
0,0,0.023545055
1,0,0.04434635
0,0,0.26730037
0,0,0.18562481
1,0,0.4995531
0,0,0.39041892
0,1,0.5440085
0,1,0.84342855
0,0,0.01085968
0,0,0.09904992
1,1,0.5670977
0,0,0.28596815
0,1,0.55659074
0,0,0.009363862
0,0,0.00064165884
0,0,0.29862142
1,0,0.49565992
0,0,0.00430533
0,0,0.21799141
0,1,0.59275395
0,1,0.65819496
0,0,0.25079575
0,1,0.55501896
0,0,0.016800787
0,1,0.56055933
0,1,0.6311376
0,1,0.5433942
0,1,0.8751428
0,0,0.08219112
0,0,0.42249322
0,1,0.5908997
0,0,0.28993785
0,0,0.23273084
0,1,0.6847434
0,1,0.5575679
0,0,0.056558363
0,0,0.00012047753
0,0,0.20804884
0,1,0.72774166
0,1,0.7346063
0,0,0.007897321
0,0,0.083219424
0,0,0.0036755044
0,0,0.12487278
0,0,0.4295074
0,0,0.036934398
0,0,0.42353395
0,0,0.0060182796
1,0,0.33675107
0,0,0.41166928
0,0,0.006108481
0,0,0.090169966
1,1,0.6602394
0,0,0.4601393
0,0,0.066804685
0,1,0.5431698
0,0,0.19821309
0,0,0.000266093
0,0,0.09673754
0,0,0.0002980238
0,1,0.72593945
0,0,0.0005815546
0,1,0.5671619
0,1,0.76366484
0,0,0.31439376
1,1,0.74479365
0,1,0.6575613
0,0,0.012529543
0,1,0.7659657
0,1,0.84389836
0,0,0.03682982
0,0,0.22351374
0,0,0.004193424
0,0,0.4607006
0,0,0.0036314412
1,0,0.3367279
1,1,0.54484874
0,0,0.010487914
0,0,0.2870371
0,0,0.018841913
0,0,0.09161549
1,1,0.52205604
0,1,0.72416484
0,0,0.028179849
0,0,5.2103987e-05
1,1,0.8031012
0,0,0.021033095
0,0,9.3569426e-05
0,0,0.056811716
0,1,0.6273192
0,1,0.7190863
0,1,0.8620894
0,0,0.049018327
1,1,0.560897
1,1,0.68921435
0,0,0.43530068
0,1,0.5081361
0,0,0.27950987
0,0,0.014267132
0,0,0.20091508
0,0,0.11485727
0,0,0.13082679
0,1,0.7355272
0,0,0.07233887
0,1,0.81646365
0,0,0.46775147
0,0,0.040300526
0,0,0.074255526
0,1,0.54623395
0,0,0.33567938
0,0,0.013593206
1,0,0.3233704
0,0,0.14905296
0,1,0.7371185
0,0,0.14518028
0,1,0.6528247
0,1,0.81763625
0,0,0.3033979
0,1,0.7681715
1,1,0.81799513
1,1,0.66097456
0,0,0.1356057
0,0,0.22209223
0,0,0.2011779
0,0,0.0029196786
0,1,0.7718203
0,0,5.2103987e-05
0,0,0.005837677
0,0,0.1436636
0,0,0.0057100533
0,0,0.011085001
0,0,0.06791987
0,0,0.19218817
1,1,0.8533988
0,1,0.6947121
0,0,4.5198212e-05
0,0,0.012876221
0,0,0.48555312
0,0,0.40524498
0,1,0.7011537
0,1,0.73776513
0,0,0.0655225
0,0,0.089076735
0,1,0.82269096
0,0,0.00020996937
0,0,0.0048712506
0,0,0.025851829
0,0,0.121794276
0,1,0.5985587
0,0,0.12853749
0,0,0.0052373507
0,0,0.4958734
0,0,0.00016096566
0,0,0.17947547
0,0,0.00878661
0,1,0.7678776
0,0,0.038282428
0,1,0.5146445
0,1,0.5171278
1,1,0.9216253
0,0,0.34767145
0,1,0.8672416
0,0,0.0036342354
0,0,0.13844101
0,0,0.45425382
0,0,0.26175192
0,1,0.5461896
0,1,0.5807601
0,0,0.032549698
0,1,0.52265406
0,0,0.14000772
0,0,5.6472672e-05
0,0,0.16722833
0,1,0.59832954
0,1,0.58902925
0,0,0.0037999374
0,0,0.034184292
0,1,0.8865998
0,0,0.23573188
0,0,0.24680541
1,1,0.7233789
0,0,0.19282849
1,1,0.63508135
0,0,0.05367132
0,1,0.5178172
0,0,0.26297763
0,0,0.20608999
0,0,0.22648472
0,0,0.07139678
0,0,0.0003378733
0,0,0.099505246
0,0,0.02863493
0,0,0.02016037
0,0,0.058885157
0,0,0.1895226
0,0,0.45197812
0,0,0.14064765
0,0,0.2683708
0,0,0.371579
0,0,0.052525237
0,0,0.38578352
1,1,0.77794415
0,1,0.6413691
0,0,0.30497023
1,0,0.01111308
0,1,0.6602832
1,1,0.8824531
0,0,0.16980566
0,1,0.740548
0,0,0.424997
0,0,0.14039937
0,0,0.0037693852
0,1,0.61241454
0,1,0.58628166
0,0,0.034902837
0,0,0.11239311
0,1,0.7591169
0,1,0.87283057
0,0,0.031114168
0,0,0.08151758
1,1,0.751229
0,0,0.05420851
0,0,0.2964526
0,0,0.019106459
0,0,0.22753106
0,1,0.8119924
0,0,0.068043366
0,0,0.17914076
0,0,0.01764472
0,0,0.0057605496
0,1,0.70648754
0,1,0.6258728
0,1,0.8058283
0,0,0.058964517
0,1,0.7523902
0,1,0.865805
1,0,0.098833136
0,0,0.07673064
0,0,0.17852147
1,0,0.33431208
1,1,0.5647845
0,0,0.024422476
0,0,0.0015358303
0,1,0.8440862
0,0,0.017833648
0,1,0.51545626
0,0,0.40774927
0,0,0.42345792
0,0,4.785635e-05
0,0,0.4586456
0,1,0.6874261
0,0,0.22497706
0,0,0.012226679
0,0,0.46246243
0,0,0.021781003
0,0,0.082799226
1,0,0.39699858
0,0,0.37773162
1,1,0.63057303
1,1,0.65152097
0,0,0.08947829
0,0,0.015391551
0,1,0.8494112
0,1,0.52931
0,0,0.059801314
0,1,0.8304538
0,0,0.35629794
1,0,0.47254768
0,0,0.026605917
0,0,0.488535
0,0,0.014713902
1,0,0.20312488
0,1,0.65818214
0,1,0.5493778
0,0,0.0063525536
0,0,0.43335092
0,0,0.003013472
0,0,0.3766524
0,0,0.038900338
0,1,0.76667666
0,0,0.31546885
0,0,0.0029161684
0,0,0.034571476
0,1,0.84726834
1,1,0.54269046
0,0,0.14074276
1,0,0.14311484
1,1,0.5639991
0,0,0.05654593
0,1,0.6574102
0,0,0.0001632566
0,0,0.25042942
0,1,0.79184127
1,1,0.8876266
1,1,0.7865697
0,1,0.6714524
0,1,0.7648628
0,1,0.8979613
1,1,0.7734589
0,0,0.26548555
0,1,0.78977746
0,0,0.12320444
0,0,0.007462572
0,0,0.066087335
0,0,0.0044020894
0,0,0.32110316
0,1,0.7764581
0,0,0.17097
0,0,0.011906969
0,1,0.5542092
0,0,0.049429268
0,0,0.4055443
1,1,0.5565317
1,0,0.012227976
0,1,0.77455336
0,0,0.12152373
0,0,0.2844937
0,0,0.028780952
0,0,0.038154714
0,0,0.07207617
0,1,0.5484889
0,0,0.20994072
0,0,0.2140984
0,1,0.83607614
0,1,0.83542126
0,0,0.0052766763
0,1,0.5605817
0,0,0.2392662
0,1,0.6647797
0,0,0.01762761
0,0,0.015090363
0,0,0.43849036
0,0,0.10077762
0,0,0.05895491
0,1,0.5932673
0,0,0.49211326
0,0,0.18208826
0,1,0.8929292
0,1,0.7699241
0,0,0.46637776
0,0,0.045415
0,0,0.44104987
0,0,0.041447453
0,0,0.0602112
0,0,0.27624908
0,0,0.018282507
0,0,0.028026948
0,0,0.010886034
1,0,0.114166915
0,0,0.0050153644
0,0,0.0011208428
0,0,0.39502013
0,0,0.023239955
1,1,0.9454987
0,0,0.18509535
0,0,0.07984048
0,1,0.50839144
0,0,0.33904067
0,1,0.5051768
0,1,0.5847884
0,1,0.87908834
0,0,0.41498196
0,1,0.67266816
0,0,0.36518303
0,0,0.32515985
0,0,0.11372105
0,0,0.03826587
0,1,0.712264
0,0,0.026799457
0,1,0.85187525
0,0,0.43056524
0,1,0.84246606
0,0,0.03584286
0,0,0.4217964
0,0,0.25623983
0,1,0.52811426
0,0,0.41946697
0,0,0.07233102
0,1,0.540992
0,0,2.9354142e-05
0,0,0.08483159
0,0,0.03460432
0,0,0.025839036
0,1,0.5545888
0,0,0.018678393
0,1,0.64449435
0,0,0.20203884
0,0,0.42365164
0,0,0.0756934
0,0,0.018164694
0,0,0.04254401
0,0,0.112753466
0,0,0.32474726
1,1,0.8326665
0,0,0.37334487
1,1,0.8248857
0,0,0.34671554
0,0,0.025861936
0,0,0.2269703
0,0,0.06813275
1,1,0.5601917
0,0,0.0082639465
0,1,0.6980754
0,0,0.016083779
0,0,0.38834855
0,0,0.011973209
0,0,0.042336654
0,0,0.39659682
0,1,0.89631724
0,0,0.03890705
0,0,0.005365232
0,0,0.07942176
0,1,0.8894059
0,0,0.002711369
0,1,0.51019907
0,0,0.0027421594
0,0,0.014420291
0,0,0.3837481
0,0,0.059379462
0,1,0.7421147
0,0,0.022227494
1,1,0.8024579
0,1,0.51525116
0,0,0.011136118
0,0,0.0036524883
0,0,0.3854768
1,0,0.11890472
0,0,0.13165507
0,0,0.055244535
0,0,0.36618856
0,0,0.00013611952
0,1,0.5047401
0,0,0.0135086235
0,0,0.055730935
0,0,0.122639805
1,1,0.51372635
0,0,0.005384248
0,0,0.009684109
0,0,0.3856509
0,0,0.21893108
1,1,0.83513176
0,0,0.052873567
0,0,0.022828327
0,1,0.74081016
0,0,0.34941846
0,0,0.00012772191
0,0,0.28751823
1,0,0.3274685
0,1,0.7548661
0,0,0.40374768
0,0,0.043915287
0,1,0.81853247
0,0,0.030308118
0,0,0.2159247
0,0,0.40183324
0,0,0.4717014
1,0,0.31001082
0,0,0.47828886
1,1,0.9011627
0,1,0.82501394
0,0,0.20400319
0,1,0.68931234
0,0,0.001629277
0,0,0.15901099
0,0,0.26944187
0,0,0.014533299
0,0,0.02213921
1,1,0.67813915
1,1,0.5943279
0,0,0.08069689
0,0,0.069339044
0,0,0.4608512
0,0,0.039994042
0,0,0.0015659782
0,0,0.07295737
0,1,0.6810028
0,0,0.0046028164
0,0,0.34010512
0,1,0.79756117
0,0,0.3328598
0,1,0.52434754
0,0,0.028918419
0,1,0.5807148
0,0,2.6064115e-05
0,1,0.5215508
0,0,0.34936813
0,0,0.001295971
0,0,0.06799158
0,0,0.10688266
0,0,0.44101945
0,0,0.059116054
0,1,0.69452053
0,0,0.468689
0,0,0.19361088
0,0,0.30643612
0,1,0.58341426
0,0,0.22423461
0,0,0.0023138083
0,0,0.043110818
0,0,0.028479513
0,0,0.25738412
0,0,4.341871e-05
0,0,0.0054471665
0,0,0.16682702
1,1,0.74551284
0,1,0.51278365
0,0,0.02346276
0,0,0.008241027
1,0,0.37161237
0,1,0.59915763
0,0,0.19870496
0,0,0.03480732
0,1,0.70789355
0,0,0.36331666
0,0,0.3144957
0,0,0.34933114
0,0,0.00012047753
0,0,2.6747566e-05
0,1,0.87148756
0,0,0.019725138
1,1,0.6007997
0,0,0.3218242
0,1,0.7387978
0,0,0.00010785511
0,0,0.36208263
0,0,0.1874782
0,1,0.7230333
0,0,0.15808962
0,0,0.057178497
0,0,4.5198212e-05
0,0,0.019070206
0,0,0.46123543
0,0,0.13355164
0,0,0.1716062
0,1,0.71716845
0,0,0.334359
0,0,0.002588542
0,1,0.6609179
0,0,0.13910246
0,0,0.019408148
0,0,0.07564185
1,1,0.9045272
0,0,0.04739949
0,0,0.004361711
0,0,0.051636484
1,0,0.45855504
0,1,0.89802706
0,0,0.15561083
1,0,0.07624451
0,0,0.062209133
0,0,0.121735014
0,0,0.26167455
0,0,0.12834525
0,1,0.9040272
0,0,0.47958362
0,0,0.02986014
0,0,0.24312223
0,0,0.27129552
0,0,0.33318296
1,1,0.84439427
0,1,0.6446909
0,1,0.7889594
0,0,0.00010201735
0,0,0.027854694
0,0,0.12078785
0,0,0.00016096566
0,0,0.17677799
0,0,0.006653197
0,0,0.2363361
0,0,0.1518647
0,0,0.48739886
0,0,0.02155759
0,0,0.3121642
0,0,0.40631822
0,1,0.54918313
0,1,0.7541787
0,1,0.8007548
0,0,0.06457868
0,0,0.07029727
0,0,0.018913675
0,0,0.033600166
0,1,0.5682834
0,0,0.27025387
0,0,0.48129556
0,0,0.00020202289
0,0,0.4393546
0,0,0.4198548
0,0,0.000103380735
0,0,0.24273683
1,1,0.7931251
0,0,0.2166611
0,1,0.63771164
0,0,0.018282507
0,0,0.0007490323
0,1,0.782488
0,0,0.30200207
1,0,0.42489144
0,0,0.047485128
0,0,0.014827393
0,0,5.2103987e-05
0,0,0.02190176
0,0,0.04321968
0,0,0.27104735
0,0,0.028644681
0,0,0.39758945
0,0,0.0044592516
0,1,0.6191473
0,0,0.003925815
0,0,0.33764505
0,0,0.12576501
0,0,0.10468348
0,0,0.15163872
0,0,0.028918419
0,0,0.0045015393
0,0,0.020257875
1,1,0.6585576
0,0,0.43641317
0,0,0.022173643
0,0,0.3101468
1,1,0.7346524
1,1,0.8097091
1,1,0.77482605
0,0,0.014595967
0,0,0.34564188
0,0,0.031108763
0,0,0.10683325
0,0,0.38179934
0,0,0.16347905
0,0,0.014484304
0,0,0.062966935
1,1,0.5442196
0,1,0.6375612
0,0,0.064083874
0,0,0.0010978841
0,1,0.52474284
1,1,0.61312956
0,1,0.72691286
0,1,0.7135806
0,1,0.7470756
0,1,0.8547849
0,1,0.7716223
0,0,0.04568542
0,0,0.08588026
0,0,0.030682324
1,0,0.22544692
0,0,0.26292425
0,0,0.002294904
0,0,0.4898257
0,1,0.76697606
0,0,0.06058545
0,0,0.005634017
0,0,0.0052334545
1,1,0.7169644
0,1,0.66281676
0,0,0.32601485
0,0,0.29007715
0,1,0.71359473
0,1,0.8193975
0,1,0.693879
0,0,0.08309113
0,0,0.038456466
0,0,6.7762754e-05
0,1,0.7840395
0,1,0.64395726
0,1,0.5242103
0,0,0.028719073
0,0,0.048202172
0,0,0.004102765
0,1,0.8560812
0,0,0.007289053
0,0,0.43676063
0,1,0.62926686
0,1,0.8815307
0,0,0.007815523
0,0,0.16976601
0,1,0.54741
0,0,0.39275408
0,0,0.0025615043
1,1,0.9124774
0,0,0.35056534
0,0,0.13574839
1,1,0.8899222
0,0,0.30728066
1,0,0.38374528
0,0,0.029594982
0,0,0.043363772
0,0,0.18814392
0,1,0.71230525
0,0,0.49686316
0,0,0.31163374
0,1,0.8010222
0,0,0.13453521
0,0,0.3738461
0,0,0.06255719
0,0,0.15890585
0,0,0.043206066
0,0,0.42001486
0,0,6.7762754e-05
0,0,0.21208344
0,0,0.021361012
0,1,0.5276242
0,0,0.13968903
0,1,0.6258382
1,0,0.22338183
0,0,0.0036755044
0,0,0.25971562
0,0,0.15671009
0,0,0.2522561
0,0,0.40167785
0,0,0.17432961
0,0,0.09825832
0,0,0.30308166
0,0,0.040465105
0,0,0.07073482
0,0,0.08329523
0,0,0.00017327412
0,0,0.17895405
0,0,0.12683532
1,1,0.80988324
0,1,0.53210354
0,0,0.0048572216
0,0,0.029114828
0,0,0.2821104
1,1,0.7533871
0,1,0.699235
0,0,0.1816067
1,0,0.0035694558
0,0,0.3567185
0,1,0.51732427
0,0,0.08073119
0,0,0.08098812
0,1,0.82891047
1,1,0.6747743
0,1,0.8416469
1,1,0.8563494
0,0,0.48781946
0,0,0.08924113
0,0,0.12203861
0,0,0.06888661
1,1,0.6651977
1,0,0.02771765
0,0,6.7762754e-05
0,0,0.027766058
0,0,0.040012397
0,0,0.17324197
0,0,0.056186244
0,0,0.0029489696
0,0,0.28332436
0,0,0.0018117429
0,0,0.032607436
0,0,0.020952882
0,0,0.12078621
0,0,0.10579394
0,1,0.63200486
0,0,0.24515592
0,0,0.15136322
0,0,0.0036285815
0,0,0.22229207
0,0,0.45439726
0,0,0.05947216
0,0,0.35303175
0,1,0.5366855
0,1,0.6252277
0,0,4.5198212e-05
1,0,0.24566746
0,1,0.8643382
1,1,0.86801976
0,0,0.022418072
0,1,0.64593005
0,1,0.67061955
0,1,0.62449527
0,1,0.75004214
0,1,0.84747785
0,0,0.10737576
0,1,0.6333124
0,0,0.083603084
0,1,0.6761934
0,0,0.30630562
1,1,0.66353655
0,0,0.38424543
0,1,0.7081859
0,1,0.7445548
0,0,0.019919744
0,1,0.83179146
0,0,0.03682883
0,1,0.6554313
0,0,0.027308252
0,0,0.24991962
0,0,0.040694404
0,0,0.007123873
0,0,0.0054404926
1,0,0.4572699
0,0,0.005428915
0,1,0.8976639
0,1,0.6575622
0,0,0.00031927845
0,0,0.090966836
0,0,0.19393666
1,1,0.7682287
0,1,0.91272527
1,1,0.9047337
0,0,0.00871096
0,0,0.4181742
0,0,0.076480165
1,1,0.8177527
0,1,0.6448126
0,1,0.75256175
0,1,0.6249147
0,0,0.23040795
0,1,0.6841515
0,0,0.0070818854
0,0,0.31532544
0,0,0.11314573
0,0,0.0074457396
0,0,0.34497938
0,0,0.009408611
0,0,0.36203778
0,0,0.05435017
0,0,0.0029489696
0,0,0.0065238993
0,1,0.701186
0,0,0.31120035
0,1,0.79344314
0,0,0.3150518
0,0,0.010498034
0,0,0.011849072
0,1,0.6052526
0,0,0.4823363
0,0,0.025816787
0,0,0.31063008
0,0,0.111927815
0,0,0.0011452155
0,0,0.007020951
0,0,0.29587936
0,0,0.08952776
0,1,0.5902882
0,0,0.044044953
0,1,0.5509055
0,0,0.11258995
0,0,0.15032454
0,0,0.022483008
0,1,0.7755089
0,0,0.06437146
0,0,0.0044138646
0,0,0.16378014
0,0,0.2158758
0,0,0.20742218
0,1,0.6485863
0,0,0.17503506
0,0,0.43177554
0,0,0.03609384
0,0,0.041545432
0,0,0.07198129
0,0,0.021253258
0,0,0.082342125
0,1,0.50031924
0,0,0.16056544
0,0,0.30282214
1,1,0.8695134
0,0,6.398967e-05
0,0,0.03983542
0,0,0.01998568
0,0,0.27124488
0,1,0.61134326
1,1,0.7591493
0,0,0.28092104
0,0,0.09846024
0,1,0.5854719
0,0,0.1874782
0,0,0.017468417
0,0,0.27187002
0,0,0.16235764
0,1,0.53193676
0,0,0.005698713
0,0,0.06712372
1,0,0.46621582
0,0,0.35462052
0,0,2.6747566e-05
0,1,0.5429827
0,1,0.5270103
0,0,0.00034760934
0,0,0.10021175
0,0,0.013888912
0,0,4.5198212e-05
0,0,0.29213452
0,0,0.4579605
0,0,0.0120846415
0,0,0.02590032
0,0,0.25999507
0,1,0.56369233
0,0,0.41597664
0,1,0.6651299
0,1,0.7873843
0,0,0.057378817
0,0,0.061021436
0,0,0.15737635
1,1,0.5682629
0,1,0.82680327
0,1,0.809771
0,1,0.5738153
0,0,0.37121934
1,0,0.15093721
0,1,0.5486204
1,1,0.79296803
0,0,0.18966569
0,1,0.5612007
0,1,0.8233129
0,0,0.0060016694
0,0,0.04565461
0,0,0.38807398
0,0,0.009939675
0,0,0.16891912
0,0,0.022946129
0,0,0.46254566
0,0,0.16323595
0,1,0.84504825
0,0,0.00012047753
0,0,0.0013817357
0,1,0.5518891
1,0,0.19500694
0,0,0.43694207
0,1,0.8009199
0,0,0.3122354
0,1,0.5328359
0,0,0.13209341
0,1,0.50382453
0,0,0.12943088
0,0,0.02790611
0,0,0.01680419
0,0,0.049606297
0,0,0.49216938
0,1,0.71500444
0,1,0.7730621
0,0,0.056287795
0,0,0.07710009
1,1,0.6050176
0,0,0.32143053
0,0,0.30474365
0,0,0.2636533
1,1,0.8756054
0,0,0.33338892
1,0,0.46242166
0,1,0.673872
0,0,0.010619174
0,0,0.003186395
0,0,0.37901133
0,0,0.040626366
1,1,0.8751505
0,1,0.64394426
0,0,0.4586456
0,0,0.27545494
0,0,0.22667137
0,0,0.016352028
0,1,0.6257076
0,0,0.028642192
0,0,0.04537099
0,0,0.28248775
0,0,0.25058225
0,0,0.37537163
0,0,0.2903704
0,1,0.6173402
0,1,0.5363208
0,1,0.8955646
0,0,0.3290972
1,1,0.7341116
0,0,0.21184728
0,0,0.018338516
0,0,0.20474102
0,0,0.06262247
0,1,0.5728699
1,1,0.6465315
0,1,0.8057298
0,0,0.00013611952
0,0,0.06635725
1,1,0.7145113
0,0,0.0017268568
0,1,0.7598297
0,0,0.16468439
0,0,0.08478468
0,0,0.16200626
0,0,0.0045386367
1,1,0.80927795
0,0,0.3672523
0,1,0.7970927
0,0,0.31248173
0,0,0.22995965
0,1,0.84180164
0,0,0.33276036
0,1,0.56285435
0,0,0.32587168
0,0,0.056960948
1,1,0.80754423
0,0,0.057375185
1,1,0.7679696
1,1,0.8709202
0,0,0.18658845
0,0,0.03875645
0,1,0.51333606
0,0,0.16087455
1,1,0.85544235
0,0,0.0079924315
0,0,0.03478151
0,0,0.006805855
0,0,0.4963577
0,0,0.048867475
0,1,0.7116101
0,0,0.022222163
0,1,0.5579445
0,0,0.28272554
1,0,0.21922271
0,0,0.44641817
0,0,0.029872911
0,0,0.032538723
0,0,0.14310803
0,0,0.31491542
0,0,0.016019555
0,0,0.008085171
1,1,0.8253202
0,1,0.77208215
0,0,0.021172242
1,0,0.47293848
0,0,6.065586e-05
0,0,0.14529118
0,0,0.12736662
0,0,0.13059197
0,0,0.41658396
0,0,0.020257875
0,1,0.75813437
0,1,0.76628995
0,0,0.3116909
1,1,0.7507796
0,0,0.14243507
0,1,0.8645723
0,1,0.6497569
0,0,0.09555046
1,0,0.18666156
0,0,0.3420148
0,0,0.49554583
0,1,0.6155083
0,0,0.07162772
0,0,0.49399388
1,1,0.81811064
1,1,0.84918416
0,1,0.6409185
0,1,0.5949131
0,0,0.46676806
0,1,0.7071397
0,0,0.12643655
0,0,0.007862392
0,1,0.77169806
0,0,0.29646164
0,0,0.14193729
0,1,0.5495271
0,0,0.19401947
0,0,0.2815749
0,0,0.37418723
0,1,0.5102453
0,0,0.012809005
0,1,0.6619161
0,0,0.06118676
0,0,0.0063764853
0,0,0.060563635
0,0,0.08868878
0,0,0.040734634
0,1,0.80904126
0,1,0.7426097
0,1,0.7742775
0,0,0.44229165
0,0,0.08729437
0,1,0.68914294
0,0,0.34924826
0,0,0.19339745
0,1,0.82637876
0,0,0.0040145945
0,0,0.17197627
0,0,8.175677e-05
0,1,0.75814575
0,1,0.5522811
0,0,0.02372945
0,0,0.1767868
0,1,0.82947356
0,0,0.017348297
0,0,0.03203248
0,1,0.83947396
0,0,0.25769
0,1,0.8386484
1,1,0.76624006
0,0,0.04308563
0,1,0.5580971
0,1,0.6745756
1,0,0.43601963
0,0,0.014008544
0,0,0.1237748
0,0,0.43587112
1,1,0.8002643
0,1,0.8588276
0,0,0.1710857
0,0,0.45241138
0,0,0.028289134
0,0,0.034622263
1,0,0.19394211
0,1,0.8981731
0,0,0.31409326
0,1,0.85587096
0,0,0.015153292
0,0,0.022590691
0,0,0.016273186
0,0,0.34571514
0,1,0.5684739
0,0,0.2363361
0,0,0.20683335
0,0,0.13805602
0,0,0.43253857
0,0,0.37840018
0,0,0.1746437
1,1,0.5906981
0,0,0.22835778
0,1,0.712264
0,0,0.0054270746
0,1,0.69456
0,0,0.09177995
0,1,0.7166522
0,0,0.15446028
0,0,0.17115083
0,0,3.9693663e-05
0,0,0.0067723007
0,0,0.007173614
0,0,0.035698302
0,0,0.007521319
0,1,0.66559505
1,0,0.1997623
1,0,0.46179867
0,1,0.6647152
0,0,0.3193457
0,1,0.75266975
0,0,0.054770827
0,0,0.1766081
0,0,0.28303424
0,0,0.1804579
0,0,0.04112273
0,0,0.11451016
0,0,0.04266079
0,0,0.0120511
0,0,0.16566697
0,0,0.009301414
0,0,0.006233297
0,0,0.029116662
0,1,0.8857046
0,0,0.113599636
0,0,0.00012047753
0,0,0.32087824
0,0,0.22739401
0,0,0.030423172
0,0,0.12422943
0,1,0.83495694
0,0,0.19126277
0,0,0.005626409
0,0,0.13115098
0,1,0.5525148
0,1,0.7639452
0,1,0.87987196
0,1,0.76718336
0,0,0.19253457
1,0,0.3968471
0,0,0.059740916
0,0,0.24204215
0,1,0.81551844
0,0,0.116339415
0,0,0.089461416
0,1,0.5880531
0,0,0.003046443
0,0,0.2637774
0,0,0.0037955372
1,0,0.49267408
0,0,0.004242093
0,0,0.17812522
1,1,0.92384654
0,0,0.22859645
0,0,0.43326682
0,0,0.40641126
0,0,0.0065238993
0,0,0.045702055
0,0,0.02628206
0,0,0.013343617
0,0,0.35212624
0,0,0.31855118
0,0,0.011656372
0,0,0.04291282
1,1,0.8127007
0,0,0.09328499
0,0,0.08145527
0,0,0.46609545
1,1,0.82928234
0,0,0.07520424
0,1,0.54172814
0,0,0.008085171
0,1,0.72105056
0,0,0.26825485
0,0,0.014048983
0,1,0.71737736
0,1,0.53403986
0,0,0.0074457396
0,0,0.14938593
0,0,0.060238756
1,1,0.89847845
0,0,0.061129775
0,0,0.0028055455
0,0,0.40962744
0,1,0.5983299
0,0,0.128329
0,0,0.0017851891
0,0,0.2768531
0,1,0.7013233
1,1,0.8519107
1,1,0.82796067
0,0,5.6472672e-05
0,0,0.41196963
0,0,0.10832919
0,0,0.02172815
0,0,0.1502571
0,1,0.75160635
0,0,0.052530315
0,1,0.87428683
0,0,0.31763652
0,1,0.58149064
0,0,0.1216336
0,1,0.7878012
0,1,0.81300694
0,0,0.04378961
1,1,0.78678834
0,0,0.00599417
0,1,0.8055127
0,1,0.625813
0,1,0.6640506
0,0,0.39830238
0,0,0.49224663
0,0,0.44277546
0,0,0.42790276
0,0,0.26463884
0,1,0.5932673
0,0,0.10026062
0,0,0.061265375
0,0,0.26198053
1,1,0.6258056
0,0,0.46326146
0,0,0.41768864
0,0,0.28224647
0,0,0.11438217
0,1,0.82222843
0,1,0.58232486
0,1,0.79122317
0,1,0.6079237
0,0,0.049383316
0,1,0.79326457
0,0,0.0832584
0,0,0.05178487
0,0,0.12284915
0,0,0.016941933
0,0,0.1432992
0,1,0.54818016
0,0,0.042470466
1,0,0.35441586
0,0,0.009484795
0,0,0.408702
0,0,0.029424207
0,0,0.3675505
0,0,0.40476954
0,0,0.028131392
0,0,0.045283005
1,1,0.83638686
0,0,0.1341103
0,1,0.5684803
0,0,0.1352933
0,1,0.69102204
0,0,0.15699622
0,1,0.7677217
0,1,0.56184024
0,0,0.3745311
0,1,0.7159837
0,0,0.019579493
0,1,0.9049601
0,0,0.076552406
1,1,0.6497241
0,1,0.79468375
0,0,0.068692006
0,0,0.06390336
0,0,8.175677e-05
1,1,0.7742316
0,0,0.039994042
0,0,0.008321471
0,0,0.049659647
0,0,0.0916867
0,0,0.10792343
1,1,0.7411396
0,0,0.0046833316
0,0,0.0021596795
0,0,0.072062366
0,0,0.1266064
0,0,0.030623877
0,0,0.00015056612
0,0,0.29893136
0,0,0.20688348
0,1,0.74165595
0,0,0.017637605
0,1,0.58989346
0,0,0.35041225
1,0,0.32003957
0,0,0.11772686
0,0,0.0075758714
0,0,0.48517558
0,0,0.008872055
0,0,0.0001148937
0,0,0.27368614
0,0,0.14137134
0,0,0.08021564
0,0,0.032093257
0,0,0.29030293
0,0,0.017637605
0,1,0.8853761
0,1,0.69662976
0,1,0.68192905
0,0,0.39684102
0,0,0.28504375
0,0,0.02770434
0,0,8.101421e-05
0,1,0.6778826
0,1,0.72078276
0,0,0.2385331
0,0,0.30402538
0,0,0.09298652
0,1,0.7098989
0,0,0.29103845
0,0,0.06212622
0,1,0.5657412
0,0,0.21475632
0,0,0.009185376
0,0,0.015983755
0,0,0.10992416
0,0,0.15970445
0,0,0.10948874
0,0,0.06494798
0,0,0.20321296
0,0,0.112654716
0,1,0.54187363
0,1,0.5210269
0,0,0.027325746
0,0,0.046330325
0,0,0.10607704
0,0,0.0010263656
0,0,0.00030379283
0,0,0.052083936
0,0,0.2738978
0,0,0.39611536
0,0,0.281901
0,0,0.27394575
0,0,0.007879562
0,0,0.0766378
0,0,0.014369153
0,1,0.73022175
0,1,0.8383957
1,1,0.5169202
0,0,0.016795062
0,0,0.00013698918
0,0,0.09096398
0,0,0.030678589
0,0,0.06881941
0,0,0.019573295
0,0,0.00031563998
0,1,0.5511632
0,0,0.02417887
0,0,0.019802352
0,0,0.268901
0,0,0.0005403934
0,0,0.007880446
0,0,0.33611888
0,1,0.84364223
0,1,0.87658626
0,0,0.09237885
0,0,0.020706635
0,1,0.5510897
0,1,0.59048384
0,0,0.13027813
0,1,0.6307131
0,0,0.031624533
0,0,0.13207513
0,0,0.48578686
0,0,0.4323088
0,0,0.08836272
0,0,0.41560337
0,0,0.37081409
0,1,0.79246837
0,0,2.8633594e-05
0,1,0.75938976
0,0,0.47322
0,0,0.36955857
0,0,0.0375145
0,1,0.73434067
0,1,0.8002315
0,1,0.5250905
0,1,0.77622956
0,0,0.04139602
0,0,0.06206408
0,0,0.01566745
0,0,0.07430434
0,0,0.25912976
0,0,0.19562197
0,0,0.17082076
0,0,0.07644173
1,1,0.80171615
1,1,0.6787982
0,0,0.0114653595
0,0,0.31453946
0,0,0.016557308
0,0,0.17522642
0,1,0.6378041
0,0,0.07792525
0,1,0.61501646
0,0,0.2679332
0,0,0.0036276183
1,1,0.7497143
0,0,0.15984985
0,1,0.56008184
0,0,0.1302829
0,1,0.79503
0,1,0.5506454
0,1,0.60742444
0,0,0.09050695
0,0,0.4425729
0,1,0.8399499
0,1,0.69522935
0,0,0.0195621
0,1,0.8339293
0,1,0.69739187
0,0,0.22998472
0,0,0.02020441
0,0,0.46944803
1,0,0.31373647
0,0,0.09091765
0,0,0.00030014326
1,1,0.8308468
0,0,0.054963976
0,0,0.10609739
0,0,0.35247424
0,0,0.46944803
0,1,0.81867015
0,0,0.037641335
0,0,0.41339716
0,0,0.014267771
0,0,0.31141976
0,0,0.20300995
0,1,0.663005
0,0,0.26354453
0,0,0.043101184
0,0,0.1638079
0,0,0.061519377
0,0,0.0012114282
0,0,0.0007050296
0,1,0.5755528
0,1,0.59619987
1,0,0.43474963
0,0,0.04717327
0,1,0.6238666
0,0,0.16105583
0,1,0.5948695
0,1,0.62794524
0,0,0.007333028
0,0,0.4123704
0,0,0.08461965
0,1,0.55295354
1,1,0.61478037
0,1,0.56625336
0,0,0.005129339
0,0,0.19684497
0,0,4.0823663e-05
0,0,0.45820004
0,0,0.28144604
0,0,0.30574086
0,0,0.026942866
0,0,0.48623398
0,0,0.112545565
0,1,0.70916694
0,0,3.386797e-05
0,0,0.05754411
0,0,0.04663433
0,0,0.33147448
1,1,0.6796207
0,0,0.26504642
0,0,0.23975343
0,0,0.45365888
0,0,0.40255243
0,0,0.49160534
0,0,0.44395575
0,0,0.2776975
0,0,0.061265375
0,0,4.2864096e-05
1,1,0.76667666
0,1,0.79676926
0,1,0.5884798
0,1,0.7454774
0,0,0.0015265536
0,0,1.218741e-05
0,0,0.018282507
0,0,0.20624758
0,0,0.011032289
0,0,0.034409884
0,0,0.041177798
0,0,0.2947306
0,0,0.016464043
0,1,0.55395204
0,0,0.098735094
0,0,0.4586456
0,1,0.8629772
0,0,0.0049144826
0,1,0.6858245
0,0,0.0019085775
0,1,0.77173847
0,1,0.65999645
0,0,0.058656476
0,0,0.00012047753
0,0,0.079480976
0,0,0.21572308
0,1,0.6051959
0,0,0.012061771
0,0,0.076931186
0,0,0.3409976
0,1,0.90967834
0,1,0.7217061
0,1,0.5890621
0,1,0.7355125
0,0,0.25769675
0,0,0.002727491
0,1,0.9155612
0,0,0.015159135
0,0,0.15005217
1,1,0.8439739
1,1,0.5032977
0,0,0.014092862
0,1,0.6038807
0,0,0.0055100997
0,0,0.11931311
0,0,0.0650115
0,0,0.48829395
0,0,0.0058708712
0,0,0.18987621
0,0,0.042317897
0,0,0.20905241
0,1,0.6346025
0,0,0.46655068
0,0,0.0025089812
0,0,0.057378817
0,0,0.40133163
0,1,0.57708704
0,0,0.13779783
0,0,0.048937857
0,0,0.0053580003
0,0,0.02817756
0,0,0.042517196
1,0,0.3646125
1,0,0.08590002
0,1,0.6528247
0,0,0.10102415
0,0,0.22252734
0,0,0.122171916
0,0,0.1305864
0,0,0.05818027
0,0,0.023558637
1,1,0.648103
0,1,0.5536422
0,1,0.8690821
0,0,0.31739068
0,0,0.1320194
0,0,0.010987843
0,1,0.8484295
0,0,0.38132748
0,0,0.10872844
0,0,0.008117307
0,0,0.48407537
1,1,0.65253973
0,0,0.25411734
0,1,0.77738404
0,0,0.19929843
1,0,0.33431208
0,0,0.18551183
0,0,0.20723276
0,0,0.14039937
0,0,0.020568205
0,1,0.6153438
0,0,0.15361516
0,0,0.002921746
0,0,0.026064903
0,0,0.03489198
0,0,0.20137122
0,0,0.34226334
0,1,0.8018263
1,1,0.6566598
0,0,0.036948055
1,1,0.5800933
0,0,0.13768016
0,0,0.46454814
0,1,0.6067317
0,0,0.0008034502
0,1,0.8245268
0,0,0.25576496
0,0,0.07341682
0,1,0.5980678
0,0,0.37611476
1,1,0.8574132
0,0,0.31204024
0,0,0.00713404
0,0,0.45439726
0,0,0.13805515
0,1,0.80032283
0,0,0.15172099
0,1,0.8337674
0,0,0.11383479
1,1,0.8149184
0,0,0.027873414
0,0,0.3948586
0,0,0.17790446
0,1,0.5684066
0,0,0.037997566
1,0,0.25059578
0,1,0.7851646
0,0,0.42278945
1,1,0.68775666
1,1,0.7169692
0,1,0.8218258
0,0,0.023085194
0,0,0.25449237
0,0,0.05582926
0,1,0.6239459
0,1,0.92714083
0,0,0.44571787
0,0,0.01046836
1,1,0.5881303
0,1,0.7078072
0,0,0.47994554
1,1,0.5566947
0,0,0.015016687
0,0,0.18183337
0,0,0.11978124
0,1,0.8582699
0,0,0.04075972
0,0,0.00020201596
0,0,0.012833768
0,0,0.05686197
0,1,0.8207198
0,0,0.014397877
0,0,5.6275374e-05
0,1,0.7362798
0,0,0.20009334
0,0,0.004865346
0,0,0.3170712
0,0,0.00020953736
0,0,0.09283522
0,0,0.0060746716
0,0,0.23061392
0,0,0.2586412
0,1,0.51364034
0,0,0.03214606
0,0,0.0017331409
0,0,0.04196825
0,0,0.082115695
0,0,0.025501888
0,1,0.63014126
1,1,0.8984089
1,0,0.49889868
0,0,0.017348297
0,1,0.73128736
0,1,0.5414885
0,1,0.6061387
0,0,0.18862437
0,0,0.0012833831
0,0,0.06909335
0,0,0.115476124
1,1,0.8313283
1,1,0.8619557
1,0,0.48769343
1,1,0.88523024
0,0,0.006853212
0,0,0.18583807
1,1,0.77959925
0,0,0.13421895
1,1,0.5396523
0,0,0.09632239
0,0,0.2654063
0,1,0.84025615
0,0,0.21371835
0,1,0.6406583
0,0,0.041084792
0,0,0.26756606
0,1,0.83392256
1,1,0.8536138
0,0,0.039037388
0,1,0.5026924
0,1,0.6245086
0,0,0.0019432701
0,0,0.15032445
0,1,0.69858146
0,1,0.80928594
0,0,0.37997136
0,0,0.060006704
0,0,0.29513288
0,0,0.014862707
0,0,0.050106835
1,1,0.7640954
0,1,0.600776
0,0,0.0047446503
0,0,0.19605167
0,0,0.028926114
0,1,0.5162894
0,0,0.31071764
0,1,0.83384794
0,0,0.005987409
0,0,1.218741e-05
0,0,0.38081428
0,0,0.14797197
0,0,3.9323193e-05
0,0,0.008839485
0,0,0.007408664
1,0,0.41658396
0,0,0.053835943
0,1,0.8047692
1,1,0.64625543
0,0,0.19146441
0,0,0.2653171
0,1,0.51799464
0,1,0.7327344
0,0,0.28170586
0,1,0.61878765
0,0,0.16027132
0,0,0.28088403
0,0,0.00044147822
0,0,0.21457832
1,1,0.5219974
0,0,0.010945202
0,0,0.19849184
1,0,0.1614297
1,1,0.8974075
0,1,0.6046488
0,0,0.25535578
0,0,0.08779124
0,1,0.7088163
0,0,0.40958568
0,0,0.1265641
0,0,0.004301885
0,0,0.03201316
0,0,0.031470526
0,0,0.0123807285
0,0,0.49985567
0,0,0.23257402
0,1,0.5521035
0,0,0.008365709
0,0,0.08462975
0,1,0.65232617
0,1,0.8461654
1,1,0.8415739
0,0,0.38632563
0,0,0.2193815
0,0,0.07540095
0,1,0.529578
0,1,0.62449527
0,0,0.00019051248
0,0,0.00012772191
0,1,0.5903758
1,1,0.78531104
1,1,0.7362798
0,0,0.4402606
1,0,0.46017766
0,0,0.18715544
0,1,0.77330524
1,1,0.8602924
0,0,0.14009479
0,1,0.66188735
0,0,0.08768589
0,0,0.0050213477
0,1,0.7411202
0,0,0.21929602
0,0,0.07677094
0,0,0.005951636
1,1,0.83179146
0,0,0.0045131976
0,0,0.06271231
0,0,0.18686143
0,1,0.64186555
0,0,0.008730438
0,0,0.053131286
1,1,0.83707017
0,0,0.385277
0,0,0.0009005874
0,1,0.81272364
0,0,0.017019683
0,0,0.3358763
1,1,0.75870836
0,1,0.6378807
0,0,0.48321798
0,1,0.53580374
0,0,0.121324934
0,1,0.69286394
0,1,0.9040375
0,0,0.14446792
0,0,0.005412239
0,0,0.006575257
1,1,0.7819409
0,1,0.5470399
0,0,0.0037673495
0,1,0.8236807
0,1,0.5755172
0,1,0.5955324
0,0,0.4820733
1,0,0.49717328
0,1,0.5022005
0,0,0.044888478
0,0,0.061840665
0,0,0.046093
0,0,0.021357642
0,0,0.0057595144
1,1,0.66096354
1,0,0.28236753
0,0,0.46875736
0,0,0.09083733
0,0,0.00031563998
0,0,0.3116909
1,1,0.5915452
0,1,0.72959423
1,1,0.8653837
0,0,0.15115035
0,0,0.0641856
0,0,0.25566807
0,1,0.86782926
0,1,0.88748676
0,0,0.26940736
0,0,0.2575339
0,0,0.008555406
0,0,0.24916464
0,0,0.06791987
0,0,0.002406645
0,1,0.5111108
0,0,0.48609582
0,1,0.54145056
0,0,0.01566745
0,1,0.7500897
0,0,0.19106154
0,1,0.58789617
0,0,0.17198782
0,0,0.31799045
0,0,0.0060182796
0,0,0.009489639
0,1,0.69436985
0,0,0.076603875
1,0,0.17660011
0,0,0.11493917
0,0,0.004655742
1,1,0.69544894
0,0,0.025492912
0,0,0.34010512
0,0,0.17575042
0,0,0.12812155
0,0,0.022052376
0,0,0.17384401
0,0,0.011959734
0,1,0.5179499
0,0,0.16674986
0,0,0.066139266
0,0,0.25566807
0,1,0.5707186
0,1,0.861518
0,1,0.7428347
0,0,0.21741374
0,1,0.6254422
0,1,0.73128337
0,0,0.0037955553
0,0,0.047668308
0,1,0.7210983
0,0,0.050216902
0,0,0.39623365
0,0,0.029626431
0,1,0.84330654
0,0,0.29339346
0,0,0.20933416
0,0,0.09007656
0,0,0.36115083
0,0,0.27112827
0,0,0.006929789
0,0,0.38350272
0,0,0.30402538
0,0,0.41260955
0,0,0.22485317
0,0,0.011054151
0,1,0.5777135
0,0,0.0109499935
0,0,0.133824
0,0,0.057178497
0,0,0.05239996
0,1,0.7430111
1,0,0.3507615
1,1,0.58046305
0,1,0.8347142
0,0,0.04687876
0,0,0.15789035
0,1,0.76572263
0,0,0.015754217
0,1,0.7839689
0,1,0.8552925
0,0,0.0002449151
0,0,0.0758943
0,0,0.36314803
1,1,0.82233864
0,0,0.009396544
0,0,0.26724163
0,0,0.34610823
0,1,0.5481862
0,0,0.109646685
0,0,0.018939879
0,0,0.039330933
0,0,0.10814075
0,1,0.6685812
0,1,0.593256
0,1,0.84119385
0,0,0.00015056612
0,0,0.05324831
0,0,0.18080756
0,0,0.10005741
0,1,0.53952616
0,0,1.218741e-05
0,0,0.033867538
0,0,0.0344023
0,0,0.0017730759
0,0,0.036060855
0,1,0.7278759
0,0,0.22485317
0,1,0.78186345
0,0,4.5198212e-05
0,0,0.4585739
0,0,0.34868923
0,0,0.12509577
0,0,0.44468617
0,0,0.07101504
0,1,0.6688712
0,1,0.68656754
0,0,0.11323593
1,1,0.8014013
0,0,0.47513923
0,0,0.41836673
0,0,6.7762754e-05
1,1,0.7464479
0,0,0.0009005874
0,0,0.01814791
0,1,0.8364605
1,1,0.60645425
0,0,0.33690953
0,1,0.76668334
0,0,0.1281145
0,0,0.14649281
0,0,0.058471065
0,0,0.4065312
0,0,0.2763547
0,0,0.042400382
0,0,0.16168015
0,0,0.47253168
0,0,0.14589374
0,0,0.1388512
0,0,0.34981725
0,1,0.69286394
0,1,0.7233789
0,0,0.08746948
0,1,0.84633154
0,0,0.4891774
0,0,0.04848621
0,0,0.0052859373
0,0,0.135098
0,0,0.4963213
0,1,0.52408916
0,0,0.19485003
0,0,0.012274553
0,0,0.3549433
0,0,0.35221347
0,0,0.06628277
0,0,0.33030766
0,0,0.28107575
0,0,0.071217686
0,0,0.28232375
0,0,0.006016158
0,1,0.6266096
1,1,0.85339946
0,0,0.19522822
1,1,0.8083836
0,1,0.7049111
0,0,0.0001148937
0,0,0.48420325
0,0,0.029905945
0,0,0.016947405
0,0,6.283753e-05
0,1,0.7371185
0,0,0.08009054
1,1,0.7112898
0,0,0.00032917905
0,1,0.5430052
0,0,0.2140984
0,0,5.2103987e-05
0,0,0.00011570433
0,1,0.56928194
0,0,0.47386053
0,0,0.44199485
0,0,0.028477296
1,1,0.8440986
0,0,0.28202802
1,1,0.8635711
0,1,0.5271236
0,0,0.17438208
0,1,0.74077904
0,0,0.43404698
0,0,0.09271539
0,1,0.711743
0,1,0.90950024
1,1,0.5853035
0,1,0.7063524
0,0,0.103581324
0,0,0.01764472
0,0,0.06283405
0,0,0.31918168
0,0,0.44079372
0,0,0.47273105
1,1,0.9096172
0,0,0.02991644
0,0,0.25092974
0,0,0.2011557
0,0,0.29310727
0,0,0.00056180824
0,1,0.9371806
0,0,0.3419507
0,0,0.021265704
0,1,0.7526789
1,1,0.5571839
0,1,0.618973
0,0,0.017348297
0,0,0.106399
0,1,0.5347197
0,0,0.023745954
0,1,0.748833
0,0,0.035944182
0,0,0.00020201596
0,0,0.2858769
0,0,0.23401044
0,0,0.057933297
1,0,0.18230093
0,0,0.43494424
0,0,0.22445421
0,0,0.20044594
1,0,0.468512
0,0,0.11110247
1,0,0.30175725
0,0,0.45011365
0,0,0.0045373053
0,1,0.7543949
0,0,0.22313176
0,0,0.0006133652
0,0,0.025382597
0,0,0.43867654
0,1,0.7864608
0,1,0.5941583
0,1,0.82448137
1,1,0.78676486
0,0,0.38756585
0,1,0.601572
0,0,0.41304842
0,0,0.08550949
0,0,0.07369773
0,1,0.53770596
0,1,0.840237
0,1,0.5179499
1,1,0.77388895
0,0,0.0786567
0,1,0.65715486
0,0,0.04609167
0,0,0.0015425634
0,0,0.3784381
1,1,0.67035747
0,0,0.157446
0,0,0.2105461
0,0,0.008315555
0,1,0.550621
0,0,0.012314281
0,0,0.2525526
0,0,0.1880222
0,1,0.77203953
0,0,0.08860348
0,0,0.13801967
0,0,0.2620486
0,0,0.21433765
0,0,0.031339772
1,1,0.7916989
0,0,8.740501e-05
0,0,0.04892982
0,1,0.55829024
0,0,0.32751018
0,0,0.3514275
0,0,0.18725242
0,0,0.012025665
0,0,0.49780744
0,0,0.34004313
0,0,0.000103380735
0,0,0.013243606
0,0,4.5198212e-05
0,0,0.25476402
0,1,0.7884258
0,0,0.38085622
0,0,0.050096
0,0,0.019692121
0,0,0.228123
0,0,0.3020241
0,1,0.7823636
0,0,0.04694375
0,0,0.10381984
0,0,0.11110247
0,0,0.32509696
0,1,0.5752462
0,0,0.11455338
0,0,0.012809005
0,1,0.59480894
0,0,0.37840018
0,1,0.9047185
0,0,0.22492263
0,1,0.8144012
0,0,0.020164412
0,0,0.01215906
0,0,0.028033787
0,0,0.012226679
0,0,0.21741374
0,0,0.022857515
0,0,0.2635017
1,1,0.6373321
0,0,0.36555007
0,0,0.011389422
0,0,0.1447556
0,0,0.30498534
0,0,0.030458337
0,0,0.008553695
0,0,0.10670004
0,0,0.16770647
0,0,0.0015760455
0,1,0.67300683
0,1,0.6369257
0,0,0.2544279
0,0,0.116339415
1,0,0.15217228
0,0,0.0029196786
0,0,8.175677e-05
0,0,0.16790454
0,0,0.15890585
0,0,0.08733258
0,0,0.192695
0,0,0.37457597
0,0,0.10466713
0,0,0.37443197
0,0,0.10755972
1,0,0.0170539
0,0,0.014797394
0,0,0.008968982
0,0,0.009922861
0,0,0.015836017
0,0,0.20400319
0,0,0.04667414
0,0,0.12093072
0,0,0.27027813
0,0,0.09484885
0,0,0.045687623
0,0,0.015762908
0,0,0.2759749
0,0,0.16178124
0,1,0.68555844
0,0,0.0276343
0,0,0.000485728
0,0,0.054171167
0,0,0.0002380589
0,0,0.21224853
0,1,0.5515345
1,0,0.21857981
0,0,0.29168504
0,0,0.26615363
0,0,0.2447929
0,0,0.025668412
0,0,0.2970044
0,0,0.027868072
0,0,0.06848406
0,0,0.07109792
0,0,0.13604867
0,0,0.12934238
1,1,0.6346231
1,1,0.7926102
0,0,0.0038284154
0,1,0.84186894
0,0,0.09186537
0,1,0.66050255
0,0,0.27553064
0,0,0.1331399
0,1,0.5041067
0,0,0.018548492
0,0,0.0028694852
0,0,0.15492181
0,0,0.23651974
0,0,0.3421472
0,0,0.24546726
0,0,0.02464753
0,0,0.005486719
0,0,0.01263366
0,0,9.260957e-05
1,1,0.56918925
0,0,0.21762486
0,1,0.76065296
0,0,0.11220249
0,0,0.23770556
0,0,0.05640814
0,0,0.44810504
1,1,0.7778914
1,1,0.727438
0,0,0.030032756
0,0,0.1221384
0,0,0.0063487203
0,1,0.69978887
0,0,0.10333903
0,0,6.398967e-05
0,0,0.06133126
0,0,0.31866336
0,1,0.6524322
0,1,0.620561
0,1,0.63516444
0,0,0.46120182
0,0,0.09296438
0,0,0.00043153914
0,0,0.27735078
0,1,0.73264945
1,1,0.88991493
0,1,0.5790432
0,0,0.038755935
0,0,0.04266079
0,0,0.16757073
0,0,0.37813628
0,0,0.00033163256
0,0,0.48326775
0,0,0.08088042
0,1,0.68010306
0,0,0.06286011
0,0,0.003020263
1,1,0.9664139
0,0,0.389636
0,1,0.93369406
0,0,0.120460846
0,0,0.1644361
0,0,0.09649485
0,1,0.7964748
0,0,0.20872638
1,1,0.84476894
0,0,0.0009907938
0,0,0.1371788
1,1,0.5879699
0,1,0.64531755
0,0,0.3275834
0,1,0.620561
1,0,0.063613616
0,0,0.018917328
0,0,0.0015947897
0,1,0.8414079
0,0,0.034184292
0,0,0.16344915
0,0,0.08836014
0,0,0.022651415
0,0,0.04103626
0,0,0.009674483
0,0,0.2430852
0,0,0.40125346
0,0,0.12433763
0,0,0.02938117
0,0,0.20866029
0,0,0.01629568
0,0,0.1918031
0,0,0.03754246
0,0,0.0003754289
0,0,0.0009127768
0,0,0.088835075
0,1,0.64740896
0,0,0.16281271
0,0,0.44199738
0,1,0.5007292
0,0,0.07258278
0,1,0.5536724
0,0,0.0061550485
0,0,0.43460074
1,0,0.047624975
0,1,0.60586405
0,1,0.7887035
0,1,0.92008233
0,0,0.04270507
0,0,0.0064808293
0,0,0.057679523
0,0,0.18680091
0,0,4.4725795e-05
0,0,0.36861512
0,0,0.14759961
0,0,0.016082633
0,0,0.04468029
0,0,0.47382215
0,0,0.27093625
0,1,0.84586525
0,1,0.59996533
0,0,0.38241804
0,0,0.2622325
0,1,0.60490984
0,0,0.37229198
0,0,0.13597617
0,1,0.67148226
0,1,0.7934804
0,0,0.0012735067
0,0,0.008322809
0,0,0.044020146
0,0,0.021314327
0,0,0.14610934
0,0,0.08964393
0,0,0.011191532
0,0,0.3599975
0,0,0.039525516
0,0,0.029434422
0,0,0.021129562
1,1,0.60539377
0,1,0.63704836
0,1,0.6166833
0,0,0.025729416
0,0,0.43457773
0,0,0.4675998
0,0,0.020422254
0,0,0.26615363
0,0,0.009757017
0,0,0.3070058
0,1,0.7233964
0,0,0.0017921482
0,0,0.031108763
0,0,0.0013796226
0,1,0.6283429
0,1,0.5573245
0,0,0.15936251
0,0,0.17431079
1,1,0.7718906
0,1,0.6786861
0,0,0.15022016
0,0,0.008315555
0,0,0.26478654
0,1,0.7596046
0,1,0.83153677
0,0,0.29844835
0,0,0.4520579
0,0,0.0040622535
1,1,0.87683886
0,0,0.30265272
0,1,0.8348029
0,0,0.23593146
1,0,0.19742984
0,0,0.47238418
0,0,0.006258718
0,0,0.1936906
0,1,0.803547
0,0,0.44574192
0,0,0.16450998
0,0,0.023368295
0,1,0.73128337
0,0,0.016440194
0,1,0.77061725
1,1,0.92509115
0,0,0.015420889
0,1,0.6755114
1,0,0.33617365
0,0,0.06910394
1,1,0.8452086
0,0,0.3438266
0,0,0.00039093243
0,0,0.2566388
0,0,0.08394379
0,0,0.2629493
1,1,0.71471924
1,1,0.8225727
1,1,0.8253202
0,1,0.74932325
1,0,0.09883093
0,1,0.5067487
0,0,0.0003378733
0,0,0.12185229
0,1,0.7711891
0,1,0.5505945
0,0,0.26230833
0,1,0.8495646
0,0,0.21503782
0,0,0.002487094
0,0,0.47105607
0,1,0.53055006
0,1,0.75581044
0,1,0.75105965
0,0,0.027306681
0,0,0.002130919
0,0,0.0032988426
0,0,0.2894626
0,0,0.060155153
0,0,0.48870274
0,0,0.009349542
0,0,0.11654177
0,0,0.10543223
0,0,0.01998568
0,1,0.92402375
0,0,0.026825946
1,1,0.78879356
0,0,0.0003182449
0,0,0.0021393185
1,0,0.44187212
0,0,0.06414774
0,0,0.019820461
0,0,0.2498338
0,1,0.91659474
0,1,0.75044674
0,0,0.31011492
0,1,0.52346957
0,0,0.00010959362
0,0,0.13805515
0,0,0.32617146
0,0,0.15147233
0,0,0.10486256
0,0,0.3834177
0,0,0.0006139454
1,1,0.6708486
1,1,0.88100046
0,0,0.4035531
0,0,0.14527027
0,0,0.003694755
0,1,0.68344617
1,1,0.73457247
0,0,0.021733258
0,1,0.6090398
0,0,0.05056351
0,0,0.034314435
0,0,0.0004191919
1,0,0.21240592
0,0,0.09519301
0,0,0.02004317
0,0,0.37695745
0,0,0.0011583196
0,0,0.32550058
0,1,0.7598349
0,0,0.24100143
0,0,0.38807398
0,0,0.017854398
0,1,0.69213563
0,0,0.017457692
0,0,0.033320185
0,0,0.0310568
0,1,0.59544027
0,0,0.016967604
0,1,0.8050358
0,0,0.10146728
1,0,0.2881407
0,1,0.69592005
0,0,0.003562162
1,1,0.93926734
0,0,0.00064165884
0,1,0.62188464
1,1,0.6876021
0,0,0.009158037
0,0,0.00012047753
0,0,0.31120035
0,0,0.004865346
0,1,0.5020949
0,0,0.45822355
0,0,0.020297274
0,0,0.048703693
0,0,0.012387874
0,0,0.003562162
0,0,0.028732961
0,0,0.0945059
1,1,0.9173278
0,1,0.76000035
1,0,0.26116386
0,1,0.7019209
0,0,0.040056176
0,0,0.0044236234
0,0,0.17897758
0,0,0.14843191
0,0,8.915426e-05
0,0,0.2563
0,0,0.44219038
0,0,0.12857682
0,1,0.7679327
0,1,0.78251606
0,1,0.5575389
0,0,0.0008216955
0,0,0.11176487
0,1,0.91323555
0,1,0.55255747
0,0,0.35145995
0,0,0.24815339
0,1,0.6116385
0,1,0.5432981
0,1,0.9335307
0,1,0.75393283
0,0,0.45785016
0,0,0.031209946
1,1,0.78398067
0,1,0.6916809
0,0,0.11463826
0,1,0.6820976
0,0,0.006380647
0,0,0.008893591
0,0,0.24626802
0,0,0.035836745
1,1,0.85384274
0,0,0.06124628
0,1,0.80988324
0,0,0.045637835
0,0,0.46266046
0,0,0.04079609
0,1,0.7524703
0,1,0.59776956
0,0,0.34933114
0,1,0.7875972
0,0,0.023545055
0,0,0.050915793
0,0,0.1665913
0,0,0.069087744
0,0,0.45921957
0,0,0.03839555
0,0,0.4318819
0,0,0.42093068
0,0,0.41316977
0,0,0.03159985
0,0,0.025377272
1,1,0.81069833
0,0,0.38977543
0,0,8.3534185e-05
0,0,0.15377913
0,1,0.8728614
0,0,0.28580448
0,0,0.46501374
0,1,0.6246643
0,1,0.73933357
0,1,0.7380336
0,1,0.54517925
1,1,0.7570271
0,0,0.33758077
0,0,0.0025875326
0,0,0.3588645
0,0,0.0064804796
0,0,0.112499006
0,0,0.009642541
0,0,0.36758155
0,0,0.24895413
0,0,0.06952081
1,1,0.779851
0,0,0.075278476
0,1,0.6320453
0,1,0.6781083
0,0,0.37835407
0,0,0.38944742
0,0,0.004449303
0,0,0.010839354
0,0,0.31818646
0,1,0.85709465
0,0,0.06843888
0,0,0.12148281
0,0,0.058167856
0,0,0.055830397
0,1,0.91318434
0,0,0.28776255
0,0,0.06170478
0,0,0.004951755
0,0,0.38128242
0,0,0.4738231
0,0,0.009278523
1,1,0.62511146
0,1,0.7763481
0,1,0.57482195
0,0,0.004598244
0,0,0.109211795
0,0,0.15789035
0,1,0.7985958
0,0,0.18855177
0,0,0.020706635
0,0,0.017912269
0,0,0.010619149
0,0,0.40997827
0,0,0.09505697
1,1,0.78497356
0,0,0.013239649
0,0,0.046950385
0,1,0.61458355
0,0,0.03733266
0,0,0.0001595931
0,1,0.60096335
0,0,0.00666805
0,1,0.83785087
0,1,0.5899119
0,1,0.53037876
1,1,0.79081476
0,1,0.61304235
0,1,0.8365316
1,1,0.5138842
0,0,0.012734273
0,0,0.19376722
0,0,4.341871e-05
0,0,0.007161005
0,0,0.0628369
0,0,0.044910192
0,0,0.16604093
0,1,0.64431846
0,0,0.44533274
0,0,0.03088437
0,0,0.46804774
0,0,0.05303247
0,0,8.101421e-05
0,0,0.04736287
0,0,0.16823871
0,1,0.6400384
0,0,0.0009005874
0,0,0.49469572
1,1,0.8043962
0,0,0.05017658
0,0,0.35235548
0,0,0.098409735
0,0,0.0021972489
0,0,0.0337807
0,0,0.10469838
0,1,0.5138842
0,0,0.002801348
0,0,0.006380647
1,1,0.82207274
0,0,0.052680768
0,0,0.39317974
1,1,0.87867385
0,0,0.32730404
1,1,0.8990662
0,1,0.6788841
1,1,0.9386106
0,0,0.036289256
0,1,0.659063
0,0,0.0075187217
0,1,0.8213818
0,0,0.41131896
0,1,0.7546823
0,0,0.21695016
0,0,0.31923994
0,0,0.0191667
0,0,0.26064864
0,0,0.09475714
0,1,0.88708526
0,0,0.062461697
0,1,0.79707956
0,0,0.07026685
0,0,0.064725794
0,0,0.07793272
0,0,0.08829526
1,1,0.6614426
0,1,0.7455543
0,0,0.097799726
1,1,0.8246898
0,0,0.23104721
0,0,0.02951425
0,0,0.33202296
0,0,3.386797e-05
0,0,0.08471011
0,1,0.6560923
0,0,0.48273346
0,0,0.2543867
0,1,0.78537637
0,0,0.19294533
0,0,0.47387257
0,0,0.26409373
1,1,0.9548467
0,0,0.19343656
0,1,0.56832755
0,1,0.79180306
0,0,0.004361711
0,1,0.8638567
0,0,0.02882012
0,0,0.0036755044
1,1,0.8306763
0,0,0.0024853852
0,0,0.14486298
0,0,0.4224811
0,0,0.070809975
0,0,0.14216796
0,0,0.056548018
0,0,0.19328839
0,1,0.56612486
0,1,0.7380336
0,0,0.11640823
0,1,0.72892886
1,1,0.70966166
0,0,0.010306112
0,1,0.8671051
0,0,0.049652595
0,1,0.593322
0,0,0.40570888
0,0,0.45785016
0,1,0.522848
0,0,0.05577938
0,1,0.8624558
0,0,0.1692628
0,0,0.17042255
0,1,0.8145355
0,0,0.014882947
0,0,0.002939489
0,1,0.5035465
1,1,0.8666939
0,0,0.4841933
0,0,0.0059785927
0,0,0.26640922
0,1,0.5040078
0,1,0.56885505
0,1,0.6686538
0,1,0.7206702
0,0,0.27670014
1,1,0.94932383
1,1,0.88004357
0,1,0.50541246
0,0,0.32251394
0,0,0.046987597
0,0,0.4922357
1,0,0.24903964
0,0,0.37130347
0,0,0.2047707
0,0,0.3554984
0,0,0.43540552
0,0,0.031383727
0,0,0.03591986
0,1,0.75570697
0,1,0.5032977
0,0,0.2286877
0,1,0.807549
0,0,7.926984e-05
0,1,0.8461321
0,1,0.76725525
0,0,0.2515454
0,1,0.85904616
0,1,0.59911287
0,1,0.7988316
0,1,0.78024775
0,1,0.67837954
0,0,0.019464085
1,1,0.6798123
0,0,0.43042663
0,0,0.1492817
0,0,0.055275075
0,0,0.13402948
0,0,0.059698433
0,0,0.03415851
0,0,0.038456466
1,1,0.54049075
0,0,0.046016023
0,0,0.107617065
0,0,0.012806617
0,0,0.024188409
0,0,0.020576824
0,0,0.09546027
0,0,0.06896666
0,1,0.7112336
0,0,0.21528961
0,0,0.46569014
0,0,0.05722333
0,0,0.042622738
0,1,0.69790226
0,0,0.025996858
0,0,0.33302417
0,1,0.5730726
0,0,0.007521319
0,1,0.6480776
0,0,0.0053624185
0,0,0.050216902
0,1,0.68766445
0,1,0.5194745
1,1,0.74554545
0,0,0.40958568
0,1,0.667964
0,0,0.005072721
0,0,0.11546748
0,0,0.011449378
0,0,0.4307776
0,0,0.17334764
0,0,0.40221384
0,1,0.7770217
0,0,0.0025875326
1,1,0.76119626
0,0,0.0053636166
0,1,0.7436174
0,0,0.046087604
0,0,0.0981383
1,1,0.5935116
0,0,4.9375398e-05
1,1,0.593589
0,1,0.7661024
0,0,0.0048790025
0,0,0.0038708176
0,1,0.6243869
0,1,0.8400379
0,0,0.22821152
0,0,0.06232602
0,0,0.05291682
0,0,0.43482232
0,0,0.077457614
1,1,0.71906143
0,0,0.02465892
0,1,0.64740896
0,0,2.9354142e-05
0,1,0.66329503
0,1,0.5350412
0,0,0.003213593
0,1,0.673945
0,0,0.011378861
0,0,0.020482015
1,0,0.39435825
0,0,0.07983107
0,0,0.4855836
0,0,0.20822832
0,1,0.7356394
0,0,0.23023519
0,0,0.0005640768
0,0,0.28490147
0,0,0.03890705
0,0,0.09213875
0,1,0.76695555
0,0,0.2328332
0,0,0.29526007
0,0,0.011860098
0,0,0.43460074
0,0,0.30533975
0,1,0.5422131
0,0,0.08151094
0,0,0.4468821
1,0,0.48775297
0,0,0.017379012
0,1,0.50029784
0,1,0.5590128
1,0,0.08404054
0,1,0.8237024
0,0,0.20865923
0,0,0.38081428
1,0,0.4590212
0,0,0.00030460954
0,0,0.26921704
0,1,0.8664896
0,1,0.85843503
0,0,0.0921204
0,0,0.3266477
0,1,0.52931
0,0,2.6747566e-05
0,0,0.015954675
0,0,0.18684
1,1,0.82490045
0,1,0.74479365
0,1,0.5773784
0,0,0.00029683197
0,0,0.18973306
0,0,0.011849072
1,1,0.7650601
0,1,0.83522964
0,1,0.69839174
0,0,0.30444372
0,0,2.9354142e-05
0,1,0.8229187
0,0,0.020487526
0,1,0.66390574
0,0,0.05914692
0,0,0.03557914
0,0,0.16207106
0,0,0.06586667
0,0,0.45515358
0,0,0.06414788
1,1,0.82784235
0,0,0.2914742
0,0,0.03039455
0,1,0.7708448
0,1,0.8852217
0,0,0.49818876
1,1,0.7653027
0,0,0.017896313
0,0,0.013783277
0,0,0.00017327412
0,0,0.09708889
0,0,0.02396948
0,0,0.27690786
0,0,0.025506947
0,0,0.09705415
0,0,0.0586196
1,1,0.69365066
0,0,0.14097103
0,0,0.18503031
0,0,0.016667282
0,0,0.0038648245
0,0,0.10034797
0,1,0.5453796
0,0,0.027157638
0,1,0.5127906
0,0,0.34684694
0,0,0.07718597
0,0,0.38596758
0,0,3.386797e-05
0,0,0.2984313
0,1,0.5762367
0,1,0.67941153
0,0,0.06628277
0,0,0.06734475
0,0,0.0017915317
0,1,0.8713141
0,0,0.17165862
0,1,0.64856637
0,0,0.029844327
0,0,0.08845662
1,1,0.7232272
0,0,0.34098852
1,1,0.7448219
1,0,0.28734225
1,0,0.27778116
0,0,0.4499267
0,1,0.63015735
0,0,0.04583116
0,0,0.04903507
0,0,0.03841972
0,0,0.08273558
0,0,0.00860163
0,0,0.008543895
0,0,0.016119359
0,1,0.50555086
0,0,0.34154013
0,0,0.088703856
1,1,0.94184715
0,1,0.62155896
0,0,0.14756957
0,0,0.005305419
1,1,0.8448406
0,1,0.7598349
0,0,0.0026304615
0,0,0.39727116
0,0,0.07530524
0,0,0.0010195058
0,0,0.042682335
0,1,0.72212476
0,0,0.24506906
0,1,0.57856786
0,1,0.7561683
0,0,0.0590324
1,1,0.7125428
1,1,0.6012345
0,0,0.008192613
0,0,0.41377473
0,0,0.0015797963
0,0,0.0102892965
1,0,0.17340676
0,0,0.1886322
0,0,0.21541876
0,1,0.5867334
0,0,0.0010680611
1,1,0.7914057
0,0,0.26312697
0,0,0.17234123
0,1,0.6191202
0,1,0.9446922
0,0,0.03188607
0,0,0.0701458
0,0,0.41428667
0,1,0.7231677
0,1,0.55557203
0,1,0.51575696
0,0,0.25142056
0,0,0.00046267017
1,1,0.5600736
0,0,0.16873707
1,1,0.9285778
0,0,0.1294347
0,0,0.35680777
0,0,0.13355164
1,1,0.8751677
0,0,0.0015496513
0,0,0.011136118
0,0,0.003703542
0,0,0.2560058
0,0,0.30178952
0,1,0.58350295
0,0,0.01389487
0,0,0.010142899
0,0,0.047919136
0,0,0.19469132
0,0,0.039657205
0,0,0.10786595
0,1,0.60015374
0,0,0.20037602
0,0,0.4864824
0,1,0.579646
0,1,0.5879699
0,0,0.0070181894
0,1,0.6381158
0,0,0.014325222
0,0,0.14716364
1,1,0.7905685
0,0,0.36949253
0,0,0.009365065
0,0,0.12629475
1,0,0.48346406
0,0,0.001201375
0,1,0.615985
0,0,0.32556486
0,0,0.086685054
0,0,0.023257686
0,0,2.6747566e-05
0,1,0.7521754
0,0,0.03278148
0,1,0.7664678
0,1,0.8377948
0,0,0.0036755044
0,0,0.41507313
0,0,0.18377568
0,0,0.2057374
0,0,0.033379246
0,0,0.3957001
0,0,0.27129552
1,0,0.3048699
0,0,0.19260931
0,0,0.0022968003
0,0,0.02078229
0,0,0.12870197
0,0,0.48115134
0,0,0.12402168
0,0,0.2984313
1,1,0.78328425
0,0,0.091586985
0,1,0.5928308
0,0,0.41911367
0,1,0.7729537
0,0,0.038693417
0,0,5.6472672e-05
0,0,0.4069553
0,0,0.0055576414
0,0,0.281901
0,0,0.03997864
0,0,0.46704218
0,0,0.36214006
0,0,0.045677707
0,0,0.22594452
0,0,0.012314281
0,0,0.023829054
1,0,0.4524294
0,1,0.70625377
0,1,0.58840626
0,1,0.55548286
0,1,0.8616078
0,1,0.5473681
0,0,0.004964508
0,0,0.029219445
0,1,0.8501588
0,0,0.16659422
0,0,0.005084698
0,1,0.5340038
0,0,0.13985452
0,0,0.002588542
0,1,0.53770596
0,0,0.013538955
0,0,0.0048790025
0,0,0.00998144
0,0,0.1379656
0,0,0.19391298
0,0,0.37525702
0,0,0.087240875
0,0,0.299355
0,0,0.44368628
0,1,0.7768838
0,1,0.81562984
0,1,0.5486423
0,0,0.06187261
0,0,0.2006516
0,0,0.41015115
0,0,0.00296335
0,0,0.00013611952
0,1,0.86307114
0,1,0.75792986
0,0,2.7638556e-05
0,0,0.024046713
0,1,0.73565465
0,0,0.040132154
0,0,0.17793572
0,0,0.009323388
0,0,0.1588646
0,1,0.6485161
0,0,0.33825448
0,1,0.8139771
0,0,0.21457832
0,1,0.67234063
0,1,0.6374262
0,0,0.00479395
0,0,0.14255868
0,0,0.014092862
0,1,0.6064182
1,1,0.6759028
0,0,0.050770774
0,1,0.70093215
0,1,0.58242095
0,0,0.2062659
1,0,0.49153608
0,1,0.75271606
0,1,0.70603323
0,0,0.06898693
0,0,0.47097325
0,0,0.48394546
0,1,0.567384
0,0,0.36415154
0,0,0.060155153
0,0,0.45258185
0,0,0.41227567
0,0,0.19436637
1,1,0.5735793
0,0,0.11667018
0,1,0.8813583
0,0,2.8310513e-05
0,0,0.15659691
0,0,0.024500865
0,1,0.8643382
0,0,0.008117307
0,0,0.0036755044
0,0,0.29262727
0,0,0.17191382
0,1,0.6472141
0,1,0.54756033
0,0,0.029389556
0,0,0.26413062
0,0,0.0014547899
0,0,0.021548837
0,0,9.781535e-05
0,0,0.043930195
0,0,0.2584797
1,1,0.86073905
0,0,0.013677289
0,0,0.023977162
0,1,0.5009514
0,1,0.56892425
0,1,0.8518718
0,0,0.0036096296
0,0,0.055115048
0,0,0.2184056
0,0,0.09052773
0,0,0.0016143335
0,0,0.01891163
0,0,0.03235237
0,0,0.17827573
0,0,0.16144231
0,1,0.71352863
0,1,0.578065
0,1,0.5559997
0,0,0.013765975
0,0,0.08882578
0,0,0.012226679
0,0,0.25373167
0,0,0.468662
0,0,0.24689418
0,0,8.175677e-05
0,0,0.017007561
0,0,0.3137423
0,0,0.21627808
0,0,0.007435964
0,0,0.025187451
0,0,0.09133551
1,0,0.45298985
0,0,0.49506733
1,0,0.20027779
0,0,0.005412239
0,1,0.70212775
0,0,0.1089937
1,1,0.888245
0,0,0.016670752
0,0,0.012541035
1,1,0.6142465
0,0,0.005786108
0,0,0.1892679
0,1,0.7568161
1,1,0.8371155
0,1,0.74362075
0,0,0.019937064
1,0,0.4403397
0,0,0.002700868
0,0,0.3875525
1,0,0.0605324
0,0,0.16071138
0,0,0.11403312
0,0,0.4933658
0,0,0.12854701
0,0,0.40585437
0,0,0.41005194
0,0,0.006838027
0,1,0.5361955
0,1,0.569045
0,1,0.8635673
0,0,0.0050818087
0,0,0.24440145
0,1,0.8909592
0,0,0.36178842
0,1,0.6125457
0,1,0.67845833
0,0,0.37883788
0,1,0.6664887
0,0,0.013523533
0,1,0.93877786
0,0,0.17112201
0,0,0.029680938
0,1,0.8882229
0,1,0.5969833
1,1,0.71313715
1,1,0.74272305
0,0,0.030671464
0,1,0.92138034
0,0,0.25095662
0,0,0.10460536
0,1,0.8306006
1,1,0.6815469
0,0,0.18367068
0,1,0.7108161
0,0,0.021266261
0,0,0.17329891
0,0,0.056410756
1,1,0.76628995
0,0,0.38237244
0,0,0.01607911
0,1,0.71565676
0,1,0.65185964
0,0,0.0022472932
0,0,0.04112273
1,1,0.794829
0,1,0.8349506
1,0,0.48407537
0,1,0.54710025
0,0,0.20011254
0,1,0.5129169
1,1,0.75576204
0,0,0.35163805
0,1,0.7406722
0,1,0.63476026
0,0,0.055890232
1,1,0.5955295
0,1,0.60901767
0,0,0.39318043
0,0,0.03766956
0,1,0.5546704
0,0,0.09503964
1,0,0.44186327
0,0,0.029428223
0,0,0.042992644
0,0,0.0028545558
0,0,0.045677707
0,0,9.6836135e-05
0,0,0.06465526
1,0,0.14631669
0,0,0.18440469
0,0,0.36063913
1,0,0.28799012
1,1,0.8693861
0,1,0.52892894
0,1,0.6961594
1,1,0.81106865
1,1,0.67845184
1,1,0.8320525
0,0,0.039943602
0,0,0.07180911
0,0,0.3584047
0,1,0.79823655
0,1,0.5669564
0,0,0.25961345
0,0,0.32453522
0,0,0.017017568
0,1,0.7849309
0,1,0.5524795
0,0,0.044581287
0,0,0.033965573
0,1,0.877636
0,0,0.12984751
0,0,0.27577066
0,0,0.4987203
0,0,0.059223995
1,1,0.54424804
0,1,0.6964688
0,1,0.75116605
0,0,0.15893331
0,0,0.02750118
0,1,0.6834566
0,0,4.341871e-05
0,1,0.55213535
0,0,0.037483048
0,1,0.6811777
0,1,0.6817362
0,1,0.7639733
0,0,0.04667485
0,0,0.14939362
0,0,0.2582654
0,0,0.10426733
0,0,0.13587789
0,1,0.5353668
0,1,0.76142466
1,0,0.27781624
0,0,0.042568706
0,0,0.2681172
0,0,0.003033216
0,0,0.41866058
1,1,0.7532141
0,0,0.4518281
0,0,0.001378417
0,0,0.014012947
0,0,0.40456256
0,0,0.028306264
0,1,0.58119404
0,0,0.013196747
0,0,0.07610518
0,0,0.10433244
0,0,0.07291813
0,0,0.4655195
0,0,0.48500046
1,1,0.5675722
0,0,0.05573957
0,0,0.28232375
0,0,0.43839008
0,1,0.67653644
0,1,0.7571254
0,0,0.008424573
0,1,0.5953403
1,1,0.8266012
0,0,0.051770296
0,0,0.086520374
0,0,0.04565613
0,0,0.008553695
0,0,0.13730128
1,1,0.86228704
0,0,0.42565906
0,0,0.39157045
0,0,0.19817501
0,0,0.11772655
0,1,0.850313
0,1,0.59114796
0,0,0.13835484
0,0,0.0033380904
0,0,0.014172006
0,0,0.26230833
0,1,0.79296803
0,0,0.11223405
1,1,0.7950149
0,0,0.027766058
0,0,0.38865092
0,0,0.20905241
0,1,0.79835165
0,0,0.0038505595
0,1,0.5479088
0,0,0.09666367
0,0,0.21627808
0,1,0.6886682
0,0,0.012927468
0,1,0.73369044
0,0,0.040637814
0,0,0.0018661985
0,0,0.16504982
0,1,0.537151
0,0,0.42612508
0,0,0.014234438
0,1,0.66481376
0,0,0.005265985
0,0,0.020458614
0,0,0.36027515
0,0,0.14189108
0,1,0.7232382
0,0,0.18648916
0,0,0.014485897
0,1,0.59832954
1,1,0.64733934
0,0,0.2540866
0,0,0.019157661
1,1,0.90006584
0,0,0.02563805
0,0,0.31974536
0,0,0.08121559
0,0,0.10736198
0,0,0.047671307
0,1,0.5933243
0,1,0.7996399
0,1,0.5834603
0,1,0.7691498
0,0,0.40263084
0,0,0.45324698
0,0,0.32202452
0,1,0.78608423
0,1,0.71580327
0,0,0.14612363
0,0,0.112113565
0,0,0.0011568012
0,0,0.28079844
0,0,0.006390534
0,1,0.77682537
1,1,0.62246245
0,0,0.052234635
0,0,0.43941793
0,0,0.058240257
0,0,0.02460722
0,0,0.046751216
0,0,0.32015857
0,0,0.019251047
0,0,0.0011325652
0,0,0.011717479
0,0,0.32973418
0,0,0.2174813
0,0,0.07641874
0,0,0.18327762
1,1,0.55431056
0,0,0.22710185
0,0,0.030207952
0,0,0.020072257
1,0,0.033076208
0,0,0.35083798
0,1,0.5325554
0,0,0.37494236
0,1,0.6922379
0,1,0.66303957
0,0,0.40866286
0,0,0.0001148937
0,0,0.2045802
0,0,0.2582532
0,0,0.057862915
0,1,0.87690616
0,0,0.019527517
0,0,0.032977995
0,0,0.062829584
0,1,0.9150698
0,0,0.13022786
0,0,0.012771363
0,0,0.033375815
0,0,0.0029196786
0,0,9.0127025e-05
0,1,0.86522615
0,0,0.0060746716
0,0,0.06681097
0,1,0.54926217
0,0,0.2498338
0,1,0.5199265
0,0,0.15232956
0,0,0.34293774
0,0,0.4067028
0,0,0.001960548
0,1,0.78194827
0,0,0.3111247
0,0,0.31788996
0,0,0.00052876334
0,1,0.79327947
0,1,0.6390524
0,1,0.5807148
0,0,0.044870347
0,1,0.83287716
0,0,0.09005696
0,1,0.6256507
0,0,0.07161884
0,0,0.062069524
0,0,0.14610472
0,0,6.398967e-05
0,1,0.57720995
0,0,0.0033550614
0,1,0.8012303
0,0,0.1407568
0,0,0.2629336
0,0,0.20181128
0,0,0.0015107386
0,0,0.04208202
0,1,0.6457858
0,1,0.64901227
0,1,0.78214526
0,0,0.13667153
0,0,0.07873458
0,0,0.26042277
0,0,0.031624533
0,0,0.006316756
0,0,0.018071609
0,1,0.70930254
0,0,0.30169836
0,0,0.31162834
0,1,0.5904319
0,0,0.045802232
0,1,0.54756033
0,0,0.49234617
0,0,0.06342219
0,0,0.08062864
0,0,0.42695075
1,1,0.67942995
0,0,0.0051618926
0,0,0.20203128
0,1,0.83586425
0,0,0.027631827
0,0,0.38081428
0,0,0.42836174
0,0,0.020299766
0,0,0.041754056
0,1,0.5022127
0,0,0.11144944
0,1,0.6228132
0,0,0.03123127
0,0,0.047568165
0,1,0.7919252
0,1,0.7168715
0,0,0.2174813
0,1,0.76171064
0,0,0.007825476
0,1,0.6852611
1,1,0.50792795
0,0,0.1881016
0,1,0.81097275
0,0,0.4808388
0,1,0.69415
0,1,0.84176457
0,0,0.06534006
0,0,0.42322445
0,1,0.8673521
0,0,0.021803072
0,0,0.051397514
0,0,0.000266093
1,1,0.7298787
0,0,5.6275374e-05
0,0,0.009484795
0,0,0.1108095
0,1,0.6368937
0,0,0.10448466
0,1,0.537151
1,1,0.5475537
0,0,0.12623574
0,0,0.36388636
0,1,0.88919944
0,1,0.8375937
0,0,0.025377272
0,1,0.68006694
1,1,0.6645412
0,1,0.82959497
0,0,0.19378257
0,0,0.0923555
0,0,0.15866458
0,0,0.13550374
0,0,0.00064165884
0,0,0.0289275
0,0,0.08004172
0,0,0.28945136
1,0,0.49252227
0,0,0.19651513
0,1,0.5296988
0,0,0.01279338
0,1,0.6067648
0,0,0.021953112
0,0,0.06984263
0,0,0.19037844
0,1,0.6770115
0,0,0.031570565
1,1,0.8297664
1,1,0.76524556
0,1,0.5412018
0,0,0.050770774
0,0,0.05570926
0,0,0.026989909
0,1,0.6179264
0,0,0.14001273
0,0,0.06052157
1,1,0.7394856
0,0,0.01086259
0,1,0.6909774
0,0,0.13310976
0,0,0.015564062
0,0,0.016042013
0,0,0.050715465
0,0,0.0069633736
1,0,0.47221604
0,0,0.0052381284
0,0,0.0076805647
0,0,0.06516177
0,0,0.052680884
0,0,0.31484476
0,0,0.03713314
0,0,0.39132622
0,0,0.35090804
0,0,0.0104013765
0,0,0.4943201
0,0,0.2772924
0,0,0.12647542
0,0,0.17577314
0,0,0.035820633
0,0,0.033021457
0,0,0.40237093
0,0,0.44056037
0,0,0.06286011
0,0,0.0023922042
0,1,0.66987646
0,1,0.8894171
0,0,0.024349898
0,0,0.0017520322
0,0,0.14370908
0,0,0.007117138
0,1,0.70579576
0,0,0.04822063
0,0,0.04565461
0,0,0.11110247
0,0,0.35531965
1,1,0.59494466
0,0,0.3518025
0,0,0.006293178
1,1,0.5625703
0,1,0.7697879
0,1,0.6753217
0,0,0.3923274
0,0,0.09230929
1,0,0.41742027
0,0,0.029808205
0,1,0.8011662
0,0,0.02044616
0,0,0.008315555
0,0,0.013856864
0,0,0.031439472
0,0,0.3302649
0,0,0.21579315
0,0,0.00013015661
0,0,0.16099386
0,0,0.044450346
0,0,0.047627695
0,0,0.23413496
0,0,0.034576055
0,0,0.0001488856
0,0,0.07791844
0,0,0.25894642
0,0,0.10538414
0,0,0.4231157
0,0,0.037751175
0,0,0.0052107396
0,0,0.08626015
0,0,0.027028488
0,0,0.041413046
0,0,0.016273186
0,0,0.09406472
0,0,0.35398394
0,0,0.27597016
0,1,0.7692637
1,1,0.8718138
0,0,0.16332552
0,0,0.018751277
0,1,0.8583166
0,0,0.014117873
0,1,0.5513038
0,0,0.45645046
0,0,0.112601005
0,0,0.057764955
0,0,0.05894101
0,0,0.30569836
0,0,0.36736482
0,1,0.6034755
0,0,0.031195806
0,0,0.21883109
0,0,0.0012022412
0,1,0.79224306
0,0,0.45232978
0,1,0.55431056
0,0,0.048660755
1,1,0.69386667
0,0,0.052589715
0,0,0.044658262
0,0,0.19294533
0,1,0.6597394
0,1,0.7847426
0,1,0.711183
1,1,0.6140517
1,0,0.29555082
0,0,0.012817093
0,1,0.8060649
0,1,0.7178085
0,0,0.04273621
1,0,0.30018598
0,0,0.084934406
0,0,0.28301308
0,1,0.77832735
0,0,0.23089187
0,0,0.4046471
0,0,0.0036554257
0,1,0.8603142
0,1,0.57169384
0,1,0.5432441
0,1,0.79210955
0,0,0.06405691
0,0,0.31592697
0,0,0.047239497
0,0,0.4108852
0,0,0.054918382
0,0,0.00027283633
0,1,0.8078642
0,0,0.07403086
0,0,0.0051089837
0,0,0.3936242
0,1,0.745288
0,0,0.33972034
0,0,0.001048306
1,0,0.1279507
0,0,0.018939879
0,0,0.072006956
0,1,0.8276137
0,0,0.35660592
1,1,0.64434385
0,0,0.002939489
0,0,0.0050092028
0,0,0.03291685
0,0,0.084712684
0,0,0.07965347
0,0,8.101421e-05
0,1,0.5169548
0,0,0.27134407
1,0,0.28308
0,0,0.00049100997
0,0,0.0005648357
0,1,0.72705513
0,0,0.25147218
0,0,0.008730438
0,0,0.0025033085
0,0,0.000485728
0,0,4.341871e-05
0,0,0.3639499
0,0,0.3886879
0,1,0.50071245
1,0,0.30982962
0,0,0.2053115
0,0,0.003465073
1,1,0.7992694
0,0,0.4083038
0,0,0.16363095
0,0,0.04827757
0,0,0.14243507
0,0,9.260957e-05
0,1,0.70362526
0,0,0.25506604
0,1,0.67417854
1,1,0.7598349
0,0,0.016643893
0,0,4.5198212e-05
0,0,0.31796682
0,0,0.2574151
0,1,0.8248885
0,0,0.05252501
0,0,0.39051756
0,1,0.8230956
0,0,0.4197064
0,1,0.6121067
0,0,0.004981227
0,1,0.6571001
0,0,0.4126358
1,1,0.8265709
0,0,0.14785823
1,1,0.6454312
0,0,0.19167326
1,1,0.91127264
0,0,0.34540746
0,0,0.032973483
0,0,0.22530998
0,0,0.2670378
0,0,6.1502804e-05
0,0,0.14248009
0,0,0.44821772
0,0,0.16631298
0,0,0.18577263
0,0,0.0025303205
0,0,0.0226292
0,0,0.33118537
0,0,0.005540619
0,0,0.38543603
0,1,0.58288646
1,0,0.19290796
0,1,0.7661024
1,0,0.42778802
0,0,0.41131422
0,0,0.35532254
0,0,0.26738346
0,0,0.04499857
0,1,0.7645156
0,0,0.0043487116
0,0,0.10988674
0,0,0.009844128
0,0,0.030149886
0,0,0.3408159
0,1,0.60309184
0,0,0.02944025
0,0,0.3627887
0,0,0.06816563
0,0,0.032168943
0,0,0.09858793
0,1,0.6439671
1,1,0.7887349
0,1,0.5877026
0,0,0.053941708
0,0,0.35462052
0,0,0.041094027
0,0,0.053911034
0,0,0.03754246
0,1,0.64472115
0,1,0.63464546
0,0,0.4662074
0,1,0.58223087
0,1,0.88454235
0,0,0.103525795
0,0,0.17084377
0,0,0.14892454
0,1,0.79747653
0,0,0.35882935
0,0,0.3332414
0,0,0.0012783123
0,1,0.62913597
0,0,0.14248927
0,0,3.2846416e-05
0,0,0.024412254
0,1,0.70506513
0,0,0.11832278
0,0,0.4624457
0,0,0.16222362
0,0,0.017289275
1,1,0.8606414
0,0,0.46652403
0,1,0.88949096
0,0,0.37144655
0,0,0.38389134
0,1,0.7703308
0,0,0.22074738
0,0,0.4832561
1,1,0.78582627
0,0,0.086989775
0,0,0.0020264613
0,0,0.49973395
0,0,0.20878024
0,0,0.0797215
1,0,0.41082606
0,0,0.06873326
0,0,0.2140984
0,0,0.3580095
0,0,0.23805474
0,1,0.81641597
0,0,0.014536837
0,0,0.3591528
0,0,0.011085001
0,0,0.26101747
0,0,0.4786572
0,0,0.16414508
0,0,0.23573188
0,1,0.7188686
0,0,0.21773241
0,1,0.80419725
0,1,0.83631986
1,1,0.9092096
0,1,0.86896974
0,0,0.010409802
0,1,0.5764208
0,0,0.21053661
0,0,0.13766243
0,0,0.16105478
0,0,0.08645337
0,0,0.0038053528
0,1,0.5532566
0,0,0.0152149405
0,0,0.00017327412
0,1,0.6171387
1,0,0.19267157
0,1,0.8064418
0,0,0.1937045
0,0,0.014404347
0,0,0.44542733
0,0,0.44595775
0,0,5.2103987e-05
0,0,0.48084813
0,0,0.15203367
0,0,0.0605324
0,0,0.0007464055
0,1,0.65967053
0,1,0.7751317
0,1,0.6796497
0,0,0.45083386
0,0,0.01655365
0,1,0.7369625
0,0,0.2081183
0,0,0.13070199
1,1,0.6056379
0,1,0.8134802
0,0,0.04706064
1,1,0.8989153
0,1,0.58628166
0,0,0.00032917905
0,0,0.004361711
0,0,0.047668308
0,0,0.0046769367
0,0,4.5198212e-05
0,1,0.8736757
1,0,0.18995868
0,0,0.116161846
0,1,0.68776184
0,0,0.021656347
0,0,0.0103369
0,1,0.6090589
0,0,0.408702
0,0,0.0027240615
0,0,0.3466273
1,1,0.85668933
0,1,0.85496336
0,1,0.64770436
0,0,0.0010632754
0,0,0.18498689
0,0,2.6747566e-05
0,0,0.11067076
0,0,0.056014076
0,1,0.805108
0,0,0.38085538
0,1,0.78463084
0,0,0.37833828
0,1,0.7985352
0,1,0.73759776
0,1,0.5841681
0,0,0.098833136
0,0,0.043363772
0,0,0.022538673
0,0,0.13879362
0,0,0.46736425
0,0,0.29841983
0,0,0.21426526
0,0,0.13105883
0,0,0.24526593
0,0,0.040734634
0,1,0.74480855
0,1,0.52206933
0,0,0.12135473
0,0,0.040415153
0,0,0.20940784
0,0,0.35214695
1,1,0.7751761
0,0,0.06839785
0,0,0.0021112112
0,0,0.42479694
0,0,0.09184665
0,0,0.047542818
0,0,0.012806617
0,0,0.03282483
0,1,0.57901436
0,0,5.2103987e-05
0,0,0.19538143
0,0,0.16940285
0,0,0.23090701
0,0,0.07997293
0,1,0.7608583
0,1,0.8311577
0,1,0.74439543
0,1,0.7169164
0,0,0.00017846996
0,0,0.476654
0,1,0.90419483
0,0,0.41693878
0,0,0.0029196786
0,0,0.012102101
0,1,0.7810908
1,1,0.8755547
0,0,0.2363361
0,0,0.00599417
0,0,0.009922861
0,0,0.107838325
0,0,0.004361711
0,0,0.106096864
1,1,0.8359592
0,0,0.266956
0,0,0.35498297
0,0,0.07662914
0,0,0.4111164
1,1,0.7396472
0,0,0.12204458
0,0,0.03191757
0,1,0.58922935
0,0,0.15479031
0,0,0.009824729
0,0,0.10122971
0,0,0.016990015
0,1,0.90373933
0,0,0.041461363
0,0,0.05186081
0,0,0.01593499
0,0,0.008256267
0,0,0.3266477
0,0,0.05978171
0,0,0.072147615
1,1,0.79666567
0,0,0.08117164
0,0,0.41720566
0,1,0.88584554
0,0,0.33209875
0,0,8.7548986e-05
0,0,0.2951293
0,1,0.74883026
0,0,0.23336445
0,0,0.2814627
0,1,0.7296713
0,0,0.08280837
0,0,0.1281145
1,1,0.6614426
0,0,0.07216194
0,0,0.2890976
0,0,0.44558787
1,0,0.35968882
1,1,0.702084
0,0,0.47958362
0,0,0.4742866
1,1,0.68339366
0,1,0.59517926
0,1,0.8801063
0,0,0.11429868
0,1,0.7207399
0,1,0.81003135
0,0,0.452253
0,1,0.5508024
0,1,0.6614426
0,0,0.014827393
0,1,0.7628793
0,0,0.019772392
0,0,0.03695469
0,0,0.115458414
0,0,0.20383339
0,0,0.045384437
1,0,0.15441404
0,0,0.039695676
0,0,0.29921612
0,0,0.38543603
0,1,0.77526647
0,0,0.41702142
0,1,0.8749119
1,1,0.7060048
0,1,0.74805355
0,0,0.00037383678
0,0,0.38028818
0,1,0.9131415
0,0,0.36736482
0,1,0.8188242
0,0,0.09991001
0,0,0.25698718
1,1,0.78374296
0,0,0.0001114207
1,1,0.6214959
0,0,0.019312484
0,0,0.021526558
0,0,0.042137526
0,0,0.19748275
0,0,0.3920884
0,0,0.025477843
0,1,0.6573894
0,1,0.7327517
0,0,0.44080833
0,0,0.025377272
0,0,0.2939064
0,0,0.083484836
0,0,0.17092139
0,0,0.0030307728
1,1,0.7952317
0,0,0.30516416
0,0,0.009677434
1,1,0.82329524
1,1,0.85439914
0,0,0.023368295
0,1,0.67180634
0,0,0.23833504
0,1,0.6011517
0,0,0.0428808
0,0,0.44119415
0,0,0.030921996
0,0,0.10300196
0,0,0.045742914
0,0,0.02213921
0,1,0.50739956
0,1,0.6637432
0,1,0.737424
0,0,0.031458117
0,0,0.12037794
0,0,0.14536169
0,1,0.6544891
0,0,0.20115852
0,0,0.14496379
1,0,0.45225662
0,0,0.0031316753
0,0,0.349266
0,0,0.023315607
0,0,0.3958534
0,0,0.021666944
0,0,0.017396666
0,1,0.81252694
0,0,0.012357441
1,1,0.7838077
0,0,0.028060988
0,1,0.5432629
0,0,0.00040464272
0,1,0.6104172
0,0,0.25949556
0,1,0.6885495
0,0,0.059574343
0,1,0.6443177
0,0,0.2676424
0,0,0.05376163
0,0,0.48390627
0,0,0.087705955
0,1,0.83693737
0,0,9.260957e-05
0,0,0.30872586
0,0,0.25778714
0,0,0.2870371
0,1,0.6406104
0,0,0.0494705
0,1,0.80472416
0,0,0.011611599
0,0,0.20961227
0,0,0.014828034
0,1,0.79756117
0,0,0.08068986
0,0,0.0650115
0,0,0.14029562
0,0,0.48110983
0,1,0.8279787
0,0,0.18939279
0,0,0.23134606
0,0,0.49615303
0,1,0.7220444
0,0,0.09394895
0,0,0.008120756
0,1,0.8170734
0,1,0.5217975
0,0,0.000114925155
0,1,0.8254591
0,1,0.52120626
0,0,0.38265747
1,1,0.84367436
0,0,0.054397088
0,0,0.0222733
0,0,0.084712684
0,0,0.020261684
0,1,0.8559722
0,0,1.218741e-05
0,0,0.0001168059
1,0,0.36562508
0,1,0.7893363
0,0,0.2921132
0,0,0.01880092
0,0,0.22683081
0,0,0.00012064355
0,0,0.042205743
0,0,0.2526797
1,1,0.9107182
0,0,0.04641829
0,1,0.61100763
0,0,0.29810032
0,0,0.24083182
0,0,0.22505258
1,0,0.42773452
0,0,0.023066074
0,0,0.03515746
0,0,0.29444218
1,0,0.24706092
0,1,0.5826772
1,1,0.624601
0,0,0.2419973
0,0,0.029701691
0,0,0.001880465
0,0,0.16113763
0,0,0.067242526
0,1,0.60889983
0,0,0.017298993
0,0,0.016343331
1,0,0.26671663
0,0,0.10275416
0,0,0.107395805
0,0,0.005960569
0,1,0.8418053
0,1,0.582273
0,0,0.21583699
1,0,0.42070684
1,1,0.6335273
0,1,0.7081373
0,0,0.064107776
0,0,0.22227706
0,0,0.034343466
0,0,0.047627695
0,0,0.028732961
0,0,0.09147168
0,0,9.3569426e-05
0,1,0.5571525
0,0,0.09266336
0,0,0.0010802823
0,0,0.40134913
1,1,0.7224128
0,1,0.8117341
0,0,0.0266459
1,1,0.88105726
0,0,0.28839973
0,0,0.25608617
1,1,0.82557976
1,1,0.75927114
0,0,0.16744745
0,1,0.69842964
0,0,0.2665362
0,1,0.7168715
0,0,0.04682736
0,0,0.037256606
0,1,0.76520616
1,1,0.57074684
0,1,0.61840826
0,0,0.02133505
0,1,0.61458355
0,1,0.65288615
0,0,0.025597062
0,0,0.00037674455
0,1,0.8714537
0,1,0.5464047
0,1,0.5363488
0,0,0.12512557
0,0,0.24606778
0,0,0.14805566
1,1,0.8751802
0,0,0.020173585
0,0,0.11114383
0,0,0.41440704
0,0,0.16320843
0,1,0.68818593
0,0,0.00022174935
0,0,0.39107773
0,1,0.67656916
1,1,0.8995616
1,1,0.7812551
0,0,0.01764472
0,1,0.8746354
0,0,0.13967827
0,0,0.008396188
0,0,1.218741e-05
0,0,0.06621205
1,0,0.27124792
1,0,0.45584637
0,0,0.23017159
0,0,0.15679762
0,0,0.12537561
0,0,0.039008413
0,0,0.0738608
0,1,0.7208856
0,0,0.06418972
0,0,0.40089563
0,0,0.30884114
1,0,0.47320527
0,0,0.031106135
0,0,0.002094264
0,1,0.71744746
0,0,0.30270532
0,0,0.03861103
0,1,0.72614145
1,1,0.6510885
0,0,0.057087567
0,0,0.07132887
0,0,0.37958375
0,0,0.12826897
0,1,0.52164686
0,1,0.8206452
0,0,3.9693663e-05
0,0,0.014267132
0,0,0.040717352
0,0,0.03808373
1,1,0.8639024
1,0,0.06052157
0,0,0.061042268
0,0,0.21257015
0,0,0.09074664
0,0,0.0005975688
0,0,0.11477908
0,0,0.2365214
1,1,0.78159285
1,1,0.82580066
0,0,0.01581281
0,0,0.0050031818
0,0,0.01620443
0,0,0.028132355
0,0,0.3927206
0,0,0.0005481463
0,1,0.8848877
0,0,0.38854733
0,0,0.04433269
1,1,0.6844189
0,0,0.005257849
0,0,0.042076357
0,0,0.00012047753
0,0,0.1891374
0,0,0.07117308
0,0,0.114540264
0,0,0.00017327412
0,0,0.33462003
0,0,0.0008034502
0,0,0.16007665
0,0,0.115104854
0,0,0.07109215
1,1,0.7841213
0,0,7.977238e-05
0,0,0.04920721
1,1,0.7219477
0,0,0.35241672
0,0,0.41279873
0,0,0.34028727
0,1,0.5735456
0,1,0.6146526
0,0,0.15506837
0,1,0.7849566
0,1,0.93106896
0,1,0.554419
0,0,0.0115081705
0,0,0.33471963
0,0,0.3187436
0,0,0.034457196
0,0,0.10782869
0,0,0.15520236
0,1,0.546978
0,0,0.010549419
0,1,0.52012014
0,1,0.6090762
0,0,0.04609167
0,0,0.005074367
0,0,0.13621297
0,0,0.046380516
0,0,0.018917328
0,1,0.5344085
0,0,0.3487156
0,0,0.055412132
0,1,0.68462676
0,0,0.00032917905
0,0,0.12979946
1,1,0.6652182
0,0,0.017298993
0,0,0.10360236
0,1,0.8514313
0,0,0.0020475588
0,1,0.5938908
0,1,0.6105689
0,0,0.15787543
0,0,0.4912328
0,1,0.6716056
0,0,0.07474275
1,1,0.85168946
1,0,0.15977217
0,1,0.5073593
0,0,0.004964508
0,0,0.03923591
0,1,0.7124093
0,0,0.0036609734
0,0,0.0023551008
0,1,0.7088433
0,0,0.011281158
0,1,0.6884222
0,0,0.035803035
0,1,0.69663835
0,0,0.026631203
0,0,0.018203212
0,0,0.03847085
0,0,0.099413335
0,0,0.2794828
0,0,3.2846416e-05
0,0,0.39796448
0,0,0.10592702
0,0,0.08198913
0,0,0.036277827
0,0,0.42632693
0,1,0.6222711
0,0,0.029802363
1,1,0.81150687
0,0,0.28377548
0,1,0.59297854
0,0,0.35186288
0,0,0.06198241
0,1,0.6418242
0,0,0.057951894
0,0,0.001378417
1,1,0.65642995
0,1,0.84776896
1,0,0.17554373
0,0,0.3807776
0,0,4.5198212e-05
0,0,0.20101179
1,0,0.015071502
0,1,0.88328165
0,0,0.0028673427
0,1,0.78282714
0,0,0.018146513
0,0,0.39660856
0,0,0.056545213
0,0,0.11662843
0,0,0.000103380735
0,0,0.11127652
0,0,0.14844222
0,0,0.27079996
0,0,0.11457727
0,0,0.08117164
0,1,0.71719044
0,0,0.3187039
0,1,0.7022262
0,0,0.26035976
0,0,0.03408168
0,0,0.34608
0,0,0.16049585
1,1,0.892988
0,0,0.000987051
0,0,0.34254536
0,0,0.008871934
1,1,0.8092473
0,1,0.5255577
0,0,0.02069286
0,0,0.0034647747
0,0,0.009890804
0,0,0.16717316
0,0,0.046760865
0,0,0.2506026
0,0,0.0022752902
0,0,0.00016096566
0,0,0.047091603
0,0,0.059223995
0,0,0.16852735
0,0,0.13707884
0,1,0.5746311
0,0,0.03679658
0,0,0.45334682
0,0,0.17934048
0,0,0.12529403
0,1,0.63860065
0,1,0.51167715
0,0,8.3534185e-05
0,0,0.23537944
0,1,0.56921303
0,0,0.011860098
1,1,0.796432
0,1,0.59237427
0,0,0.0042787935
0,0,0.04934949
0,0,0.18987903
0,1,0.67683923
0,0,0.06421871
0,0,0.0741113
0,0,0.08869136
0,1,0.6863129
0,1,0.6091501
0,0,0.016230805
0,0,0.048974082
0,0,0.13137314
0,0,0.1482334
0,1,0.5631936
0,0,0.06958054
0,1,0.6539518
0,0,0.1353141
0,0,0.058504816
0,1,0.656411
0,0,0.037225567
0,0,0.049024206
0,0,0.00031563998
0,0,0.005540619
0,0,8.175677e-05
0,0,0.04291282
0,0,0.003397694
0,1,0.7831394
0,0,0.022538673
1,1,0.756053
0,0,0.282693
0,0,0.37453443
0,1,0.7700124
0,0,0.026478592
0,1,0.7748238
0,0,0.07046737
0,0,0.28682366
0,0,7.926984e-05
0,1,0.70171267
0,0,0.33993125
0,0,0.14884728
0,0,0.19250607
0,0,0.15492181
0,1,0.7851994
0,0,0.23604544
0,0,0.38237244
0,0,0.11172856
0,0,0.36546698
0,0,0.19997326
1,0,0.19871855
0,0,0.3057396
0,0,0.2849897
0,0,0.09142121
1,1,0.81076276
0,1,0.72648126
0,0,0.12368675
0,0,0.31237638
0,0,0.0068496494
0,1,0.7551831
0,0,0.04911912
0,1,0.787964
0,0,0.07522996
0,0,0.0763863
0,1,0.68479335
0,0,0.33274418
0,0,0.116601385
0,1,0.5360766
0,0,0.02417887
0,0,0.36084855
0,1,0.711578
0,0,0.013411329
0,0,8.175677e-05
0,0,0.00034809913
0,1,0.762676
0,1,0.8077362
0,0,0.00013611952
0,0,0.09515959
0,0,0.19339745
0,0,0.021841455
1,1,0.6267866
0,1,0.80660206
0,0,0.04609167
1,1,0.71724516
0,0,0.007173098
0,0,0.00064346695
0,0,0.4470901
0,0,0.0095477365
0,0,0.20459723
0,0,0.010096719
0,0,0.0140244
0,0,0.11429868
0,0,0.005515459
0,1,0.5093942
0,0,0.3278864
0,0,0.24556594
0,1,0.8585259
1,1,0.7862404
0,1,0.590246
0,0,0.04724629
0,1,0.7444988
0,1,0.7152973
0,0,0.02257031
0,0,0.17189987
0,0,0.26788682
0,0,0.15331735
0,0,0.0012735067
0,1,0.62305963
0,0,0.15895507
0,0,0.004115337
0,1,0.8622152
0,1,0.508911
0,1,0.5090492
1,1,0.9164821
0,1,0.7149239
1,1,0.5035987
0,0,0.0056449026
0,1,0.64590347
0,0,0.008182289
0,0,0.0021637473
0,0,0.23015195
0,1,0.6637448
1,0,0.4656655
0,0,0.03160434
0,1,0.7161593
0,0,0.0035051287
0,0,0.2586338
0,1,0.847765
0,1,0.74957895
0,0,0.12425202
0,0,0.13835484
0,0,0.22497706
0,1,0.739883
0,0,0.49101216
0,0,0.008433093
0,0,0.085850775
0,0,0.24002536
0,0,0.48498347
0,1,0.8323876
0,0,0.28839973
0,0,0.019157661
0,0,0.11043529
0,0,0.08567952
0,0,0.21045013
0,0,0.0026973537
0,1,0.5226674
0,1,0.6285626
0,0,0.06409038
0,0,0.24962193
0,0,0.025379028
0,0,7.926984e-05
0,0,0.12574014
0,0,0.2258302
0,1,0.81430304
0,0,0.17981274
1,1,0.7783725
0,1,0.66675514
0,0,0.0002380589
0,0,0.012932271
0,1,0.8965862
0,0,0.03460432
0,0,0.00599417
0,1,0.57513064
0,0,0.11767502
0,0,0.25152883
0,0,0.25164202
0,0,0.31352904
0,0,0.3643419
0,1,0.88003147
0,1,0.6209578
0,0,0.004640575
0,0,0.05448173
0,1,0.6451696
0,1,0.85125464
0,0,0.0001488856
0,1,0.6319864
0,0,8.915426e-05
0,0,0.089720406
0,0,0.11329043
0,0,0.09241576
0,0,0.0050836364
0,1,0.7558253
0,0,0.31020865
0,1,0.8680961
1,1,0.7234964
0,0,0.26686195
0,1,0.5699139
0,1,0.75167006
0,0,0.0074864817
0,0,0.2867406
0,0,0.33602843
0,1,0.6240847
1,1,0.7287152
0,0,0.46432826
0,0,0.045876894
0,1,0.7064538
0,0,0.08505927
0,1,0.7465908
0,1,0.87335664
0,0,0.25171247
0,0,0.12203861
0,0,0.3670488
0,0,0.0659137
0,0,0.46351278
0,0,0.3643308
0,0,0.05396572
0,1,0.5042285
0,1,0.5188862
0,0,0.061443493
0,0,0.21301025
0,0,0.02367401
0,0,0.073195525
0,0,0.063250214
1,1,0.8718
0,0,0.02207346
0,0,0.05588856
0,1,0.55156577
0,0,0.13315073
0,0,0.42501566
0,0,0.43212163
0,0,0.012472597
0,0,0.38737318
0,0,0.016978519
0,0,0.09120771
0,0,0.2599676
0,0,0.11048528
0,0,0.43160993
0,1,0.8320774
0,0,0.33821562
0,0,0.38860825
0,0,0.0044369614
0,0,0.000249066
0,0,0.091032825
0,0,6.398967e-05
0,0,0.08198913
0,0,0.034571476
0,1,0.6829969
1,0,0.39026374
0,0,0.48191053
0,0,0.24243365
0,0,0.0057043033
0,1,0.8368881
0,0,0.13516614
1,1,0.654179
0,0,0.011083778
0,0,0.34356847
0,0,0.0028055455
1,0,0.29975897
0,0,0.036315672
0,0,0.089720406
0,0,0.03112578
0,0,0.41523835
0,0,0.27467707
0,1,0.7165977
0,0,0.136355
0,0,0.3759905
0,1,0.7897145
0,0,0.25832814
0,0,0.07352656
0,0,0.45333174
1,0,0.36167476
0,0,0.028590852
0,0,0.007696397
0,0,0.10916286
0,1,0.744075
0,0,0.41564175
0,1,0.8756256
0,0,0.15846488
1,1,0.74543035
0,0,0.40454125
0,0,0.20566992
0,1,0.7257264
1,1,0.809694
0,1,0.8350269
0,0,0.12186532
0,0,0.2210858
0,0,0.003959817
0,0,0.0108711235
0,0,0.17788967
0,0,0.016273186
0,0,0.039787553
0,1,0.52303183
0,0,0.019815445
0,0,0.32796422
0,1,0.86657983
0,0,0.45697114
0,0,0.22903319
0,0,0.46882433
0,0,0.18441217
0,0,0.05554436
0,1,0.615985
0,0,0.20992751
0,0,0.12837547
0,1,0.5635708
0,0,0.037074804
0,1,0.76628995
0,1,0.5465859
0,1,0.8629238
0,0,0.012268934
1,0,0.17677799
0,1,0.7798992
1,0,0.37745568
1,1,0.843932
1,1,0.8485775
0,0,0.058065064
0,0,0.28236753
0,0,0.044746242
0,0,0.07522996
0,0,0.075328894
0,0,0.24693319
1,1,0.75356644
0,0,0.22676334
0,1,0.7075923
1,1,0.6215724
0,0,0.4975779
0,0,0.08863261
0,0,0.009272489
0,0,0.08678904
1,0,0.1948988
1,1,0.8360447
0,0,0.0017844755
0,0,0.30588776
0,0,0.030151272
0,0,3.386797e-05
0,1,0.76850015
0,0,0.22512119
0,1,0.6744795
0,0,0.152214
1,1,0.5473877
0,1,0.72513145
0,0,0.103525795
1,1,0.71439224
0,0,0.005074367
0,0,0.32380852
0,0,0.15520759
0,1,0.5276242
0,0,0.43538907
0,0,0.3612944
0,0,0.2773538
0,0,0.048884787
0,1,0.8236367
0,1,0.72249335
0,0,0.15360892
1,1,0.70903224
0,0,0.109211795
0,0,5.138617e-05
0,1,0.5775834
0,1,0.7770886
0,0,0.46449563
0,0,0.12493042
0,0,0.13278985
0,0,0.3908189
0,0,4.0052957e-05
0,1,0.76770335
0,0,0.33967596
0,0,0.31787705
0,0,0.005785913
1,1,0.64625543
1,0,0.05167574
0,1,0.66941553
0,0,0.017325042
0,0,0.17335165
0,0,0.4741846
0,0,0.0032525887
0,0,0.016962864
1,1,0.87130153
0,1,0.85818017
0,0,0.03520613
1,1,0.7939158
0,0,0.44187212
0,0,0.22294813
0,0,0.42387506
0,0,0.18421946
0,0,0.3865328
1,1,0.7255739
0,1,0.8574859
0,1,0.60867214
0,0,0.37752613
0,0,0.34910983
0,0,0.4698679
0,0,0.005650623
0,0,0.37031946
0,0,0.011136118
0,0,0.0051618926
0,0,0.0012114282
0,1,0.8122939
0,0,0.012809005
0,0,0.0024352958
0,0,0.3859547
1,0,0.28530878
0,0,0.017298993
0,0,0.012072607
0,0,0.0015977002
0,0,0.028756939
0,0,0.09724073
0,0,0.45935547
0,0,0.058929026
0,0,0.008730438
0,0,0.47920346
0,0,0.20106022
1,0,0.33639088
0,0,0.07102116
0,1,0.5940916
0,0,0.41773024
1,1,0.812747
0,1,0.8398264
0,0,0.1318279
0,0,0.48407537
0,0,0.111374974
0,0,0.22003742
0,1,0.6133428
0,0,0.24542968
0,0,0.12717903
1,1,0.7667681
0,0,0.0003773004
0,0,0.16463315
0,0,0.38623065
0,1,0.6447602
0,0,0.018131875
0,1,0.7742775
1,1,0.89446914
0,0,0.12821124
0,0,0.17996085
1,1,0.5637808
0,0,0.14888448
0,0,0.1943412
0,0,0.25637853
0,1,0.6284542
0,1,0.887492
0,1,0.77169806
0,0,0.011095868
0,0,0.024203172
0,0,0.4376953
1,0,0.19646733
0,1,0.70219535
1,1,0.6467026
0,1,0.58964944
0,0,0.46645826
0,0,0.22728075
0,0,0.014595967
0,0,0.01756791
0,0,0.0039641187
0,0,0.07664674
0,1,0.6320882
0,0,0.35843343
0,1,0.8050646
0,0,0.06298483
0,0,0.015820373
0,0,0.43357947
0,1,0.74493784
0,1,0.79160035
0,0,0.05511265
0,1,0.50853574
0,0,0.3155236
0,1,0.7326278
0,0,0.08544711
0,0,0.15077405
0,0,0.34322566
1,1,0.85988903
0,0,0.033429794
0,0,0.0029560514
0,1,0.571234
0,0,0.31259826
0,1,0.56322336
0,0,0.00064165884
0,1,0.69482875
0,0,0.48884866
0,0,6.065586e-05
0,0,0.17368673
0,0,0.2644919
0,1,0.6850234
0,0,0.22433633
0,0,0.35074946
0,1,0.74317336
0,0,0.41577613
0,0,0.091036715
0,0,0.10602442
1,1,0.8495408
0,0,0.0021312048
0,0,0.47433028
0,1,0.5149638
0,1,0.6714844
0,0,0.078921035
0,0,0.34024987
0,0,0.15855466
0,0,0.032370668
0,0,0.00017327412
0,0,0.016912622
1,0,0.45972794
0,0,0.011038748
1,1,0.7551095
0,0,0.16272423
0,0,0.008514877
0,0,0.36737582
1,0,0.10493055
0,0,0.10580864
0,0,0.20933416
0,1,0.6733577
0,0,0.3299235
0,1,0.73452616
0,0,0.014939885
0,0,0.14994824
0,1,0.827616
1,0,0.31557193
0,0,0.0050781164
0,0,0.070937015
0,0,0.007132844
0,0,0.051514618
0,0,0.2918112
0,0,0.028910605
0,0,0.22281834
0,0,0.33703497
0,0,0.30943307
0,0,0.009272489
0,1,0.6815517
0,0,0.049800508
0,0,0.17219318
0,0,0.07474286
0,0,0.000226616
0,0,0.31742916
0,0,0.44116426
0,1,0.589405
0,0,0.2725385
0,1,0.86031973
0,0,0.04143305
1,1,0.65223587
0,0,0.27320686
1,1,0.7631755
0,0,0.11356435
0,0,0.07649372
0,0,8.175677e-05
0,0,0.08512042
0,0,0.3927206
0,0,0.10941683
0,0,0.052192513
0,0,0.18265708
0,0,3.386797e-05
0,0,0.0233896
0,0,0.1874355
0,0,0.36388636
0,0,0.118941404
0,1,0.73689896
0,1,0.6572503
0,0,0.35725337
0,1,0.5166717
0,0,0.045764506
0,0,0.01350363
0,0,0.32675683
0,1,0.8515023
0,0,0.18169038
0,1,0.6840092
0,0,0.047333222
0,0,0.0006996078
0,0,0.013948606
0,0,0.45013106
0,0,0.15378506
0,0,0.40981123
0,0,0.059172172
1,1,0.8762894
0,0,0.0040243296
0,0,0.019820461
1,1,0.8309745
0,0,0.052993122
0,1,0.8559479
0,0,0.14189108
0,0,0.121794276
0,0,0.011529851
1,1,0.73919106
0,0,0.29268685
0,1,0.8540492
0,0,0.00024667743
1,1,0.5659144
0,0,0.03309431
0,1,0.8510938
0,1,0.7104525
0,0,0.0024935862
0,0,0.48829395
0,1,0.81036717
1,1,0.6773821
0,1,0.83857244
0,0,0.016313875
0,0,0.026824096
0,0,0.01346766
0,1,0.5368915
0,0,0.020278862
0,0,0.0059752725
0,0,0.0006996078
0,0,0.4503408
0,1,0.7443277
0,0,0.11826108
0,0,0.148299
0,1,0.84150124
0,0,0.06555658
0,1,0.5661713
0,0,0.30076858
0,1,0.6750201
0,1,0.5962338
0,0,0.3697814
0,0,0.15727115
0,0,3.386797e-05
0,0,0.011061911
0,0,0.061156705
0,0,0.012529543
1,1,0.89697796
0,0,0.01581281
1,1,0.8747525
0,0,0.27969104
0,1,0.8604366
0,0,0.29796192
0,1,0.85168135
0,0,0.00422951
0,0,0.0005833936
0,0,0.03160434
1,1,0.7721277
1,0,0.31943697
0,0,0.004842525
1,1,0.8512537
0,0,0.013783277
0,1,0.8726826
0,1,0.6476771
0,0,0.046026554
0,0,0.08863195
0,0,0.048915625
0,0,0.116209865
0,0,0.19111419
0,0,0.09280669
0,0,0.17221682
0,0,0.000266093
0,0,0.082009144
0,0,0.00012961192
1,1,0.81590134
0,1,0.75082666
0,0,0.000485728
0,0,0.14049856
0,0,0.0019280877
0,0,0.18125382
0,1,0.6011285
0,0,0.008969952
0,0,0.031880688
0,0,0.14448437
0,1,0.68428266
0,0,0.10138815
0,0,0.040149443
0,0,0.027907385
0,0,0.1221384
0,1,0.6358968
0,0,0.02627907
0,1,0.5312425
0,1,0.9086901
0,1,0.85439914
0,0,0.0024232008
1,1,0.6937311
0,0,0.15032454
0,1,0.53537124
0,1,0.80872536
0,0,0.0062608477
0,0,0.42331764
0,0,0.3267728
0,0,0.007132304
0,1,0.52399844
0,1,0.7133798
0,0,0.39695558
0,1,0.7538433
0,1,0.8689426
0,0,0.027550187
0,0,0.07273361
0,1,0.77652025
1,1,0.5202051
0,1,0.7998818
0,0,0.03962476
0,0,0.00024667743
1,1,0.8134484
0,1,0.6013328
1,1,0.5507719
0,0,1.218741e-05
0,0,0.0009907938
0,1,0.66492426
0,0,0.07093388
0,0,0.36698058
0,0,0.20394744
0,1,0.84119385
1,1,0.80035347
0,0,0.10927495
0,0,0.47238973
0,0,0.000984368
0,0,0.016967604
0,0,0.4075156
0,0,0.009648631
0,1,0.8160427
0,1,0.7827788
0,1,0.83097553
0,0,0.016315911
0,0,0.39082608
0,0,0.023763204
0,0,0.039744038
0,0,0.0006441858
0,0,0.37413877
0,0,0.36489305
0,0,0.09678396
0,0,0.025592437
0,1,0.85638237
0,1,0.75399494
0,0,0.019841334
0,1,0.6671882
0,0,0.25147173
0,0,0.0548959
1,1,0.7739563
1,0,0.27374512
1,1,0.58692026
0,0,0.004902232
0,0,0.39420703
0,0,0.14009501
0,0,0.010619174
0,0,0.008672587
0,0,0.18640988
0,1,0.6983268
0,0,0.0584768
0,1,0.8367453
0,0,0.0067784004
0,0,0.30498534
0,1,0.60233754
0,0,0.052916124
0,1,0.7108161
0,0,0.00027283633
0,0,0.03849906
0,0,0.014285781
0,1,0.56602144
0,1,0.70468485
0,0,0.008730438
0,0,0.050122183
0,0,0.14972574
1,1,0.5571525
0,1,0.52320373
0,0,0.07958373
0,0,0.017649118
0,0,0.25659293
0,0,0.27088022
0,0,0.03945768
0,0,0.27671304
0,0,0.47484738
0,0,0.07314778
0,1,0.5675289
0,0,3.386797e-05
0,0,0.0072569977
0,0,0.11722879
0,0,0.09059831
1,1,0.81832325
1,1,0.66766125
0,0,0.016985668
0,0,0.004865346
0,0,0.0064248783
0,0,0.031568233
0,0,0.0068105534
0,1,0.8582101
0,0,0.28314546
0,1,0.8528811
0,0,2.256312e-06
0,1,0.634718
0,1,0.54931724
0,0,0.23813343
0,0,0.33825448
1,1,0.5474815
0,0,0.023971835
0,0,0.15289907
0,0,0.15830249
0,1,0.7652568
0,0,0.26463884
0,0,0.05757647
0,0,0.4052396
0,0,0.08702976
0,0,4.121043e-05
0,1,0.8582923
0,0,0.022908393
0,0,0.2916735
0,1,0.7457192
1,1,0.86235523
0,0,0.09482439
0,1,0.61022824
0,0,0.22322638
0,0,0.33055037
0,1,0.5130605
1,1,0.5452759
0,1,0.5212489
0,1,0.57573825
0,0,0.21233955
0,0,0.0219719
0,1,0.83012587
0,0,0.26659247
0,0,0.24759811
0,0,0.28758475
1,0,0.3326367
0,0,0.35244328
0,0,0.4234285
0,0,0.09942612
0,0,0.09256496
1,1,0.56343114
0,0,0.024837095
0,0,0.013575807
0,0,0.00034760934
0,0,0.21926579
1,0,0.3733212
0,1,0.888984
0,0,0.22721346
0,0,0.009922861
0,1,0.63301843
0,0,0.22109309
0,0,0.33468294
0,1,0.6191434
0,1,0.5903758
0,1,0.648609
0,0,0.007924952
0,0,0.21354304
0,1,0.80912215
0,0,0.06397433
0,1,0.69059074
0,0,0.29457366
0,0,0.013211727
0,0,0.33409676
0,0,0.024203172
0,1,0.5777818
0,0,0.44637203
0,0,0.087152325
0,0,0.0024562096
1,0,0.44099224
0,0,0.38168874
0,1,0.93035954
0,0,0.047630854
0,0,0.01696882
0,0,0.19974765
0,0,0.13278443
0,1,0.6087115
0,1,0.7941049
0,0,0.20677401
0,1,0.7426097
0,0,0.0029196786
0,0,0.12645471
0,0,0.096365206
0,0,0.074280195
0,0,0.027906595
0,0,0.41015115
0,0,0.0057100533
1,1,0.6717052
0,0,0.012806617
0,0,0.29997292
0,0,0.16451621
1,1,0.6075896
0,0,0.37831417
0,0,0.012778892
0,1,0.8820035
0,0,0.42869774
0,0,0.041876413
0,0,0.035909854
0,0,8.3534185e-05
0,1,0.69899744
0,0,0.03397883
0,0,0.00644842
1,1,0.89428025
0,1,0.58959275
0,0,0.0060182796
0,0,0.01345649
0,0,0.4829737
0,0,0.3494712
0,0,0.06259124
1,0,0.2970909
0,0,0.007530637
0,0,0.041903235
0,1,0.74181217
0,0,0.40183324
1,1,0.6660249
0,0,0.081967555
0,1,0.5755848
0,0,0.030025892
0,0,0.25518182
0,0,0.10755972
0,1,0.680438
0,0,0.007754822
0,0,0.0048368294
0,0,0.21001579
0,0,0.3743705
1,0,0.23228416
0,0,0.003965224
0,0,0.25338298
1,1,0.643987
0,0,0.023918737
0,0,0.11359803
0,0,0.012844284
0,1,0.76792234
0,0,0.0057835164
0,1,0.8198951
0,0,0.153087
0,1,0.8420728
0,0,0.44466147
0,1,0.77087164
0,1,0.5848741
0,0,0.06829019
0,0,0.008085171
0,1,0.6929871
1,0,0.46704218
0,0,0.46138546
0,0,0.19528583
0,0,0.45747662
0,0,0.026525322
0,0,0.1875061
1,1,0.81176865
0,0,0.13617977
0,0,0.38206595
0,1,0.775946
0,0,0.15602149
1,1,0.51798075
1,1,0.63423115
0,0,0.2055671
0,0,0.446133
0,0,0.038525105
0,0,0.15920122
0,0,0.2287692
0,1,0.6925349
0,0,0.0054192995
0,0,0.34607536
0,0,0.33089286
0,0,0.08831332
0,0,0.48775297
1,0,0.19771942
0,0,0.08535738
0,0,0.3360973
0,0,0.45225662
0,1,0.64096886
0,0,0.13730128
1,1,0.8465337
0,0,0.24681279
0,0,0.04481011
0,0,0.10956071
0,0,2.6747566e-05
0,0,0.015447133
0,0,0.00015056612
0,1,0.76019603
0,0,0.00394946
0,0,0.022182034
0,0,0.3829343
0,0,0.085838184
0,1,0.5299891
0,0,0.12949497
0,0,0.021172242
0,0,0.27077928
0,0,0.11194817
0,0,0.37936902
0,0,0.119461045
0,1,0.8263098
0,1,0.66938436
0,0,0.48361
0,0,0.44731322
0,0,0.051526822
1,0,0.021786002
0,0,0.2184056
0,0,0.48446217
0,1,0.83845246
0,0,0.333244
0,0,0.098691754
1,1,0.6118453
0,0,0.00012961192
0,1,0.7227641
0,0,4.5198212e-05
0,1,0.8498549
0,0,0.0064044767
0,0,0.352059
0,0,5.6472672e-05
0,0,0.11789941
0,0,0.48266068
0,0,0.022431668
0,1,0.5578049
0,0,0.07258278
0,1,0.5114117
0,1,0.85159576
0,0,0.10315676
0,0,0.010209184
0,0,0.020642234
0,1,0.6729628
0,1,0.826564
0,0,0.2453834
1,1,0.817227
0,1,0.52354425
0,1,0.8845268
0,1,0.52392685
0,1,0.57992715
0,1,0.8010354
0,1,0.6048509
0,0,0.006489865
0,0,0.4717879
0,0,0.44026008
0,0,0.0063888263
0,0,0.47345197
0,0,0.04188357
0,1,0.54337406
0,0,0.13681151
0,1,0.6739447
0,0,0.40675953
0,1,0.77330524
0,0,0.00017327412
0,0,0.34259334
0,0,0.2681363
0,0,0.0018078061
0,1,0.83381444
0,1,0.86756676
0,0,0.10077762
1,1,0.866916
0,0,0.32046822
0,0,0.0019863313
0,1,0.550608
0,0,0.24509838
1,1,0.6805166
1,1,0.5680295
0,0,0.081675984
0,1,0.5424454
0,0,0.03282483
0,0,0.4727992
0,0,0.003531321
0,0,0.46319398
0,0,0.021185834
0,0,0.061249472
0,0,0.020997087
0,0,0.0449146
1,1,0.8463027
0,1,0.8637002
0,0,0.05920222
0,0,0.40588972
0,0,0.30596203
0,1,0.72878027
0,0,0.050042547
0,0,0.054495968
0,0,0.03621397
0,1,0.5022127
0,0,0.01020931
0,0,0.1440253
0,0,0.2805922
0,0,4.785635e-05
0,1,0.70923513
0,0,0.07724709
0,0,0.18257047
0,0,0.30282214
1,1,0.6193027
0,1,0.5961115
0,0,0.3181069
0,0,0.2803092
0,1,0.68277735
0,0,0.119796894
0,1,0.74692535
0,0,0.45232978
0,0,0.20026
0,1,0.9086897
0,1,0.76667666
0,0,0.012806617
0,0,0.106270894
1,1,0.7342072
0,0,0.42307204
0,0,0.005634017
0,0,0.006671155
0,1,0.5729208
1,1,0.7809259
0,0,0.33743238
0,0,0.08667398
0,0,0.0065685296
0,0,0.020113373
0,0,0.243828
0,0,0.14144337
0,0,0.03881724
0,0,0.2771663
0,0,0.0060746716
0,0,0.05897859
0,1,0.5736717
0,0,0.3596481
0,1,0.7682537
0,0,0.089942284
0,0,0.24192657
0,0,0.13095501
0,1,0.64778626
0,0,0.0398127
0,1,0.72772247
0,0,0.004951755
0,0,0.0013231075
0,0,0.03427292
0,1,0.7042712
0,0,0.46608856
1,1,0.66954994
0,0,0.2863244
0,0,0.0046544694
0,0,0.00079346896
0,0,0.27781507
0,0,0.39103565
0,0,0.020718511
0,1,0.5787174
0,1,0.5780968
1,0,0.36388636
0,0,0.4943201
0,1,0.55240405
0,0,0.012118937
0,0,0.26364505
0,0,0.0046631573
1,1,0.8361347
0,0,0.02130351
0,0,0.3726494
0,0,0.31252062
0,0,0.00012772191
1,1,0.78859305
0,0,0.0914134
0,0,0.0374778
0,0,0.30017138
0,1,0.5165765
0,0,0.008085171
0,1,0.59481204
0,0,0.021284401
0,0,0.15548477
0,0,0.19815902
0,0,0.006380647
0,0,0.015019974
0,1,0.8141627
0,0,0.07804938
1,1,0.8239452
0,0,0.2258302
0,0,0.014420291
0,0,0.010382934
0,1,0.68612534
0,0,0.13121809
0,0,0.00013611952
0,0,0.38405702
0,0,0.17262855
0,1,0.59065735
0,0,0.034410857
0,0,0.010619174
0,0,0.048092123
0,0,0.027720021
0,1,0.50640607
0,1,0.79823655
0,0,0.004752962
0,0,0.13004409
0,0,0.0052334545
0,0,0.10610862
0,1,0.7199284
0,0,0.10698731
0,1,0.8065106
0,1,0.6325769
1,1,0.5601833
0,0,0.117512114
0,0,0.075923495
0,0,0.04142434
0,0,0.43779063
0,0,0.14685526
0,0,0.08550949
0,0,0.17327167
0,0,0.00012961192
0,1,0.72342205
0,0,0.021858057
0,1,0.70475334
0,0,0.17433143
0,0,0.23732841
0,0,0.02619492
1,1,0.7376555
0,0,0.38834855
0,1,0.6178548
0,1,0.76956713
0,0,0.26979247
1,1,0.66367525
0,0,0.047789592
0,0,0.046317358
0,0,0.0047230786
0,0,0.32590917
0,1,0.79336333
0,1,0.76634115
0,0,0.32668552
1,1,0.84167606
0,1,0.5606737
1,1,0.8528664
1,1,0.884208
0,0,0.03936083
0,1,0.5851102
0,0,0.07522996
0,1,0.58105165
0,1,0.78199315
0,1,0.5922185
0,0,0.007373255
0,0,0.49743184
1,0,0.42774594
0,0,0.4882574
0,0,0.11942865
0,0,0.19892439
0,0,0.048942648
0,0,0.21338788
0,0,0.42600724
0,0,0.040487353
0,0,0.14156912
0,1,0.8296392
0,0,0.21324955
0,0,0.027603714
0,0,0.38729975
0,1,0.6357364
0,0,0.46955204
0,1,0.9119681
0,1,0.5625703
0,0,0.08234657
0,1,0.5987532
0,0,4.121043e-05
1,1,0.8246306
0,0,0.2573476
0,0,0.1361691
0,0,0.033069797
1,1,0.85221726
0,0,0.03334397
0,0,0.018030703
0,0,0.010312797
0,0,0.12239299
0,0,0.048461337
0,0,0.22770964
0,1,0.5737637
0,0,0.4329555
1,1,0.6862425
0,0,0.0065238993
0,0,0.041898154
0,0,0.01358707
0,0,0.38640526
0,1,0.51167715
0,1,0.64328504
0,0,0.3412973
1,0,0.17120834
0,0,0.024349898
1,0,0.23038238
0,0,0.32766536
0,0,0.043674786
1,1,0.70311135
0,0,0.06669471
0,0,0.2781042
0,0,0.0029038603
0,0,0.3239953
0,1,0.50640607
0,1,0.77270037
0,0,0.4671061
0,0,0.04460922
0,0,0.24187756
0,1,0.8069705
0,0,0.17199452
0,1,0.5181825
0,0,0.4210972
0,0,0.0026004456
0,0,0.32026744
0,0,0.012482609
0,0,0.0602732
0,0,0.46358338
0,1,0.7054478
0,1,0.7934804
1,0,0.092404895
0,0,0.4671968
0,0,0.0029050852
0,0,0.04601984
0,1,0.79666567
0,0,0.0001632566
0,0,0.008149944
0,0,0.029818604
0,0,0.010005174
0,1,0.59879726
0,0,0.33910635
0,0,0.012162468
0,0,0.0355804
0,0,0.43187895
0,1,0.5083611
0,0,0.24353829
0,0,0.04829426
0,0,0.15203112
0,0,0.20527683
1,1,0.7825985
0,1,0.53872406
0,0,0.09120896
0,0,0.03881724
0,0,0.06232214
1,1,0.79815274
0,0,0.038134858
0,0,0.16978756
0,1,0.82616556
1,1,0.9260525
0,0,0.06650901
0,0,0.2805922
0,0,0.06912307
0,0,0.089945115
0,0,0.3287786
0,1,0.84757936
0,1,0.8010774
0,0,0.37745568
1,1,0.87587106
0,1,0.6461613
0,0,0.008902292
1,0,0.44417298
1,1,0.8841477
0,1,0.70059115
0,1,0.5298768
0,0,0.47756234
0,0,0.0045815823
0,0,2.6064115e-05
0,0,0.3316821
0,0,0.45907325
0,0,0.011082283
0,1,0.50876373
0,1,0.55469394
0,0,0.20159157
0,0,0.41946647
0,0,0.025019158
0,0,0.016638258
0,0,0.03989879
0,0,0.41624224
0,0,0.07593585
0,0,0.07796507
0,1,0.80802625
0,1,0.5484158
0,0,0.13200268
0,0,0.057668768
1,1,0.5981424
0,0,0.04801947
0,0,0.34568882
0,0,0.007159975
0,0,0.10172302
0,0,0.010688371
0,1,0.6965842
0,0,0.03455998
0,1,0.8328131
0,1,0.5173183
0,0,0.14342049
0,0,0.056782607
0,0,0.1995665
0,0,0.054023728
0,1,0.64764833
0,0,0.19037887
0,1,0.546978
0,0,0.18340315
0,0,0.0009005874
0,1,0.55459577
1,1,0.67569697
0,0,0.40463564
0,0,0.25510848
0,0,0.18987903
1,1,0.6729628
0,0,0.43951547
0,0,0.000266093
0,0,0.121794276
0,1,0.63301843
0,0,0.0163211
0,0,0.00031563998
0,0,0.06884971
0,1,0.6997701
0,0,0.39661053
0,0,0.013196747
0,0,0.0239282
0,0,0.32559735
0,0,0.0014068988
0,0,0.29657885
0,0,0.06634293
0,1,0.6670734
0,0,0.42099506
1,1,0.8584023
0,0,0.46062714
0,0,0.28403106
0,0,0.28489506
0,1,0.54803056
0,1,0.75842196
0,1,0.71658015
0,0,0.002938966
0,0,0.18750471
1,1,0.59107715
0,0,0.47615492
0,1,0.5017587
0,1,0.52892894
0,0,0.03618786
0,0,0.01371352
0,0,0.006226725
0,0,0.21683668
0,0,0.0006178445
0,1,0.81780475
1,1,0.73841894
0,1,0.7846767
1,0,0.24648114
0,0,0.011896919
0,0,0.03618786
0,0,0.045254145
0,1,0.57841384
0,0,0.47754642
0,0,0.33792117
0,0,0.0038648245
0,0,0.012809005
0,1,0.75668263
0,1,0.5432826
0,0,0.3824795
1,1,0.7619679
0,0,0.15869817
0,0,0.016940853
0,0,0.0062715188
0,0,4.5198212e-05
0,1,0.74236494
1,1,0.80033696
0,0,0.3306761
0,0,0.43137252
0,0,0.26023394
0,0,0.31096852
0,0,0.0786745
0,0,0.014831718
0,0,0.37052345
0,0,0.021163406
0,0,0.008311851
0,1,0.580724
0,0,0.2794018
0,0,0.16673395
0,1,0.76417184
1,1,0.74933255
0,0,0.0954722
1,1,0.8010774
0,0,0.07132736
0,0,0.0106201805
0,0,0.0022061886
0,1,0.68917686
0,0,0.045858428
0,0,0.0006996078
1,1,0.8940084
0,0,0.29616922
1,1,0.7028187
0,0,0.37180144
0,0,0.113400124
0,1,0.6155391
1,0,0.0810113
0,0,0.20206307
0,1,0.80313927
0,0,0.0847271
1,1,0.85776913
0,1,0.7175896
0,0,0.11589308
0,0,0.016530858
0,0,0.025251273
0,0,0.048858322
0,0,0.06465526
0,1,0.77697
0,0,0.0016508098
1,1,0.83712137
0,1,0.75980186
1,1,0.7522246
0,0,0.48865604
1,0,0.024367463
0,0,0.4744595
0,0,0.06038039
0,0,0.0020389026
0,0,0.013420581
1,0,0.09616573
0,1,0.7565339
0,0,0.20888062
0,0,0.000530941
0,1,0.6306674
0,0,0.40622056
0,0,0.3118542
0,0,0.03227566
0,1,0.71920717
0,0,0.0001148937
0,1,0.89372575
0,0,1.218741e-05
0,0,0.00905752
0,1,0.71152955
0,0,0.049566578
0,0,0.0005464673
0,1,0.8558953
1,1,0.7954427
1,1,0.94387287
0,0,0.19666898
0,0,0.12688804
0,1,0.5092937
0,0,5.6472672e-05
1,1,0.8373838
0,0,0.002954673
0,1,0.601572
0,1,0.71444786
0,0,0.07032377
0,0,0.041461363
0,0,0.23069781
0,1,0.57834154
0,0,0.035129514
0,0,0.011136118
0,0,0.053816136
0,0,0.046702538
0,1,0.6858039
0,0,0.207367
1,1,0.8359592
0,0,0.17063464
0,0,0.009590031
0,1,0.6943064
0,0,0.09753106
0,1,0.710079
0,0,4.121043e-05
0,1,0.8433396
0,1,0.6200632
0,1,0.7011673
0,0,0.44728604
1,0,0.17132749
0,1,0.5759294
0,0,0.047665488
0,1,0.5948695
0,0,4.121043e-05
0,0,0.05923455
0,1,0.67324936
0,1,0.70933765
1,1,0.74236494
0,0,0.012025182
0,0,0.1312742
0,0,0.0017872552
0,0,0.27158457
0,0,0.42253366
0,1,0.89454037
0,0,0.082777515
1,1,0.5922364
0,0,0.4570032
0,1,0.7354102
0,1,0.77316374
0,0,0.016128398
0,0,0.49203694
1,1,0.8930489
1,1,0.57768416
0,1,0.66211194
0,0,0.15970589
0,1,0.8645723
0,0,0.0005679936
0,0,0.033456158
0,0,0.21081015
0,0,0.17263162
0,0,0.22645195
1,1,0.56183547
0,1,0.70947576
0,0,0.35184482
0,1,0.83921117
0,1,0.75399834
0,0,0.12090813
0,1,0.7321598
0,1,0.87461805
0,0,0.010529871
0,0,0.007457395
0,1,0.8713762
0,0,0.09332075
0,0,0.11961248
0,0,0.13092722
0,0,0.23353893
0,1,0.62542427
0,0,0.0109535875
0,0,0.10958628
0,0,0.04766458
1,1,0.7762628
0,0,0.2541996
0,0,0.3194892
0,1,0.92782706
0,0,0.015954675
0,1,0.71645206
0,0,0.45185137
0,1,0.89717215
0,0,0.0005403934
0,0,0.31343782
0,0,4.4894885e-05
0,0,0.00014823003
0,0,0.012274553
0,1,0.78078437
0,1,0.5253762
0,1,0.932505
0,1,0.77872807
0,1,0.6616689
0,1,0.56279206
0,0,0.33826658
0,0,0.19919197
0,0,0.21573944
0,0,2.1107207e-05
0,0,0.060757224
0,0,0.046734687
0,0,0.38709128
1,0,0.17601632
0,0,0.44011667
0,0,0.0045815823
0,0,0.0008313206
0,0,0.013445442
0,1,0.62137276
0,0,0.27486268
0,0,0.26064864
0,0,0.048610494
0,0,0.39920875
1,0,0.34356257
1,1,0.91466
0,0,0.03381154
0,0,0.010005174
0,0,0.00042135973
0,0,0.36675763
0,0,0.0067988453
0,0,0.36743256
0,1,0.5384447
0,0,0.067160234
0,0,0.27886742
0,0,0.42577413
0,0,0.46437946
0,0,0.0074731535
0,0,0.004260344
0,0,0.15798596
0,0,0.009942993
0,0,0.0057595144
0,0,0.04441203
0,0,0.0041868575
0,1,0.8509837
0,0,0.09346836
0,1,0.65492654
0,0,0.057087567
1,1,0.7060054
1,0,0.24026653
0,0,0.124813214
0,1,0.7122466
0,0,4.121043e-05
0,0,0.19574577
0,0,0.00012961192
0,1,0.5066557
0,0,0.06876266
0,0,0.18596956
0,0,0.07867237
0,1,0.7123049
0,0,0.012809005
0,0,0.1657638
0,0,0.1637316
0,0,0.063431494
0,1,0.59861887
0,0,0.004097712
0,0,0.47246727
0,0,0.0142458165
0,1,0.6182102
0,1,0.7339056
0,0,0.029392542
0,0,0.14146961
0,0,0.0100513445
0,1,0.5708936
0,0,0.20098794
0,0,0.173458
1,1,0.8064418
0,0,0.25689393
1,0,0.42179438
0,0,0.33703497
0,0,0.08675517
0,0,0.115668714
0,0,0.3300596
0,0,0.0021522902
0,0,0.3450981
0,0,0.4385075
0,0,0.00018889704
0,1,0.79039884
0,0,0.45139626
0,1,0.76184076
0,0,0.42731217
0,0,0.19074863
0,0,0.006358863
1,0,0.0046983813
0,0,0.24979939
0,0,0.00087644585
0,0,0.0001632566
0,1,0.7052716
0,0,0.40928784
0,0,0.14438595
0,0,0.048354797
0,0,0.006623146
0,0,0.023116525
0,0,0.18806507
1,1,0.8419014
0,0,0.3497279
0,0,0.47745776
0,0,0.049491435
0,0,0.2178317
0,1,0.7260087
0,0,0.1303695
0,0,0.17097709
0,0,0.007887949
0,0,0.033825282
1,1,0.9427406
0,0,0.042531453
0,0,0.12926559
0,0,0.00037674455
0,0,0.00012047753
1,0,0.30188194
0,0,0.42930204
0,1,0.6386508
0,1,0.5753942
0,0,0.022111284
1,1,0.8078743
0,0,0.008628542
0,0,0.015159135
0,0,0.0024562096
1,0,0.19615304
0,0,1.218741e-05
1,1,0.51556903
0,0,0.0003205625
0,1,0.57363063
0,0,0.12972479
1,1,0.8102596
0,1,0.57573324
0,1,0.5123982
0,1,0.69373316
0,1,0.75115174
0,0,0.11818251
0,0,0.35429007
0,1,0.88645625
0,0,0.078179725
0,0,0.017000189
0,0,0.069902085
0,0,0.011580135
0,0,0.06373574
1,1,0.637456
0,1,0.5807148
0,1,0.5403742
0,0,0.23002163
0,1,0.9217558
0,1,0.5547142
0,1,0.68612534
0,0,0.22179992
1,1,0.734752
0,0,0.47601044
0,0,0.17323948
0,1,0.7552254
0,1,0.77872807
0,1,0.55341804
0,0,0.000485728
0,0,0.23401044
0,0,0.21201909
1,1,0.84411025
0,1,0.7465336
0,0,0.4873548
1,0,0.051305287
0,0,0.0063310517
0,0,0.33993125
0,0,0.24973695
0,0,0.24444416
0,0,0.003562162
0,0,0.049170755
0,0,0.124085404
0,0,0.08121148
0,0,0.22906539
0,0,0.2900434
0,0,0.0050213477
0,1,0.74427783
0,0,0.040487207
0,0,0.04112273
0,0,0.043743968
1,1,0.82187504
0,0,0.011078296
0,0,0.011739815
0,0,0.25283647
0,0,0.048613347
0,0,0.00011997128
0,0,0.00012047753
0,0,0.3307589
0,0,0.00012772191
0,0,0.005053643
0,0,0.08320915
0,0,0.059379462
0,0,0.3745311
0,1,0.771509
1,0,0.46637526
0,1,0.6526548
0,0,0.15377331
0,0,0.092300236
0,0,0.02083557
0,0,0.4249079
0,0,0.28350708
0,0,0.007329052
0,0,0.027497927
0,0,0.034151934
0,0,0.02411629
0,0,0.2764742
0,0,0.00012047753
0,1,0.5653206
0,0,0.3702625
1,0,0.4764745
0,0,0.34745985
0,0,0.16574809
0,0,0.17334764
1,1,0.8789899
0,1,0.53883165
0,0,0.06536879
0,0,0.03912266
0,1,0.8630165
0,0,0.013161943
0,0,0.16752839
0,0,0.0002655929
0,0,0.37028533
1,1,0.7847593
0,0,0.3564634
0,0,0.03676389
0,0,0.06548347
0,1,0.8856096
0,0,1.218741e-05
0,1,0.7042576
0,0,0.10392138
0,0,0.030459497
0,0,0.32677647
0,0,0.13707884
1,1,0.8733345
0,0,0.025506947
0,0,0.008085171
0,0,0.01523184
0,0,0.008377494
0,0,0.05714743
0,0,0.2592308
0,0,0.116723165
0,1,0.8132411
0,1,0.7958574
0,1,0.72239137
0,0,0.33338892
0,0,0.22003198
1,1,0.8412229
0,1,0.7681715
0,0,0.028667927
0,0,0.0054471665
0,0,0.18707533
1,1,0.92073345
0,0,0.35939294
0,0,0.026771195
0,0,0.0860258
0,1,0.7376696
0,0,0.22421141
0,0,0.42787388
0,1,0.52931
0,0,0.42296368
0,1,0.7267442
0,0,0.018939879
1,1,0.55652815
0,1,0.9032773
0,0,0.40183324
0,0,0.050216902
0,0,0.17221338
0,1,0.5567448
0,0,0.27394575
0,1,0.7541191
0,0,0.14193729
0,0,0.1451528
0,0,0.26955056
0,1,0.55851084
0,0,0.082600385
0,0,0.49564716
0,0,0.36949253
0,0,0.33826658
0,1,0.7994434
0,0,0.03054027
0,0,0.4810604
0,0,0.0068105534
0,0,0.33491436
0,0,0.028111724
0,0,0.006380647
0,0,0.0003378733
0,0,0.00040464272
0,0,0.10406179
1,1,0.8959614
0,1,0.5922531
0,1,0.67572194
0,0,0.2724502
0,0,0.06461114
0,0,0.2947306
0,0,0.035129238
0,1,0.6882762
0,0,0.15432492
0,0,0.28325728
0,0,0.33529916
0,0,0.331166
0,0,0.480364
0,0,0.41142023
0,0,0.054358736
0,0,0.022545462
0,1,0.5854369
0,1,0.7663178
0,1,0.6471875
0,0,0.48409843
0,0,0.19879547
0,0,0.019435903
0,0,0.37467924
0,0,0.06693404
0,0,0.48733032
0,0,8.915426e-05
0,1,0.5496121
0,0,0.10154631
0,0,0.0036883245
0,0,0.07593585
0,0,0.48783496
0,1,0.6227349
1,0,0.4783933
0,0,0.17476608
0,1,0.512231
0,0,0.0031906536
0,0,0.06543495
0,1,0.62431794
0,0,0.38979673
0,0,0.0007587948
0,0,0.07550106
0,0,0.16099386
0,1,0.7931251
0,0,0.0068000015
1,1,0.5974987
0,0,0.3923274
1,1,0.7154142
0,0,0.00751784
0,0,0.005943996
0,0,0.1312742
0,0,0.0618674
1,1,0.73847365
0,0,0.45598018
0,0,0.04673457
0,0,0.2082817
0,1,0.6545373
0,0,0.30001596
1,1,0.6430325
0,0,0.013333664
0,0,0.06923395
0,1,0.52055806
0,0,0.01581281
0,1,0.5034168
0,1,0.799108
0,0,0.017232051
0,0,0.0044252886
0,0,0.020050598
0,1,0.7860354
0,0,0.4238824
0,0,0.17686471
0,0,0.032033306
0,0,0.011726195
0,0,0.28696674
0,0,0.002571285
0,0,0.100853495
0,0,0.37509096
0,0,0.0061989943
1,0,0.18259811
1,1,0.8017461
0,0,0.22440828
0,1,0.50713325
1,1,0.62363493
1,1,0.8491209
0,0,0.15176356
0,0,0.1933574
1,1,0.8248144
0,0,0.0031316932
0,0,0.4244668
0,0,0.4120299
0,0,0.43610016
0,0,1.6562179e-05
0,0,0.43177554
1,1,0.6327957
0,0,0.0420128
0,0,0.00024922777
0,1,0.7839689
0,0,0.49983364
1,1,0.8756323
0,1,0.5797979
1,1,0.510005
0,0,0.15860263
0,1,0.6582213
0,1,0.74581575
0,0,0.13350311
0,0,0.23735757
0,0,0.16007441
0,1,0.88721395
0,0,0.29234073
0,0,0.3065067
0,0,0.010306112
1,1,0.68949074
0,0,0.050161913
0,1,0.7220335
0,0,0.058764223
0,1,0.77117765
0,1,0.8654886
0,0,0.2544279
0,0,0.25492737
0,0,0.009610792
0,0,0.011010179
0,0,0.3830289
0,1,0.62582284
1,1,0.7648471
0,1,0.732677
0,0,0.25096738
0,0,0.14845371
0,0,0.21213564
0,0,0.020764347
0,0,0.025583806
0,0,0.03402594
0,0,0.00017327412
0,0,0.0023551008
0,0,0.011159804
0,0,0.15696748
0,1,0.8057837
0,0,0.48303857
0,1,0.5768222
0,0,0.00280964
0,0,0.009119263
0,0,0.26367182
0,0,0.0031714677
0,0,0.008256267
0,0,0.2786207
0,1,0.525746
1,1,0.8061785
0,0,0.015338334
0,1,0.7639617
0,0,0.48119473
0,1,0.7460712
0,1,0.85518545
0,0,0.38806534
0,1,0.6186012
0,0,0.14783634
0,1,0.59494466
1,1,0.81938076
0,0,0.031318802
0,0,0.16674986
0,1,0.53677076
0,0,0.30348098
0,0,0.13610184
0,0,0.08763974
0,0,0.028775046
1,1,0.72149116
0,1,0.67180634
0,1,0.60754883
0,0,0.13104187
0,0,0.26756606
0,0,0.04528685
0,1,0.8629426
0,0,0.00017327412
1,1,0.8797915
0,0,0.0515313
0,0,0.010179944
1,1,0.8136232
0,0,0.1281308
0,0,0.031318042
0,0,0.10676465
0,0,0.0130467
0,0,0.0933913
0,1,0.82155925
0,0,0.0006375071
0,1,0.8280742
0,0,0.0047618956
0,0,8.7548986e-05
0,0,0.18932761
1,1,0.7860354
0,1,0.8978816
0,0,0.08349983
1,1,0.8281387
0,1,0.7838077
0,0,0.041627653
0,0,0.48535433
0,0,0.10279162
0,0,0.14835484
0,1,0.74522156
0,1,0.68847173
0,0,0.42667136
0,0,0.018433858
0,1,0.62512517
0,0,0.037650034
0,0,0.43566
0,0,0.05566216
0,0,0.42507324
0,0,0.17595312
0,0,0.11867902
0,0,0.07880884
0,1,0.6898902
0,0,0.2473241
0,1,0.5902774
0,0,0.17757325
0,0,0.26065594
0,1,0.58357334
0,1,0.85920143
0,1,0.70039576
0,0,0.002620794
1,1,0.78364426
0,0,0.09052822
1,0,0.06649138
0,0,0.27969104
0,1,0.7916989
0,0,0.18025044
0,0,0.018662432
0,0,0.02417887
0,1,0.72444314
0,0,0.027863739
0,0,0.00904937
1,1,0.76667666
0,1,0.65507567
0,0,0.009360735
0,1,0.5645126
0,0,0.018338516
1,0,0.04273621
0,1,0.73788595
0,0,0.23319957
0,1,0.75093824
0,0,1.1552336e-05
0,1,0.69670916
0,0,0.051341664
0,0,0.020501856
0,0,0.055918507
0,0,0.49181026
0,1,0.5971544
0,0,0.0037394364
0,1,0.5819727
0,1,0.7414979
0,1,0.6253526
0,1,0.69931406
0,1,0.61755127
0,1,0.8741282
0,0,0.22435156
0,0,0.3044641
0,0,0.40204623
0,1,0.5378365
0,0,0.08063865
1,0,0.4986497
0,0,0.34145728
1,1,0.8375324
0,1,0.71932817
0,0,0.46938413
0,0,2.9945388e-05
0,0,0.49067262
0,0,0.12598456
0,0,0.019133426
0,0,0.45818773
0,1,0.72726643
1,0,0.30629864
1,0,0.42186463
0,1,0.59048384
0,1,0.7305706
0,0,0.36543506
1,1,0.74811345
0,0,0.00015056612
1,1,0.7172491
0,0,2.6064115e-05
0,0,0.3110767
0,1,0.5655843
0,0,0.0076407166
0,0,0.0103667965
0,0,0.029918984
0,0,0.4009984
0,0,0.02987808
0,1,0.66954994
1,1,0.69835675
0,0,0.020482015
0,0,0.20428151
0,1,0.7184642
0,1,0.68158233
0,0,0.05947216
0,0,0.19401786
0,0,0.4204473
0,0,0.19083072
0,1,0.7809148
1,0,0.48032603
0,0,0.04206234
0,0,0.3158471
0,0,0.35883954
0,1,0.56288743
0,0,0.022341762
1,1,0.78679967
0,1,0.7740955
0,0,0.08448401
0,0,0.24657845
1,0,0.23909271
0,0,0.07266075
0,1,0.6966095
0,0,0.28054675
0,0,0.44841525
0,0,0.0027278296
0,0,2.6747566e-05
0,0,0.011463053
0,0,0.005220106
0,0,0.014187523
1,1,0.711743
0,1,0.5235184
0,0,0.05159361
0,0,0.018175686
1,1,0.79750603
0,0,0.057375185
0,0,0.17721583
0,0,0.10345048
0,0,0.0030147745
1,1,0.5868931
0,0,0.25338298
0,0,0.05597695
0,0,0.16450915
0,0,0.30728066
0,0,0.35273466
0,0,0.05835172
0,0,0.0005403934
0,0,0.0010173566
0,0,0.0072746836
0,0,0.010701862
0,0,0.00017327412
0,1,0.6362022
0,0,0.3822544
0,0,0.45875347
0,0,0.05182044
0,1,0.6920031
0,0,0.24613391
0,1,0.63353807
0,0,0.11161507
0,0,0.118941404
0,0,0.31017682
0,0,0.457253
0,0,0.02338836
0,0,0.41818404
0,1,0.67292565
0,0,0.2443921
0,0,0.12925479
0,0,0.15547901
0,1,0.81963277
0,0,0.3942565
0,0,0.06908241
0,0,0.09177995
0,1,0.7148024
0,0,0.22156738
0,1,0.7938405
0,1,0.807441
0,1,0.7612597
0,0,0.06587414
0,0,0.14966418
0,0,0.041924596
0,1,0.761886
0,0,0.01955386
0,1,0.6064754
0,0,0.06788802
0,0,0.2758567
0,0,0.22294468
1,1,0.9240669
0,0,0.0070055663
0,0,0.0320348
0,0,0.37316942
0,0,0.31404757
1,1,0.52694994
0,0,0.06866765
1,1,0.7668701
0,0,0.37627366
0,1,0.8303414
0,0,0.23014733
0,0,0.03266092
1,1,0.7719093
0,1,0.5781637
0,0,0.053063825
0,0,0.45773655
0,0,0.3022416
1,1,0.57856786
0,1,0.85329264
0,0,0.043625392
0,1,0.73116225
0,0,0.0038538678
0,1,0.6018953
0,0,0.26368976
0,0,0.30016816
0,0,0.42592797
0,0,0.09273553
0,0,0.009630477
0,1,0.5037056
0,0,0.04907334
1,0,0.45538694
1,1,0.6120186
1,1,0.7897167
0,0,0.01911656
0,0,0.33079413
0,0,0.011652199
0,0,0.0005464673
0,0,0.19136488
0,0,0.03682883
0,0,0.3458039
0,0,0.15009722
0,0,0.013531226
0,0,0.02307593
0,0,0.17613278
0,0,0.03031027
0,0,0.07868425
0,0,0.49886265
0,0,0.039435323
0,0,0.19517687
0,0,0.40934408
0,1,0.65185964
0,0,0.33764505
0,0,0.38873473
0,1,0.57528
0,1,0.7752644
0,0,0.2184056
0,1,0.8033949
0,0,0.26312697
0,0,0.19194087
0,0,0.4783418
1,1,0.6735407
0,0,0.4890834
0,0,0.03854659
0,0,0.19343656
0,0,0.34914964
0,1,0.692742
0,0,0.009359886
0,0,0.16461407
0,0,0.0124756815
0,1,0.7165408
0,1,0.5634452
0,0,0.3806659
0,0,0.2897095
0,0,0.0032037958
0,1,0.67468715
0,0,4.0681578e-05
0,0,0.007940942
0,0,0.06989195
0,1,0.5358188
0,0,0.14980376
0,0,0.37825382
0,0,0.3056471
0,0,0.19678925
0,0,0.05056351
0,0,0.012777261
0,0,0.04016121
0,0,0.148055
0,0,0.00032917905
0,0,0.0019805103
0,1,0.7034441
0,0,0.17784338
0,1,0.8100495
1,1,0.91861707
0,0,0.007863188
0,0,0.07497753
0,0,0.04487013
0,0,0.0059668296
0,0,0.00599417
0,0,0.13988994
1,0,0.3633456
0,0,0.10004472
0,0,0.0050748386
1,1,0.69989634
0,0,4.785635e-05
0,0,0.035129238
0,0,0.020697523
0,0,0.23013054
0,0,0.06847134
0,1,0.6744544
0,1,0.5176721
0,1,0.79721564
0,0,0.32480395
0,1,0.68010074
0,0,0.050724085
1,0,0.35964334
0,1,0.54476136
0,0,0.01267469
0,1,0.6191202
0,1,0.69509816
1,0,0.45447004
0,0,0.11222075
0,0,0.46795297
0,0,0.13104187
0,0,0.0041788197
0,0,0.019464085
0,0,0.07976022
0,1,0.66139776
0,0,0.38638043
0,0,0.0003378733
1,1,0.7568161
1,0,0.12494501
0,0,0.38605067
0,0,0.000485728
1,1,0.8196484
0,0,0.2006516
0,0,0.20879379
0,0,0.47779033
0,0,0.16170347
0,0,0.018644847
0,0,0.016138162
0,0,0.42677143
0,0,0.011381259
0,0,0.36357066
0,0,0.4239285
0,0,0.02381826
0,0,0.25861388
0,0,0.46923202
0,0,0.08857397
0,0,0.049131826
0,0,0.46715096
0,0,0.0005403934
0,1,0.7605351
1,1,0.8489774
0,0,0.059562296
0,1,0.78104585
0,0,0.05790985
0,1,0.57611376
0,0,0.082700565
0,0,0.0967184
0,1,0.7675765
1,1,0.61357343
0,1,0.57834154
0,0,0.001837968
0,0,1.6562179e-05
0,0,0.08404054
0,0,0.0017921482
0,0,0.25738412
0,0,0.0059518786
0,1,0.7079098
0,0,0.16185181
0,1,0.570045
0,0,0.15157439
1,1,0.7984164
0,0,0.029914057
0,1,0.7799614
0,0,0.15881503
0,1,0.6837488
0,0,0.03866739
0,0,0.008368879
0,0,0.059043847
0,0,0.296844
0,1,0.6479833
0,0,0.012101235
1,0,0.18080756
0,0,0.00010964243
0,0,0.00013015661
1,1,0.7703649
0,0,0.26878077
1,1,0.8336326
0,0,0.16221029
0,0,0.019204319
0,0,0.065449156
0,0,0.034046978
0,0,0.3768661
0,0,0.0162674
0,0,0.41662034
0,0,0.06901024
0,0,0.027980989
0,0,0.33588973
0,0,0.23021472
0,0,0.39369947
1,1,0.80352473
0,1,0.50647056
0,0,0.31983447
0,0,0.46403524
0,1,0.77249455
0,0,0.00018889704
0,0,0.2900112
0,1,0.8476413
0,0,0.008619899
0,0,0.19826612
0,1,0.71652544
0,0,0.14184068
0,0,0.3493346
0,0,0.0915018
0,0,0.005596906
0,0,4.785635e-05
1,1,0.9015626
0,0,0.32707322
0,0,0.36172616
0,1,0.64006263
0,0,0.033473615
1,1,0.8575296
0,0,0.06917485
0,0,0.020434676
0,0,0.063298054
0,0,0.12172108
0,0,0.009092918
0,0,0.0808001
0,0,0.006169913
0,0,0.4923374
0,0,0.22152084
0,1,0.8937341
0,0,0.26930052
1,1,0.6719572
1,1,0.8410987
0,1,0.7165977
0,1,0.6944879
0,1,0.7703649
0,0,0.05213423
1,1,0.68607706
0,0,0.27725795
0,0,0.00049154117
0,0,0.25714046
0,0,0.037426114
0,1,0.81400806
0,0,0.012539724
1,1,0.5861513
1,1,0.75110364
0,0,0.002130919
0,1,0.70214534
0,0,0.016597241
0,0,0.1303096
0,1,0.74169856
0,0,0.086617894
0,0,0.08719547
0,0,0.011159804
0,1,0.8275532
1,1,0.89894
0,1,0.8409772
0,1,0.9275834
0,0,0.018122243
0,0,0.23048645
0,1,0.71078837
0,0,0.39866167
0,0,0.053690236
0,1,0.8075056
1,1,0.9122835
0,0,0.0012379398
0,1,0.73325807
0,0,0.33090666
0,0,0.06668404
0,1,0.63886714
0,0,0.2263242
0,0,0.28329912
0,1,0.69540256
0,0,0.047282234
0,1,0.7935279
1,1,0.858045
0,0,0.001026614
0,0,0.45066857
0,0,0.4659524
1,1,0.77154726
1,1,0.807549
0,0,0.039415646
0,1,0.91328645
0,0,0.019337054
0,0,6.0284954e-05
0,1,0.69004625
0,1,0.73574156
0,0,0.032425627
0,0,0.07333457
1,1,0.87714285
0,0,0.48502117
0,0,0.060159322
0,0,0.12457698
0,0,0.15428592
0,0,0.32913494
0,0,0.007940942
0,1,0.5412071
0,0,0.20624873
0,1,0.8005212
0,0,0.037102103
1,1,0.75138927
1,1,0.8398179
0,0,0.124984786
1,1,0.83035517
0,0,0.33222833
0,0,0.2070174
0,0,0.18917097
0,0,0.058413573
0,0,0.00042443463
0,0,0.24940181
0,0,0.42057377
0,1,0.7764684
0,1,0.61680317
0,1,0.6420769
0,1,0.64162123
0,0,0.019206775
0,0,0.11939322
0,0,0.098833136
0,0,0.017430492
0,0,0.025452873
0,0,0.07107634
0,0,0.18061498
0,0,0.116284765
0,1,0.7923672
0,0,0.030882295
0,0,0.051500194
0,1,0.57306516
0,1,0.50516576
0,0,0.00012772191
0,0,0.47837916
0,0,0.009962619
0,0,0.09757046
0,1,0.75600356
1,1,0.77953446
0,0,0.011119801
0,0,0.012824758
0,0,0.019433718
1,0,0.25264236
0,0,0.1568819
0,1,0.8498848
0,0,0.36447108
0,0,0.0054997513
0,1,0.65026116
0,0,0.0387148
0,0,0.32330248
0,0,0.4380165
0,0,0.08010082
0,0,0.44791254
0,0,0.30636793
0,0,0.18882035
0,0,0.3826487
0,0,0.010118632
0,0,0.063394554
0,0,0.19346339
0,0,0.30882376
0,1,0.7764306
0,0,0.38514403
0,1,0.58732873
0,0,0.28748915
0,1,0.62191033
0,0,0.42011932
0,0,1.218741e-05
0,0,0.0054270746
0,1,0.51822436
0,0,0.00013611952
0,0,0.045124095
0,1,0.6608171
0,0,0.16781822
0,0,0.00016096566
0,0,0.36626843
0,0,4.969586e-05
0,0,0.063250214
0,0,0.49516833
1,1,0.54008335
0,0,0.041585185
0,0,0.13923995
0,0,0.09849508
0,0,0.037816923
0,0,0.22705276
0,1,0.5306038
0,0,0.03147668
0,0,0.41511017
0,0,0.06948737
1,1,0.7164066
0,0,0.24661699
0,1,0.62874347
0,1,0.7483293
1,0,0.4739602
0,1,0.8784227
0,0,0.09617968
0,0,0.110367194
0,1,0.54077315
0,1,0.56922925
0,1,0.7756118
1,1,0.92797244
0,1,0.53326863
0,0,0.0388851
0,0,0.045503985
0,0,0.49365696
0,0,0.008374124
0,0,0.2724614
0,0,0.17454204
0,0,0.15794656
0,0,0.05710461
0,0,0.28422645
0,1,0.82431954
0,0,0.42643395
0,0,0.36845526
0,0,0.16472676
1,1,0.8607419
0,1,0.56369233
0,0,0.027308252
0,1,0.6753217
0,1,0.54895663
0,0,0.05735266
0,1,0.54337406
0,0,0.09766235
0,1,0.6621305
0,1,0.8748643
1,1,0.8071016
0,0,0.030032756
0,0,0.044834405
0,0,0.01448489
1,1,0.5587983
1,1,0.6880852
0,0,0.028466579
0,1,0.7351723
0,1,0.82787377
0,0,0.1739335
0,0,0.447758
0,0,0.25861388
0,0,0.040217992
0,0,0.00016096566
0,0,0.118372925
0,0,0.393596
0,0,0.17547637
0,0,0.43253857
0,1,0.53140414
1,1,0.66208774
0,0,0.21309671
0,1,0.6181258
0,1,0.6847607
0,1,0.8239964
0,1,0.5579622
0,1,0.63476026
0,0,0.3309877
0,1,0.7788838
0,0,0.070809975
0,0,0.34325594
0,1,0.77697
0,0,0.45120004
0,0,0.035834882
0,0,0.017780423
0,0,0.0029196786
0,0,0.34571514
0,0,0.21777551
0,0,0.15733641
0,0,0.35378787
0,1,0.64235175
0,0,0.38435325
0,0,0.0011551958
0,0,0.00064165884
0,1,0.810588
0,1,0.76366484
0,0,6.283753e-05
0,1,0.5329895
0,1,0.52419186
0,0,0.01860958
0,0,0.12588206
1,1,0.5042041
0,0,0.000103380735
0,0,0.000485728
0,0,0.010193787
0,1,0.8571378
0,0,0.33826658
0,0,0.22172174
0,0,0.26536062
0,0,0.017466584
0,0,0.23644204
0,1,0.9228345
0,0,0.08219333
0,0,0.12161275
0,0,0.13577329
0,0,0.21642712
0,0,0.16712783
0,0,0.0003378733
1,1,0.80754423
0,1,0.8523259
0,0,0.057885602
1,1,0.8134513
0,0,0.009005344
1,1,0.7431865
0,1,0.792681
1,1,0.5824582
0,1,0.5081807
0,0,0.15793917
0,0,0.31289646
0,0,0.061617192
0,0,0.015831165
0,0,0.23847978
0,0,0.30488524
0,0,0.23822123
0,0,0.014113546
1,1,0.6562177
0,0,0.0258275
1,0,0.1730228
0,1,0.70065194
1,1,0.8560224
0,1,0.6126854
0,0,0.010764421
0,0,0.24986114
0,1,0.51863337
0,0,0.025829086
0,0,0.26889288
0,0,0.13801967
0,1,0.8232515
0,0,0.0017179993
0,1,0.6669864
1,0,0.17893505
0,0,0.087851524
0,1,0.55975395
0,1,0.7212295
0,0,0.059935573
0,1,0.75512266
0,0,0.36579043
0,0,0.029762909
1,1,0.84149
0,1,0.7221318
0,0,0.49969405
1,1,0.9247445
0,0,0.25199562
0,0,0.23986992
0,0,0.22566783
0,1,0.539917
0,0,0.14597943
0,0,0.058425076
0,1,0.8274291
0,0,0.40397096
0,0,0.1197648
0,0,0.2259273
0,0,0.047282234
0,0,0.17713176
0,0,0.042077243
0,0,0.004896269
1,1,0.56984365
0,0,0.0011736203
0,0,0.060912292
0,0,0.36624813
0,1,0.72501975
0,0,0.0031183255
0,0,0.009992138
0,0,0.07001704
0,0,8.740501e-05
0,0,0.47383255
0,1,0.8814331
0,0,0.01085968
0,0,0.026914053
1,1,0.8465337
0,0,0.11510933
0,1,0.7824484
0,0,0.00013611952
0,0,0.15442343
0,0,0.0019863313
0,1,0.5277186
1,1,0.60754645
0,0,0.24233869
0,0,0.013025933
0,1,0.7422696
0,0,0.054270085
1,1,0.683177
0,1,0.7300789
0,0,0.49105892
0,0,0.01304301
0,1,0.8218999
0,0,0.055934995
0,0,0.06755313
0,0,0.31918168
0,1,0.86168873
0,1,0.5495271
0,0,0.07649251
0,1,0.5294123
1,1,0.8074163
0,0,0.011847804
0,0,0.32913494
1,1,0.9305417
0,0,0.1046422
0,0,0.09708889
0,0,0.06461114
0,1,0.63325256
0,0,0.030003527
0,0,0.34819466
0,1,0.51319176
0,0,0.064499766
0,1,0.60678965
0,1,0.53412986
0,1,0.8746452
1,0,0.44307557
0,0,0.2788807
0,0,0.08982052
0,0,0.16203058
0,0,0.02041231
0,0,0.007689554
1,1,0.7609387
0,0,0.010741084
0,0,0.00012047753
0,0,0.08660694
0,0,0.3738461
0,1,0.5310859
0,1,0.63093096
1,0,0.35051703
0,0,0.28812096
0,0,0.0062300013
0,0,0.44492516
0,1,0.764822
0,0,0.0031241253
0,0,9.0127025e-05
0,0,0.0046476745
0,0,0.39981747
1,0,0.03989177
0,0,0.34196234
0,1,0.7512878
0,0,0.12297208
0,1,0.54726756
0,0,2.6064115e-05
0,0,0.0019093208
0,1,0.57104146
0,0,0.0071977293
0,1,0.8126761
0,0,0.043120448
1,1,0.72622544
0,0,0.03440525
1,1,0.79640704
0,0,0.005735536
1,1,0.7038385
0,0,0.18176916
1,1,0.5280321
0,1,0.6885252
0,0,0.28304696
0,0,0.17671624
0,0,0.001378417
0,0,0.026094176
0,0,0.1953952
0,0,0.044664405
0,0,0.05691906
0,0,0.0024585344
1,1,0.78766066
0,1,0.586305
0,0,0.2764762
0,1,0.5392254
0,1,0.8080428
0,1,0.6162688
0,1,0.79127645
0,0,0.33522502
0,1,0.8862815
0,0,0.42213574
0,0,0.23560895
0,0,0.13357264
0,0,0.25035504
0,0,0.10145853
0,0,0.25470468
0,0,0.38795054
0,0,0.05856294
0,0,0.06843888
0,0,0.019736009
0,0,0.24348459
1,0,0.3111247
0,0,0.042568706
1,1,0.726788
0,1,0.740548
0,0,0.00064165884
0,0,0.17552088
0,1,0.64152634
1,1,0.5622527
0,0,0.4131982
0,0,0.0005830012
0,1,0.53289276
0,0,0.0015309755
0,0,0.09515238
0,1,0.8091399
0,0,0.22486007
0,0,0.10067549
0,0,0.00013611952
0,1,0.7321788
0,1,0.87498224
0,0,4.5198212e-05
1,0,0.48001012
0,0,0.00064165884
0,0,0.086639635
0,1,0.8007569
0,0,0.0023141033
0,0,0.075328894
0,0,0.44305918
0,0,0.39589763
0,0,0.0036524883
1,1,0.7934804
0,1,0.68606794
0,1,0.8412229
0,0,0.46271017
0,0,3.386797e-05
0,0,0.011388784
0,1,0.60751444
1,1,0.84989846
0,0,0.064993374
0,0,0.071315244
0,0,0.26934636
0,1,0.69391954
0,0,0.18072347
0,0,0.022239313
0,0,0.47337264
0,0,0.09022319
0,0,0.08288949
0,0,0.20837776
0,0,0.23728217
0,0,0.034753423
0,0,0.09157806
0,0,0.116723165
0,1,0.8809423
0,0,0.23319957
0,0,0.035252888
0,0,0.14975563
0,0,0.08012403
0,1,0.72121143
0,0,0.05661257
0,0,0.022770984
0,1,0.5952132
0,0,0.028330024
0,0,0.002294904
0,0,0.21387771
0,0,0.3397433
0,0,0.076552406
1,1,0.5565317
0,0,0.09626715
0,0,0.21630141
0,1,0.5863083
1,1,0.60982794
0,1,0.91207963
0,1,0.5538298
0,0,0.12214662
1,0,0.024472669
0,0,0.1494024
0,0,0.14043519
0,1,0.5880531
1,1,0.73788595
1,1,0.6941677
0,0,0.4590212
0,0,0.10452311
0,0,0.0045131976
0,1,0.5939909
0,0,0.17554373
0,0,0.39830664
0,0,0.34933114
0,1,0.6942078
0,0,0.26615363
1,0,0.04850494
0,0,0.118356004
0,0,0.016266683
0,0,0.04141923
0,0,0.38538447
0,0,0.016851692
0,0,0.15287359
0,1,0.69170743
0,0,0.00010578284
0,0,0.11278137
0,0,0.028876709
0,0,0.014831718
0,1,0.5299707
0,0,0.4104162
1,1,0.8696121
0,1,0.60533965
0,0,5.43208e-05
0,0,0.15195802
1,1,0.8166024
0,0,0.27950987
1,1,0.6598017
0,1,0.63239926
0,0,0.09484885
0,0,0.2022796
1,1,0.5480273
0,0,0.23101875
0,0,0.26893556
0,0,0.40231135
0,1,0.6413716
0,0,0.29310006
0,1,0.6957545
0,0,0.043633748
0,0,0.000485728
0,0,0.011805837
0,1,0.5408264
0,0,0.008968982
0,1,0.5138842
0,0,0.00017327412
0,0,0.18155766
0,1,0.56211627
0,0,0.025326425
0,0,0.20993945
0,0,0.2708904
0,0,0.0085817
0,0,0.24962172
1,1,0.78115636
1,0,0.25620028
0,0,0.22389866
0,0,0.12826897
0,0,0.03005959
0,0,0.4700696
0,1,0.6173379
0,0,0.0501994
0,0,0.3216497
0,0,0.087740466
0,1,0.61384374
0,0,0.20854983
0,0,0.054282166
0,0,0.0005815546
1,1,0.91469204
0,0,0.32786542
0,0,0.062342312
0,0,0.0040442804
0,1,0.50643903
0,0,0.23798987
0,0,0.48302397
0,1,0.8115148
0,1,0.6182227
0,0,9.260957e-05
0,0,0.08119666
0,1,0.5491157
1,0,0.37609655
0,1,0.81138223
0,1,0.5336742
0,1,0.92552614
0,0,0.3229143
0,1,0.83496827
0,0,0.44079372
1,1,0.5890447
0,1,0.8445175
0,0,0.0036358158
0,1,0.66669935
0,0,0.04196588
0,1,0.5908997
0,0,0.3865554
0,0,0.04130706
0,0,0.033322275
0,0,0.2790261
0,1,0.71077603
0,1,0.6688039
0,0,0.13104217
0,0,0.35402673
0,1,0.7435389
0,0,0.45557004
0,0,4.4894885e-05
0,0,0.2778721
0,0,0.029327424
0,0,0.14485739
0,1,0.80743307
0,0,0.08544379
0,0,0.11901636
0,1,0.739883
0,1,0.7445462
0,0,0.0003378733
0,0,0.24318238
0,0,0.10652256
1,0,0.35601673
0,0,0.016820183
0,0,0.31811473
0,0,0.041849244
0,1,0.6184886
0,0,0.00017846996
0,1,0.51763135
1,1,0.8492771
0,0,0.47628772
0,1,0.7528474
0,0,0.01523272
0,1,0.84980476
0,0,0.13956347
0,0,0.22383545
0,0,0.15626194
0,1,0.65619683
0,0,0.02199649
0,0,0.13335977
0,0,0.30064338
0,1,0.6908707
0,0,0.0024024188
0,1,0.7951198
0,1,0.8818832
0,0,0.2952304
0,0,0.13255565
1,1,0.7172627
0,0,0.22114164
0,1,0.5434417
0,0,0.06086796
0,0,0.2632729
0,0,0.02078589
0,1,0.6985441
0,0,0.083485216
0,0,0.3003203
0,0,2.6064115e-05
0,0,0.17747603
0,0,0.10872844
0,1,0.85363585
0,1,0.7050944
1,1,0.87502116
0,0,0.48726952
0,0,0.19648819
0,0,0.45785016
0,0,0.13518348
1,0,0.038205434
0,1,0.8899256
0,0,0.1958583
0,0,0.013027312
0,0,0.031747
1,0,0.29888192
0,0,0.013993786
0,0,0.10388576
0,0,0.006708729
0,0,1.218741e-05
0,1,0.57735455
0,0,0.03291685
1,1,0.69254726
0,1,0.66097456
0,0,0.012809005
0,0,0.076188
0,0,0.0031066595
0,0,0.0004186342
0,0,0.035582658
0,0,0.1353141
0,1,0.8005717
1,1,0.5983331
1,1,0.7643592
1,1,0.6882398
0,0,0.013200541
0,0,0.04919716
0,1,0.5766999
0,0,0.014319898
0,0,0.03580313
0,0,0.07928544
0,1,0.50609446
0,0,0.42848673
0,0,0.036779728
0,0,0.4962816
0,1,0.8047904
0,0,0.16104414
0,0,0.2528561
0,0,0.011006187
0,0,0.039961565
0,0,0.05818505
0,0,0.041934576
1,1,0.7216801
0,0,0.4974074
0,0,0.008381912
0,0,0.10923221
0,0,0.008117307
0,0,0.02543308
0,0,0.100853495
0,1,0.8701938
0,0,0.3668914
0,0,0.4661097
0,0,0.4084595
0,0,0.39149106
0,1,0.9054137
0,0,0.034934442
0,0,0.025726553
0,0,0.0012559533
0,1,0.66135716
0,0,0.055949
0,0,0.062098607
0,1,0.743159
1,1,0.55240405
0,0,0.45869425
0,0,0.25778714
0,0,0.0882339
0,0,0.077885315
0,0,0.49640247
0,0,0.35779786
0,0,0.020302717
0,0,0.07592034
0,1,0.68432647
0,1,0.5517404
1,1,0.86031973
0,0,0.34826738
0,0,0.013561677
1,0,0.29796192
0,0,0.07971178
0,0,0.4748271
0,0,0.29083607
0,0,0.15271664
0,0,0.031865474
0,0,0.23146601
0,0,0.018962959
0,0,0.4389121
0,1,0.7556194
0,0,0.08502731
0,1,0.80676264
0,0,0.00034701315
0,1,0.8817553
0,0,0.05730397
0,0,0.018368369
0,0,0.00010921409
0,0,0.24352941
0,1,0.73145753
0,0,0.37332088
0,1,0.9050308
0,0,0.48256263
0,0,0.40997258
0,0,0.49472514
0,0,0.08368722
0,0,0.24613157
0,1,0.5169548
0,1,0.7715363
0,0,4.341871e-05
0,0,0.03679658
0,1,0.7265968
0,0,0.027539987
0,0,0.045652512
0,0,0.026100138
0,0,0.05543067
0,0,0.1354786
0,1,0.5724255
0,0,0.3646125
0,0,0.20172776
0,0,0.021129562
0,0,0.038693417
0,0,0.17795384
0,1,0.6364985
0,0,0.051181328
0,0,0.08462975
0,0,0.49717328
0,0,0.012139551
0,0,0.0034561716
0,0,0.021313958
0,0,0.16990697
0,0,0.115582116
0,1,0.8680106
0,0,0.3808925
0,0,0.076270975
0,1,0.7776759
1,1,0.6671757
0,0,0.008730438
1,0,0.019075658
0,0,0.24928658
1,1,0.8684524
0,1,0.61769426
0,0,0.0780368
0,1,0.70825374
1,1,0.7883537
0,0,0.2593951
0,0,0.19908018
1,1,0.6571738
0,0,0.26449984
0,0,0.0016595742
0,0,0.16206256
0,0,0.0013770262
0,0,0.29503262
0,0,0.009561282
0,0,0.46208775
0,1,0.5735944
0,0,0.108205564
1,1,0.91011024
0,0,4.341871e-05
1,1,0.69346
0,0,0.08164303
0,0,0.024050884
0,0,0.37806946
0,0,0.21048397
0,0,0.049555525
0,0,0.33604893
0,0,0.25134298
0,0,0.052691326
0,0,0.0003378733
0,0,0.2852696
0,0,0.28356284
0,1,0.5850252
0,1,0.83466256
0,1,0.7960092
0,0,0.062127307
0,0,0.40800163
1,1,0.8446956
0,0,0.13162209
0,0,0.011365904
0,0,0.0019408395
0,0,0.12473179
0,0,0.33245245
0,0,0.015610788
0,0,0.28462794
0,0,0.32987094
0,0,0.415994
0,0,0.044746526
0,0,0.45209444
0,0,0.006228697
0,1,0.5035465
1,0,0.46522933
0,0,0.025839036
0,0,0.0124942
0,0,0.43587112
0,0,6.283753e-05
0,0,0.013027312
0,1,0.68776184
0,0,0.03057258
0,0,0.052077334
0,0,0.029914057
0,0,0.045283005
0,0,0.016670752
0,0,0.037143596
0,0,0.19369718
1,1,0.8330369
0,1,0.56827956
0,1,0.86209655
0,0,0.19317663
0,0,0.18743037
0,1,0.74078
0,0,0.073761776
0,0,0.012438736
0,0,0.42847666
0,0,0.46454814
0,0,0.08440501
0,0,0.1054727
0,1,0.70825374
0,1,0.52865624
0,1,0.77600276
0,1,0.8546517
0,0,0.04853612
0,0,0.032977995
0,0,0.10663264
0,1,0.79017246
0,0,0.096676596
0,0,0.13909023
1,1,0.92081165
0,0,0.08335145
0,0,0.082626395
0,0,0.038614552
0,0,0.14899305
0,1,0.7346617
0,1,0.77814865
0,0,0.004323292
0,1,0.7619465
0,1,0.8946925
0,1,0.80919087
0,0,0.31712273
0,1,0.73748064
0,0,0.009742556
1,0,0.4789325
0,0,0.42764255
0,1,0.5552686
0,0,0.0015358303
0,1,0.7908821
0,0,0.008289297
0,0,0.034894645
0,0,0.00860717
0,1,0.80647933
0,0,0.04816034
0,0,0.0038380001
0,1,0.60005355
0,0,0.0010140868
0,0,0.1531141
0,1,0.81660855
0,0,0.13743846
0,0,0.08750344
0,0,0.00013611952
0,0,0.114363335
0,0,0.061907697
0,0,0.18252395
0,1,0.7284353
1,1,0.784274
0,1,0.596019
0,1,0.76467305
0,1,0.7992694
0,1,0.8310201
0,0,0.41998234
1,1,0.71418667
0,1,0.62902397
0,1,0.6193823
0,0,0.017298993
0,1,0.5164033
1,0,0.35337648
0,1,0.5567742
0,0,0.008446785
0,0,0.33910635
0,0,0.40862337
0,0,4.5198212e-05
0,0,0.21597019
0,0,0.028943699
0,0,0.00032917905
1,0,0.2547492
1,1,0.8116019
0,0,0.0048670224
0,0,0.004348914
1,1,0.66097456
0,0,0.44438446
0,0,0.30332634
1,1,0.7548124
0,0,0.016741492
0,0,0.06881941
1,1,0.71972305
1,1,0.53565204
0,0,0.33816874
0,1,0.7672898
1,1,0.86168873
0,1,0.55562055
0,0,0.02319249
0,0,0.18317716
0,1,0.6067137
0,0,0.1001033
0,0,0.34136966
0,0,0.15474504
0,0,0.02854568
0,0,0.12301696
0,0,0.13335977
0,0,0.30910733
0,0,0.19557297
0,1,0.6019091
0,1,0.5570547
0,0,0.1139842
0,0,0.29865178
0,0,0.029762909
0,1,0.6068676
0,1,0.5561013
0,0,0.028029647
0,1,0.651422
0,0,0.16423877
0,1,0.7820241
0,0,0.06791987
0,1,0.59269196
0,0,0.3133399
0,1,0.60251296
0,0,0.29656348
0,1,0.8801039
0,1,0.64560765
0,1,0.59697384
0,0,0.41024795
1,1,0.7396205
0,0,5.5069628e-05
0,0,0.26354036
0,0,0.33116788
0,0,0.44425285
0,0,0.002366438
0,0,0.0021912751
0,1,0.77473146
1,1,0.690365
0,0,0.0009907938
0,0,0.38807398
0,1,0.68208987
1,1,0.84405214
0,0,0.03427292
0,0,0.41584107
0,1,0.70166034
0,1,0.918486
0,0,0.4442743
1,0,0.0053402027
0,0,0.42218035
0,0,0.09071583
1,1,0.75385195
1,1,0.6267343
1,1,0.8747463
0,1,0.66733164
0,0,0.0063487203
0,0,0.08706007
0,0,0.0023168428
0,0,0.024150692
0,1,0.64146614
0,0,0.39480478
0,0,0.13604297
0,0,0.03213088
0,0,0.44113332
0,0,0.0018406968
0,1,0.5495587
0,0,0.46294257
0,0,0.01955386
1,1,0.7469798
0,1,0.9124465
0,0,0.48534894
0,1,0.5775571
0,1,0.65981567
0,1,0.73419666
0,0,0.42869458
0,0,0.1351922
0,0,0.30491635
0,1,0.686594
0,1,0.82787377
0,0,0.002692244
1,1,0.8753334
0,0,0.0016173789
0,0,0.023241665
0,0,0.46377376
0,0,0.26232862
0,0,0.3791387
0,0,0.22798915
1,1,0.863784
0,0,0.43391958
0,0,0.23643644
0,0,0.40340692
1,1,0.91854185
0,0,0.06968851
0,0,0.041552648
0,0,0.0056112306
0,0,0.0012960648
1,1,0.7072798
0,0,0.30502337
0,0,0.42958272
0,0,0.080571786
0,0,0.41773024
0,0,3.386797e-05
0,0,0.0038663724
0,1,0.7426855
0,0,0.14938465
0,1,0.8137016
0,0,0.0091749355
0,1,0.5708526
1,0,0.08048134
0,0,0.35122517
0,0,0.44729963
0,1,0.67078006
0,0,0.009922861
0,1,0.6926494
0,0,0.021216633
0,0,0.003562162
0,0,0.37676203
0,0,0.21479106
0,1,0.5722758
0,0,0.11043529
0,0,0.3134067
1,0,0.250958
0,0,0.38566354
0,0,0.012702886
0,0,0.01955153
0,0,0.0023844356
0,1,0.84098446
0,0,0.054062538
0,1,0.8581375
0,0,0.18559477
0,0,0.2741595
1,1,0.57857674
0,0,0.1531141
0,1,0.8642314
0,1,0.5818177
0,0,0.0009295435
0,0,0.17274657
0,0,0.059772197
0,1,0.8115643
1,0,0.4969279
0,1,0.8682231
0,0,0.40183324
0,1,0.76606816
0,0,0.008256267
0,0,0.31080908
1,1,0.7290244
0,0,0.025411237
0,0,0.08309149
0,1,0.7004396
1,1,0.83163655
1,1,0.5890545
1,1,0.5259747
1,0,0.06473276
0,0,0.010253532
0,1,0.68032134
0,0,0.19769369
0,0,0.2870371
0,0,0.22517534
0,1,0.8609668
0,1,0.700258
0,0,0.013785539
0,0,0.03548451
0,0,0.41286454
0,0,0.0029196786
0,1,0.5973671
0,0,0.14387318
0,0,0.06563867
0,0,0.07981836
0,0,0.035164572
0,0,0.3736937
0,1,0.63325256
0,1,0.8444781
0,0,0.022222163
0,1,0.58992
0,1,0.8076584
0,0,0.021511437
0,0,0.3121853
0,0,0.16593115
0,0,0.0031241253
0,0,0.0005403934
0,0,0.022412539
1,1,0.5270103
0,0,0.20283872
0,0,0.26112458
0,1,0.8509547
0,0,0.4823146
0,0,0.012168502
0,1,0.78620845
0,0,0.043847818
0,0,0.4994668
0,1,0.6021633
0,1,0.67608804
0,0,0.17933603
0,0,0.03899574
0,0,0.33274716
0,1,0.71483463
1,1,0.7214691
0,0,0.00024667743
0,0,0.041754056
0,1,0.7780278
0,1,0.7408546
0,0,0.047668308
0,0,0.009089056
0,1,0.618941
0,0,0.39362
1,1,0.91197187
0,0,0.037207846
0,0,0.34859622
0,0,0.011987703
1,1,0.7269098
0,1,0.5902774
0,0,0.056243304
0,0,0.029826017
0,1,0.80164737
1,0,0.121896796
0,0,0.029558657
0,1,0.625094
0,1,0.743745
0,0,0.0042378167
1,1,0.6396617
0,0,0.16315632
0,1,0.8122488
1,0,0.20659609
0,0,0.08547845
0,1,0.6586672
0,0,0.37143663
0,0,0.098833136
0,0,0.4510495
0,1,0.6314145
0,1,0.6632761
0,0,0.31712273
0,0,0.13469043
1,0,0.33404884
0,0,0.29721722
0,0,0.052964717
0,0,0.24605352
0,0,0.37466136
1,0,0.051982623
0,1,0.6017346
0,0,0.015625179
0,1,0.6413879
0,0,0.3491132
0,0,0.1369861
0,0,0.2517175
0,1,0.7724913
1,0,0.3467144
0,0,0.12474203
0,0,0.12618919
0,1,0.53303117
0,0,0.16489896
0,0,0.42259088
1,1,0.91526794
0,1,0.842302
0,0,0.049705002
0,1,0.7271144
0,0,0.0059752725
0,0,0.025597062
1,1,0.75460935
0,0,0.29526052
0,0,0.41722348
0,1,0.7323239
0,0,0.02764042
0,0,0.00012047753
0,1,0.815236
0,1,0.59886813
0,0,0.121976346
0,0,0.19041607
0,0,0.051282603
0,0,0.09397212
0,0,0.2580302
0,1,0.52766204
0,1,0.6659442
0,0,0.113532774
0,0,0.3132649
0,0,0.4204473
0,0,0.4636747
1,1,0.8743215
0,1,0.7064515
0,0,0.003146271
0,1,0.60762113
0,0,0.35766968
0,0,0.2884556
0,1,0.5144656
0,0,0.001822705
0,0,0.2239281
0,1,0.62197936
0,1,0.79111814
0,0,0.3531277
1,0,0.14565518
0,0,0.3290972
0,1,0.7298787
0,0,0.48360312
0,0,0.048608232
0,0,0.04231497
0,1,0.8729304
0,0,0.0572056
0,0,0.43720526
0,0,0.40399668
0,0,0.0047892793
1,0,0.20001616
0,1,0.6924831
0,1,0.7836541
0,1,0.7675203
0,0,0.016239299
1,1,0.6673648
0,1,0.5445545
0,0,0.062211014
0,0,0.32516629
1,0,0.3049779
0,0,0.11654177
1,0,0.29870868
0,1,0.8423624
0,0,0.061264664
0,0,0.00073298416
0,1,0.79386187
0,0,0.0219888
0,0,0.01085968
0,1,0.78044415
0,1,0.62936985
0,0,0.0011774875
0,0,0.12635823
0,0,0.09141747
0,0,0.00567324
0,1,0.66580236
0,0,0.23138776
0,0,0.057398405
0,0,0.34917513
0,0,0.010437933
0,0,0.02915629
0,0,0.042668924
0,0,0.30577365
0,0,0.09335093
0,1,0.85481775
0,1,0.55990314
0,1,0.8717134
0,0,0.00019668273
0,0,0.17084172
0,1,0.73270196
0,0,0.057850376
0,0,0.31022233
0,0,0.021062158
0,0,0.12080313
0,0,0.0038186999
0,0,0.044391524
0,0,0.028562786
0,0,0.21889271
0,0,0.00014874626
0,0,0.02678525
0,1,0.64771384
0,0,0.16017129
0,0,0.09175245
0,1,0.89572346
0,0,0.002521687
0,0,0.03119808
0,0,0.4872153
0,0,0.16506493
0,0,0.00016096566
0,0,0.057236325
0,1,0.7302575
0,1,0.7305298
0,0,0.3675505
1,1,0.7925159
0,0,0.48973408
0,0,0.17671457
1,1,0.77405053
1,1,0.5604625
0,0,0.28751823
0,0,0.16646625
0,0,0.32165882
0,1,0.8984799
1,1,0.8511762
0,1,0.7111108
0,0,0.33118537
0,0,0.32055914
0,0,0.30533975
0,0,0.07228814
0,1,0.8084947
0,1,0.57455456
0,0,0.00015056612
0,0,3.386797e-05
0,1,0.78608423
0,0,0.059855353
0,0,0.07212594
0,0,0.004361711
0,0,0.045140535
0,0,0.007285293
0,0,0.33667842
0,0,0.20619133
0,0,0.2843765
0,0,0.0058420375
0,1,0.6966524
0,0,0.46017766
0,0,0.012554127
0,0,0.14064752
0,0,4.5198212e-05
0,0,0.020839319
0,0,0.054138727
0,1,0.6141972
0,0,0.48743138
0,0,0.017558819
0,0,0.02420743
0,0,0.42353427
0,0,0.36230314
0,0,0.3402732
0,1,0.55430746
0,0,0.06444363
0,0,0.4670671
0,1,0.6225939
0,1,0.5487057
0,1,0.5482933
0,0,0.18518755
0,0,0.042396218
0,0,0.061219957
0,1,0.7450112
0,0,0.020768603
1,1,0.84795064
0,1,0.682395
0,1,0.69615966
0,0,0.21992357
0,0,0.12550974
1,0,0.4032343
0,1,0.74508154
0,0,0.006305482
0,0,0.3612944
0,0,0.08380868
0,0,6.717112e-05
0,1,0.602701
0,1,0.737255
0,0,0.18237957
0,1,0.5998819
0,0,0.2019579
0,0,0.19612764
0,1,0.58364475
0,1,0.6322147
0,0,0.49387923
1,1,0.9233387
0,1,0.5851102
0,0,0.085570194
0,0,0.23481347
0,0,0.0005830012
0,1,0.8397942
0,0,0.0037456073
1,1,0.9076884
0,0,0.027306154
0,0,0.17043272
0,0,0.15668605
0,0,0.0069118985
0,0,0.10130062
0,0,0.36759016
0,0,0.012308199
0,0,0.25019976
0,0,0.025721902
0,0,0.38908663
0,1,0.5991156
1,1,0.919806
0,0,0.10021175
0,0,0.0015773644
0,0,0.004186645
0,0,0.0060401605
0,1,0.8770474
0,0,0.016480476
1,1,0.7760466
0,0,0.23173091
0,0,0.00014096613
0,1,0.91939026
0,1,0.8477894
0,0,0.2196276
0,0,0.41279873
0,0,0.09406472
0,0,0.07037907
0,0,0.004361711
0,0,0.10248036
0,0,0.31571722
0,1,0.78876936
0,0,0.24006371
0,1,0.6052558
0,0,0.07294355
0,0,0.00020124004
0,0,3.386797e-05
0,1,0.77096146
1,0,0.062343426
0,0,0.00064165884
0,0,0.30200207
0,0,0.21177813
0,0,0.006838027
0,0,0.039190978
0,0,0.15511294
0,0,0.013567376
0,1,0.89416873
0,0,0.022651415
0,1,0.7149425
0,0,0.07430434
0,1,0.5540998
0,0,0.004664142
0,0,0.0780368
0,0,0.38553026
0,0,0.26362535
0,1,0.8949311
1,1,0.5624669
0,0,0.3938535
0,0,0.1353408
0,0,0.096051425
0,0,0.038846787
0,0,8.175677e-05
0,0,0.0055109644
0,0,0.17505373
1,0,0.4249296
0,1,0.730837
0,0,0.02374345
0,0,0.4462276
0,0,0.0051374366
0,0,0.019990452
0,0,0.005870287
0,0,0.24143158
1,1,0.9258786
0,1,0.7200386
0,1,0.72364396
0,0,1.218741e-05
0,0,0.07368304
0,0,0.11095714
0,0,0.15116043
0,0,0.0032406652
0,1,0.65741307
0,1,0.8021306
0,0,0.33758077
0,0,0.3394991
0,0,0.022431668
0,0,0.13162209
0,0,0.031419225
0,0,0.43653408
0,0,0.36655506
0,1,0.75115174
0,0,0.0053402027
0,0,4.5198212e-05
0,1,0.5873745
0,0,0.18591176
0,0,0.0060182796
1,1,0.78762597
0,0,0.25466174
0,0,0.12595108
0,1,0.57618713
0,0,0.00030832132
0,1,0.546978
0,1,0.5883314
0,0,0.119892366
0,0,1.218741e-05
0,0,0.2638325
0,0,0.041379686
1,0,0.096766576
0,0,0.3619823
0,0,0.015448765
0,0,0.25411972
0,0,0.008595789
0,0,4.5198212e-05
0,0,0.057511687
0,0,0.0010680611
1,0,0.20718502
1,0,0.14843191
0,0,0.023624513
0,0,0.20474246
1,1,0.8453038
0,1,0.8059262
0,0,0.024131168
0,0,0.05434818
0,0,0.49746165
0,0,0.12854701
0,0,0.00013611952
0,0,0.12491377
0,0,0.24011594
0,1,0.8337674
0,0,0.006244827
0,0,0.11417063
0,0,0.054580625
0,0,3.386797e-05
0,1,0.6042463
0,0,0.0022381255
0,0,0.016273186
1,1,0.5619424
0,0,0.05654593
0,0,0.041866496
0,0,0.19349584
1,1,0.8260725
0,0,0.120116174
0,1,0.704851
0,0,0.032376844
0,0,0.0663048
0,0,0.00032251305
0,0,0.11233672
0,0,0.32935548
0,0,0.41577613
0,0,0.35977176
0,1,0.52546734
0,0,0.037659824
0,1,0.7718942
1,1,0.7664678
0,0,0.011651319
0,0,0.035805907
0,0,0.0087822545
0,1,0.5246736
1,1,0.8348753
0,0,0.30630562
0,1,0.5961396
0,0,0.10145817
0,1,0.7701092
0,0,0.010170393
0,0,0.00012047753
0,0,0.29176953
0,1,0.73566043
0,1,0.6171148
0,0,0.001994147
0,0,0.00568688
0,0,0.1757403
0,0,0.46349433
0,0,0.0071815182
0,0,0.02875809
0,1,0.5331365
0,1,0.6043273
0,0,0.005428915
0,0,0.2527655
1,0,0.21681182
1,1,0.75324094
0,0,3.386797e-05
0,1,0.81578666
0,0,0.0011881194
0,0,0.04557805
0,0,0.066464685
0,1,0.8179922
0,0,0.014005161
0,1,0.8877995
0,0,0.1232406
0,0,2.6747566e-05
0,0,0.054533288
0,1,0.6637437
0,1,0.6451696
0,0,0.012226679
0,0,0.19497594
1,1,0.7037939
0,0,0.33672327
0,0,0.0035277838
1,1,0.781119
0,0,0.22278179
0,1,0.7775065
0,0,0.062425897
0,0,0.07051263
0,1,0.50949496
0,0,0.16707923
0,0,0.27016866
0,0,0.040682692
0,0,0.032181572
1,1,0.54670596
0,1,0.7725314
0,0,3.386797e-05
0,0,0.0833127
0,0,0.068859465
0,0,0.0009379194
0,0,0.16090049
0,0,0.14297965
0,0,0.4118359
0,0,0.1992211
0,0,0.04112273
0,0,0.00013611952
0,0,0.39069232
0,1,0.6827744
0,0,0.16051559
0,0,0.03987801
0,0,0.25019976
0,0,0.39930093
0,0,0.13904771
0,1,0.8690671
0,1,0.7068175
1,1,0.6330105
0,0,0.016239299
1,1,0.81570745
1,1,0.82189363
0,0,0.09823506
0,0,0.23610286
0,0,0.01063854
0,0,0.018773092
0,1,0.7009095
0,0,0.49832526
0,0,0.06604785
0,0,0.05741087
1,0,0.47910833
0,1,0.80660206
0,0,0.0501904
0,1,0.5642029
0,0,0.0022200276
0,1,0.6172038
0,0,3.386797e-05
0,0,0.04796016
0,1,0.8126489
0,0,0.005906697
0,0,0.021362726
0,1,0.8375324
0,0,0.04850494
0,0,0.000987051
0,0,0.22383545
0,0,5.6472672e-05
0,0,0.0058379094
0,0,0.23263176
0,0,0.00042304085
0,0,0.48340595
1,1,0.89455557
0,0,0.068383485
0,0,0.29811767
0,0,0.099504195
0,1,0.622523
0,0,0.047671307
0,0,0.13080114
0,0,0.4780901
0,1,0.77620685
0,0,0.034622263
0,0,0.19718345
0,0,0.049952004
0,1,0.671075
0,0,0.18080296
0,0,4.977132e-05
0,0,0.100425705
0,0,0.010208982
0,1,0.78871006
0,1,0.7898293
0,0,0.031195806
0,1,0.8669003
0,0,0.3559289
1,0,0.040017936
0,1,0.6118453
0,1,0.7774258
0,0,0.05947216
0,1,0.5580971
0,0,0.17461377
0,1,0.8080761
0,1,0.6705754
1,1,0.8049215
0,0,0.0048873676
0,0,0.0074457396
0,1,0.8221799
0,0,0.092269465
0,0,0.22200528
0,0,0.0014174255
0,0,0.006228697
0,0,0.23808376
0,1,0.81426173
0,0,0.014613307
0,0,0.27310932
0,1,0.92073345
1,0,0.48151326
0,0,0.21070065
0,0,0.0011551958
0,0,0.24154359
0,0,0.053256195
0,0,0.035805907
1,1,0.5876573
0,0,0.012447619
0,0,0.23830503
0,1,0.8569814
0,0,0.24027894
0,0,0.29633158
1,0,0.37414694
0,1,0.6088909
0,1,0.51746786
0,0,0.14316192
0,0,0.18110393
0,0,0.009818102
1,1,0.6816668
0,0,0.17106895
0,0,0.23228416
0,1,0.5374295
1,1,0.7844506
0,0,0.08542341
0,0,0.16166861
0,1,0.8273759
0,0,0.050178386
0,0,0.10676703
1,1,0.65233946
0,0,3.9323193e-05
0,1,0.7851804
0,1,0.87991667
0,0,0.111279234
0,0,0.3201341
0,0,0.3687605
0,1,0.6080381
0,1,0.86398476
0,0,0.040781733
0,0,0.013777348
0,1,0.52341616
0,0,0.051449135
0,0,9.746786e-05
0,0,0.26169568
0,1,0.5964529
0,0,0.31459248
0,1,0.6475862
0,0,0.05576327
0,0,0.022682255
0,0,0.09617968
0,1,0.70979357
0,1,0.8509837
0,1,0.7120859
0,0,0.30264062
0,1,0.59507895
0,0,0.0123229595
0,1,0.5557282
0,0,0.4890834
0,0,0.2833302
0,1,0.83820164
0,1,0.53915364
0,0,0.12307403
0,0,9.746786e-05
0,1,0.7899137
0,0,0.4077165
0,0,0.08026676
0,1,0.9070041
0,0,0.08811978
0,0,0.4567285
0,0,0.01566595
0,0,0.03443188
1,1,0.5594443
0,0,0.2942364
0,1,0.7942506
0,1,0.5867549
0,0,0.2578091
0,0,0.17431258
0,0,0.43164137
0,0,0.27895176
0,0,0.3797476
0,0,0.20243907
0,0,0.35015538
0,0,0.098662905
0,0,0.060666252
0,0,0.0053787865
0,0,0.019384516
0,0,0.46026164
0,1,0.57514673
0,0,0.0033953243
0,0,0.2204912
0,0,0.0037730413
0,0,0.24550474
0,0,0.0083077215
0,0,0.05869819
0,0,0.00017327412
0,1,0.521491
1,1,0.7820713
0,1,0.61589843
0,0,0.3141955
0,1,0.80863965
0,1,0.58985746
0,0,0.04816034
0,1,0.66281676
0,1,0.8231706
0,1,0.8458875
0,0,0.09561189
0,0,0.43357387
0,0,0.059031144
0,0,0.08439536
0,0,0.124715485
1,1,0.6772386
0,0,0.013243606
0,0,0.0300602
0,0,5.4464428e-05
0,0,0.30645728
0,0,0.000485728
0,1,0.7254868
0,0,0.11258995
0,1,0.6482482
1,1,0.5840048
0,0,0.10720046
0,0,0.19404379
0,1,0.6401792
0,0,0.3952826
0,0,0.21160868
0,0,0.004361711
0,0,0.085981816
0,1,0.56052274
0,0,0.38589352
0,0,0.13660043
0,1,0.6396617
0,0,0.04860467
0,0,0.0029489696
0,0,0.0025771717
0,0,0.020523403
0,0,0.3259089
0,0,0.00039388466
0,0,0.020206003
0,1,0.6063208
0,1,0.66118586
0,0,0.10928026
1,0,0.43871674
0,0,0.04580321
0,1,0.6331224
0,1,0.6330733
1,0,0.41770658
0,0,0.0036358158
0,0,0.26082066
0,0,0.1744312
0,1,0.794171
0,0,0.004361711
0,0,0.01103076
0,1,0.57038254
0,0,0.3240203
1,1,0.83493197
0,1,0.8017888
0,0,0.09806391
1,1,0.74247926
0,0,0.16742814
0,0,0.027463302
0,0,0.25715294
0,1,0.53130764
0,0,0.014831189
0,0,0.015876094
0,1,0.6245086
0,0,0.2622594
0,0,0.34165525
0,0,9.6836135e-05
0,1,0.637098
0,0,0.028723063
1,0,0.22832575
0,1,0.66479427
0,0,0.039964702
0,1,0.8019676
0,1,0.79658026
0,0,0.28244954
0,1,0.78656006
1,0,0.05119857
0,0,0.19646733
0,1,0.5933789
1,1,0.558569
0,1,0.57165515
0,0,0.36300415
1,1,0.7384793
0,1,0.7361913
0,0,0.049757957
0,0,0.013552119
0,1,0.8068298
0,0,0.072869614
0,0,0.059477467
0,0,0.025608346
0,0,0.31619018
1,1,0.79888403
0,0,0.061958678
0,0,0.021572215
0,0,0.281864
0,1,0.63314015
0,0,0.1278171
0,0,0.27845666
0,1,0.5826212
0,1,0.80062944
0,0,0.4398592
1,1,0.868766
0,0,0.20385835
0,0,0.011973209
0,0,0.15455364
0,1,0.6996167
0,0,0.1199638
0,0,0.16630986
0,0,0.24865891
0,0,0.016985668
0,0,0.4131314
0,0,0.044746526
0,0,8.175677e-05
0,1,0.7573507
0,0,0.12042113
0,0,0.072509795
0,0,0.20794974
0,0,1.218741e-05
0,0,0.00013611952
1,0,0.26459774
1,0,0.105852365
0,1,0.7269348
0,1,0.82907826
0,0,0.4655407
0,0,2.9354142e-05
0,1,0.5288708
1,1,0.7115763
0,1,0.9268694
0,0,0.24683435
1,1,0.63301843
0,1,0.7699376
0,0,0.024178844
1,1,0.7927496
0,0,0.07973494
0,0,0.49973395
0,0,0.4536739
0,0,0.217997
0,0,0.20759977
1,1,0.5913187
0,0,0.32747453
1,1,0.73137206
0,0,0.2104329
0,0,0.4629918
0,1,0.8278888
0,1,0.5072434
0,0,0.34202588
0,0,0.28327852
0,0,0.024412254
0,1,0.6663304
0,1,0.8796382
0,1,0.6498622
0,0,3.386797e-05
0,0,0.0017229797
0,1,0.82983315
0,0,0.12320444
0,0,0.117788225
0,0,0.1750067
0,1,0.815955
0,0,0.04553169
0,1,0.72154164
0,1,0.6991105
0,0,0.24719186
0,0,0.22683081
0,0,0.20727585
1,0,0.21854727
0,1,0.82630444
1,1,0.83421165
0,1,0.90478283
0,0,0.005564904
0,0,0.0033723658
0,0,0.048672386
0,1,0.9077046
0,0,0.007877523
0,1,0.68584675
0,1,0.7008449
0,0,0.02948314
1,0,0.2605308
0,1,0.6404593
0,0,0.36234584
0,1,0.5643965
0,0,0.022052376
0,0,0.084544264
0,0,0.06735068
0,1,0.7705819
0,0,0.033198025
1,0,0.43098316
0,0,0.35955018
1,1,0.7607387
1,1,0.7467296
0,0,0.22610994
0,0,0.2636533
0,0,0.077973664
0,0,0.20856866
0,0,0.10345048
0,0,0.32712492
0,0,0.040042713
0,1,0.59053105
0,0,0.13683842
0,0,0.21159087
0,1,0.6422561
0,0,0.0021393185
0,0,0.23664834
0,0,0.015552202
0,0,0.009329891
0,0,0.45919025
0,0,0.012533691
0,0,0.13313499
0,0,0.17717862
0,1,0.7396072
1,1,0.9056976
0,1,0.69108135
0,0,0.31063887
0,0,0.13577211
0,1,0.88584477
0,0,0.051138725
0,0,0.21274365
0,0,0.4265253
0,1,0.58565056
0,0,0.16916211
0,0,0.09383403
1,1,0.85674125
0,0,0.1440253
0,0,0.056283902
0,0,0.0054269484
0,0,0.019443698
1,1,0.6844189
0,0,0.012560188
0,0,0.48811013
0,0,0.086995326
0,1,0.78500956
0,1,0.74254054
0,1,0.55059403
0,0,2.6155498e-05
0,1,0.5172383
0,0,0.2573084
0,0,0.19011441
0,0,0.0002380589
0,0,0.4055443
0,1,0.8424294
0,0,0.29725608
0,0,0.021654423
0,0,0.43054968
0,0,0.105915524
0,0,0.03170311
0,0,0.4890415
0,0,0.004915506
0,1,0.67672706
0,0,0.02016037
0,0,0.2865051
0,0,2.6957137e-05
0,0,0.014595967
0,0,0.34682012
0,0,0.08167634
1,1,0.826564
0,1,0.88049316
0,0,0.13732131
0,0,0.017420761
0,0,0.09497942
0,1,0.64976925
0,1,0.78261876
1,1,0.81415796
0,0,0.09364874
0,1,0.8786588
0,0,0.02083557
1,1,0.75043505
0,0,0.14839363
1,1,0.9141887
0,0,0.15908526
0,1,0.53289276
0,0,0.14357351
0,0,0.03881724
0,0,0.47492427
0,0,0.039801
0,0,0.37938392
0,0,0.43804476
0,0,0.12526324
0,1,0.8390547
0,0,0.065231405
0,1,0.5346522
0,0,0.15769528
0,1,0.6076278
0,0,0.05252501
0,0,0.13986269
0,1,0.5979168
0,0,0.19818544
0,0,0.30023605
0,0,0.11380665
0,0,0.3825737
0,0,0.46561512
0,1,0.72663915
0,0,0.018368369
0,0,0.0036755044
1,1,0.6721607
0,0,0.0063310517
0,0,0.14734238
0,0,0.1086118
1,1,0.84781927
0,0,0.06586667
0,0,0.023116404
0,0,0.007815523
0,1,0.6430447
0,0,0.07871109
1,1,0.63301843
0,1,0.7374481
0,0,0.11874965
0,0,0.049351636
0,1,0.6262799
0,0,0.044020146
0,0,0.2845257
0,1,0.8526764
0,1,0.6217115
0,0,0.067993976
0,0,0.04199903
0,0,0.21768771
1,1,0.9328451
0,0,0.18455054
0,1,0.5120656
1,1,0.5636457
0,0,0.2622325
0,0,0.0064804796
1,1,0.91037494
0,0,0.22977124
0,0,0.22809386
0,0,0.3855385
0,0,0.04609167
0,0,0.0023551008
0,0,0.083009556
0,1,0.70493615
0,1,0.80745375
1,0,0.47958362
0,0,0.11609908
0,0,0.0046249656
0,1,0.64140654
1,1,0.8061695
0,0,0.2166611
0,0,0.02085814
0,0,0.020623036
0,0,0.35498524
0,0,0.1446471
0,0,0.26084358
0,0,0.26309353
0,0,0.41099417
0,0,0.06891056
0,0,0.003157629
1,1,0.51765627
0,1,0.9025696
0,0,0.21727873
1,1,0.62975806
0,1,0.6902384
0,1,0.75348234
0,1,0.6191434
0,0,0.094210535
0,0,0.14627679
0,1,0.7050563
0,1,0.6465975
0,0,0.317924
0,1,0.5410037
0,1,0.63441765
0,0,0.37362027
0,1,0.745538
0,0,0.19431245
0,0,0.07207617
0,0,0.0013829627
0,0,0.19145174
0,0,0.016821224
0,0,0.31262842
0,0,0.21627808
0,0,0.34163782
0,0,0.00212843
0,0,0.0059221187
0,0,0.14063518
0,0,0.019197203
0,1,0.66211724
0,0,0.08231161
0,1,0.6314487
0,1,0.75497097
0,0,0.2239281
1,1,0.92264
0,0,0.03953006
0,0,0.015109354
0,0,0.23287338
0,0,0.26900744
0,0,0.0016618011
1,1,0.55888283
0,0,0.012226679
0,1,0.8006825
0,1,0.7350083
0,0,0.14334479
1,0,0.33813196
0,0,0.033035994
1,1,0.66554767
0,0,0.01300499
0,0,0.03066009
1,1,0.8524043
1,1,0.8984799
0,0,0.008686413
0,0,0.14578734
1,1,0.615985
0,1,0.8152761
0,0,0.04149157
0,0,0.054909088
0,0,0.107361235
1,1,0.79676425
0,1,0.5835399
0,0,0.22137842
0,1,0.50351053
0,1,0.63735074
0,0,0.31397867
1,1,0.92935497
0,0,0.35980943
0,1,0.5402687
1,1,0.8127606
0,0,0.034984484
0,0,0.33418941
0,0,0.031209946
0,0,0.12427729
0,0,0.0023551008
0,0,2.9354142e-05
0,0,0.30369058
0,0,0.13111067
0,0,0.15147713
0,1,0.5912481
0,0,0.0010958471
0,0,0.32509696
0,1,0.6486013
0,1,0.5295118
0,0,0.4208522
1,1,0.5303897
0,0,0.0076645543
0,1,0.6462178
0,0,0.16346423
0,0,0.4798977
0,0,0.23517981
0,1,0.9104802
0,0,0.277405
0,0,0.020422254
1,0,0.31543693
0,0,0.29646164
0,0,0.018175686
0,0,0.03799781
0,0,0.38019073
0,0,0.1886322
0,1,0.84667456
0,0,0.11643672
0,1,0.55686784
0,0,0.011454232
0,0,0.00079919404
0,0,0.34115505
0,0,0.46741524
0,1,0.55949545
0,1,0.5831861
0,0,0.0066699134
1,1,0.82225865
0,0,0.0012407103
0,0,0.26338246
0,0,0.40248305
0,1,0.68613225
0,0,0.0033142145
0,0,0.34705007
0,1,0.50382453
1,1,0.7195108
0,0,0.29561287
1,1,0.57639736
0,0,0.011159804
0,1,0.54749006
0,1,0.7666089
0,0,0.4757316
0,1,0.6071658
0,1,0.7472862
0,1,0.5229448
0,0,0.02120152
0,0,0.10261254
0,0,0.008256267
0,0,0.016346613
0,0,0.49996483
0,0,0.02883032
0,0,0.010081331
0,0,0.021737866
0,1,0.74471474
0,0,0.017480526
0,0,0.21383111
0,0,0.4030028
0,0,0.31658718
1,0,0.18214002
0,0,0.33821562
0,0,0.02466765
0,1,0.5921949
0,0,0.42920205
0,0,0.008332937
0,1,0.69537044
0,0,0.27560207
0,1,0.78978753
0,0,0.008117307
0,0,0.0063487203
0,0,0.34905854
0,0,0.26640922
0,0,0.46647972
0,0,0.2853352
0,0,0.0345894
0,1,0.53497833
0,0,0.40330288
0,0,0.0033323683
0,0,0.22032738
0,0,0.020014301
0,0,0.0029489696
0,1,0.77875185
0,0,0.46944803
0,0,0.073836625
0,0,0.43294567
0,0,0.08280384
0,0,0.06819746
0,0,0.17105927
0,1,0.5759067
0,0,0.18018977
0,0,0.06658258
0,0,0.044047773
0,1,0.784656
0,0,0.012361107
0,0,0.0362909
0,1,0.66554767
0,0,3.386797e-05
0,1,0.509965
0,0,0.015054015
0,1,0.69356436
0,0,3.386797e-05
0,0,0.00644842
0,0,0.29652232
0,1,0.63857466
1,1,0.7942665
0,0,0.00018052754
0,0,0.037256606
0,0,0.035965066
0,0,0.08066701
0,1,0.53674465
0,1,0.56267536
0,0,0.39303893
0,0,0.002305338
1,1,0.54676545
0,0,0.42965403
0,0,0.027512359
0,0,0.45078328
0,1,0.57299525
0,0,0.3017462
0,1,0.86206543
0,0,0.049118157
0,0,0.06820371
0,0,0.38506556
1,0,0.33016855
0,0,0.17199452
0,0,0.08845662
1,1,0.83411825
1,1,0.9431365
0,0,0.0049587335
0,1,0.64655226
0,0,0.3493346
0,0,0.10418137
0,1,0.71444786
0,1,0.85069394
0,0,0.363811
0,0,0.011864816
0,1,0.82796067
0,1,0.93223184
0,0,0.29284793
0,0,0.044668924
0,0,0.21394596
0,0,0.1078411
0,0,0.40594366
0,1,0.59315145
0,1,0.54052794
0,0,0.077009544
0,1,0.774677
0,0,0.17826705
0,0,0.07190694
1,1,0.8291414
0,1,0.6825101
0,0,0.009166096
0,0,0.02569015
1,1,0.90422416
0,0,0.32677647
0,0,0.0007060711
0,0,0.02957874
0,0,0.41336432
0,0,0.06745344
0,0,0.21265356
0,0,0.4748886
1,1,0.5498142
0,1,0.52059495
0,0,0.05910286
0,1,0.5536189
0,0,0.25174323
1,1,0.7989689
0,1,0.8064679
0,0,0.43585518
1,1,0.8210972
0,0,0.49214295
0,0,0.45347905
0,1,0.8609668
0,0,0.19512106
0,0,0.0023551008
0,1,0.9027996
0,0,0.33147448
0,0,0.41587
0,0,0.07212256
0,0,0.45439467
0,0,0.44103873
0,0,0.07376472
0,0,0.05521279
1,0,0.0030651765
0,0,0.3402513
0,0,0.21239288
1,1,0.8399096
0,1,0.5054565
0,0,0.41987705
0,0,0.0003378733
0,0,0.10293724
0,0,0.012089076
0,0,0.10471156
0,0,0.0038284154
0,0,0.35667568
0,0,0.009349542
0,0,0.35317606
0,0,0.16463315
1,1,0.8190648
1,1,0.6953898
0,0,6.7762754e-05
0,0,0.035658084
0,0,0.32434306
0,0,0.18862437
0,0,0.14708307
0,0,0.058443625
0,1,0.7573036
0,0,0.0060182796
0,0,0.009696711
0,0,0.00165355
1,1,0.55646473
0,1,0.70749086
1,1,0.8243887
0,0,0.0048457133
0,0,0.21047671
0,0,0.45937017
0,0,0.47693118
1,0,0.37186345
0,1,0.8417555
0,1,0.7826902
0,1,0.7714907
0,0,0.028585361
0,0,0.04956058
0,1,0.6140446
0,0,0.36092672
0,0,0.005039087
0,0,0.076270975
0,1,0.5785383
0,0,0.3220788
0,1,0.87359077
0,0,0.009349542
0,0,7.991216e-05
0,0,0.06373851
0,0,0.01774677
0,0,0.22674164
0,0,0.44999745
0,0,0.041379686
0,0,0.0027468172
0,1,0.5284085
0,0,0.34012347
0,0,0.31102976
0,0,0.2428993
0,0,0.38553026
1,1,0.55551076
0,1,0.8823518
0,1,0.7811786
0,1,0.8405678
0,0,0.0085068615
0,1,0.52671075
0,0,0.058964517
0,0,0.030406015
0,0,0.42758155
0,1,0.5433696
1,1,0.70362365
1,1,0.68677807
0,0,0.07108806
0,0,0.4328207
0,0,8.915426e-05
0,1,0.61458355
0,0,0.1820785
0,0,0.1723727
0,0,0.12537728
0,0,0.0066137067
0,0,0.026244277
0,1,0.7092849
0,0,0.0065384596
0,0,0.036267675
0,0,0.00015056612
0,0,0.4913439
0,1,0.618307
0,0,0.084233165
0,0,0.016967604
0,0,0.375414
0,0,0.2895117
0,1,0.57885617
0,0,0.031647243
0,0,0.0005007445
0,0,0.010187649
0,0,0.005634685
0,0,0.021023842
0,0,0.059210222
0,0,0.021514129
0,0,0.008396188
0,0,0.02948314
0,0,0.22906156
0,0,0.105658665
0,0,0.099504195
0,0,0.29847565
0,0,0.0061511234
0,0,0.0026304615
0,0,0.079546444
1,1,0.60474616
0,0,0.02660501
0,0,0.053602107
0,0,0.033456158
0,0,0.00013015661
0,1,0.5360704
0,1,0.5239871
1,1,0.87545264
0,1,0.6243893
0,0,0.017866293
0,0,0.0067624063
0,0,0.19397314
0,1,0.8299608
0,0,0.009062284
0,0,1.218741e-05
0,0,3.386797e-05
0,0,0.0024935862
0,0,0.031726863
0,1,0.8236138
0,1,0.72663915
0,1,0.5955324
0,1,0.6507426
1,1,0.88706744
0,1,0.88924557
0,1,0.8694002
0,1,0.6645576
1,1,0.5507716
0,0,0.022946129
0,0,0.46030208
0,0,0.15378875
0,0,0.0005751868
0,0,0.33407003
0,1,0.6409185
0,1,0.7207221
0,0,0.081659876
0,0,0.16906796
0,0,0.4755651
0,1,0.70681566
0,1,0.63119334
0,0,0.012072607
0,0,0.011724853
0,1,0.61042434
0,0,0.4652566
0,0,0.08667024
0,0,0.00012961192
1,1,0.8326413
0,1,0.6788832
0,1,0.5394799
0,0,0.00032917905
0,0,0.44684654
0,1,0.932011
0,0,0.0016257355
0,1,0.59056306
0,1,0.6395877
0,0,0.015391551
0,0,0.107277445
1,1,0.75044674
0,0,0.11440695
0,0,0.15541968
0,0,0.06590077
1,1,0.91401744
0,0,0.26167637
0,0,0.38106
0,0,0.0040294686
1,1,0.76212466
0,1,0.7497417
0,0,0.12832232
0,1,0.6958138
0,0,0.000987051
0,0,0.1584871
1,0,0.3575816
0,0,0.3346808
0,0,0.112113565
0,1,0.5843757
1,0,0.19562994
1,1,0.86974925
1,1,0.8752681
0,0,0.020738455
0,0,0.000266093
0,0,0.4460028
0,1,0.5159991
0,0,0.016099295
0,0,0.153087
0,1,0.59114796
0,0,0.0031906536
0,1,0.8854031
1,1,0.89156866
0,0,0.31731465
0,1,0.8076245
0,0,0.10004472
0,0,0.018139336
0,0,0.2715436
0,0,0.48485443
0,0,0.0094442405
1,1,0.6050009
0,0,0.09171396
0,1,0.76333284
0,0,0.4786318
1,0,0.25961298
0,0,0.4609926
0,0,2.685599e-05
0,0,0.046270773
1,1,0.8880511
0,0,0.22848718
0,1,0.6347744
0,0,0.3386441
0,0,0.004951755
0,0,0.39058602
0,1,0.8117985
0,0,0.06007368
0,0,0.16409272
0,0,0.026975745
1,1,0.6641061
0,0,0.00919051
0,0,0.0020900548
0,0,0.33579576
0,0,0.29609385
0,0,0.012426172
1,1,0.74969214
0,0,0.2164413
1,1,0.67345154
0,0,0.16301024
0,0,0.26205942
0,0,0.0062147425
0,0,0.39699858
1,1,0.8514313
1,1,0.90527993
0,1,0.6756574
0,1,0.8461461
1,1,0.8283731
0,0,0.2550473
0,1,0.6096727
0,0,0.3571652
0,0,0.18508916
0,0,0.064993374
0,1,0.65187967
0,0,0.01411881
0,0,0.106930085
1,0,0.4942006
0,1,0.6219231
0,0,0.026054097
0,0,0.14515133
0,1,0.86640894
0,0,0.08635112
0,1,0.7504119
0,0,0.3661635
0,0,0.06538462
0,0,0.44723988
0,0,0.20721167
0,1,0.7539919
0,0,0.044664405
0,0,0.05368045
1,1,0.8784406
0,1,0.63957584
0,1,0.9018107
0,0,0.4594488
0,1,0.8346548
0,0,0.002879321
0,1,0.5543716
0,0,0.053338684
0,0,0.015526087
0,0,0.006380647
0,0,0.041876413
0,0,0.017348297
0,1,0.67121106
0,0,1.218741e-05
0,0,0.17235227
0,0,0.30614424
0,1,0.5679298
0,0,0.09939201
0,0,0.00031563998
0,0,0.081736416
0,0,0.47615492
0,0,0.0049434477
0,0,0.17089958
1,1,0.7630133
0,0,0.1313818
0,1,0.7462038
0,0,0.011364843
1,1,0.7603688
0,0,0.4603708
0,1,0.66273874
0,1,0.57513064
0,1,0.6750131
0,0,0.004449303
0,0,0.016138162
0,0,0.009280584
0,0,0.10162107
0,0,0.020482015
0,0,0.019935472
0,0,0.43015137
0,0,0.044735838
0,0,0.36388636
1,1,0.8207198
0,1,0.6419596
0,0,0.32152516
0,1,0.7749609
0,0,0.056872882
0,0,0.47918612
0,0,0.0033731784
0,0,0.048366833
0,0,0.10192487
0,0,0.13908231
0,0,0.34151548
0,0,0.47630244
0,1,0.8239452
0,0,0.49538454
0,0,0.16003785
1,1,0.5763582
0,1,0.53078693
1,1,0.7236706
0,0,0.03972295
0,0,0.033583224
0,0,0.48829395
0,0,0.28641355
0,0,0.18441322
1,1,0.8444178
0,0,0.035339966
0,0,0.17647618
0,1,0.54834354
0,1,0.74960715
0,0,0.051293064
0,0,0.28270248
0,0,0.012563725
0,0,0.17591608
0,1,0.56526077
0,1,0.817227
0,0,0.042076357
0,1,0.70644516
0,0,0.32803655
0,0,0.06516177
0,0,0.4002996
1,0,0.45425752
0,0,0.0071753734
0,0,0.34654045
0,0,0.029083457
0,0,0.007781306
0,0,0.4702863
0,1,0.8606384
0,1,0.8552816
0,0,0.09342722
0,1,0.75477916
0,0,0.045043714
1,1,0.877636
0,0,0.44548637
0,1,0.64235514
0,0,0.13345069
0,0,0.13922797
0,0,0.0066749225
0,0,0.32224536
0,0,0.015449295
1,1,0.8653315
1,1,0.8113837
0,0,0.008281019
0,0,0.02461358
0,0,0.25738412
1,1,0.7646267
1,1,0.8773319
0,0,0.29397914
0,0,0.2523876
0,0,0.0070055663
0,0,0.103384376
0,0,0.1720376
0,0,0.38201982
0,0,9.6836135e-05
0,0,0.25960237
0,0,0.19954376
0,0,0.16484797
0,0,0.09344055
0,0,0.009961119
0,1,0.6806858
0,1,0.6161551
0,1,0.9010156
0,0,0.20502457
0,1,0.84639484
0,0,0.05002813
1,1,0.60429317
0,1,0.52036035
0,0,0.16338278
1,1,0.50887805
0,0,4.785635e-05
0,0,0.4284467
0,0,0.19135852
0,0,0.20542651
0,0,0.09409367
0,1,0.63015735
0,0,0.02466765
0,0,0.49559516
0,0,0.0003378733
0,1,0.56952083
0,0,0.00012772191
0,0,0.3775451
0,0,0.0009005874
0,0,0.019277696
0,0,0.011673354
0,0,0.062018782
0,0,0.2707649
0,0,0.19572073
0,1,0.78911036
0,1,0.7293886
1,1,0.8196791
0,0,0.019021893
0,0,0.009474555
0,0,0.07614071
0,1,0.7569024
0,0,0.06453244
0,1,0.5433942
1,0,0.43766358
1,1,0.820273
0,0,0.0141069405
0,0,0.09723424
0,0,0.05309937
0,0,0.45897102
0,1,0.5203676
0,0,0.048725054
0,0,0.012357441
0,0,0.00012961192
0,0,0.02956589
0,0,0.02257031
1,1,0.90755814
0,0,0.051414523
0,0,0.43598574
0,0,0.0029345276
0,1,0.6807942
0,1,0.65187967
0,1,0.7897224
1,1,0.87991667
0,0,0.19744137
0,0,0.03625472
0,1,0.58805585
0,0,0.03300444
0,1,0.72137284
0,1,0.50105333
0,0,0.017649118
1,1,0.59832436
0,0,0.08048777
0,0,0.081617445
0,0,0.06604109
1,0,0.19934382
0,1,0.8177665
0,1,0.7770472
0,0,0.016773595
0,0,0.05086991
1,1,0.83669496
0,0,0.105852365
0,0,0.3935783
1,0,0.3687605
0,0,0.013566003
0,0,0.0179846
0,0,0.0005995979
0,0,0.004515272
0,0,0.023760935
0,0,0.034478772
0,0,0.26123542
0,1,0.8148875
0,0,0.00284442
1,1,0.6474675
0,1,0.8155241
0,0,0.05817427
0,0,0.24892148
0,0,0.06186174
0,0,0.014369153
0,0,0.016128398
0,1,0.7206141
0,0,0.0062608477
0,0,0.24787936
0,0,0.18725225
0,0,0.015701512
0,0,0.072608255
0,0,0.1625538
0,0,0.13589351
0,0,0.117022984
0,0,0.37089947
0,0,0.043633748
0,0,0.0055782795
0,1,0.68136173
0,1,0.61879474
0,1,0.53895617
0,1,0.7626219
0,0,0.01915218
0,0,0.12307403
0,0,0.33803087
0,0,0.14794657
0,0,0.025924511
0,0,0.16464949
0,0,0.19326986
0,0,0.106897004
0,0,0.0038814628
0,0,0.3758069
1,0,0.21593536
0,0,0.058425076
0,0,0.00018052754
0,0,0.12080313
0,0,0.16170347
0,0,0.3528599
0,0,0.49321115
0,0,0.016753389
0,1,0.6375612
0,0,0.38174865
0,0,0.3169415
0,0,0.057386193
0,0,0.0010147576
0,0,0.23509611
0,0,0.022052376
0,1,0.535184
0,1,0.70169216
0,0,0.2473241
0,0,0.4140791
0,0,0.032162413
0,0,0.00015056612
0,0,0.028384851
0,0,0.14284475
0,1,0.6085055
0,0,0.103412114
0,0,0.079280086
0,0,0.49538454
0,1,0.6120064
0,0,0.29649737
0,0,0.064740926
0,0,0.25562972
0,0,1.1571081e-05
0,1,0.6446909
0,0,0.08974905
0,0,0.027032426
0,0,0.4367972
0,0,0.23909588
1,1,0.85189885
0,0,0.27726212
0,0,0.3183967
0,0,0.003435948
0,0,0.013336619
0,0,0.068348736
0,0,0.0053634616
1,0,0.47243273
0,0,0.023405243
0,0,9.781535e-05
0,0,0.3242175
0,0,0.005305419
0,0,0.46809882
0,0,0.076752655
0,0,0.028623363
0,0,0.0039208937
0,0,0.27402973
0,0,0.0040243296
1,1,0.8248828
0,0,0.23215024
0,1,0.76031226
0,1,0.61112446
0,1,0.62878656
0,0,0.28035507
0,0,0.14272393
0,0,0.18841107
0,0,0.03204913
0,1,0.6009142
1,1,0.72472566
0,0,0.010839354
1,1,0.8320431
1,0,0.09655544
0,0,0.2066215
0,1,0.63148886
0,0,0.03160434
0,1,0.63945967
0,0,0.014304991
0,1,0.5221953
0,0,0.23068365
0,1,0.68752396
0,1,0.69705874
0,0,0.15081728
0,0,0.025973
0,0,0.24016324
0,1,0.6833631
1,0,0.10388451
0,0,0.27421108
0,0,0.28159976
1,1,0.774719
0,0,0.17173828
0,0,0.16003785
0,0,0.27390733
0,0,0.011767297
0,0,0.102823645
1,1,0.8845208
0,1,0.54604566
0,1,0.73100054
0,0,0.31074032
0,0,0.0046292283
0,0,5.8176094e-05
0,0,0.13610184
0,0,0.009992199
0,1,0.7140015
0,1,0.5499357
0,0,0.037659824
0,0,0.2081183
0,1,0.8862999
0,0,0.29439348
0,0,0.11233672
0,0,0.0016240631
0,0,0.012824758
0,0,0.04098346
0,0,0.35261068
0,0,2.9354142e-05
0,0,0.030993659
0,1,0.862807
0,1,0.61042434
0,0,0.21825123
1,0,0.45635375
0,0,0.009650937
0,1,0.5914708
0,0,0.13829207
0,0,0.024650503
0,0,0.0009312779
0,0,0.17438208
0,0,0.36418948
1,1,0.81033164
0,1,0.65218794
0,1,0.5432629
0,0,0.015398518
1,1,0.81573474
0,0,4.121043e-05
1,1,0.5281485
0,0,0.17595312
0,0,0.003020263
0,1,0.56028914
0,0,0.0094442405
0,0,1.6562179e-05
0,0,0.041012697
1,1,0.9597485
0,0,0.37248302
0,0,0.21100104
0,1,0.9048279
0,0,0.2322379
0,0,0.07761297
0,1,0.81400055
0,0,0.029506745
0,0,0.05757647
0,1,0.78462386
0,1,0.66657925
0,1,0.79692185
0,1,0.70326674
0,1,0.7081819
0,0,0.11958118
0,0,0.0010680611
0,0,0.28968745
0,0,0.1312268
0,0,0.35104078
0,0,0.014232418
0,0,0.023239955
0,1,0.59483355
0,0,0.12831123
0,0,0.16873707
0,0,0.15927184
0,0,0.41692278
0,0,0.2049347
0,1,0.70844585
0,0,0.008632524
0,0,0.0006996078
0,1,0.84593433
0,0,0.42378777
0,0,0.124155246
0,0,0.49737337
0,1,0.5704886
0,0,0.018533505
0,0,0.028937139
0,1,0.6466932
0,1,0.736404
0,0,0.33459932
0,0,0.14943655
0,1,0.50871074
0,1,0.5930318
0,0,0.035805907
0,1,0.7825985
0,1,0.8398264
0,0,0.018625287
0,0,0.28936866
0,0,0.011459648
1,1,0.817054
1,1,0.78816646
1,1,0.8599935
0,0,2.9354142e-05
0,0,0.07773728
0,0,0.111482315
0,0,0.36010125
0,0,0.0834287
0,1,0.7135963
1,1,0.8498226
0,1,0.75266975
1,1,0.5580478
0,0,0.083150946
0,0,0.047542818
0,0,0.0038708176
0,0,0.124116465
0,1,0.65601736
0,0,0.26391774
0,1,0.5777818
0,0,0.0005453437
0,0,0.359945
1,0,0.08140248
0,0,0.076273225
0,0,0.013251172
0,0,0.105981395
0,0,3.386797e-05
0,1,0.6357745
0,0,0.32235485
0,0,0.43506688
0,1,0.8012474
0,0,0.057668768
0,1,0.6245289
0,0,0.015607242
0,0,0.035199024
0,1,0.69750303
0,0,0.4706204
0,0,0.00015056612
0,0,0.0058379094
0,0,0.36309415
0,1,0.76086015
0,0,0.4214921
0,1,0.7676655
0,0,0.0040046843
0,1,0.6103179
0,0,0.43160993
0,0,0.1684181
0,1,0.7568724
0,0,0.061617192
0,0,0.2069572
0,0,0.093815334
0,0,0.012407578
0,1,0.8134265
0,0,0.018282507
0,1,0.9169429
1,0,0.3541194
0,0,0.055529296
0,1,0.62816167
0,1,0.81507725
1,0,0.39349458
0,0,0.0671056
0,0,0.4008921
0,0,0.42022976
0,0,0.003082221
1,0,0.29469907
0,0,0.17386112
0,0,0.1749065
0,1,0.7081819
0,0,0.22853401
0,0,0.0085817
0,0,0.04594669
0,1,0.6967909
0,0,0.31546885
0,0,0.0832584
0,0,0.087350935
0,0,0.17544825
0,0,0.13865054
0,0,0.051186513
0,0,0.02511065
0,1,0.6382325
0,1,0.5644578
0,1,0.82741165
0,0,0.2436531
0,0,0.048943557
0,0,0.3562436
0,0,0.029918984
0,0,0.21957776
0,0,0.26971543
0,0,0.05259314
0,0,0.002306527
0,0,0.0015234207
0,0,0.012542493
1,1,0.7173281
0,1,0.822181
0,1,0.5309034
0,0,0.30815792
0,1,0.80241305
0,0,0.18795662
0,0,0.007838174
0,0,0.013731223
0,0,0.105324835
0,0,0.037981234
0,0,0.1440173
0,0,0.05888636
0,0,0.16140051
1,1,0.70319825
0,1,0.67120904
0,0,0.4619886
1,0,0.3218564
0,1,0.54429066
0,0,0.22183423
0,1,0.85216254
1,1,0.8062398
0,0,0.15526816
0,0,0.0036010528
0,0,0.36735904
0,0,0.37120053
0,0,0.006888897
0,0,0.16351807
0,0,0.0855217
0,0,0.00018889704
0,1,0.91828966
0,0,0.02294626
1,1,0.7819409
0,0,0.010609594
0,0,0.16209657
0,0,0.040748786
1,1,0.85438895
0,0,0.0006156362
0,1,0.7581125
0,0,0.018939879
0,1,0.69068146
0,0,0.050048146
0,1,0.7714966
0,0,0.036559332
0,0,0.0029196786
0,0,0.08212431
0,0,0.0069714
0,0,0.0195621
0,0,0.06535599
0,1,0.5161923
0,0,0.2277072
0,1,0.58704233
0,1,0.7266488
0,0,0.35575888
0,0,0.00599417
0,1,0.51336837
0,0,0.445044
0,1,0.54623395
0,1,0.5347809
0,0,0.21659546
1,1,0.80059576
0,0,0.001378417
0,0,0.1054727
0,0,0.47293848
0,0,0.0034991477
0,0,0.37580827
0,0,0.4198336
0,0,0.0006587646
0,0,0.0062608477
1,1,0.7401471
0,0,0.29625764
0,1,0.7132124
0,0,0.21465497
0,0,0.00644842
0,0,0.2544511
0,0,0.0012362148
0,1,0.92371064
0,1,0.5613234
0,0,0.37602055
0,0,0.11451897
0,0,0.015771225
0,0,0.1210259
0,0,0.4263151
0,0,0.031431757
0,1,0.66964746
0,1,0.92920077
1,1,0.71834826
0,0,4.341871e-05
0,1,0.583408
0,0,0.016193062
0,0,0.059409566
0,0,0.07696671
0,1,0.7713699
0,0,0.013200541
1,1,0.81430304
0,0,0.11110247
0,0,0.08303077
0,0,0.030440504
1,1,0.71527225
0,0,0.4719375
0,0,0.00031563998
0,0,0.12877418
1,0,0.49733955
0,0,0.14619407
0,0,0.20841703
0,1,0.6718692
0,0,0.030946132
0,1,0.5009739
0,0,0.2431952
0,1,0.720565
0,0,0.18337016
0,0,0.0016885438
0,0,0.019437175
0,0,0.056940094
0,0,0.0068105534
0,0,0.08609239
0,0,0.12635654
0,0,0.4637996
0,0,0.4503408
0,1,0.78630674
0,1,0.5775621
1,1,0.77292305
0,0,0.028579455
0,0,0.4032282
0,0,0.0035911975
0,0,0.15058252
0,0,0.23563649
0,1,0.8158658
0,0,0.14618056
0,1,0.6992891
0,0,0.07269179
0,0,0.48491648
0,0,0.039384615
0,1,0.53328866
0,1,0.77794415
0,1,0.6181601
0,0,0.038434204
0,0,0.17173828
0,0,0.03738387
0,1,0.69989634
0,0,0.2894615
0,1,0.89823294
0,0,0.39317974
0,0,0.06845546
0,0,0.0075440668
0,0,0.4215008
0,1,0.7116003
0,0,0.07737382
0,1,0.6596475
0,1,0.8334679
0,0,0.045125093
0,0,0.22132853
0,0,0.062444333
0,0,0.009370339
0,0,0.34626955
0,0,0.009677571
0,0,0.36910143
0,1,0.5927233
0,0,0.19238861
1,1,0.7288635
0,0,0.096233934
0,1,0.711473
0,0,0.0033940517
0,0,0.35524178
0,1,0.68899035
1,1,0.8333896
0,1,0.6799576
0,0,0.08094318
0,1,0.8189479
0,1,0.9065512
0,0,0.06900193
0,0,0.04670453
0,0,0.1401708
1,1,0.5820706
0,0,0.03185581
0,1,0.8522909
0,0,0.3025296
0,0,0.04669797
0,0,0.0006996078
0,1,0.55079204
0,1,0.511232
0,0,0.23282103
0,0,0.01402686
0,0,0.0073281354
1,1,0.7164981
0,1,0.5449543
0,0,0.062774904
0,1,0.6609179
0,0,0.43711343
0,1,0.5284085
0,0,0.3578748
0,1,0.6484854
0,0,0.17783746
0,1,0.7568022
0,0,0.051706493
0,0,0.1302095
0,0,0.023162639
0,0,0.29332688
0,0,0.065636136
0,0,0.018965967
0,0,0.2844937
0,0,0.031510852
0,1,0.8140102
0,1,0.67260826
0,0,0.00899217
0,0,0.14519002
0,1,0.7435389
0,1,0.75458753
0,0,0.07530524
0,0,0.4004171
0,0,0.019464085
0,0,0.1585055
1,1,0.8461629
1,1,0.5562152
0,0,1.218741e-05
0,1,0.5491939
0,0,0.23188993
0,0,0.08836014
0,1,0.541258
0,0,0.081913084
0,1,0.57453054
0,1,0.50713325
0,0,1.218741e-05
0,0,0.1330884
0,0,0.12700726
0,0,0.4318819
0,0,0.0018319661
0,1,0.6839913
0,0,0.043271124
0,0,0.29706633
0,1,0.8599638
0,0,0.43641317
0,0,0.15754092
0,1,0.8979613
0,0,0.00919051
0,1,0.7981742
0,1,0.7128489
0,0,0.4801457
0,1,0.50568557
0,0,0.42186463
0,0,0.26378083
1,1,0.84367275
0,0,0.3380098
0,1,0.7607387
0,0,0.20924895
0,0,0.17965032
0,1,0.57261235
0,1,0.512169
0,0,0.10369851
0,0,0.107736655
0,1,0.71002465
0,0,0.029802363
0,1,0.5326159
0,0,0.030088153
0,0,0.00017846996
0,1,0.6612024
0,1,0.56633216
0,0,0.013221595
1,0,0.40395117
0,0,0.23344406
0,0,0.11777432
0,0,0.22265255
0,1,0.76667666
0,0,0.3856654
0,1,0.58670217
0,1,0.62948626
0,1,0.7830375
0,0,0.16558938
0,0,0.23159878
0,0,0.3503908
0,0,0.019212035
0,1,0.57123375
0,0,0.11147627
0,0,0.023083128
0,0,0.015071502
0,0,0.03708032
0,0,0.0136766005
0,0,4.5198212e-05
0,0,3.386797e-05
0,0,0.4174457
0,0,0.12537006
0,0,0.01085968
0,0,0.05963448
0,1,0.537151
0,1,0.80890626
0,0,0.04498132
1,1,0.57675177
0,0,0.0012114282
0,0,0.46089014
0,1,0.52021617
0,0,0.0812154
0,0,0.11070214
1,1,0.6516818
1,1,0.66618353
0,1,0.735127
0,0,0.03952585
0,0,0.382125
0,1,0.5159564
0,0,0.00025859277
0,1,0.6280901
0,0,0.025716336
0,1,0.85627013
0,0,0.34568882
0,1,0.89600915
0,0,0.006627132
0,1,0.543496
0,0,0.27668664
1,1,0.6439671
0,0,0.18541525
0,1,0.6808223
0,0,0.3600379
0,0,0.004664142
0,1,0.55987066
0,1,0.6487777
0,0,0.03528132
0,1,0.65149367
1,1,0.86332864
0,0,0.3371104
0,0,0.17329973
0,0,0.21596846
0,1,0.7945806
0,0,0.29213452
0,1,0.5606814
0,1,0.6261986
0,0,0.25810108
0,0,0.37248302
0,0,0.04268855
0,0,0.057596393
0,0,0.10403848
0,0,0.15413918
1,0,0.20286737
0,0,0.0515313
0,0,0.258033
0,0,0.029829184
0,0,0.4961658
0,0,0.0133239
0,0,0.16472293
0,0,0.016812598
0,0,0.21265356
0,0,0.36539453
0,1,0.57016987
0,0,0.01043094
1,1,0.7155408
0,0,0.006374057
0,0,6.7762754e-05
0,1,0.5674378
0,1,0.5683285
0,0,0.49153608
0,1,0.57802045
1,1,0.6384332
0,1,0.8978931
0,0,0.024051309
0,0,0.056805395
0,0,0.10916449
0,1,0.7358918
0,0,0.35696346
0,0,0.057966225
0,0,0.14944418
0,1,0.6831585
0,1,0.6630537
0,1,0.6597445
1,1,0.81328225
0,0,0.0527104
0,0,0.030945752
0,0,0.15699622
0,0,0.008315555
0,0,0.42252967
0,0,0.032346833
0,1,0.60588634
0,0,0.0051750857
0,1,0.6841644
0,0,0.05069375
0,0,0.08478468
0,0,0.052368954
0,0,0.0057369308
0,0,0.02344996
0,0,0.03367887
0,0,0.23419008
0,0,0.05138489
1,1,0.8186534
0,0,0.19683343
1,1,0.8446084
0,1,0.6462178
1,0,0.38245943
0,1,0.86573935
1,1,0.71440744
0,1,0.88609135
0,0,0.12779418
0,0,0.35938692
0,0,0.2523876
0,0,0.13155332
1,0,0.44124076
0,0,0.031029943
0,0,0.1790897
0,0,0.004977702
1,1,0.842638
0,0,0.13169411
0,0,0.07247593
0,0,0.00032917905
0,0,0.11568717
0,0,0.0855217
0,1,0.6879
0,0,0.00788936
0,0,0.008377494
1,1,0.6075896
0,1,0.6357862
0,1,0.686361
0,1,0.71146697
0,0,0.005943996
0,0,0.35184482
0,0,0.006838027
0,0,0.0004268753
0,1,0.61249876
0,0,0.084712684
0,1,0.5548853
0,1,0.9637082
0,1,0.750171
0,1,0.50372446
0,1,0.7653027
0,1,0.5566449
0,0,0.00094346196
0,0,0.13556074
0,0,0.19084103
0,0,0.0001632566
0,0,0.0016675323
0,1,0.6134172
0,0,0.42064884
0,0,0.091241166
0,1,0.6361548
0,0,0.11952554
0,0,0.031470206
0,0,0.3485779
0,1,0.81839174
0,1,0.61108106
0,0,0.4034309
0,0,0.11933743
0,0,0.27781624
0,0,0.34870502
0,0,0.17681715
0,0,0.47805014
0,0,0.013348822
0,1,0.7159806
0,1,0.6851495
0,0,0.43712893
0,0,0.006169913
0,0,0.045810517
0,0,0.41602165
0,0,0.39376643
0,0,0.023539267
0,1,0.5299171
0,0,0.3154848
0,0,0.012844284
0,0,0.14750163
0,1,0.7408625
0,0,0.059804883
0,1,0.8251657
0,0,0.3474808
0,0,0.0028673427
0,1,0.6411366
0,1,0.63742095
0,0,0.27678394
0,0,0.22767794
0,0,0.25827834
0,0,0.2199812
0,0,0.047700662
0,1,0.61852884
0,0,0.025492912
0,0,0.20383136
0,0,0.04353905
0,0,0.19501211
0,0,0.24040386
0,0,0.25791413
0,0,0.31702277
0,0,0.4997885
0,1,0.84238654
0,0,0.069575734
0,0,0.39985272
0,0,0.23667867
1,0,0.10130062
0,0,0.16663823
0,0,0.015618351
0,0,0.050691936
0,0,4.4568515e-05
0,0,0.10664391
0,0,0.00012047753
0,0,0.48153636
0,0,0.19507727
0,0,0.018282507
0,0,0.3220788
0,0,0.37602055
0,0,0.4177627
0,0,0.019363131
0,0,0.02711906
1,1,0.8505083
1,1,0.714838
1,0,0.036807712
0,0,0.039276488
0,0,0.3525414
0,1,0.6908408
0,0,0.46461895
0,0,0.028111724
0,0,0.04028561
0,0,0.04682736
1,1,0.5402229
0,0,0.01196528
0,0,0.31283104
0,0,0.074972115
0,0,0.013076365
0,0,0.034122452
0,1,0.76207685
0,0,0.07391665
0,1,0.73153013
0,0,0.13065636
0,1,0.8229718
0,1,0.7710278
0,0,0.12639964
0,0,0.45225662
0,1,0.6396402
0,1,0.62112385
0,0,0.19429372
1,1,0.80842817
0,1,0.6861571
0,0,0.02954635
0,1,0.59053105
0,1,0.5926165
0,1,0.62272555
0,0,0.3812418
0,0,0.0031232298
0,0,0.17555071
0,0,0.03682883
0,0,0.0067239795
0,1,0.8481047
0,0,0.47778288
0,0,0.35779786
0,0,0.04687829
0,0,0.006971007
0,0,0.20496103
0,0,0.11570279
0,1,0.55220604
0,1,0.78701025
0,0,0.20621544
0,0,0.031806275
0,1,0.7573507
0,0,0.3452227
0,1,0.78154063
0,0,0.08145773
0,1,0.5965502
0,0,0.18934196
0,0,0.40733448
0,0,0.00095170195
0,0,0.26739717
0,0,0.34820077
1,0,0.23930618
0,1,0.7901177
0,0,0.38325208
0,1,0.7309147
0,0,0.023794884
0,0,0.0071176165
0,0,0.39649642
0,0,0.2599687
0,0,0.35199887
1,1,0.91220856
0,0,0.20905903
0,0,0.08542509
0,1,0.54181975
0,0,0.4905163
1,1,0.8300746
0,0,0.0003378733
0,0,0.019839784
0,0,0.020331318
0,1,0.5471345
0,1,0.7399003
0,0,0.4684165
0,1,0.88275
0,0,0.015158003
0,0,0.072381385
0,1,0.8535665
0,0,0.019091059
0,1,0.76409245
0,0,0.008595789
0,0,0.016121076
0,1,0.65233946
0,0,0.03291685
0,1,0.80754405
0,0,0.25715956
0,0,0.118702
0,1,0.80007714
0,0,0.0039482825
0,0,0.019825134
0,1,0.66820383
0,0,0.012621276
0,0,0.010501709
0,0,0.119055234
0,1,0.8667032
0,0,0.19482416
0,1,0.5495251
0,1,0.5456929
0,0,0.11593965
0,1,0.7202698
0,1,0.7348578
0,0,0.06767723
0,1,0.66715777
0,1,0.7170218
0,1,0.9770577
0,0,0.15565506
0,0,0.00043839458
0,0,0.3761843
0,1,0.71716845
0,0,0.0170762
0,0,0.21640484
0,1,0.6637437
0,0,0.11202821
0,0,0.48122442
0,0,0.47298515
0,0,0.04172857
0,0,0.014899854
1,1,0.9097557
0,1,0.8552557
0,0,0.1489454
0,0,0.15844749
0,0,0.079228915
0,0,0.2703393
0,1,0.7440774
0,1,0.68573177
0,1,0.81691843
0,0,0.035503864
0,0,0.22109002
0,1,0.533669
0,1,0.5014266
0,0,0.2910336
0,0,0.476093
0,1,0.6021633
0,0,0.00031927845
0,0,0.0072831106
0,1,0.8540406
0,1,0.6189087
1,0,0.028015096
0,0,0.056558363
0,1,0.72212476
0,0,0.024150692
0,1,0.708937
0,0,3.386797e-05
0,0,0.048724487
0,0,0.34771553
0,1,0.519361
0,0,0.059970148
1,1,0.8195169
0,0,0.12135473
0,0,0.0029227606
0,1,0.74306804
0,0,0.035663985
0,0,0.024981901
0,0,0.38022977
0,1,0.71772105
0,1,0.5192288
0,0,0.06030455
0,1,0.5872708
0,1,0.8513761
0,0,0.42788437
0,0,0.29608008
0,1,0.61346173
0,0,0.047235698
0,0,0.09450189
1,0,0.18871534
1,1,0.7934292
0,1,0.8358218
0,0,0.22034235
0,1,0.6143626
0,0,0.31774843
0,0,0.2891227
0,0,0.3437155
0,0,0.04873672
0,0,0.3290972
0,0,0.028046349
0,1,0.75105965
0,0,0.08425504
0,1,0.84709275
0,0,0.04770558
0,0,0.21776877
0,0,0.475262
0,1,0.85753167
0,1,0.59289527
0,1,0.76520926
1,1,0.91931975
0,0,0.024266932
0,0,0.0021912751
0,0,0.2088056
0,0,0.04268058
0,0,0.0026973537
0,0,0.15077259
0,0,0.29796192
0,0,0.060912676
0,1,0.79016954
0,1,0.6699381
0,1,0.8287341
0,0,0.044664405
0,0,0.005661084
1,0,0.4803478
0,0,0.0037808174
0,1,0.53695357
0,0,0.037401788
0,0,0.16994391
0,0,0.012354478
0,0,0.1284693
0,0,0.46254086
0,1,0.7599657
0,1,0.50929546
0,0,0.14473203
1,1,0.8336454
0,0,0.0040622535
0,0,0.24273683
0,0,0.16180731
0,0,0.0024562096
0,0,0.48446217
0,0,0.026530081
0,0,0.041327495
0,0,0.39628303
0,0,0.19881123
0,1,0.6908884
0,1,0.6805166
0,1,0.5827149
0,0,0.363877
0,0,0.044450346
0,0,0.012047183
0,0,0.4565206
0,0,0.48196054
0,0,0.16796786
0,0,0.06415398
1,0,0.39712298
0,0,0.48129556
0,0,0.365955
0,0,0.21036623
1,1,0.7825966
0,1,0.65481913
0,1,0.56329757
0,0,0.012806617
0,0,0.010964985
0,0,0.0015095746
0,0,0.020596711
0,0,0.005209094
0,0,0.20429365
0,0,0.009330112
0,0,0.024614438
0,0,0.25973368
0,1,0.7692777
0,0,0.39544052
1,0,0.37816107
0,1,0.58780116
0,0,0.17802416
0,0,0.31520975
0,0,0.0266459
0,0,0.10512133
1,1,0.7804512
0,0,0.2387426
0,0,0.10995829
0,0,0.042336654
0,0,0.13951854
0,0,0.032052457
0,0,0.11772655
0,1,0.8774078
0,0,0.45011365
0,0,0.022945106
0,0,0.4329555
0,0,5.8176094e-05
0,0,0.00016096566
0,0,0.27072117
0,0,0.027950313
0,0,0.058844168
0,1,0.8745567
0,0,0.063567914
0,0,0.01379478
0,1,0.59342957
0,0,0.0008034502
0,0,0.015766874
0,1,0.7041746
0,0,0.26893952
0,1,0.5548853
0,0,0.33933544
0,0,0.371345
0,0,0.21065608
0,0,0.4033244
0,1,0.7433442
0,0,2.9945388e-05
0,0,0.23215024
0,0,0.24097049
0,1,0.8482208
0,0,0.3842326
0,0,0.0048368294
0,0,0.25566807
0,1,0.80963
0,0,0.0018031441
0,0,0.037799142
0,0,0.0032765123
1,1,0.9139524
0,1,0.65890676
0,0,6.283753e-05
0,0,0.052038755
0,0,0.009484795
0,0,0.0570794
0,0,0.042992644
0,0,0.31776902
0,0,0.2057374
0,0,0.01173274
0,0,0.058841158
0,0,0.001565569
0,0,0.035345297
1,1,0.80548567
0,1,0.76521593
0,0,0.008591242
0,1,0.83890015
0,0,0.23116156
0,0,0.08765564
0,0,0.31881237
0,0,0.27614558
0,1,0.6368459
0,1,0.8036995
0,0,0.2322194
0,0,0.22154747
0,0,8.7548986e-05
1,1,0.63931364
0,0,0.019573295
0,0,0.048551954
0,0,0.2167565
0,1,0.5592177
0,0,1.6562179e-05
0,0,0.008315555
0,0,0.28365576
0,0,0.36189705
0,0,0.006245395
0,0,6.957901e-05
0,0,0.030042397
0,0,0.21039684
0,0,0.47399145
0,1,0.70755523
0,1,0.76872087
0,0,0.12543067
0,0,0.0496258
0,0,0.18084247
0,1,0.86285913
0,1,0.7721004
0,0,0.055141944
0,1,0.52931
0,0,0.4689387
0,0,0.10205951
0,0,0.32382584
0,0,0.03450707
0,0,0.25598213
0,0,0.028400913
0,0,0.44950035
0,0,0.024003435
1,1,0.56856906
0,0,0.049892332
0,0,0.12893857
0,0,0.08369648
0,0,0.19562092
0,0,0.25557557
1,1,0.85019475
0,0,0.024256717
0,0,0.08712051
0,0,0.008546961
0,0,0.097243644
0,0,0.11237986
0,1,0.5635979
0,0,0.49387923
0,1,0.83403087
0,0,0.03877212
0,1,0.6406583
0,0,0.082068995
0,0,0.2920882
1,1,0.7121898
0,0,0.051958527
0,1,0.7946682
0,0,0.4729581
0,0,0.28303558
0,0,0.13346566
0,0,0.0051277676
0,0,0.23721698
0,0,0.0054471665
0,0,0.045415
0,0,0.16771257
0,0,0.15040775
0,0,0.016191466
0,0,0.094452
0,0,0.18498689
0,0,0.19253457
0,0,0.014060288
0,0,0.052588396
0,0,0.11566356
1,1,0.78201574
0,1,0.5781143
0,0,0.26019785
0,0,0.09147168
0,1,0.5015361
1,1,0.72402555
0,0,0.2886316
0,0,0.1790897
0,0,0.0786567
0,0,0.0074457396
0,0,0.33030766
0,1,0.7849589
0,1,0.8919912
0,1,0.88199013
0,0,0.009319742
0,0,0.32075465
0,0,0.0051570684
0,0,0.016273186
0,0,0.39092454
0,0,0.048900053
1,1,0.8526764
1,1,0.8123595
1,1,0.7810232
1,0,0.49427965
0,0,0.302233
0,0,0.09898203
0,0,0.029980667
0,0,0.25171247
0,1,0.5573294
1,1,0.8097466
1,1,0.8144895
0,0,0.18330503
1,1,0.6626503
0,0,0.08171625
1,0,0.10530904
1,1,0.8093127
0,1,0.68508005
0,0,0.11172403
0,0,0.00030014326
1,1,0.7328562
1,1,0.6468101
0,0,0.22625783
0,1,0.58022183
0,1,0.58704233
0,0,0.4634549
0,0,0.045430787
0,0,0.425289
1,0,0.32258153
0,1,0.7902848
0,0,0.06497512
0,1,0.78936887
0,0,0.1135776
0,0,0.010309249
0,1,0.8771387
0,0,0.21107711
0,1,0.597349
0,1,0.6710931
0,0,0.31855118
0,1,0.7445361
0,1,0.8680219
0,0,0.4622898
0,0,0.13734493
0,1,0.87352216
0,0,0.21629424
0,0,0.0170762
1,1,0.7847593
0,0,0.381191
0,0,0.2140984
0,1,0.7638162
1,1,0.84342855
1,1,0.5836266
0,1,0.7501667
1,1,0.74462235
0,0,0.021843808
1,1,0.6139504
0,1,0.68914294
0,0,0.005294105
0,1,0.6953663
0,1,0.6593278
0,1,0.6645818
0,0,0.35445964
0,0,0.089461416
0,0,0.008593306
0,0,0.48151016
0,1,0.8442363
0,1,0.8731134
0,0,0.17730635
0,0,0.37168047
1,0,0.07400392
0,1,0.5869872
1,0,0.27031472
0,1,0.717917
0,1,0.90324265
0,1,0.81817997
0,1,0.780489
0,0,0.38863346
0,1,0.81099707
0,0,0.25152883
0,0,0.067413434
0,1,0.63337404
0,0,0.34600675
1,1,0.53019917
0,1,0.68468314
0,0,0.016988201
0,0,0.4817881
0,0,0.032696147
1,1,0.7312261
1,0,0.24806565
1,1,0.8579005
0,0,0.018092206
0,0,0.28230882
0,1,0.625094
0,0,0.36267024
0,1,0.74430746
0,1,0.72136796
0,0,0.25732887
0,0,0.4074893
0,0,0.21774948
0,0,0.030517207
0,0,0.11114383
0,1,0.84302384
0,0,4.785635e-05
0,0,0.16116181
0,1,0.7361067
1,0,0.03314972
0,1,0.5253762
0,0,0.020482015
0,0,0.1404715
0,0,0.45919025
0,0,0.065587565
0,1,0.8466262
0,1,0.57834154
1,1,0.7022889
0,0,0.4359987
0,0,0.05680266
0,1,0.72472167
0,0,0.37278515
0,1,0.5726454
1,0,0.264459
0,1,0.76872087
0,1,0.66594523
0,0,0.27567816
0,1,0.8136566
0,0,0.026989622
1,1,0.8230956
1,1,0.8689267
0,1,0.77420753
0,0,0.055117667
0,0,0.07277714
0,1,0.78278065
0,0,0.015961908
0,0,0.17732744
0,0,0.004260083
0,1,0.7245273
0,1,0.7195174
0,0,0.18497792
1,0,0.4503408
0,0,0.13930503
1,1,0.6847064
0,0,0.28977075
0,0,0.0015789978
0,0,0.36732453
0,0,0.0006996078
0,0,8.915426e-05
0,0,0.00064165884
0,0,0.4717879
0,1,0.804677
0,0,0.0952645
0,0,0.24928658
1,1,0.7082413
1,1,0.6268889
0,0,0.0067906873
0,1,0.52548844
0,1,0.5726445
0,1,0.5103011
0,0,0.08622088
0,0,0.0029560514
0,0,0.036974855
1,0,0.14476654
0,0,0.41288877
0,1,0.59934664
0,1,0.57776755
0,0,0.04152243
1,0,0.24604733
0,0,0.48729795
0,0,0.000891774
0,0,0.032964278
0,0,1.218741e-05
0,0,0.0015340875
0,0,0.063874066
0,1,0.59859914
0,0,0.22887884
0,0,0.016798353
0,0,0.32803655
0,0,0.007533471
1,0,0.41024795
0,0,0.06991977
0,1,0.58770204
1,1,0.8959206
0,0,0.0077727763
0,0,0.10783257
0,0,0.050122183
1,1,0.79408145
0,1,0.7691492
0,1,0.5021844
0,0,0.026495824
1,1,0.70495385
0,0,0.1721748
0,1,0.92866206
0,0,0.08048777
0,0,0.03715556
0,0,0.015109354
0,0,0.27856466
0,0,0.48209727
1,1,0.8092967
0,0,0.08857397
0,0,0.0030301937
0,1,0.56666315
0,0,0.24921507
0,0,0.126428
0,0,0.32631326
0,0,0.055918507
0,1,0.5193689
0,0,0.00014096613
0,0,0.18028341
0,1,0.5388267
0,1,0.9121677
0,1,0.83744884
0,0,0.13597435
0,0,0.33500886
1,1,0.6050982
0,1,0.76393294
0,0,0.043656286
0,0,0.4425004
1,1,0.8527438
0,0,0.26717275
0,0,0.24260513
1,1,0.68801266
0,0,8.740501e-05
0,0,0.009323388
0,0,0.035929736
0,1,0.5851102
0,0,0.2101944
0,1,0.7851256
1,1,0.73688465
0,1,0.67389834
0,1,0.69114995
0,1,0.5008973
0,0,0.000851725
1,1,0.89915925
0,0,0.00919051
0,0,0.08503284
0,0,0.015754217
0,0,0.123184815
0,0,0.1281145
0,0,0.18008114
0,0,0.13683131
0,0,0.4517312
0,0,0.41284332
0,1,0.5836522
0,0,0.00013611952
0,1,0.6320453
0,0,0.0018031441
0,1,0.67971
0,0,0.20081386
1,1,0.8000926
0,0,0.47738513
0,0,0.0491964
0,1,0.61318433
0,0,0.037891332
0,0,0.242519
0,1,0.7149692
0,0,0.4308484
1,0,0.4353363
0,0,0.20228405
0,1,0.60251296
0,0,0.0001148937
0,1,0.5107573
0,0,0.08678844
0,0,0.017045677
0,1,0.56783754
0,0,0.008386761
0,0,0.14438595
0,0,0.36579043
1,1,0.72847754
0,1,0.5949131
0,0,0.49164212
0,0,0.013851292
0,0,0.09886499
0,1,0.52301615
0,0,0.38844565
1,1,0.7766846
1,1,0.5965062
0,0,0.20907322
0,0,0.0639169
0,0,0.04505066
0,0,0.16031466
0,0,0.028139515
0,0,0.060546555
0,1,0.67522293
0,0,0.021344421
0,0,0.14266019
0,0,0.24142213
1,1,0.75282687
0,0,0.029850934
0,0,0.10346775
0,0,0.013196747
0,0,0.005305419
0,0,0.00017327412
0,1,0.56001
0,0,0.34099147
1,1,0.69750303
0,1,0.7672442
0,1,0.8769813
0,0,0.0840702
1,1,0.58891827
0,1,0.7462978
0,0,0.47172022
0,1,0.7875927
1,1,0.5940966
1,0,0.43654728
0,0,0.1285867
0,0,0.013177051
0,0,0.37809923
0,0,0.011851998
0,1,0.78469753
0,0,0.14041032
0,0,0.024981901
0,0,0.26513046
0,0,0.29503262
0,0,0.3310947
0,0,0.01196528
0,0,0.09452657
1,1,0.8170016
0,1,0.7645156
0,1,0.7520416
1,0,0.12258649
0,0,0.020474833
0,1,0.5754096
0,0,0.16953145
0,0,0.04673457
0,0,0.019384516
0,0,2.6064115e-05
0,1,0.64215773
0,0,0.0059614247
0,0,0.38882837
0,0,0.1926601
0,1,0.5022005
0,0,0.04084226
0,0,0.016389575
0,0,0.0001632566
0,1,0.6017731
1,0,0.4169786
0,0,0.029640933
0,0,0.068825476
0,1,0.89932823
0,0,0.12196965
0,1,0.5481709
0,0,0.101188995
0,1,0.7783725
0,0,0.21019928
0,0,0.03495272
0,1,0.7357768
0,1,0.7271372
0,0,0.3089466
0,0,0.009184182
1,1,0.6763406
0,1,0.7143274
1,1,0.82008255
0,1,0.73427045
0,0,0.42764255
0,0,0.14380828
0,0,0.021746447
0,0,0.046066687
0,0,0.35247424
0,0,0.3897648
1,1,0.6745756
0,0,0.008256267
0,0,0.41975713
0,0,0.10638147
0,0,0.38951024
1,1,0.8640288
0,1,0.85321146
0,0,0.44809216
0,0,0.0067561064
0,0,0.045283005
0,0,0.1955123
0,0,0.15291277
0,0,0.47548202
0,1,0.65878993
0,1,0.51192105
0,0,0.2620486
1,0,0.38037956
0,0,0.0001148937
0,1,0.7450162
0,0,0.0088777635
0,0,0.03112493
0,1,0.63597625
0,0,0.03890705
0,1,0.5029641
0,1,0.822944
0,0,0.021758856
0,1,0.86276364
0,0,0.0045815823
0,0,0.045133606
1,1,0.80887234
0,0,0.042258684
0,0,0.31924433
1,0,0.36639053
0,1,0.81544864
0,1,0.7565504
0,0,0.0428808
0,1,0.7402855
0,0,0.37676203
0,0,0.037256606
0,1,0.60559624
0,0,0.20303561
0,0,0.08727718
0,0,0.12605163
0,1,0.64126825
0,0,0.03618609
0,0,0.116221584
0,0,0.0071135503
0,0,0.057893116
0,0,0.005121039
0,0,0.0973288
0,0,0.41024348
1,1,0.6811294
1,1,0.7894347
0,0,0.08590002
0,0,0.09096518
0,0,0.13483088
0,0,0.17911352
0,0,0.071601085
0,0,0.011612813
0,1,0.54641634
0,1,0.5071345
0,1,0.8325108
0,0,0.062011838
0,0,0.25175512
0,0,0.26230833
0,0,0.034984484
0,0,0.065061204
0,1,0.5974619
0,1,0.62580043
0,1,0.75942415
0,0,0.19817501
0,0,0.13680896
1,0,0.3288758
0,0,4.2864096e-05
0,0,0.061710853
0,0,0.24919437
0,0,0.25310454
0,1,0.6912728
0,0,0.009282947
1,1,0.9133174
0,0,0.034668483
1,1,0.6555864
0,0,0.1957654
0,0,0.0029560514
0,0,9.781535e-05
0,1,0.59042996
0,1,0.8046752
0,0,0.050150383
0,0,0.03635019
0,0,0.10579394
0,0,0.20355482
0,0,0.35291764
0,0,0.004951755
0,0,0.11222075
0,0,0.06689386
0,0,0.030269785
0,0,0.4994662
0,0,0.19881123
0,0,0.4764719
0,0,0.18083046
0,0,0.29860955
0,0,8.915426e-05
0,0,0.018939879
0,1,0.8005717
0,0,0.2949118
0,0,0.010614846
0,0,0.21309671
0,0,0.009585145
0,0,0.32998282
0,0,0.22976942
0,0,0.18465763
1,1,0.80010605
0,0,0.44024348
1,1,0.8074172
0,1,0.56072104
0,1,0.70678407
0,0,0.42179698
1,0,0.4095746
0,1,0.79756117
0,0,0.26760122
0,0,0.13371071
0,1,0.76409245
0,0,0.3748646
0,0,0.29381213
0,0,0.03389175
0,1,0.84324026
0,0,0.37921163
0,0,3.386797e-05
0,1,0.60639906
0,0,0.48659834
0,1,0.6705337
0,1,0.6997323
0,1,0.6509052
0,0,0.03335895
0,0,0.14827724
0,0,0.017896313
0,0,0.025404874
1,0,0.35618904
0,0,0.16421068
0,0,0.11120465
0,1,0.63199216
0,0,0.017036444
0,0,0.29674998
0,0,0.30474716
0,0,0.1501409
0,0,0.15556896
0,0,0.34038326
0,1,0.738087
0,0,0.007023099
1,1,0.80017793
0,1,0.76849157
0,1,0.5556239
0,0,0.16790755
0,0,0.36660945
0,0,0.018407436
0,0,0.014655224
0,0,0.2884073
0,1,0.7464833
0,0,0.18359846
0,1,0.6992455
0,0,0.059528556
0,0,0.060563635
0,0,0.4058251
1,1,0.7632403
0,0,0.31253076
0,0,0.06374339
0,0,4.341871e-05
0,0,0.40125385
1,1,0.7293886
0,0,0.0028198843
0,0,0.2464467
0,0,0.009349542
0,1,0.5133647
0,1,0.5773721
0,1,0.7236706
0,0,0.21573585
1,1,0.8784506
0,1,0.75105965
0,0,0.022177309
0,0,0.006359764
0,1,0.7301951
0,1,0.8031704
1,1,0.75680196
0,0,0.18721217
0,1,0.53284734
0,0,0.016967604
0,0,0.107800275
1,0,0.48578686
0,1,0.7039657
0,1,0.5367136
0,0,0.28378016
0,1,0.5684066
0,0,0.12721318
0,1,0.8463892
0,1,0.6397413
0,1,0.5506089
1,1,0.6201495
0,1,0.87423086
0,0,0.0675489
0,1,0.8134802
0,0,3.3387907e-05
0,1,0.8946027
0,0,0.029667927
0,1,0.6908408
1,0,0.37840018
0,0,0.08083017
0,0,0.008953178
0,0,0.044581287
0,1,0.7242495
0,0,0.4890834
0,0,0.115595065
0,0,0.35065266
0,1,0.66286147
0,0,0.49203175
0,0,0.09450189
0,0,0.15847737
0,0,0.37921163
0,1,0.80332893
0,0,0.04273933
0,0,0.10832919
0,1,0.5554495
0,0,0.14785823
0,0,0.30433363
0,1,0.7861704
0,0,0.097799726
0,0,0.40664926
0,0,0.26296702
0,0,0.43854326
0,1,0.7282621
0,0,0.4096932
0,0,3.386797e-05
0,0,0.4913673
0,1,0.62358624
0,0,3.386797e-05
0,1,0.8338604
0,0,0.11772686
0,1,0.6828962
0,0,0.026613617
0,1,0.82607466
0,0,0.35909423
0,1,0.6593905
0,0,0.15208274
0,0,0.13914986
0,0,0.04878017
0,0,0.21199366
0,0,0.25869724
0,0,0.23528694
0,0,0.11264272
1,1,0.6783079
0,1,0.6306395
0,0,0.056589834
0,0,0.22646867
0,0,0.061555844
0,0,0.0030736453
0,1,0.5004332
1,1,0.7624405
0,0,0.010069508
0,1,0.6652747
0,1,0.87255657
0,1,0.6660631
0,0,0.32548934
0,1,0.83381444
0,0,0.28044444
0,1,0.62661874
0,0,0.04979568
0,0,0.1451546
0,1,0.7007883
0,0,0.20547414
0,0,0.07138406
0,0,0.11811384
0,1,0.60240877
0,1,0.7488444
0,0,0.013595092
0,0,0.14233758
0,1,0.57528
0,0,0.0627945
0,1,0.7681715
0,0,0.040462986
0,1,0.5988586
0,0,0.20402142
0,1,0.72249335
1,0,0.11504882
0,0,0.04046702
0,0,0.00014037942
0,0,0.3880863
0,0,0.36769006
0,0,0.19543467
0,1,0.6642061
0,1,0.50117
1,1,0.82823384
0,0,0.40130246
0,1,0.56275505
0,1,0.7979496
0,0,0.07102116
0,0,0.295765
0,1,0.74439543
0,1,0.83855724
0,1,0.6793362
1,1,0.74690115
1,1,0.744778
0,0,0.006118201
0,0,0.36626843
0,0,0.04767193
1,0,0.48607525
0,0,0.026539793
0,0,0.26169568
0,1,0.80387217
0,0,0.002901786
0,0,0.023361107
0,1,0.7088433
0,1,0.5505945
1,1,0.70887506
0,0,0.01979148
0,0,0.01633304
0,0,0.012291717
0,0,0.22176193
0,0,0.08906567
0,1,0.71662533
0,0,0.44800273
0,0,0.47592643
0,0,0.008149944
0,1,0.8148848
0,0,0.00064165884
0,1,0.6137196
0,1,0.5169202
0,0,0.0338161
0,0,0.04112273
0,0,1.3399182e-05
0,1,0.61384374
1,0,0.06118676
0,0,0.4703114
0,0,0.06681756
0,0,0.3235539
0,0,0.0011881194
0,0,0.18183337
0,0,0.000851725
0,0,0.018407436
0,1,0.9627876
0,1,0.51514715
0,0,0.22683081
0,0,0.006991741
0,0,0.0047109607
0,0,0.19182985
1,0,0.11477178
0,0,4.46321e-05
0,1,0.51752496
0,1,0.55218816
0,0,0.0033977535
0,0,0.12109791
0,0,0.015025055
0,1,0.797896
1,1,0.60432166
0,0,0.16343316
0,0,0.021790812
1,1,0.8013244
0,0,0.47462222
0,0,0.39622247
1,1,0.55881304
0,0,0.055683807
0,0,0.01678372
1,0,0.49153608
0,0,4.341871e-05
0,0,0.28827018
0,0,0.48930484
0,0,0.12926474
0,0,0.078648046
0,0,0.48664322
1,1,0.90437204
0,0,0.00034950222
0,0,0.08320164
0,0,0.014224592
0,0,0.031838637
0,0,0.029446842
1,1,0.8191268
0,0,0.4383581
0,0,0.008714391
0,0,0.39567316
1,1,0.75512266
1,1,0.7636693
1,0,0.36374718
0,0,0.3591995
0,0,0.023221767
0,0,0.048674133
1,1,0.7819254
1,1,0.7218419
0,1,0.57010543
0,0,0.2606712
0,1,0.72451377
0,0,0.13208774
0,0,5.6275374e-05
0,0,0.3327658
1,1,0.7081819
0,1,0.7138684
0,0,0.11172403
0,0,0.14698543
0,0,0.43215743
0,0,0.4572253
0,1,0.8000926
0,0,0.06501105
0,0,0.14940827
1,1,0.92123324
0,1,0.80489814
0,0,0.29852498
0,0,0.26064864
0,1,0.78594476
0,0,0.16385934
0,0,0.33852714
0,0,0.13001025
0,0,0.42081183
0,0,0.20704277
