Actual,Predicted,Probability
0,0,0.491042
0,0,0.41880345
0,0,0.2372125
0,0,0.27096888
0,0,0.27156362
0,1,0.6527283
0,0,0.4478036
0,0,0.4016403
0,0,0.43542442
0,0,0.23161106
0,0,0.38681066
0,1,0.5878514
0,1,0.5821304
0,0,0.2206168
0,1,0.61266303
0,0,0.27378887
0,0,0.26341245
0,0,0.24761435
0,0,0.24291728
0,0,0.23521146
1,1,0.7043276
0,0,0.2211909
0,0,0.42281383
0,1,0.54295176
0,1,0.6581828
0,1,0.7306074
0,1,0.71618944
0,0,0.48316488
0,0,0.23504499
1,1,0.68124187
0,0,0.31448945
0,0,0.26608056
0,0,0.26360822
0,1,0.547268
0,0,0.43789873
0,0,0.23521146
0,0,0.4603705
0,0,0.23836958
0,0,0.27496693
0,0,0.47809875
0,1,0.5432002
0,0,0.44846308
0,0,0.31341338
0,1,0.68013126
1,1,0.675997
0,0,0.3047784
0,0,0.42306778
0,1,0.52058864
0,1,0.60824203
0,1,0.67508155
0,1,0.5575909
0,0,0.23836958
0,1,0.51870203
0,0,0.49507895
0,0,0.4603705
0,0,0.26341245
0,0,0.43662223
0,1,0.66628313
0,0,0.4574082
0,1,0.5580923
0,0,0.2372125
0,0,0.2211909
0,0,0.30238253
0,1,0.6425639
1,1,0.7043276
0,1,0.6621707
0,0,0.47335905
0,0,0.23228168
0,1,0.6118124
0,1,0.72134674
0,0,0.49975622
0,0,0.2206168
0,0,0.27496693
0,0,0.2211909
1,1,0.56707823
0,0,0.23228168
0,0,0.29915285
0,1,0.6331213
0,0,0.23621048
0,0,0.4015982
0,1,0.50837064
0,0,0.23811764
0,1,0.61545604
0,0,0.2684677
0,0,0.44418567
0,0,0.23811764
0,0,0.44135192
0,1,0.5940587
0,1,0.5408982
0,0,0.4016403
0,0,0.44135192
0,0,0.2723408
0,0,0.27142328
0,0,0.37898764
0,1,0.61206126
0,1,0.6504218
0,1,0.5203304
0,0,0.29960278
0,1,0.7043276
0,1,0.6091652
0,0,0.235812
0,0,0.3569067
0,0,0.31341338
0,1,0.6331213
0,0,0.23621048
0,0,0.2723408
1,1,0.58163583
0,0,0.23504499
1,1,0.5019855
0,1,0.6039369
0,0,0.26129892
0,0,0.23621048
0,0,0.23504499
0,1,0.6412498
0,0,0.29791218
0,1,0.5588213
1,1,0.5339297
0,0,0.36523575
0,1,0.6504218
0,0,0.223797
0,0,0.2372125
0,1,0.68962985
0,0,0.24291728
0,1,0.6130234
0,1,0.5563086
0,0,0.23521146
0,0,0.33621097
0,0,0.47494233
0,0,0.43662223
0,0,0.2211909
0,1,0.63395905
0,1,0.671852
0,0,0.2372125
0,0,0.2211909
0,0,0.2792531
0,0,0.2206168
0,0,0.23621048
0,0,0.34191427
0,0,0.2372125
0,1,0.6202078
1,1,0.62654185
0,1,0.64652675
0,1,0.62654185
0,0,0.26608056
0,0,0.29584378
0,1,0.6224819
0,0,0.38681066
0,0,0.23853765
0,0,0.48559853
0,0,0.3439234
0,0,0.46488222
0,0,0.2206168
1,1,0.5580923
0,0,0.31952274
0,0,0.23621048
0,0,0.23504499
0,0,0.3643621
0,0,0.29584378
0,1,0.66628313
0,1,0.5052845
0,1,0.60824203
0,1,0.5196539
0,0,0.23504499
0,0,0.39079586
0,0,0.40156493
0,0,0.235812
0,0,0.24393867
0,0,0.3444434
0,1,0.64871603
0,0,0.4873514
1,1,0.5344221
0,0,0.26341245
0,0,0.26360822
1,0,0.48782894
0,0,0.2947264
0,0,0.2206168
0,0,0.24393867
0,0,0.23836958
0,0,0.34562013
0,0,0.4016403
1,0,0.4882871
0,1,0.6320164
0,1,0.58279926
0,0,0.39079586
0,1,0.67101604
0,0,0.29196474
0,0,0.2723408
0,0,0.36383408
0,1,0.7047426
0,0,0.35618177
0,0,0.2792531
0,0,0.2211909
0,0,0.23621048
0,0,0.26005182
0,0,0.23621048
0,0,0.23836958
0,0,0.35445964
0,0,0.35284987
0,1,0.61838555
0,0,0.2211909
0,1,0.56774884
0,0,0.4574082
0,0,0.48088187
0,1,0.6118124
1,1,0.7056549
0,0,0.4016403
1,1,0.7043276
0,1,0.6224819
0,1,0.64779687
0,0,0.27642366
0,1,0.5580923
0,0,0.49975622
0,0,0.30431446
1,1,0.6327624
0,0,0.2723408
0,0,0.273332
0,0,0.46814427
0,1,0.60824203
1,1,0.6931652
0,0,0.27378887
0,0,0.31734475
0,1,0.62353426
0,1,0.68881434
0,0,0.23621048
0,1,0.7043276
0,1,0.5964473
0,1,0.6178065
0,1,0.5794654
0,0,0.41944012
0,1,0.6373555
0,1,0.73078215
0,1,0.6412498
0,1,0.69218826
0,0,0.30927593
0,0,0.29470345
1,1,0.74395055
0,0,0.2740439
0,1,0.5429779
0,0,0.2372125
0,0,0.45536152
0,1,0.5425915
1,1,0.5977688
0,0,0.23621048
1,1,0.7369665
0,0,0.23504499
0,1,0.61545604
0,0,0.31341338
0,0,0.29196474
0,0,0.46863136
0,1,0.57547176
0,0,0.23621048
0,0,0.46947876
0,1,0.6991555
0,0,0.2211909
0,0,0.24291728
0,1,0.60173947
0,1,0.57190955
0,0,0.3053457
0,1,0.55377674
0,0,0.23836958
0,1,0.6601116
0,1,0.6081773
0,1,0.5432002
0,0,0.43789873
0,0,0.23836958
0,0,0.34737906
0,1,0.66034997
0,1,0.58639634
0,0,0.23860244
1,0,0.38681066
0,0,0.2206168
0,0,0.27378887
1,1,0.7043276
0,0,0.26005182
0,1,0.5821304
1,0,0.4644047
0,1,0.66628313
0,1,0.6349663
0,0,0.23836958
0,0,0.2206168
0,1,0.65997416
0,1,0.51870203
0,0,0.23521146
0,0,0.273332
0,0,0.2948348
1,1,0.6878104
0,1,0.5789007
0,0,0.23811764
0,1,0.627041
1,1,0.7043276
0,1,0.6331213
0,0,0.2206168
0,0,0.2211909
0,1,0.5141859
0,0,0.4603705
0,1,0.73113155
0,1,0.5563751
1,1,0.74395055
0,0,0.23811764
0,0,0.2372125
0,1,0.6131266
0,1,0.6165305
0,0,0.3181441
0,0,0.2684677
0,0,0.26608056
0,0,0.27061793
1,1,0.6784544
0,0,0.23621048
1,1,0.7002371
0,0,0.38681066
0,0,0.23521146
0,1,0.6381225
0,0,0.34737906
0,0,0.23621048
0,0,0.23836958
0,1,0.53372794
0,1,0.54295176
0,1,0.6165305
0,0,0.25849786
0,0,0.33250752
0,1,0.6125426
0,0,0.359326
0,0,0.2815246
0,1,0.72531885
0,1,0.6339737
0,1,0.68566734
0,1,0.72407746
0,1,0.68124187
0,1,0.5743555
0,0,0.27142328
0,0,0.44846308
0,0,0.23161106
0,0,0.3827871
0,1,0.50837064
0,0,0.4873514
0,0,0.49542493
0,1,0.72170377
1,1,0.63343495
0,0,0.26129892
0,1,0.61210465
0,0,0.4016403
0,1,0.60173947
0,1,0.52099586
0,0,0.23504499
0,0,0.267287
0,0,0.2809075
0,1,0.61392444
0,0,0.39756256
0,0,0.44932112
0,1,0.6373555
0,0,0.4478036
0,0,0.47541526
0,0,0.3238185
0,0,0.2211909
0,0,0.41880345
0,0,0.49766055
0,1,0.7043276
0,0,0.23811764
0,0,0.2206168
0,0,0.27378887
0,0,0.4056562
0,0,0.24638364
0,0,0.3643621
0,0,0.2206168
0,0,0.4478036
0,0,0.33901832
1,0,0.36645833
0,1,0.56306547
0,0,0.23961142
0,0,0.23836958
0,0,0.2206168
0,0,0.359326
0,0,0.23436883
0,0,0.22184004
0,0,0.267287
0,1,0.6835941
0,0,0.34668177
0,0,0.4016403
0,0,0.235812
0,1,0.5028001
1,0,0.4638829
0,0,0.44135192
0,1,0.6350904
0,0,0.34058243
0,0,0.23504499
0,0,0.33721235
0,0,0.2723408
0,0,0.4603705
0,0,0.34737906
0,0,0.34191427
0,0,0.26005182
0,0,0.27378887
0,0,0.3498573
0,0,0.3077183
0,0,0.23504499
0,0,0.23521146
0,0,0.46488222
0,1,0.5060909
0,0,0.23228168
0,0,0.27061793
0,0,0.31607324
0,1,0.55312264
0,1,0.5580923
0,1,0.5196539
1,1,0.7043276
0,0,0.4303256
0,0,0.3871084
0,0,0.23521146
0,1,0.5196539
0,0,0.31765872
0,0,0.23504499
0,0,0.47567767
0,0,0.386757
0,1,0.6973367
0,0,0.49412808
0,0,0.42024463
0,0,0.2206168
0,1,0.54295176
0,0,0.26537368
0,1,0.60824203
0,0,0.2451962
0,0,0.49629745
0,1,0.5580923
0,0,0.36645833
0,0,0.23860244
0,0,0.26005182
0,0,0.44454026
0,0,0.2723408
0,1,0.5794654
0,0,0.28072372
0,0,0.30431446
0,0,0.39870122
0,1,0.5203304
1,1,0.66207594
0,0,0.48410013
0,1,0.5496086
0,0,0.26129892
0,0,0.23811764
0,0,0.3474328
0,0,0.31078154
0,0,0.26005182
0,0,0.30444854
0,1,0.56707823
0,0,0.26129892
0,0,0.235812
0,0,0.23621048
0,0,0.24393867
0,0,0.2206168
0,0,0.23621048
0,0,0.26129892
0,1,0.50285596
0,0,0.23521146
0,0,0.2206168
0,0,0.3181441
0,0,0.3474328
0,0,0.4313277
0,1,0.7043276
0,1,0.56707823
0,0,0.2206168
1,0,0.4313277
0,0,0.30280706
0,0,0.23521146
0,1,0.63593537
0,0,0.44535372
0,1,0.5051325
0,0,0.23521146
0,1,0.57547176
0,1,0.5425915
0,1,0.6150785
0,1,0.6081773
1,1,0.6513111
0,0,0.33621097
0,0,0.3957197
0,0,0.27378887
0,1,0.64734566
0,0,0.32242343
0,1,0.5429779
0,1,0.66628313
0,0,0.2211909
0,1,0.6317089
0,0,0.23621048
0,0,0.24291728
0,1,0.66207594
0,1,0.6331213
0,1,0.52099586
0,0,0.26608056
0,1,0.6601116
0,0,0.24002111
0,0,0.3289821
0,0,0.2372125
1,1,0.50837064
0,0,0.48410013
0,0,0.24393867
0,0,0.23621048
1,1,0.6973367
0,0,0.4439347
0,1,0.5506096
0,0,0.2206168
0,0,0.28739494
0,0,0.48410013
1,1,0.7002371
0,1,0.69927305
0,0,0.43789873
0,1,0.5826619
0,1,0.6150785
0,0,0.49975622
0,0,0.45612422
0,1,0.6165305
0,0,0.273332
0,0,0.23811764
0,0,0.26360822
0,1,0.61092985
0,1,0.59746224
0,1,0.65997416
0,0,0.267287
0,0,0.38681066
0,0,0.23521146
0,0,0.45193243
0,0,0.2451962
0,0,0.2211909
0,1,0.52493
0,0,0.235812
0,0,0.38453183
0,0,0.2211909
0,0,0.359326
0,0,0.2206168
0,0,0.26129892
0,0,0.2684677
0,0,0.23621048
0,0,0.23860244
0,0,0.23521146
0,0,0.39244574
0,1,0.68257374
0,0,0.2211909
0,0,0.31192324
0,1,0.5517973
0,0,0.27107036
0,0,0.3775241
1,1,0.54295176
0,1,0.5831561
0,0,0.35109475
0,0,0.27378887
0,1,0.6224819
0,1,0.7024099
0,0,0.3181441
0,1,0.5563086
0,1,0.5571009
0,0,0.27061793
0,0,0.38681066
0,1,0.6165305
0,0,0.24843381
0,0,0.27395865
0,0,0.23885852
1,1,0.66968066
0,1,0.5344221
0,1,0.6601116
0,0,0.29470345
0,1,0.52099586
0,1,0.61206126
0,0,0.27378887
0,0,0.27378887
0,1,0.62353426
0,0,0.31938127
0,0,0.2206168
0,1,0.5343994
0,0,0.23228168
0,0,0.30431446
0,0,0.2684677
0,0,0.23521146
0,0,0.4056562
0,0,0.2723408
0,0,0.34685814
0,0,0.3444434
0,0,0.26005182
0,1,0.6686751
0,1,0.7442889
0,0,0.2211909
1,1,0.67828214
0,1,0.6709113
0,0,0.27378887
0,1,0.5151277
0,0,0.27642366
0,0,0.23521146
0,1,0.5563086
0,1,0.6601116
0,1,0.61092985
0,0,0.48562813
0,1,0.6835941
0,1,0.50837064
0,0,0.31497335
0,0,0.23621048
0,0,0.2684677
1,1,0.5976729
0,0,0.46084595
0,0,0.39390895
0,0,0.23504499
0,1,0.5190355
0,1,0.60824203
0,0,0.2211909
1,1,0.61545604
0,1,0.6412498
0,0,0.235812
0,0,0.23621048
0,0,0.23621048
0,0,0.24291728
0,0,0.4387714
0,0,0.2372125
0,0,0.27061793
1,0,0.47604555
0,0,0.2206168
0,1,0.5203304
0,0,0.26341245
0,1,0.50444096
0,0,0.23961142
1,0,0.4478036
0,1,0.6897806
0,0,0.24291728
0,0,0.23621048
0,0,0.23836958
0,1,0.71618944
0,1,0.5808233
0,1,0.69827807
0,1,0.56707823
1,1,0.675997
1,1,0.51870203
0,0,0.30444854
0,1,0.5904296
1,1,0.5588213
0,1,0.6868942
0,0,0.27096888
1,1,0.5668183
1,1,0.7272292
0,0,0.2211909
0,1,0.6224819
0,0,0.23836958
0,1,0.6601116
0,1,0.66207594
0,0,0.30431446
0,1,0.6504587
1,1,0.6513111
0,1,0.5831561
0,0,0.23621048
0,0,0.26341245
0,1,0.5878514
0,1,0.7043276
0,0,0.3474328
0,0,0.23621048
0,0,0.23836958
0,0,0.24535537
0,1,0.5970136
0,0,0.48146108
0,0,0.4313277
0,1,0.5126123
0,0,0.223797
0,0,0.23504499
1,0,0.44729462
0,0,0.27824643
1,1,0.74395055
0,0,0.4469627
0,0,0.43662223
0,0,0.26360822
0,1,0.6331213
0,1,0.66527236
0,1,0.6275297
0,0,0.33190528
1,1,0.6877569
0,0,0.34668177
0,1,0.54565114
0,0,0.2206168
0,0,0.2206168
0,0,0.42271456
0,1,0.5752366
0,1,0.60824203
0,0,0.235812
0,0,0.2211909
0,0,0.46488222
0,0,0.26129892
0,0,0.23161106
1,1,0.6373555
1,0,0.2211909
0,1,0.5151097
0,1,0.5019417
0,1,0.69159365
1,1,0.54258233
0,0,0.2372125
0,1,0.5019417
0,1,0.65674675
0,0,0.23161106
0,0,0.26005182
0,0,0.4016403
0,0,0.27142328
0,0,0.24052286
0,1,0.7260039
0,0,0.43789873
0,1,0.7241815
0,0,0.2372125
0,1,0.6412498
0,0,0.23811764
0,1,0.5588213
1,1,0.52257234
0,0,0.43789873
1,1,0.5909011
0,0,0.23521146
0,0,0.4478036
0,0,0.397974
0,1,0.6919812
0,0,0.23228168
0,1,0.6854269
0,0,0.4313277
0,0,0.23504499
0,1,0.58250386
0,0,0.24740304
0,0,0.34402648
0,0,0.2206168
0,1,0.739665
0,0,0.2372125
0,1,0.65997416
0,0,0.23621048
0,0,0.2372125
0,0,0.23504499
0,1,0.73227453
0,0,0.4603705
0,0,0.2372125
0,0,0.23811764
0,0,0.29021835
0,1,0.6131266
0,0,0.49457398
0,0,0.26360822
0,0,0.23621048
1,0,0.469366
0,0,0.23811764
0,0,0.2211909
0,1,0.5831561
0,0,0.27378887
0,0,0.23621048
0,1,0.5203304
0,0,0.23860244
0,0,0.2211909
0,0,0.4391155
0,1,0.6317089
0,1,0.5940587
0,1,0.6000249
0,0,0.23621048
0,0,0.34902996
0,0,0.4574082
0,1,0.54872555
0,0,0.4638829
0,1,0.6503422
0,0,0.23836958
0,1,0.54295176
0,1,0.67508155
0,0,0.26005182
0,0,0.44247395
0,0,0.2372125
0,0,0.4955783
0,1,0.60824203
0,0,0.23521146
0,0,0.23811764
0,1,0.66628313
0,1,0.596586
0,0,0.27378887
0,0,0.23504499
0,0,0.2668859
0,1,0.7024099
0,0,0.2723408
0,1,0.5580923
0,0,0.2372125
0,1,0.58163583
0,0,0.4873514
1,1,0.6412498
1,1,0.5808233
0,0,0.40162715
0,1,0.5020528
0,1,0.7043276
0,0,0.24393867
0,0,0.23161106
0,0,0.2211909
0,0,0.23621048
0,0,0.23860244
0,0,0.30579215
0,0,0.35440543
0,1,0.68257374
0,1,0.6621707
0,1,0.6412498
0,1,0.5203304
0,1,0.5092493
0,1,0.621388
0,0,0.26360822
0,0,0.2211909
0,1,0.6385461
0,0,0.2211909
0,0,0.235812
1,1,0.54295176
0,0,0.26360822
0,0,0.45193243
0,1,0.50837064
0,1,0.6118124
0,0,0.23621048
0,0,0.27378887
0,1,0.5203304
0,0,0.24291728
1,1,0.63636684
1,1,0.7442889
0,1,0.7043276
0,0,0.29535878
0,0,0.3338157
0,1,0.630313
0,1,0.5580923
0,0,0.39719817
1,1,0.63395905
0,0,0.45193243
0,0,0.2809075
0,0,0.2211909
0,1,0.6275297
0,0,0.30579215
0,0,0.30444854
0,1,0.5432002
0,0,0.23836958
0,0,0.23504499
0,1,0.61206126
1,1,0.70528567
0,0,0.23961142
0,0,0.45886543
0,1,0.5092493
0,0,0.23621048
0,1,0.65868264
1,1,0.62353426
0,0,0.2372125
0,0,0.2206168
0,0,0.2206168
0,0,0.2211909
1,0,0.45871654
0,0,0.4603705
0,0,0.43131423
0,1,0.61545604
0,0,0.2206168
0,0,0.44535372
0,0,0.43976098
0,0,0.2684677
0,0,0.29294744
0,1,0.64871603
0,1,0.50285596
0,0,0.3019112
0,0,0.3306928
0,1,0.70528567
0,1,0.6621707
0,0,0.48889995
0,0,0.3324984
0,0,0.47494233
0,0,0.4016403
0,1,0.64871603
0,0,0.4873514
0,1,0.5970136
0,0,0.4478036
0,0,0.3181441
1,0,0.49766055
0,0,0.26438296
0,1,0.7056549
0,0,0.2206168
0,0,0.43131423
0,1,0.5940587
0,0,0.23811764
0,1,0.56950945
0,0,0.23521146
0,0,0.2211909
0,0,0.42191055
0,1,0.73227453
0,0,0.42150912
0,1,0.68029684
0,1,0.67828214
0,0,0.2684677
0,0,0.2684677
0,0,0.42281383
0,0,0.23521146
0,1,0.71712416
0,0,0.27596405
0,0,0.23504499
0,0,0.23621048
0,0,0.4603705
0,0,0.46322182
0,0,0.43789873
0,1,0.6620678
0,0,0.23621048
0,0,0.30470303
0,1,0.5964473
1,0,0.4873514
0,0,0.235812
0,0,0.2372125
0,0,0.26005182
0,0,0.4603705
0,0,0.23521146
0,1,0.6097109
0,1,0.64434683
0,0,0.24077652
0,0,0.27028987
0,0,0.26129892
0,0,0.26129892
0,1,0.5595025
0,0,0.49542493
0,0,0.2206168
0,1,0.56707823
0,1,0.52099586
0,0,0.32958165
0,0,0.26608056
1,1,0.60824203
0,0,0.23836958
0,1,0.6165996
0,1,0.66628313
0,1,0.6412498
0,0,0.23621048
0,0,0.4021926
0,0,0.23504499
0,0,0.27496693
0,1,0.5588213
0,0,0.23621048
0,0,0.26005182
0,0,0.2372125
0,0,0.2372125
0,1,0.505649
0,1,0.66628313
0,0,0.23504499
0,1,0.6165305
0,1,0.5588213
0,0,0.4873514
0,0,0.26005182
0,0,0.23504499
0,0,0.33916587
0,0,0.46597746
0,0,0.23811764
0,1,0.7043276
1,1,0.6305011
0,0,0.23621048
0,0,0.2728197
0,1,0.5817732
0,0,0.2206168
0,1,0.5575909
0,0,0.23811764
0,0,0.42306778
0,1,0.6621707
0,0,0.23621048
0,0,0.26129892
0,1,0.60824203
0,0,0.27378887
0,0,0.4638829
0,0,0.26129892
0,1,0.6023937
0,0,0.2372125
0,0,0.4893572
0,1,0.71909165
0,1,0.52099586
0,0,0.2719907
0,1,0.5981854
0,1,0.5907742
0,0,0.27642366
0,1,0.63593537
0,0,0.23504499
0,0,0.2372125
0,0,0.23621048
0,1,0.63031715
0,0,0.24077652
0,0,0.26360822
0,0,0.2211909
0,0,0.235812
1,1,0.67508155
0,0,0.2206168
0,0,0.31893623
0,0,0.49412808
0,0,0.273332
0,0,0.23621048
0,0,0.23621048
0,0,0.3827871
0,0,0.29912058
0,0,0.27764633
0,0,0.2206168
0,0,0.23521146
0,1,0.5219984
0,0,0.39027205
0,0,0.23836958
0,0,0.23961142
0,0,0.4603705
0,0,0.27358675
0,0,0.23621048
0,1,0.68013126
0,0,0.3338061
0,0,0.26341245
0,0,0.37174273
0,0,0.23621048
1,0,0.45179608
0,0,0.29196474
0,0,0.2206168
0,0,0.2723408
0,1,0.5752366
0,0,0.26005182
0,0,0.35284987
0,1,0.7043276
0,0,0.29280603
0,0,0.39079586
0,0,0.23836958
0,0,0.40643474
0,0,0.26341245
0,1,0.5595025
0,0,0.23504499
0,0,0.4016403
1,1,0.6619068
0,0,0.24761435
1,1,0.61206126
0,0,0.23621048
0,0,0.4313277
0,0,0.30665186
0,1,0.67727494
0,0,0.3827871
0,0,0.4369174
0,0,0.4955783
1,1,0.6142288
0,0,0.26608056
0,1,0.6619068
0,0,0.39756256
0,1,0.53781223
0,1,0.6919812
0,0,0.23521146
0,1,0.5092493
0,0,0.23621048
0,0,0.36645833
0,1,0.6165305
0,1,0.56707823
0,0,0.4089401
0,1,0.67828214
0,1,0.6601116
0,0,0.3775241
0,0,0.359326
0,0,0.2684677
0,1,0.71737415
0,1,0.6601116
0,0,0.2723408
0,1,0.50837064
0,0,0.24052286
0,0,0.23836958
0,1,0.5665994
0,0,0.23860244
0,0,0.49899244
0,1,0.59746224
0,0,0.32958165
0,0,0.23836958
0,1,0.65863186
0,0,0.23161106
0,0,0.29584378
0,0,0.36567962
0,0,0.4638829
0,1,0.50837064
1,1,0.65767276
0,0,0.44729462
0,0,0.2638572
0,0,0.23521146
0,1,0.66604614
0,1,0.61266303
0,0,0.49635407
0,1,0.63593537
0,0,0.32635397
0,1,0.6621707
0,0,0.3289821
0,1,0.69159365
0,0,0.23504499
0,1,0.63593537
0,1,0.6897806
0,1,0.61545604
1,1,0.572746
0,0,0.32958165
0,1,0.682055
0,1,0.50966716
0,1,0.6320164
0,0,0.23504499
0,0,0.2206168
1,1,0.6791271
0,1,0.54565114
0,0,0.38681066
0,0,0.2206168
1,1,0.6547449
0,0,0.23621048
0,0,0.2211909
0,0,0.35091594
0,1,0.7043276
0,1,0.7306074
0,0,0.47931382
0,0,0.34424534
0,0,0.26341245
0,0,0.31409198
0,1,0.6081773
0,0,0.491042
0,0,0.2211909
0,0,0.34968024
0,1,0.6286689
0,0,0.2206168
0,0,0.38681066
0,0,0.23621048
0,0,0.30238253
0,0,0.4072681
0,1,0.5821304
0,0,0.43542442
1,1,0.7043276
0,0,0.2570933
0,1,0.52975416
0,1,0.60824203
0,0,0.31448945
0,1,0.65970314
1,1,0.6761984
0,1,0.5506096
0,0,0.36501846
0,0,0.2211909
0,1,0.66251755
0,0,0.45193243
1,1,0.6621707
0,0,0.22503278
0,0,0.3707553
0,1,0.6373555
0,0,0.27061793
0,0,0.26129892
0,1,0.5103335
0,1,0.56707823
0,1,0.66968066
0,1,0.68783015
0,0,0.26005182
0,1,0.7281639
0,1,0.6078815
0,1,0.6372579
1,1,0.61191136
1,1,0.66557384
0,0,0.46739182
0,0,0.26341245
0,1,0.60824203
1,1,0.60824203
0,0,0.46193025
0,1,0.6865147
0,0,0.2684677
1,1,0.7043276
0,0,0.27096888
0,0,0.2723408
1,1,0.596586
0,0,0.44846308
0,0,0.2723408
1,0,0.46488222
0,1,0.6891951
0,0,0.27824643
0,0,0.27496693
0,1,0.6131049
0,0,0.35760194
0,1,0.66628313
1,1,0.55708474
0,0,0.4016403
0,1,0.60824203
0,1,0.5580923
0,1,0.5575909
0,1,0.50837064
0,1,0.66527236
1,1,0.56707823
0,1,0.5577398
0,1,0.7056549
0,0,0.26129892
0,0,0.49412808
0,1,0.5646697
0,0,0.303702
0,0,0.23504499
0,1,0.66628313
0,0,0.29960278
0,0,0.45886543
0,1,0.7002371
0,0,0.2372125
0,0,0.27378887
0,0,0.33621097
0,1,0.6331213
0,1,0.6281085
0,0,0.2684677
0,1,0.6045458
0,0,0.2206168
0,0,0.23521146
0,0,0.24002111
0,0,0.3898707
0,1,0.51588404
0,0,0.23521146
0,0,0.27378887
0,1,0.59608495
0,0,0.2372125
0,0,0.2719907
0,0,0.43662223
1,0,0.4955783
0,0,0.23621048
0,0,0.27971607
1,1,0.63127744
0,1,0.69159365
0,1,0.64852726
0,1,0.5212007
0,0,0.3610946
0,1,0.6078815
0,0,0.32101703
0,1,0.6275297
0,1,0.5563086
0,0,0.23836958
0,0,0.2206168
1,0,0.44846308
1,0,0.3181441
0,0,0.27971607
0,0,0.2211909
0,0,0.39756256
0,1,0.5219984
1,1,0.58974797
0,1,0.6411431
0,0,0.23504499
1,1,0.66628313
0,1,0.7043276
1,0,0.2372125
0,1,0.7043276
0,0,0.235812
0,1,0.67828214
0,0,0.23521146
0,0,0.26360822
0,0,0.23961142
0,0,0.43789873
0,0,0.24393867
0,0,0.24393867
0,1,0.59746224
0,1,0.74395055
0,0,0.3159956
0,1,0.66207594
0,0,0.2211909
0,0,0.35284987
0,1,0.5588213
0,0,0.27061793
0,0,0.2211909
0,0,0.26341245
0,1,0.6224819
0,0,0.43111968
0,0,0.2206168
0,0,0.29960278
0,0,0.42306778
0,0,0.24291728
0,0,0.26129892
0,1,0.7043276
0,1,0.57547176
0,0,0.23621048
0,0,0.24291728
0,0,0.30927593
0,1,0.54295176
0,0,0.27642366
0,0,0.3913133
0,1,0.5203304
0,0,0.48316488
0,0,0.40643474
0,0,0.2372125
0,1,0.5580923
0,1,0.5743555
0,1,0.6275297
0,0,0.27378887
0,0,0.26608056
0,1,0.65880895
0,0,0.48316488
0,0,0.43662223
0,0,0.23621048
0,1,0.6165305
1,1,0.5521667
0,0,0.36567962
0,1,0.6504587
0,0,0.26341245
0,0,0.43111968
0,1,0.50966716
0,0,0.47151858
0,0,0.31543082
0,1,0.55623555
0,1,0.5794654
0,0,0.3439234
1,1,0.65572864
0,1,0.5479285
0,0,0.24393867
1,1,0.68046415
0,0,0.2206168
0,1,0.52771544
0,0,0.2211909
0,0,0.23621048
0,1,0.5646697
0,0,0.3181441
0,1,0.50797313
0,1,0.51870203
0,1,0.57262814
0,0,0.27496693
0,1,0.5196539
0,1,0.5675857
0,0,0.23621048
0,1,0.5343994
0,0,0.3707553
0,1,0.5831561
0,1,0.5196539
0,0,0.23961142
0,0,0.45406315
0,1,0.6081773
1,1,0.639913
0,0,0.2206168
0,0,0.44729462
1,1,0.6716088
0,0,0.29791218
0,1,0.7416216
0,0,0.43789873
0,0,0.23811764
0,0,0.27378887
0,1,0.56707823
0,1,0.57547176
0,0,0.23836958
0,0,0.29960278
0,0,0.35440543
1,1,0.68013126
0,0,0.36645833
1,1,0.6412498
0,1,0.51870203
0,1,0.7056549
0,0,0.23836958
0,1,0.60173947
1,1,0.7165505
0,0,0.40948763
1,1,0.5303217
0,0,0.2684677
1,1,0.5049506
0,1,0.5060909
0,0,0.3426635
0,0,0.358155
0,0,0.48316488
1,1,0.6619068
0,1,0.6412498
0,0,0.26129892
0,0,0.2372125
0,0,0.29659328
0,1,0.56707823
1,1,0.6165305
0,1,0.66251755
0,0,0.32958165
0,0,0.2717317
0,0,0.2211909
0,0,0.2723408
0,0,0.43789873
1,1,0.61158454
1,1,0.66509986
0,0,0.2947264
0,0,0.44135192
0,0,0.42007867
0,0,0.23621048
0,1,0.51870203
0,0,0.2211909
0,1,0.5971835
1,1,0.7019747
0,0,0.3358027
0,0,0.26129892
1,1,0.5940587
0,1,0.6004069
1,0,0.3981212
0,0,0.2740439
0,1,0.5580923
0,1,0.50966716
0,0,0.35208604
0,0,0.235812
0,0,0.23521146
0,0,0.30579215
0,0,0.2206168
0,0,0.23811764
0,0,0.27395865
0,0,0.2451962
0,1,0.5103335
0,1,0.6350904
0,1,0.52771544
0,1,0.6118124
0,0,0.23811764
0,1,0.61420345
0,1,0.50285596
0,1,0.6081773
0,0,0.29960278
0,0,0.29021835
0,1,0.5831561
0,0,0.26057297
0,1,0.64642936
1,1,0.66207594
0,0,0.26129892
0,0,0.29733846
0,0,0.23504499
0,0,0.24761435
1,1,0.66261387
0,0,0.23836958
0,1,0.63662106
0,1,0.5684556
0,0,0.23161106
0,0,0.3444434
0,1,0.566216
0,1,0.6827905
0,1,0.5425915
0,0,0.29021835
0,1,0.7056549
0,1,0.65335923
0,0,0.2833992
0,0,0.23621048
0,0,0.23228168
0,0,0.33969378
0,0,0.23521146
0,0,0.29960278
0,1,0.6632746
0,0,0.43457237
0,0,0.27096888
0,0,0.23621048
0,0,0.32958165
0,1,0.59608495
0,1,0.56422377
0,0,0.34562013
0,1,0.6412498
0,1,0.6012228
0,0,0.24291728
0,0,0.38735908
0,1,0.6165305
1,1,0.7288113
0,0,0.2670907
0,0,0.235812
0,1,0.6201668
0,0,0.235812
0,0,0.26005182
0,0,0.4478036
0,0,0.3839104
0,0,0.2372125
0,0,0.27496693
0,0,0.45361874
0,1,0.6486124
0,0,0.43131423
0,0,0.2723408
0,0,0.31341338
0,0,0.26005182
0,0,0.235812
0,0,0.2206168
0,0,0.43789873
0,0,0.4603705
0,1,0.7043276
0,0,0.23811764
0,1,0.62459993
0,0,0.235812
0,0,0.2206168
0,1,0.72541595
0,0,0.23504499
0,0,0.3941569
0,0,0.36645833
0,0,0.2451962
0,0,0.27096888
0,1,0.64384377
0,1,0.5060909
0,0,0.27096888
0,0,0.42150912
0,0,0.4873514
0,0,0.33853778
0,0,0.2211909
0,1,0.5203304
0,0,0.23504499
0,0,0.29196474
0,0,0.23885852
0,0,0.2211909
0,0,0.23504499
0,1,0.54295176
0,1,0.57758105
0,1,0.6314621
0,1,0.627041
0,0,0.4478036
0,1,0.61352634
0,0,0.359326
0,1,0.5996641
0,1,0.63593537
0,0,0.3982229
0,0,0.23621048
1,1,0.67828214
0,1,0.50837064
0,1,0.5219984
0,0,0.2211909
0,0,0.4089401
0,0,0.26129892
0,1,0.5580923
0,1,0.66207594
0,0,0.35109475
0,1,0.6205157
0,0,0.47335905
0,0,0.23621048
0,1,0.6165879
1,0,0.48889995
0,0,0.359326
0,0,0.23621048
0,1,0.5673198
0,0,0.4233671
0,0,0.3338061
0,0,0.42150912
0,0,0.4016403
0,1,0.69159365
0,0,0.2206168
0,0,0.49866498
0,1,0.5940587
0,0,0.4016403
0,1,0.5429779
0,1,0.5580923
0,0,0.27107036
0,0,0.2372125
0,1,0.51870203
0,1,0.5899694
0,0,0.27596405
0,1,0.5060909
0,1,0.62213176
0,0,0.3941569
0,0,0.39079586
0,0,0.26341245
0,0,0.2211909
0,1,0.5203304
0,0,0.26826963
0,0,0.42496696
0,0,0.4478036
0,1,0.6601116
0,0,0.36721763
0,1,0.65335923
0,0,0.2668859
0,0,0.31766498
0,0,0.30886286
0,0,0.2211909
0,0,0.26129892
0,0,0.23836958
0,1,0.5060909
0,0,0.27378887
0,0,0.2211909
0,0,0.23621048
0,0,0.358155
0,1,0.5674205
0,0,0.29590216
0,0,0.27327606
0,1,0.5051865
0,0,0.23836958
0,0,0.23621048
0,0,0.23621048
0,0,0.2211909
0,0,0.2372125
0,0,0.2206168
0,1,0.7043276
0,0,0.3949596
0,0,0.24291728
0,0,0.3295726
0,1,0.57175654
0,0,0.4313277
0,0,0.27378887
0,1,0.61092985
0,1,0.65920967
0,1,0.50609773
0,0,0.23504499
0,0,0.42150912
1,1,0.6791271
0,1,0.5343994
0,1,0.6621707
0,1,0.60824203
0,1,0.57383156
0,0,0.27824643
0,0,0.24638364
0,1,0.65920967
0,0,0.42007867
0,0,0.2211909
0,0,0.37174273
0,0,0.27096888
0,1,0.7286065
0,0,0.4072681
0,1,0.6165305
0,0,0.4478036
0,0,0.23811764
0,0,0.43610397
0,1,0.5496086
0,0,0.36567962
0,1,0.65997416
0,1,0.5203304
0,0,0.3467675
0,1,0.6349663
0,0,0.23504499
0,0,0.23521146
0,0,0.45869598
0,0,0.310962
0,0,0.26360822
0,0,0.26129892
0,0,0.39756256
0,0,0.2723408
0,1,0.5831561
0,0,0.2372125
0,0,0.3514424
0,0,0.3941569
0,1,0.61266303
0,1,0.5668785
0,1,0.64642936
0,0,0.43789873
0,1,0.5203304
0,0,0.23853765
1,1,0.675997
0,1,0.67828214
0,1,0.5203304
0,1,0.5343994
0,1,0.69159365
0,0,0.23836958
0,1,0.6081773
1,0,0.23836958
0,0,0.26341245
0,0,0.2211909
0,0,0.23961142
1,0,0.30934143
0,0,0.34492445
0,0,0.31409198
0,0,0.48559853
0,1,0.63593537
0,0,0.32958165
0,0,0.359326
0,0,0.4873514
0,0,0.2372125
0,0,0.38681066
0,1,0.6286689
0,0,0.49764615
1,1,0.68962985
0,0,0.2211909
0,0,0.39079586
0,0,0.35444903
0,1,0.5203304
0,0,0.27061793
0,0,0.35284987
0,0,0.38165238
0,0,0.22503278
0,0,0.23621048
0,1,0.6619068
0,0,0.4016403
0,0,0.24761435
0,1,0.5093371
0,0,0.2211909
0,1,0.62459993
0,1,0.54295176
0,0,0.4873514
0,0,0.23836958
0,1,0.67660016
1,1,0.6039369
0,0,0.2211909
0,0,0.23961142
0,0,0.4644047
0,0,0.2728197
1,1,0.6428232
0,0,0.49866498
0,0,0.23521146
0,0,0.3827871
0,0,0.48782894
1,1,0.70979375
0,0,0.27327606
0,0,0.24291728
0,0,0.23621048
0,0,0.23836958
0,0,0.45886543
0,0,0.34902996
0,0,0.43662223
0,0,0.4478036
0,1,0.5863804
0,0,0.22823581
0,0,0.23504499
0,0,0.2211909
0,1,0.5563086
0,0,0.26608056
0,0,0.2206168
0,0,0.2211909
0,1,0.6275297
0,0,0.36783913
0,1,0.7024099
0,1,0.5794654
0,0,0.273332
0,0,0.3913133
0,1,0.6258156
1,1,0.5981854
0,0,0.31341338
0,1,0.6470815
0,0,0.2372125
0,1,0.5646697
0,0,0.24174513
0,1,0.6654955
0,1,0.60824203
0,1,0.71299195
0,0,0.30444854
0,1,0.6725112
0,0,0.23504499
0,1,0.60824203
0,0,0.33853778
0,1,0.7133555
0,0,0.4016403
0,0,0.23621048
0,0,0.24291728
0,0,0.26129892
0,1,0.50311553
0,0,0.33250752
1,1,0.6865147
0,0,0.2211909
0,1,0.5684556
0,0,0.48559853
1,1,0.6275297
0,0,0.24638364
0,0,0.23521146
0,1,0.6412498
0,0,0.23836958
0,0,0.4893572
0,1,0.52099586
0,1,0.5506096
0,1,0.5234214
0,1,0.6983043
0,0,0.23621048
0,0,0.46650854
0,0,0.24174513
1,1,0.61206126
0,0,0.27096888
0,0,0.3534088
0,0,0.4056562
0,1,0.6412498
1,1,0.72541595
1,1,0.6854269
0,1,0.5432002
0,0,0.48410013
0,0,0.3292652
0,1,0.5794654
0,1,0.6865147
0,1,0.69827807
0,1,0.5821304
0,0,0.23860244
1,1,0.63395905
0,0,0.27378887
0,1,0.63395905
1,1,0.61352634
0,0,0.2684677
0,0,0.35530856
0,0,0.4089401
0,1,0.63790005
0,0,0.23504499
0,0,0.3444434
0,1,0.66628313
0,1,0.62475127
0,0,0.23860244
0,0,0.42024463
0,0,0.3155618
0,0,0.49629745
0,0,0.4574082
0,0,0.35109475
0,1,0.50837064
0,0,0.32186392
0,0,0.26360822
0,1,0.6101143
0,0,0.47494233
0,1,0.50090545
0,0,0.43542442
0,0,0.273332
1,1,0.72407746
0,0,0.40586528
0,1,0.5506096
0,0,0.235812
0,1,0.50444096
0,1,0.62661886
0,0,0.23504499
0,0,0.2211909
1,1,0.66557974
0,0,0.45193243
0,1,0.5203304
0,0,0.34076467
0,0,0.2206168
0,1,0.60754675
0,0,0.26360822
0,0,0.3289821
0,0,0.4016403
0,0,0.2570933
0,0,0.4478036
0,0,0.3871084
0,0,0.23621048
0,1,0.56306547
0,1,0.64642936
0,0,0.4016403
0,0,0.23621048
0,0,0.2211909
0,0,0.2947264
0,1,0.54565114
1,1,0.63593537
0,0,0.49766055
0,0,0.49564692
0,0,0.23621048
0,0,0.29960278
0,1,0.6508258
0,0,0.43189132
0,0,0.3181441
0,0,0.24638364
0,0,0.23621048
0,0,0.235812
0,0,0.2206168
0,0,0.2206168
0,0,0.2211909
0,0,0.24291728
0,0,0.23161106
0,0,0.2206168
0,1,0.62031287
0,1,0.50966716
0,1,0.58528286
1,1,0.68962985
0,0,0.23811764
0,0,0.23836958
0,0,0.26005182
0,0,0.24052286
0,0,0.24761435
0,0,0.35440543
0,1,0.5831561
0,0,0.2723408
0,0,0.4478036
0,0,0.3019112
0,0,0.39149788
0,0,0.23621048
0,0,0.3104101
0,0,0.2723408
0,0,0.2684677
0,0,0.23504499
0,1,0.5343994
0,0,0.23521146
0,0,0.2792531
0,0,0.35403538
0,0,0.2206168
1,1,0.5668785
0,0,0.2211909
0,1,0.50837064
0,1,0.53372794
0,0,0.223797
0,1,0.52257234
0,1,0.6444873
0,1,0.71936375
0,0,0.3843741
0,1,0.5817732
1,0,0.2206168
0,1,0.51870203
0,0,0.3439234
0,0,0.2638572
0,1,0.6006311
0,0,0.491042
0,0,0.24291728
0,1,0.56707823
0,0,0.4478036
0,0,0.23504499
1,1,0.6131049
0,1,0.5203304
0,0,0.3155618
1,1,0.671852
0,0,0.2206168
0,0,0.2211909
1,1,0.7041731
0,0,0.3569067
1,1,0.572746
0,0,0.2668859
0,0,0.2211909
0,0,0.3949596
0,0,0.2684677
0,0,0.2372125
0,0,0.235812
1,1,0.5670519
0,0,0.2206168
0,0,0.23504499
0,0,0.24291728
0,1,0.6561296
0,1,0.6709113
0,0,0.42660636
0,1,0.5554745
0,0,0.4478036
0,1,0.6275297
0,0,0.33804476
0,1,0.5580923
0,0,0.4016403
0,1,0.6258156
0,0,0.23836958
0,0,0.23860244
0,0,0.2206168
0,0,0.2211909
1,1,0.5203304
0,0,0.26005182
0,0,0.23621048
0,0,0.23836958
0,1,0.61545604
0,0,0.2206168
0,0,0.4016403
1,0,0.23621048
0,1,0.5563086
0,1,0.5878514
1,1,0.5494892
0,1,0.67506254
0,0,0.34191427
0,0,0.3514424
0,0,0.48146108
0,1,0.6621707
1,1,0.5219984
0,0,0.46488222
0,0,0.3839104
0,0,0.29196474
0,0,0.2684677
0,1,0.6165305
0,0,0.2206168
1,1,0.6258156
0,1,0.56306547
0,0,0.359326
0,1,0.54295176
0,0,0.310852
0,0,0.4313277
0,0,0.2372125
0,1,0.5964473
0,0,0.23504499
0,0,0.23228168
0,0,0.30934143
0,1,0.68962985
1,1,0.70877844
0,1,0.57949847
0,0,0.27096888
0,0,0.23836958
0,0,0.37361184
0,1,0.67508155
0,1,0.65997416
0,0,0.3949596
0,1,0.5577302
0,0,0.2211909
0,0,0.23521146
0,0,0.42024463
0,0,0.23621048
0,1,0.65997416
1,0,0.4873514
0,1,0.5209509
0,0,0.27642366
0,0,0.23860244
0,0,0.2211909
0,0,0.2206168
0,1,0.50609773
0,0,0.235812
0,1,0.71291584
0,0,0.43789873
0,1,0.5203304
0,1,0.64642936
0,0,0.3181441
0,0,0.34842512
0,0,0.2723408
0,0,0.34237477
1,1,0.7006522
0,0,0.39049906
0,0,0.29422584
0,1,0.5563086
1,1,0.66628313
0,1,0.66527236
0,0,0.4016403
0,1,0.60824203
0,0,0.2206168
0,0,0.39313588
0,0,0.49975622
0,0,0.49412808
0,0,0.47930422
0,0,0.2211909
0,0,0.2451962
0,1,0.59608495
0,1,0.5524552
0,1,0.6991555
0,0,0.2211909
0,0,0.37361184
0,0,0.23521146
0,1,0.5580923
0,0,0.23811764
0,0,0.46108034
0,0,0.22445162
0,0,0.4021926
0,1,0.6103636
0,0,0.23621048
0,0,0.29960278
0,0,0.2206168
1,1,0.6878104
0,0,0.26129892
0,1,0.5060909
1,1,0.65997416
0,0,0.2372125
0,0,0.42150912
0,1,0.7309569
0,1,0.6621707
0,0,0.31952274
1,1,0.71997786
0,1,0.60824203
0,1,0.59746224
0,0,0.24393867
1,1,0.60824203
0,1,0.6711052
0,0,0.23504499
0,1,0.63593537
0,0,0.40586528
1,1,0.74395055
1,1,0.60824203
0,0,0.24174513
0,0,0.2211909
1,1,0.56707823
0,0,0.2206168
0,1,0.68813837
0,0,0.2211909
0,0,0.23836958
0,1,0.5818458
0,0,0.31341338
0,0,0.42070648
0,1,0.7043276
0,0,0.2206168
0,0,0.23621048
0,1,0.5727968
1,1,0.6412498
0,0,0.355525
0,0,0.42636243
0,0,0.2206168
0,0,0.4016403
0,0,0.359326
0,1,0.5684556
0,0,0.39079586
0,0,0.47494233
0,0,0.26608056
1,1,0.73227453
0,0,0.26360822
0,0,0.24291728
0,1,0.7002371
0,0,0.235812
0,0,0.23621048
0,1,0.6503422
0,1,0.6349437
0,0,0.2211909
0,1,0.5575909
0,0,0.43789873
0,0,0.23961142
0,0,0.34737906
0,0,0.4603705
0,0,0.24393867
0,0,0.44135192
0,1,0.65453327
0,0,0.36567962
0,0,0.24291728
0,0,0.23504499
0,0,0.4603705
0,0,0.4478036
0,1,0.5909011
0,1,0.6431571
0,0,0.42150912
0,0,0.2723408
0,0,0.31448945
0,0,0.46275428
1,1,0.7043276
0,0,0.38093558
0,0,0.31409198
0,0,0.23836958
0,1,0.7002371
0,0,0.2372125
1,0,0.3230557
0,0,0.33804476
0,0,0.43131423
1,1,0.5203304
0,1,0.5308552
0,0,0.23621048
0,1,0.56707823
1,1,0.6412498
1,1,0.6621707
0,1,0.5344221
0,1,0.5505673
1,1,0.71291584
0,0,0.4873514
1,1,0.7043276
0,0,0.2668859
0,1,0.66527236
0,0,0.33853507
0,0,0.4574082
0,1,0.5563086
0,0,0.26129892
0,0,0.49412808
1,1,0.5019417
0,0,0.2206168
0,1,0.55623555
0,0,0.4246667
0,0,0.23621048
0,0,0.39079586
1,1,0.6412498
0,1,0.5588213
0,1,0.56306547
0,0,0.28072372
0,0,0.23811764
0,0,0.38681066
0,0,0.3439234
0,0,0.23621048
0,0,0.23521146
0,0,0.49880326
0,0,0.34191427
0,1,0.5909011
0,1,0.5203304
0,0,0.27642366
0,0,0.30238253
0,1,0.6165305
0,0,0.2206168
0,0,0.35109475
0,0,0.2211909
0,0,0.4056562
0,0,0.4729358
0,1,0.59480095
0,0,0.41616425
0,1,0.68317527
0,1,0.6769403
1,0,0.45193243
0,1,0.572746
0,0,0.2211909
0,1,0.6039815
0,0,0.3474328
0,1,0.6619068
0,0,0.23521146
0,0,0.24291728
0,0,0.4016403
0,1,0.63127744
0,1,0.6115981
1,1,0.70189697
0,0,0.30927593
0,1,0.5563086
0,1,0.5429779
1,1,0.5203304
0,0,0.23860244
0,0,0.33250752
0,0,0.3077183
0,1,0.53025
0,1,0.61206126
0,1,0.7043276
0,1,0.6504218
0,0,0.32958165
0,1,0.7043276
0,0,0.38681066
0,0,0.27824643
0,1,0.60824203
0,1,0.6973367
0,1,0.60824203
0,0,0.4275805
0,0,0.384426
1,1,0.55708474
0,0,0.2206168
0,0,0.2211909
0,0,0.23836958
0,0,0.27824643
0,0,0.4027074
0,1,0.61545604
0,0,0.23621048
0,0,0.23811764
0,0,0.2372125
0,1,0.68783015
0,0,0.2372125
0,1,0.57262814
0,1,0.6602058
0,0,0.23504499
0,1,0.6412498
0,1,0.74395055
0,1,0.6716088
0,0,0.4603705
0,0,0.26360822
1,1,0.68029684
0,0,0.47930422
0,0,0.27124318
0,0,0.26341245
0,1,0.7043276
0,0,0.3943481
0,1,0.61191136
0,0,0.3514424
0,0,0.23621048
0,0,0.2206168
0,1,0.64446473
0,0,0.49351546
1,1,0.6444873
1,1,0.71472555
0,0,0.4016403
0,1,0.6601116
0,0,0.2211909
1,1,0.59608495
0,0,0.23811764
1,1,0.6296125
0,0,0.24761435
0,0,0.38257027
0,0,0.23860244
1,0,0.4822823
0,0,0.2206168
0,1,0.50837064
0,0,0.49120176
0,1,0.6621707
0,0,0.4016403
0,0,0.48908466
0,0,0.23836958
0,1,0.6165305
0,0,0.46863136
0,0,0.26005182
0,0,0.26598394
0,1,0.6619068
0,0,0.23860244
0,0,0.2206168
0,0,0.23504499
0,0,0.23504499
0,1,0.7024099
1,1,0.5940587
0,0,0.48316488
0,1,0.69390005
0,0,0.4922611
0,0,0.39149788
0,0,0.33916587
0,0,0.23521146
0,0,0.4469627
0,1,0.67828214
0,1,0.5667906
0,0,0.4478036
1,1,0.5595025
1,1,0.65868264
1,1,0.6601116
0,0,0.235812
0,0,0.235812
0,0,0.45193243
0,0,0.2206168
0,1,0.65514654
0,0,0.2451962
0,0,0.23621048
0,0,0.2570933
0,1,0.5408982
0,0,0.31341338
0,1,0.6983043
0,0,0.2206168
0,0,0.4603705
0,0,0.23521146
0,0,0.4873514
0,1,0.6621707
0,0,0.45831013
0,0,0.4729358
0,0,0.310917
0,1,0.61420345
0,0,0.43610397
0,0,0.4873514
0,0,0.22184004
0,0,0.41481656
0,1,0.6709113
0,0,0.4478036
0,1,0.54295176
0,0,0.2719907
0,0,0.40162715
0,0,0.3077183
1,1,0.61206126
0,1,0.64734566
0,0,0.26360822
0,0,0.26608056
0,0,0.26360822
0,1,0.5580923
0,0,0.23504499
0,0,0.3338061
0,0,0.2206168
0,0,0.23521146
1,0,0.2809075
0,0,0.34737906
0,0,0.2211909
0,1,0.671852
0,1,0.5942519
0,0,0.2754487
0,1,0.5203304
0,1,0.6486124
0,0,0.2723408
0,0,0.24077652
0,1,0.54295176
0,1,0.639913
0,0,0.23621048
0,0,0.2684677
0,1,0.5425915
1,1,0.65737087
0,1,0.60114825
0,1,0.6165305
0,0,0.2372125
0,0,0.3181441
0,0,0.2728197
0,1,0.5706741
0,0,0.4016403
0,0,0.2211909
1,0,0.35495868
0,0,0.4246667
0,0,0.2684677
0,0,0.45361874
0,1,0.5964473
0,1,0.50285596
0,0,0.31437755
0,1,0.69643605
1,1,0.66628313
0,0,0.36645833
0,0,0.32186392
0,0,0.2686686
0,0,0.26129892
0,0,0.2723408
0,0,0.23836958
0,0,0.26618096
0,0,0.48559853
1,1,0.5588213
0,0,0.23621048
0,1,0.69159365
0,0,0.4016403
0,1,0.5343994
0,1,0.66968066
0,0,0.23811764
0,0,0.23621048
0,0,0.23504499
0,0,0.25637498
0,1,0.7043276
0,1,0.6431571
1,1,0.6983043
0,0,0.23836958
0,0,0.47455284
0,0,0.36721763
0,1,0.5408982
0,1,0.5554745
0,0,0.23504499
0,0,0.26005182
0,1,0.70151794
0,1,0.58250386
1,1,0.56707823
1,1,0.6524878
0,0,0.24291728
0,0,0.23621048
0,1,0.671852
0,1,0.5794654
0,1,0.50966716
0,1,0.5707997
0,0,0.2206168
0,1,0.6422378
1,1,0.68906265
0,0,0.2211909
0,0,0.26129892
0,1,0.6277129
0,0,0.39390895
0,0,0.4162472
0,0,0.2372125
0,0,0.23621048
0,1,0.5496086
0,1,0.5673198
0,1,0.6118124
0,1,0.51870203
1,1,0.69927305
0,0,0.23521146
0,0,0.24291728
0,0,0.24393867
0,0,0.36530122
0,0,0.4478036
0,0,0.3982229
0,0,0.2206168
0,0,0.27496693
0,0,0.23621048
1,1,0.6877569
0,1,0.67828214
0,1,0.55708474
0,0,0.23621048
0,0,0.27590778
0,1,0.67508155
0,0,0.2570933
0,1,0.6983043
0,0,0.2206168
1,1,0.6769403
0,1,0.5339297
0,0,0.26360822
0,1,0.504056
1,1,0.6542073
0,0,0.38681066
0,1,0.6474464
0,1,0.52058864
0,1,0.61545604
0,0,0.23836958
0,1,0.63395905
0,0,0.23621048
0,0,0.2211909
0,0,0.31018484
0,0,0.3187051
0,0,0.4873514
0,1,0.69827807
0,0,0.3077183
0,0,0.2684677
0,0,0.2684677
0,1,0.65863186
1,1,0.7442889
0,0,0.2206168
0,0,0.33321258
0,0,0.34076467
0,0,0.25663063
0,0,0.33321258
0,1,0.54295176
0,1,0.6452088
1,1,0.5580923
0,0,0.38994104
1,1,0.5103335
0,0,0.26360822
0,1,0.56998616
0,1,0.62178665
1,1,0.50444096
0,1,0.6142875
0,0,0.2451962
0,1,0.7043276
1,1,0.7442889
0,0,0.23811764
0,1,0.50837064
0,1,0.67828214
0,1,0.5331105
0,0,0.23836958
0,0,0.2947264
0,0,0.23521146
0,0,0.27378887
0,0,0.23621048
0,0,0.2206168
0,1,0.68124187
0,1,0.67828214
1,0,0.38994104
0,0,0.26360822
0,1,0.50609773
0,0,0.3014723
0,0,0.2372125
0,1,0.61266303
1,0,0.26129892
0,0,0.23504499
0,1,0.6258156
0,0,0.24291728
0,0,0.27142328
0,1,0.7043276
1,0,0.3439234
0,1,0.51870203
1,1,0.6444873
0,0,0.3941569
0,1,0.5191915
0,0,0.4313277
0,1,0.52058864
0,0,0.31341338
0,0,0.2211909
0,0,0.3876634
0,0,0.34076467
0,0,0.2206168
0,0,0.235812
1,1,0.639913
0,0,0.44021747
0,0,0.45490482
0,0,0.23811764
0,0,0.28605852
0,1,0.6993671
1,1,0.63343495
0,0,0.4478036
0,1,0.60824203
0,1,0.6632746
0,0,0.27642366
0,0,0.29791218
0,0,0.23504499
0,0,0.26438296
0,0,0.2206168
0,1,0.547268
0,1,0.55377674
0,1,0.63395905
1,1,0.63593537
1,1,0.74395055
0,0,0.27378887
0,0,0.2372125
0,1,0.50966716
0,0,0.30934143
0,0,0.2206168
0,0,0.4603705
0,0,0.3941569
0,0,0.2686686
0,0,0.4603705
0,1,0.66207594
0,0,0.2684677
0,0,0.4016403
1,1,0.5425915
0,1,0.6286689
0,0,0.24291728
0,0,0.2211909
1,1,0.5821304
0,0,0.39313588
0,0,0.23521146
0,0,0.4016403
0,1,0.67406535
0,0,0.45361874
0,0,0.2211909
0,0,0.23836958
0,1,0.6373555
0,0,0.2211909
0,0,0.223797
0,0,0.23621048
0,1,0.6827905
0,1,0.66628313
0,0,0.26608056
0,1,0.5866185
0,0,0.30934143
0,1,0.6001673
0,1,0.6412498
0,0,0.36567962
0,1,0.50837064
1,1,0.5826619
0,1,0.6081773
0,1,0.66207594
0,0,0.46193025
0,0,0.27378887
0,0,0.23836958
0,1,0.55377674
0,1,0.67059606
0,1,0.69159365
0,1,0.6331213
0,1,0.7043276
0,0,0.235812
0,0,0.4729358
1,1,0.6320164
0,0,0.43789873
0,1,0.55184865
0,0,0.23504499
0,1,0.5092493
0,1,0.6877569
0,1,0.6473914
0,0,0.36645833
0,0,0.49542493
0,0,0.23621048
0,0,0.26129892
0,1,0.5429779
1,1,0.69160235
0,0,0.46084595
0,0,0.2211909
0,0,0.4016403
1,1,0.6731467
0,0,0.29791218
0,0,0.2206168
1,0,0.3827871
0,0,0.27107036
0,0,0.2372125
0,0,0.22184004
1,1,0.6331213
0,1,0.64628935
0,0,0.27378887
0,0,0.48559853
0,1,0.52099586
0,1,0.57547176
0,0,0.23836958
0,1,0.5287343
0,0,0.235812
0,1,0.5506096
0,0,0.4016403
0,0,0.27142328
1,1,0.6931652
0,1,0.7056549
0,0,0.24393867
0,1,0.54295176
0,0,0.49412808
1,1,0.63593537
0,0,0.39079586
0,0,0.23836958
0,0,0.43709826
1,1,0.6619068
1,1,0.7442889
0,1,0.7043276
0,1,0.627041
0,0,0.3756115
0,0,0.23621048
0,1,0.6412498
0,1,0.6993671
0,1,0.5563086
0,1,0.63395905
0,1,0.56306547
0,0,0.26129892
0,0,0.2206168
0,0,0.23521146
0,1,0.5506096
0,0,0.4313277
0,1,0.6350904
0,0,0.23504499
0,0,0.2206168
0,0,0.26129892
0,0,0.23860244
0,0,0.23521146
0,1,0.5076392
0,0,0.35444903
0,0,0.27378887
0,0,0.29021835
0,0,0.2206168
0,1,0.596586
0,0,0.2372125
0,1,0.621388
0,1,0.7024099
0,1,0.5060909
0,0,0.3049356
0,0,0.23621048
0,0,0.2211909
0,0,0.23853765
1,1,0.6381225
0,1,0.56707823
0,0,0.24535537
0,0,0.46193025
0,1,0.66251755
1,1,0.7260039
0,0,0.4638829
0,0,0.49642408
0,0,0.4603705
0,0,0.27107036
1,1,0.5831561
1,0,0.26129892
0,0,0.38994104
1,1,0.52257234
0,1,0.627041
0,0,0.31448945
0,0,0.4154062
0,0,0.27078217
0,1,0.56707823
0,0,0.25637498
0,1,0.54295176
0,0,0.2211909
0,1,0.61545604
0,1,0.6123547
0,1,0.58731663
0,0,0.47567767
0,0,0.23504499
0,1,0.5425915
0,0,0.32958165
0,1,0.5831561
0,0,0.348706
0,0,0.2211909
0,1,0.54295176
0,0,0.26129892
0,1,0.65997416
0,1,0.6621707
0,1,0.5964473
0,1,0.51870203
0,1,0.7043276
0,0,0.24535537
0,0,0.23521146
0,0,0.27327606
0,1,0.5588213
0,0,0.26341245
0,1,0.63593537
0,0,0.39685658
0,0,0.23961142
0,1,0.5103335
0,1,0.6621707
0,0,0.38892388
0,0,0.2211909
0,0,0.23504499
0,0,0.359326
0,0,0.2372125
0,0,0.23621048
0,0,0.2211909
0,1,0.5580923
0,0,0.27590778
0,0,0.45490482
0,0,0.2211909
0,1,0.6844097
0,1,0.5752366
0,0,0.45193243
0,0,0.35109475
0,1,0.69878155
1,1,0.6412498
0,1,0.5831561
1,1,0.62459993
0,0,0.24174513
1,1,0.6081773
0,0,0.23557921
0,0,0.23811764
0,0,0.3682477
0,0,0.23504499
0,1,0.55353844
0,0,0.23504499
0,0,0.27142328
0,1,0.6621707
1,1,0.6516392
0,0,0.23836958
0,0,0.34313616
0,1,0.5261269
0,0,0.23504499
0,1,0.6176182
0,0,0.23621048
0,0,0.2206168
0,0,0.31252724
0,0,0.2372125
0,1,0.63662106
1,1,0.67828214
0,0,0.4070431
0,0,0.23504499
0,0,0.26005182
0,0,0.23504499
0,0,0.23621048
0,0,0.34020275
0,0,0.26129892
0,0,0.23853765
0,1,0.547268
1,1,0.68013126
0,0,0.23504499
0,0,0.3949596
1,1,0.67508155
0,0,0.2211909
1,1,0.6615012
0,1,0.62779593
0,0,0.44542542
0,0,0.23621048
0,1,0.5261269
0,0,0.23961142
0,1,0.5126123
1,1,0.7044343
0,0,0.49412808
0,1,0.67508155
0,0,0.22184004
0,0,0.45361874
0,0,0.44135192
0,0,0.48410013
0,0,0.23504499
0,0,0.2694789
0,1,0.65514654
0,0,0.23621048
0,1,0.54295176
0,1,0.6186373
1,1,0.7024099
0,1,0.61206126
0,0,0.4313277
0,1,0.6686751
0,0,0.26360822
0,0,0.23621048
0,0,0.23504499
0,1,0.60907304
0,0,0.2206168
0,0,0.48146108
0,1,0.59746224
0,0,0.2206168
0,1,0.6983043
0,0,0.39149788
0,0,0.26129892
0,0,0.39266613
0,0,0.23836958
0,1,0.7024099
0,0,0.235812
0,0,0.43542442
0,0,0.31341338
0,1,0.7069922
0,0,0.4016403
0,1,0.7306074
0,0,0.23836958
0,0,0.35109475
0,0,0.436795
0,0,0.2211909
0,1,0.6983043
1,1,0.66207594
0,0,0.29960278
0,0,0.4313277
0,0,0.43662223
0,0,0.4873514
0,0,0.2211909
0,0,0.37588313
0,0,0.23521146
0,0,0.26005182
1,1,0.6621707
1,1,0.66628313
0,0,0.26341245
0,0,0.23161106
0,1,0.5940587
1,1,0.72541595
0,1,0.7002371
0,0,0.28037232
0,0,0.4016403
0,0,0.28469673
0,1,0.7043276
0,0,0.23621048
1,1,0.7056549
0,0,0.2206168
0,1,0.6492979
1,0,0.4638829
0,0,0.26598394
0,0,0.2211909
1,1,0.6486124
0,0,0.23836958
0,0,0.3949596
0,0,0.235812
0,0,0.23504499
0,0,0.23621048
0,0,0.49244288
0,0,0.26598394
0,0,0.23836958
0,0,0.23504499
0,1,0.5506096
0,0,0.26129892
0,0,0.38681066
1,0,0.43542442
0,0,0.2684677
0,0,0.4162472
1,1,0.50837064
0,0,0.2684677
0,0,0.26005182
0,0,0.23621048
0,0,0.2206168
0,0,0.4478036
0,0,0.44135192
0,0,0.3905772
0,0,0.273332
0,0,0.27327606
0,1,0.6381225
0,0,0.23161106
0,0,0.2211909
0,0,0.33853778
0,0,0.35003275
0,0,0.2211909
0,1,0.547268
0,0,0.2211909
0,0,0.359326
0,0,0.24291728
0,0,0.2211909
0,1,0.5203304
0,1,0.6769403
0,1,0.7024099
0,0,0.39756256
0,1,0.6526977
0,1,0.5981854
0,1,0.53397995
0,0,0.29733846
0,0,0.2206168
0,0,0.2211909
0,1,0.5831561
0,0,0.46193025
0,0,0.34902996
0,1,0.62213176
0,0,0.23504499
0,1,0.50837064
0,0,0.2719907
0,0,0.23853765
0,0,0.3558706
1,1,0.602601
0,0,0.4478036
0,1,0.64642936
0,1,0.54295176
0,0,0.38862023
0,0,0.2211909
0,0,0.2206168
0,0,0.31380492
0,0,0.3801067
0,0,0.32958165
0,0,0.23621048
0,1,0.54295176
0,0,0.25637498
0,1,0.66251755
0,0,0.235812
0,1,0.60824203
0,0,0.23621048
0,0,0.4638829
0,1,0.59746224
0,0,0.24291728
0,0,0.34668177
0,0,0.2206168
0,0,0.235812
0,0,0.40643474
0,0,0.24291728
0,0,0.2723408
0,0,0.26608056
0,0,0.35440543
0,0,0.2570933
0,0,0.2211909
0,0,0.23961142
0,0,0.49629745
0,1,0.6412498
0,0,0.29470345
0,0,0.26005182
0,0,0.23621048
1,1,0.65674675
0,0,0.24761435
0,0,0.33916587
0,0,0.26360822
0,0,0.45536152
0,0,0.36358738
0,1,0.64384377
0,1,0.71594715
0,0,0.30886286
0,0,0.3514424
0,0,0.3827871
0,0,0.4603705
0,0,0.2206168
1,1,0.69927305
0,1,0.7043276
0,1,0.50966716
1,1,0.6424151
0,1,0.6165305
0,0,0.38681066
0,1,0.60824203
0,1,0.5151277
1,1,0.6868942
1,1,0.5432002
0,0,0.23621048
0,0,0.31607324
1,1,0.7043276
0,0,0.4313277
0,1,0.60824203
0,0,0.4313277
0,1,0.6258156
0,0,0.26129892
0,0,0.2211909
0,1,0.61420345
0,0,0.39719817
0,1,0.6621707
0,1,0.5506096
0,0,0.45619062
1,1,0.57547176
1,1,0.5821304
0,0,0.23621048
0,0,0.23228168
0,0,0.26129892
0,0,0.29422584
0,1,0.63395905
0,0,0.23504499
0,0,0.23504499
0,0,0.38681066
1,1,0.5954134
0,0,0.39719817
0,1,0.5808233
0,0,0.27496693
0,1,0.5506096
0,1,0.68013126
0,0,0.2668859
0,0,0.3863126
0,0,0.27061793
0,0,0.3839104
0,0,0.33250752
0,1,0.671852
0,1,0.50803685
0,1,0.5909011
0,1,0.6504587
0,0,0.27378887
0,1,0.7223488
0,1,0.6205157
0,0,0.23621048
0,0,0.35109475
0,0,0.23836958
0,0,0.24393867
0,0,0.3604211
1,0,0.4056562
0,0,0.2723408
0,1,0.6320164
0,0,0.23621048
0,0,0.47494233
1,1,0.70528567
0,1,0.5019417
0,1,0.6131266
0,1,0.7256728
0,0,0.23621048
0,0,0.4295969
0,0,0.267287
1,1,0.60824203
0,0,0.384426
0,1,0.50837064
0,0,0.23621048
0,0,0.30934143
0,0,0.26129892
0,0,0.40288636
0,0,0.3181441
0,0,0.2372125
0,0,0.23836958
0,0,0.2206168
1,0,0.27378887
0,0,0.24740304
0,0,0.2728197
0,1,0.5580923
0,1,0.6373555
0,0,0.4478036
0,1,0.6612797
0,0,0.35444903
0,0,0.2206168
1,1,0.64628935
0,0,0.2206168
0,0,0.4603705
0,0,0.23621048
0,0,0.23521146
0,0,0.43789873
0,0,0.2451962
0,1,0.68317527
0,1,0.5425915
0,0,0.2372125
0,1,0.5684556
0,1,0.6983043
0,0,0.4873514
0,0,0.2211909
0,0,0.38974985
0,1,0.6716088
0,1,0.5190355
0,0,0.2211909
0,1,0.6444873
1,1,0.66630936
0,0,0.2809075
0,1,0.5508222
0,0,0.3467693
0,0,0.30314434
0,0,0.27061793
0,0,0.2211909
0,0,0.2723408
0,1,0.6412498
0,1,0.59746224
0,0,0.23621048
0,0,0.35495868
0,0,0.28037232
0,0,0.49412808
0,0,0.4089401
0,1,0.6258156
0,0,0.4955783
0,0,0.3388742
0,0,0.23504499
0,1,0.6412498
0,0,0.26129892
1,1,0.67415565
0,0,0.40643474
0,1,0.6331213
0,1,0.66207594
0,0,0.24638364
0,0,0.3839104
0,1,0.67508155
0,0,0.27378887
0,0,0.27378887
0,1,0.5196539
0,1,0.56707823
0,0,0.4469627
0,0,0.4313277
1,1,0.6997968
0,0,0.40643474
0,0,0.23621048
0,0,0.27496693
0,1,0.5665994
0,0,0.2206168
0,0,0.3839104
0,1,0.6023937
1,1,0.6419757
0,1,0.52257234
0,0,0.4313277
0,1,0.67112905
0,1,0.6877569
0,0,0.46488222
0,0,0.47494233
0,0,0.23961142
0,0,0.23621048
0,0,0.23504499
0,1,0.50837064
0,0,0.45772314
0,0,0.2211909
0,1,0.66628313
0,0,0.28037232
0,1,0.58872694
0,1,0.5196539
1,1,0.7056549
0,0,0.39079586
1,1,0.67828214
1,1,0.7043276
0,0,0.39079586
0,1,0.5088961
0,0,0.39079586
0,1,0.6368394
0,0,0.26608056
0,0,0.23621048
0,1,0.6331213
0,0,0.2723408
0,0,0.24291728
0,0,0.3920316
0,0,0.30314434
0,1,0.6412498
0,1,0.602601
0,0,0.23504499
0,1,0.6412498
0,0,0.3707553
0,0,0.2740439
1,1,0.6716088
0,0,0.23228168
0,0,0.49652952
0,0,0.44729462
0,1,0.6826977
0,0,0.23621048
0,0,0.22184004
1,1,0.53025
0,1,0.5506096
0,0,0.46488222
1,1,0.5196539
0,0,0.2211909
0,1,0.6131266
0,0,0.23836958
0,0,0.41616425
0,0,0.26129892
0,1,0.5942519
0,0,0.2211909
0,0,0.40991154
0,1,0.6142875
0,0,0.23836958
0,0,0.4313277
0,0,0.2668347
0,1,0.69643605
0,1,0.67149734
0,1,0.5673198
1,0,0.23836958
0,0,0.38994104
0,1,0.66527236
0,1,0.5203304
0,0,0.2206168
0,0,0.2211909
0,1,0.66207594
0,0,0.26005182
0,0,0.2211909
0,0,0.24291728
0,0,0.4923386
0,0,0.49412808
0,0,0.2668859
0,1,0.6412498
0,0,0.2206168
0,0,0.2723408
1,1,0.67406535
0,0,0.2947264
0,0,0.4574082
0,0,0.23521146
0,0,0.42024463
0,0,0.2668859
0,1,0.5580923
0,0,0.31865776
0,0,0.2206168
0,0,0.2211909
1,1,0.6632746
0,0,0.43789873
0,1,0.70528567
0,0,0.23521146
0,0,0.35284987
0,0,0.2211909
0,0,0.4313277
0,0,0.4016403
0,1,0.5588213
0,0,0.23621048
0,1,0.61392444
0,0,0.2206168
0,1,0.547268
0,0,0.32129663
0,0,0.39079586
0,0,0.3949596
0,0,0.23621048
0,1,0.60824203
0,1,0.6350904
0,1,0.5904296
1,1,0.62654185
0,1,0.56306547
0,0,0.27142328
0,0,0.45361874
0,0,0.23621048
0,0,0.45830742
0,0,0.4882871
0,0,0.27358675
0,0,0.23860244
0,0,0.23621048
0,0,0.23836958
0,1,0.7043276
0,1,0.6165305
0,1,0.59608495
0,1,0.54295176
0,1,0.6453848
0,0,0.23504499
0,1,0.5190355
0,0,0.26537368
0,0,0.3949596
0,1,0.5397094
0,0,0.3444434
0,0,0.36567962
0,0,0.23504499
0,0,0.2206168
0,0,0.23860244
0,1,0.58279926
0,0,0.27096888
0,0,0.31341338
0,0,0.23504499
0,0,0.27378887
0,0,0.30106515
0,0,0.2206168
0,0,0.32958165
0,0,0.27824643
0,1,0.6007653
0,0,0.3827871
0,0,0.47494233
1,1,0.50966716
0,0,0.4779423
0,0,0.31380492
0,0,0.2211909
0,0,0.45612422
0,1,0.6621707
0,1,0.58163583
1,1,0.72407746
1,1,0.6522948
0,1,0.5902285
0,0,0.26360822
0,0,0.40643474
0,0,0.2211909
0,0,0.33804476
0,0,0.23621048
0,0,0.31252724
0,0,0.23228168
0,1,0.5580923
0,0,0.42024463
0,0,0.24291728
0,1,0.6852842
0,0,0.2206168
0,1,0.5940587
0,0,0.4016403
0,0,0.23621048
0,1,0.72134674
0,0,0.24393867
0,0,0.37174273
0,0,0.41992092
0,1,0.54295176
1,1,0.6621707
0,1,0.6173131
0,1,0.7056549
0,0,0.23621048
0,1,0.69319165
0,0,0.3898707
0,0,0.47455284
0,0,0.31543082
0,1,0.70528567
1,1,0.67508155
0,1,0.6412498
0,0,0.3188732
0,1,0.65767276
0,0,0.2206168
0,0,0.4313277
1,1,0.74395055
0,0,0.358155
0,0,0.37677285
0,0,0.43405053
0,0,0.27378887
0,0,0.235812
0,1,0.65997416
0,0,0.23621048
0,0,0.23853765
1,1,0.6608895
0,0,0.34902996
0,0,0.2206168
0,0,0.24291728
0,0,0.43789873
0,0,0.26360822
1,1,0.5563086
1,1,0.60173947
0,1,0.6621707
0,0,0.35096335
0,0,0.2206168
0,0,0.24291728
0,0,0.23836958
1,1,0.6750014
0,0,0.29960278
0,0,0.27378887
0,1,0.56306547
0,0,0.39504403
0,1,0.51870203
0,0,0.24291728
0,0,0.26998308
0,1,0.6632746
0,0,0.43111968
0,0,0.23521146
0,1,0.64745957
0,1,0.7002371
0,1,0.5506096
0,0,0.42086285
0,1,0.7043276
0,0,0.29148972
0,0,0.2740439
0,1,0.7024099
0,0,0.24077652
0,0,0.2372125
0,0,0.3230557
0,1,0.5095708
0,0,0.27642366
0,0,0.3474328
0,0,0.26129892
0,1,0.62581074
0,0,0.4313277
1,1,0.6296125
0,1,0.68871653
0,0,0.46618944
0,1,0.55377674
0,0,0.27142328
0,1,0.5743555
0,0,0.27096888
0,1,0.6201668
0,0,0.27078217
0,0,0.34076467
0,0,0.3871084
0,0,0.267287
0,0,0.2211909
0,0,0.39756256
0,0,0.2206168
0,0,0.39719817
0,0,0.23161106
0,0,0.23621048
1,1,0.7043276
0,0,0.2211909
1,1,0.5496086
0,0,0.23228168
0,0,0.23621048
0,0,0.26005182
0,1,0.74395055
0,0,0.31448945
0,0,0.23557921
0,0,0.23836958
0,0,0.49457398
0,1,0.5203304
0,0,0.2211909
0,0,0.49457398
0,0,0.44535372
0,1,0.5684556
0,0,0.2211909
0,0,0.43976098
0,0,0.42659575
0,1,0.5588213
0,0,0.3162484
0,1,0.61206126
0,0,0.36383408
0,0,0.30936372
0,0,0.41341406
0,1,0.70528567
0,0,0.440115
0,1,0.60260224
0,0,0.37782323
0,0,0.24291728
0,0,0.27590778
0,1,0.6412498
0,0,0.3558706
0,1,0.7043276
0,0,0.2947264
0,0,0.26129892
0,0,0.23621048
0,1,0.7043276
0,0,0.26129892
0,0,0.30238253
0,1,0.60824203
0,1,0.6897806
0,1,0.6007653
0,0,0.358155
0,0,0.223797
0,0,0.29770488
0,1,0.58731663
0,0,0.235812
0,1,0.64628935
0,0,0.4638829
0,0,0.23621048
0,0,0.23521146
0,0,0.4313277
1,1,0.7306074
1,0,0.44495076
1,1,0.69903237
0,0,0.23621048
0,0,0.23504499
1,1,0.73227453
0,0,0.22503278
0,0,0.2211909
0,0,0.24393867
0,0,0.2211909
0,0,0.24174513
1,0,0.23961142
0,0,0.47335905
0,0,0.27327606
0,0,0.34802043
0,1,0.5794654
0,0,0.26129892
1,0,0.4056562
0,0,0.2430069
0,0,0.4638829
0,1,0.56435335
0,0,0.2206168
0,0,0.2670907
0,0,0.2206168
0,1,0.6412498
0,0,0.3444434
0,0,0.23836958
0,0,0.3913133
0,0,0.26360822
0,0,0.23521146
0,0,0.32958165
0,1,0.54295176
0,1,0.6224819
0,0,0.273332
0,1,0.6736362
0,1,0.6201668
0,0,0.2211909
0,0,0.2206168
0,1,0.5343994
0,1,0.5972569
0,0,0.47057462
0,1,0.5937047
0,0,0.32020533
0,0,0.4873514
0,0,0.3444434
0,0,0.39719817
0,1,0.5196539
0,0,0.23836958
0,0,0.27378887
0,0,0.4072681
0,0,0.2372125
0,1,0.6331213
0,0,0.46863136
0,1,0.6118124
0,0,0.2723408
0,0,0.2211909
0,1,0.6619068
0,1,0.66207594
0,1,0.72781205
0,1,0.66207594
0,1,0.6165305
0,1,0.5060909
0,1,0.5665994
0,0,0.4478036
0,0,0.47186434
0,1,0.54295176
0,0,0.23621048
0,1,0.67508155
0,0,0.4873514
1,1,0.67704064
0,0,0.26360822
0,1,0.675997
0,0,0.26005182
0,1,0.55821097
0,0,0.40948763
0,1,0.6769403
0,1,0.68029684
0,1,0.5425915
0,0,0.29584378
0,0,0.46597746
0,0,0.26129892
0,0,0.4016403
0,0,0.4603705
0,0,0.46193025
0,0,0.2206168
0,0,0.34076467
0,1,0.6621707
0,1,0.6750014
0,1,0.6165305
0,0,0.27378887
1,0,0.46193025
0,0,0.2719907
0,1,0.5151277
0,0,0.26360822
0,1,0.68813837
1,1,0.6412498
0,0,0.35445964
0,0,0.4303256
0,1,0.66207594
0,0,0.23521146
0,0,0.2206168
0,0,0.48559853
1,1,0.6111906
0,0,0.2206168
0,0,0.23504499
0,1,0.5794654
0,0,0.37174273
0,0,0.43789873
0,1,0.72170377
0,1,0.6689831
0,0,0.43789873
0,1,0.6444873
0,1,0.6205157
0,0,0.45536152
0,0,0.43789873
0,0,0.39979115
0,0,0.28072372
0,0,0.27642366
0,0,0.23621048
1,0,0.26360822
0,1,0.69159365
0,1,0.6601116
0,0,0.2372125
0,0,0.47669923
0,1,0.5817732
0,0,0.39685658
0,1,0.6029721
0,0,0.43283316
1,1,0.60824203
0,1,0.60824203
0,0,0.23836958
0,0,0.4603705
0,0,0.23504499
0,0,0.3604211
0,0,0.26360822
0,0,0.24002111
0,1,0.67828214
0,0,0.23521146
0,1,0.51870203
0,1,0.621388
0,1,0.5060909
0,0,0.31543082
0,0,0.23621048
0,0,0.2211909
0,1,0.5563086
0,0,0.27824643
0,0,0.23621048
0,0,0.26129892
0,0,0.39756256
1,1,0.6118124
0,0,0.26129892
0,0,0.27061793
0,0,0.3514424
0,1,0.5665994
0,0,0.2372125
0,0,0.4603705
0,0,0.34076467
0,0,0.32958165
0,0,0.26360822
0,0,0.3941569
0,0,0.40643474
0,0,0.310852
0,0,0.3707553
0,0,0.4603705
0,1,0.67508155
0,0,0.23961142
1,1,0.7442889
0,0,0.3514424
0,0,0.359326
1,1,0.7056549
0,1,0.5425915
0,1,0.65997416
0,0,0.3053457
0,1,0.5580923
0,0,0.40643474
0,0,0.23504499
0,1,0.5794654
0,0,0.33621097
0,1,0.61206126
1,1,0.5821304
0,1,0.57547176
0,0,0.2684677
0,0,0.4016403
0,0,0.26005182
0,1,0.6524878
0,0,0.4391155
0,0,0.39529222
0,1,0.55623555
0,0,0.33250752
0,0,0.2211909
1,1,0.6601116
0,1,0.54295176
0,1,0.6750014
0,1,0.6305011
0,1,0.6601116
0,1,0.5554745
0,0,0.3181441
0,0,0.235812
0,0,0.2719907
0,0,0.37588313
0,0,0.3920316
0,0,0.27358675
0,0,0.23436883
0,0,0.23836958
0,0,0.23621048
1,0,0.45542744
0,0,0.27378887
0,0,0.2206168
0,0,0.23521146
0,1,0.69556195
0,0,0.23521146
0,0,0.2723408
0,0,0.23836958
0,0,0.23504499
0,0,0.2206168
0,0,0.27061793
0,0,0.2686686
0,0,0.27142328
0,0,0.2206168
0,0,0.26608056
0,0,0.27378887
0,0,0.44134215
0,1,0.64642936
0,0,0.2206168
0,1,0.6508258
0,1,0.5203304
0,1,0.6897806
0,0,0.3707553
0,0,0.2206168
0,0,0.3181441
0,0,0.24535537
1,1,0.7002371
0,0,0.2723408
0,0,0.3905772
0,0,0.31341338
0,0,0.23621048
0,0,0.2206168
1,1,0.5060909
0,0,0.45193243
1,1,0.7043276
0,1,0.65743697
1,1,0.69160116
0,0,0.4016403
0,0,0.23621048
0,0,0.23621048
0,0,0.2723408
0,0,0.23521146
1,1,0.5963038
0,0,0.2372125
0,0,0.3878846
0,0,0.46814427
0,0,0.27107036
0,0,0.49975622
0,1,0.61210465
0,0,0.23621048
0,0,0.3569067
0,0,0.46488222
0,0,0.4313277
0,0,0.2211909
0,1,0.6619068
0,1,0.71299195
0,1,0.5324169
0,0,0.2206168
0,1,0.5196539
0,0,0.44135192
0,1,0.5429779
0,0,0.30886286
0,0,0.42636243
0,0,0.4603705
0,0,0.2372125
0,0,0.3444434
0,1,0.5580923
0,0,0.4603705
0,1,0.5863804
1,1,0.6171269
0,0,0.23811764
0,0,0.23860244
1,1,0.5196539
0,0,0.25663063
0,1,0.696985
0,0,0.32958165
0,0,0.28072372
0,1,0.6165305
0,1,0.67187756
0,0,0.2211909
0,0,0.44515255
0,0,0.49120176
0,0,0.30886286
1,1,0.68928236
0,1,0.6412498
0,0,0.3878846
0,1,0.71737415
0,0,0.31448945
0,0,0.2211909
0,0,0.29368898
0,0,0.2206168
0,0,0.30934143
0,0,0.44021747
0,0,0.4598707
0,0,0.45361874
0,1,0.5588213
0,0,0.45490482
0,0,0.23521146
1,1,0.52099586
0,1,0.66207594
1,1,0.7002371
0,0,0.4056562
0,0,0.23504499
0,1,0.67828214
0,0,0.2570933
0,0,0.35445964
0,0,0.26438296
0,0,0.49889874
0,0,0.34191427
0,0,0.31842238
0,1,0.5665994
0,1,0.7056549
0,0,0.2211909
0,1,0.67067194
1,0,0.36358738
1,0,0.26360822
0,0,0.27096888
0,1,0.67508155
0,1,0.6554559
0,1,0.69159365
0,0,0.4313277
0,1,0.6275297
1,0,0.4603705
0,0,0.3569067
0,0,0.4873514
0,0,0.26360822
0,0,0.31380492
0,0,0.2684677
0,1,0.67508155
0,0,0.2372125
0,0,0.273332
0,0,0.26005182
0,0,0.39756256
0,1,0.6846854
0,0,0.2206168
0,1,0.7043276
1,0,0.4016403
0,0,0.4478036
0,1,0.68783015
0,0,0.2668859
0,0,0.2206168
1,1,0.7442889
0,0,0.23621048
0,0,0.4056562
0,0,0.358155
0,0,0.2723408
0,0,0.24291728
0,1,0.7416216
0,1,0.7299794
0,0,0.27061793
1,0,0.28469673
0,0,0.3289821
0,1,0.6973367
0,1,0.6601116
0,0,0.27096888
0,0,0.4478036
0,0,0.26598394
0,0,0.23621048
1,0,0.3604211
0,1,0.5343994
1,0,0.27378887
0,1,0.5996641
0,0,0.4603705
0,0,0.30054048
0,0,0.4603705
0,0,0.2206168
0,1,0.65795594
0,1,0.5978877
0,1,0.70528567
0,1,0.59746224
0,0,0.26341245
1,1,0.6201668
0,1,0.5028001
0,0,0.29280603
0,0,0.45193243
0,0,0.36383408
0,0,0.4478036
0,0,0.27096888
0,0,0.4603705
0,1,0.51870203
1,1,0.66207594
0,1,0.69218826
0,0,0.2206168
0,0,0.23228168
0,1,0.54295176
0,1,0.55377674
1,1,0.68257374
0,0,0.46597746
0,0,0.23521146
0,1,0.64642936
0,0,0.2686686
0,1,0.537361
0,0,0.24393867
0,0,0.23836958
0,0,0.29960278
0,0,0.23621048
0,0,0.24052286
0,1,0.5203304
0,0,0.26608056
0,1,0.6373555
1,1,0.65126514
0,1,0.60173947
0,0,0.348706
0,0,0.223797
1,1,0.60173947
1,1,0.6621707
0,1,0.6331213
0,0,0.2211909
0,0,0.44846308
0,0,0.386757
0,0,0.23504499
0,0,0.2206168
0,1,0.5940587
1,1,0.6286689
0,1,0.66207594
0,0,0.35196397
1,1,0.6095438
0,0,0.31341338
0,0,0.3077183
0,0,0.3077183
0,0,0.41638976
0,1,0.64734566
0,0,0.34191427
0,1,0.69319165
1,0,0.45361874
0,0,0.42007867
0,1,0.5060909
0,0,0.45193243
0,0,0.23811764
0,0,0.35284987
0,0,0.39079586
0,0,0.2668859
0,0,0.29584378
0,1,0.5531669
0,0,0.23521146
0,1,0.54295176
0,1,0.52845937
0,0,0.273332
0,1,0.5940587
0,0,0.37898764
0,0,0.32958165
0,0,0.27378887
0,0,0.2206168
0,0,0.23621048
0,0,0.2206168
0,0,0.2372125
0,0,0.2211909
0,1,0.5425915
0,1,0.74395055
0,1,0.6165305
0,0,0.2211909
0,1,0.5580923
0,0,0.24291728
0,0,0.29021835
1,1,0.69159365
0,0,0.34902996
0,0,0.30106515
0,1,0.6296125
0,0,0.37361184
0,0,0.235812
1,1,0.74395055
0,0,0.26129892
1,1,0.6078815
0,0,0.39979115
1,1,0.74395055
0,1,0.6546718
0,1,0.6205157
0,1,0.69426465
0,1,0.6331213
0,0,0.329308
0,0,0.384426
0,0,0.39756256
0,1,0.5429779
0,0,0.38681066
0,1,0.63662106
0,0,0.223797
0,1,0.56707823
0,1,0.6513111
0,0,0.4016403
1,1,0.7043276
0,0,0.23504499
0,1,0.5151277
1,1,0.56383526
0,1,0.6286689
0,0,0.26341245
0,0,0.3949596
0,0,0.348706
0,0,0.2723408
0,0,0.2211909
0,0,0.3162634
0,0,0.4916399
0,0,0.23621048
0,1,0.6165305
0,0,0.26998308
0,1,0.5580923
0,0,0.3953691
0,1,0.6483814
0,1,0.60824203
0,0,0.33639812
0,1,0.51265603
0,0,0.2206168
0,0,0.26608056
0,0,0.35495868
0,0,0.4574082
0,0,0.2206168
0,1,0.5665994
0,0,0.43789873
0,0,0.24291728
0,0,0.4391155
1,0,0.34902996
0,1,0.5203304
0,1,0.5151277
0,0,0.23811764
0,0,0.23228168
0,1,0.66968066
0,1,0.60824203
0,1,0.7165505
0,0,0.23504499
0,0,0.3439234
0,1,0.5580923
0,0,0.46193025
0,0,0.4154062
1,1,0.64510244
0,1,0.56306547
0,1,0.65767276
0,1,0.60824203
0,0,0.4873514
0,1,0.5580923
0,1,0.6513111
1,1,0.69159365
0,0,0.23621048
0,0,0.2206168
0,1,0.60824203
0,0,0.2206168
0,1,0.6356625
0,1,0.56707823
0,1,0.67828214
0,0,0.23836958
0,1,0.50966716
1,0,0.39079586
0,0,0.43789873
0,1,0.5028001
1,0,0.29791218
0,1,0.6621707
0,0,0.23836958
0,1,0.6331213
0,0,0.27096888
0,1,0.5580923
0,0,0.3077183
0,0,0.38994104
0,0,0.23649105
0,0,0.45361874
0,0,0.26129892
0,1,0.6897806
0,1,0.596586
0,1,0.5706741
0,1,0.66628313
0,0,0.4873514
0,0,0.2206168
0,0,0.23228168
1,1,0.56707823
0,0,0.27061793
0,0,0.2430069
0,0,0.2975891
0,1,0.54295176
0,0,0.27378887
0,0,0.2372125
0,0,0.2723408
1,0,0.42024463
0,0,0.47791404
0,0,0.3155618
0,0,0.43662223
0,0,0.2211909
0,0,0.26618096
0,0,0.32958165
1,1,0.6601116
0,0,0.49629745
0,1,0.67828214
0,0,0.46193025
0,0,0.23504499
1,1,0.60824203
0,0,0.27378887
0,1,0.58474547
0,0,0.2206168
0,0,0.4603705
0,1,0.5748393
0,1,0.62031287
0,1,0.5604069
0,1,0.5425915
0,1,0.64032245
0,0,0.2206168
0,0,0.2206168
0,0,0.2206168
0,0,0.3516052
0,0,0.2206168
0,0,0.46193025
0,0,0.23504499
0,1,0.66628313
0,0,0.34902996
1,1,0.5196539
0,0,0.273332
0,1,0.6331213
0,0,0.29791218
0,1,0.62459993
0,0,0.23621048
0,1,0.59746224
0,1,0.7163602
0,0,0.3514424
0,0,0.23521146
0,0,0.23504499
0,1,0.6993671
0,1,0.6258156
0,0,0.23811764
0,0,0.23621048
0,0,0.26005182
0,0,0.32958165
1,0,0.49866498
0,0,0.23836958
0,0,0.4433731
0,0,0.27642366
1,1,0.55184865
0,0,0.4603705
1,1,0.5853569
0,1,0.6675121
0,1,0.659186
0,1,0.62375754
0,0,0.27824643
0,0,0.31543082
0,0,0.26129892
0,0,0.2723408
0,0,0.23504499
0,1,0.60824203
0,0,0.2206168
0,1,0.50837064
1,1,0.5563086
0,0,0.2206168
0,1,0.50837064
0,0,0.23836958
0,1,0.7043276
1,0,0.4603705
0,0,0.23621048
0,0,0.2638572
0,0,0.2719907
0,1,0.56707823
0,1,0.63662106
0,1,0.5554745
0,0,0.3898707
0,0,0.48619038
0,0,0.2372125
0,0,0.35445964
0,0,0.32186392
0,0,0.440115
0,0,0.27395865
0,0,0.27096888
0,0,0.23504499
0,0,0.23161106
0,0,0.32101703
0,0,0.23521146
0,0,0.26129892
0,0,0.23504499
0,0,0.23860244
0,1,0.56707823
0,1,0.60824203
1,0,0.39979115
0,1,0.53025
0,0,0.23621048
0,0,0.2211909
0,0,0.23504499
0,1,0.6632746
0,0,0.44134215
0,1,0.6778827
0,0,0.4154062
1,0,0.491042
0,0,0.47186434
0,0,0.29960278
0,0,0.4873514
0,0,0.2206168
0,1,0.60173947
1,1,0.5831561
0,1,0.60151654
0,0,0.4391155
0,0,0.31543082
1,1,0.7043276
0,0,0.4570989
0,0,0.491042
0,0,0.26005182
0,1,0.5580923
0,1,0.6761984
0,0,0.491042
0,1,0.5563086
1,1,0.7043276
0,0,0.23836958
0,0,0.2723408
1,1,0.5563086
1,1,0.6412498
0,1,0.67065704
0,0,0.4603705
0,0,0.31665692
0,0,0.358155
0,1,0.67508155
0,0,0.2668859
0,0,0.3181441
0,0,0.3181441
0,1,0.5203304
0,0,0.27378887
0,0,0.30431446
0,0,0.23811764
0,0,0.4478036
0,0,0.49244288
0,0,0.23836958
0,0,0.2206168
0,0,0.26360822
1,1,0.675997
0,0,0.26341245
0,0,0.2740439
0,0,0.38681066
0,0,0.2206168
1,1,0.6057046
0,1,0.6431571
0,0,0.23621048
0,0,0.26129892
0,0,0.4360617
0,0,0.23161106
0,0,0.2206168
0,0,0.23521146
0,0,0.26608056
0,1,0.67508155
0,0,0.4873514
0,0,0.2740439
0,0,0.3439234
0,0,0.23504499
0,0,0.23885852
0,0,0.2206168
0,0,0.23853765
0,1,0.6205157
1,1,0.6483594
0,0,0.23836958
0,0,0.26005182
0,0,0.39079586
0,1,0.50837064
0,0,0.2206168
0,1,0.572746
0,1,0.5060909
0,0,0.2206168
0,0,0.23836958
0,0,0.359326
0,0,0.2206168
0,1,0.6685067
0,0,0.24052286
0,1,0.5821304
0,1,0.6418124
0,0,0.43789873
0,1,0.5580923
0,0,0.31380492
0,0,0.26005182
0,1,0.70528567
0,0,0.38610336
0,0,0.2206168
0,1,0.56517965
0,0,0.3189836
0,0,0.31341338
0,0,0.23961142
0,0,0.24291728
1,0,0.44135192
0,0,0.43111968
0,0,0.23836958
0,0,0.2206168
0,0,0.3444434
0,0,0.45348808
0,1,0.7002371
0,0,0.24291728
0,0,0.26360822
0,0,0.2686686
0,0,0.24291728
0,1,0.54295176
0,0,0.2211909
0,1,0.5425915
0,0,0.2211909
0,1,0.5506096
0,0,0.34902996
0,0,0.2211909
0,0,0.4882871
0,0,0.2206168
0,0,0.4016403
0,0,0.43662223
0,1,0.5196539
0,0,0.2451962
0,1,0.6412498
0,0,0.29960278
0,1,0.6412498
0,0,0.2211909
0,0,0.27078217
0,1,0.60824203
1,0,0.35851142
0,0,0.39529222
0,0,0.3238185
1,1,0.60824203
0,0,0.235812
1,0,0.49507895
0,0,0.2459751
1,1,0.7442889
0,0,0.2211909
0,0,0.3941569
0,0,0.2372125
0,1,0.7319939
0,1,0.5272709
0,0,0.2372125
0,0,0.23811764
0,1,0.52505344
0,1,0.5684556
0,1,0.64734566
1,1,0.5554745
0,1,0.6331213
0,0,0.2372125
0,0,0.39756256
0,0,0.2372125
0,0,0.27764633
1,1,0.6675121
0,0,0.2668859
0,0,0.23504499
0,0,0.23228168
0,0,0.48088187
0,0,0.3444434
0,1,0.59323436
0,0,0.2947264
0,1,0.64628935
0,0,0.26360822
0,0,0.2206168
0,1,0.62779593
0,0,0.2206168
0,1,0.5489273
0,0,0.26005182
1,1,0.69426465
0,0,0.23811764
0,1,0.5940587
0,0,0.24393867
0,1,0.59746224
1,1,0.6492055
0,1,0.6275297
0,1,0.52771544
0,1,0.54295176
0,0,0.4603705
1,1,0.52058864
0,0,0.26830766
0,0,0.45536152
0,1,0.55353844
0,0,0.26341245
0,1,0.66628313
1,1,0.6412498
0,0,0.23504499
0,1,0.6697531
0,0,0.23504499
0,0,0.3827871
0,1,0.6314621
0,0,0.23504499
0,0,0.2372125
0,0,0.26608056
0,0,0.23836958
0,1,0.60824203
0,1,0.71705526
1,1,0.6412498
0,0,0.26360822
0,1,0.54295176
0,0,0.223797
0,0,0.49866498
0,1,0.61191136
0,1,0.5575909
0,0,0.24291728
0,1,0.66628313
0,0,0.26129892
1,1,0.5203304
0,1,0.67508155
0,0,0.27096888
1,0,0.44729462
0,0,0.46193025
0,0,0.24638364
0,0,0.2211909
0,0,0.38681066
0,0,0.2206168
0,0,0.235812
0,1,0.5506096
0,0,0.48316488
0,1,0.6686751
0,0,0.495418
0,0,0.45406315
0,1,0.61191136
0,1,0.56707823
0,0,0.235812
0,0,0.27378887
0,1,0.5706741
1,1,0.729629
0,1,0.5506096
0,1,0.52058864
0,0,0.4638829
0,1,0.5707997
0,0,0.48146108
0,0,0.235812
0,0,0.2372125
0,1,0.60824203
0,0,0.30238253
0,1,0.5209509
0,0,0.4603705
0,0,0.2206168
0,1,0.5443444
0,1,0.63343495
0,0,0.2206168
0,1,0.70768243
0,0,0.39870122
0,1,0.5940587
0,0,0.30927593
1,0,0.40162715
0,0,0.2723408
0,0,0.2211909
0,0,0.43542442
0,0,0.35109475
0,0,0.2717317
1,1,0.5972569
0,0,0.2719907
0,0,0.3506202
0,0,0.23811764
0,1,0.547268
0,1,0.5425915
0,0,0.23504499
0,0,0.23504499
0,1,0.5972569
0,0,0.2206168
0,0,0.3514424
0,0,0.358155
0,1,0.6504218
0,1,0.6601116
0,0,0.23621048
0,1,0.60824203
0,1,0.5728037
0,0,0.2211909
0,0,0.39511928
0,1,0.5196539
0,1,0.72916234
0,1,0.5668785
0,0,0.397974
0,0,0.2211909
0,1,0.69159365
0,1,0.6039815
0,0,0.2728197
0,0,0.2430069
0,0,0.2206168
0,1,0.67506254
0,0,0.46488222
0,0,0.45536152
0,1,0.5752366
0,0,0.24291728
0,1,0.659186
0,0,0.35109475
0,0,0.2206168
0,0,0.25411823
0,0,0.3077183
0,0,0.3514424
0,0,0.4313277
0,0,0.23621048
0,0,0.23621048
0,0,0.23504499
1,1,0.57190955
0,1,0.67828214
0,0,0.23621048
0,0,0.2372125
0,1,0.60824203
0,0,0.4638829
0,0,0.31409198
0,0,0.27378887
0,0,0.4729358
0,0,0.3989634
0,0,0.3878846
0,1,0.6886225
0,1,0.54735017
0,0,0.23521146
0,1,0.7043276
0,0,0.24002111
0,0,0.2638572
0,0,0.23811764
0,1,0.5343994
1,1,0.74395055
1,1,0.6621707
0,0,0.3588795
0,0,0.24291728
0,0,0.30969563
1,1,0.6349663
0,1,0.5590218
1,1,0.7060451
0,0,0.2206168
0,0,0.2206168
0,1,0.5690569
0,0,0.4603705
0,0,0.4574082
0,0,0.2211909
1,1,0.74395055
0,0,0.23521146
1,1,0.7043276
0,1,0.54295176
0,0,0.23521146
0,1,0.6525096
0,0,0.4955783
0,0,0.2459751
0,0,0.26360822
0,1,0.50837064
0,1,0.5706741
0,0,0.2206168
0,0,0.45830742
0,0,0.23504499
0,0,0.2206168
0,0,0.37868592
0,1,0.584314
1,1,0.59687036
0,0,0.27078217
0,0,0.2570933
0,1,0.690045
0,0,0.27824643
0,0,0.2451962
0,1,0.62381846
0,1,0.5203304
0,1,0.52845937
0,0,0.24535537
1,1,0.69159365
0,0,0.2206168
0,1,0.6384387
0,1,0.5580923
0,0,0.42150912
1,1,0.5203304
0,0,0.2211909
0,1,0.6412498
0,0,0.2686686
0,0,0.235812
1,1,0.6542073
0,1,0.65880895
0,0,0.30444854
0,0,0.2206168
1,0,0.4603705
0,1,0.61206126
0,1,0.51870203
0,0,0.26005182
0,0,0.26360822
0,0,0.235812
0,0,0.235812
0,0,0.45536152
0,0,0.2206168
0,0,0.4574669
0,0,0.23621048
0,1,0.65767276
0,1,0.6615012
0,0,0.23228168
0,0,0.3514424
0,0,0.49244288
0,0,0.3891622
0,0,0.23836958
0,1,0.6111915
0,0,0.39685658
0,0,0.2206168
0,0,0.35495868
0,0,0.4955783
0,0,0.47494233
0,1,0.68124187
0,0,0.2728197
0,0,0.27496693
0,1,0.5831561
0,1,0.5506096
0,0,0.2932123
0,0,0.26129892
0,0,0.35440543
0,1,0.69827807
0,1,0.6835941
0,0,0.23621048
0,0,0.26360822
0,1,0.6960211
0,0,0.2372125
1,0,0.48146108
0,1,0.60503894
0,0,0.235812
1,0,0.26341245
1,0,0.313482
0,1,0.58163583
0,0,0.24393867
0,0,0.2684677
0,0,0.49120176
0,0,0.49412808
0,0,0.23860244
0,0,0.2451962
0,0,0.33621097
0,0,0.273332
0,0,0.23836958
0,0,0.24291728
0,0,0.4873514
0,1,0.50418824
0,0,0.23504499
0,0,0.35091594
0,1,0.5052845
0,0,0.31938127
0,0,0.46084595
0,1,0.5673198
0,0,0.24535537
0,1,0.5940587
0,0,0.2728197
0,1,0.5371256
0,1,0.6412498
0,1,0.5580923
0,1,0.5506096
0,0,0.48316488
0,1,0.5563086
1,1,0.6339869
0,1,0.5563086
0,0,0.33286235
0,0,0.2206168
0,1,0.7043276
0,0,0.23811764
0,0,0.23161106
0,1,0.66628313
0,1,0.5580923
0,1,0.5557918
0,0,0.2206168
0,0,0.2206168
0,1,0.6412498
0,1,0.675997
1,1,0.56707823
0,1,0.62353426
0,1,0.5831561
0,0,0.23521146
0,0,0.34737906
0,1,0.5580923
1,1,0.69011354
0,1,0.630313
0,0,0.2206168
0,0,0.2206168
0,0,0.26438296
0,1,0.6381225
0,0,0.4016403
0,1,0.6661991
0,1,0.56306547
0,0,0.3019112
0,0,0.2723408
0,0,0.33639812
0,0,0.31543082
0,0,0.35119137
0,0,0.49542493
0,0,0.2211909
0,0,0.4056562
0,1,0.6621707
0,0,0.30579215
0,0,0.43662223
0,0,0.34562013
0,0,0.23961142
1,0,0.4822823
0,0,0.235812
0,0,0.49885494
0,0,0.48559853
0,0,0.23504499
0,1,0.70528567
0,1,0.6621707
0,0,0.3338061
0,0,0.3711235
0,0,0.25084513
0,0,0.31380492
0,0,0.27142328
0,1,0.6412498
0,0,0.32186392
0,1,0.5203304
1,1,0.52257234
0,1,0.6331213
1,1,0.7416216
0,0,0.24761435
0,0,0.26608056
0,0,0.34492445
0,0,0.36567962
0,0,0.23621048
1,0,0.48559853
0,1,0.6250391
0,0,0.23228168
0,0,0.44846308
0,0,0.2206168
0,0,0.23504499
0,0,0.23836958
0,1,0.64734566
0,0,0.43976098
0,0,0.3941569
1,1,0.56707823
0,1,0.54295176
0,0,0.27107036
0,0,0.49351546
0,0,0.2206168
0,0,0.27824643
0,0,0.2211909
0,0,0.26129892
1,0,0.3467693
0,0,0.2206168
1,0,0.4016403
0,1,0.5808233
1,1,0.63536054
0,0,0.23621048
0,0,0.45490482
0,1,0.6275297
1,1,0.62859905
0,0,0.36383408
0,1,0.60824203
0,0,0.23836958
0,0,0.23621048
0,1,0.6156581
0,0,0.26005182
0,1,0.6877569
0,0,0.2206168
0,0,0.4822823
0,0,0.31448945
0,1,0.66207594
1,0,0.42024463
0,0,0.2206168
1,0,0.39719817
0,0,0.4391155
0,0,0.23228168
0,1,0.621388
0,0,0.2372125
0,1,0.6621707
0,1,0.55304474
0,1,0.6546718
0,1,0.6320164
0,1,0.59746224
0,0,0.26608056
0,1,0.5674727
0,0,0.23504499
0,0,0.2211909
0,1,0.63662106
1,1,0.6317185
0,0,0.42150912
0,0,0.37699854
0,0,0.23860244
0,1,0.5196539
1,1,0.6165305
0,0,0.4478036
1,1,0.6431571
0,0,0.24761435
0,0,0.2211909
0,1,0.59746224
0,0,0.2206168
0,1,0.6632746
1,1,0.6993671
0,0,0.24535537
1,1,0.6621707
0,1,0.66628313
0,0,0.39079586
0,1,0.55623555
1,1,0.51108086
0,0,0.23621048
0,1,0.70528567
0,0,0.2206168
0,0,0.44846308
0,1,0.57547176
0,1,0.6412498
0,1,0.57262814
0,1,0.6559615
0,0,0.3077183
0,0,0.3181441
1,0,0.34058243
0,1,0.61206126
0,0,0.2206168
0,0,0.47494233
0,0,0.23836958
0,0,0.32958165
0,0,0.43976098
1,1,0.7282013
0,0,0.23228168
0,0,0.3155618
0,0,0.26129892
0,0,0.41594514
1,1,0.7043276
0,1,0.66447717
0,1,0.6601116
0,0,0.45536152
0,1,0.63395905
0,0,0.2372125
1,1,0.64628935
0,1,0.5196539
0,0,0.2211909
0,1,0.61206126
0,0,0.29960278
0,1,0.7006522
0,0,0.41134
0,0,0.23621048
0,0,0.23961142
0,1,0.5831561
0,0,0.3949596
0,0,0.23504499
0,1,0.5940587
0,1,0.5588213
0,1,0.61150324
0,0,0.2211909
0,0,0.358155
0,0,0.23811764
0,0,0.23836958
0,0,0.34902996
0,0,0.26598394
0,0,0.23621048
0,0,0.3982229
0,0,0.49766055
1,1,0.65880895
0,1,0.6201668
0,0,0.2211909
0,0,0.2372125
0,0,0.23504499
0,1,0.62375754
0,1,0.5203304
0,1,0.6431571
0,0,0.27359506
0,0,0.2723408
0,0,0.33621097
0,1,0.6314621
0,0,0.4313277
1,1,0.6131266
1,0,0.25637498
0,1,0.71327937
0,0,0.27327606
0,0,0.46488222
0,1,0.63593537
0,0,0.2372125
0,0,0.26129892
1,1,0.73932266
0,0,0.2206168
0,1,0.5580923
0,0,0.4603705
0,0,0.23836958
0,1,0.5853569
1,1,0.5904296
0,0,0.23621048
0,0,0.3181441
0,0,0.2372125
0,0,0.34902996
0,1,0.6078815
0,0,0.44135192
0,0,0.27327606
0,0,0.4729358
0,0,0.2372125
0,0,0.2211909
0,0,0.38681066
0,1,0.5219984
1,1,0.6444873
0,1,0.50837064
0,0,0.2206168
0,0,0.2206168
0,0,0.22184004
1,1,0.58491427
0,1,0.71472555
0,0,0.29659328
0,0,0.2792531
0,0,0.34058243
0,0,0.3311098
0,0,0.23860244
0,1,0.5996641
0,1,0.60824203
0,0,0.34058243
0,1,0.6165305
0,1,0.55708474
0,0,0.26608056
0,0,0.47494233
1,1,0.56707823
0,0,0.2206168
1,1,0.6769403
0,0,0.27496693
0,0,0.47494233
0,0,0.42636243
0,0,0.3467693
0,0,0.26998308
0,0,0.24761435
0,0,0.491042
0,0,0.29584378
1,1,0.6877569
0,1,0.5505673
0,0,0.355525
0,0,0.23811764
0,0,0.23621048
0,0,0.27142328
0,1,0.54295176
0,1,0.7043276
1,0,0.27378887
0,0,0.4638829
0,1,0.6412498
0,1,0.71472555
1,1,0.64642936
0,1,0.6877569
1,1,0.5866185
0,0,0.24291728
0,1,0.51870203
0,1,0.6621707
0,1,0.61420345
0,1,0.65936804
0,0,0.31665692
0,0,0.23621048
0,0,0.23621048
0,0,0.4478036
0,1,0.6621707
0,1,0.5580923
0,1,0.6069028
0,1,0.7263572
0,1,0.67828214
0,1,0.6619068
0,1,0.6165305
1,1,0.6994061
0,1,0.51303786
0,0,0.3015106
0,0,0.23836958
1,1,0.6524878
0,0,0.30444854
0,1,0.52099586
0,1,0.6619068
0,0,0.23504499
0,1,0.6057046
0,0,0.23836958
0,0,0.26129892
0,1,0.69827807
0,0,0.23836958
0,0,0.2206168
0,1,0.5667906
1,1,0.7043276
0,0,0.2211909
0,1,0.59746224
0,1,0.66527236
0,1,0.671852
0,0,0.28666165
0,0,0.27824643
0,0,0.235812
0,0,0.23836958
1,1,0.74395055
0,1,0.6224819
0,0,0.26129892
0,0,0.38681066
0,0,0.23621048
0,0,0.27824643
0,0,0.43662223
0,1,0.5103335
0,1,0.63343495
0,0,0.23436883
1,0,0.2211909
0,1,0.5588213
0,0,0.36567962
0,1,0.6165305
0,1,0.69903237
0,0,0.2372125
0,0,0.38093558
0,1,0.50837064
0,0,0.4603705
0,1,0.54295176
1,1,0.51265603
0,1,0.6331213
0,0,0.27142328
0,0,0.34802043
1,1,0.5343994
0,0,0.26341245
0,0,0.27061793
0,0,0.4638829
0,0,0.4478036
0,1,0.66207594
0,0,0.2211909
0,1,0.5203304
0,0,0.2211909
0,1,0.6709113
0,1,0.59746224
0,0,0.24761435
0,0,0.23961142
0,1,0.5203304
0,0,0.2684677
0,0,0.4873514
0,0,0.26608056
0,0,0.23521146
0,0,0.42306778
0,0,0.48146108
0,0,0.43789873
0,0,0.23853765
0,1,0.58163583
0,0,0.26005182
0,1,0.5571009
0,0,0.36645833
0,1,0.57787204
0,0,0.33250752
0,0,0.31607324
0,1,0.50285596
1,1,0.7306074
1,1,0.6994061
0,1,0.7043276
0,0,0.27378887
0,0,0.24291728
0,1,0.5575909
1,1,0.7002371
0,1,0.5794654
0,0,0.2211909
1,0,0.45193243
0,0,0.26608056
0,0,0.23836958
0,0,0.4089401
0,0,0.4478036
0,0,0.48410013
0,0,0.48410013
0,0,0.23649105
0,0,0.22184004
0,0,0.26608056
0,1,0.5203304
0,0,0.2206168
0,0,0.24393867
0,1,0.66628313
0,0,0.34668177
0,0,0.3982229
0,0,0.23504499
0,0,0.46193025
0,1,0.6165305
0,1,0.5794654
0,1,0.65674675
0,0,0.45193243
0,0,0.39100385
0,1,0.5808233
0,1,0.6608895
0,0,0.23860244
0,0,0.39719817
1,0,0.4598707
0,1,0.6001673
0,0,0.4603705
0,1,0.6412498
0,0,0.2206168
0,0,0.48559853
0,0,0.2211909
0,0,0.23228168
0,0,0.23621048
0,0,0.23621048
0,0,0.27107036
0,0,0.26005182
0,1,0.6750014
0,0,0.2206168
0,1,0.5563086
0,0,0.28850114
1,1,0.62762463
1,0,0.31341338
0,1,0.6384387
1,1,0.7043276
0,0,0.23621048
0,1,0.6897806
0,1,0.65997416
0,0,0.23621048
0,1,0.6891951
0,0,0.23836958
0,0,0.3238185
0,0,0.42636243
0,0,0.46488222
0,0,0.2723408
0,0,0.22184004
0,0,0.235812
0,0,0.4478036
0,0,0.2206168
0,0,0.2719907
0,1,0.5203304
0,0,0.26129892
0,1,0.60824203
0,0,0.2211909
0,0,0.2459751
1,0,0.37677285
0,1,0.67506254
0,0,0.26129892
0,1,0.55377674
0,1,0.55708474
0,1,0.50837064
1,1,0.66251755
0,1,0.6118124
0,1,0.66628313
0,0,0.2206168
0,0,0.2206168
0,1,0.5429779
0,0,0.24291728
0,0,0.47494233
0,1,0.5141859
1,0,0.23961142
0,0,0.27395865
0,0,0.26129892
0,0,0.23504499
1,1,0.6381225
0,1,0.6602058
0,0,0.22184004
0,0,0.26360822
0,1,0.59746224
0,1,0.6240104
0,0,0.24393867
0,1,0.60824203
0,0,0.27061793
0,0,0.23504499
0,0,0.23811764
1,1,0.6412498
0,0,0.46488222
0,0,0.42024463
0,0,0.2206168
0,0,0.27824643
0,1,0.5729077
0,0,0.23521146
1,1,0.5308552
0,1,0.65880895
0,0,0.267287
0,0,0.26129892
0,0,0.491042
0,0,0.3219801
0,0,0.223797
0,1,0.52771544
0,0,0.2430069
0,0,0.4882871
0,0,0.43789873
0,0,0.28605852
0,1,0.5118214
0,1,0.6331213
0,1,0.5190355
1,0,0.3711235
0,0,0.3181441
0,1,0.54295176
1,1,0.61092985
0,0,0.23836958
0,0,0.27061793
0,1,0.50837064
0,1,0.5821304
0,0,0.23521146
0,1,0.5733969
0,1,0.5432002
1,1,0.63500816
0,0,0.384426
1,1,0.68962985
0,0,0.23621048
1,1,0.56306547
0,0,0.4313277
0,1,0.69159365
0,1,0.6878104
0,1,0.6814125
0,0,0.3444434
0,0,0.43457237
0,1,0.66207594
0,0,0.23621048
0,0,0.42594376
0,0,0.44135192
0,0,0.2728197
0,0,0.4703956
0,0,0.23621048
0,0,0.3474328
0,1,0.67828214
0,1,0.51870203
0,1,0.6331213
0,1,0.73113155
0,0,0.23621048
0,1,0.65453327
0,0,0.34191427
0,0,0.31448945
0,1,0.5580923
0,0,0.3514424
0,1,0.54295176
0,1,0.6165305
0,0,0.39719817
0,0,0.26129892
0,0,0.2211909
0,1,0.5575909
0,1,0.7043276
0,0,0.2206168
0,0,0.3839104
0,0,0.2211909
0,0,0.2206168
1,1,0.7043276
0,1,0.52058864
0,0,0.23961142
0,0,0.23621048
0,0,0.48559853
0,0,0.26360822
0,0,0.4313277
0,0,0.397974
0,0,0.3444434
0,0,0.23161106
0,0,0.34324092
0,0,0.47494233
0,0,0.27061793
0,1,0.65483326
0,0,0.27378887
0,0,0.23504499
0,0,0.4478036
0,0,0.43111968
0,0,0.30579215
0,0,0.24291728
0,0,0.35825253
0,0,0.26360822
0,1,0.7024099
0,1,0.73113155
0,0,0.39079586
0,1,0.6165879
0,1,0.6373555
0,0,0.27142328
0,0,0.2719907
0,0,0.49975622
0,0,0.44135192
0,0,0.46488222
0,1,0.7260039
0,1,0.6081773
0,0,0.31375468
1,1,0.6320164
0,0,0.36567962
0,0,0.36201927
0,0,0.2206168
0,0,0.4478036
0,1,0.5595025
0,0,0.4275805
0,0,0.44135192
0,0,0.273332
0,0,0.329308
0,0,0.22184004
0,0,0.23621048
0,1,0.5772405
0,0,0.3898707
0,0,0.27971607
0,0,0.2668859
0,1,0.5126123
0,0,0.48559853
0,0,0.48088187
0,0,0.25411823
0,0,0.2206168
0,0,0.33621097
0,0,0.2206168
0,0,0.2206168
0,0,0.45361874
0,0,0.37588313
0,0,0.23811764
0,0,0.3162634
0,1,0.66207594
0,0,0.4056562
0,0,0.23621048
0,0,0.27107036
0,0,0.23836958
0,0,0.43131423
0,1,0.6186373
0,0,0.39079586
0,1,0.5563086
0,0,0.3439234
0,1,0.61545604
0,1,0.60824203
1,1,0.5897987
1,1,0.7262644
0,1,0.5863064
0,0,0.3982229
0,0,0.23621048
0,0,0.2211909
0,0,0.3982229
0,1,0.6421707
0,1,0.6440365
1,1,0.6296125
0,1,0.6276317
0,0,0.23621048
0,0,0.2684677
0,0,0.34105492
0,1,0.6118124
0,0,0.4439347
0,1,0.547268
0,0,0.42150912
0,1,0.6621707
0,0,0.2459751
0,0,0.3338157
0,0,0.23621048
0,1,0.5093371
1,0,0.4603705
0,0,0.2684677
0,1,0.6240104
0,0,0.27824643
0,1,0.5831561
0,0,0.2211909
0,1,0.6601116
0,1,0.68906265
0,1,0.5212007
0,0,0.2728197
0,1,0.65514654
1,1,0.5964442
0,0,0.3786168
0,0,0.30886286
0,0,0.4016403
0,0,0.23836958
0,0,0.3569067
0,1,0.5808233
1,0,0.43789873
0,0,0.28072372
0,1,0.5203304
0,0,0.348706
0,0,0.44535372
0,1,0.71618944
0,1,0.5580923
0,0,0.358155
0,0,0.28072372
0,0,0.43789873
0,0,0.2723408
0,0,0.2723408
0,1,0.59746224
0,1,0.6283801
0,0,0.4313277
0,1,0.56707823
0,0,0.2206168
0,1,0.5821304
0,1,0.59746224
0,0,0.23621048
0,1,0.7043276
0,0,0.47791404
0,0,0.23521146
0,1,0.7306074
0,0,0.23504499
0,0,0.27508208
0,0,0.2723408
0,0,0.26129892
0,1,0.5141859
0,1,0.6927044
0,0,0.4729358
0,0,0.46193025
0,0,0.23621048
0,1,0.7006522
0,0,0.235812
0,0,0.29915285
0,1,0.5580923
0,0,0.34737906
0,0,0.23621048
0,0,0.2206168
0,0,0.43131423
0,1,0.6621707
0,0,0.2372125
0,0,0.4478036
0,0,0.2740439
1,1,0.7043276
0,1,0.6411431
0,1,0.50803685
0,1,0.60173947
0,0,0.49629745
0,1,0.5060909
0,0,0.27590042
0,0,0.45046487
0,0,0.23621048
0,0,0.23811764
1,1,0.66549474
0,1,0.63593537
0,0,0.26129892
0,0,0.2668859
0,1,0.6350904
0,1,0.7043276
0,1,0.6709113
0,1,0.5019855
0,1,0.64852726
0,1,0.65880895
1,0,0.29960278
1,1,0.5684556
1,1,0.50477916
0,0,0.24291728
0,0,0.24843381
1,1,0.5052845
0,0,0.30314434
0,0,0.273332
0,0,0.47727808
0,1,0.7442889
0,0,0.24535537
0,1,0.7043276
0,0,0.38681066
0,0,0.2211909
0,0,0.39756256
0,0,0.235812
0,0,0.2684677
0,0,0.32242343
0,0,0.29960278
0,0,0.26129892
1,0,0.39401475
1,1,0.6503422
0,0,0.23521146
0,0,0.2206168
0,0,0.23811764
0,0,0.3569067
1,1,0.7298778
0,0,0.2206168
0,0,0.47186434
0,1,0.5203304
0,0,0.48410013
0,0,0.24291728
1,0,0.26341245
0,0,0.2372125
0,0,0.26129892
1,1,0.56707823
0,1,0.5276909
1,1,0.66794616
1,1,0.50285596
0,0,0.4246667
0,1,0.7043276
0,0,0.30444854
0,0,0.48599985
0,1,0.675997
0,0,0.4391155
1,1,0.69426465
0,0,0.2206168
1,1,0.7043276
0,1,0.5972569
0,0,0.47494233
0,1,0.6419757
0,0,0.26129892
0,0,0.31842238
0,1,0.6478518
0,0,0.348706
0,1,0.67660016
0,0,0.2211909
1,1,0.73227453
0,0,0.4016403
0,0,0.23504499
0,0,0.4603705
0,0,0.29332286
0,0,0.23504499
0,0,0.3643621
0,0,0.26005182
0,0,0.267287
0,1,0.56707823
0,0,0.44247395
0,0,0.4016403
0,0,0.4478036
0,1,0.70011824
0,0,0.24393867
0,0,0.33286235
0,1,0.65767276
0,1,0.51265603
0,0,0.43662223
0,0,0.2668859
0,0,0.32635397
0,1,0.6118124
0,1,0.6201668
0,1,0.6349663
0,0,0.2372125
0,0,0.48619038
1,0,0.4016403
0,0,0.23504499
0,1,0.5563086
0,0,0.27323365
0,0,0.26129892
0,0,0.49542493
0,1,0.5580923
0,0,0.2211909
1,1,0.67506254
0,0,0.44535372
0,0,0.3953691
0,0,0.2372125
0,0,0.358155
1,1,0.61206126
0,1,0.56306547
0,1,0.6440365
0,0,0.4478036
0,0,0.22184004
0,0,0.2372125
0,0,0.2728197
0,0,0.4295969
0,1,0.6621707
1,1,0.66207594
0,1,0.7043276
0,1,0.51265603
0,0,0.4603705
0,1,0.5595025
0,1,0.62469995
0,0,0.24393867
1,1,0.6711052
0,0,0.34076467
0,1,0.54295176
0,1,0.60824203
0,0,0.31543082
0,1,0.6619068
0,0,0.26129892
0,1,0.5517973
0,0,0.27378887
0,0,0.27096888
0,0,0.23836958
0,0,0.2211909
0,0,0.2211909
0,1,0.598287
0,0,0.417722
0,0,0.24052286
0,1,0.621388
0,1,0.6205157
0,1,0.69927305
0,0,0.39427012
0,0,0.26129892
0,0,0.27096888
0,1,0.66628313
0,0,0.2206168
0,1,0.5432002
0,1,0.70528567
0,0,0.2723408
0,1,0.74395055
0,1,0.5831561
0,0,0.23504499
0,1,0.5863804
0,0,0.26341245
0,0,0.26341245
0,0,0.2211909
0,0,0.26438296
0,0,0.26005182
0,0,0.2206168
1,1,0.56435335
0,0,0.39244574
0,1,0.5203304
0,0,0.3155618
0,0,0.2206168
0,1,0.52058864
0,0,0.4603705
0,0,0.4284039
0,0,0.32958165
0,0,0.2206168
0,1,0.5425915
0,0,0.49244288
0,0,0.39719817
0,1,0.6258156
0,0,0.23621048
0,1,0.6621707
0,0,0.23621048
0,0,0.45046487
0,1,0.5794654
0,0,0.4387714
0,0,0.23521146
0,0,0.42007867
0,0,0.2206168
0,0,0.3181441
0,0,0.23621048
0,1,0.55708474
0,0,0.4603705
0,1,0.60173947
1,1,0.65997416
0,0,0.2211909
0,0,0.46193025
0,0,0.43542442
0,0,0.2211909
0,0,0.30579215
0,0,0.22184004
0,0,0.3949596
0,0,0.3353949
0,1,0.60824203
0,0,0.23836958
1,1,0.67506254
0,1,0.6877569
0,0,0.46488222
0,0,0.2206168
0,1,0.6165305
1,1,0.6877569
1,0,0.4822823
0,1,0.74395055
0,0,0.30934143
1,1,0.6621707
0,0,0.2206168
0,0,0.4882871
0,0,0.49244288
1,0,0.440115
0,0,0.2372125
0,0,0.23836958
0,1,0.5588213
1,1,0.67065704
0,0,0.26129892
1,1,0.65453327
0,1,0.7375152
0,0,0.2211909
0,0,0.3388742
0,0,0.23621048
0,1,0.6784544
0,1,0.66527236
0,1,0.6157454
0,0,0.23811764
0,0,0.23621048
0,1,0.61420345
0,0,0.23836958
0,0,0.41787797
0,0,0.23161106
0,1,0.739665
0,0,0.45193243
0,0,0.23621048
0,0,0.26129892
0,1,0.6202985
0,1,0.5203304
1,1,0.6412498
0,0,0.48531625
0,0,0.4873514
0,1,0.6444873
0,0,0.4313277
0,0,0.30238253
0,0,0.40095434
0,0,0.26005182
1,1,0.7043276
0,0,0.23621048
1,1,0.5489273
0,0,0.2211909
0,1,0.6165305
0,0,0.3827871
0,1,0.6685702
1,1,0.71472555
0,0,0.23836958
0,0,0.24291728
1,1,0.68124187
0,1,0.72916234
0,0,0.39756256
0,1,0.6619068
0,1,0.5258546
0,1,0.6118124
0,0,0.38735908
0,0,0.3707553
0,1,0.69160235
0,1,0.55353844
0,0,0.26129892
0,0,0.4478036
0,0,0.29960278
0,0,0.358155
0,1,0.66207594
0,0,0.43542442
0,0,0.23836958
1,1,0.5196539
1,1,0.74395055
0,0,0.23649105
1,1,0.68566734
0,1,0.6384387
0,0,0.27096888
0,0,0.3626246
1,1,0.74395055
0,1,0.6275297
0,0,0.36645833
0,1,0.5904296
0,1,0.6399342
0,0,0.38862023
0,0,0.23521146
0,0,0.2372125
0,0,0.26360822
0,1,0.5595025
0,0,0.4478036
0,0,0.27378887
0,0,0.2211909
0,0,0.2211909
0,1,0.5563086
0,1,0.5588213
0,1,0.6039815
0,1,0.6165305
0,0,0.23504499
0,1,0.6784544
0,1,0.7084115
0,0,0.2211909
0,0,0.2211909
0,0,0.23621048
0,0,0.40643474
0,1,0.5425915
0,1,0.596586
0,1,0.59393233
0,0,0.2206168
1,0,0.39390895
0,0,0.27327606
0,0,0.3077183
0,0,0.35440543
0,0,0.35284987
0,1,0.6418124
0,1,0.52526784
0,1,0.7133555
0,1,0.66753376
1,1,0.5203304
0,0,0.2206168
0,0,0.24291728
1,0,0.24291728
0,0,0.38681066
0,1,0.67828214
0,0,0.49885494
0,1,0.6350904
0,0,0.27378887
0,0,0.2809075
0,0,0.23521146
1,0,0.4729358
0,0,0.348706
0,0,0.2206168
0,0,0.27378887
0,1,0.5028001
0,0,0.3181441
0,0,0.27378887
0,0,0.38735908
0,0,0.2206168
0,0,0.23521146
0,1,0.5897987
0,0,0.23621048
0,0,0.235812
0,1,0.6118124
0,0,0.45371148
1,1,0.7056549
0,0,0.359326
0,0,0.23557921
0,1,0.6711052
0,1,0.675997
1,1,0.5432002
0,1,0.52845937
0,0,0.27378887
0,0,0.223797
1,1,0.6823066
0,0,0.31448945
0,0,0.26360822
0,0,0.27378887
0,0,0.235812
0,0,0.29294744
0,0,0.2206168
0,0,0.2723408
0,1,0.7043276
0,0,0.3949596
0,0,0.24535537
0,0,0.4478036
0,1,0.54258233
0,0,0.2206168
1,1,0.5151277
0,0,0.4505707
0,1,0.67828214
0,1,0.6791271
0,0,0.2723408
1,1,0.6695863
0,0,0.223797
0,0,0.31341338
0,1,0.67406535
1,1,0.52099586
1,1,0.71472555
0,1,0.6275297
0,0,0.23621048
0,0,0.2206168
0,0,0.39701703
0,0,0.358155
0,0,0.27642366
0,0,0.473762
0,0,0.23649105
0,1,0.7002371
0,0,0.49244288
0,0,0.39719817
0,1,0.6450879
0,0,0.23811764
0,0,0.23621048
0,0,0.28469673
0,1,0.6686751
0,1,0.5831561
0,1,0.52257234
0,0,0.23557921
0,0,0.29332286
0,1,0.6000249
0,0,0.2211909
0,0,0.3155618
0,1,0.5588213
0,0,0.27824643
0,0,0.27378887
0,1,0.5126123
0,1,0.63662106
0,1,0.5126123
0,0,0.4574082
0,0,0.2206168
1,1,0.67828214
0,1,0.60824203
0,0,0.46193025
0,0,0.23621048
0,0,0.30431446
1,1,0.7043276
0,1,0.67828214
0,0,0.4246667
0,0,0.23504499
0,0,0.27642366
0,1,0.6621707
1,1,0.6854269
0,0,0.27378887
0,1,0.5684556
0,0,0.359326
1,1,0.6983043
1,1,0.66628313
0,0,0.24740304
0,0,0.3019112
0,0,0.47335905
0,0,0.23504499
0,1,0.6205157
0,1,0.5794654
0,0,0.3181441
0,0,0.4313277
0,1,0.6201668
0,1,0.6350904
0,0,0.32101703
0,0,0.35805213
0,1,0.68906265
0,0,0.26005182
0,1,0.6868942
1,1,0.5113774
0,0,0.23621048
0,0,0.23811764
0,0,0.31341338
0,0,0.2206168
0,0,0.30314434
0,0,0.23504499
0,0,0.31665692
0,0,0.29021835
0,0,0.34562013
0,1,0.6854269
0,1,0.59118503
0,0,0.47186434
1,1,0.5203304
0,0,0.42024463
1,1,0.5103335
0,1,0.6286689
1,1,0.74395055
0,0,0.2206168
0,0,0.24761435
0,0,0.4603705
0,1,0.6621707
0,0,0.24174513
0,0,0.4729358
0,0,0.2372125
0,1,0.572746
0,0,0.23621048
0,0,0.49120176
0,0,0.23836958
1,1,0.5196539
0,1,0.71243364
0,0,0.27496693
0,0,0.23504499
0,0,0.24052286
0,0,0.2638572
0,0,0.2668859
0,0,0.4016403
1,1,0.5981854
0,0,0.2686686
0,0,0.3775241
0,0,0.24761435
0,0,0.2206168
0,0,0.30934143
0,1,0.5580923
1,0,0.42024463
0,0,0.2206168
0,0,0.38299605
0,0,0.2211909
0,1,0.5940587
0,0,0.23811764
0,0,0.24393867
0,0,0.26608056
0,1,0.5964473
0,0,0.3439234
0,0,0.28850114
1,1,0.6224819
0,0,0.2668859
0,0,0.44021747
0,0,0.23621048
0,0,0.36923087
0,0,0.30280706
0,0,0.3953691
0,0,0.49542493
0,1,0.6201668
0,0,0.4016403
0,1,0.61206126
0,1,0.5554745
1,1,0.6165305
0,0,0.2686686
0,0,0.29332286
0,0,0.2372125
0,0,0.4016403
0,0,0.4638829
0,1,0.671852
0,0,0.4638829
0,1,0.6224819
0,0,0.49244288
0,1,0.54295176
0,0,0.2451962
0,0,0.2670907
0,0,0.2206168
0,0,0.41616425
0,1,0.6897806
0,0,0.4505707
0,0,0.42943996
0,1,0.5203304
0,1,0.56707823
1,0,0.36383408
0,0,0.43111968
0,1,0.62459993
0,0,0.223797
0,1,0.66527236
0,1,0.60824203
0,0,0.4618092
0,0,0.23621048
0,1,0.5580923
0,0,0.2206168
1,1,0.7150877
0,0,0.2211909
0,0,0.2451962
0,1,0.54295176
0,1,0.671852
0,0,0.26360822
0,1,0.60173947
1,1,0.621388
0,1,0.6412498
0,0,0.3388742
0,0,0.23860244
0,0,0.429918
0,0,0.4478036
0,0,0.26129892
0,0,0.27096888
0,0,0.26360822
0,0,0.273332
1,1,0.5432002
0,0,0.2372125
0,0,0.23836958
0,1,0.6619068
0,1,0.69927305
0,0,0.2723408
0,1,0.52058864
0,0,0.26608056
0,0,0.23504499
0,0,0.26608056
0,0,0.2211909
0,0,0.3913133
0,1,0.6897806
0,0,0.2211909
0,0,0.33721235
0,0,0.3913133
0,1,0.6118124
0,0,0.2451962
0,0,0.2211909
0,1,0.54295176
0,1,0.6412498
0,0,0.26129892
0,0,0.4246667
0,0,0.2206168
0,0,0.4313277
0,1,0.6546718
0,0,0.2638572
0,0,0.2668859
0,1,0.7043276
1,1,0.7416216
1,0,0.41662163
0,0,0.4603705
0,0,0.47335905
0,0,0.29196474
0,1,0.52058864
0,0,0.26360822
0,0,0.3444434
0,0,0.44134215
0,0,0.3019112
0,0,0.26005182
0,0,0.2206168
0,0,0.23504499
0,1,0.58528286
0,0,0.2211909
0,0,0.24291728
0,0,0.27378887
0,1,0.6490173
0,0,0.26005182
0,0,0.23621048
0,0,0.27590042
0,0,0.2723408
1,1,0.61206126
0,1,0.5563086
0,1,0.59746224
0,1,0.60824203
0,0,0.23504499
0,1,0.6632746
0,0,0.26618096
0,0,0.23621048
0,1,0.56306547
0,1,0.5940587
0,0,0.2211909
0,0,0.28666165
0,0,0.23836958
0,1,0.60824203
0,0,0.47494233
0,0,0.2719907
0,0,0.23621048
0,0,0.4603705
0,1,0.52771544
0,1,0.60907304
0,1,0.5432002
0,0,0.39079586
0,0,0.4313277
0,0,0.42660636
0,0,0.2451962
0,1,0.54295176
0,0,0.3981212
0,0,0.4598707
0,0,0.4189261
1,1,0.74395055
0,0,0.2638572
0,0,0.2211909
1,1,0.5126123
1,1,0.6983043
1,0,0.3610946
0,0,0.23811764
0,0,0.27378887
0,0,0.39870122
0,0,0.26360822
0,0,0.23621048
0,0,0.3181441
0,1,0.5659112
0,0,0.4313277
0,1,0.6039815
0,0,0.4803318
0,0,0.3053533
0,0,0.27378887
1,1,0.62475127
0,1,0.5092493
0,1,0.66207594
0,0,0.44846308
0,0,0.22184004
0,1,0.67059606
0,0,0.4638829
0,0,0.24535537
0,1,0.6601116
0,0,0.27378887
0,1,0.6275297
0,1,0.5308552
1,0,0.3949596
0,0,0.44135192
0,0,0.36201927
0,0,0.4016403
0,1,0.59608495
0,0,0.2372125
0,0,0.23521146
0,1,0.70528567
0,0,0.23961142
0,0,0.23621048
0,0,0.4391155
0,0,0.3439234
0,1,0.5203304
0,0,0.23228168
0,0,0.23621048
0,0,0.23621048
0,1,0.60824203
0,0,0.3077183
0,0,0.2206168
0,1,0.52316254
0,1,0.65737087
0,1,0.61206126
0,0,0.49629745
0,0,0.2211909
0,0,0.23836958
0,0,0.3181441
0,1,0.59746224
0,1,0.5196539
0,0,0.4603705
0,0,0.2206168
0,0,0.4603705
1,1,0.7043276
0,0,0.31448945
1,1,0.6545932
0,0,0.27378887
0,0,0.23504499
0,1,0.54565114
1,1,0.70528567
0,0,0.34259716
1,1,0.7005581
0,0,0.31607324
0,1,0.61158454
0,0,0.4949172
0,0,0.39979115
0,0,0.24393867
0,0,0.40065858
0,0,0.48559853
0,0,0.27378887
0,0,0.26005182
0,0,0.4313277
0,0,0.23811764
0,0,0.4729358
0,0,0.2206168
0,0,0.3467693
0,0,0.48559853
0,0,0.4603705
0,1,0.66207594
0,1,0.53397995
1,1,0.6621707
0,0,0.23860244
0,0,0.39756256
0,1,0.5580923
0,0,0.24291728
0,0,0.4313277
0,0,0.2684677
0,0,0.32958165
0,1,0.6039815
0,0,0.3509175
0,0,0.36805913
0,0,0.29960278
1,1,0.57547176
0,0,0.2424394
1,1,0.61994165
0,0,0.35109475
0,0,0.23161106
0,0,0.2206168
0,0,0.23504499
0,0,0.24761435
0,1,0.6224819
0,1,0.6601116
0,0,0.2668859
0,0,0.23836958
0,0,0.2206168
0,1,0.61206126
0,0,0.23621048
1,1,0.7248043
0,1,0.57637465
0,0,0.46193025
0,0,0.2211909
0,1,0.69927305
0,1,0.54295176
0,0,0.27590778
0,1,0.50837064
0,0,0.27378887
1,1,0.62213176
0,0,0.3018978
0,1,0.6412498
0,1,0.739665
0,0,0.436795
0,1,0.5674205
0,0,0.2723408
1,1,0.56707823
0,0,0.3019112
0,0,0.4295969
0,1,0.5590218
1,1,0.5668098
0,0,0.23521146
0,0,0.39719817
0,0,0.26360822
0,0,0.4638829
0,0,0.32958165
0,0,0.31380492
0,0,0.4313277
0,0,0.2206168
0,1,0.68013126
0,0,0.24291728
0,0,0.45886543
0,0,0.33639812
0,0,0.31341338
0,0,0.38681066
0,0,0.45361874
0,0,0.39744675
0,1,0.5590218
0,0,0.2206168
0,1,0.6412498
0,0,0.4873514
0,0,0.23621048
0,0,0.2413884
0,0,0.27452826
0,0,0.48559853
0,1,0.63343495
0,0,0.46193025
0,0,0.23860244
0,0,0.23621048
0,0,0.2728197
0,0,0.39079586
0,0,0.2206168
0,0,0.3626246
0,1,0.60173947
0,0,0.2723408
0,0,0.2723408
0,0,0.23836958
0,1,0.5425915
0,0,0.26129892
0,0,0.36645833
0,1,0.5019417
0,1,0.6627737
0,0,0.27824643
1,0,0.24393867
0,1,0.68928236
0,0,0.43789873
0,1,0.6886225
0,0,0.33286235
0,1,0.52099586
0,0,0.26129892
0,0,0.32242343
0,0,0.27142328
0,0,0.4391155
0,0,0.39071047
0,1,0.62654185
0,1,0.61206126
0,0,0.2206168
0,1,0.5728037
0,0,0.28739494
0,0,0.3827871
0,0,0.358155
0,1,0.5794654
0,0,0.2206168
1,1,0.71299195
0,0,0.23811764
0,1,0.5505673
0,1,0.68257374
0,0,0.47351414
0,1,0.5831561
0,0,0.4859289
0,0,0.2211909
1,1,0.7263572
0,1,0.64344007
0,0,0.39719817
0,0,0.27096888
0,1,0.6023937
0,0,0.4089401
0,0,0.3077183
0,1,0.68881434
0,1,0.557547
0,0,0.39079586
0,1,0.61206126
0,0,0.359326
0,0,0.27378887
0,1,0.66207594
0,0,0.49866498
0,1,0.6716088
0,1,0.6709113
0,1,0.5052845
0,0,0.3920316
0,0,0.46488222
0,1,0.66628313
0,0,0.2206168
0,0,0.23621048
0,0,0.26129892
1,1,0.596586
0,0,0.23621048
0,0,0.26360822
0,0,0.23811764
0,0,0.2211909
0,1,0.5019417
0,0,0.23621048
0,0,0.4603705
0,1,0.6865147
0,0,0.23621048
0,0,0.3338061
0,0,0.2206168
0,1,0.6769403
0,0,0.42592335
0,0,0.23521146
0,1,0.6058186
0,0,0.24291728
0,0,0.2684677
0,0,0.34697965
0,0,0.26005182
1,1,0.7288113
1,1,0.60824203
0,1,0.5707997
0,0,0.46488222
0,0,0.4598707
1,1,0.7309569
1,1,0.6421707
1,1,0.5646697
0,0,0.2723408
1,0,0.24291728
0,1,0.58334565
0,0,0.29960278
0,1,0.5587333
0,0,0.23836958
0,1,0.6547449
0,1,0.61545604
0,0,0.30444854
0,0,0.235812
0,1,0.6891951
0,0,0.2206168
0,1,0.5949173
0,0,0.48908466
0,0,0.23836958
0,0,0.34020275
0,1,0.6385461
0,0,0.24174513
0,0,0.45193243
0,0,0.2211909
0,1,0.6685067
0,1,0.60824203
1,1,0.71291584
0,0,0.2206168
0,0,0.2686686
0,0,0.2211909
0,0,0.23836958
0,1,0.6205157
0,0,0.3338157
0,0,0.2206168
0,1,0.56707823
1,1,0.7043276
0,0,0.26057297
0,0,0.2211909
0,0,0.26005182
0,0,0.46193025
0,1,0.60824203
0,0,0.48559853
1,1,0.61910504
0,1,0.5190355
0,1,0.5203304
0,1,0.60173947
0,0,0.4303256
0,1,0.5343994
0,0,0.235812
0,1,0.7002371
0,0,0.2206168
0,1,0.7043276
1,1,0.7043276
0,1,0.68013126
0,0,0.473762
0,0,0.23860244
0,0,0.2206168
0,1,0.5005466
1,1,0.66251755
0,0,0.4873514
0,0,0.2372125
0,0,0.3982229
0,1,0.58363855
0,0,0.23811764
0,0,0.235812
0,0,0.23836958
1,1,0.6865147
1,1,0.74395055
1,1,0.54295176
0,0,0.46193025
0,1,0.65880895
0,0,0.23811764
0,0,0.2206168
0,0,0.29384434
0,0,0.23621048
0,1,0.5580923
0,0,0.491042
0,0,0.2593281
1,1,0.69615406
0,1,0.50285596
1,1,0.65038216
0,1,0.6601116
0,0,0.223797
0,0,0.26608056
0,0,0.4313277
0,0,0.2670907
0,0,0.4478036
0,0,0.24077652
0,0,0.42306778
1,1,0.66207594
0,0,0.33084342
0,0,0.4603705
0,0,0.22184004
0,1,0.6524878
0,1,0.7442889
0,0,0.32958165
0,0,0.223797
0,0,0.23621048
0,1,0.57262814
0,0,0.2211909
0,1,0.54361725
0,1,0.6794162
0,0,0.27061793
0,1,0.54295176
0,1,0.62475127
0,1,0.5940587
0,1,0.6527283
0,0,0.23836958
0,0,0.4391155
0,0,0.29960278
0,1,0.50837064
1,1,0.70528567
0,0,0.43789873
0,1,0.6621707
0,1,0.6329904
1,1,0.6846854
0,1,0.66207594
1,1,0.6897806
0,0,0.31952274
0,1,0.59746224
1,0,0.48471272
0,0,0.27378887
0,0,0.4469627
0,1,0.59608495
0,0,0.27378887
0,0,0.23504499
0,0,0.49457398
0,1,0.572746
0,0,0.2723408
0,0,0.24291728
0,1,0.6782706
0,1,0.66549474
0,1,0.7043276
0,0,0.27096888
0,0,0.23811764
0,1,0.7043276
0,0,0.47335905
0,0,0.26005182
0,0,0.3957197
0,0,0.27378887
0,1,0.73227453
0,0,0.4603705
0,0,0.29915285
1,1,0.7376279
0,0,0.23621048
0,0,0.2570933
0,0,0.2372125
1,1,0.6296125
0,0,0.3444434
0,1,0.5595025
0,1,0.6711052
0,0,0.49750814
0,1,0.50803685
0,1,0.6601116
0,0,0.2211909
0,0,0.23504499
0,0,0.46193025
0,0,0.27378887
0,0,0.2211909
0,0,0.2809075
0,0,0.44729462
0,1,0.5595025
0,0,0.26005182
0,1,0.7043276
0,0,0.4313277
0,0,0.4360617
0,0,0.33968237
0,1,0.6412498
0,0,0.2792531
0,1,0.5668183
0,0,0.24393867
0,1,0.59746224
0,0,0.23621048
0,0,0.4016403
0,0,0.39318314
0,0,0.23621048
0,0,0.32184222
1,1,0.7024099
0,0,0.26608056
1,1,0.5506096
0,0,0.2211909
0,0,0.2206168
0,1,0.50837064
0,1,0.5092493
0,0,0.23161106
0,1,0.60824203
0,1,0.5673198
0,0,0.23521146
0,1,0.7419619
0,1,0.6878104
0,1,0.6349663
0,1,0.6000249
0,0,0.4478036
0,0,0.23504499
1,0,0.2211909
0,0,0.4964289
0,0,0.2206168
0,0,0.23860244
0,0,0.4478036
0,1,0.64628935
0,0,0.223797
1,1,0.6118124
0,0,0.34562013
0,0,0.23621048
0,0,0.23621048
0,1,0.6412498
1,1,0.6993671
1,1,0.72576976
0,1,0.7419619
0,1,0.5794654
0,0,0.34902996
0,0,0.23504499
0,0,0.23860244
0,1,0.5203304
0,1,0.5209509
0,1,0.54295176
0,0,0.23836958
0,0,0.2723408
0,0,0.26598394
0,0,0.23521146
0,0,0.34191427
0,0,0.24291728
0,0,0.32958165
0,1,0.6601116
0,0,0.30934143
0,0,0.32186392
0,1,0.6621707
0,0,0.27496693
0,0,0.47186434
0,0,0.23504499
0,0,0.3949596
0,0,0.2206168
1,1,0.6582872
0,0,0.23436883
0,0,0.23836958
0,0,0.27259496
0,0,0.23521146
0,0,0.29584378
0,1,0.577464
0,0,0.26608056
0,0,0.2206168
1,1,0.7043276
0,0,0.48493066
0,0,0.2206168
0,0,0.2211909
0,1,0.5937047
0,0,0.4313277
0,0,0.38681066
0,1,0.69927305
0,0,0.26785657
0,0,0.27358675
0,0,0.44135192
0,1,0.7442889
0,1,0.5219984
0,0,0.36567962
0,1,0.72134674
0,0,0.2206168
0,0,0.4603705
0,0,0.23504499
0,0,0.26129892
0,0,0.26129892
0,0,0.2206168
0,0,0.2206168
0,0,0.3558706
0,0,0.2719907
1,1,0.63636684
0,0,0.4603705
0,0,0.30238253
0,0,0.2211909
0,0,0.2206168
1,0,0.4603705
0,0,0.235812
0,0,0.23836958
0,0,0.27327606
0,0,0.27096888
1,1,0.5732316
0,0,0.4603705
0,0,0.26360822
0,0,0.26129892
0,0,0.26360822
1,1,0.5506096
0,1,0.6320164
0,0,0.38681066
0,1,0.53025
0,0,0.45565328
0,0,0.2451962
0,0,0.26360822
0,0,0.40156493
0,0,0.23521146
0,1,0.71618944
0,0,0.23161106
0,1,0.60824203
0,1,0.7043276
0,0,0.24535537
0,1,0.54295176
0,0,0.24291728
0,1,0.66557974
0,1,0.6130234
0,1,0.675997
0,0,0.23621048
0,0,0.26129892
0,0,0.42271456
0,0,0.2372125
0,0,0.29196474
0,0,0.2451962
0,1,0.6993671
0,1,0.56707823
0,0,0.25637498
0,1,0.67415565
0,0,0.38511553
0,0,0.25084513
0,0,0.24291728
0,0,0.2372125
0,0,0.29960278
0,0,0.36645833
0,0,0.2206168
0,0,0.4478036
0,1,0.6329904
1,1,0.69159365
0,0,0.23836958
0,0,0.223797
0,0,0.35805213
0,1,0.5219984
1,1,0.59118503
0,0,0.3292652
0,1,0.67828214
0,0,0.23504499
0,0,0.31448945
0,0,0.32958165
0,1,0.68124187
0,1,0.6258156
0,0,0.34026876
0,1,0.5572237
0,0,0.23811764
0,0,0.23504499
0,1,0.5093782
0,0,0.32958165
0,1,0.5203304
0,0,0.23521146
0,0,0.4603705
0,0,0.24291728
1,1,0.63636684
0,1,0.7043276
0,1,0.5203304
0,0,0.48316488
0,1,0.5931846
0,0,0.46488222
0,0,0.429918
0,0,0.4603705
1,1,0.6621707
0,0,0.34458405
0,0,0.23521146
0,0,0.2206168
1,1,0.6081773
0,1,0.65674675
0,0,0.23621048
0,0,0.31842232
0,0,0.2372125
0,1,0.60173947
1,1,0.50837064
0,0,0.43662223
0,0,0.23504499
0,0,0.29957747
0,0,0.2211909
0,0,0.34668177
0,0,0.27642366
0,0,0.4478036
0,1,0.5203304
0,1,0.596586
0,0,0.30934143
0,0,0.26005182
0,0,0.2206168
0,1,0.61266303
0,0,0.2211909
0,0,0.4313277
0,1,0.6601116
0,1,0.5595025
0,0,0.2206168
1,1,0.6201668
0,0,0.23504499
0,0,0.2723408
0,0,0.23811764
0,0,0.49374762
0,0,0.23521146
0,0,0.2206168
0,0,0.2206168
0,1,0.50418824
0,0,0.45886543
0,0,0.26005182
0,1,0.55377674
0,0,0.24761435
0,0,0.43992704
0,0,0.4873514
0,1,0.72170377
0,1,0.5675857
0,0,0.23621048
0,0,0.4016403
0,1,0.64628935
0,0,0.23504499
0,1,0.55353844
0,1,0.6450879
0,0,0.36567962
1,1,0.6331213
0,0,0.26360822
0,0,0.42150912
0,0,0.34668177
0,1,0.5203304
0,1,0.5595025
0,0,0.26341245
0,1,0.5831561
0,1,0.55708474
0,0,0.23621048
0,0,0.2211909
1,1,0.6621707
0,0,0.2206168
0,0,0.4478036
1,1,0.67506254
0,1,0.5425915
1,1,0.6619068
0,0,0.24393867
0,1,0.6331213
0,0,0.491042
0,0,0.26005182
0,0,0.2206168
0,0,0.44729462
0,0,0.29368898
1,1,0.74395055
0,0,0.32958165
0,0,0.24393867
0,0,0.2684677
0,0,0.23621048
0,0,0.4603705
0,0,0.23228168
1,1,0.64642936
0,0,0.4058387
1,0,0.32101703
0,0,0.23836958
0,0,0.23504499
0,0,0.46488222
0,1,0.5972569
0,0,0.3876634
0,0,0.46023837
0,0,0.26129892
0,1,0.5808233
0,0,0.24761435
0,0,0.23504499
0,1,0.6205157
0,1,0.6503422
0,1,0.66628313
0,1,0.6277129
0,0,0.48559853
0,1,0.65880895
0,0,0.235812
0,1,0.66207594
0,0,0.45193243
0,0,0.38681066
0,0,0.46618944
0,1,0.6350904
0,0,0.235812
0,1,0.52316254
0,0,0.49351546
0,0,0.23621048
0,0,0.23161106
0,1,0.627041
0,0,0.30934143
0,0,0.23521146
0,0,0.22184004
0,0,0.49244288
0,0,0.45565328
0,0,0.4043124
0,0,0.24291728
0,0,0.2211909
0,1,0.52099586
0,0,0.41960394
0,1,0.56707823
0,1,0.64510244
0,0,0.2206168
0,0,0.3104101
0,0,0.27378887
1,1,0.6612797
0,0,0.2570933
0,0,0.26005182
0,0,0.235812
0,0,0.26005182
0,1,0.7163083
0,0,0.39756256
0,0,0.39719817
0,0,0.4313277
0,0,0.3181441
0,0,0.23621048
0,1,0.61838555
0,0,0.26826963
0,0,0.2211909
0,0,0.49629745
0,1,0.5060909
1,1,0.6621707
0,0,0.35284987
0,1,0.5203304
0,0,0.2372125
0,0,0.3439234
0,1,0.6621707
0,0,0.23621048
0,1,0.6444873
0,1,0.6877569
0,0,0.23621048
1,1,0.69927305
0,0,0.4873514
0,0,0.23621048
0,0,0.36567962
0,1,0.61158454
0,0,0.35284987
0,1,0.6039815
0,0,0.28186595
0,1,0.68124145
0,0,0.25375628
0,0,0.2206168
0,0,0.3957197
1,1,0.6275297
0,0,0.41134
0,1,0.65767276
0,1,0.68871653
0,0,0.27096888
0,0,0.49261084
0,0,0.4016403
0,1,0.5196539
0,0,0.26608056
0,1,0.69927305
0,1,0.5219984
0,0,0.2211909
0,1,0.6689831
1,1,0.675997
0,0,0.23836958
1,1,0.5981854
0,1,0.6897806
1,1,0.7043276
0,0,0.23621048
0,0,0.24291728
0,0,0.2723408
0,1,0.6412498
0,1,0.5425915
0,0,0.2723408
0,1,0.5432002
0,1,0.7043276
0,0,0.3786168
1,1,0.65141124
0,0,0.2206168
0,0,0.2206168
0,0,0.4313277
0,0,0.23860244
0,0,0.23836958
1,0,0.47567767
1,0,0.4016403
0,0,0.39756256
0,0,0.4056562
0,0,0.46488222
0,0,0.23811764
0,1,0.67508155
1,1,0.6373555
0,1,0.5203304
0,0,0.4603705
0,1,0.57262814
0,1,0.5432002
0,0,0.3104101
0,0,0.2206168
0,0,0.23811764
0,0,0.2684677
0,0,0.26005182
0,0,0.4822823
0,0,0.26608056
0,1,0.6165305
0,0,0.4873514
0,1,0.50418824
0,0,0.3181441
0,1,0.6356625
0,0,0.24393867
0,1,0.50311553
0,1,0.67508155
0,1,0.63395905
0,1,0.7002371
0,0,0.23504499
0,1,0.66628313
0,1,0.5126123
0,0,0.47335905
0,0,0.27378887
0,1,0.5587333
0,0,0.2206168
0,1,0.6081773
0,1,0.6322626
0,0,0.2372125
0,0,0.23811764
0,0,0.26537368
0,0,0.48731068
0,1,0.7056549
1,0,0.4391155
0,1,0.57547176
0,0,0.46918282
0,0,0.4016403
0,1,0.5743555
0,1,0.5126123
0,1,0.64642936
0,0,0.29584378
0,1,0.6039815
0,0,0.24393867
0,0,0.33882987
0,0,0.386757
0,1,0.55708474
0,0,0.45490482
0,1,0.5126123
0,1,0.6258156
1,1,0.53933984
0,1,0.6118124
0,0,0.45869598
0,0,0.24393867
0,0,0.27378887
0,1,0.6419757
0,0,0.4016403
0,0,0.34668177
1,1,0.6205157
0,1,0.621388
0,0,0.4603705
0,0,0.23621048
0,0,0.23504499
0,1,0.5580923
0,0,0.29196474
0,0,0.2740439
0,0,0.2206168
0,1,0.5203304
0,1,0.5940587
0,0,0.23621048
0,0,0.4373955
0,0,0.23621048
0,1,0.67406535
0,1,0.54295176
0,0,0.23811764
0,0,0.4016403
0,1,0.6686751
0,0,0.2206168
0,0,0.23504499
0,0,0.34259716
0,0,0.24638364
0,1,0.5425915
0,1,0.671852
0,0,0.24052286
0,1,0.5808233
0,0,0.23504499
0,1,0.5821304
0,1,0.5005466
0,0,0.23811764
0,0,0.23836958
0,0,0.2206168
1,1,0.7043276
0,0,0.4189261
0,1,0.5937047
0,0,0.23504499
0,0,0.2459751
0,1,0.6350904
0,0,0.2206168
0,1,0.5196539
0,0,0.358155
0,0,0.39870122
0,0,0.23621048
1,1,0.56707823
0,0,0.2372125
0,1,0.7186231
0,1,0.6331213
0,0,0.23961142
0,0,0.2206168
0,0,0.23521146
0,0,0.3444434
0,1,0.6835941
0,0,0.2809075
0,0,0.2206168
0,1,0.64642936
0,1,0.671852
0,1,0.56707823
0,0,0.23961142
0,1,0.577464
1,1,0.6399207
0,0,0.43789873
0,1,0.5219984
1,1,0.70528567
0,0,0.4016403
0,0,0.28666165
0,0,0.26360822
0,0,0.29021835
0,0,0.23161106
0,1,0.63593537
0,0,0.24291728
0,0,0.348706
0,1,0.72531885
0,0,0.29368898
0,0,0.4469627
0,1,0.5595025
0,0,0.27061793
0,1,0.6412498
0,0,0.4478036
0,0,0.4478036
0,1,0.5196539
0,1,0.5863064
0,0,0.23621048
0,0,0.26608056
0,0,0.26608056
0,0,0.3474328
0,1,0.60173947
0,1,0.5203304
0,0,0.23161106
0,0,0.2809075
0,1,0.61191136
0,0,0.26129892
0,0,0.42024463
0,0,0.24393867
0,1,0.64642936
0,1,0.5343994
0,1,0.5828493
0,1,0.7043276
0,0,0.2211909
0,1,0.7043276
0,0,0.2206168
0,0,0.4016403
1,1,0.68962985
0,1,0.5863804
0,1,0.6994061
0,0,0.23521146
0,1,0.65839326
0,0,0.26005182
0,0,0.23621048
0,0,0.43542442
0,1,0.63593537
0,0,0.39719817
0,1,0.5397094
0,0,0.44729462
0,1,0.5580923
0,0,0.32958165
0,1,0.5196539
0,1,0.50277424
0,0,0.2372125
0,0,0.23621048
0,0,0.2211909
0,0,0.26005182
0,0,0.26129892
0,0,0.48146108
0,0,0.27378887
0,0,0.38460675
0,0,0.2211909
0,0,0.3295726
0,0,0.4478036
0,1,0.63395905
0,1,0.60824203
0,1,0.5536061
0,1,0.60824203
0,0,0.4313277
0,1,0.6131266
0,1,0.6178065
0,0,0.2206168
1,1,0.6865147
0,0,0.23621048
0,0,0.2206168
0,0,0.386757
1,1,0.5831561
0,0,0.23836958
0,0,0.359326
0,0,0.4779423
0,0,0.24291728
0,1,0.5196539
0,1,0.5308552
0,0,0.23521146
0,0,0.2585913
0,0,0.23504499
0,1,0.61225194
0,0,0.26341245
0,0,0.2372125
0,0,0.49975622
0,0,0.273332
0,1,0.6118124
0,1,0.5575909
0,0,0.23811764
0,0,0.46488222
0,1,0.60824203
0,1,0.5554745
0,0,0.27107036
0,1,0.56707823
0,0,0.23504499
0,1,0.59142965
0,0,0.2833992
0,0,0.26005182
0,1,0.66527236
0,0,0.22184004
0,0,0.23621048
0,0,0.45542744
0,1,0.6621707
0,1,0.54295176
1,1,0.53933984
0,0,0.2723408
0,0,0.4603705
1,1,0.54295176
0,1,0.6123547
0,0,0.24393867
0,1,0.6508258
0,0,0.2372125
0,0,0.4478036
0,1,0.5425915
0,0,0.33916587
0,0,0.42150912
0,1,0.69927305
0,1,0.64734566
0,0,0.3863126
0,0,0.2206168
0,1,0.6601116
0,1,0.5397094
0,0,0.27378887
0,0,0.2430069
0,1,0.5060909
0,0,0.27096888
0,0,0.48316488
0,1,0.57262814
0,1,0.5588213
0,0,0.33853778
0,0,0.24535537
1,1,0.6619068
0,0,0.23504499
0,0,0.47186434
0,0,0.27378887
0,0,0.2206168
0,1,0.5203304
0,0,0.26341245
1,1,0.5733969
0,0,0.313482
0,0,0.2206168
0,0,0.3558706
0,0,0.2206168
0,0,0.45348808
0,0,0.23853765
0,1,0.5203304
0,0,0.3181441
0,1,0.63593537
0,0,0.27378887
0,0,0.26129892
0,0,0.2719907
0,0,0.3569067
0,1,0.61392444
0,0,0.23521146
0,0,0.2206168
0,1,0.56707823
0,0,0.23621048
0,0,0.2968683
0,0,0.2668859
0,0,0.48908466
0,0,0.23621048
1,1,0.63662106
0,0,0.32186392
0,0,0.235812
0,0,0.23521146
0,0,0.23521146
0,1,0.63593537
0,0,0.23504499
0,0,0.23811764
0,0,0.2728197
0,1,0.5588213
0,1,0.5563086
0,0,0.27121493
0,1,0.54295176
0,0,0.27378887
0,0,0.46193025
0,0,0.39511928
0,1,0.56707823
0,1,0.6769403
0,0,0.23228168
0,0,0.23811764
0,1,0.6039815
0,0,0.24393867
0,0,0.22184004
0,0,0.3181441
0,1,0.52058864
0,1,0.52058864
0,1,0.5060909
0,0,0.2372125
0,0,0.4089401
0,0,0.23836958
0,1,0.62031287
0,0,0.23621048
0,1,0.60824203
0,0,0.436795
0,0,0.4043124
0,0,0.23621048
0,0,0.3827871
0,0,0.23621048
0,0,0.2211909
0,0,0.3981212
1,1,0.7024099
0,0,0.4603705
0,0,0.2206168
0,0,0.31341338
0,0,0.2684677
0,0,0.26005182
0,0,0.4603705
0,0,0.23811764
0,1,0.6897806
1,1,0.7043276
0,0,0.48624954
0,0,0.32101703
0,0,0.34685814
0,1,0.547268
0,0,0.4822823
0,1,0.56306547
0,0,0.359326
0,1,0.6350904
0,0,0.2206168
0,0,0.2211909
1,0,0.32528177
0,1,0.60824203
0,1,0.6165305
0,0,0.23521146
0,0,0.36091343
0,0,0.29196474
0,0,0.24291728
0,0,0.26129892
0,0,0.28037232
0,1,0.5432002
0,0,0.23621048
0,0,0.42636243
0,0,0.4016403
0,1,0.5196539
0,1,0.5425915
1,1,0.6808994
0,0,0.33084342
0,1,0.54295176
0,0,0.27596405
1,0,0.4882871
0,0,0.26795736
0,1,0.62654185
0,0,0.43789873
0,0,0.2206168
0,1,0.6453848
0,1,0.63395905
0,0,0.4016403
0,0,0.41049254
0,1,0.62353426
0,0,0.2719907
0,1,0.5727968
0,0,0.42679143
0,0,0.43789873
0,0,0.3453557
0,0,0.27395865
0,1,0.6897806
0,0,0.43662223
0,1,0.5580923
0,0,0.4021926
0,1,0.60824203
0,0,0.34191427
0,0,0.3827871
0,0,0.44846308
0,1,0.7043276
0,0,0.23521146
1,1,0.7442889
1,1,0.69159365
0,0,0.2211909
0,0,0.26129892
0,0,0.46488222
0,0,0.44846308
0,0,0.26598394
0,0,0.23621048
0,1,0.6373555
0,0,0.26129892
0,1,0.60421056
0,1,0.6924263
0,0,0.23621048
0,0,0.23521146
0,1,0.5308552
1,1,0.5258546
0,1,0.7043276
0,0,0.47455284
0,1,0.6331213
0,0,0.2211909
0,0,0.359326
0,0,0.3014723
0,0,0.47455284
0,0,0.26598394
0,0,0.2206168
0,1,0.58250386
0,0,0.2668859
0,0,0.2206168
0,0,0.4313277
0,0,0.24535537
0,0,0.2211909
0,0,0.23521146
0,1,0.5831561
0,0,0.2211909
0,0,0.32635397
0,0,0.24174513
0,0,0.23504499
0,0,0.29196474
0,0,0.44846308
0,0,0.23621048
0,1,0.51870203
1,0,0.491042
0,0,0.23860244
0,1,0.59598434
0,1,0.7006522
0,1,0.69319165
0,0,0.31341338
0,0,0.2372125
0,1,0.5580923
0,0,0.440115
0,0,0.26005182
0,1,0.63593537
0,1,0.6627737
0,0,0.46212173
0,0,0.3949596
1,1,0.5554745
0,0,0.3439234
0,0,0.26341245
0,0,0.49244288
0,1,0.5981854
0,0,0.2372125
0,0,0.2684677
0,0,0.24761435
0,0,0.23621048
0,0,0.2206168
0,0,0.26129892
0,1,0.5831561
0,0,0.39756256
1,0,0.4478036
0,1,0.6632746
0,1,0.52257234
0,0,0.2206168
0,0,0.27378887
1,1,0.68871653
0,0,0.23621048
0,0,0.2211909
0,0,0.46212173
0,0,0.43111968
0,0,0.23504499
0,0,0.2668859
0,0,0.2206168
0,0,0.31842238
0,0,0.2723408
0,0,0.37588313
0,0,0.2206168
0,0,0.23161106
0,0,0.23621048
1,1,0.7056549
0,1,0.547268
0,0,0.26129892
0,0,0.23504499
0,1,0.5878514
0,0,0.31607324
0,0,0.4016403
0,1,0.6150785
0,0,0.45193243
0,1,0.52058864
0,0,0.45361874
0,0,0.2723408
0,0,0.39719817
0,0,0.4469627
0,0,0.23161106
0,1,0.5580923
0,0,0.24291728
0,1,0.5203304
0,0,0.26360822
0,0,0.26341245
0,1,0.5496086
0,1,0.62762463
0,0,0.4644047
0,1,0.6736362
0,0,0.23649105
1,1,0.65767276
0,0,0.23836958
0,0,0.34802043
0,0,0.38681066
0,0,0.26608056
0,0,0.2372125
0,0,0.23860244
0,1,0.63662106
0,0,0.29791218
0,0,0.23521146
0,1,0.58528286
0,0,0.23161106
0,0,0.4478036
0,0,0.30431446
0,0,0.2372125
0,1,0.5937047
0,1,0.6973367
0,1,0.50966716
0,1,0.52099586
0,0,0.27323365
1,1,0.6865147
0,0,0.23504499
0,1,0.6542073
0,0,0.2206168
0,0,0.23504499
0,0,0.4603705
0,0,0.2372125
0,1,0.6867031
0,1,0.55708474
0,1,0.5902285
0,0,0.3181441
1,0,0.42024463
0,0,0.36567962
1,1,0.68813837
0,1,0.56707823
0,1,0.55312264
0,0,0.26129892
0,1,0.5496086
0,1,0.51870203
0,1,0.50609773
0,0,0.33621097
0,1,0.6412498
0,0,0.47494233
0,0,0.2206168
0,1,0.64510244
0,0,0.35760194
0,0,0.36087444
0,0,0.26360822
0,1,0.6419757
0,0,0.27378887
1,1,0.62695754
0,1,0.5727968
0,0,0.46488222
0,1,0.5659199
0,1,0.6826053
1,1,0.5052845
0,0,0.2668859
0,0,0.26608056
1,0,0.4043124
0,0,0.23860244
0,0,0.22503278
0,0,0.26826963
0,0,0.23504499
0,0,0.49865654
0,1,0.67828214
0,0,0.33250752
1,1,0.65453327
0,0,0.27378887
0,1,0.5443444
0,0,0.3839104
0,0,0.46193025
0,0,0.31734475
0,0,0.46084595
0,0,0.23811764
0,1,0.50837064
0,0,0.2206168
0,0,0.4478036
1,1,0.7043276
0,0,0.4603705
0,1,0.6412498
0,0,0.491042
0,0,0.4313277
0,0,0.47897974
0,1,0.6131266
0,0,0.23836958
0,1,0.62213176
0,1,0.52771544
0,0,0.4360617
0,0,0.24291728
0,1,0.66549474
1,1,0.74395055
0,1,0.5409354
0,1,0.62213176
0,0,0.23860244
1,1,0.70528567
0,0,0.22503278
0,0,0.27061793
0,1,0.5575909
0,0,0.32958165
0,0,0.4478036
0,1,0.6854269
0,1,0.5868586
0,1,0.55681366
1,1,0.6865147
0,0,0.4027074
0,0,0.2206168
0,1,0.5203304
0,0,0.235812
0,0,0.3230557
0,0,0.4016403
0,1,0.5728037
0,0,0.3611219
0,1,0.6283801
0,0,0.26618096
0,0,0.23811764
0,0,0.33286235
0,0,0.45886543
0,0,0.2372125
0,0,0.29196474
0,0,0.2372125
0,1,0.6118124
0,1,0.5575909
0,0,0.273332
0,0,0.27142328
0,0,0.48146108
0,0,0.43304974
0,1,0.69556195
0,1,0.6676541
1,0,0.48559853
0,1,0.63636684
0,0,0.26005182
0,0,0.4246667
0,0,0.26005182
0,1,0.7043276
0,1,0.61859244
0,0,0.38994104
0,0,0.23521146
0,0,0.31448945
0,0,0.2206168
0,1,0.6121208
0,1,0.66753376
0,0,0.48559853
0,0,0.45886543
0,1,0.6426676
0,1,0.6632746
0,1,0.60173947
0,0,0.23811764
0,0,0.23860244
0,0,0.23621048
0,0,0.31341338
0,1,0.51870203
0,1,0.61545604
0,1,0.5554745
0,0,0.26005182
0,0,0.39756256
0,0,0.273332
0,0,0.3913133
1,0,0.44828805
0,1,0.5831561
0,1,0.60824203
0,1,0.5794654
1,0,0.30082208
0,1,0.60824203
0,0,0.3839104
0,0,0.358155
0,0,0.48862457
1,1,0.7024099
0,0,0.4016403
0,0,0.37588313
0,1,0.5706741
0,0,0.24535537
0,0,0.3439234
0,0,0.49885494
0,1,0.5019855
0,0,0.23521146
0,1,0.6636713
0,0,0.2372125
0,0,0.3610946
0,0,0.46443272
1,1,0.66549474
1,1,0.68124145
0,1,0.71594715
0,0,0.4469627
0,1,0.69556195
0,0,0.28220704
1,1,0.7182636
1,1,0.6621707
0,0,0.23836958
0,0,0.4603705
0,1,0.54295176
0,0,0.45490482
0,0,0.39079586
1,0,0.44135192
1,0,0.35495868
0,1,0.5151277
0,1,0.65997416
0,0,0.23504499
0,1,0.5052845
0,0,0.46193025
0,1,0.74395055
1,1,0.66527236
0,0,0.4478036
0,0,0.27378887
0,0,0.23860244
0,0,0.2638572
0,0,0.4882871
1,1,0.5432002
0,1,0.56306547
0,1,0.61206126
0,0,0.23621048
0,1,0.7002371
0,1,0.5940587
0,1,0.5831561
0,0,0.2723408
0,1,0.5612895
0,0,0.2211909
0,1,0.6865147
0,0,0.23621048
0,0,0.23836958
0,0,0.42024463
0,0,0.23504499
0,0,0.31497335
0,0,0.2723408
0,0,0.2206168
0,1,0.5506096
1,1,0.5432002
0,0,0.2372125
0,0,0.26129892
0,0,0.2206168
0,1,0.5580923
0,0,0.2206168
1,0,0.44158098
1,0,0.49885494
0,1,0.5203304
0,1,0.5506096
0,0,0.39719817
0,0,0.23504499
0,1,0.5060909
0,0,0.2211909
0,0,0.47669923
1,1,0.7043276
0,1,0.5817732
0,0,0.2740439
0,0,0.23621048
0,0,0.23621048
0,0,0.4638829
0,0,0.2723408
0,1,0.5505673
0,0,0.2206168
0,0,0.223797
0,0,0.26341245
0,0,0.4873514
0,0,0.2684677
0,0,0.23836958
1,1,0.65222615
0,1,0.60824203
0,0,0.4313277
0,0,0.35109475
0,0,0.4233671
0,0,0.27093104
0,0,0.2211909
0,0,0.33968237
0,0,0.2372125
0,0,0.23860244
0,0,0.2211909
1,1,0.7133555
0,0,0.24535537
0,0,0.36567962
0,1,0.6619068
0,1,0.6412498
0,1,0.6350904
0,0,0.23836958
0,1,0.6684576
1,0,0.3467693
0,0,0.26608056
0,0,0.42150912
0,0,0.3161204
0,1,0.6097242
0,0,0.3827871
0,1,0.52257234
0,1,0.60824203
0,0,0.23504499
0,0,0.44729462
0,0,0.23621048
0,1,0.675997
0,0,0.3943481
0,0,0.23521146
0,1,0.5917936
0,1,0.66628313
0,0,0.2723408
0,1,0.70528567
0,0,0.45193243
0,1,0.67508155
0,0,0.23504499
0,0,0.3827871
0,0,0.4313277
0,0,0.2206168
0,1,0.63662106
0,1,0.65880895
0,0,0.23621048
0,0,0.45361874
0,1,0.6686751
0,0,0.49635407
0,0,0.32528177
0,1,0.5821304
0,1,0.66628313
0,0,0.23504499
0,0,0.4072681
0,0,0.23836958
0,0,0.23621048
0,0,0.24291728
1,1,0.6755238
1,1,0.65997416
0,1,0.6470539
1,1,0.5554745
0,1,0.69518703
0,0,0.23621048
0,0,0.24638364
1,1,0.73227453
1,1,0.68962985
1,1,0.5494892
0,0,0.31607324
0,0,0.42024463
0,0,0.3920316
0,0,0.2206168
0,1,0.69040227
0,0,0.2211909
0,0,0.24535537
0,0,0.2211909
0,0,0.43131423
0,1,0.5571009
0,0,0.2211909
0,0,0.23961142
1,1,0.60824203
1,1,0.5940587
0,0,0.23504499
0,0,0.35825253
1,1,0.6118124
0,0,0.24761435
0,1,0.5580923
0,1,0.5425915
0,0,0.26341245
0,0,0.24438441
0,0,0.42086285
0,0,0.3238185
0,0,0.29584378
0,0,0.2451962
0,0,0.27378887
0,0,0.4295969
0,0,0.2683292
0,0,0.22823581
0,0,0.43789873
0,0,0.4058387
0,1,0.55377674
0,1,0.66628313
1,0,0.34668177
0,0,0.4478036
0,0,0.23521146
0,0,0.2206168
0,0,0.30969563
0,1,0.66527236
0,0,0.4603705
0,1,0.6133565
0,0,0.23961142
0,0,0.2211909
0,0,0.49542493
0,0,0.3514424
0,1,0.57262814
0,0,0.27028987
0,0,0.3019112
0,1,0.6039815
0,1,0.60824203
0,0,0.23621048
0,1,0.5425915
0,0,0.24291728
0,0,0.49244288
0,0,0.28072372
0,0,0.3439234
0,0,0.26360822
0,0,0.4313277
0,1,0.5505673
0,0,0.23521146
0,1,0.6897806
0,0,0.2723408
0,1,0.57190955
1,1,0.66207594
0,0,0.2211909
0,0,0.48316488
0,0,0.4089401
0,0,0.43789873
0,0,0.23521146
0,0,0.2684677
1,0,0.46863136
0,0,0.3049356
0,0,0.24761435
0,0,0.2459751
0,0,0.26129892
0,0,0.27378887
0,0,0.2211909
0,0,0.45361874
0,1,0.55353844
0,0,0.48410013
0,0,0.28469673
0,0,0.4603705
0,0,0.27378887
0,0,0.359326
0,0,0.23504499
0,1,0.52257234
0,0,0.2451962
1,1,0.62459993
0,0,0.23504499
0,0,0.24291728
0,1,0.66527236
0,0,0.32958165
0,0,0.4478036
0,0,0.30431446
0,1,0.6846854
0,1,0.68124187
0,1,0.7442889
1,1,0.5093371
0,0,0.23504499
0,0,0.23436883
0,1,0.61206126
0,0,0.4478036
0,1,0.5554745
1,1,0.5093782
0,0,0.24535537
0,0,0.27142328
0,1,0.54258233
1,1,0.69927305
0,0,0.26608056
0,0,0.23621048
0,1,0.5937047
0,1,0.6621707
0,0,0.26129892
0,0,0.30579215
0,0,0.2211909
0,1,0.6931652
0,0,0.3981212
0,0,0.27378887
0,0,0.23504499
0,0,0.27061793
0,0,0.30775884
0,1,0.6761984
0,0,0.3569067
0,0,0.2809075
0,1,0.5092493
0,0,0.235812
0,0,0.23504499
0,1,0.6983043
0,0,0.2728197
0,0,0.4603705
0,0,0.32777506
0,1,0.54295176
0,0,0.48559853
0,0,0.2372125
0,0,0.2211909
0,0,0.4729358
0,0,0.34076467
0,0,0.23161106
0,0,0.2211909
0,0,0.26360822
0,1,0.62985015
0,1,0.56306547
0,0,0.44598275
0,1,0.5203304
0,0,0.3444434
0,1,0.6621707
1,1,0.74395055
0,1,0.6214738
0,0,0.23504499
0,0,0.4056562
0,0,0.49866498
0,0,0.47151858
0,0,0.23504499
0,0,0.4391155
0,0,0.4391155
0,0,0.3181441
0,0,0.23836958
0,0,0.2211909
0,0,0.23521146
0,0,0.4603705
0,0,0.34668177
0,0,0.37029302
0,0,0.26341245
0,0,0.23521146
0,1,0.65997416
0,0,0.2206168
0,0,0.2723408
0,1,0.56793094
0,0,0.43111968
0,0,0.43131423
0,1,0.60824203
0,1,0.50966716
0,0,0.44932112
0,0,0.3827871
0,0,0.491042
0,0,0.2211909
0,0,0.23521146
0,0,0.3181441
0,0,0.38994104
0,0,0.49975622
0,1,0.60824203
0,0,0.27096888
0,0,0.27642366
0,1,0.60173947
0,0,0.35992587
0,0,0.27061793
0,1,0.5060909
0,0,0.44135192
0,1,0.6823066
0,1,0.547268
0,0,0.2684677
0,0,0.3181441
0,0,0.2206168
0,0,0.43976098
0,0,0.23621048
0,0,0.4016403
0,0,0.23621048
0,0,0.23621048
0,0,0.23521146
0,0,0.43662223
0,0,0.359326
0,1,0.6412498
0,0,0.49866498
0,0,0.2684677
0,1,0.6176182
0,1,0.5580923
0,0,0.29960278
0,1,0.7024099
0,1,0.67828214
0,1,0.55129457
0,0,0.24291728
1,1,0.5019417
0,1,0.6118124
0,1,0.52058864
0,0,0.2372125
0,1,0.68013126
0,0,0.45886543
0,1,0.66628313
0,0,0.27642366
0,1,0.5474684
0,0,0.2451962
0,0,0.23521146
0,0,0.31409198
0,0,0.42234397
1,1,0.5964473
0,0,0.23521146
0,1,0.60824203
0,0,0.44846308
0,0,0.46618944
0,0,0.24393867
0,0,0.2206168
0,0,0.2206168
1,0,0.45886543
0,0,0.3569067
0,1,0.66207594
0,1,0.61210465
0,0,0.23621048
0,0,0.27358675
1,1,0.7150877
0,0,0.4433731
0,0,0.39756256
0,1,0.56306547
0,0,0.2206168
0,0,0.2799087
0,0,0.23504499
0,1,0.6329904
0,1,0.6835941
0,1,0.5580923
0,0,0.23811764
0,1,0.5332414
0,0,0.34191427
0,1,0.6118124
0,0,0.2723408
0,1,0.6224819
0,0,0.2211909
0,1,0.62654185
0,1,0.6296125
0,0,0.2211909
0,1,0.5052845
0,0,0.2719907
0,0,0.3053457
0,0,0.4391155
0,0,0.23836958
1,0,0.48146108
0,0,0.40643474
0,0,0.23504499
0,0,0.47494233
0,1,0.54295176
0,0,0.2211909
0,0,0.2211909
0,0,0.23161106
0,0,0.23521146
0,0,0.23228168
1,1,0.5580923
0,1,0.5580923
1,1,0.63593537
0,1,0.5587333
0,0,0.4072681
0,0,0.4603705
0,0,0.27824643
0,1,0.5707997
0,0,0.2723408
0,0,0.42150912
0,0,0.3569067
0,0,0.27096888
0,1,0.54295176
0,0,0.3949596
0,0,0.235812
0,0,0.3913133
0,1,0.60173947
0,0,0.23811764
0,0,0.2754487
0,1,0.659186
0,1,0.60151654
0,0,0.3981129
0,0,0.23521146
0,0,0.28257945
0,1,0.596586
0,0,0.24393867
0,1,0.61266303
0,1,0.5595025
0,0,0.2206168
0,1,0.70528567
0,1,0.56707823
0,0,0.2206168
0,1,0.5196539
0,0,0.2211909
1,1,0.6601116
0,0,0.2372125
0,0,0.4574082
1,0,0.46301958
0,0,0.4882871
0,0,0.2206168
0,0,0.2372125
0,0,0.29584378
0,0,0.23811764
0,0,0.3558706
0,0,0.23504499
0,1,0.6806832
0,0,0.47494233
0,0,0.2723408
0,0,0.2206168
0,0,0.23521146
0,0,0.46681336
1,1,0.6621707
0,1,0.5126123
0,1,0.55377674
0,0,0.23860244
0,0,0.27378887
0,0,0.27496693
0,0,0.49457398
0,0,0.23521146
0,1,0.5981854
0,0,0.4478036
0,0,0.23836958
0,0,0.2211909
0,1,0.67149734
0,0,0.49126107
0,1,0.675997
0,1,0.54735017
0,0,0.3181441
0,1,0.6258156
0,1,0.6381225
0,0,0.3444434
0,0,0.2206168
0,0,0.3181441
0,0,0.23621048
0,0,0.23436883
1,0,0.27824643
0,0,0.26005182
0,0,0.235812
0,1,0.7043276
0,1,0.6081773
0,0,0.26341245
0,0,0.2206168
0,0,0.4478036
0,0,0.40156493
0,1,0.6709113
0,0,0.27096888
0,0,0.24291728
0,0,0.2206168
0,0,0.3439234
0,0,0.46488222
0,1,0.5612895
0,0,0.2372125
0,0,0.30660686
0,0,0.3839104
0,0,0.29021835
0,0,0.2211909
0,0,0.2372125
0,0,0.2211909
0,0,0.27642366
0,1,0.65767276
0,0,0.22503278
0,1,0.5196539
0,0,0.30444854
0,0,0.23161106
0,0,0.23557921
0,0,0.37588313
1,1,0.62459993
0,0,0.23621048
0,1,0.6877569
0,0,0.23621048
0,0,0.3439234
1,1,0.5196539
0,1,0.51376444
0,1,0.50837064
0,0,0.2206168
0,1,0.6897806
1,1,0.6716088
0,0,0.30238253
0,1,0.7043276
0,0,0.2211909
0,0,0.26341245
0,0,0.2206168
0,0,0.27378887
0,1,0.5616147
0,1,0.6350904
0,0,0.23836958
0,0,0.2211909
0,1,0.64446473
0,1,0.60987586
1,1,0.5052845
0,0,0.23521146
1,0,0.3077183
0,1,0.6736362
0,0,0.3444434
0,0,0.42024463
0,0,0.23621048
0,0,0.31448945
0,0,0.2372125
0,0,0.49412808
0,0,0.23228168
0,0,0.23836958
0,0,0.24174513
0,1,0.5909011
0,0,0.2372125
0,0,0.23521146
0,0,0.49457398
0,0,0.39979115
0,1,0.6165305
0,1,0.50837064
0,0,0.3474328
0,0,0.24052286
0,0,0.29294744
0,0,0.34259716
0,0,0.3224609
0,1,0.7133555
0,1,0.5085482
0,0,0.2206168
1,1,0.60824203
0,0,0.3558706
0,0,0.2206168
0,0,0.30444854
0,1,0.5409354
1,0,0.4603705
0,0,0.235812
0,0,0.2684677
0,1,0.69159365
0,0,0.3444434
0,0,0.2211909
0,1,0.69827807
0,1,0.5998347
0,0,0.4016403
0,0,0.34191427
0,0,0.27142328
0,0,0.38460675
0,0,0.47186434
0,0,0.23621048
0,0,0.23836958
1,1,0.6508258
0,0,0.23621048
0,0,0.23521146
0,0,0.26360822
0,1,0.68871653
0,1,0.51870203
0,1,0.5940587
0,1,0.5831561
0,0,0.42271456
0,0,0.2206168
0,1,0.52058864
0,0,0.46597746
0,1,0.7043276
0,0,0.32958165
0,0,0.26129892
0,0,0.26341245
0,1,0.6993671
0,0,0.2206168
0,1,0.69827807
0,1,0.5575909
0,0,0.28037232
0,0,0.48559853
1,1,0.7043276
0,1,0.547268
1,1,0.6621707
0,1,0.675997
0,0,0.2206168
1,1,0.64734566
0,1,0.68257374
1,1,0.69927305
0,1,0.5126598
0,1,0.5060909
0,1,0.56707823
0,0,0.23836958
0,1,0.60173947
0,1,0.6331213
1,0,0.32186392
0,0,0.4016403
0,1,0.6736362
0,0,0.23836958
0,0,0.2372125
0,0,0.23621048
0,0,0.23621048
0,0,0.48438084
0,0,0.235812
0,0,0.2206168
0,0,0.2206168
0,0,0.23860244
0,1,0.7002371
0,0,0.24393867
0,0,0.29791218
0,0,0.2206168
0,1,0.63662106
0,0,0.2211909
0,0,0.43662223
0,0,0.37483358
0,1,0.5203304
0,0,0.24291728
0,1,0.6689831
0,0,0.26005182
1,1,0.5563086
0,1,0.5707997
0,0,0.24393867
0,0,0.4072681
0,1,0.6919812
0,0,0.43542442
0,0,0.23811764
0,1,0.5060909
0,1,0.63292634
0,0,0.24393867
0,0,0.28857756
0,0,0.23836958
0,0,0.40643474
0,0,0.34313616
0,1,0.6983853
0,1,0.7024099
0,1,0.6709113
0,1,0.5425915
0,0,0.26005182
0,0,0.23836958
0,1,0.5557918
0,0,0.4313277
0,0,0.23621048
0,1,0.5612895
0,1,0.7041731
0,0,0.2211909
0,1,0.5425915
0,0,0.41134
0,0,0.23621048
0,1,0.51265603
0,0,0.23836958
0,1,0.7042807
0,0,0.22503278
0,0,0.26129892
0,1,0.60542196
0,1,0.6111906
0,1,0.566216
0,0,0.27096888
0,0,0.43789873
0,0,0.23621048
0,0,0.23621048
0,0,0.42024463
0,1,0.5575909
0,0,0.4478036
0,1,0.5019855
0,0,0.4638829
0,0,0.31448945
0,0,0.2211909
0,0,0.24393867
0,0,0.45947132
0,0,0.23836958
0,1,0.6513111
0,0,0.25084513
0,0,0.29912058
0,0,0.23521146
0,0,0.23621048
0,0,0.4955783
1,0,0.45193243
0,0,0.27156362
0,0,0.32186392
0,0,0.45046487
0,0,0.2723408
0,1,0.5432002
0,0,0.2206168
0,0,0.23521146
0,1,0.55353844
0,0,0.23621048
1,1,0.50837064
0,1,0.7043276
0,1,0.6554559
0,1,0.58471376
0,1,0.6165305
0,0,0.24077652
0,0,0.27824643
0,0,0.24638364
0,1,0.5190355
0,1,0.61158454
0,1,0.5474684
0,0,0.27764633
0,0,0.44729462
1,1,0.71618944
0,0,0.29470345
0,0,0.36358738
1,1,0.5141859
0,1,0.5684556
0,1,0.52257234
0,0,0.23521146
1,0,0.49542493
0,0,0.27590778
0,0,0.23621048
0,1,0.6004069
0,0,0.2372125
0,1,0.52679837
0,1,0.5571009
0,1,0.5580923
0,0,0.3474328
0,0,0.31842238
0,0,0.30886286
0,0,0.23860244
0,1,0.52099586
0,1,0.7442889
0,1,0.5040682
0,0,0.23836958
0,0,0.2206168
0,0,0.23621048
0,0,0.4391155
0,1,0.67828214
0,0,0.27824643
0,0,0.2206168
0,0,0.273332
0,1,0.69159365
0,1,0.65997416
0,0,0.26360822
0,0,0.27061793
0,0,0.2372125
0,1,0.5821304
0,1,0.58528286
0,1,0.598287
0,1,0.5536876
0,1,0.5587333
0,0,0.26608056
1,1,0.6039369
0,0,0.2206168
0,1,0.68046415
0,0,0.47254482
0,0,0.26826963
0,1,0.6331213
0,1,0.60824203
0,0,0.23621048
0,0,0.4729358
0,0,0.2206168
1,1,0.71299195
0,0,0.3839104
0,1,0.6331213
0,0,0.4729358
0,1,0.59746224
0,0,0.2211909
0,0,0.26129892
0,0,0.4873514
0,0,0.39719817
0,0,0.23521146
0,1,0.7086387
0,1,0.7056549
0,0,0.23811764
0,1,0.74395055
0,0,0.26360822
0,1,0.62178665
0,0,0.3181441
0,1,0.5772405
0,0,0.3509175
0,1,0.7043276
0,0,0.47357264
0,0,0.46193025
0,0,0.2206168
0,0,0.48531625
0,1,0.66628313
0,0,0.23504499
0,0,0.3981212
0,1,0.5772405
0,0,0.32186392
0,0,0.23621048
0,0,0.3181441
0,1,0.6165305
0,0,0.26005182
0,0,0.23504499
0,1,0.5831561
0,0,0.49866498
0,0,0.47494233
0,1,0.66527236
0,0,0.27378887
1,1,0.5491918
1,1,0.675997
0,1,0.5196539
0,1,0.63593537
0,0,0.2372125
0,0,0.28876445
0,0,0.2211909
0,0,0.23504499
0,0,0.2593281
0,0,0.34562013
0,0,0.429918
0,0,0.2372125
0,0,0.2206168
0,1,0.59746224
0,0,0.31341338
0,0,0.43981338
0,0,0.24535537
1,1,0.6483594
0,1,0.6602058
1,1,0.60824203
0,0,0.44135192
0,1,0.6661991
0,1,0.57190955
1,1,0.7237223
0,0,0.29196474
0,1,0.6102828
0,1,0.5040682
0,1,0.5964473
0,0,0.386757
0,1,0.61225194
0,0,0.3219801
0,0,0.30094722
0,0,0.31448945
0,0,0.2206168
1,1,0.65674675
0,0,0.2206168
1,1,0.7275815
0,1,0.5219984
0,1,0.5964473
0,0,0.32958165
1,1,0.54295176
0,0,0.31341338
0,1,0.64734566
1,1,0.71299195
0,0,0.23504499
0,0,0.42636243
0,0,0.23621048
0,1,0.5964473
0,1,0.67059606
0,0,0.38042888
0,0,0.29377714
0,0,0.4016403
0,0,0.4275805
0,0,0.28072372
0,0,0.2451962
0,1,0.6202078
1,0,0.34191427
0,0,0.48146108
0,0,0.26341245
0,0,0.26360822
0,0,0.27378887
0,1,0.547268
0,0,0.35992587
0,0,0.26129892
0,0,0.26341245
0,0,0.26608056
0,0,0.2211909
0,0,0.48316488
0,1,0.5209509
0,0,0.24438441
0,1,0.65863186
0,0,0.45193243
0,0,0.37477806
0,0,0.3506202
0,0,0.47494233
0,0,0.29960278
1,0,0.4603705
1,1,0.7043276
0,1,0.61206126
0,1,0.59598434
0,1,0.64642936
0,0,0.27378887
0,1,0.6286689
0,1,0.54295176
0,1,0.6608895
0,0,0.44846308
0,0,0.223797
0,0,0.3444434
0,1,0.7043276
0,0,0.2206168
0,0,0.44304234
0,1,0.6513111
0,1,0.70528567
1,1,0.62654185
0,0,0.43976098
0,0,0.23811764
0,0,0.46488222
0,0,0.23521146
0,0,0.2206168
0,0,0.23621048
0,0,0.26005182
0,0,0.43789873
0,1,0.56707823
0,0,0.2372125
0,0,0.4016403
0,0,0.27142328
0,0,0.26360822
0,0,0.42150912
0,1,0.50966716
0,1,0.56707823
0,1,0.5674205
0,0,0.27642366
0,0,0.4016403
0,0,0.23521146
0,0,0.273332
0,0,0.4478036
0,0,0.2206168
0,1,0.60824203
0,1,0.61266303
0,0,0.26129892
0,0,0.2451962
0,0,0.2719907
0,0,0.4313277
0,0,0.45536152
0,1,0.5580923
0,0,0.42024463
0,0,0.2372125
0,0,0.49244288
0,1,0.5794654
0,0,0.23621048
0,1,0.57547176
0,0,0.46960327
0,1,0.66628313
0,1,0.6993671
0,0,0.2211909
0,1,0.60824203
0,1,0.5665994
0,0,0.23521146
0,0,0.23436883
0,0,0.2206168
0,0,0.31543082
0,0,0.31543082
0,0,0.23961142
0,0,0.46567133
0,0,0.235812
0,0,0.32101703
0,0,0.3181441
0,0,0.2206168
0,0,0.43789873
0,0,0.2206168
0,0,0.23621048
0,0,0.23521146
0,0,0.42636243
0,0,0.27378887
0,1,0.5203304
0,0,0.2684677
0,0,0.2372125
1,1,0.68013126
0,0,0.3569067
0,0,0.26129892
0,1,0.5794654
0,1,0.70528567
0,0,0.2211909
0,1,0.621388
0,0,0.2372125
0,0,0.26608056
0,0,0.2211909
0,1,0.60824203
0,0,0.29196474
0,1,0.56707823
0,0,0.23621048
0,1,0.5831561
0,0,0.3467693
0,0,0.43715912
0,0,0.2668859
0,0,0.39701703
0,1,0.60824203
0,0,0.4391155
0,0,0.2206168
0,0,0.4478036
1,1,0.74395055
0,0,0.42306778
1,1,0.5981854
0,1,0.5828493
0,0,0.2211909
0,0,0.2206168
1,1,0.60824203
0,0,0.2206168
1,1,0.5667906
0,0,0.23836958
0,0,0.27378887
1,0,0.4774982
0,0,0.23521146
0,1,0.5203304
0,0,0.41341406
0,0,0.23521146
0,1,0.6897806
0,0,0.35992587
0,1,0.56306547
0,1,0.60824203
0,1,0.6993671
1,0,0.4016403
0,0,0.4313277
0,0,0.2372125
0,0,0.31341338
0,0,0.3982229
1,1,0.6582872
0,0,0.23504499
0,0,0.39504403
0,0,0.46863136
1,1,0.7319939
0,1,0.5060909
0,0,0.31217128
1,0,0.38681066
0,1,0.555194
0,1,0.61392444
0,0,0.2570933
0,1,0.56707823
1,1,0.6814125
0,1,0.66894716
0,1,0.5837775
0,0,0.31240502
0,1,0.6411431
0,1,0.62695754
0,0,0.24761435
0,0,0.32101703
0,0,0.4505707
1,1,0.6201668
0,0,0.32958165
0,0,0.4016403
0,1,0.55708474
0,0,0.26129892
1,1,0.70528567
0,0,0.27378887
0,0,0.223797
0,0,0.31341338
0,1,0.68881434
0,1,0.61206126
0,0,0.3181441
0,1,0.66628313
0,1,0.67828214
0,1,0.67506254
0,1,0.6951429
0,0,0.23811764
0,1,0.60173947
0,0,0.4056562
0,1,0.51870203
1,1,0.5093782
0,0,0.3219801
0,0,0.24761435
0,0,0.29590216
0,0,0.4275805
0,0,0.2206168
0,0,0.34902996
0,1,0.52058864
0,0,0.2206168
0,1,0.66207594
0,1,0.71299195
0,1,0.7442889
0,0,0.23836958
0,1,0.58731663
1,1,0.56707823
1,1,0.66207594
0,1,0.6601116
0,0,0.23836958
0,0,0.37174273
0,0,0.3181441
0,0,0.27824643
0,0,0.23811764
1,1,0.74395055
0,0,0.28072372
0,0,0.27061793
0,1,0.6184284
0,0,0.23621048
0,0,0.29733846
0,1,0.5308552
1,1,0.5425915
0,0,0.22445162
0,0,0.26341245
0,0,0.23504499
0,0,0.39313588
1,1,0.6608895
0,0,0.23521146
0,1,0.5308552
0,0,0.2206168
0,0,0.223797
0,0,0.2684677
0,0,0.2206168
0,1,0.66628313
0,1,0.66628313
0,0,0.2206168
0,0,0.35440543
0,0,0.2206168
0,0,0.23521146
1,1,0.60173947
0,1,0.64642936
0,1,0.6621707
0,0,0.46488222
0,0,0.27061793
0,1,0.6973367
0,0,0.43111968
0,0,0.26360822
0,0,0.26360822
0,0,0.27824643
0,0,0.24291728
0,0,0.26005182
1,1,0.5563086
0,0,0.35208604
1,0,0.34968024
1,1,0.67828214
0,0,0.23811764
0,1,0.56018156
0,0,0.3077183
0,0,0.3181441
0,0,0.2947264
0,0,0.440115
0,0,0.3444434
1,1,0.7043276
0,0,0.26360822
0,0,0.24286108
0,0,0.43976098
0,1,0.6621707
1,1,0.53621995
0,0,0.2211909
0,1,0.6331213
0,0,0.26005182
0,1,0.63593537
0,0,0.223797
0,0,0.23961142
0,0,0.33250752
0,0,0.23853765
0,1,0.6621707
0,0,0.2372125
0,0,0.23504499
0,1,0.50966716
0,0,0.27378887
0,1,0.6205157
0,0,0.32049477
0,0,0.4478036
0,0,0.26129892
0,1,0.63662106
1,1,0.6078815
0,0,0.2211909
0,0,0.31341338
0,0,0.36567962
1,1,0.7043276
0,0,0.23621048
0,0,0.273332
0,0,0.23621048
0,1,0.7309569
0,0,0.30444854
0,0,0.35284987
0,1,0.6271866
0,0,0.32051423
0,0,0.49412808
0,0,0.45335612
0,0,0.27378887
0,1,0.5203304
0,0,0.4469627
0,1,0.57960093
0,0,0.23621048
0,1,0.5794654
0,1,0.59746224
0,0,0.44846308
0,1,0.6296125
0,0,0.4603705
0,1,0.6039815
0,1,0.6854269
0,0,0.29960278
0,0,0.23504499
0,1,0.67433745
0,0,0.23811764
1,1,0.54735017
0,0,0.2668859
0,0,0.23504499
0,0,0.23811764
1,1,0.7416216
1,0,0.3439234
0,1,0.6097109
0,0,0.23853765
0,0,0.23621048
0,0,0.26129892
0,0,0.3238185
0,1,0.54295176
0,0,0.24393867
0,0,0.3467693
0,1,0.71472555
0,1,0.5085482
0,1,0.5371256
0,0,0.33286235
0,0,0.24077652
0,0,0.31341338
0,0,0.24291728
0,1,0.52257234
1,1,0.71594715
0,1,0.52058864
0,0,0.3238185
1,1,0.6123547
0,0,0.23228168
0,0,0.34737906
0,0,0.24535537
1,1,0.7416216
0,1,0.66753376
0,0,0.2211909
0,0,0.31341338
0,0,0.23621048
0,1,0.5873385
1,1,0.64734566
0,1,0.67506254
0,0,0.23161106
0,0,0.23504499
0,0,0.23836958
0,0,0.24077652
0,0,0.27378887
0,0,0.29196474
0,0,0.48559853
0,0,0.386757
1,0,0.46193025
0,1,0.6118124
0,0,0.26129892
0,0,0.235812
0,0,0.26005182
0,1,0.67508155
0,1,0.5817732
0,0,0.48235685
0,0,0.23860244
0,0,0.23811764
0,1,0.547268
0,0,0.24761435
0,0,0.43662223
1,0,0.4774982
0,0,0.23621048
0,0,0.2206168
0,1,0.56707823
0,0,0.26129892
0,1,0.5940587
1,1,0.67508155
0,0,0.4016403
0,1,0.7043276
0,0,0.440115
0,0,0.2211909
0,0,0.23504499
0,0,0.30579215
0,0,0.235812
0,0,0.32020533
0,0,0.49542493
0,0,0.4478036
0,0,0.3569067
0,0,0.2206168
0,0,0.4574082
0,1,0.56707823
0,0,0.46193025
0,0,0.23504499
0,1,0.60173947
0,0,0.3181441
0,0,0.23621048
0,1,0.68013126
1,1,0.7002371
0,0,0.3467693
0,1,0.6081773
0,1,0.65880895
0,0,0.36383408
1,1,0.5595025
0,1,0.5563086
0,0,0.2723408
0,1,0.51870203
0,0,0.46488222
0,0,0.36645833
0,0,0.2723408
0,0,0.49889874
0,0,0.29590216
0,1,0.64734566
1,1,0.6296125
0,0,0.23836958
0,1,0.6165305
0,0,0.23504499
0,0,0.4313277
0,1,0.6258156
1,1,0.5190355
0,0,0.31359693
0,0,0.4873514
0,1,0.56306547
0,0,0.2372125
0,0,0.23521146
0,0,0.2211909
0,0,0.23811764
0,0,0.397974
0,0,0.29791218
0,0,0.43131423
0,0,0.23621048
0,0,0.26129892
0,1,0.61206126
0,0,0.2211909
0,0,0.3388742
0,1,0.61859244
0,0,0.359326
0,0,0.48088187
1,0,0.3181441
0,0,0.32958165
0,1,0.61206126
0,0,0.23521146
0,0,0.27358675
0,0,0.23621048
0,0,0.2211909
0,0,0.27378887
0,0,0.43662223
0,1,0.52099586
0,0,0.23521146
0,0,0.3155618
0,1,0.64510244
0,0,0.23621048
0,0,0.2719907
0,0,0.3949596
0,1,0.6118124
0,1,0.56707823
0,0,0.3474328
0,1,0.5674205
0,0,0.235812
0,1,0.68962985
0,1,0.64852726
0,0,0.2684677
0,0,0.27107036
0,0,0.23228168
0,0,0.23521146
1,1,0.5557918
0,1,0.60260224
0,0,0.43662223
0,0,0.3219801
0,0,0.27378887
0,0,0.27378887
0,1,0.60824203
0,0,0.4873514
0,0,0.35992587
0,0,0.3060423
0,1,0.5219984
0,1,0.5429779
0,0,0.2206168
0,0,0.24052286
0,0,0.49244288
0,0,0.26608056
0,0,0.27142328
0,1,0.6201668
0,1,0.5203304
0,0,0.26785657
0,0,0.22184004
1,1,0.6186373
0,0,0.30579215
0,0,0.29384434
0,1,0.65880895
1,1,0.68783015
0,1,0.6878104
0,0,0.45490482
0,0,0.4603705
0,1,0.52493
0,0,0.26005182
0,1,0.6582872
0,1,0.58279926
0,1,0.6431571
0,1,0.61545604
0,1,0.7002371
0,0,0.37588313
0,0,0.2206168
0,0,0.223797
0,0,0.2206168
0,0,0.23621048
0,0,0.235812
0,1,0.5524552
0,0,0.2206168
0,0,0.31217128
0,0,0.4056562
0,1,0.5190355
0,0,0.23557921
0,0,0.3181441
0,0,0.2206168
0,0,0.43457237
0,0,0.2451962
0,0,0.23836958
0,1,0.5203304
0,0,0.27642366
0,0,0.23504499
0,0,0.26341245
0,1,0.61206126
0,1,0.5554745
0,1,0.5203304
0,0,0.29470345
0,0,0.30094722
0,1,0.60546345
0,1,0.60907304
0,1,0.60824203
0,1,0.5981854
1,1,0.6716088
0,1,0.61266303
0,0,0.39011237
0,0,0.24291728
0,0,0.44535372
0,0,0.23504499
0,1,0.60173947
0,0,0.33621097
0,0,0.2206168
0,0,0.27096888
0,1,0.6655201
0,1,0.5831561
0,0,0.32101703
0,0,0.3514424
0,0,0.23836958
0,1,0.5554745
0,0,0.3444434
0,0,0.24291728
1,1,0.51870203
1,1,0.6769403
0,1,0.5212007
0,1,0.60824203
0,0,0.4016403
0,0,0.2211909
1,1,0.56306547
0,0,0.2372125
0,0,0.26129892
0,0,0.43976098
0,0,0.23521146
1,1,0.52013236
0,1,0.5580923
1,1,0.7024099
0,1,0.62459993
0,1,0.68928236
0,0,0.23521146
0,1,0.7442889
0,0,0.3439234
0,1,0.70528567
0,1,0.572746
0,0,0.34668177
0,1,0.6621707
0,0,0.3187051
0,1,0.675997
0,1,0.5201166
0,0,0.24638364
0,0,0.27378887
0,1,0.5588213
0,0,0.2206168
0,0,0.24291728
0,0,0.2211909
0,1,0.50797313
0,0,0.235812
0,0,0.23836958
0,0,0.24438441
0,0,0.23621048
1,1,0.56707823
0,0,0.23836958
0,0,0.23521146
0,0,0.23504499
0,0,0.4043124
0,0,0.4313277
0,0,0.3707553
0,0,0.26005182
1,1,0.60824203
0,0,0.23621048
0,0,0.4295969
0,0,0.24761435
0,0,0.23504499
0,0,0.26129892
0,0,0.4806526
0,1,0.60824203
0,0,0.23811764
0,0,0.3786168
0,0,0.23504499
0,1,0.5227769
1,1,0.7043276
0,1,0.50803685
0,1,0.7043276
0,1,0.6412498
0,1,0.59746224
0,0,0.23504499
0,0,0.4016403
0,1,0.6486124
0,1,0.66628313
0,0,0.2206168
0,1,0.50966716
0,1,0.62469995
0,0,0.24393867
1,0,0.23836958
1,1,0.69159365
0,0,0.23836958
0,0,0.23621048
0,1,0.5665994
0,0,0.4603705
0,1,0.5060909
0,0,0.23521146
1,1,0.50803685
0,1,0.5505673
0,1,0.60824203
0,0,0.44535372
0,1,0.6547449
0,0,0.2211909
0,0,0.2206168
0,0,0.3827871
1,1,0.621388
0,1,0.6205157
0,0,0.39979115
0,0,0.23961142
0,0,0.2372125
0,0,0.48889995
0,0,0.40156493
0,0,0.33621097
0,1,0.66749936
0,0,0.24535537
0,1,0.69927305
0,0,0.23228168
1,1,0.6385461
0,0,0.26360822
0,0,0.4016403
0,0,0.34076467
0,0,0.2206168
0,1,0.5707997
1,1,0.56466305
0,0,0.23621048
0,0,0.2372125
0,0,0.49542493
0,0,0.2723408
0,0,0.2723408
1,0,0.46597746
0,0,0.46918282
1,1,0.6504587
1,1,0.51168245
0,1,0.6329904
0,0,0.2372125
0,0,0.310852
0,1,0.7298778
1,1,0.66628313
0,0,0.23811764
0,0,0.35885054
0,0,0.27061793
0,0,0.2206168
0,1,0.64434683
0,0,0.2424394
0,1,0.5779234
0,0,0.2206168
0,1,0.5410885
0,0,0.27496693
0,0,0.32047117
0,0,0.23228168
0,0,0.2206168
0,0,0.34076467
0,0,0.4313277
0,1,0.6761984
0,1,0.5675857
0,0,0.2206168
0,0,0.39870122
0,0,0.2206168
0,0,0.23504499
0,0,0.27096888
0,1,0.5580923
0,1,0.54295176
0,0,0.26005182
0,0,0.2206168
0,0,0.45371148
0,0,0.23521146
0,0,0.26618096
0,0,0.23504499
0,0,0.23621048
0,0,0.39079586
0,1,0.5339297
0,0,0.4391155
0,0,0.34259716
0,0,0.47351414
0,0,0.24589357
0,0,0.4478036
0,0,0.2211909
0,0,0.24393867
0,0,0.34191427
0,0,0.27378887
0,0,0.386757
0,1,0.50966716
0,0,0.23836958
0,1,0.6446642
0,1,0.64628935
0,0,0.23521146
0,0,0.44828805
0,0,0.28025502
0,0,0.31341338
0,1,0.53025
0,0,0.2211909
0,0,0.2723408
0,0,0.23621048
0,0,0.42496696
0,1,0.5575909
0,0,0.24174513
0,1,0.6327624
0,1,0.65868264
0,0,0.4638829
0,0,0.46488222
0,0,0.2211909
1,1,0.5443444
0,0,0.4391155
0,0,0.2206168
0,0,0.2211909
1,1,0.5196539
0,0,0.3187051
0,0,0.23860244
0,0,0.44988176
1,0,0.4806526
0,0,0.49412808
0,0,0.26005182
0,0,0.23504499
0,0,0.34737906
0,0,0.3077183
0,0,0.27378887
0,0,0.2206168
0,0,0.49412808
0,0,0.3181441
0,1,0.5575909
0,1,0.63343495
0,1,0.5743555
0,0,0.23836958
0,1,0.5356248
0,1,0.60824203
0,1,0.6582872
0,0,0.23621048
0,0,0.23621048
0,0,0.2968683
0,1,0.54295176
0,1,0.6339869
0,0,0.4873514
0,0,0.43789873
0,0,0.23621048
0,0,0.29909527
0,1,0.60824203
0,1,0.64434683
0,0,0.3467675
0,0,0.23836958
0,0,0.39079586
0,1,0.62654185
0,1,0.63593537
0,1,0.5940587
0,0,0.23621048
0,1,0.5563086
0,0,0.35805213
0,0,0.27378887
0,0,0.23621048
0,0,0.23621048
0,0,0.31380492
0,0,0.3514424
0,0,0.46446
0,1,0.54295176
0,1,0.5554745
0,0,0.27142328
0,0,0.26360822
0,0,0.2451962
0,1,0.50418824
0,0,0.39321008
0,1,0.50966716
0,0,0.2728197
0,1,0.59608495
0,0,0.29960278
0,0,0.38681066
0,1,0.5416619
0,0,0.3077183
0,0,0.27824643
0,0,0.34842512
0,0,0.27642366
0,0,0.3439234
0,0,0.2211909
0,1,0.6663978
0,0,0.2206168
0,0,0.23811764
0,1,0.6750014
0,0,0.4275805
1,0,0.47455284
0,1,0.60173947
0,0,0.2206168
0,1,0.5588213
0,1,0.56707823
0,0,0.26912057
1,1,0.7043276
0,0,0.397974
0,1,0.630313
0,0,0.2211909
0,0,0.2372125
0,0,0.23521146
0,0,0.4313277
0,0,0.29196474
0,0,0.26005182
0,1,0.5425915
0,1,0.6621707
0,1,0.5588213
0,0,0.26360822
0,1,0.5203304
0,0,0.4478036
0,0,0.23621048
0,0,0.358155
0,0,0.2211909
0,0,0.2206168
0,0,0.27378887
0,0,0.27378887
1,1,0.60824203
0,1,0.5203304
0,0,0.24291728
0,0,0.27378887
1,1,0.7306074
0,1,0.6886225
0,0,0.29960278
1,1,0.68813837
0,0,0.24291728
0,0,0.2459751
0,0,0.38681066
0,0,0.26517707
0,0,0.23621048
0,1,0.60824203
1,1,0.67828214
0,0,0.36805913
0,0,0.235812
0,0,0.235812
0,0,0.43789873
0,0,0.23504499
0,0,0.3467693
0,0,0.23521146
0,0,0.23621048
0,1,0.6286689
1,1,0.6877569
0,0,0.30094722
1,0,0.30934143
0,1,0.52603906
0,0,0.4391155
0,0,0.2206168
0,1,0.5196539
0,0,0.3827871
1,1,0.73932266
0,0,0.27061793
0,0,0.26360822
0,0,0.42496696
1,1,0.6621707
1,1,0.7002371
0,0,0.23161106
0,0,0.26005182
0,1,0.5203304
0,0,0.23621048
0,1,0.60173947
0,0,0.26341245
0,0,0.2206168
0,0,0.2211909
0,1,0.67508155
0,0,0.32101703
0,0,0.2206168
0,1,0.51265603
0,0,0.2668859
0,0,0.46533665
1,1,0.67506254
0,0,0.2211909
0,0,0.32186392
0,0,0.23621048
0,0,0.22184004
0,0,0.2372125
0,0,0.2206168
0,1,0.6412498
0,1,0.596586
1,1,0.69159365
0,0,0.48559853
0,0,0.30886286
0,1,0.68566734
0,0,0.23621048
0,1,0.62796503
0,1,0.64175636
0,1,0.6412498
0,1,0.547268
0,0,0.27642366
0,1,0.5425915
0,1,0.5612895
0,1,0.6419757
0,1,0.63593537
0,0,0.2372125
0,0,0.27327606
0,1,0.5196539
0,0,0.2684677
0,0,0.2206168
0,0,0.38743696
0,0,0.29384434
0,0,0.2686686
0,1,0.5554745
0,1,0.6296125
0,0,0.2206168
0,0,0.23961142
0,1,0.5587333
1,1,0.6769403
0,1,0.61206126
0,0,0.4873514
1,1,0.6547449
0,1,0.5196539
0,0,0.4603705
1,1,0.658022
0,1,0.52099586
1,1,0.74395055
0,1,0.66628313
0,0,0.3187051
0,0,0.4570989
0,0,0.2719907
0,0,0.23621048
0,0,0.23836958
0,0,0.47669923
0,0,0.39873463
0,0,0.27378887
0,1,0.6993671
0,0,0.23621048
1,1,0.5219984
1,1,0.71299195
0,0,0.48146108
0,0,0.29909527
0,0,0.23621048
0,1,0.54295176
0,0,0.2206168
0,0,0.23521146
0,1,0.700357
0,0,0.24291728
0,1,0.6524878
0,0,0.2430069
0,1,0.56707823
0,1,0.5756232
0,0,0.40643474
0,0,0.3181441
0,0,0.23860244
0,0,0.3358027
0,0,0.4313277
0,0,0.44846308
0,0,0.2723408
0,1,0.55821097
0,0,0.48088187
0,1,0.5674205
0,0,0.2206168
0,1,0.5093371
0,1,0.6636713
0,0,0.27824643
0,0,0.2211909
0,1,0.56306547
0,0,0.44135192
0,0,0.23621048
0,1,0.60173947
1,0,0.45179608
1,1,0.56306547
1,1,0.61420345
0,0,0.22184004
1,1,0.649978
0,1,0.50609773
0,1,0.65453327
0,1,0.5497037
0,0,0.47727808
0,0,0.49542493
0,0,0.23504499
0,0,0.42271456
0,0,0.23504499
0,0,0.23521146
0,1,0.65863186
0,0,0.34065732
0,0,0.26360822
1,1,0.5684556
0,0,0.23504499
0,1,0.5196539
0,0,0.38994104
0,0,0.23504499
1,1,0.6874052
0,0,0.2211909
0,0,0.23836958
0,0,0.43111968
0,0,0.24761435
0,0,0.27142328
0,0,0.2211909
0,0,0.23521146
0,1,0.5563086
0,1,0.6286689
0,0,0.26129892
0,0,0.267287
0,0,0.31166536
0,1,0.67406535
0,0,0.27496693
1,1,0.51870203
0,0,0.47494233
0,0,0.24291728
0,0,0.307302
0,0,0.23504499
1,0,0.26129892
0,1,0.59608495
0,0,0.24393867
0,0,0.26360822
0,1,0.57758105
1,1,0.7148088
1,1,0.69518703
1,1,0.58872694
0,0,0.48553985
0,0,0.26341245
0,1,0.572746
0,0,0.4603705
0,0,0.26608056
1,1,0.6039369
0,0,0.24393867
0,1,0.52058864
0,0,0.4016403
0,1,0.5665994
0,0,0.29732117
0,0,0.48559853
0,1,0.5276909
1,1,0.7043276
0,0,0.2206168
0,0,0.26360822
0,0,0.3181441
0,0,0.23521146
0,1,0.6201668
0,1,0.50966716
1,0,0.46193025
0,0,0.23521146
0,1,0.60824203
0,0,0.44135192
0,0,0.27824643
0,1,0.5219984
0,0,0.45976162
0,0,0.28415442
0,0,0.24291728
0,1,0.50837064
0,0,0.31842232
0,0,0.2206168
0,0,0.23504499
1,1,0.68881434
0,0,0.26341245
0,1,0.5665994
0,0,0.48559853
0,0,0.23504499
0,0,0.40065858
0,0,0.3467693
0,1,0.5878514
0,0,0.3181441
0,0,0.23621048
0,0,0.4016403
0,0,0.37898764
1,1,0.60824203
0,0,0.38681066
0,1,0.52316254
0,0,0.32101703
1,1,0.60173947
0,0,0.2211909
0,1,0.68566734
0,1,0.65335923
0,0,0.2684677
1,1,0.64734566
0,0,0.2206168
0,0,0.35495868
0,1,0.6761984
0,0,0.33250752
0,0,0.2211909
0,0,0.2206168
0,0,0.23621048
0,0,0.4360617
0,0,0.4478036
0,1,0.57383156
0,0,0.3775241
0,1,0.6621707
0,1,0.54295176
0,0,0.4016403
0,1,0.66251755
0,0,0.32958165
0,0,0.3049356
0,0,0.34076467
0,0,0.24291728
0,0,0.4313277
0,0,0.3871084
0,0,0.40156493
0,0,0.41880345
0,0,0.2723408
0,0,0.26129892
0,0,0.47335905
0,1,0.6081773
0,0,0.41779518
0,0,0.33228672
0,1,0.5416619
0,0,0.46212173
0,0,0.2211909
0,0,0.2211909
0,0,0.2206168
1,1,0.66251755
0,0,0.478493
0,0,0.26652977
0,0,0.23811764
1,1,0.5203304
0,1,0.66207594
1,0,0.23885852
0,0,0.23961142
0,0,0.46193025
1,1,0.66207594
0,0,0.46488222
0,0,0.26360822
0,0,0.4016403
0,0,0.2206168
0,1,0.5972569
0,1,0.57383156
0,0,0.4478036
0,0,0.23853765
0,0,0.27378887
0,0,0.27642366
1,1,0.5808233
0,1,0.69159365
0,0,0.3786168
0,1,0.6860088
0,0,0.3827871
0,1,0.5093371
0,0,0.27642366
0,0,0.23621048
1,1,0.7442889
0,0,0.2723408
0,1,0.7024099
0,0,0.26360822
0,0,0.2372125
0,1,0.66628313
0,0,0.4303256
0,0,0.26129892
0,0,0.24393867
0,1,0.65880895
0,0,0.2206168
0,0,0.31543082
0,0,0.38681066
1,1,0.5821304
0,0,0.23621048
0,0,0.4303256
0,0,0.49866498
0,0,0.27061793
0,0,0.23161106
0,1,0.52257234
0,0,0.23504499
1,1,0.65767276
0,0,0.23982964
0,0,0.2206168
0,1,0.62654185
0,0,0.23504499
0,0,0.26608056
0,0,0.23860244
0,0,0.24052286
0,1,0.6621707
0,1,0.6886225
0,0,0.44134215
0,0,0.3181441
0,0,0.2723408
0,0,0.2670907
0,0,0.38681066
0,0,0.4072681
0,0,0.26005182
0,1,0.6205157
0,1,0.7043276
0,1,0.67506254
0,0,0.27642366
1,1,0.5821304
0,0,0.26998308
0,0,0.24761435
0,0,0.2684677
0,0,0.27824643
0,0,0.23621048
0,1,0.69218826
0,0,0.42306778
0,1,0.7442889
0,1,0.5931846
0,0,0.23521146
0,0,0.2206168
0,0,0.33887857
0,0,0.27061793
0,0,0.34191427
0,1,0.5203304
0,0,0.2206168
0,0,0.2206168
0,1,0.59608495
0,0,0.30094722
0,0,0.23521146
0,0,0.38681066
0,0,0.23836958
0,0,0.35440543
0,0,0.31543082
0,0,0.397974
1,1,0.675997
0,1,0.5563086
1,0,0.4873514
0,0,0.4313277
0,0,0.3610946
0,0,0.48316488
0,0,0.2638572
0,1,0.5668785
0,0,0.46488222
0,1,0.5863804
0,1,0.69927305
0,0,0.23621048
0,1,0.56306547
1,0,0.4603705
1,1,0.6631309
0,1,0.58974797
0,0,0.27378887
0,0,0.235812
0,1,0.6504218
0,1,0.6286689
0,0,0.26005182
0,0,0.26912057
0,1,0.73227453
0,0,0.23521146
1,1,0.51870203
0,0,0.49244288
0,0,0.235812
0,0,0.43111968
0,0,0.34611425
1,1,0.7133555
0,0,0.2723408
0,0,0.2211909
0,0,0.2728197
0,0,0.23621048
1,1,0.7043276
1,1,0.73932266
0,0,0.2947264
0,0,0.26129892
0,1,0.57949847
0,1,0.5219984
0,0,0.4882871
0,0,0.30887276
0,0,0.29915285
0,1,0.63636684
0,0,0.2211909
0,1,0.6685067
0,0,0.3775241
0,1,0.5831561
0,0,0.23836958
0,0,0.2684677
0,0,0.3181441
0,1,0.6675519
0,1,0.66628313
0,0,0.26129892
0,0,0.23621048
0,0,0.4603705
0,1,0.6966096
0,1,0.5085482
0,0,0.23860244
0,0,0.2451962
0,0,0.4603705
0,0,0.2211909
0,0,0.47494233
0,1,0.7043276
0,0,0.23811764
0,1,0.66628313
0,1,0.504056
0,0,0.26005182
0,1,0.59746224
0,0,0.23228168
1,1,0.6133565
0,0,0.47455284
0,0,0.24291728
0,0,0.27096888
0,0,0.437199
0,1,0.5203304
0,0,0.24291728
0,0,0.39719817
0,0,0.23521146
0,0,0.23836958
0,0,0.2211909
0,0,0.3181441
0,1,0.65997416
0,0,0.2206168
0,1,0.56707823
0,0,0.38862023
0,0,0.23521146
0,1,0.6412498
0,1,0.5794654
0,1,0.61266303
0,1,0.56707823
0,1,0.5659112
0,0,0.34737906
0,1,0.6444873
0,0,0.23621048
0,1,0.68196094
0,1,0.64434683
0,0,0.273332
0,0,0.26341245
0,0,0.29368898
0,1,0.60824203
0,0,0.27496693
0,1,0.61545604
0,1,0.50837064
0,0,0.2206168
0,0,0.2206168
0,1,0.6601116
0,0,0.2206168
0,0,0.47494233
0,1,0.5196539
0,1,0.67065704
0,1,0.61266303
0,1,0.5897987
0,0,0.24761435
0,1,0.68013126
0,0,0.27142328
0,1,0.6831075
0,0,0.33912307
0,0,0.24291728
0,0,0.2211909
0,0,0.30431446
0,0,0.32635397
0,0,0.2211909
0,1,0.6716088
0,0,0.27061793
0,0,0.23621048
0,0,0.24761435
0,0,0.26005182
0,0,0.45536152
0,0,0.32226005
0,0,0.23836958
1,1,0.5060909
0,0,0.23621048
0,0,0.23521146
0,0,0.23621048
0,0,0.2372125
0,0,0.23521146
0,1,0.7024099
0,0,0.4574082
0,0,0.39079586
0,0,0.3578983
0,0,0.27028987
1,1,0.69159365
0,0,0.4603705
0,1,0.67828214
0,1,0.6373555
0,0,0.39701703
0,0,0.24291728
0,0,0.27590778
0,1,0.63593537
1,1,0.71997786
0,0,0.23811764
1,1,0.6165305
0,1,0.5397094
0,0,0.2206168
1,1,0.67524165
0,0,0.27378887
0,0,0.24291728
0,0,0.39756256
0,1,0.6314621
0,0,0.25607404
0,1,0.61092985
0,0,0.27642366
0,1,0.5828493
0,0,0.2211909
0,0,0.2206168
0,0,0.3569067
0,1,0.566216
0,0,0.23504499
0,0,0.359326
0,0,0.26129892
0,1,0.5752366
0,0,0.43789873
0,1,0.6844097
0,1,0.6250391
0,0,0.2206168
0,0,0.2211909
0,0,0.2684677
0,0,0.38681066
0,1,0.6412498
0,0,0.307302
0,0,0.42271456
0,1,0.5580923
0,0,0.43131423
0,0,0.2206168
1,1,0.7056549
1,1,0.55708474
0,1,0.5940587
0,1,0.6275297
0,0,0.2206168
0,0,0.26005182
0,0,0.27642366
0,0,0.26005182
0,0,0.46787977
0,0,0.29196474
0,0,0.35440543
0,0,0.27142328
0,0,0.43662223
1,1,0.7056549
0,0,0.3181441
0,1,0.51870203
1,0,0.38892388
0,1,0.5595025
0,0,0.2211909
0,0,0.4478036
0,0,0.4478036
0,0,0.48298222
0,0,0.2728197
0,1,0.659186
1,1,0.65880895
0,1,0.51168245
0,0,0.23504499
0,1,0.67828214
0,0,0.2372125
0,0,0.41134
1,0,0.491042
1,1,0.6621707
1,0,0.31341338
0,1,0.65997416
0,0,0.2723408
0,0,0.42024463
0,0,0.4574082
1,1,0.65936804
0,0,0.4089401
0,0,0.24393867
1,1,0.55708474
0,0,0.3049356
0,0,0.43542442
1,1,0.6446642
0,1,0.5196539
0,0,0.39079586
0,0,0.2206168
0,0,0.24393867
0,0,0.28072372
0,1,0.6504587
0,0,0.23621048
1,1,0.6846854
0,1,0.65767276
0,0,0.44846308
0,1,0.6914888
0,1,0.6621707
0,0,0.49866498
0,1,0.5432002
0,0,0.4478036
0,1,0.59746224
0,1,0.50837064
0,0,0.30444854
0,1,0.6854269
0,0,0.26826963
0,1,0.5580923
0,0,0.23504499
0,0,0.4016403
0,0,0.24761435
0,1,0.60824203
0,0,0.2206168
0,0,0.24761435
0,0,0.23860244
0,0,0.42306778
0,0,0.24291728
0,1,0.6131049
0,0,0.34902996
0,0,0.2206168
0,0,0.26129892
0,0,0.4016403
0,0,0.29791218
0,1,0.55708474
0,0,0.24291728
0,1,0.61206126
0,0,0.3643621
0,0,0.24291728
0,0,0.4603705
1,1,0.6878104
0,1,0.7160427
0,1,0.5425915
0,1,0.5196539
0,0,0.38681066
0,0,0.4603705
0,0,0.2211909
0,0,0.23621048
0,1,0.7043276
0,0,0.23811764
0,0,0.2372125
0,0,0.26598394
0,0,0.23228168
1,1,0.621388
0,1,0.5794654
0,0,0.44134215
0,1,0.555194
0,1,0.6039369
0,1,0.5675857
0,1,0.60421056
0,1,0.6412498
0,0,0.35403538
0,0,0.28666165
0,1,0.52771544
0,0,0.4873514
1,1,0.6601116
0,0,0.46488222
0,0,0.23961142
0,0,0.46193025
0,0,0.23521146
0,0,0.27327606
0,0,0.42636243
0,0,0.30579215
0,0,0.23521146
0,1,0.6331213
0,0,0.4603705
0,0,0.46084595
0,0,0.23521146
0,0,0.4313277
0,0,0.23621048
0,1,0.61206126
0,1,0.6412498
0,0,0.31341338
0,0,0.3604211
0,1,0.50837064
0,1,0.65997416
0,1,0.5060909
0,1,0.6930825
0,0,0.35445964
0,1,0.58872694
0,0,0.4638829
0,0,0.27078217
0,0,0.24002111
0,0,0.23621048
1,0,0.46488222
0,1,0.5646697
0,0,0.2206168
0,0,0.223797
0,0,0.36567962
0,0,0.27061793
0,0,0.23621048
0,0,0.23557921
0,1,0.5675857
0,0,0.24077652
1,1,0.64734566
0,0,0.27642366
1,1,0.7056549
0,0,0.2686686
1,1,0.51032287
0,1,0.64442563
0,1,0.65514654
0,1,0.6721466
0,1,0.5612895
0,0,0.23621048
0,1,0.5196539
0,0,0.23621048
0,0,0.2206168
0,1,0.5019417
0,0,0.34424534
0,0,0.43111968
0,0,0.429918
0,0,0.23504499
1,1,0.74395055
1,1,0.5219984
0,0,0.23621048
0,0,0.4478036
0,1,0.66628313
1,0,0.34737906
0,0,0.2211909
0,0,0.3467693
0,1,0.50966716
0,1,0.6621707
0,1,0.5240217
0,0,0.23621048
0,1,0.5831561
1,1,0.53397995
0,0,0.2206168
1,1,0.68881434
0,0,0.2211909
0,0,0.32958165
0,0,0.24535537
0,1,0.60824203
1,0,0.3827871
0,0,0.23504499
0,0,0.23621048
0,0,0.24052286
0,0,0.27142328
0,0,0.4313277
0,0,0.45361874
0,1,0.62375754
0,0,0.2211909
0,0,0.27378887
0,1,0.69159365
1,1,0.699663
0,0,0.23504499
0,0,0.4089401
0,0,0.29384434
0,0,0.27378887
0,1,0.52526784
0,1,0.71618944
0,0,0.26005182
0,1,0.7043276
0,1,0.6854269
0,0,0.24393867
0,0,0.3941569
0,1,0.74395055
0,1,0.6412498
0,1,0.67614913
0,1,0.63591903
0,0,0.2206168
0,1,0.62859905
0,1,0.6412498
0,0,0.23982964
0,1,0.64510244
0,1,0.7442889
0,0,0.34076467
0,1,0.5429779
0,0,0.440115
0,0,0.23504499
0,0,0.31607324
0,0,0.4882871
0,1,0.5425915
0,1,0.66207594
1,1,0.7334133
0,0,0.30934143
0,1,0.64384377
0,0,0.24393867
0,0,0.23504499
0,1,0.7043276
1,1,0.65767276
0,0,0.3711235
0,0,0.43789873
0,0,0.42306778
0,0,0.2206168
0,1,0.53025
0,0,0.44304234
0,1,0.60824203
0,0,0.2206168
0,0,0.23621048
0,0,0.49629745
0,0,0.4313277
0,0,0.27327606
0,0,0.26129892
0,1,0.5203304
1,0,0.48559853
0,0,0.34668177
0,0,0.4893572
0,0,0.41787797
1,1,0.58250386
0,0,0.4027074
1,1,0.58731663
0,1,0.65880895
0,0,0.49412808
0,0,0.45536152
0,0,0.2206168
0,0,0.47494233
0,0,0.2211909
0,0,0.43131423
0,0,0.2211909
1,1,0.7309569
0,0,0.34668177
0,0,0.28037232
0,0,0.27378887
0,1,0.5203304
0,0,0.2206168
0,1,0.60173947
0,0,0.2372125
0,0,0.27378887
0,1,0.5093371
0,1,0.67828214
0,0,0.27378887
0,1,0.50837064
0,0,0.2947264
0,0,0.48316488
0,0,0.2717317
0,0,0.23836958
0,1,0.6258156
0,0,0.4478036
0,0,0.24393867
0,0,0.48410013
0,1,0.6854269
1,1,0.5190355
0,0,0.359326
0,0,0.2211909
0,1,0.5272709
0,0,0.23811764
0,0,0.46127334
0,0,0.4360617
0,0,0.26341245
0,0,0.24291728
0,1,0.55905205
1,0,0.3941569
1,1,0.67506254
0,0,0.23521146
0,0,0.235812
0,1,0.6546718
0,0,0.34076467
0,1,0.50966716
0,0,0.26129892
0,0,0.27378887
0,1,0.7043276
0,0,0.478493
0,0,0.23521146
0,0,0.26360822
0,0,0.2206168
1,1,0.6412498
0,1,0.51870203
0,1,0.6165305
0,1,0.61838555
0,1,0.66207594
0,0,0.29960278
0,1,0.67508155
0,0,0.2211909
0,0,0.2206168
0,1,0.695645
0,0,0.49412808
1,1,0.5821304
0,0,0.23621048
0,0,0.24589357
1,1,0.67366076
0,0,0.43373314
0,0,0.46193025
0,1,0.6118124
1,0,0.24052286
0,0,0.23504499
0,0,0.3856991
0,0,0.49866498
0,1,0.5432002
0,0,0.45886543
0,0,0.2206168
0,0,0.3467693
0,0,0.4603705
0,1,0.6619068
0,1,0.60173947
0,0,0.23504499
0,1,0.5506096
0,1,0.5343994
0,1,0.5821304
0,1,0.63343495
0,0,0.4089401
0,1,0.65896887
0,0,0.23961142
0,1,0.73227453
0,0,0.23621048
0,1,0.6412498
0,1,0.62213176
0,0,0.23811764
0,0,0.4089401
0,1,0.6769403
0,0,0.2372125
0,0,0.23504499
0,0,0.33621097
0,0,0.23504499
1,1,0.74395055
0,1,0.5196539
0,0,0.3827871
0,0,0.2206168
0,0,0.2211909
0,0,0.26341245
0,1,0.6782706
0,1,0.6350904
0,0,0.43667433
0,1,0.5506096
0,0,0.2792531
1,1,0.67828214
0,0,0.23836958
0,1,0.52099586
0,0,0.4570989
0,0,0.2206168
0,0,0.26129892
0,1,0.6412498
0,0,0.4016403
0,0,0.23504499
0,1,0.5580923
0,0,0.33853778
0,0,0.38681066
1,1,0.65126514
1,0,0.3426278
0,0,0.23504499
0,0,0.2372125
0,0,0.23621048
1,1,0.6542073
0,1,0.59746224
0,1,0.6782706
0,0,0.28072372
0,0,0.32101703
0,0,0.41960394
0,1,0.5838747
0,0,0.26360822
1,1,0.6331213
0,0,0.23811764
0,1,0.5554745
0,0,0.23504499
0,0,0.3439234
0,0,0.23436883
0,1,0.59746224
0,0,0.2723408
0,0,0.31378073
0,1,0.6412498
0,0,0.2668859
0,1,0.61803776
0,1,0.67406535
0,1,0.5794654
0,1,0.5970136
0,1,0.56306547
0,0,0.23621048
0,1,0.6329904
0,0,0.23621048
0,0,0.43111968
0,1,0.55377674
0,0,0.24291728
0,0,0.23521146
0,0,0.27327606
1,1,0.55730003
1,1,0.6983043
0,0,0.23836958
0,0,0.24291728
0,0,0.4603705
0,1,0.60824203
0,1,0.6601116
0,0,0.359326
0,1,0.5587333
0,0,0.44304234
0,0,0.29021835
0,1,0.6450879
0,0,0.3558706
0,0,0.27378887
0,1,0.5868586
0,0,0.23504499
0,0,0.22184004
0,0,0.43789873
0,0,0.2206168
0,0,0.26005182
0,1,0.64642936
1,1,0.7309569
1,1,0.6331213
0,0,0.47669923
0,0,0.3569067
0,0,0.27061793
0,0,0.28037232
0,0,0.27142328
0,0,0.23621048
0,0,0.42024463
0,0,0.45976162
0,0,0.4313277
0,1,0.60824203
1,1,0.6331213
0,0,0.23621048
0,0,0.2211909
0,0,0.33621097
0,0,0.23621048
0,1,0.65767276
0,1,0.5580923
0,0,0.23836958
0,1,0.64968437
0,1,0.50803685
0,0,0.24761435
0,0,0.235812
0,0,0.36645833
0,0,0.3711235
0,1,0.66207594
0,0,0.36567962
0,0,0.2459751
0,0,0.2206168
0,1,0.6417997
0,1,0.6601116
0,0,0.24291728
0,0,0.45361874
0,0,0.3181441
0,0,0.2372125
0,0,0.2723408
0,0,0.4638829
0,0,0.2668859
0,0,0.4016403
0,1,0.5196539
0,1,0.5153917
0,0,0.45612422
0,0,0.43789873
0,1,0.66207594
0,0,0.235812
0,0,0.43789873
0,0,0.27378887
0,0,0.23621048
0,1,0.5092493
0,0,0.4478036
0,0,0.37868592
0,1,0.60824203
0,0,0.38874403
0,0,0.4313277
0,0,0.23228168
0,0,0.2451962
0,1,0.65997416
0,0,0.48559853
0,1,0.71291584
0,1,0.71618944
0,0,0.42024463
0,0,0.2684677
0,0,0.27142328
0,0,0.273332
0,0,0.2211909
0,0,0.35805213
0,0,0.2206168
0,0,0.2570933
0,0,0.27378887
0,1,0.6784544
0,1,0.5443444
0,0,0.48559853
1,1,0.6186373
0,0,0.3474328
0,0,0.23621048
0,0,0.2372125
0,0,0.2211909
0,0,0.44598275
0,1,0.5972569
1,1,0.6296125
0,0,0.45536152
0,0,0.23621048
0,0,0.27395865
0,1,0.5575909
0,0,0.223797
0,1,0.7002371
0,0,0.24077652
0,1,0.572746
0,0,0.24761435
0,1,0.51870203
0,0,0.23621048
0,1,0.5612895
0,1,0.59746224
0,0,0.2211909
0,0,0.2206168
0,0,0.23521146
1,1,0.69160235
0,0,0.2211909
0,0,0.24291728
1,1,0.7043276
0,0,0.23504499
0,1,0.5219984
0,1,0.55623555
0,0,0.2451962
0,0,0.2723408
0,0,0.24291728
0,0,0.27378887
0,0,0.2211909
0,1,0.6750014
0,1,0.6201668
0,0,0.2211909
0,0,0.3049356
0,0,0.46193025
0,0,0.3181441
1,1,0.6621707
0,1,0.59608495
1,1,0.71873254
1,1,0.7043276
0,0,0.48559853
0,1,0.6621707
0,0,0.26129892
0,1,0.54735017
0,0,0.33603278
1,1,0.5984921
0,0,0.35445964
0,0,0.48559853
0,0,0.4246667
0,0,0.24761435
0,0,0.2372125
0,0,0.2372125
0,0,0.2206168
0,0,0.4603705
0,0,0.48559853
0,0,0.30579215
0,0,0.3006685
0,0,0.26826963
0,0,0.4904295
0,0,0.27061793
0,0,0.26129892
0,0,0.2206168
1,1,0.74395055
0,1,0.5794654
1,1,0.682055
0,1,0.5752366
0,1,0.60824203
0,0,0.42306778
0,1,0.5203304
0,0,0.23621048
0,0,0.41638976
0,0,0.3311098
1,1,0.72134674
0,0,0.2723408
0,0,0.26608056
0,0,0.29733846
0,1,0.52257234
0,0,0.23621048
0,1,0.6331213
0,0,0.2211909
1,1,0.6721466
0,0,0.34737906
1,1,0.72855294
1,1,0.50639254
0,1,0.6258156
0,1,0.659186
0,0,0.2206168
0,0,0.3610946
0,0,0.34902996
0,1,0.70528567
0,0,0.47494233
0,0,0.30431446
1,1,0.5940587
0,0,0.27061793
0,0,0.2211909
0,0,0.2723408
0,0,0.23811764
0,0,0.47727808
0,0,0.23521146
0,1,0.5343994
0,0,0.4313277
0,0,0.2211909
0,0,0.24393867
0,0,0.47494233
0,0,0.28666165
0,0,0.31893623
0,0,0.2372125
0,1,0.6412498
0,0,0.30444854
0,0,0.29021835
1,0,0.23621048
0,0,0.23504499
0,0,0.2372125
0,0,0.32487115
0,0,0.41880345
0,1,0.66527236
0,0,0.27642366
0,1,0.50837064
0,0,0.23836958
0,0,0.26360822
0,0,0.4016403
0,0,0.48908466
0,1,0.68871653
0,0,0.2206168
0,0,0.2206168
0,0,0.2211909
0,0,0.23836958
0,1,0.62459993
0,1,0.62459993
1,0,0.2372125
0,0,0.31166536
0,1,0.5595025
0,0,0.23521146
0,1,0.59608495
0,0,0.23228168
0,0,0.29196474
0,1,0.5684556
0,0,0.27378887
0,0,0.4016403
0,0,0.43789873
0,0,0.48146108
0,0,0.4598707
0,1,0.6205157
1,1,0.63593537
0,0,0.23504499
0,1,0.5308552
0,0,0.2206168
0,1,0.7002371
0,0,0.4779423
0,0,0.23621048
0,0,0.43789873
0,0,0.3439234
0,0,0.32958165
0,1,0.5588213
0,0,0.26129892
0,0,0.23836958
0,0,0.23621048
0,0,0.2211909
0,0,0.23504499
0,1,0.59746224
0,1,0.671852
0,0,0.29960278
0,1,0.5196539
0,0,0.2211909
0,0,0.4162472
0,1,0.53668326
0,1,0.51870203
0,0,0.33721235
0,0,0.2728197
0,0,0.23621048
0,0,0.2451962
0,0,0.24291728
0,0,0.24761435
0,0,0.43662223
0,0,0.2459751
0,0,0.34076467
0,1,0.56306547
0,0,0.40162715
0,1,0.50837064
0,1,0.6350904
0,0,0.2211909
1,1,0.64734566
0,0,0.2372125
0,1,0.5588213
0,1,0.7442889
0,0,0.4478036
0,0,0.2754487
0,0,0.4016403
0,0,0.43457237
0,0,0.23621048
1,1,0.596586
0,1,0.61392444
1,1,0.69159365
0,0,0.30887276
0,1,0.53025
0,0,0.358155
0,0,0.2206168
0,0,0.23836958
0,0,0.3161204
0,0,0.2206168
0,0,0.44535372
0,0,0.23961142
1,1,0.69159365
0,1,0.6412498
0,0,0.27142328
0,0,0.2723408
0,1,0.5203304
0,1,0.54735017
0,0,0.2684677
0,0,0.2211909
0,1,0.50609773
0,0,0.26360822
0,0,0.26608056
0,0,0.273332
0,1,0.59608495
0,0,0.2684677
0,0,0.38165238
0,1,0.5575909
0,0,0.49212754
0,0,0.2206168
0,1,0.6331213
0,0,0.45869598
0,0,0.27061793
0,0,0.43789873
0,1,0.70528567
0,0,0.30927593
0,0,0.27327606
0,1,0.60812175
1,1,0.7043276
0,0,0.30934143
0,0,0.23860244
0,0,0.2206168
0,0,0.23504499
0,0,0.23521146
0,0,0.42007867
0,0,0.3181441
1,0,0.26785657
0,0,0.2723408
0,0,0.31341338
0,0,0.44135192
0,0,0.35091594
0,0,0.23621048
0,0,0.25411823
0,1,0.6546718
0,0,0.32958165
0,0,0.2459751
0,0,0.23836958
0,0,0.2211909
0,0,0.27824643
0,0,0.33721235
0,0,0.31341338
1,1,0.7165505
0,0,0.4603705
0,0,0.29957747
0,0,0.3467693
0,1,0.6778827
0,0,0.2211909
0,0,0.4016403
0,0,0.2211909
0,0,0.2668347
1,0,0.23811764
0,0,0.3827871
0,0,0.2211909
0,0,0.30314434
0,0,0.27590042
0,0,0.33286235
0,0,0.43131423
0,0,0.4246667
0,1,0.7043276
0,1,0.7002371
0,1,0.5588213
1,0,0.27378887
1,1,0.6865147
0,0,0.3949596
0,1,0.6258156
0,0,0.32958165
0,0,0.40162715
0,0,0.23836958
0,1,0.5575909
0,1,0.66527236
0,0,0.26005182
0,0,0.4313277
1,1,0.5432002
0,1,0.6450879
0,0,0.3558706
0,0,0.26005182
0,1,0.6854269
0,1,0.5060909
0,0,0.29196474
0,0,0.2570933
0,1,0.69927305
0,1,0.6769403
1,0,0.2792531
0,1,0.50135434
0,1,0.675997
0,0,0.23621048
0,1,0.5203304
0,0,0.27327606
0,0,0.2926165
0,1,0.7056549
0,0,0.26360822
0,0,0.34668177
0,1,0.5425915
0,0,0.41616425
0,0,0.25849786
0,0,0.4313277
0,1,0.7043276
0,1,0.5563086
0,1,0.6716088
0,1,0.68013126
0,0,0.23621048
0,0,0.43662223
1,1,0.69170296
0,0,0.2211909
1,1,0.6886225
0,0,0.23504499
0,0,0.24291728
0,0,0.2372125
0,0,0.4016403
0,1,0.65514654
0,1,0.555194
0,0,0.48559853
0,0,0.3569067
0,0,0.2451962
0,1,0.7043276
0,1,0.6039815
0,1,0.5203304
0,0,0.24291728
0,0,0.30579215
1,1,0.5563086
0,0,0.23836958
0,0,0.42306778
0,1,0.71472555
0,0,0.2206168
0,1,0.54295176
0,1,0.55431503
0,1,0.73113155
0,0,0.26608056
0,0,0.2206168
0,1,0.7056549
0,0,0.3295726
0,0,0.235812
0,0,0.2413884
0,1,0.5196539
0,0,0.4433731
0,0,0.30444854
0,1,0.63593537
0,1,0.6654955
0,1,0.700357
1,1,0.69159365
1,0,0.4478036
0,0,0.4016403
0,1,0.67506254
0,0,0.26005182
0,0,0.26341245
0,0,0.34668177
1,1,0.72134674
0,0,0.43542442
0,1,0.61206126
0,0,0.2206168
0,0,0.27378887
0,0,0.24535537
0,1,0.59608495
0,0,0.32958165
0,0,0.3953691
0,1,0.61266303
0,0,0.2206168
0,0,0.48146108
0,0,0.39979115
0,0,0.23621048
0,0,0.30934143
0,0,0.24393867
0,0,0.29196474
0,0,0.39079586
0,1,0.71299195
0,0,0.23621048
0,0,0.49542493
0,1,0.5828493
0,1,0.54735017
0,0,0.23811764
0,1,0.68928236
0,0,0.2206168
0,0,0.27378887
0,0,0.38681066
0,0,0.38994104
0,1,0.6314621
0,0,0.2723408
0,0,0.2206168
0,0,0.235812
0,0,0.2211909
0,0,0.2211909
0,1,0.70528567
0,1,0.62213176
0,1,0.55417883
0,1,0.50966716
1,1,0.6317089
0,0,0.2372125
0,0,0.23521146
0,0,0.2947264
0,0,0.23621048
0,0,0.27642366
0,1,0.6205157
0,1,0.50444096
0,0,0.2719907
0,1,0.59746224
0,1,0.7309569
0,1,0.59746224
0,1,0.5203304
0,0,0.436795
0,0,0.24291728
0,1,0.66207594
0,0,0.3077183
1,1,0.69903237
0,1,0.5019417
0,1,0.6492979
0,0,0.2206168
0,1,0.54295176
0,1,0.62381846
0,1,0.6349663
0,0,0.35715005
0,1,0.6621707
0,0,0.34026876
0,1,0.5308552
0,0,0.2211909
0,0,0.38994104
0,0,0.41929772
0,1,0.5878514
0,0,0.31341338
0,1,0.60824203
0,0,0.27323365
0,1,0.6619068
0,1,0.6516392
0,0,0.31266508
0,0,0.31341338
0,1,0.60824203
1,1,0.68962985
0,0,0.30444854
0,0,0.2211909
1,0,0.47494233
0,1,0.64628935
0,0,0.34965256
0,0,0.3181441
1,1,0.6907477
0,0,0.23504499
0,1,0.5917936
0,1,0.50090545
1,1,0.5019417
0,1,0.6991555
0,0,0.2206168
1,1,0.69927305
0,0,0.31448945
0,1,0.6007653
0,0,0.47494233
0,1,0.61206126
0,1,0.6118124
0,0,0.26608056
0,0,0.4918741
1,1,0.5203304
0,0,0.23860244
0,0,0.31448945
0,0,0.2211909
0,1,0.50837064
1,1,0.6619068
0,0,0.26998308
0,0,0.23621048
0,0,0.27642366
0,0,0.3181441
0,0,0.3181441
0,1,0.50837064
0,0,0.23621048
0,0,0.26608056
0,0,0.4893572
0,1,0.596586
0,1,0.56707823
0,0,0.4478036
0,0,0.43131423
0,1,0.5580923
0,0,0.23521146
1,1,0.5203304
0,1,0.60987586
0,0,0.24291728
0,1,0.5808233
0,1,0.71206945
1,1,0.5964442
0,0,0.47186434
0,1,0.6314621
0,0,0.23860244
0,0,0.26438296
0,0,0.35992587
0,0,0.2723408
0,1,0.5831561
1,1,0.5580923
0,0,0.3439234
0,0,0.273332
0,0,0.26005182
0,0,0.2206168
0,0,0.30431446
0,0,0.23836958
0,0,0.33721235
0,0,0.30314434
0,0,0.3439234
0,0,0.23504499
0,0,0.23836958
0,0,0.26129892
0,1,0.6602058
1,1,0.74395055
0,1,0.5408982
1,1,0.5141859
0,1,0.6165305
0,1,0.5203304
0,0,0.3506202
0,0,0.42024463
0,0,0.29960278
0,0,0.24393867
0,0,0.48559853
0,1,0.6601116
0,1,0.6097242
0,0,0.26608056
0,0,0.2740439
0,0,0.42024463
0,0,0.27142328
0,1,0.70154566
0,0,0.3181441
0,0,0.2372125
0,0,0.23621048
0,0,0.2206168
0,0,0.3707553
0,0,0.4391155
0,0,0.36546692
0,0,0.27496693
0,0,0.47306815
1,1,0.65737087
0,0,0.48562813
0,0,0.26360822
0,1,0.61352634
0,0,0.2686686
0,0,0.23621048
0,0,0.23836958
0,1,0.68928236
0,1,0.5587333
0,0,0.4234291
0,1,0.56707823
0,1,0.68881434
0,1,0.5190355
0,1,0.50803685
0,0,0.27378887
0,0,0.24393867
1,1,0.68813837
0,0,0.4016403
0,1,0.5028001
0,1,0.61206126
0,0,0.23521146
0,0,0.27142328
0,0,0.29584378
0,1,0.54295176
0,0,0.27824643
0,0,0.23836958
0,0,0.23860244
0,0,0.2206168
0,0,0.2206168
0,0,0.4873514
0,1,0.51870203
1,0,0.26129892
0,1,0.59746224
0,0,0.2451962
0,1,0.6608895
0,1,0.66207594
0,0,0.2211909
0,0,0.36645833
0,0,0.23811764
0,0,0.2809075
0,0,0.2638572
0,0,0.46193025
0,0,0.43667433
0,0,0.35060298
0,0,0.3077183
0,0,0.23504499
0,0,0.4313277
0,0,0.23836958
0,0,0.30054048
0,0,0.45536152
1,0,0.23521146
0,0,0.3444434
0,0,0.27378887
0,0,0.49049303
1,1,0.68046415
1,1,0.6852842
0,1,0.6275297
0,0,0.30238253
0,1,0.64871603
0,0,0.27378887
1,1,0.63343495
0,0,0.24291728
0,1,0.5409354
0,1,0.6709113
0,0,0.35440543
0,0,0.23521146
0,1,0.52771544
0,0,0.23836958
0,1,0.56707823
0,0,0.3181441
0,1,0.52603906
0,0,0.2206168
0,0,0.25637498
0,1,0.5554745
0,0,0.2206168
0,1,0.5196539
0,0,0.2206168
0,0,0.2211909
0,1,0.5665994
0,0,0.23504499
0,0,0.2206168
0,0,0.35109475
1,1,0.68906265
0,0,0.3338157
0,0,0.2206168
0,0,0.49351546
0,0,0.34922436
0,1,0.6709113
0,0,0.2684677
0,0,0.23621048
0,1,0.55821097
0,1,0.5580923
0,0,0.23504499
0,0,0.4478036
0,0,0.46193025
0,0,0.49412808
0,0,0.36645833
0,0,0.27496693
0,1,0.55708474
0,1,0.66682726
0,0,0.4016403
0,0,0.3871084
0,1,0.7043276
0,0,0.2206168
0,1,0.6131266
1,0,0.3871084
0,0,0.23961142
0,0,0.2211909
0,1,0.65453327
0,0,0.3224609
0,0,0.2451962
0,0,0.23504499
0,1,0.51265603
0,0,0.3181441
0,0,0.31607324
0,1,0.5940587
0,1,0.52257234
0,1,0.6157454
0,1,0.5554745
0,0,0.3444434
1,1,0.7043276
0,1,0.5580923
1,1,0.5234989
0,0,0.23521146
0,0,0.26608056
0,1,0.68257374
0,1,0.6621707
0,0,0.23621048
0,0,0.23521146
0,0,0.2211909
0,0,0.26129892
0,0,0.26652977
1,1,0.6750014
0,0,0.2206168
0,0,0.23504499
0,0,0.273332
0,1,0.54295176
0,0,0.23853765
0,1,0.7043276
0,0,0.31217128
0,1,0.61352634
0,0,0.3053457
0,1,0.5196539
0,0,0.46597746
0,1,0.6854269
0,0,0.39390895
1,1,0.6547449
0,0,0.3181441
0,0,0.36645833
0,0,0.42150912
0,0,0.2211909
0,1,0.50837064
0,1,0.6381225
0,0,0.23504499
0,0,0.2211909
0,0,0.28072372
0,0,0.27096888
0,0,0.25663063
0,0,0.24638364
0,0,0.36645833
0,1,0.54295176
0,0,0.23961142
0,1,0.6412498
0,0,0.23621048
0,1,0.6877569
0,0,0.23621048
1,1,0.6339737
0,1,0.66207594
0,0,0.2206168
0,1,0.6258156
0,0,0.31217128
0,0,0.23504499
0,0,0.4313277
1,0,0.29122072
1,1,0.6412498
0,0,0.23836958
0,0,0.24077652
0,0,0.23504499
0,1,0.5028001
0,0,0.4158228
0,0,0.4603705
0,0,0.4016403
0,0,0.24291728
0,1,0.66628313
0,0,0.27378887
0,0,0.4873514
0,0,0.26129892
0,0,0.23811764
0,1,0.54295176
0,1,0.5580923
1,0,0.46918282
1,1,0.70528567
0,0,0.3949596
0,0,0.2668859
0,0,0.35284987
0,0,0.38681066
0,0,0.31497335
0,0,0.223797
0,0,0.31341338
0,0,0.2686686
0,0,0.36441973
0,1,0.6131266
0,1,0.5230281
0,1,0.57262814
0,0,0.27156362
0,1,0.5060909
0,1,0.68317527
0,1,0.71299195
0,1,0.6561296
1,1,0.6412498
0,0,0.23161106
0,0,0.23504499
0,0,0.2451962
0,1,0.5706741
0,1,0.572746
0,0,0.4154062
1,0,0.35495868
0,0,0.23621048
0,0,0.4638829
0,0,0.23836958
0,1,0.72541595
0,0,0.27642366
0,0,0.26360822
1,1,0.59598434
0,0,0.23504499
0,0,0.27378887
0,0,0.26826963
0,1,0.56707823
0,1,0.6412498
0,0,0.23621048
0,0,0.26005182
0,1,0.60824203
0,0,0.273332
1,1,0.5595025
0,0,0.26341245
0,0,0.4873514
0,0,0.23860244
0,0,0.4683726
0,0,0.39719817
0,0,0.47351414
0,0,0.48146108
0,1,0.59746224
0,0,0.48559853
0,0,0.36645833
1,0,0.4603705
0,1,0.52058864
0,1,0.6165879
0,0,0.4729358
1,1,0.7043276
0,1,0.6286689
0,0,0.23504499
0,0,0.2593281
0,0,0.4603705
0,0,0.3444434
0,0,0.235812
1,0,0.27824643
0,0,0.4313277
0,0,0.39719817
0,0,0.41616425
0,0,0.26341245
0,0,0.3181441
0,0,0.24638364
0,0,0.2211909
1,1,0.6914888
0,0,0.29915285
0,0,0.27435416
0,0,0.27378887
0,0,0.23504499
0,0,0.3019112
0,1,0.6412498
0,1,0.70189697
0,0,0.27642366
0,1,0.61206126
0,0,0.23504499
0,1,0.54295176
0,0,0.43662223
0,1,0.52099586
0,1,0.6897806
0,0,0.235812
0,0,0.24638364
0,1,0.6320164
0,1,0.6232943
1,1,0.6097242
1,1,0.7192457
0,0,0.35107806
0,0,0.34802043
0,0,0.25637498
0,0,0.26129892
0,0,0.2206168
0,0,0.39244574
0,1,0.6546718
0,0,0.23836958
1,1,0.7155652
0,0,0.22184004
1,1,0.5286395
0,1,0.66207594
0,1,0.5060909
0,0,0.27061793
0,0,0.23504499
0,1,0.6621707
0,1,0.5093371
0,0,0.28007895
1,0,0.23621048
0,0,0.24291728
0,1,0.5019417
0,0,0.4603705
0,1,0.6711052
0,0,0.25375628
0,0,0.4478036
0,1,0.70528567
0,0,0.2694789
0,1,0.5060909
0,0,0.39100385
0,0,0.23836958
1,1,0.5706741
0,0,0.23811764
0,0,0.42443338
0,0,0.27323365
1,1,0.66604614
0,0,0.2723408
0,1,0.6993671
0,0,0.2206168
0,1,0.5563086
1,1,0.6118124
0,0,0.267287
0,1,0.5808233
0,1,0.5092493
0,1,0.58411235
0,1,0.5940587
0,1,0.5126598
0,0,0.2206168
1,1,0.69927305
0,1,0.5212007
0,0,0.2670907
0,0,0.27096888
0,0,0.43789873
0,1,0.54295176
0,0,0.348706
0,1,0.5425915
0,1,0.6654955
0,0,0.44729462
0,0,0.23811764
0,0,0.39979115
0,0,0.2723408
0,0,0.26360822
0,1,0.6097242
0,0,0.23621048
0,0,0.44846308
0,1,0.6600174
0,1,0.5996641
1,1,0.6350904
0,1,0.5665994
0,0,0.2206168
0,0,0.3569067
0,1,0.63593537
0,0,0.27078217
0,1,0.5203304
0,1,0.61392444
0,0,0.40156493
0,1,0.5203304
0,0,0.23504499
0,0,0.23521146
0,0,0.4313277
0,0,0.4469627
0,1,0.5563086
0,1,0.52679837
0,0,0.48562813
1,1,0.62353426
0,1,0.5371256
0,0,0.3943481
1,1,0.7056549
1,1,0.74395055
1,0,0.23836958
0,0,0.23521146
0,1,0.56466305
0,0,0.23961142
0,0,0.235812
0,0,0.23521146
0,0,0.2211909
0,1,0.61859244
1,1,0.7024099
0,0,0.23504499
0,0,0.45193243
0,1,0.6239704
0,0,0.2211909
0,0,0.37898764
0,1,0.5432002
0,0,0.27078217
0,0,0.4873514
0,0,0.27378887
0,0,0.43789873
0,0,0.24291728
1,1,0.67828214
0,0,0.49629745
0,0,0.31409198
0,1,0.675997
0,0,0.2372125
0,0,0.4246667
0,0,0.24291728
0,0,0.23504499
0,0,0.38681066
0,0,0.23860244
0,0,0.3981212
0,0,0.2211909
0,0,0.27142328
0,0,0.26826963
0,1,0.6286689
0,0,0.2372125
0,0,0.24291728
0,0,0.44729462
0,0,0.4574082
0,0,0.23504499
0,0,0.24761435
0,1,0.5196539
0,0,0.223797
0,1,0.54295176
0,0,0.2211909
0,1,0.60173947
0,0,0.2211909
0,0,0.2211909
0,0,0.4313277
0,0,0.35109475
0,0,0.3181441
0,0,0.23521146
0,1,0.66251755
0,0,0.2211909
0,0,0.46446
0,1,0.60824203
0,1,0.66628313
0,1,0.6419757
0,0,0.26598394
0,1,0.64852726
0,0,0.3219801
1,1,0.69454277
0,0,0.30238253
0,1,0.5052845
0,0,0.40095434
1,1,0.68013126
0,0,0.273332
0,1,0.5940587
0,1,0.7043276
0,0,0.23621048
0,0,0.23521146
0,0,0.23228168
0,0,0.32958165
0,0,0.4603705
0,0,0.34191427
0,0,0.31938127
1,1,0.68928236
0,1,0.66527236
0,1,0.6399432
0,0,0.35171258
0,1,0.55708474
0,1,0.6165305
0,0,0.23621048
0,1,0.6897806
0,0,0.495418
0,1,0.73022807
1,1,0.69426465
0,0,0.27378887
0,1,0.65550923
0,1,0.51870203
0,0,0.45046487
0,0,0.48410013
1,1,0.66628313
0,0,0.35440543
0,0,0.4478036
0,0,0.2206168
0,0,0.4882871
0,0,0.43789873
0,1,0.547268
0,1,0.546749
0,0,0.23557921
0,0,0.2211909
0,0,0.359326
0,1,0.5863064
0,0,0.31341338
0,0,0.2723408
0,0,0.2211909
0,1,0.68124145
0,0,0.23836958
0,0,0.26129892
0,0,0.2723408
0,0,0.3827871
0,0,0.2206168
1,1,0.65880895
0,1,0.572746
0,0,0.30444854
0,0,0.39504403
1,1,0.7416216
0,1,0.65767276
0,0,0.30936372
0,1,0.60824203
0,0,0.2211909
0,0,0.43283316
0,1,0.69159365
0,0,0.23621048
0,1,0.5219984
0,0,0.33228672
0,0,0.23161106
0,0,0.2206168
0,0,0.23982964
0,0,0.3181441
1,1,0.6619068
0,0,0.23811764
0,1,0.7309569
0,0,0.47669923
0,1,0.62459993
0,1,0.56707823
0,1,0.66207594
0,0,0.23621048
0,0,0.440115
0,1,0.6581828
0,1,0.5808233
0,1,0.7309569
0,0,0.4056562
0,0,0.39719817
0,1,0.71299195
0,1,0.61158454
0,0,0.23504499
0,0,0.23836958
0,1,0.59746224
0,0,0.23621048
0,0,0.49351546
0,0,0.48889995
0,0,0.27496693
1,1,0.71327937
0,0,0.235812
0,0,0.235812
0,0,0.47919837
0,1,0.5196539
0,0,0.26598394
0,0,0.23853765
0,1,0.675997
1,1,0.70528567
0,0,0.2206168
0,0,0.31497335
0,1,0.7043276
0,0,0.45886543
0,0,0.23521146
0,1,0.7043276
0,1,0.6621707
0,0,0.3311098
0,0,0.27642366
1,1,0.72134674
0,0,0.23521146
0,1,0.54295176
0,0,0.26608056
0,1,0.7043276
0,0,0.23521146
0,0,0.3077183
0,0,0.23504499
0,0,0.27496693
0,0,0.23811764
0,0,0.2206168
0,1,0.50803685
0,0,0.36358738
0,1,0.66628313
0,0,0.26341245
0,0,0.42306778
0,0,0.49629745
0,1,0.53397995
0,0,0.27378887
0,1,0.67508155
0,1,0.66527236
0,1,0.50966716
0,0,0.27395865
0,1,0.6201668
0,1,0.69159365
0,0,0.23860244
0,1,0.55184865
0,0,0.29332286
0,0,0.44602567
0,0,0.27061793
0,0,0.23621048
0,0,0.23621048
0,1,0.62695754
0,0,0.23621048
0,0,0.24052286
0,0,0.2211909
0,1,0.5196539
0,0,0.26005182
0,1,0.6983043
0,1,0.547268
0,0,0.3104101
0,1,0.67433745
0,0,0.2206168
0,0,0.3334056
0,0,0.45193243
0,0,0.38994104
0,0,0.39079586
0,0,0.24761435
0,0,0.4603705
0,0,0.48559853
0,1,0.5429779
0,0,0.23504499
0,0,0.4025077
0,0,0.23504499
0,0,0.2211909
1,1,0.6412498
0,0,0.2211909
1,1,0.5203304
0,1,0.6412498
0,0,0.4016403
0,0,0.34562013
0,0,0.36719218
0,0,0.26341245
0,0,0.27378887
0,0,0.26438296
0,0,0.23811764
0,0,0.46193025
0,0,0.27061793
0,1,0.639913
0,1,0.62213176
1,1,0.5203304
0,0,0.4391155
0,0,0.4016403
1,1,0.6081773
1,1,0.7056549
1,1,0.59746224
0,1,0.5575909
0,0,0.2206168
0,0,0.41638976
0,0,0.3569067
1,0,0.3444434
0,1,0.7043276
0,0,0.23504499
0,0,0.2211909
0,0,0.358155
0,1,0.6179553
0,1,0.71618944
0,0,0.31665692
0,0,0.30934143
0,1,0.6235534
0,1,0.66207594
0,0,0.23521146
1,1,0.57547176
0,0,0.2206168
0,0,0.2206168
0,0,0.23504499
0,0,0.45536152
0,1,0.6827905
0,0,0.2815246
1,0,0.26129892
0,0,0.4873514
0,1,0.63593537
0,0,0.30579215
0,0,0.23504499
0,0,0.2206168
0,1,0.59746224
0,0,0.27378887
0,0,0.4016403
0,1,0.6331213
0,0,0.46084595
0,0,0.3181441
0,0,0.23621048
0,0,0.38994104
0,1,0.6034704
0,0,0.267287
0,0,0.29021835
0,0,0.45193243
0,0,0.23621048
0,1,0.7043276
0,1,0.6205157
0,0,0.4016403
0,0,0.33621097
0,0,0.23811764
1,1,0.5390424
0,0,0.26129892
0,0,0.34902996
1,1,0.6184284
0,1,0.60824203
0,0,0.47335905
0,0,0.2372125
0,0,0.4882871
0,1,0.6356625
0,1,0.65868264
0,0,0.23504499
0,0,0.35992587
0,0,0.23961142
0,1,0.5940587
0,0,0.4574082
0,0,0.32958165
0,1,0.56707823
0,1,0.60173947
0,0,0.3439234
0,0,0.39719817
0,1,0.51265603
0,0,0.31341338
0,0,0.358155
0,0,0.24393867
0,1,0.67508155
1,1,0.60824203
0,0,0.45886543
0,1,0.5432002
0,0,0.4469627
0,1,0.57949847
0,1,0.5408982
0,1,0.67506254
0,1,0.61191136
0,0,0.23504499
0,0,0.2206168
1,1,0.6508258
0,0,0.26438296
0,0,0.26608056
0,0,0.4700595
0,1,0.6709113
0,0,0.32777506
0,0,0.2211909
0,1,0.69319165
0,1,0.7248043
0,0,0.24291728
0,0,0.30444854
0,1,0.61266303
1,1,0.66968066
0,0,0.26341245
0,1,0.5937047
0,0,0.27496693
0,0,0.2372125
0,0,0.2372125
1,1,0.5732316
0,1,0.5103335
0,1,0.50837064
0,0,0.23621048
1,1,0.65863186
0,0,0.23504499
0,1,0.59608495
0,0,0.49049303
0,1,0.5203304
0,0,0.4303256
0,1,0.5343994
0,0,0.2206168
0,0,0.3181441
0,1,0.6874052
0,1,0.5196539
0,1,0.56306547
0,0,0.30934143
0,1,0.54735017
0,0,0.3467693
0,0,0.26129892
1,1,0.5794654
0,0,0.27378887
0,1,0.62779593
0,1,0.61266303
0,0,0.2206168
0,0,0.2723408
0,0,0.24393867
0,0,0.2206168
0,1,0.60173947
0,1,0.69426465
0,1,0.5531669
1,1,0.6258156
1,1,0.64384377
0,0,0.23836958
0,1,0.64642936
0,0,0.2206168
1,1,0.7043276
0,0,0.4016403
0,0,0.3827871
0,0,0.2372125
0,0,0.43789873
0,0,0.26129892
0,1,0.62476313
0,0,0.46322182
0,0,0.27642366
0,0,0.44021747
0,0,0.2206168
0,0,0.4016403
0,0,0.26005182
0,1,0.62353426
0,0,0.26608056
0,0,0.23836958
1,0,0.31380492
0,0,0.23504499
0,0,0.2211909
0,0,0.26005182
0,0,0.2206168
0,1,0.66999376
0,0,0.27378887
0,0,0.2206168
0,0,0.25637498
0,0,0.4882871
0,0,0.2684677
0,0,0.23228168
0,0,0.2211909
0,1,0.60824203
0,1,0.5595025
0,0,0.44135192
0,1,0.58872694
0,0,0.2211909
0,0,0.35060298
0,0,0.3444434
0,1,0.5588213
0,0,0.4478036
0,1,0.51870203
1,1,0.659186
0,0,0.48438084
1,1,0.5996641
0,0,0.27378887
1,1,0.66753376
0,1,0.5425915
0,0,0.23504499
0,0,0.49212754
0,0,0.29960278
0,1,0.6452088
0,0,0.2206168
1,1,0.695645
0,0,0.2570933
0,1,0.5580923
0,0,0.2206168
0,0,0.31341338
1,1,0.6412498
0,0,0.49351546
0,1,0.59608495
0,0,0.23836958
0,0,0.235812
1,1,0.66251755
0,0,0.2206168
0,0,0.23504499
0,0,0.26129892
0,0,0.24291728
0,1,0.7442889
0,1,0.61206126
0,0,0.35284987
1,1,0.7043276
0,0,0.23504499
0,0,0.34668177
0,0,0.23621048
0,0,0.26005182
0,0,0.2211909
0,0,0.27596405
0,0,0.2717317
0,1,0.5060909
0,1,0.7043276
0,0,0.27378887
0,0,0.358155
0,1,0.53668326
0,1,0.71299195
0,0,0.29368898
0,0,0.3230557
0,1,0.6412498
0,0,0.29294744
0,0,0.3077183
0,0,0.31341338
1,1,0.61206126
0,1,0.5940587
0,0,0.23504499
0,0,0.23504499
0,0,0.2206168
0,0,0.2206168
0,0,0.29960278
0,0,0.26608056
0,0,0.23621048
0,0,0.28186595
0,0,0.45886543
0,0,0.23161106
0,0,0.23811764
0,0,0.23836958
0,0,0.34105492
0,0,0.26360822
0,0,0.46488222
0,1,0.61206126
0,1,0.6418124
0,1,0.675997
0,0,0.2206168
0,1,0.6356625
0,0,0.235812
0,1,0.57547176
0,0,0.24291728
0,0,0.2206168
0,0,0.29021835
0,1,0.69827807
0,0,0.23836958
0,0,0.23228168
0,1,0.66207594
0,0,0.2638572
0,1,0.5432002
0,1,0.5862939
0,0,0.26608056
0,1,0.5332414
0,1,0.56707823
1,1,0.74395055
0,0,0.4574082
0,0,0.27096888
0,0,0.2372125
0,0,0.2372125
0,0,0.3626246
0,0,0.31192324
0,0,0.23504499
0,1,0.56707823
1,1,0.64510244
0,0,0.24291728
0,0,0.4016403
1,1,0.6621707
0,0,0.3827871
0,0,0.23621048
0,0,0.23504499
0,1,0.5432002
0,1,0.6846854
0,1,0.54735017
0,1,0.6331213
0,0,0.23228168
0,0,0.28072372
0,0,0.26608056
0,1,0.63893926
0,0,0.49212754
0,1,0.60173947
1,0,0.3338061
0,1,0.5196539
1,1,0.6504587
0,0,0.43662223
1,1,0.7024099
1,1,0.66207594
0,0,0.2206168
0,1,0.6331213
0,0,0.4275805
1,1,0.5203304
0,1,0.53025
0,1,0.7043276
0,1,0.6419757
0,1,0.71206945
0,0,0.27096888
0,0,0.47494233
0,0,0.43542442
1,0,0.23228168
1,1,0.5678765
0,0,0.358155
0,0,0.2684677
0,0,0.27824643
0,1,0.71676356
0,0,0.23811764
0,0,0.2206168
0,1,0.5684556
0,1,0.51870203
1,1,0.6608895
0,1,0.5196539
0,0,0.31893623
0,1,0.63662106
0,0,0.48562813
0,0,0.3181441
0,0,0.2372125
0,0,0.27395865
0,0,0.2372125
0,1,0.5808233
0,0,0.23521146
0,1,0.57547176
0,1,0.62353426
0,0,0.2206168
0,0,0.2211909
0,0,0.48316488
0,1,0.6420279
0,0,0.2754487
1,1,0.67508155
0,0,0.4313277
0,0,0.23504499
0,1,0.5878514
0,0,0.2206168
0,0,0.32101703
0,0,0.26129892
0,1,0.52099586
0,0,0.2206168
0,0,0.23521146
0,1,0.69159365
0,0,0.2206168
0,0,0.34447274
0,1,0.6320164
0,1,0.61206126
0,0,0.39756256
0,1,0.51870203
0,0,0.31665692
0,1,0.62213176
0,0,0.2206168
1,1,0.56306547
0,0,0.23504499
0,1,0.6750014
0,1,0.5203304
0,0,0.43789873
0,0,0.23521146
0,1,0.54295176
0,1,0.5612895
0,1,0.5005466
0,0,0.2206168
1,1,0.69159365
0,0,0.27142328
1,1,0.61092985
0,0,0.29960278
1,1,0.6709113
0,1,0.5425915
0,1,0.53025
0,0,0.39756256
0,0,0.34191427
0,1,0.6350904
1,1,0.7442889
0,1,0.5425915
0,0,0.44729462
0,0,0.26129892
0,0,0.27378887
0,0,0.2206168
1,1,0.61092985
0,0,0.4016403
0,0,0.2585913
0,1,0.6081773
0,1,0.5595025
0,0,0.23521146
0,0,0.3514424
0,1,0.74395055
1,1,0.56306547
0,1,0.5674205
0,0,0.3181441
0,0,0.4021926
0,1,0.6632746
0,0,0.45406315
0,0,0.2206168
0,0,0.48562813
0,0,0.49975622
0,0,0.23621048
0,0,0.273332
0,0,0.49412808
0,0,0.26005182
0,1,0.675997
0,0,0.2206168
0,0,0.31665692
0,0,0.2206168
0,0,0.4873514
0,1,0.60421056
0,0,0.2809075
0,1,0.6621707
0,0,0.44828805
0,1,0.5590218
0,0,0.23621048
0,0,0.38511553
0,1,0.6412498
0,0,0.24393867
0,0,0.24843381
0,0,0.27642366
0,1,0.58974797
0,0,0.2694789
0,0,0.2430069
0,0,0.26618096
0,0,0.2723408
0,0,0.3444434
0,0,0.23836958
0,0,0.43789873
0,0,0.397974
0,0,0.4016403
0,1,0.7133555
0,1,0.659186
0,1,0.55708474
1,1,0.60824203
0,1,0.5203304
0,0,0.34020275
0,0,0.31252724
0,0,0.30665186
0,1,0.6440365
1,1,0.6355075
0,0,0.307302
0,0,0.27378887
0,0,0.2372125
0,0,0.2372125
0,0,0.49542493
0,1,0.65936804
0,0,0.2372125
0,0,0.31341338
0,0,0.46488222
0,0,0.26129892
0,0,0.23621048
0,1,0.675997
0,0,0.44729462
0,0,0.4313277
0,1,0.59746224
0,1,0.69218826
0,1,0.54295176
0,0,0.48559853
1,1,0.65997416
1,1,0.5674727
0,0,0.26608056
0,0,0.2723408
0,1,0.6317089
0,0,0.2723408
0,0,0.23504499
1,0,0.45490482
0,0,0.39719817
0,1,0.6165305
0,0,0.23521146
0,1,0.6350904
0,0,0.4638829
0,1,0.5587333
1,0,0.24638364
0,1,0.72541595
0,1,0.52099586
0,0,0.4603705
0,1,0.6716088
0,0,0.3775241
0,1,0.65737087
0,0,0.2211909
0,0,0.39756256
0,0,0.23504499
0,0,0.27142328
0,1,0.5019417
0,1,0.6133565
0,0,0.35403538
0,0,0.4478036
0,0,0.4478036
0,0,0.2728197
0,0,0.38994104
0,0,0.23504499
0,0,0.44729462
0,1,0.51870203
0,0,0.26129892
0,1,0.54295176
0,0,0.23504499
0,0,0.4070431
0,0,0.36091343
1,0,0.4638829
0,1,0.5580923
0,1,0.5219984
0,0,0.27378887
0,1,0.5190355
0,0,0.35805213
0,0,0.23621048
1,1,0.66207594
0,0,0.27642366
0,0,0.2211909
0,0,0.3611219
0,1,0.5563751
0,1,0.5286948
0,1,0.68540007
1,1,0.6619068
0,0,0.491042
0,0,0.26360822
0,0,0.24291728
0,0,0.26129892
0,0,0.27395865
0,0,0.355525
0,0,0.2206168
1,1,0.5646697
0,1,0.56196225
0,1,0.69159365
0,1,0.5425915
0,0,0.3439234
0,0,0.27378887
0,0,0.27142328
0,0,0.23811764
0,0,0.2211909
0,0,0.23504499
0,0,0.33621097
0,0,0.45361874
0,0,0.24393867
0,0,0.491042
0,1,0.5432002
0,0,0.26360822
0,1,0.59746224
0,0,0.23621048
0,0,0.24291728
0,0,0.26005182
0,0,0.23860244
0,0,0.27096888
0,0,0.26785657
0,0,0.23621048
0,0,0.2740439
0,0,0.27061793
0,0,0.4016403
0,0,0.2451962
0,1,0.57175654
1,1,0.5580923
0,1,0.627041
0,0,0.26608056
0,1,0.64642936
0,0,0.23836958
0,1,0.66251755
0,0,0.359326
0,1,0.5227769
0,0,0.3530368
0,0,0.23621048
0,0,0.235812
0,1,0.73932266
0,0,0.2206168
0,0,0.32475445
0,1,0.63677794
0,1,0.50803685
0,1,0.6097242
0,1,0.72134674
0,0,0.24393867
0,0,0.24291728
0,0,0.32475445
0,0,0.26129892
0,0,0.46863136
0,1,0.5964473
0,0,0.49542493
0,0,0.23228168
0,0,0.32958165
0,0,0.384426
0,0,0.27378887
0,1,0.5575909
0,0,0.2926165
0,0,0.3187051
0,1,0.67508155
0,0,0.49412808
1,1,0.5673198
0,0,0.2206168
0,0,0.4313277
0,0,0.310917
1,1,0.6601116
0,1,0.5126598
0,0,0.45193243
0,0,0.2728197
0,1,0.63593537
0,1,0.6353889
0,0,0.48908466
0,0,0.24291728
0,1,0.6350904
0,0,0.30431446
0,0,0.3289821
0,1,0.54295176
0,0,0.2206168
1,1,0.50966716
1,0,0.4303256
0,1,0.566216
0,0,0.23621048
0,1,0.7043276
0,0,0.2211909
0,0,0.49756017
1,0,0.26341245
0,0,0.26438296
0,0,0.24002111
0,1,0.64871603
0,0,0.4089401
0,0,0.38583532
0,0,0.3077183
0,0,0.2211909
0,0,0.4478036
0,0,0.30431446
0,0,0.43709826
0,0,0.24291728
0,0,0.2206168
0,0,0.2372125
0,1,0.6412498
0,0,0.3514424
0,0,0.4478036
0,0,0.26005182
0,0,0.440115
0,0,0.23621048
0,0,0.30934143
0,1,0.6412498
0,0,0.3827871
0,1,0.66549474
0,0,0.2451962
0,0,0.27096888
0,0,0.39149788
0,1,0.6601116
0,0,0.2206168
0,0,0.23161106
0,0,0.3053043
0,0,0.23860244
0,0,0.23161106
0,0,0.47351414
0,0,0.23504499
0,0,0.36091343
0,0,0.3019112
1,1,0.5940587
0,1,0.6329904
1,0,0.4016403
0,0,0.23860244
0,0,0.43131423
0,0,0.45886543
1,1,0.5851367
0,0,0.235812
0,0,0.23811764
0,0,0.3388742
0,0,0.46488222
1,1,0.615659
0,0,0.37361184
0,1,0.5203304
0,1,0.56707823
0,0,0.2206168
0,0,0.2686686
1,1,0.61392444
0,0,0.23504499
0,1,0.69476944
0,0,0.23228168
0,0,0.27461472
0,1,0.5301569
0,0,0.26129892
0,1,0.5612895
0,0,0.23621048
0,1,0.5731792
0,0,0.4016403
0,1,0.6844097
0,1,0.65997416
0,0,0.28304577
0,0,0.4016403
0,1,0.5731792
0,0,0.2206168
0,0,0.45536152
0,1,0.6385461
0,0,0.44988176
1,1,0.74395055
0,1,0.5831561
0,1,0.61206126
0,0,0.2211909
0,0,0.44135192
0,0,0.2728197
0,0,0.25098956
0,0,0.26005182
0,1,0.5425915
1,1,0.7002371
0,0,0.4598707
0,0,0.31341338
0,0,0.3439234
0,0,0.34902996
0,1,0.71741563
0,1,0.54295176
1,1,0.74395055
1,1,0.6165305
0,0,0.2211909
0,0,0.4016403
0,1,0.6356625
0,1,0.50609773
0,1,0.7002371
0,1,0.5429779
0,0,0.3181441
0,1,0.5203304
0,1,0.61420345
0,1,0.51870203
0,0,0.47455284
0,0,0.43789873
0,0,0.23228168
0,1,0.54295176
0,0,0.27642366
0,1,0.71909165
1,0,0.32818812
0,0,0.491042
0,0,0.46597746
0,1,0.56435335
0,1,0.63127744
0,0,0.35805213
0,0,0.23860244
0,1,0.56422377
0,0,0.27378887
0,0,0.23504499
0,0,0.2211909
0,1,0.65514654
0,0,0.4016403
0,1,0.5808233
0,0,0.31341338
0,1,0.5794654
0,0,0.27096888
1,1,0.7442889
0,1,0.6736362
0,0,0.27061793
0,0,0.23836958
0,0,0.223797
0,0,0.2809075
0,0,0.2728197
0,0,0.2206168
0,0,0.33621097
0,0,0.2206168
0,0,0.23811764
0,0,0.2211909
0,0,0.31448945
1,1,0.62762463
0,0,0.3019112
0,0,0.24393867
0,1,0.68813837
0,0,0.49629745
1,0,0.26360822
0,0,0.223797
1,1,0.61092985
0,0,0.23860244
0,0,0.23521146
0,0,0.26608056
0,0,0.26608056
0,0,0.2372125
0,0,0.31878597
0,0,0.24393867
1,1,0.56707823
0,0,0.23504499
1,1,0.5732316
0,0,0.2684677
0,0,0.29912058
1,1,0.5794654
0,0,0.4478036
0,0,0.273332
0,0,0.23161106
0,1,0.59608495
0,1,0.62581074
0,0,0.2372125
0,0,0.30886286
0,0,0.2206168
1,0,0.23504499
0,1,0.5196539
0,0,0.4056562
0,0,0.2211909
0,0,0.386757
0,0,0.2723408
1,1,0.7416216
0,0,0.23836958
0,1,0.5019417
0,1,0.52099586
0,1,0.6993671
0,0,0.3181441
0,0,0.29148972
0,1,0.6632746
0,0,0.2206168
1,1,0.5203304
0,1,0.7002371
0,1,0.6331213
0,1,0.721101
0,0,0.235812
0,0,0.3439234
0,1,0.68489987
0,0,0.30775884
0,1,0.60173947
0,1,0.60824203
0,1,0.7043276
0,0,0.3643621
0,0,0.30886286
0,0,0.27395865
0,0,0.47306815
0,1,0.547268
1,1,0.5902285
0,0,0.46863136
0,0,0.3077183
0,0,0.358155
0,0,0.23621048
0,0,0.23521146
0,0,0.25411823
1,1,0.67660016
0,0,0.27378887
0,1,0.5963038
0,1,0.5645131
0,0,0.49866498
0,0,0.27378887
1,1,0.61206126
0,0,0.27378887
0,0,0.4603705
0,1,0.66628313
0,1,0.621388
1,0,0.4478036
0,0,0.27142328
0,0,0.42147058
0,0,0.27378887
0,1,0.6236798
0,0,0.47002482
0,0,0.29021835
0,0,0.23811764
0,1,0.66527236
0,0,0.26360822
0,1,0.52257234
0,0,0.43789873
0,1,0.54295176
0,0,0.23836958
0,0,0.2211909
0,1,0.7043276
0,1,0.55312264
1,1,0.6201668
0,1,0.60173947
0,0,0.23836958
0,1,0.60824203
0,0,0.2206168
0,0,0.4313277
0,1,0.5203304
0,0,0.2451962
0,0,0.29021835
1,1,0.54295176
0,1,0.675997
0,0,0.36645833
1,1,0.6412498
0,1,0.56707823
0,0,0.23621048
0,0,0.23521146
0,0,0.33217338
1,1,0.6381225
0,0,0.26360822
0,0,0.27142328
0,0,0.30775884
0,0,0.2206168
0,1,0.6350904
0,0,0.4603705
0,0,0.33853778
1,1,0.54295176
0,0,0.23504499
0,0,0.23621048
0,0,0.23521146
0,1,0.61545604
0,0,0.23621048
0,0,0.27061793
0,1,0.621388
0,0,0.23621048
0,0,0.23504499
0,0,0.23836958
0,0,0.2206168
0,0,0.2211909
0,1,0.52316254
0,0,0.24291728
0,0,0.29909527
0,1,0.64871603
0,0,0.30775884
0,0,0.27824643
0,0,0.30106515
0,0,0.26360822
0,1,0.6201668
0,1,0.5425915
0,1,0.6863125
0,0,0.235812
0,0,0.2684677
0,1,0.64434683
0,1,0.6201668
0,1,0.5203304
0,0,0.3162484
0,1,0.612552
0,0,0.30444854
0,0,0.23621048
0,0,0.49412808
1,1,0.5103335
0,0,0.34902996
0,0,0.34737906
0,1,0.66549474
0,0,0.27378887
0,0,0.39756256
0,0,0.2211909
0,0,0.29659328
0,0,0.47455284
0,0,0.32635397
0,1,0.63593537
1,1,0.67828214
0,1,0.74395055
0,0,0.4391155
0,0,0.2211909
1,1,0.65009785
0,1,0.7056549
0,0,0.2211909
0,0,0.32051423
0,1,0.5203304
0,0,0.24291728
0,1,0.56707823
0,0,0.23621048
0,1,0.5668785
1,1,0.63127744
0,0,0.23504499
0,0,0.4638829
0,1,0.5575909
0,1,0.6412498
0,0,0.2211909
1,0,0.41880345
1,1,0.74395055
0,0,0.22889954
0,0,0.2809075
0,0,0.3181441
0,1,0.68783015
1,1,0.71676356
0,0,0.2723408
1,1,0.65108186
0,0,0.23811764
0,0,0.4882871
0,0,0.23521146
0,0,0.44542542
0,0,0.45490482
0,1,0.6608895
1,0,0.2684677
0,1,0.59746224
0,1,0.7056549
0,1,0.66207594
0,0,0.26129892
0,0,0.26005182
0,0,0.4478036
0,0,0.24291728
0,1,0.54295176
0,1,0.5060909
0,1,0.5587333
0,0,0.2728197
0,0,0.48562813
0,1,0.6331213
0,0,0.2211909
0,1,0.69426465
0,1,0.6503422
0,0,0.3920316
0,0,0.26005182
0,1,0.6621707
0,0,0.29584378
0,0,0.23521146
1,1,0.6173131
0,0,0.4056562
0,1,0.68783015
0,0,0.23504499
1,1,0.6490173
0,0,0.2211909
0,0,0.49635407
0,0,0.2206168
0,0,0.2206168
0,0,0.27824643
0,0,0.3871084
0,0,0.35284987
0,1,0.7056549
0,0,0.22184004
0,1,0.52316254
0,0,0.43976098
0,0,0.23811764
0,0,0.2206168
0,0,0.2206168
0,0,0.3467675
0,0,0.29196474
0,0,0.39313588
0,0,0.23521146
0,1,0.73227453
0,0,0.2206168
0,1,0.64871603
0,0,0.3610946
0,1,0.6331213
0,0,0.23504499
0,1,0.6201668
0,0,0.47494233
0,1,0.5506096
0,0,0.4570989
0,0,0.3166569
0,0,0.26608056
1,1,0.6412498
0,0,0.45361874
0,0,0.2206168
0,0,0.3181441
1,1,0.6852842
0,1,0.56707823
0,0,0.27378887
0,0,0.2211909
0,0,0.23811764
0,0,0.46814314
0,0,0.36645833
0,0,0.2211909
1,1,0.6131266
0,0,0.23521146
0,0,0.2206168
0,0,0.235812
0,0,0.40293247
1,1,0.6914888
1,1,0.6412498
0,0,0.39511928
1,1,0.70528567
0,0,0.30444854
0,0,0.26608056
1,1,0.56998616
0,0,0.348706
0,0,0.23521146
0,1,0.56306547
0,0,0.38681066
0,0,0.23504499
0,0,0.27378887
0,1,0.53025
0,0,0.3444434
1,1,0.56707823
0,1,0.54258233
0,0,0.2723408
0,0,0.23504499
0,1,0.5203304
0,0,0.33723453
0,1,0.67828214
1,1,0.5093782
0,1,0.5060909
0,0,0.48146108
0,1,0.5092493
0,0,0.33621097
0,0,0.23228168
0,1,0.63593537
0,1,0.68013126
0,0,0.2211909
0,1,0.69159365
0,0,0.23836958
1,1,0.7323424
0,0,0.2206168
0,0,0.48889995
0,1,0.6142288
0,0,0.39870122
0,0,0.2206168
0,0,0.36501846
0,0,0.2684677
0,0,0.2211909
0,0,0.2723408
0,0,0.2740439
0,1,0.55377674
0,0,0.26005182
1,1,0.56707823
0,0,0.27142328
0,1,0.61191136
0,1,0.6314621
1,1,0.5196539
0,0,0.3467675
0,0,0.39756256
0,1,0.5019855
0,1,0.66628313
0,0,0.23621048
0,0,0.23621048
0,1,0.6222948
1,0,0.27378887
0,0,0.2206168
0,1,0.69159365
0,0,0.26005182
1,1,0.50837064
0,0,0.23621048
1,1,0.68813837
0,1,0.73262274
0,1,0.630313
0,0,0.2206168
0,0,0.23521146
0,0,0.48559853
0,0,0.36805913
0,0,0.3444434
0,0,0.3161204
1,1,0.50837064
1,1,0.6156581
0,0,0.3181441
0,0,0.2206168
0,0,0.4072681
0,1,0.5588213
0,1,0.5425915
0,0,0.2684677
0,0,0.4603705
0,1,0.66207594
0,0,0.29470345
0,0,0.397974
0,0,0.35284987
0,0,0.23504499
0,0,0.25637498
0,0,0.23621048
0,0,0.23836958
0,0,0.3444434
0,0,0.26005182
0,1,0.56466305
0,0,0.2206168
0,1,0.5940587
0,0,0.2206168
0,0,0.2814746
1,1,0.6983853
0,0,0.32242343
0,0,0.4603705
0,1,0.5196539
0,0,0.2206168
1,0,0.4873514
0,0,0.46212173
0,0,0.44846308
0,0,0.36721763
0,0,0.23860244
0,1,0.6823066
0,1,0.60824203
0,0,0.48559853
0,1,0.68783015
0,0,0.2206168
0,0,0.2206168
0,1,0.50966716
0,0,0.2740439
0,1,0.6286689
0,0,0.2372125
0,1,0.64510244
0,0,0.24291728
0,0,0.31665692
0,1,0.66628313
0,1,0.52257234
0,0,0.35107806
0,0,0.2792531
0,1,0.56707823
0,0,0.43111968
0,1,0.60824203
0,1,0.60824203
0,0,0.2206168
0,0,0.3949596
0,1,0.58731663
0,0,0.27142328
0,1,0.5557918
0,1,0.7442889
0,0,0.25411823
1,1,0.6412498
0,0,0.4873514
0,0,0.23621048
0,1,0.6492979
0,0,0.2206168
0,0,0.235812
0,0,0.26129892
0,0,0.31341338
1,1,0.56790876
0,0,0.2211909
0,0,0.27096888
0,1,0.5794654
0,0,0.48559853
0,1,0.64628935
0,0,0.2211909
0,0,0.2211909
0,0,0.27596405
0,0,0.45046487
1,1,0.70528567
0,0,0.2211909
0,0,0.2684677
1,1,0.71472555
0,1,0.6320164
0,0,0.4295969
1,1,0.7043276
0,0,0.2206168
0,0,0.31341338
0,1,0.6412498
0,0,0.26608056
0,0,0.386757
1,1,0.6602058
0,0,0.23621048
1,1,0.6914888
0,1,0.6914888
0,1,0.61266303
0,0,0.49120176
0,0,0.2206168
0,1,0.61206126
0,1,0.62459993
0,0,0.2728197
0,0,0.23621048
0,0,0.23621048
0,1,0.50311553
0,1,0.6349663
0,0,0.2643706
0,0,0.23504499
0,0,0.4478036
0,0,0.4876897
0,0,0.27142328
0,1,0.5425915
0,1,0.63343495
0,0,0.26608056
0,1,0.56707823
0,0,0.45536152
0,0,0.23621048
0,0,0.2206168
1,1,0.71618944
0,0,0.25008395
0,0,0.4016403
0,1,0.51108086
0,0,0.23521146
0,0,0.26129892
0,0,0.48559853
0,0,0.4313277
1,1,0.6131266
0,1,0.5151097
0,0,0.23621048
0,0,0.27378887
0,0,0.23836958
0,0,0.23811764
0,0,0.42636243
0,0,0.30444854
1,1,0.7043276
0,1,0.59746224
0,0,0.23621048
0,0,0.31341338
0,1,0.6601116
0,0,0.30837232
0,0,0.23504499
0,1,0.66549474
0,0,0.2211909
0,0,0.26129892
0,0,0.23836958
0,0,0.23811764
0,1,0.6431571
1,1,0.71206945
1,1,0.6750014
0,0,0.2723408
0,1,0.6601116
0,0,0.4313277
0,0,0.4070431
0,0,0.2459751
0,0,0.48559853
0,1,0.5794654
0,0,0.23504499
1,1,0.61545604
0,0,0.29970446
0,0,0.27142328
0,0,0.23521146
0,1,0.67415565
0,1,0.5580923
0,1,0.5496086
0,0,0.23621048
0,0,0.3181441
0,0,0.2451962
0,0,0.44846308
1,1,0.7442889
0,1,0.64642936
0,0,0.23621048
0,1,0.60824203
0,0,0.24174513
0,0,0.27061793
0,0,0.4089401
0,1,0.66753376
0,1,0.73227453
0,1,0.6331213
0,1,0.5563086
1,1,0.7362984
0,0,0.267287
0,0,0.23504499
0,0,0.24393867
0,1,0.6503422
0,0,0.3610946
1,1,0.60490996
0,0,0.46488222
0,0,0.23836958
0,0,0.2206168
0,1,0.61266303
0,0,0.24291728
0,0,0.48559853
0,1,0.5196539
0,1,0.547268
0,0,0.3388742
0,0,0.23860244
0,0,0.2372125
0,1,0.5897987
0,0,0.3162634
0,0,0.23521146
0,0,0.48316488
0,1,0.60824203
0,0,0.2206168
0,0,0.33715945
0,0,0.43976098
0,1,0.74395055
0,1,0.7043276
1,1,0.7043276
0,0,0.39719817
1,1,0.5981854
0,0,0.4016403
0,0,0.27378887
1,1,0.5203304
0,0,0.27142328
0,0,0.4072681
0,1,0.5972569
0,0,0.2211909
0,1,0.5557918
1,1,0.6422378
0,0,0.2206168
1,0,0.27378887
0,0,0.49975622
0,0,0.35109475
0,0,0.32158074
0,0,0.23504499
1,1,0.7416216
0,0,0.2719907
1,0,0.39027205
0,0,0.23621048
0,1,0.6349663
0,0,0.34902996
1,1,0.65997416
0,1,0.51265603
0,0,0.3077183
0,0,0.22184004
1,1,0.7043276
0,1,0.6632746
0,0,0.2372125
1,1,0.69159365
0,1,0.60824203
1,1,0.6973367
0,0,0.2372125
0,1,0.64510244
0,1,0.67506254
0,1,0.6142875
0,0,0.2206168
0,0,0.46193025
0,0,0.26341245
0,0,0.26598394
0,0,0.4603705
0,0,0.43111968
0,1,0.69927305
0,0,0.23621048
0,0,0.2372125
0,1,0.5665994
1,0,0.45772314
0,1,0.5937047
0,0,0.45444974
1,1,0.65997416
0,1,0.5580923
0,0,0.2206168
0,1,0.73078215
0,0,0.26360822
0,0,0.23621048
0,0,0.24052286
0,1,0.5563086
0,1,0.7306074
0,0,0.2211909
0,1,0.73227453
0,0,0.27378887
0,0,0.26608056
0,0,0.2206168
0,0,0.23836958
0,0,0.2372125
0,0,0.26129892
0,0,0.4882871
0,1,0.69159365
0,1,0.7043276
0,0,0.26360822
0,0,0.2926165
0,0,0.4391155
0,0,0.2211909
0,0,0.24174513
0,1,0.6165305
1,0,0.32958165
0,0,0.46126112
1,1,0.7043276
1,1,0.6891951
0,0,0.23161106
0,1,0.6029721
0,1,0.61206126
1,1,0.50837064
0,1,0.51870203
1,1,0.6490173
0,0,0.26129892
0,0,0.3162634
0,0,0.2206168
0,1,0.5151097
0,0,0.2206168
1,1,0.65868264
0,1,0.50966716
0,0,0.3181441
1,1,0.5821304
0,0,0.33621097
0,1,0.66894716
1,1,0.56707823
1,1,0.5863064
0,0,0.4873514
1,0,0.4016403
0,1,0.547268
0,0,0.4574082
0,0,0.42496696
0,0,0.31380492
0,0,0.39390895
0,0,0.2684677
0,0,0.23860244
0,0,0.38862023
0,0,0.47351414
0,0,0.2754487
0,1,0.621388
0,0,0.37588313
0,1,0.61206126
1,1,0.6844097
0,0,0.4016403
0,0,0.26438296
0,0,0.3155618
0,0,0.49212754
0,0,0.4803318
0,0,0.3181441
1,0,0.26005182
0,0,0.30886286
0,0,0.27824643
0,1,0.50837064
0,0,0.23621048
0,0,0.23836958
0,1,0.64628935
0,1,0.630313
0,0,0.23811764
0,0,0.2206168
0,1,0.6621707
0,0,0.26608056
0,1,0.6206263
0,0,0.2686686
0,0,0.4313277
0,0,0.2211909
0,0,0.2211909
0,0,0.47186434
0,0,0.26360822
0,1,0.6412498
0,0,0.4603705
0,0,0.26608056
0,1,0.5831561
0,1,0.7043276
0,1,0.65997416
0,1,0.5432002
0,0,0.2686686
0,0,0.2684677
0,0,0.23621048
0,0,0.2211909
1,1,0.66628313
0,1,0.66207594
0,1,0.6039369
0,0,0.23504499
0,0,0.3827871
0,0,0.2206168
0,1,0.6176182
0,0,0.43789873
0,1,0.6118124
0,0,0.2211909
0,0,0.24291728
0,0,0.2206168
0,0,0.2211909
0,0,0.23621048
0,0,0.23836958
1,1,0.6421707
0,1,0.6621707
0,1,0.69159365
0,0,0.23504499
0,0,0.2206168
0,0,0.23504499
0,0,0.34076467
0,0,0.2211909
0,0,0.32531658
0,0,0.235812
0,0,0.4603705
0,1,0.5899694
0,1,0.6240104
0,1,0.60824203
1,1,0.6681567
0,1,0.62381846
0,0,0.3162634
0,0,0.23621048
0,0,0.2206168
1,1,0.6878104
1,1,0.7056549
0,0,0.4016403
0,0,0.4638829
0,0,0.2392221
0,1,0.5114111
0,0,0.24393867
0,0,0.48146108
0,0,0.23621048
0,1,0.65920967
0,0,0.42024463
0,1,0.56998616
0,0,0.36358738
0,0,0.23853765
0,0,0.24393867
0,0,0.358155
0,0,0.34611425
0,0,0.23811764
0,1,0.6418052
0,1,0.50477916
0,0,0.43789873
0,0,0.2206168
0,0,0.23836958
0,0,0.23621048
0,0,0.23836958
0,1,0.6131266
0,0,0.2211909
0,0,0.33621097
0,1,0.56793094
0,1,0.6165305
0,1,0.6165305
0,1,0.7043276
0,0,0.23504499
0,1,0.67508155
0,0,0.29960278
0,0,0.34403035
0,0,0.31952274
0,0,0.2206168
1,1,0.7043276
0,0,0.24393867
0,0,0.28072372
0,1,0.56998616
0,0,0.44021747
0,0,0.31341338
0,0,0.43610397
0,0,0.23811764
0,0,0.2740439
0,0,0.235812
0,1,0.6715404
0,0,0.23853765
0,0,0.46947876
0,1,0.55821097
0,0,0.35805213
0,0,0.46193025
0,0,0.4893572
0,1,0.5028001
0,0,0.389694
0,0,0.26129892
0,0,0.26129892
0,0,0.30579215
0,0,0.42024463
0,1,0.5743555
0,1,0.69827807
0,0,0.3155618
0,0,0.23504499
0,0,0.2728197
0,0,0.4603705
0,0,0.27142328
0,1,0.686005
0,0,0.27061793
0,1,0.64510244
0,1,0.6508258
1,1,0.7442889
1,1,0.52771544
0,1,0.68013126
0,0,0.3132453
0,0,0.26608056
0,0,0.348706
0,1,0.6621707
0,1,0.5794654
1,1,0.67508155
0,0,0.4638829
0,0,0.23860244
0,0,0.2451962
0,1,0.6619068
0,0,0.33916587
0,1,0.6731467
0,0,0.27642366
0,0,0.24291728
0,1,0.56435335
1,1,0.6446642
0,0,0.27142328
0,0,0.23961142
0,0,0.2211909
1,1,0.70528567
0,0,0.2206168
0,1,0.60564244
0,0,0.29021835
0,0,0.23521146
0,0,0.31341338
0,0,0.2723408
0,0,0.2206168
0,1,0.6621707
0,0,0.2206168
0,0,0.30431446
0,0,0.39313588
0,0,0.26005182
0,0,0.2206168
0,0,0.4873514
0,0,0.3181441
1,1,0.6165305
0,1,0.572746
1,1,0.51108086
0,0,0.31448945
1,1,0.7056549
1,1,0.52099586
0,1,0.6412498
0,1,0.5397094
0,0,0.35109475
1,0,0.45831013
0,0,0.27378887
0,0,0.39719817
0,0,0.26005182
0,1,0.61210465
0,0,0.3439234
0,0,0.46863136
0,1,0.6118124
0,1,0.686005
0,1,0.6983043
0,0,0.2211909
0,0,0.32958165
0,0,0.223797
0,0,0.48559853
0,1,0.6165305
0,0,0.49412808
0,0,0.4603705
1,1,0.6201668
0,0,0.2206168
0,0,0.26129892
0,0,0.24052286
1,1,0.68390864
1,0,0.29470345
0,0,0.26129892
0,0,0.29021835
1,1,0.64628935
0,1,0.6349663
1,1,0.6991555
1,1,0.7043276
0,0,0.23860244
0,1,0.67506254
0,0,0.23811764
0,0,0.2211909
0,0,0.39979115
0,0,0.28605852
0,0,0.23836958
0,1,0.66207594
0,1,0.5937047
0,1,0.50966716
0,0,0.2451962
0,0,0.4391155
0,1,0.6010881
0,0,0.35445964
0,0,0.30927593
1,1,0.7056549
0,0,0.273332
0,0,0.235812
1,0,0.37446153
0,0,0.3711235
0,0,0.23621048
0,0,0.26608056
0,0,0.2719907
0,0,0.3181441
0,0,0.26005182
0,1,0.5554745
0,0,0.27642366
0,0,0.40065858
0,1,0.6791271
0,0,0.23649105
1,1,0.6412498
1,1,0.63343495
0,0,0.3949596
0,0,0.2206168
0,1,0.59746224
0,0,0.42024463
0,1,0.63343495
0,1,0.5684556
0,0,0.4574082
0,1,0.50966716
0,0,0.2211909
0,0,0.23621048
0,0,0.23504499
0,0,0.436795
0,0,0.27142328
1,0,0.4873514
0,1,0.5972569
0,0,0.23621048
0,1,0.6526977
0,0,0.23836958
0,0,0.4882871
0,0,0.43662223
0,0,0.2723408
0,1,0.6541382
0,0,0.2206168
1,1,0.67508155
0,0,0.2206168
0,0,0.23621048
0,0,0.24291728
0,1,0.505649
0,0,0.23521146
0,1,0.5831561
0,1,0.6296125
0,1,0.6470815
0,1,0.6444873
0,0,0.23621048
0,0,0.39079586
0,0,0.26608056
0,0,0.4313277
0,0,0.2723408
0,1,0.54969597
0,0,0.4729358
0,1,0.5497037
0,0,0.3949596
0,1,0.70528567
0,1,0.6224819
0,0,0.3949596
0,1,0.5752366
0,0,0.47494233
0,1,0.5563086
0,0,0.44932112
0,0,0.4154062
0,1,0.66968066
0,1,0.60824203
0,0,0.235812
0,1,0.65997416
0,1,0.5821304
1,1,0.58741903
0,1,0.64734566
0,0,0.2206168
1,1,0.57262814
0,0,0.24291728
0,0,0.3514424
0,0,0.3155618
0,0,0.26129892
0,0,0.2684677
0,0,0.28415442
0,0,0.32475445
0,0,0.27642366
0,0,0.32186392
1,1,0.60824203
0,1,0.5425915
0,1,0.55821097
0,0,0.23836958
0,0,0.27323365
1,1,0.6559615
0,0,0.23621048
0,0,0.2723408
0,1,0.7024099
0,0,0.24174513
0,0,0.24535537
0,1,0.6615012
1,1,0.67101604
0,1,0.7043276
1,1,0.65880895
0,0,0.27378887
0,1,0.6422378
0,0,0.2372125
0,1,0.6675121
0,0,0.42496696
0,0,0.2206168
0,1,0.5673198
1,1,0.6769403
0,0,0.26129892
0,0,0.45886543
0,0,0.3181441
0,0,0.46193025
0,1,0.6258156
0,0,0.2372125
0,0,0.2211909
0,0,0.4638829
0,1,0.6619068
1,1,0.659186
0,0,0.47335905
0,0,0.2740439
0,0,0.491042
0,0,0.26895794
0,0,0.2211909
0,0,0.4505707
0,0,0.27378887
0,0,0.2206168
1,0,0.35284987
0,0,0.4016403
0,1,0.5432002
0,1,0.6412498
0,0,0.32958165
0,1,0.6271866
0,1,0.6440489
0,0,0.23504499
0,0,0.30280706
0,0,0.24291728
0,1,0.66753376
0,1,0.67415565
0,0,0.30775884
0,0,0.4955783
0,1,0.6641448
0,0,0.38681066
0,1,0.572746
0,1,0.5554745
0,0,0.2372125
0,0,0.2728197
0,1,0.68566734
0,0,0.235812
0,1,0.61545604
0,0,0.235812
0,0,0.34191427
1,1,0.5496086
0,0,0.26005182
0,1,0.6069028
0,0,0.3941569
0,0,0.2211909
0,0,0.4603705
0,1,0.6412498
0,0,0.2206168
0,0,0.26129892
0,0,0.39756256
0,0,0.29960278
0,0,0.23621048
0,0,0.45193243
0,0,0.23621048
0,0,0.24291728
0,0,0.2668859
0,0,0.31734475
0,1,0.6685702
0,0,0.46863136
0,1,0.5432002
1,1,0.5506096
0,1,0.59608495
0,1,0.7043276
0,0,0.23521146
0,0,0.23961142
1,0,0.3439234
0,0,0.2211909
0,0,0.45046487
0,0,0.2809075
0,0,0.42024463
0,1,0.55708474
0,0,0.24291728
0,0,0.23811764
0,1,0.63395905
0,1,0.5040682
0,1,0.5343994
0,1,0.5416619
0,0,0.2206168
1,1,0.69159365
0,0,0.42024463
0,1,0.5432002
0,0,0.23504499
0,0,0.26129892
0,0,0.2211909
0,0,0.2206168
0,1,0.5506096
0,0,0.3941569
0,0,0.3707553
0,1,0.64097744
0,1,0.56306547
0,0,0.23504499
0,0,0.23161106
0,0,0.24077652
0,0,0.27096888
0,0,0.2206168
0,0,0.27378887
0,1,0.59608495
0,1,0.65767276
0,0,0.27378887
1,1,0.64871603
0,0,0.35171258
0,0,0.3981212
1,1,0.7024099
0,0,0.27395865
0,0,0.27028987
0,1,0.6078815
0,0,0.36805913
0,0,0.26129892
0,0,0.28605852
0,0,0.24291728
0,1,0.60173947
0,1,0.54295176
0,0,0.32129663
0,1,0.54295176
0,1,0.65868264
0,0,0.23521146
0,1,0.59746224
0,1,0.5190355
0,0,0.24761435
0,0,0.27642366
0,0,0.2723408
0,0,0.23961142
0,0,0.3610946
0,1,0.675997
0,0,0.37677285
0,1,0.5425915
0,0,0.44932112
0,1,0.67828214
0,1,0.67415565
0,0,0.23621048
0,0,0.23621048
0,1,0.60421056
0,0,0.30106515
0,0,0.27378887
0,0,0.47669923
0,0,0.24535537
0,0,0.25150383
0,0,0.2206168
0,0,0.3053457
0,1,0.67508155
0,0,0.491042
1,1,0.6275297
0,0,0.23504499
0,0,0.31341338
0,0,0.3295726
0,1,0.61545604
0,0,0.26005182
0,0,0.27378887
0,1,0.63662106
1,1,0.50285596
0,0,0.34562013
1,0,0.4016403
0,0,0.23161106
0,0,0.3949596
0,1,0.5580923
0,0,0.38681066
0,0,0.39079586
0,0,0.25084513
0,1,0.5203304
0,0,0.23811764
0,0,0.2211909
0,1,0.6039815
0,0,0.32475445
0,1,0.5371256
0,0,0.2372125
0,1,0.5821304
0,1,0.5506096
0,1,0.7043276
0,1,0.5743555
0,0,0.26341245
0,0,0.4603705
0,0,0.28192005
0,1,0.51870203
0,0,0.30837232
0,0,0.23504499
0,1,0.50966716
0,0,0.23621048
0,0,0.2211909
0,1,0.5554745
0,1,0.6504587
0,0,0.34737906
0,0,0.25637498
0,0,0.23504499
1,1,0.5209509
0,1,0.6286689
0,0,0.2206168
0,0,0.35715005
0,0,0.2372125
0,0,0.2670907
0,1,0.60824203
1,1,0.6118124
0,1,0.55708474
0,0,0.2723408
0,0,0.42271456
1,1,0.5902285
0,0,0.35284987
0,0,0.47727808
0,1,0.67828214
0,0,0.30306166
0,0,0.2206168
0,0,0.49244288
0,0,0.4275805
1,1,0.6581828
0,1,0.5196539
0,0,0.2723408
1,1,0.6621707
0,0,0.23521146
0,0,0.38165238
0,0,0.2206168
0,0,0.27358675
0,1,0.56707823
0,1,0.5575909
0,0,0.31543082
0,1,0.5580923
0,0,0.26129892
0,1,0.54295176
0,0,0.24291728
1,1,0.6983043
0,1,0.61545604
0,0,0.43189132
0,0,0.2728197
0,0,0.30152628
0,0,0.30444854
0,1,0.61859244
0,1,0.6258156
0,0,0.23504499
0,0,0.24761435
0,1,0.5126123
0,1,0.5203304
0,1,0.6621707
0,0,0.2372125
0,0,0.2372125
0,1,0.64734566
0,1,0.5196539
0,0,0.2372125
0,1,0.53025
0,0,0.25637498
0,1,0.50837064
0,0,0.22184004
0,0,0.2372125
0,0,0.2206168
0,0,0.23504499
0,0,0.2684677
0,1,0.73227453
0,1,0.55353844
0,0,0.42271456
0,0,0.23836958
0,0,0.2947264
0,1,0.67828214
0,0,0.23621048
0,0,0.2372125
0,1,0.54295176
0,0,0.38583532
0,1,0.5831561
0,1,0.62353426
0,0,0.2723408
0,0,0.23521146
0,0,0.36383408
0,1,0.68257374
0,0,0.26005182
0,1,0.56707823
1,0,0.47494233
0,0,0.23836958
1,1,0.6619068
0,0,0.23504499
0,1,0.621388
0,0,0.39756256
0,0,0.49244288
0,0,0.3981129
0,0,0.47494233
0,0,0.27096888
0,1,0.596586
0,1,0.6039815
0,0,0.2206168
0,1,0.68871653
0,0,0.3467693
1,1,0.7002371
0,0,0.2638572
0,0,0.4162472
0,0,0.3444434
0,1,0.65997416
0,1,0.5028001
0,0,0.3444434
0,0,0.47000083
0,1,0.52978814
0,0,0.4313277
1,1,0.65997416
1,1,0.70528567
0,1,0.5575909
0,1,0.5324169
0,1,0.71243364
0,0,0.2206168
0,1,0.66628313
0,0,0.24291728
0,0,0.2372125
0,0,0.23621048
0,0,0.26360822
0,1,0.70528567
0,0,0.22445162
0,1,0.6412498
0,0,0.4478036
0,0,0.2570933
0,0,0.235812
0,1,0.56306547
1,1,0.50837064
0,1,0.6281085
0,1,0.69426465
0,1,0.50797313
0,0,0.35444903
0,0,0.3898707
0,0,0.3439234
0,0,0.3053457
0,1,0.6205157
0,0,0.31448945
0,1,0.7043276
0,0,0.3014723
0,0,0.23161106
1,1,0.69927305
1,1,0.5443444
0,1,0.66207594
0,0,0.26608056
1,1,0.56774884
0,0,0.45536152
0,1,0.6446642
0,0,0.34737906
0,0,0.41880345
0,0,0.2717317
0,0,0.26129892
0,0,0.23621048
0,0,0.49629745
0,0,0.30886286
0,0,0.49412808
0,0,0.23621048
0,0,0.47494233
0,0,0.2211909
0,1,0.5831561
0,0,0.2206168
0,1,0.56306547
0,0,0.46488222
0,1,0.59746224
0,0,0.27496693
0,1,0.5496086
0,0,0.44135192
0,0,0.30444854
1,1,0.54295176
0,0,0.2799087
0,0,0.4478036
0,0,0.2211909
0,0,0.27096888
0,1,0.6165305
0,1,0.67506254
1,1,0.5557918
0,0,0.23228168
0,1,0.65767276
0,0,0.2206168
1,0,0.49635407
1,0,0.41992092
1,1,0.5409354
0,1,0.60824203
0,1,0.63662106
0,1,0.6165305
0,0,0.4478036
0,0,0.26005182
0,0,0.27358675
0,1,0.5588213
0,0,0.38681066
0,0,0.2413884
0,0,0.23836958
0,1,0.5580923
0,1,0.5646697
0,0,0.24291728
0,1,0.54295176
0,0,0.23621048
0,0,0.3230557
0,0,0.24393867
0,0,0.47525522
0,0,0.33250752
0,1,0.51265603
0,0,0.3949596
1,1,0.6165305
0,0,0.2206168
0,0,0.24393867
0,1,0.5575909
0,0,0.26608056
0,0,0.25396922
0,0,0.26129892
0,0,0.26005182
0,0,0.3843741
0,1,0.5821304
0,0,0.22184004
0,0,0.23621048
0,1,0.6503422
1,1,0.7288113
0,0,0.23836958
0,0,0.43662223
0,0,0.3558706
0,0,0.45193243
0,0,0.2372125
0,0,0.4603705
0,1,0.5103335
0,0,0.39719817
0,0,0.27061793
0,0,0.2211909
0,0,0.24291728
0,1,0.5203304
0,1,0.57638407
0,1,0.6823066
0,0,0.2206168
0,1,0.60824203
0,1,0.7043276
0,0,0.3162634
0,1,0.6508258
0,0,0.23504499
0,0,0.358155
1,1,0.5831561
0,0,0.31359693
0,1,0.7133555
0,1,0.6546718
0,0,0.24589357
0,0,0.49412808
0,0,0.2206168
0,1,0.6349663
0,0,0.30314434
0,1,0.6431571
0,0,0.34447274
0,0,0.4882871
0,0,0.24291728
0,0,0.23621048
0,1,0.6412498
0,0,0.44135192
0,0,0.4313277
0,1,0.6761984
0,1,0.66999376
0,1,0.59452456
0,1,0.5821304
0,0,0.32958165
0,0,0.23836958
0,1,0.60824203
0,0,0.48559853
0,0,0.24291728
0,0,0.2723408
0,0,0.23621048
0,1,0.6286689
0,0,0.3431302
0,0,0.2206168
0,0,0.2211909
1,1,0.5580923
0,0,0.2211909
0,1,0.5937047
0,1,0.5674727
0,0,0.4313277
0,1,0.5432002
0,1,0.6412498
0,0,0.26129892
0,0,0.23504499
0,0,0.4873514
0,0,0.23621048
0,0,0.4873514
0,0,0.2206168
0,0,0.2372125
0,0,0.46212173
0,0,0.23521146
0,0,0.3827871
0,0,0.49126107
0,0,0.31341338
0,0,0.36629844
0,0,0.2211909
0,1,0.64734566
0,1,0.67506254
0,0,0.31277788
0,0,0.23504499
0,0,0.30934143
0,1,0.53025
0,0,0.2211909
0,0,0.4162379
1,1,0.696985
0,0,0.4478036
0,0,0.26360822
0,0,0.44729462
0,0,0.26608056
0,0,0.23228168
0,0,0.2206168
0,1,0.6621707
0,0,0.26129892
0,0,0.331207
0,0,0.23621048
0,1,0.55417883
0,0,0.43131423
0,0,0.4603705
0,0,0.44846308
0,0,0.24393867
0,0,0.29739892
0,0,0.4391155
0,1,0.5060909
0,1,0.6373555
0,1,0.5580923
1,1,0.5821304
0,1,0.66968066
1,0,0.386962
0,0,0.27061793
0,1,0.65266967
0,1,0.6296125
0,0,0.43131423
0,1,0.66549474
1,1,0.69927305
0,1,0.73262274
0,0,0.3558706
0,0,0.37677285
0,1,0.5794654
0,0,0.2206168
0,0,0.23961142
1,1,0.7024099
0,1,0.53397995
0,0,0.42024463
0,0,0.27395865
0,0,0.235812
0,1,0.59608495
0,1,0.5190355
0,0,0.4072681
0,1,0.61206126
0,0,0.235812
0,1,0.54735017
0,1,0.5517973
0,0,0.46193025
1,1,0.6412498
0,0,0.35416633
0,0,0.3181441
0,0,0.23836958
1,1,0.71299195
0,1,0.64384377
0,0,0.2809075
0,0,0.2947264
0,0,0.23621048
0,0,0.32101703
0,0,0.23621048
0,0,0.3949596
0,1,0.5308552
0,0,0.4638829
0,1,0.6554559
0,0,0.2211909
0,0,0.2211909
1,1,0.6621707
1,1,0.6621707
0,1,0.54295176
1,1,0.7002371
0,1,0.65453327
0,0,0.46488222
0,0,0.2206168
1,1,0.65767276
0,0,0.26360822
0,1,0.5416619
1,1,0.7133555
0,1,0.50837064
1,1,0.7084115
0,0,0.23621048
0,0,0.26360822
0,0,0.39719817
0,1,0.68029684
0,0,0.4016403
0,0,0.26005182
0,1,0.62475127
0,0,0.4803318
0,1,0.68124187
0,0,0.2206168
0,0,0.30382797
1,1,0.5733969
0,0,0.4873514
0,0,0.48471272
0,1,0.6131266
0,0,0.2372125
0,0,0.48146108
0,0,0.4016403
0,0,0.397974
0,0,0.27378887
0,0,0.2723408
0,0,0.36567962
0,0,0.26005182
0,1,0.7043276
1,0,0.48559853
0,0,0.29739892
0,0,0.2372125
0,1,0.60824203
0,0,0.27323365
0,0,0.35805213
0,1,0.5821304
0,0,0.38994104
0,0,0.32328716
1,1,0.64434683
0,0,0.4570989
0,0,0.30094722
0,1,0.67114836
0,1,0.55353844
1,1,0.69903237
0,0,0.26129892
0,1,0.6165305
0,0,0.23504499
0,1,0.61206126
0,0,0.26360822
0,1,0.69159365
0,0,0.23621048
1,1,0.73227453
0,1,0.630313
0,1,0.5996641
0,1,0.6450879
0,1,0.56707823
0,0,0.42271456
0,0,0.4603705
0,0,0.23161106
0,0,0.23521146
0,0,0.23621048
0,0,0.27378887
1,1,0.7043276
0,1,0.7043276
0,1,0.54735017
0,0,0.49244288
0,1,0.5563086
0,1,0.6350904
0,0,0.2211909
0,0,0.23504499
0,0,0.27378887
0,1,0.6275297
0,1,0.6118124
0,1,0.56306547
0,0,0.4295969
0,0,0.45193243
0,1,0.6878104
0,1,0.60824203
0,0,0.23836958
0,0,0.23521146
0,0,0.2372125
0,0,0.27142328
0,0,0.24393867
0,0,0.2708711
0,1,0.68962985
0,1,0.5575909
0,1,0.6236798
0,0,0.30106515
0,1,0.6329904
0,1,0.55377674
0,0,0.24174513
0,0,0.3077183
0,1,0.6201668
0,0,0.3238185
0,0,0.2211909
0,0,0.46193025
0,1,0.60824203
0,0,0.23836958
0,0,0.28072372
0,1,0.60173947
0,0,0.23504499
0,0,0.23161106
0,0,0.45490482
1,0,0.26005182
0,0,0.4016403
0,0,0.23557921
0,0,0.23621048
0,0,0.2684677
0,0,0.44846308
0,0,0.44135192
1,1,0.5563086
0,1,0.6534637
0,0,0.34562013
0,1,0.60173947
0,0,0.22184004
0,0,0.28666165
0,1,0.6228695
0,1,0.52257234
0,0,0.2372125
0,0,0.39719817
0,0,0.23521146
0,0,0.26005182
0,1,0.6214738
0,0,0.23621048
0,0,0.32166195
0,0,0.23621048
0,0,0.26005182
0,0,0.38994104
0,0,0.26341245
1,1,0.6542073
1,1,0.5196539
0,0,0.2211909
0,0,0.4603705
0,0,0.23504499
1,1,0.6878104
0,0,0.26129892
0,1,0.53372794
0,0,0.3474328
0,0,0.23504499
0,0,0.23504499
0,1,0.68813837
0,0,0.27142328
0,0,0.46193025
0,0,0.2719907
0,0,0.3439234
0,1,0.6547449
0,1,0.627041
0,0,0.2728197
0,0,0.4072681
0,0,0.22184004
0,1,0.5126123
0,0,0.440115
0,0,0.45193243
0,0,0.4313277
0,0,0.2206168
0,0,0.23504499
1,1,0.6868942
0,0,0.49412808
0,0,0.23621048
0,1,0.64510244
0,0,0.2723408
0,1,0.55708474
0,0,0.28666165
0,0,0.23504499
0,0,0.2206168
0,1,0.6865147
0,0,0.41638976
0,0,0.33916587
0,1,0.6131049
0,1,0.6993671
0,1,0.7442889
0,1,0.5196539
0,1,0.6131266
0,0,0.4478036
0,0,0.38681066
1,1,0.6412498
0,0,0.26608056
0,0,0.23621048
0,0,0.45536152
0,0,0.2211909
0,0,0.359326
0,0,0.28072372
0,0,0.4016403
0,1,0.5203304
0,0,0.223797
1,1,0.7263572
0,0,0.3444434
1,0,0.40095434
0,1,0.5899694
0,0,0.26341245
0,0,0.27378887
0,0,0.4873514
0,0,0.48562813
0,0,0.27061793
0,1,0.6686751
0,0,0.31665692
0,0,0.2206168
0,0,0.4873514
0,1,0.6258156
0,0,0.2206168
0,0,0.23504499
0,0,0.26360822
0,1,0.61803776
0,0,0.2372125
1,0,0.491042
0,0,0.23621048
0,1,0.6165305
0,0,0.29294744
0,1,0.6331213
0,1,0.6581828
1,0,0.4580906
0,0,0.27824643
0,1,0.65880895
0,0,0.2372125
0,0,0.23811764
0,1,0.6165305
0,0,0.45361874
0,0,0.23811764
0,0,0.23961142
0,0,0.4313277
1,0,0.44021747
0,1,0.5614205
1,1,0.60584635
0,0,0.31543082
0,0,0.2206168
0,0,0.2211909
0,0,0.46070808
0,0,0.23521146
0,0,0.24393867
0,1,0.6446642
0,1,0.59746224
1,1,0.67508155
0,0,0.34968024
0,0,0.23860244
0,0,0.27642366
0,1,0.61206126
0,0,0.2211909
0,1,0.5196539
0,1,0.6412498
0,0,0.2211909
0,1,0.5554745
0,0,0.235812
0,0,0.2211909
0,0,0.30579215
0,0,0.23853765
0,0,0.26129892
0,0,0.23836958
0,1,0.6412498
0,1,0.65674675
0,1,0.6503422
0,0,0.3439234
1,1,0.6601116
0,1,0.59746224
0,0,0.2206168
0,1,0.5668785
0,0,0.2211909
0,1,0.5563086
0,1,0.5706741
0,0,0.32186392
0,0,0.2372125
0,0,0.46814427
0,0,0.42150912
0,0,0.4246667
0,0,0.2668859
0,1,0.60824203
0,0,0.4570989
0,0,0.4603705
0,1,0.5203304
0,0,0.49542493
0,0,0.33901832
0,0,0.43111968
0,0,0.39100385
0,1,0.54735017
0,1,0.5308552
0,0,0.23504499
0,0,0.24761435
0,0,0.32101703
0,0,0.2684677
1,0,0.2211909
0,1,0.57547176
0,1,0.6419757
0,0,0.348706
0,0,0.43992704
0,0,0.2723408
0,0,0.27142328
0,0,0.23504499
0,0,0.23521146
1,1,0.70528567
0,1,0.5588213
0,0,0.43542442
1,1,0.5563086
0,0,0.23504499
0,1,0.5196539
0,1,0.5863804
0,1,0.5203304
0,0,0.27378887
0,0,0.39979115
0,0,0.23811764
0,0,0.23836958
0,1,0.6897806
0,0,0.26608056
0,0,0.39870122
0,0,0.2206168
0,0,0.2686686
0,0,0.24291728
0,1,0.61206126
1,1,0.7002371
0,0,0.2413884
0,0,0.38681066
0,0,0.491042
0,0,0.23621048
0,0,0.2583046
1,0,0.4923357
0,0,0.23885852
0,0,0.23521146
0,1,0.5808233
0,0,0.3162634
0,0,0.2211909
1,1,0.6349663
0,0,0.26785657
0,1,0.70528567
1,1,0.5668785
0,1,0.6201668
0,0,0.27772453
0,1,0.52099586
0,0,0.33250752
0,1,0.6165305
0,0,0.440115
1,1,0.6546399
0,0,0.29960278
0,1,0.7043276
0,0,0.31341338
0,0,0.3949596
0,1,0.52257234
0,0,0.2211909
0,0,0.2211909
0,0,0.23504499
0,0,0.235812
0,0,0.39744675
0,1,0.65166867
0,1,0.566312
0,0,0.2211909
0,0,0.36645833
0,1,0.62654185
1,1,0.52845937
0,0,0.4478036
0,0,0.29791218
0,0,0.24174513
0,0,0.32958165
0,0,0.23504499
0,1,0.60824203
0,0,0.2723408
0,0,0.47351414
0,0,0.45947132
0,0,0.34737906
0,0,0.4313277
0,0,0.235812
0,0,0.23621048
0,0,0.23811764
0,0,0.26005182
0,0,0.42496696
0,0,0.42636243
0,0,0.23836958
0,0,0.31543082
1,1,0.61206126
0,1,0.52603906
1,1,0.6431571
0,1,0.6601116
0,0,0.3941569
0,0,0.26826963
0,0,0.4638829
0,1,0.6470539
1,1,0.60824203
0,0,0.23836958
0,0,0.42024463
0,0,0.23621048
0,0,0.3155618
0,1,0.5831561
1,1,0.65839326
0,0,0.2211909
0,1,0.5506096
0,0,0.4313277
1,1,0.598287
0,1,0.6542073
0,0,0.23836958
0,0,0.23621048
0,0,0.3338157
0,0,0.23811764
0,0,0.4313277
0,1,0.6350904
1,1,0.74395055
0,0,0.37453324
0,0,0.27378887
0,0,0.3077183
0,1,0.5446477
0,0,0.32635397
0,1,0.68962985
0,1,0.6581828
0,0,0.2211909
0,1,0.62381846
1,1,0.5794654
0,0,0.2206168
0,0,0.39079586
0,0,0.26129892
0,0,0.26129892
0,0,0.3181441
0,1,0.52257234
0,0,0.27824643
0,0,0.28304577
1,1,0.6313015
0,1,0.5343994
0,0,0.2838292
0,1,0.6827905
0,0,0.27142328
1,1,0.7442889
0,0,0.26129892
0,0,0.38093558
0,0,0.2206168
0,0,0.2211909
0,0,0.2723408
0,0,0.39511928
0,0,0.4043124
0,1,0.58974797
0,0,0.23521146
0,0,0.26360822
0,0,0.44846308
0,1,0.5575909
0,0,0.2206168
1,1,0.684086
0,0,0.37868592
0,1,0.6440365
0,0,0.3920316
0,0,0.23836958
0,0,0.47669923
0,0,0.40887025
0,0,0.24393867
0,1,0.59666485
0,1,0.50803685
0,0,0.26341245
0,0,0.26005182
0,0,0.4016403
0,0,0.4313277
0,1,0.52099586
0,0,0.26129892
0,0,0.2717317
1,1,0.73227453
0,0,0.23621048
0,0,0.4275805
1,1,0.60824203
0,0,0.24291728
0,1,0.67506254
0,1,0.5646697
0,0,0.4016403
0,1,0.52316254
0,1,0.56707823
0,0,0.26360822
0,0,0.23836958
1,1,0.59746224
0,1,0.5032897
0,1,0.7416216
0,0,0.3439234
0,0,0.2206168
0,0,0.3474328
0,0,0.2372125
0,1,0.6897806
0,0,0.23504499
0,0,0.44216418
0,0,0.33621097
0,0,0.23836958
0,0,0.23621048
0,0,0.24393867
0,1,0.5963038
0,1,0.62654185
1,1,0.7024099
0,0,0.30444854
0,0,0.2206168
0,0,0.42943996
0,0,0.23621048
0,0,0.26005182
0,0,0.26341245
0,1,0.65863186
0,0,0.4603705
0,1,0.572746
0,0,0.2723408
0,1,0.5665994
1,1,0.66207594
0,1,0.59746224
0,0,0.37868592
0,1,0.5996641
0,0,0.4729358
0,0,0.26608056
0,1,0.6601116
0,0,0.27378887
0,0,0.34402648
0,0,0.3181441
0,1,0.671852
0,0,0.43111968
0,0,0.23621048
0,0,0.23621048
0,1,0.54565114
1,1,0.53372794
0,0,0.26608056
0,1,0.6131266
0,0,0.35440543
0,0,0.26360822
0,1,0.5203304
0,0,0.43789873
0,0,0.4016403
1,1,0.64510244
0,1,0.5276909
0,1,0.50090545
1,1,0.56635636
0,1,0.5821304
0,0,0.39079586
0,1,0.5196539
0,0,0.23521146
0,0,0.43534532
0,1,0.5432002
0,0,0.3467693
0,0,0.26341245
0,0,0.43283316
0,0,0.35091594
0,1,0.6412498
0,0,0.43111968
0,0,0.31341338
0,1,0.67059606
1,1,0.64642936
1,1,0.671852
0,0,0.2211909
0,0,0.359326
0,1,0.5536061
0,0,0.2723408
1,1,0.7043276
0,0,0.23836958
0,0,0.46193025
0,0,0.28304577
0,1,0.50609773
0,1,0.50797313
0,0,0.26598394
0,1,0.60214853
0,0,0.2206168
0,1,0.5665994
0,0,0.3187051
0,1,0.60824203
0,1,0.65767276
0,0,0.39313588
0,1,0.70528567
0,0,0.46212173
0,0,0.39756256
0,1,0.6960211
0,1,0.50285596
0,1,0.66628313
1,1,0.7133555
0,0,0.30238253
1,1,0.64344007
0,0,0.36567962
0,1,0.6412498
1,1,0.7442889
0,0,0.3498573
0,1,0.5203304
0,0,0.2211909
0,0,0.27378887
0,1,0.65767276
0,0,0.46212173
0,0,0.23521146
0,1,0.5524552
0,0,0.23621048
0,0,0.42636243
0,0,0.23504499
0,0,0.2570933
0,0,0.4478036
0,0,0.2723408
0,1,0.69160235
0,1,0.67508155
0,1,0.6412498
0,1,0.5831561
0,0,0.24761435
0,1,0.5612895
0,0,0.2211909
0,0,0.397974
0,0,0.26360822
0,0,0.4469627
0,0,0.2668859
1,1,0.6483814
0,0,0.24291728
0,0,0.4478036
0,0,0.23521146
0,0,0.27378887
0,0,0.46863136
1,1,0.6142288
0,0,0.24291728
0,0,0.2211909
0,0,0.4313277
0,0,0.39295533
1,1,0.57547176
0,1,0.5831561
0,0,0.26005182
0,1,0.68124145
0,0,0.2211909
0,0,0.2211909
0,0,0.4313277
0,0,0.2206168
0,0,0.26005182
0,1,0.61158454
0,1,0.59746224
0,1,0.5752366
0,0,0.4574082
0,0,0.23621048
0,1,0.6490173
1,1,0.68906265
0,0,0.27378887
0,0,0.2719907
0,0,0.2206168
0,0,0.23504499
0,1,0.5554745
0,1,0.5506096
0,1,0.5203304
0,1,0.5808233
0,1,0.58163583
0,0,0.2372125
0,1,0.5371256
0,0,0.2211909
0,1,0.6258156
1,1,0.7043276
0,0,0.26129892
0,0,0.27078217
0,1,0.6165305
0,0,0.2206168
0,0,0.23621048
0,0,0.33250752
1,1,0.7056549
0,0,0.235812
0,1,0.5752366
0,1,0.65880895
0,0,0.3467693
0,0,0.23621048
0,1,0.6582872
0,1,0.65880895
0,0,0.2211909
0,0,0.31380492
0,0,0.2211909
0,1,0.69159365
0,0,0.2206168
0,0,0.4313277
0,0,0.23504499
0,1,0.51870203
0,0,0.24291728
0,0,0.23836958
0,0,0.2206168
0,0,0.38994104
0,0,0.4433731
0,1,0.6412498
0,0,0.42150912
1,0,0.31214455
0,0,0.2740439
0,1,0.6709113
0,0,0.24291728
0,1,0.50837064
0,0,0.4016403
0,1,0.6444873
0,0,0.2211909
0,0,0.26608056
0,0,0.29368898
0,0,0.34191427
0,0,0.31341338
0,0,0.45630053
0,1,0.5425915
0,0,0.29912058
0,1,0.6350904
0,0,0.23811764
1,1,0.6431571
0,0,0.384426
0,0,0.24761435
0,1,0.65997416
0,1,0.6582872
0,0,0.23811764
0,0,0.27327606
0,1,0.5590218
0,0,0.43662223
0,0,0.45193243
0,0,0.27378887
0,1,0.52526784
0,0,0.24291728
0,1,0.6621707
0,0,0.3876634
0,0,0.3569067
0,0,0.30579215
0,1,0.6412498
0,0,0.4873514
0,1,0.5154921
0,0,0.348706
0,0,0.23621048
0,0,0.31341338
0,0,0.23621048
0,0,0.23521146
0,0,0.27142328
0,0,0.3077183
0,0,0.24077652
0,0,0.39719817
0,0,0.27327606
0,0,0.46814314
0,0,0.24291728
0,0,0.23521146
0,1,0.54868305
0,0,0.3827871
0,0,0.23836958
0,1,0.7043276
0,0,0.2206168
0,0,0.43789873
0,0,0.42271456
0,1,0.5590218
0,1,0.5831561
0,0,0.386757
1,1,0.73262274
1,1,0.6676624
0,0,0.24393867
0,1,0.5665994
0,0,0.2372125
0,0,0.23621048
0,0,0.2211909
0,0,0.2211909
0,0,0.3140411
0,0,0.2211909
0,0,0.2686686
0,0,0.4603705
0,1,0.5821304
0,0,0.4478036
0,1,0.5821304
0,0,0.3230557
0,1,0.6983043
0,0,0.49244288
0,1,0.52099586
0,1,0.6621707
0,0,0.23621048
0,0,0.26005182
0,0,0.23504499
0,0,0.2211909
0,0,0.2211909
0,0,0.27378887
0,1,0.70528567
0,0,0.23621048
0,1,0.6835941
0,1,0.7243688
0,1,0.66628313
0,0,0.23521146
0,0,0.47306815
0,0,0.34562013
0,1,0.5575909
0,1,0.7043276
0,1,0.57383156
0,0,0.2211909
0,1,0.5821304
0,0,0.2206168
0,1,0.659186
0,0,0.24438441
0,1,0.5563086
0,0,0.42306778
0,0,0.2211909
0,0,0.2206168
0,1,0.52771544
0,1,0.6078815
0,0,0.46597746
0,0,0.26360822
0,0,0.23504499
0,0,0.223797
0,0,0.27378887
0,0,0.43662223
0,0,0.29196474
0,0,0.3181441
0,0,0.23521146
1,1,0.69927305
1,1,0.50803685
0,0,0.23621048
0,1,0.55623555
0,0,0.23961142
0,0,0.29590216
0,0,0.30444854
0,1,0.5580923
0,0,0.36567962
0,0,0.23621048
0,1,0.71472555
1,0,0.42150912
0,1,0.5996641
0,1,0.6412498
0,0,0.235812
0,0,0.2740439
0,0,0.44158098
0,0,0.2211909
0,0,0.4478036
0,1,0.5580923
0,1,0.5588213
0,0,0.23504499
0,1,0.52257234
1,1,0.62213176
0,0,0.2372125
0,0,0.24761435
0,0,0.3839104
0,0,0.3439234
1,1,0.6547449
1,0,0.47254482
0,0,0.3181441
0,0,0.2723408
0,1,0.6601116
0,0,0.2206168
0,1,0.690045
0,0,0.3181441
0,0,0.40643474
0,0,0.2206168
0,0,0.4574082
0,1,0.639913
1,1,0.5575909
0,0,0.4603705
0,1,0.66207594
0,0,0.30054048
0,0,0.42251202
1,1,0.73078215
0,1,0.5432002
1,1,0.6615012
0,0,0.23836958
0,1,0.5571086
0,1,0.5577302
0,1,0.5506096
0,0,0.4603705
0,0,0.24393867
0,1,0.52058864
0,1,0.6731467
1,1,0.74395055
0,0,0.2206168
0,0,0.3439234
1,1,0.6608895
0,1,0.5425915
0,0,0.26537368
0,0,0.27378887
0,1,0.7024099
0,0,0.2211909
0,0,0.2211909
0,0,0.42150912
0,1,0.6621707
0,1,0.68962985
0,0,0.4873514
0,1,0.60824203
1,1,0.6835941
0,0,0.235812
0,0,0.4638829
0,0,0.358155
0,1,0.55377674
0,0,0.23860244
0,0,0.29021835
1,1,0.64871603
0,1,0.6247179
0,0,0.24291728
0,0,0.30431446
0,1,0.5595025
0,0,0.26360822
0,1,0.5093782
0,0,0.24291728
0,1,0.5878514
0,0,0.2206168
0,1,0.6983043
0,0,0.23621048
0,1,0.6331213
0,0,0.26341245
0,0,0.2211909
0,0,0.29915285
0,0,0.43662223
0,0,0.2684677
0,0,0.45193243
0,1,0.65997416
0,0,0.45046487
0,0,0.38681066
0,1,0.5831561
0,0,0.2740439
0,0,0.34968024
0,1,0.68124187
0,0,0.23504499
0,0,0.45361874
0,0,0.23504499
0,0,0.42496696
0,0,0.2684677
0,0,0.23836958
0,0,0.2206168
0,1,0.60824203
0,1,0.68962985
0,0,0.23621048
0,0,0.23504499
0,1,0.6601116
1,1,0.5851367
0,0,0.44135192
0,1,0.56196225
0,0,0.27142328
0,1,0.5196539
1,1,0.60824203
0,1,0.5506096
0,0,0.24291728
0,0,0.23621048
0,0,0.29196474
1,0,0.2723408
0,1,0.68013126
1,1,0.69159365
0,1,0.66628313
0,0,0.3132453
0,1,0.5863804
0,0,0.4313277
0,0,0.2723408
0,1,0.56707823
0,0,0.2211909
0,1,0.6721466
0,0,0.2206168
0,0,0.4016403
0,0,0.23504499
0,0,0.26005182
0,0,0.26360822
0,0,0.2206168
0,1,0.59746224
0,0,0.3077183
0,0,0.2211909
0,0,0.2585913
0,0,0.23521146
0,0,0.23504499
0,1,0.7024099
0,0,0.2211909
0,1,0.59746224
0,0,0.2723408
0,1,0.73731077
0,0,0.26005182
0,1,0.59746224
0,0,0.33286235
0,0,0.2211909
0,0,0.23836958
0,0,0.2211909
0,0,0.27142328
0,0,0.2723408
0,0,0.26129892
0,0,0.35440543
0,0,0.2686686
0,1,0.64852726
0,0,0.38994104
0,0,0.23836958
0,0,0.3353949
0,1,0.7002371
0,0,0.46023837
0,1,0.55730003
0,1,0.6165305
0,0,0.23621048
0,0,0.23621048
0,0,0.31448945
0,1,0.68721884
0,0,0.26341245
0,1,0.5563086
0,0,0.25411823
0,0,0.29021835
1,0,0.4922611
0,0,0.2206168
0,0,0.47455284
0,0,0.40643474
0,0,0.2451962
0,0,0.48410013
0,1,0.60824203
0,0,0.2206168
0,1,0.5940587
1,0,0.2723408
0,0,0.26608056
0,0,0.2723408
0,1,0.66628313
0,1,0.63593537
0,0,0.23521146
0,0,0.39079586
0,0,0.26005182
0,0,0.26005182
0,1,0.5196539
0,0,0.4313277
0,0,0.29021835
0,1,0.5580923
0,1,0.5942519
1,1,0.7200272
0,1,0.6078815
0,0,0.24393867
1,1,0.6412498
0,1,0.62353426
0,1,0.6983043
0,0,0.4016403
0,0,0.2206168
0,1,0.61092985
0,0,0.4016403
0,0,0.2947264
0,0,0.42636243
0,0,0.2372125
0,0,0.2211909
0,1,0.6452088
0,0,0.39756256
0,0,0.47669923
0,1,0.5060909
0,0,0.23836958
1,0,0.46193025
0,0,0.48559853
0,0,0.2459751
0,1,0.55304474
0,1,0.56707823
0,0,0.4016403
0,0,0.39529222
1,1,0.6621707
0,1,0.60824203
0,0,0.2211909
0,0,0.33286235
0,0,0.29148972
0,1,0.6201668
0,0,0.2211909
1,1,0.5673198
0,0,0.45886543
0,0,0.46818787
0,0,0.2206168
0,0,0.23504499
0,1,0.62475127
0,0,0.23504499
0,0,0.23836958
0,0,0.46212173
0,1,0.671852
0,0,0.23621048
0,0,0.36201927
0,1,0.6823066
0,0,0.45361874
0,0,0.24761435
0,0,0.49542493
0,0,0.3444434
0,0,0.2206168
0,0,0.23621048
0,0,0.4603705
0,0,0.27824643
0,1,0.675997
0,1,0.5126123
0,1,0.68124145
0,1,0.51265603
0,0,0.23961142
0,0,0.23621048
0,0,0.2211909
0,0,0.2413884
0,1,0.59746224
0,0,0.30775884
0,1,0.6412498
0,0,0.28666165
0,1,0.6286689
0,1,0.627041
0,1,0.6350904
0,0,0.23504499
0,1,0.62859905
0,0,0.3444434
0,0,0.26129892
0,0,0.23504499
0,1,0.54565114
0,0,0.235812
0,0,0.355525
1,1,0.51265603
0,0,0.30444854
0,0,0.2211909
0,0,0.23621048
0,0,0.34737906
0,0,0.42306778
0,0,0.2206168
1,1,0.6547449
0,0,0.23836958
0,0,0.44846308
0,0,0.23621048
1,1,0.6601116
0,0,0.23504499
0,0,0.45947132
0,1,0.7043276
1,1,0.59866834
0,1,0.7043276
0,0,0.23228168
0,0,0.26129892
1,1,0.5159359
0,0,0.436795
0,1,0.5808233
0,1,0.70528567
0,0,0.2206168
0,1,0.55207974
0,0,0.42024463
0,0,0.26360822
0,1,0.504056
0,0,0.4016403
0,0,0.39388624
0,1,0.5308552
0,1,0.65863186
0,1,0.51870203
0,0,0.48410013
0,1,0.5646697
0,0,0.235812
0,0,0.26129892
0,0,0.23521146
0,0,0.33621097
0,1,0.61158454
0,0,0.2723408
0,1,0.62213176
0,0,0.46193025
0,1,0.5590218
0,0,0.23836958
1,0,0.4189261
0,0,0.2206168
0,0,0.23504499
0,0,0.2372125
0,1,0.50966716
1,1,0.6412498
0,0,0.39079586
0,0,0.38994104
0,1,0.52603906
0,0,0.23504499
0,0,0.47494233
0,0,0.34105492
0,1,0.56707823
1,1,0.6150785
0,0,0.3224609
0,1,0.66207594
0,1,0.7043276
0,0,0.27378887
1,1,0.62695754
0,1,0.71299195
1,1,0.64434683
1,1,0.6877569
0,1,0.675997
0,1,0.6621707
0,0,0.49766055
0,0,0.34424534
0,0,0.4893572
0,1,0.52099586
0,0,0.4603705
0,0,0.44304234
0,0,0.34058243
0,0,0.4246667
0,1,0.59746224
0,0,0.34737906
0,0,0.49975622
0,0,0.24761435
0,0,0.23621048
0,1,0.67508155
0,0,0.3957197
0,0,0.23621048
0,0,0.23982964
0,0,0.23961142
0,0,0.45612422
0,0,0.40643474
0,1,0.6198452
0,0,0.2211909
0,1,0.675997
0,0,0.30106515
0,0,0.3604211
0,0,0.2206168
0,0,0.27078217
0,0,0.26360822
0,0,0.23504499
0,0,0.27378887
0,0,0.27824643
0,0,0.2947264
0,0,0.23860244
0,0,0.26005182
0,0,0.23521146
0,1,0.52058864
0,0,0.23811764
0,0,0.4644047
0,0,0.46488222
0,0,0.359326
0,0,0.47186434
0,0,0.24535537
0,1,0.6854269
1,1,0.70528567
0,0,0.3188732
0,0,0.26129892
0,0,0.4603705
0,0,0.24393867
0,1,0.7043276
0,0,0.27642366
0,0,0.4603705
0,0,0.26129892
0,0,0.2206168
0,1,0.7043276
0,0,0.23811764
0,0,0.3467693
0,0,0.24761435
0,0,0.235812
0,0,0.23621048
0,0,0.26438296
0,0,0.2206168
0,0,0.26129892
1,0,0.42086285
0,0,0.2206168
0,0,0.2206168
0,0,0.4603705
0,1,0.5665994
0,1,0.66207594
0,1,0.5331105
0,1,0.5595025
1,1,0.598287
0,1,0.66527236
1,1,0.71299195
0,0,0.26608056
0,0,0.26608056
0,0,0.273332
0,0,0.2728197
0,0,0.27061793
0,0,0.3569067
1,1,0.56707823
0,1,0.6878104
0,1,0.5019855
0,0,0.2372125
0,0,0.29739892
0,0,0.2206168
0,0,0.4154062
0,0,0.46193025
0,1,0.5940587
0,1,0.6621707
0,0,0.386757
0,0,0.27496693
0,1,0.61545604
0,0,0.2372125
0,1,0.7043276
0,1,0.5588213
1,1,0.74395055
1,1,0.7260039
0,1,0.5203304
0,0,0.2372125
0,1,0.60824203
0,0,0.39079586
0,0,0.23504499
0,1,0.69927305
0,0,0.24761435
0,0,0.29294744
0,0,0.49244288
0,0,0.2206168
0,0,0.42086285
0,1,0.5821304
0,0,0.38681066
0,0,0.355525
0,0,0.2211909
0,1,0.6165879
0,1,0.5286395
0,0,0.23811764
0,0,0.3181441
0,0,0.35109475
0,0,0.23504499
0,0,0.2206168
1,1,0.5203304
0,0,0.23504499
0,0,0.3444434
0,0,0.32958165
0,0,0.2459751
0,0,0.26005182
0,0,0.2211909
0,0,0.3980137
0,0,0.2206168
0,0,0.23860244
0,0,0.4016403
0,0,0.2206168
0,0,0.27142328
0,0,0.26005182
0,0,0.39266613
0,0,0.31448945
0,0,0.26005182
0,0,0.2668347
0,1,0.6142875
0,0,0.26608056
0,0,0.26129892
1,1,0.6983043
0,0,0.38681066
0,1,0.6483566
1,1,0.6078815
1,1,0.63593537
0,0,0.30444854
0,0,0.29960278
0,0,0.3161204
0,1,0.54295176
0,0,0.2372125
0,0,0.27395865
0,0,0.2211909
0,0,0.23521146
0,0,0.23836958
0,0,0.26005182
0,0,0.34065732
0,0,0.33217338
0,0,0.45917296
0,1,0.5563086
1,1,0.66968066
0,0,0.23504499
0,0,0.23836958
0,1,0.60824203
0,0,0.40288636
0,1,0.54295176
0,1,0.7133555
1,1,0.6914888
0,0,0.23621048
0,1,0.66509986
0,0,0.2372125
0,0,0.3827871
0,0,0.2723408
0,0,0.2211909
0,1,0.64642936
0,0,0.37361184
0,1,0.6286689
0,0,0.2723408
0,0,0.2206168
1,1,0.64642936
0,0,0.26005182
0,0,0.45490482
0,1,0.6039369
1,0,0.40065858
0,0,0.4574082
0,0,0.2206168
0,0,0.4603705
0,0,0.2206168
0,0,0.23521146
0,0,0.26005182
0,0,0.30238253
0,0,0.23811764
1,1,0.6761984
0,1,0.5808233
0,0,0.2459751
0,1,0.5425915
0,1,0.68871653
0,0,0.23621048
0,0,0.2535653
0,1,0.6424151
0,0,0.3181441
0,0,0.2206168
0,1,0.5904296
0,0,0.26360822
0,0,0.4603705
0,0,0.23228168
0,0,0.38994104
0,0,0.2723408
1,1,0.68928236
0,1,0.6548247
0,1,0.5972569
0,0,0.4016403
0,0,0.4873514
0,0,0.23860244
1,0,0.49975622
0,0,0.31321824
0,0,0.35992587
0,0,0.27971607
0,0,0.45886543
0,1,0.7056549
0,0,0.235812
0,1,0.66628313
0,0,0.23504499
0,1,0.6331213
0,0,0.32186392
0,0,0.40065858
0,0,0.348706
0,0,0.31448945
0,1,0.5219984
0,0,0.29960278
0,0,0.2206168
0,0,0.23504499
0,0,0.39873463
0,0,0.31765872
0,0,0.4313277
0,0,0.26360822
0,0,0.23504499
0,0,0.2211909
1,0,0.39321008
0,1,0.621388
0,0,0.47727808
1,1,0.68962985
0,0,0.45630053
0,0,0.42943996
0,1,0.6286689
0,1,0.5203304
0,1,0.58974797
0,0,0.23161106
0,0,0.4391155
0,1,0.6412498
0,0,0.2206168
0,0,0.27378887
0,0,0.2668859
1,1,0.572746
0,0,0.36201927
0,0,0.39719817
1,1,0.73227453
0,0,0.23961142
0,1,0.61545604
0,0,0.2206168
0,0,0.2459751
1,0,0.4089401
0,1,0.7263572
0,1,0.50837064
0,1,0.6886225
0,0,0.25411823
0,0,0.43662223
0,1,0.6452088
0,1,0.5308552
1,1,0.6993671
0,0,0.2206168
0,0,0.4873514
0,0,0.23811764
0,0,0.4873514
0,1,0.7442889
0,1,0.5371256
0,1,0.7043276
0,1,0.6412498
0,0,0.23621048
0,0,0.46193025
0,0,0.23811764
0,1,0.5019417
0,1,0.6201668
0,0,0.2206168
0,0,0.24393867
0,0,0.24393867
1,1,0.7043276
0,0,0.23504499
0,1,0.5580923
0,0,0.23621048
0,0,0.2372125
0,1,0.61206126
0,1,0.67828214
0,1,0.69426465
0,0,0.36567962
1,1,0.69160235
0,1,0.64734566
0,0,0.46070808
0,1,0.5668785
0,0,0.23961142
0,1,0.74395055
0,0,0.4016403
0,0,0.29774272
0,1,0.56871134
1,1,0.63127744
0,0,0.3077183
1,1,0.52099586
0,0,0.2372125
0,0,0.23982964
0,0,0.2728197
0,1,0.65038216
0,0,0.23621048
0,1,0.66628313
0,0,0.3949596
0,0,0.34668177
0,0,0.38681066
0,0,0.2206168
0,0,0.31448945
0,1,0.56707823
0,0,0.47494233
0,0,0.3161204
0,0,0.2211909
0,1,0.7043276
0,1,0.6547449
0,0,0.273332
0,0,0.4882871
0,0,0.24393867
0,1,0.5588213
0,0,0.3162634
0,0,0.27107036
0,0,0.29915285
0,0,0.32958165
0,0,0.39756256
0,0,0.34737906
0,0,0.23504499
0,0,0.23228168
1,0,0.23504499
0,1,0.59746224
0,0,0.25849786
0,0,0.26005182
0,0,0.2372125
0,0,0.2211909
0,1,0.6373555
0,0,0.23504499
0,0,0.2211909
1,1,0.5580923
0,0,0.24291728
0,1,0.6007653
0,0,0.2206168
0,1,0.7043276
0,0,0.27378887
1,1,0.6621707
0,0,0.2206168
0,0,0.26005182
0,0,0.23521146
0,0,0.26005182
0,0,0.23504499
0,0,0.23621048
0,0,0.23521146
0,0,0.4598707
0,0,0.2372125
0,1,0.5831561
0,0,0.2593281
0,1,0.5203304
0,0,0.34668177
0,1,0.5919432
0,1,0.60907304
1,1,0.60824203
0,0,0.4729358
1,1,0.73785913
0,1,0.6412498
0,0,0.3295726
0,0,0.23811764
0,1,0.6874052
0,1,0.59707373
1,0,0.4638829
0,1,0.70528567
0,0,0.3049356
1,0,0.3019112
0,0,0.4603705
0,0,0.2211909
0,1,0.6331213
0,0,0.23621048
0,0,0.22503278
0,0,0.26129892
0,0,0.27824643
1,1,0.67508155
1,1,0.6993671
1,1,0.5019855
0,1,0.60584635
0,0,0.31665692
0,0,0.3014723
1,1,0.67433745
0,1,0.69159365
0,0,0.38681066
0,0,0.2211909
0,1,0.6412498
0,1,0.6541382
0,1,0.67508155
1,1,0.67828214
0,0,0.29384434
0,0,0.26129892
0,0,0.2206168
0,1,0.7002371
0,0,0.26360822
0,0,0.2206168
0,1,0.62459993
0,1,0.6173131
0,0,0.2372125
0,1,0.6418124
0,1,0.69927305
0,0,0.23621048
0,0,0.4072681
0,1,0.6782706
0,0,0.3920316
0,0,0.3077183
0,1,0.6373555
0,0,0.23621048
0,0,0.4275805
0,0,0.32242343
0,0,0.24291728
0,1,0.50966716
0,0,0.3181441
0,1,0.6769403
0,0,0.2206168
0,0,0.23228168
0,0,0.33916587
0,0,0.3949596
0,0,0.23504499
0,0,0.27096888
0,1,0.5963038
0,0,0.34058243
1,1,0.6621707
0,1,0.5219984
0,0,0.2451962
0,1,0.51870203
0,0,0.26129892
0,1,0.5684556
0,0,0.27378887
0,0,0.38681066
0,0,0.4016403
1,1,0.66207594
0,1,0.7043276
0,0,0.3219801
0,1,0.66527236
0,0,0.27642366
0,1,0.68928236
0,1,0.65880895
0,0,0.2372125
0,1,0.61206126
0,1,0.67406535
0,0,0.4873514
0,0,0.23836958
0,0,0.2206168
0,0,0.29584378
0,1,0.6275297
0,0,0.2206168
0,0,0.26360822
0,0,0.23504499
0,1,0.7002371
0,1,0.5821304
0,1,0.6601116
1,1,0.7442889
0,0,0.3949596
0,0,0.27824643
0,1,0.6559615
0,0,0.4313277
0,0,0.23836958
0,0,0.38681066
0,0,0.23504499
0,1,0.7024099
0,1,0.5196539
0,0,0.3338061
0,1,0.59746224
0,1,0.5190355
0,0,0.3982229
0,0,0.2211909
0,1,0.66207594
0,0,0.35992587
0,0,0.329308
0,0,0.23621048
0,1,0.5580923
0,0,0.2723408
0,0,0.3982229
0,1,0.5196539
0,1,0.5909011
0,0,0.27142328
0,0,0.2206168
0,0,0.31448945
0,0,0.26998308
0,0,0.23161106
0,0,0.23961142
0,0,0.2211909
0,1,0.5794654
0,0,0.23621048
0,1,0.70528567
0,0,0.2211909
0,0,0.3467675
1,1,0.72541595
0,0,0.2206168
0,0,0.23504499
0,0,0.30238253
0,0,0.27378887
0,0,0.23621048
0,0,0.31341338
0,1,0.72170377
0,1,0.6486124
0,1,0.5981854
0,0,0.3514424
0,0,0.27061793
1,0,0.42024463
0,0,0.23504499
0,1,0.6165305
0,0,0.32186392
0,1,0.69447553
0,0,0.30314434
1,1,0.5203304
0,1,0.6331213
0,0,0.2451962
0,1,0.56707823
0,1,0.58279926
0,0,0.23504499
1,0,0.48559853
0,0,0.4016403
0,0,0.46488222
0,1,0.6991555
0,1,0.5706741
1,1,0.72170377
0,1,0.60824203
0,0,0.35440543
0,0,0.2723408
0,1,0.72134674
0,0,0.26341245
0,0,0.27142328
0,1,0.5203304
0,1,0.5940587
0,1,0.5005466
0,1,0.60173947
0,0,0.35440543
0,0,0.47057462
0,0,0.491042
0,1,0.61392444
0,0,0.2809075
0,1,0.5060909
0,1,0.5684556
0,0,0.2206168
1,1,0.7416216
0,1,0.54295176
0,0,0.33286235
0,0,0.23621048
0,1,0.5432002
0,0,0.2211909
0,0,0.46597746
1,1,0.67828214
0,1,0.547268
0,0,0.23836958
0,1,0.51870203
1,1,0.7002371
0,1,0.70528567
0,0,0.4016403
0,1,0.5085482
1,1,0.51870203
1,1,0.66628313
0,1,0.5196539
1,1,0.59608495
0,0,0.23504499
0,0,0.24393867
0,1,0.5580923
0,1,0.6844097
0,1,0.5496086
0,0,0.23521146
1,1,0.7043276
0,0,0.32552716
0,0,0.2206168
0,0,0.29970446
0,0,0.39100385
1,1,0.6884887
0,0,0.43789873
0,0,0.46488222
0,0,0.2206168
0,0,0.4478036
0,0,0.36645833
0,0,0.3953203
0,1,0.5863064
1,1,0.66894716
0,0,0.23836958
0,0,0.23504499
0,0,0.2206168
0,1,0.5203304
0,1,0.55377674
0,1,0.59746224
0,1,0.5203304
0,0,0.2206168
0,1,0.65920967
0,1,0.56707823
0,0,0.23621048
0,1,0.69159365
0,0,0.24683243
0,0,0.2211909
0,1,0.5103335
0,0,0.2694789
0,0,0.26438296
0,0,0.3626246
0,1,0.6831075
0,0,0.2723408
0,0,0.2684677
0,0,0.4882871
0,0,0.26360822
1,1,0.62459993
0,1,0.60824203
0,0,0.4743342
0,0,0.26785657
0,0,0.2372125
0,0,0.45406315
0,1,0.5429779
0,0,0.2206168
0,0,0.44729462
1,1,0.6725575
0,0,0.27096888
0,1,0.60546345
0,0,0.23961142
0,0,0.267287
0,0,0.4313277
0,0,0.49412808
0,1,0.5981854
0,0,0.3801067
1,1,0.74395055
0,1,0.5580923
0,0,0.2372125
0,1,0.5684556
0,0,0.23521146
0,0,0.4729358
0,1,0.58974797
0,0,0.26129892
0,0,0.359326
1,1,0.72170377
0,0,0.4162472
0,0,0.4603705
0,0,0.2211909
0,0,0.2723408
0,0,0.23836958
0,0,0.27590042
0,1,0.5425915
0,1,0.5826619
0,0,0.23504499
0,0,0.26360822
0,0,0.47494233
0,1,0.66527236
0,0,0.23228168
0,0,0.23504499
1,0,0.48599985
0,0,0.23621048
0,1,0.60824203
0,0,0.23436883
0,0,0.3707553
0,0,0.4603705
0,0,0.491042
0,1,0.60173947
0,1,0.5028001
0,0,0.24393867
0,1,0.64642936
0,1,0.6716088
0,0,0.3187051
0,1,0.52603906
0,0,0.23621048
0,0,0.23621048
0,0,0.24291728
0,0,0.3181441
0,0,0.4391155
0,0,0.24291728
0,1,0.67433745
0,1,0.63395905
0,0,0.27378887
0,0,0.2211909
0,1,0.53781223
0,0,0.27378887
0,0,0.23621048
0,0,0.29384434
0,0,0.2211909
1,1,0.6412498
0,0,0.44729462
0,0,0.25411823
0,1,0.7002371
0,0,0.23521146
0,0,0.44846308
0,0,0.23521146
0,0,0.2372125
0,1,0.5684556
0,0,0.27028987
0,1,0.6165305
0,1,0.66628313
0,0,0.3682477
0,1,0.62469995
0,0,0.45886543
0,0,0.30382797
0,1,0.5416619
0,0,0.267287
0,0,0.3181441
1,1,0.5728037
0,0,0.43283316
0,0,0.26360822
0,0,0.41638976
0,0,0.27590778
0,0,0.23621048
0,0,0.24393867
0,0,0.36645833
0,1,0.72170377
0,0,0.4313277
0,0,0.23836958
0,1,0.63109714
0,0,0.48562813
0,1,0.5580923
1,1,0.7002371
1,1,0.61206126
0,0,0.491042
0,0,0.30314434
0,1,0.6150785
0,1,0.5196539
0,1,0.6769403
0,0,0.47335905
0,0,0.26005182
0,0,0.2211909
0,1,0.50966716
0,0,0.2833992
1,1,0.7043276
0,0,0.44135192
0,0,0.23621048
0,0,0.4882871
0,0,0.23860244
0,0,0.2206168
0,0,0.2211909
0,1,0.6559615
0,1,0.63662106
0,1,0.6275297
0,1,0.6421707
0,1,0.54735017
0,0,0.45886543
0,0,0.26005182
0,0,0.26005182
0,1,0.6865147
0,1,0.56707823
0,0,0.44846308
0,0,0.2684677
0,1,0.5732316
0,1,0.52771544
0,0,0.3444434
0,0,0.2723408
0,0,0.2206168
0,0,0.27824643
1,1,0.6379764
0,0,0.24291728
0,0,0.44779003
1,1,0.71618944
0,0,0.4478036
0,0,0.38681066
0,0,0.26608056
0,0,0.23836958
0,0,0.23860244
0,0,0.45869598
0,1,0.66628313
0,0,0.30936372
0,0,0.31893623
0,0,0.46618944
0,1,0.63593537
1,0,0.4391155
0,0,0.2719907
1,1,0.65612847
0,0,0.35851142
0,0,0.23836958
0,1,0.55456895
0,0,0.27378887
0,0,0.23836958
0,1,0.58528286
1,1,0.7043276
0,0,0.2211909
0,1,0.66527236
0,0,0.4729358
0,1,0.54295176
0,0,0.23811764
0,0,0.23228168
1,1,0.7298778
0,1,0.51265603
0,1,0.6393491
0,1,0.6559615
0,0,0.48088187
0,0,0.4313277
0,0,0.23836958
0,1,0.5878514
0,0,0.46488222
0,1,0.53397995
0,0,0.30444854
0,1,0.5897987
0,0,0.31341338
0,0,0.47494233
0,0,0.32129663
0,0,0.23228168
0,0,0.2694789
0,1,0.7309569
0,0,0.2211909
0,0,0.2728197
0,0,0.2638572
0,0,0.3920316
0,0,0.23836958
0,1,0.5343994
0,0,0.23504499
0,0,0.44134215
0,0,0.35109475
0,0,0.23961142
0,0,0.23504499
0,0,0.48862457
0,1,0.66549474
0,0,0.39685658
0,1,0.6983043
0,0,0.36567962
0,0,0.32958165
0,1,0.5580923
0,0,0.2206168
1,1,0.74395055
0,1,0.6025686
0,0,0.23521146
1,1,0.50090545
0,1,0.6897806
1,1,0.7043276
0,0,0.4016403
0,0,0.2211909
0,0,0.31911224
0,1,0.6453848
0,0,0.33621097
0,0,0.43709826
0,1,0.6412498
1,0,0.48559853
0,0,0.34237477
0,0,0.34402648
0,1,0.56707823
0,1,0.5828493
0,1,0.5590218
0,0,0.2211909
0,1,0.51870203
1,1,0.7237223
0,1,0.67508155
0,0,0.46084595
0,1,0.5496086
0,1,0.6854269
0,0,0.45361874
0,1,0.51870203
0,1,0.54295176
0,1,0.6412498
0,1,0.56422377
0,0,0.23621048
0,0,0.23504499
0,0,0.3053457
0,1,0.57079935
0,0,0.39295533
0,1,0.6632746
0,1,0.5425915
0,0,0.34968024
0,1,0.5588213
0,0,0.22503278
0,0,0.23504499
0,0,0.49975622
1,1,0.7165505
0,0,0.23521146
0,0,0.23521146
0,0,0.43789873
0,0,0.26129892
0,1,0.60824203
0,1,0.5203304
0,0,0.35530856
0,0,0.32958165
0,1,0.6897806
0,0,0.23621048
0,0,0.26360822
0,1,0.5234989
0,1,0.5794654
0,1,0.50090545
0,0,0.24761435
0,0,0.26341245
0,1,0.7024099
0,0,0.2684677
0,0,0.23521146
0,0,0.45361874
0,0,0.32101703
0,1,0.56707823
0,0,0.24438441
1,1,0.74395055
0,1,0.6431571
0,0,0.43789873
0,0,0.27824643
1,0,0.46488222
0,0,0.23621048
0,1,0.65572864
0,0,0.39719817
0,1,0.54433185
0,0,0.473762
0,0,0.23621048
0,0,0.27096888
0,0,0.34017387
0,0,0.23504499
0,0,0.22184004
0,1,0.65767276
0,0,0.3431302
0,0,0.27642366
0,0,0.48146108
0,0,0.27378887
0,1,0.7043276
0,0,0.4574082
0,1,0.62459993
0,1,0.54295176
0,0,0.38994104
0,0,0.23504499
0,1,0.65868264
0,0,0.26360822
0,0,0.235812
0,0,0.23621048
0,0,0.4893572
0,1,0.63127744
0,0,0.3104101
1,1,0.74395055
0,0,0.4295969
0,0,0.46193025
0,0,0.23504499
0,0,0.26005182
0,0,0.24535537
0,0,0.2968683
0,0,0.2206168
0,0,0.30579215
0,0,0.2206168
0,0,0.43789873
0,0,0.23621048
0,1,0.64032245
0,0,0.24761435
1,1,0.6914888
0,1,0.6275297
0,1,0.5684556
0,0,0.27142328
0,0,0.3830653
0,0,0.4574082
0,0,0.44134215
0,0,0.2211909
0,1,0.5727968
0,0,0.2211909
0,0,0.23504499
0,1,0.7043276
0,1,0.5996641
0,0,0.4478036
0,0,0.29332286
0,0,0.23504499
0,0,0.491042
0,0,0.44135192
0,0,0.2694789
0,1,0.6275297
0,0,0.29021835
0,0,0.23521146
0,0,0.44729462
0,0,0.2723408
0,0,0.23836958
0,0,0.23504499
1,1,0.56707823
0,1,0.6897806
0,0,0.23836958
0,0,0.4016403
0,0,0.30936372
1,1,0.64434683
0,1,0.63662106
0,0,0.23521146
0,0,0.23860244
0,0,0.2211909
0,0,0.23521146
0,0,0.43111968
0,0,0.26129892
0,0,0.235812
0,0,0.223797
0,1,0.6412498
0,0,0.27395865
0,1,0.54295176
0,0,0.33916587
0,0,0.23504499
0,0,0.23621048
0,0,0.32186392
0,0,0.25637498
0,1,0.55623555
0,0,0.26341245
0,1,0.5996641
1,1,0.66207594
0,0,0.42306778
1,1,0.5595025
0,0,0.437199
0,1,0.5019417
0,0,0.2799087
0,0,0.2206168
0,1,0.6769403
0,1,0.5425915
0,0,0.36645833
0,0,0.4313277
0,1,0.5794654
0,0,0.42876768
0,1,0.6750014
0,0,0.3775241
0,1,0.5219984
0,0,0.24291728
0,1,0.6015742
0,0,0.25637498
0,0,0.24393867
0,1,0.5554745
0,0,0.2206168
1,0,0.34447274
0,0,0.4213687
0,1,0.6621707
0,0,0.34942278
0,1,0.5203304
0,0,0.23853765
0,0,0.4603705
0,0,0.27096888
0,1,0.54295176
0,0,0.45630053
0,0,0.4016403
1,1,0.5940587
0,0,0.3467693
0,1,0.52058864
0,0,0.35109475
0,0,0.4016403
0,1,0.5828493
0,1,0.572746
0,1,0.547268
0,0,0.4603705
0,0,0.44305676
0,0,0.23521146
0,0,0.23504499
0,1,0.60824203
1,1,0.60824203
0,1,0.61545604
0,0,0.23521146
0,1,0.7234639
0,1,0.5344221
0,0,0.4016403
0,0,0.27096888
0,0,0.2211909
1,0,0.4313277
0,1,0.63593537
0,0,0.39756256
0,0,0.32635397
0,0,0.27378887
0,1,0.5684556
0,0,0.42024463
0,0,0.26129892
0,0,0.2372125
0,1,0.61266303
0,0,0.23521146
0,1,0.6165305
0,0,0.2211909
0,0,0.2211909
0,0,0.4469627
0,0,0.32635397
0,0,0.46818787
0,0,0.42150912
1,1,0.6919812
0,1,0.65453327
0,0,0.235812
0,1,0.5432002
0,1,0.54295176
0,1,0.5580923
0,0,0.2723408
0,0,0.2723408
0,0,0.23860244
0,0,0.36383408
0,1,0.5563086
0,0,0.3181441
1,0,0.313482
0,0,0.2372125
0,0,0.23504499
0,0,0.4391155
0,0,0.46488222
0,1,0.72170377
0,0,0.23521146
0,1,0.6165305
0,1,0.596586
0,0,0.43789873
1,1,0.7043276
0,0,0.23504499
0,0,0.23521146
0,1,0.6646508
0,0,0.23504499
0,1,0.5563086
1,1,0.7043276
0,1,0.65335923
0,0,0.3839104
0,0,0.27142328
0,1,0.5665994
0,1,0.61206126
0,0,0.2206168
0,0,0.23621048
0,0,0.23436883
0,0,0.2372125
0,0,0.34668177
0,0,0.23621048
0,0,0.2206168
0,1,0.5808233
0,0,0.27496693
0,0,0.46488222
0,0,0.23504499
0,1,0.6349663
0,0,0.4016403
0,0,0.23621048
0,0,0.32101703
0,1,0.6331213
0,0,0.24393867
0,1,0.6078815
0,0,0.48088187
0,1,0.60824203
0,0,0.31341338
0,0,0.2570933
0,0,0.23504499
0,0,0.33916587
1,1,0.6877569
0,0,0.43131423
0,0,0.3181441
0,0,0.23621048
1,1,0.60260224
0,0,0.23521146
0,0,0.26341245
0,1,0.5665994
0,0,0.26360822
0,1,0.56707823
0,0,0.4478036
1,1,0.66999376
0,0,0.24638364
0,0,0.23521146
0,0,0.2684677
0,0,0.23504499
0,0,0.2372125
0,0,0.23853765
0,0,0.358155
0,0,0.4016403
0,0,0.31341338
0,0,0.23504499
0,1,0.64384377
0,1,0.5203304
0,0,0.4313277
0,1,0.6632746
0,1,0.59746224
1,1,0.70528567
0,0,0.2723408
0,0,0.23621048
0,0,0.30886286
0,1,0.5684556
0,1,0.6286689
0,1,0.55623555
0,0,0.4058387
0,0,0.4683726
0,0,0.45886543
0,0,0.48559853
0,1,0.6165305
0,1,0.6621707
0,0,0.2451962
0,0,0.39719817
0,1,0.5673198
0,0,0.3569067
0,1,0.59608495
0,0,0.23836958
0,1,0.6621707
0,0,0.28739494
0,0,0.27378887
0,0,0.35119137
0,0,0.3162484
0,1,0.51870203
0,0,0.2211909
0,0,0.23521146
0,0,0.2206168
1,1,0.6621707
0,0,0.24393867
0,0,0.23621048
0,0,0.45193973
0,0,0.26341245
1,1,0.66207594
0,1,0.6636713
0,0,0.4873514
0,0,0.27824643
0,0,0.23228168
0,1,0.6039815
1,1,0.69927305
0,0,0.358155
0,0,0.45335612
0,0,0.23836958
0,0,0.2211909
0,0,0.32958165
0,0,0.27142328
1,1,0.73262274
0,1,0.5575909
0,0,0.2372125
0,0,0.23621048
0,0,0.39979115
0,0,0.2728197
0,0,0.26341245
0,0,0.44454026
0,0,0.26360822
0,1,0.6868942
0,0,0.2815246
0,0,0.23811764
0,1,0.6258156
0,1,0.5052845
0,0,0.27378887
0,1,0.58163583
0,1,0.59608495
0,1,0.572746
0,0,0.23621048
0,0,0.4882871
0,1,0.60824203
0,0,0.31341338
0,0,0.25084513
0,0,0.23504499
0,0,0.23504499
0,0,0.23621048
0,0,0.23860244
0,0,0.23521146
0,0,0.26005182
0,1,0.5103335
0,1,0.73335606
0,0,0.31607324
0,0,0.23521146
0,0,0.4478036
0,1,0.7043276
0,0,0.23621048
0,0,0.26129892
0,0,0.23621048
0,0,0.4603705
0,1,0.6165305
0,0,0.23621048
0,1,0.7056549
0,0,0.3181441
0,0,0.2206168
0,0,0.29915285
0,1,0.6356625
0,0,0.4016403
0,0,0.2206168
1,1,0.5219984
0,0,0.23504499
0,1,0.60824203
0,0,0.310852
1,1,0.6993671
0,0,0.35060298
1,0,0.223797
0,0,0.47455284
0,0,0.2372125
0,0,0.23836958
0,1,0.59746224
0,0,0.3439234
0,0,0.2211909
0,0,0.30314434
0,0,0.2211909
0,0,0.23504499
0,0,0.2206168
0,0,0.25084513
0,0,0.49889874
0,0,0.23621048
0,0,0.23836958
0,0,0.22184004
0,0,0.23621048
0,0,0.49412808
0,1,0.729629
0,0,0.2206168
1,0,0.4016403
0,1,0.5665994
0,0,0.3181441
0,0,0.26598394
0,0,0.3878846
0,0,0.23504499
0,0,0.2723408
0,0,0.2206168
0,0,0.23621048
0,0,0.2668859
0,0,0.23504499
0,0,0.2719907
0,0,0.2206168
0,0,0.45886543
0,1,0.56707823
0,0,0.42636243
0,0,0.4603705
0,0,0.44021747
0,1,0.64434683
0,1,0.66628313
0,0,0.3060423
0,0,0.23621048
0,1,0.5748393
0,0,0.3474328
0,0,0.23504499
0,1,0.5580923
0,0,0.2211909
0,1,0.6078815
0,0,0.27378887
0,0,0.26129892
0,0,0.24589357
0,1,0.6621707
0,1,0.6118124
0,0,0.29915285
0,1,0.6769403
0,0,0.267287
1,0,0.44846308
0,0,0.27378887
0,0,0.42150912
0,1,0.5776824
0,0,0.2211909
0,0,0.45406315
0,0,0.235812
0,0,0.2206168
0,0,0.23836958
0,1,0.6621707
0,0,0.2206168
0,0,0.2206168
0,0,0.23504499
0,0,0.30106515
0,0,0.23504499
0,1,0.5729077
0,0,0.4313277
0,1,0.5590218
0,1,0.5588213
0,0,0.23836958
0,0,0.2206168
0,0,0.3981212
0,0,0.2206168
0,0,0.49244288
0,0,0.27096888
0,0,0.24052286
0,0,0.34902996
0,0,0.32958165
0,1,0.60824203
0,0,0.2211909
1,0,0.3913133
0,1,0.50418824
0,1,0.60912085
0,0,0.4313277
0,0,0.48146108
0,0,0.3941569
0,0,0.36501846
0,0,0.46193025
0,1,0.627041
0,0,0.28850114
0,0,0.31497335
0,0,0.24291728
0,1,0.59746224
0,1,0.596586
0,0,0.2206168
0,1,0.5821304
0,0,0.32635397
0,1,0.5588213
0,1,0.5506096
0,0,0.27642366
0,1,0.7043276
0,0,0.2211909
0,0,0.2723408
0,1,0.6350904
1,0,0.44134215
1,1,0.5259215
0,0,0.2392221
0,1,0.5665994
0,1,0.5203304
0,1,0.52229035
0,1,0.55623555
0,0,0.2372125
0,1,0.65997416
0,0,0.43542442
0,0,0.34942278
0,1,0.5203304
0,1,0.7133555
0,0,0.27142328
0,1,0.56707823
0,1,0.55708474
0,1,0.50311553
0,0,0.44304234
0,0,0.29470345
0,0,0.2206168
0,0,0.23811764
0,1,0.6399342
0,0,0.43131423
0,1,0.6823066
0,0,0.436795
0,1,0.60824203
1,1,0.6983043
0,0,0.24291728
0,0,0.24393867
0,1,0.68906265
0,0,0.39756256
0,0,0.2206168
0,1,0.5203304
0,0,0.4574082
0,0,0.23621048
0,0,0.35805213
0,0,0.37174273
0,1,0.5506096
0,1,0.5060909
0,0,0.25663063
0,1,0.57547176
0,1,0.5588213
0,0,0.3957197
0,0,0.23521146
0,0,0.30886286
0,1,0.5019417
0,1,0.5196539
0,1,0.5196539
0,0,0.4478036
0,0,0.2684677
0,0,0.2211909
0,0,0.3181441
0,0,0.23161106
0,0,0.4873514
0,0,0.27378887
0,0,0.31341338
0,0,0.2211909
1,1,0.68489987
0,0,0.46084595
0,0,0.29960278
0,0,0.491042
0,0,0.45193243
0,1,0.7024099
0,1,0.6412498
0,1,0.6275297
1,1,0.5665994
0,0,0.23621048
0,0,0.4016403
0,1,0.70528567
0,0,0.2372125
0,1,0.53397995
0,1,0.54295176
0,0,0.27378887
1,1,0.65469456
0,1,0.7043276
0,0,0.4873514
0,1,0.66749936
0,1,0.505649
1,1,0.60824203
0,0,0.273332
0,1,0.54295176
1,1,0.62519336
0,0,0.2206168
0,0,0.23228168
1,1,0.64628935
0,1,0.58163583
0,0,0.4603705
1,1,0.7043276
0,1,0.5060909
0,0,0.23504499
0,1,0.6761984
0,0,0.2206168
0,0,0.27061793
0,0,0.26360822
0,0,0.235812
1,1,0.62459993
0,1,0.5595025
0,0,0.46650854
0,1,0.6632746
0,0,0.4469627
0,1,0.6331213
0,0,0.24291728
0,0,0.31252724
0,0,0.3849658
0,0,0.3358027
0,0,0.27642366
0,1,0.7056549
0,0,0.35284987
0,1,0.66527236
0,0,0.23504499
0,0,0.24393867
0,0,0.41638976
0,0,0.2686686
0,1,0.5196539
1,0,0.273332
0,0,0.32635397
0,1,0.5060909
0,1,0.60824203
0,0,0.46488222
0,1,0.5904296
0,0,0.23504499
1,1,0.67508155
0,0,0.2684677
0,0,0.2206168
0,1,0.58583546
0,1,0.7043276
0,0,0.45536152
0,1,0.56306547
0,0,0.23621048
0,0,0.48088187
0,1,0.66628313
0,0,0.2211909
1,1,0.70528567
0,0,0.4016403
0,1,0.73262274
1,1,0.54735017
0,1,0.6709113
0,0,0.4313277
0,1,0.56707823
0,1,0.6621707
0,0,0.2211909
0,1,0.6504218
0,1,0.6993671
0,1,0.5203304
1,1,0.7084115
0,0,0.2451962
0,1,0.7043276
0,0,0.491042
0,0,0.23621048
0,0,0.4391155
0,1,0.6240104
0,0,0.223797
0,0,0.26608056
0,0,0.23811764
0,0,0.23621048
0,1,0.6619068
0,0,0.3049356
0,1,0.5196539
0,0,0.29196474
0,1,0.67506254
0,0,0.33621097
0,0,0.23811764
0,1,0.5588213
0,0,0.2372125
0,1,0.65767276
0,0,0.26129892
0,0,0.23836958
0,1,0.54295176
0,0,0.27061793
0,0,0.33916587
0,0,0.29960278
0,0,0.34105492
0,1,0.60824203
1,1,0.7043276
0,0,0.23961142
0,0,0.4016403
0,0,0.27378887
0,0,0.27061793
0,0,0.31359693
0,1,0.6331213
0,1,0.52526784
0,0,0.3949596
0,0,0.23504499
0,1,0.6483566
0,1,0.5563086
0,1,0.6846854
0,0,0.27378887
0,1,0.59746224
1,1,0.6891951
0,0,0.36358738
0,0,0.3558706
0,0,0.3140411
0,1,0.5432002
0,0,0.435652
0,1,0.5587333
0,0,0.23621048
0,0,0.23504499
0,0,0.27378887
0,1,0.6118124
0,1,0.6422378
0,0,0.23521146
0,0,0.27824643
0,0,0.42271456
1,1,0.61838555
0,0,0.2206168
0,0,0.26341245
0,0,0.2717317
0,0,0.43662223
0,0,0.4638829
0,0,0.32101703
0,0,0.273332
0,0,0.2206168
0,0,0.2372125
0,1,0.5588213
0,1,0.5126123
0,0,0.44729462
0,0,0.4373955
0,1,0.6504587
0,0,0.2206168
0,0,0.49635407
0,1,0.5446477
0,0,0.2206168
0,0,0.2206168
0,0,0.3611219
0,0,0.26341245
0,0,0.24002111
1,1,0.639913
0,0,0.42660636
1,1,0.61279553
1,1,0.66628313
0,0,0.35416633
0,0,0.2430069
0,0,0.23961142
1,0,0.4570989
0,0,0.46193025
0,0,0.2206168
0,1,0.62213176
1,1,0.5588213
0,0,0.45193243
0,1,0.7002371
1,1,0.63591903
0,0,0.31543082
0,1,0.547268
0,0,0.23621048
0,0,0.3949596
0,1,0.5684556
0,0,0.2723408
0,0,0.4603705
0,0,0.28037232
0,0,0.45361874
0,0,0.23836958
0,0,0.2206168
0,1,0.60824203
0,0,0.23504499
0,0,0.40065858
0,0,0.3053043
0,1,0.50966716
0,0,0.23811764
1,1,0.6621707
0,0,0.273332
0,0,0.38743696
0,0,0.26360822
0,0,0.358155
0,0,0.3439234
0,0,0.30969563
1,1,0.68013126
0,0,0.34737906
0,1,0.52099586
0,0,0.2211909
0,0,0.35109475
0,0,0.2372125
0,0,0.2206168
0,0,0.26129892
0,0,0.23836958
0,0,0.2723408
0,0,0.23860244
0,0,0.23621048
0,0,0.3189836
0,0,0.26005182
0,0,0.2459751
0,0,0.23621048
0,1,0.7043276
1,1,0.6601116
0,0,0.235812
0,1,0.71057487
0,0,0.31192324
0,1,0.5203304
0,0,0.4313277
0,0,0.23621048
1,0,0.43662223
0,0,0.27596405
0,1,0.68540007
0,1,0.6417997
0,0,0.2211909
0,1,0.63659245
1,1,0.73845226
0,0,0.3077183
1,1,0.6621707
0,0,0.27358675
0,0,0.24291728
1,1,0.671852
0,0,0.4089401
0,0,0.34065732
0,0,0.2719907
0,0,0.39719817
1,0,0.45536152
0,1,0.5203304
1,0,0.26005182
0,0,0.23860244
0,0,0.3514424
0,0,0.4360617
0,0,0.23836958
0,1,0.7369665
0,0,0.36201927
0,1,0.64642936
0,0,0.23621048
0,1,0.6422378
0,0,0.29294744
0,0,0.2211909
0,1,0.6320164
0,0,0.2206168
0,0,0.23836958
0,0,0.31448945
0,0,0.23521146
0,0,0.2211909
0,0,0.32958165
0,0,0.2728197
0,1,0.5554745
0,1,0.52316254
0,0,0.26360822
0,0,0.2809075
0,0,0.359326
0,0,0.26129892
1,0,0.39719817
0,0,0.22184004
0,0,0.23621048
0,0,0.2206168
1,1,0.67828214
0,0,0.2372125
1,1,0.6827905
0,0,0.2211909
0,1,0.6619068
0,0,0.23621048
1,1,0.67506254
0,0,0.2372125
0,1,0.6331213
0,1,0.67406535
0,0,0.27764633
0,0,0.24291728
0,0,0.29368898
0,1,0.7090055
0,0,0.34902996
0,0,0.3775241
1,1,0.7043276
0,0,0.27824643
0,0,0.26341245
0,0,0.2211909
0,0,0.27642366
0,1,0.74395055
0,0,0.2211909
0,0,0.26005182
0,0,0.4603705
0,1,0.5580923
0,1,0.6097242
0,1,0.7043276
0,1,0.6165305
0,0,0.23504499
0,0,0.26005182
0,1,0.546749
0,1,0.5141859
0,1,0.6559615
1,1,0.60824203
0,1,0.64032245
0,0,0.31341338
0,0,0.23621048
0,0,0.45361874
0,1,0.58279926
0,0,0.27378887
0,0,0.4313277
0,1,0.5621112
0,1,0.58867484
0,1,0.68450886
0,0,0.24535537
0,0,0.2675908
0,0,0.23621048
0,1,0.6914888
0,0,0.32101703
0,0,0.24535537
0,0,0.4313277
0,0,0.3426907
0,1,0.5196539
0,0,0.42007867
0,1,0.5506096
0,0,0.38511553
0,0,0.2372125
0,0,0.23521146
0,0,0.27378887
0,0,0.4478036
0,0,0.235812
0,0,0.2206168
0,0,0.24393867
0,0,0.23161106
0,0,0.23521146
0,0,0.27824643
0,0,0.27142328
0,1,0.7002371
1,1,0.5996641
0,0,0.47335905
0,0,0.23521146
0,0,0.2392221
0,1,0.6877569
1,1,0.69159365
0,1,0.6165305
0,0,0.36383408
0,1,0.66527236
0,0,0.45193243
0,0,0.32475445
0,0,0.491042
1,1,0.6165305
0,1,0.6784544
0,0,0.36645833
1,1,0.64871603
0,0,0.31341338
1,1,0.6846854
0,0,0.27642366
0,0,0.2206168
0,1,0.64344007
0,1,0.5092493
0,0,0.24291728
0,0,0.27378887
1,1,0.7416216
0,0,0.29422584
0,0,0.27378887
0,0,0.27142328
1,1,0.61838555
0,1,0.50837064
0,0,0.2211909
0,0,0.38862023
0,1,0.6373555
0,1,0.5580923
0,0,0.23504499
1,1,0.7442889
0,1,0.6331213
0,0,0.23621048
0,0,0.23836958
0,0,0.2723408
0,0,0.2211909
0,0,0.25451207
0,0,0.2211909
0,0,0.31878597
0,1,0.66628313
0,0,0.42024463
0,0,0.2211909
0,0,0.29791218
0,1,0.6865147
0,0,0.23836958
0,0,0.23504499
0,0,0.45869598
0,0,0.3913133
0,0,0.273332
0,1,0.596586
1,1,0.6296125
1,0,0.3181441
0,0,0.3049356
0,1,0.5429779
0,0,0.23504499
0,1,0.69927305
0,1,0.6897806
0,1,0.6421707
1,1,0.7442889
0,0,0.23853765
0,1,0.67828214
0,1,0.6385461
0,0,0.4016403
0,0,0.23621048
0,1,0.54295176
0,0,0.23504499
0,0,0.26129892
0,0,0.31380492
0,0,0.24291728
0,0,0.26360822
0,0,0.43976098
0,1,0.5212007
0,0,0.2451962
0,1,0.566216
0,1,0.65453327
0,1,0.6483594
0,0,0.44932112
0,0,0.3175759
0,0,0.27395865
0,0,0.2451962
0,1,0.66968066
0,1,0.7043276
1,1,0.63593537
0,1,0.65997416
0,1,0.61206126
0,1,0.72173476
0,1,0.65767276
0,0,0.42271456
1,1,0.72134674
0,1,0.6619068
0,0,0.46814314
0,1,0.5981854
0,1,0.52099586
0,0,0.43976098
0,0,0.23521146
0,0,0.2211909
0,1,0.5506096
0,0,0.4638829
0,0,0.4638829
0,0,0.43789873
0,0,0.3077183
0,0,0.23621048
0,0,0.29960278
0,1,0.52099586
1,1,0.6602058
0,0,0.23521146
0,1,0.56707823
0,1,0.6601116
0,1,0.6412498
0,1,0.5343994
0,0,0.24174513
0,0,0.3187051
0,1,0.5554745
0,0,0.25375628
0,0,0.27028987
0,0,0.45193243
0,0,0.2211909
1,0,0.4638829
0,1,0.64709896
0,0,0.3181441
0,0,0.43662223
0,0,0.4893572
0,1,0.66207594
0,0,0.23621048
0,0,0.24077652
1,1,0.6725575
0,1,0.6601116
0,0,0.4873514
0,0,0.26360822
0,0,0.23521146
0,1,0.7155652
0,0,0.23504499
0,1,0.53184766
0,0,0.2206168
1,1,0.671852
1,1,0.64032245
0,0,0.23504499
0,0,0.47809875
0,0,0.23228168
0,1,0.6503422
0,0,0.4016403
0,0,0.2206168
1,1,0.63164884
0,0,0.36383408
0,1,0.5981854
0,0,0.2413884
0,0,0.3018978
0,0,0.23621048
1,1,0.62859905
1,1,0.5425915
0,1,0.6619068
1,1,0.7002371
0,1,0.61206126
0,1,0.7442889
0,0,0.23504499
0,0,0.2719907
0,0,0.26341245
0,0,0.48559853
0,0,0.44134215
0,1,0.63395905
0,1,0.74395055
0,0,0.23621048
0,1,0.7056549
0,0,0.45193243
0,0,0.41616425
0,0,0.23504499
0,1,0.5575909
0,1,0.63593537
0,0,0.2206168
0,1,0.60824203
0,0,0.24393867
0,0,0.30238253
0,0,0.45542744
0,0,0.2694789
0,0,0.48908466
0,0,0.4893572
0,0,0.32242343
0,0,0.2206168
0,0,0.2206168
0,0,0.2206168
0,1,0.6769403
0,0,0.41638976
0,0,0.27824643
0,0,0.23621048
0,0,0.23836958
0,1,0.7024099
0,1,0.5604069
0,0,0.4016403
0,0,0.37014496
0,0,0.2211909
0,0,0.235812
1,1,0.7056549
0,0,0.23504499
0,0,0.2211909
0,1,0.5432002
0,1,0.6844097
0,0,0.23504499
0,0,0.2206168
0,0,0.4882871
0,0,0.2211909
0,0,0.24393867
0,0,0.31341338
0,0,0.4016403
0,0,0.23621048
0,0,0.2451962
0,1,0.6165305
0,0,0.2211909
0,0,0.2211909
0,1,0.50837064
0,1,0.5729077
0,0,0.3578983
0,0,0.26341245
0,0,0.48410013
0,1,0.70528567
0,0,0.2686686
0,0,0.29733846
1,1,0.62921137
0,1,0.7056549
0,0,0.48146108
0,1,0.74395055
0,0,0.24291728
0,0,0.34942278
0,0,0.23836958
0,0,0.4574082
0,0,0.23228168
0,0,0.2684677
0,0,0.2211909
0,0,0.31637946
0,1,0.5580923
0,1,0.6784544
0,0,0.29791218
0,1,0.6103636
0,0,0.27395865
1,1,0.65896887
0,0,0.48624954
0,0,0.27378887
0,1,0.5506096
0,1,0.7002371
0,0,0.3920316
0,0,0.2211909
0,0,0.2211909
1,0,0.4638829
0,1,0.69556195
0,1,0.6750014
0,0,0.29774272
0,0,0.49111882
0,0,0.23836958
0,0,0.44135192
0,1,0.5808233
0,1,0.675997
0,0,0.2723408
0,1,0.5554745
0,1,0.50444096
1,1,0.6349663
0,0,0.23621048
0,1,0.61210465
0,0,0.24052286
0,0,0.42070648
0,1,0.60824203
0,1,0.5869435
0,1,0.6554559
0,0,0.46488222
1,1,0.7416216
1,1,0.70528567
0,0,0.2206168
0,0,0.26360822
0,0,0.26360822
0,0,0.47669923
0,0,0.23504499
0,1,0.6329904
1,1,0.5092493
0,1,0.61191136
1,1,0.63127744
1,0,0.43789873
0,0,0.4016403
0,1,0.61158454
1,1,0.60151654
0,1,0.55708474
0,0,0.29196474
0,0,0.23836958
0,0,0.35445964
0,1,0.5743555
0,1,0.50837064
0,0,0.23504499
0,0,0.49120176
0,0,0.49120176
0,1,0.5996641
0,1,0.6039815
0,0,0.26129892
0,0,0.24638364
0,0,0.27395865
0,1,0.5668098
0,0,0.23836958
0,0,0.33968237
0,1,0.59746224
0,1,0.61206126
0,0,0.27378887
0,0,0.23621048
0,0,0.2728197
0,1,0.72134674
0,1,0.5580923
0,1,0.5940587
0,0,0.30579215
0,0,0.26129892
0,1,0.6081773
0,0,0.22184004
0,0,0.440115
1,1,0.671852
0,1,0.6418052
0,0,0.2211909
0,0,0.2206168
1,1,0.5506096
0,0,0.27378887
0,0,0.41960394
0,0,0.26005182
0,0,0.2206168
0,1,0.5675857
0,0,0.2211909
0,0,0.28037232
1,1,0.6470539
0,0,0.2723408
0,1,0.6444873
0,1,0.64871603
0,0,0.4478036
0,0,0.3711235
0,1,0.63593537
0,0,0.31341338
0,0,0.47186434
0,1,0.5580923
0,0,0.46863136
0,0,0.23504499
0,0,0.2206168
0,0,0.29470345
0,0,0.3181441
0,0,0.4016403
0,0,0.29912058
0,0,0.3957197
0,1,0.6621707
0,0,0.2206168
1,1,0.6601116
0,1,0.6412498
0,0,0.3019112
0,0,0.3941569
0,1,0.6165305
0,0,0.31665692
0,0,0.23811764
0,0,0.23621048
0,1,0.5940587
0,0,0.29590216
0,1,0.59746224
0,1,0.50311553
0,0,0.43674624
0,1,0.52257234
0,1,0.64642936
0,0,0.2740439
0,1,0.6601116
0,1,0.5588213
0,0,0.23504499
0,0,0.23961142
0,1,0.6179553
0,0,0.25411823
0,0,0.42496696
0,0,0.2211909
0,1,0.5580923
0,1,0.54556054
0,0,0.3444434
0,1,0.67508155
0,0,0.26360822
0,0,0.35109475
0,1,0.7133555
0,1,0.56306547
0,0,0.2206168
0,1,0.6165305
0,0,0.23521146
0,0,0.3162484
0,0,0.2206168
0,1,0.6621707
0,0,0.2206168
0,1,0.6450879
0,0,0.2372125
0,0,0.3181441
0,0,0.49351546
0,0,0.2206168
0,0,0.23836958
0,1,0.7056549
0,0,0.23811764
0,1,0.5052845
0,1,0.6914888
0,1,0.7056549
0,0,0.27378887
1,1,0.6419757
0,0,0.35805213
0,0,0.46070808
0,0,0.3181441
0,0,0.23621048
0,1,0.7043276
0,0,0.3444434
0,0,0.2206168
0,0,0.2206168
1,1,0.5940587
0,0,0.4089401
1,1,0.65880895
0,0,0.26608056
0,0,0.23621048
0,0,0.23621048
0,0,0.23504499
0,0,0.23621048
0,0,0.4326197
0,1,0.6412498
0,1,0.5203304
0,0,0.24291728
0,0,0.49629745
0,1,0.50966716
0,0,0.2206168
0,0,0.2211909
0,0,0.2723408
0,0,0.2206168
0,0,0.38681066
0,0,0.29196474
0,0,0.39756256
0,0,0.3611219
0,1,0.59746224
0,1,0.5060909
0,0,0.2799087
0,0,0.4825445
0,0,0.3439234
0,0,0.24291728
0,1,0.5733969
0,0,0.45806038
0,1,0.7243688
0,0,0.27596405
0,1,0.6165305
0,0,0.491042
0,0,0.2206168
0,0,0.3878846
0,0,0.24761435
0,0,0.3981212
0,0,0.2211909
0,0,0.3474328
0,0,0.27142328
0,1,0.5190355
0,0,0.2211909
0,0,0.23521146
0,0,0.223797
0,0,0.4873514
0,0,0.2686686
0,0,0.3474328
0,0,0.32958165
0,0,0.2211909
0,0,0.23521146
1,1,0.7319939
0,0,0.27378887
0,1,0.5052845
0,0,0.2206168
0,0,0.23836958
0,1,0.6350904
0,0,0.3558706
0,0,0.2206168
0,0,0.2211909
0,0,0.4779423
1,1,0.6165305
0,0,0.45046487
0,0,0.2451962
0,0,0.2372125
0,1,0.61206126
0,1,0.6513111
0,0,0.273332
0,0,0.3992521
0,0,0.23621048
0,0,0.26129892
0,1,0.59608495
0,1,0.68962985
0,0,0.49629745
0,0,0.2206168
0,1,0.6444873
0,0,0.23504499
0,0,0.23811764
1,1,0.62381846
0,0,0.47186434
0,1,0.55821097
0,0,0.4478036
0,1,0.61206126
0,1,0.5863064
0,0,0.39719817
0,0,0.23228168
0,0,0.47567767
0,0,0.31543082
0,0,0.23228168
0,0,0.23521146
0,0,0.26129892
0,1,0.66628313
0,0,0.23521146
0,0,0.23228168
0,0,0.4873514
0,0,0.2372125
0,0,0.2206168
1,1,0.5103335
0,1,0.6419757
0,0,0.3077183
0,1,0.5940587
0,0,0.2372125
0,0,0.440115
0,0,0.3155618
0,1,0.6725575
0,0,0.26005182
0,1,0.60824203
1,1,0.62213176
0,0,0.4603705
0,0,0.27061793
1,1,0.6641448
0,0,0.3439234
0,1,0.60824203
0,0,0.47306815
0,0,0.38862023
0,1,0.54295176
0,1,0.6619068
0,1,0.60151654
1,0,0.3426907
0,1,0.5684556
0,1,0.52099586
0,0,0.26129892
0,0,0.4478036
0,0,0.2211909
1,1,0.6258156
0,0,0.2211909
0,0,0.23621048
0,0,0.27642366
0,0,0.2430069
0,1,0.6755238
0,1,0.56707823
0,1,0.6852842
0,1,0.66527236
0,0,0.23836958
0,0,0.23504499
0,0,0.2206168
0,0,0.45869598
0,0,0.49507895
0,1,0.61206126
0,0,0.23504499
0,0,0.4603705
0,0,0.47481206
0,1,0.59746224
0,0,0.43542442
0,0,0.27378887
0,1,0.61838555
0,1,0.63395905
0,1,0.596586
0,1,0.5209509
0,0,0.37174273
0,1,0.6503422
1,1,0.70528567
0,0,0.38511553
0,0,0.23621048
0,0,0.35834295
0,0,0.4016403
0,0,0.2206168
0,0,0.23621048
0,1,0.5580923
0,1,0.69878155
1,0,0.4387714
0,0,0.3439234
0,0,0.49629745
0,1,0.67828214
0,0,0.2211909
0,0,0.48559853
0,0,0.34259716
0,0,0.23853765
0,0,0.43131423
0,1,0.5203304
1,0,0.29470345
1,0,0.4873514
0,0,0.24291728
0,0,0.23860244
0,0,0.24638364
0,0,0.26598394
0,0,0.26129892
1,0,0.2638572
0,0,0.32101703
0,0,0.48316488
0,1,0.5506096
0,0,0.24393867
0,1,0.60824203
0,0,0.32186392
0,1,0.6877569
0,1,0.5052845
0,1,0.5466062
0,1,0.64734566
0,0,0.3514424
0,0,0.23621048
0,0,0.39529222
0,0,0.36567962
0,0,0.39756256
0,0,0.45361874
0,0,0.24052286
0,1,0.6286689
0,0,0.38681066
0,0,0.24291728
0,0,0.23836958
0,0,0.31341338
1,1,0.7024099
0,1,0.6602058
0,0,0.235812
0,0,0.30665186
0,0,0.2372125
0,0,0.39321008
0,0,0.48146108
1,1,0.7309569
0,0,0.4478036
0,0,0.27378887
0,1,0.6615012
1,0,0.48559853
0,0,0.26608056
1,1,0.50966716
0,0,0.22184004
0,0,0.26360822
0,0,0.3444434
0,1,0.671852
0,1,0.5940587
0,0,0.2206168
0,0,0.4603705
0,1,0.65997416
0,1,0.5588213
0,0,0.27378887
0,1,0.66251755
0,1,0.6320164
0,0,0.2211909
0,0,0.23504499
0,1,0.56707823
0,0,0.2206168
0,1,0.5020528
0,0,0.23521146
0,1,0.5203304
0,1,0.50803685
0,1,0.66753376
0,0,0.2684677
0,0,0.23504499
0,0,0.26005182
1,1,0.64642936
0,1,0.6601116
0,0,0.23621048
1,1,0.6029721
0,0,0.26005182
1,1,0.65242654
0,1,0.7299794
0,0,0.26005182
0,0,0.30444854
0,0,0.48316488
0,0,0.2206168
0,0,0.32958165
0,0,0.34668177
0,0,0.4603705
0,0,0.4313277
0,1,0.7298778
0,0,0.31448945
0,0,0.4893572
0,1,0.57547176
0,0,0.3162634
0,1,0.64628935
0,0,0.4158228
0,0,0.26360822
0,0,0.27824643
0,0,0.26341245
0,0,0.223797
0,0,0.26608056
0,1,0.61158454
1,1,0.68871653
0,0,0.23836958
0,0,0.3711235
0,0,0.3957197
0,0,0.23621048
0,1,0.6373555
0,1,0.6431571
0,1,0.6276317
0,1,0.56018156
0,0,0.273332
0,0,0.47809875
0,1,0.66628313
0,1,0.6621707
0,0,0.23621048
0,0,0.31448945
0,0,0.45193243
0,0,0.49866498
1,1,0.6371345
1,1,0.7043276
0,0,0.26129892
0,0,0.26129892
0,0,0.23504499
1,1,0.6201668
0,1,0.70528567
0,1,0.5103335
0,0,0.23853765
0,0,0.3181441
0,1,0.64871603
0,0,0.24291728
1,1,0.70528567
0,1,0.72407746
0,0,0.3827871
1,0,0.39979115
0,0,0.2211909
0,0,0.2211909
0,0,0.235812
0,1,0.66628313
0,0,0.23860244
0,0,0.23521146
0,0,0.2947264
1,0,0.24077652
0,1,0.69927305
0,0,0.2211909
0,0,0.48403946
0,1,0.7043276
0,1,0.61392444
0,0,0.49244288
0,0,0.26608056
0,0,0.2211909
0,1,0.6331213
0,0,0.24417521
0,0,0.24393867
0,0,0.26005182
0,0,0.2211909
0,0,0.26129892
0,1,0.6621707
0,0,0.23504499
0,0,0.3140411
0,0,0.2211909
0,0,0.24291728
0,1,0.6314621
0,1,0.5743555
0,0,0.4478036
0,0,0.2968683
0,1,0.6541382
0,1,0.56707823
0,1,0.5590218
1,1,0.7442889
0,0,0.2684677
0,0,0.24291728
0,0,0.235812
0,1,0.5821304
1,1,0.5580923
0,0,0.4016403
0,1,0.7002371
0,0,0.273332
1,1,0.7043276
1,1,0.6914888
0,0,0.45536152
0,1,0.55708474
0,0,0.2206168
0,0,0.4603705
0,1,0.55377674
0,0,0.32958165
1,1,0.66628313
0,1,0.5940587
0,0,0.48559853
0,1,0.59608495
0,0,0.30934143
0,0,0.4603705
0,1,0.65970314
1,1,0.66527236
0,1,0.58163583
0,0,0.36645833
0,1,0.5019855
0,0,0.3647876
0,0,0.3311098
1,1,0.65767276
0,0,0.23504499
0,1,0.54295176
0,0,0.2206168
0,1,0.5972569
0,0,0.3439234
0,1,0.55821097
0,0,0.3827871
0,0,0.40643474
0,0,0.359326
0,1,0.5276909
0,1,0.6709113
0,1,0.5308552
1,1,0.54295176
0,1,0.5970915
1,1,0.7043276
1,1,0.6350904
1,0,0.47789133
0,0,0.26341245
0,0,0.2842047
0,0,0.36567962
1,1,0.61266303
0,0,0.33901832
0,0,0.43662223
0,1,0.6983043
0,1,0.6740267
0,1,0.65880895
0,0,0.2372125
1,1,0.6123547
0,0,0.2372125
0,1,0.7024099
1,0,0.2684677
0,0,0.39079586
0,1,0.6118124
0,0,0.2211909
0,0,0.23961142
0,0,0.2947264
0,0,0.2206168
0,1,0.5817732
0,0,0.27378887
0,1,0.6492979
0,1,0.5808233
0,0,0.23228168
1,1,0.65767276
0,0,0.32101703
1,0,0.491042
0,0,0.4303256
0,0,0.44729462
0,1,0.60824203
0,0,0.26360822
0,1,0.5060909
0,0,0.2206168
0,0,0.2372125
0,0,0.26129892
1,1,0.6412498
0,0,0.27359506
0,1,0.6320164
0,1,0.6331213
0,0,0.3474328
1,1,0.6993671
0,0,0.358155
0,1,0.5429779
0,0,0.2211909
0,1,0.6814125
0,1,0.5878514
0,1,0.6897806
1,1,0.5093371
0,0,0.23621048
0,1,0.65997416
0,0,0.27378887
0,0,0.23621048
0,1,0.5506096
1,1,0.7043276
0,1,0.5190355
0,0,0.2206168
0,0,0.2206168
0,0,0.49542493
0,0,0.23521146
0,1,0.630313
0,0,0.27378887
0,0,0.30579215
0,0,0.34259716
0,1,0.5425915
0,0,0.42636243
0,0,0.39756256
0,0,0.28072372
0,0,0.23621048
0,0,0.27642366
0,1,0.5203304
0,0,0.491042
0,1,0.56655884
0,0,0.4603705
1,1,0.5219984
1,1,0.7043276
0,0,0.4458238
0,1,0.6331213
0,0,0.23649105
0,1,0.5454166
0,1,0.5794654
0,1,0.7165505
0,1,0.6131266
0,0,0.4313277
0,1,0.6286689
0,1,0.68962985
1,1,0.7043276
0,1,0.6314621
0,0,0.48559853
0,1,0.6039369
0,0,0.23521146
0,0,0.2206168
0,0,0.24291728
0,0,0.29470345
0,0,0.3444434
0,0,0.2372125
0,1,0.6897806
0,0,0.3786168
0,1,0.6546718
1,0,0.27496693
0,1,0.6412498
0,0,0.2372125
0,1,0.7159267
0,0,0.30934143
0,1,0.63593537
0,0,0.23161106
0,0,0.26129892
0,0,0.2638572
0,0,0.23521146
0,1,0.5728037
1,1,0.6503422
0,1,0.56422377
1,1,0.6621707
0,1,0.6890799
0,0,0.36216778
0,0,0.27327606
0,1,0.5126598
0,0,0.2684677
1,1,0.63395905
0,0,0.39100385
0,1,0.62469995
0,0,0.32635397
0,1,0.7263572
0,1,0.5595025
0,0,0.23621048
0,1,0.66207594
0,0,0.2668859
0,0,0.2372125
0,0,0.34076467
0,1,0.64510244
1,1,0.65863186
0,0,0.29912058
0,0,0.36501846
0,1,0.52058864
0,0,0.23621048
0,0,0.4882871
0,1,0.7043276
0,0,0.235812
0,0,0.2211909
1,1,0.5496086
0,1,0.7043276
0,0,0.2451962
1,1,0.5580923
0,1,0.52058864
0,0,0.2211909
0,0,0.2372125
0,0,0.27061793
0,0,0.2206168
0,0,0.2206168
0,1,0.68962985
0,0,0.26360822
0,0,0.31341338
0,0,0.26129892
0,0,0.4729358
0,1,0.6419757
1,0,0.4882871
0,1,0.6914888
0,0,0.26129892
0,0,0.23504499
0,1,0.56707823
0,0,0.35109475
0,0,0.40288636
0,0,0.42024463
0,0,0.26341245
0,1,0.5203304
0,0,0.235812
0,0,0.2723408
0,0,0.26341245
0,0,0.39079586
0,1,0.60824203
0,0,0.31341338
1,1,0.7442889
0,0,0.2668859
0,1,0.56707823
0,0,0.4367016
0,0,0.2684677
0,1,0.6331213
0,1,0.61210465
0,1,0.5571009
0,1,0.5588213
0,0,0.31380492
1,1,0.6331213
0,1,0.60406613
1,0,0.40643474
0,1,0.54433185
0,0,0.26129892
1,1,0.598287
0,1,0.6201668
0,1,0.60824203
0,0,0.26005182
0,0,0.2211909
0,1,0.6446642
0,0,0.43789873
0,0,0.29021835
0,1,0.63343495
0,1,0.675997
0,0,0.23621048
0,0,0.23228168
1,1,0.6619068
0,1,0.7043276
0,1,0.51265603
0,0,0.26129892
0,0,0.35107806
1,1,0.66207594
0,0,0.3238185
0,0,0.2206168
0,1,0.60824203
0,0,0.2206168
0,0,0.49542493
0,1,0.5196539
0,0,0.2211909
0,0,0.23621048
0,0,0.2723408
0,1,0.5212007
1,0,0.2206168
1,1,0.5429779
0,0,0.2206168
0,1,0.7002371
0,0,0.4016403
0,0,0.2570933
0,0,0.39979115
0,1,0.6761984
0,0,0.23557921
0,0,0.44535372
0,1,0.6078815
0,0,0.48316488
0,1,0.5432002
0,1,0.6422378
0,0,0.4873514
0,0,0.39756256
0,0,0.4016403
1,1,0.56707823
0,0,0.358155
0,0,0.3181441
0,0,0.2754487
0,0,0.31607324
0,0,0.49542493
0,0,0.48316488
0,0,0.436795
0,0,0.23621048
0,0,0.45193243
0,0,0.2372125
0,0,0.35992587
0,0,0.2686686
0,0,0.23504499
0,1,0.675997
0,0,0.3077183
1,1,0.6305011
0,0,0.40643474
0,0,0.27142328
0,0,0.23621048
0,0,0.2372125
0,0,0.46488222
0,1,0.7024099
0,0,0.26129892
0,1,0.61206126
0,1,0.55377674
0,0,0.2211909
0,0,0.3439234
1,1,0.5092493
0,1,0.5984921
0,0,0.359326
0,1,0.6750014
0,0,0.30238253
0,1,0.62353426
0,0,0.23521146
0,1,0.68013126
0,0,0.27359506
0,1,0.56707823
0,0,0.30927593
0,0,0.23521146
0,0,0.4313277
0,0,0.440115
0,0,0.27323365
1,1,0.72916234
0,0,0.33901832
0,0,0.32101703
0,0,0.2684677
0,0,0.235812
0,0,0.4893572
0,0,0.27824643
0,0,0.24761435
0,0,0.23621048
0,0,0.42150912
0,1,0.5580923
0,0,0.2206168
0,0,0.26696047
0,0,0.36645833
0,0,0.2723408
0,0,0.26005182
0,1,0.7133555
0,0,0.33748674
0,1,0.59746224
0,0,0.26341245
0,0,0.29960278
0,0,0.2211909
0,1,0.63395905
0,0,0.23228168
1,1,0.6419757
0,0,0.4478036
0,0,0.26360822
0,0,0.42024463
0,0,0.23504499
0,1,0.5537731
0,0,0.24291728
0,0,0.23161106
0,0,0.24393867
0,1,0.5940587
0,0,0.29196474
0,0,0.223797
1,1,0.6446642
0,1,0.6373555
0,1,0.6373555
0,1,0.7024099
0,0,0.35530856
1,1,0.7043276
0,0,0.49412808
0,0,0.2211909
0,0,0.24638364
0,1,0.5821304
1,1,0.66753376
0,1,0.60173947
0,0,0.23621048
1,1,0.71705526
0,1,0.5151097
1,1,0.61206126
0,0,0.47455284
0,1,0.5986128
0,1,0.6355075
0,0,0.4638829
0,0,0.39979115
0,0,0.32958165
0,0,0.26608056
0,0,0.2372125
0,0,0.3827871
0,0,0.48088187
0,0,0.23811764
0,1,0.6305011
1,0,0.45536152
0,0,0.27378887
0,0,0.273332
1,1,0.6632746
0,1,0.70528567
0,0,0.2723408
0,0,0.27323365
0,0,0.29791218
0,0,0.2206168
1,1,0.7024099
0,1,0.63593537
0,0,0.4303256
0,1,0.7043276
0,0,0.24393867
0,0,0.30969563
0,0,0.23621048
1,0,0.35834295
0,1,0.61158454
1,1,0.7159933
0,0,0.2206168
0,1,0.60173947
0,1,0.61206126
0,0,0.24291728
0,0,0.45193243
0,1,0.7043276
0,1,0.6541382
0,0,0.25637498
0,0,0.31018484
0,0,0.4391155
0,0,0.2684677
0,0,0.2211909
0,0,0.235812
0,0,0.23836958
0,1,0.6331213
0,0,0.2728197
0,1,0.66207594
0,0,0.22184004
0,0,0.45490482
0,0,0.3611219
0,0,0.2206168
0,1,0.5794654
0,0,0.2638572
0,1,0.61392444
0,0,0.40586528
0,0,0.49542493
0,0,0.43789873
0,1,0.5443444
0,0,0.3514424
0,0,0.47401932
0,0,0.24291728
0,0,0.33882987
0,0,0.26129892
0,1,0.63678926
0,0,0.42306778
0,0,0.40643474
0,0,0.22184004
0,0,0.27590042
0,1,0.51870203
0,1,0.52058864
0,0,0.27378887
0,0,0.23860244
0,0,0.24174513
0,1,0.5429779
0,1,0.63662106
0,0,0.23621048
1,1,0.62213176
0,0,0.2206168
0,0,0.27378887
0,1,0.71472555
0,0,0.23860244
0,0,0.23521146
0,1,0.5733969
0,1,0.6914888
1,1,0.65767276
0,0,0.2211909
0,0,0.23836958
0,0,0.38994104
0,1,0.5904296
0,0,0.2206168
0,1,0.7006522
1,1,0.7024099
0,1,0.7043276
0,0,0.22503278
0,0,0.42659575
0,0,0.2211909
0,0,0.43976098
0,1,0.64434683
0,0,0.24393867
0,0,0.26129892
0,0,0.38892388
0,0,0.24535537
0,1,0.5981854
1,1,0.6874052
0,0,0.27824643
1,1,0.67508155
0,0,0.46084595
1,1,0.7024099
0,1,0.5343994
0,0,0.2638572
0,0,0.24761435
0,0,0.24052286
0,0,0.26341245
0,0,0.23504499
0,0,0.2206168
0,1,0.63593537
0,0,0.26360822
0,0,0.2206168
0,0,0.4478036
1,1,0.66527236
0,0,0.24291728
0,0,0.4313277
1,0,0.358155
1,1,0.6897806
0,0,0.34737906
0,0,0.23621048
0,1,0.5196539
0,1,0.5595025
0,1,0.5972569
0,0,0.27642366
0,1,0.61206126
0,0,0.48316488
0,1,0.64642936
0,0,0.26608056
0,1,0.6133565
1,0,0.44247395
0,0,0.26341245
0,0,0.2211909
0,0,0.23504499
1,1,0.52058864
0,1,0.5261269
1,1,0.5821304
0,0,0.23504499
0,0,0.23811764
0,0,0.2206168
0,0,0.4955783
0,1,0.52058864
0,0,0.30579215
1,0,0.4882871
0,0,0.23811764
0,0,0.24291728
0,0,0.2684677
0,0,0.39027205
0,1,0.5425915
0,0,0.2206168
0,1,0.5772405
0,1,0.6470815
0,0,0.34562013
1,1,0.6632746
0,1,0.65863186
0,1,0.5496086
0,0,0.23504499
0,1,0.66628313
0,0,0.2723408
0,0,0.32339844
0,1,0.5344221
0,1,0.61206126
0,0,0.2723408
0,0,0.43111968
0,1,0.5196539
0,0,0.4873514
0,0,0.26598394
0,0,0.38994104
0,1,0.54295176
0,1,0.5060909
0,1,0.6331213
1,1,0.7442889
0,0,0.3162634
0,0,0.2206168
0,0,0.23521146
0,1,0.6281085
0,0,0.3467675
0,0,0.2211909
0,1,0.5706741
0,0,0.27642366
0,1,0.6202985
0,1,0.5794654
0,1,0.59746224
0,0,0.23621048
0,0,0.2668859
1,0,0.49244288
0,1,0.50837064
0,0,0.23521146
0,1,0.5432002
0,1,0.5203304
0,0,0.23621048
0,0,0.2211909
0,0,0.359326
0,1,0.5343994
0,1,0.5940587
0,0,0.26129892
0,0,0.2372125
0,0,0.2372125
0,0,0.27142328
0,0,0.32101703
0,0,0.2372125
0,0,0.29196474
1,1,0.73845226
0,0,0.2686686
0,0,0.26360822
0,0,0.26005182
0,0,0.46488222
0,0,0.27096888
0,0,0.3181441
0,1,0.5612895
0,1,0.5517973
0,0,0.26360822
0,0,0.26005182
0,1,0.60987586
0,1,0.65997416
0,0,0.47494233
0,1,0.73113155
0,0,0.2754487
0,1,0.6275297
0,1,0.7002371
0,0,0.2809075
0,0,0.26618096
0,0,0.3289821
0,1,0.50837064
0,0,0.23504499
0,0,0.2372125
0,0,0.24291728
0,0,0.23621048
0,1,0.6711052
1,1,0.65767276
0,1,0.60824203
1,1,0.74395055
0,0,0.27378887
0,0,0.2740439
0,0,0.35495868
0,1,0.6165305
1,1,0.68013126
0,0,0.45193243
0,1,0.6201668
1,1,0.6412498
0,0,0.359326
0,0,0.358155
0,1,0.60824203
0,0,0.34191427
0,1,0.5196539
0,0,0.2206168
0,1,0.6601116
0,0,0.32958165
0,0,0.4016403
0,1,0.6373555
1,1,0.68813837
0,0,0.23836958
0,0,0.23621048
0,1,0.5219984
0,0,0.49865654
0,1,0.58731663
1,1,0.66431344
0,1,0.69927305
0,1,0.5196539
0,0,0.23504499
0,1,0.5343994
0,0,0.33621097
0,0,0.2728197
0,0,0.23504499
0,1,0.50444096
0,0,0.48559853
0,0,0.4344148
0,1,0.6831075
1,1,0.7133555
0,0,0.49120176
1,1,0.63593537
0,0,0.4729358
0,0,0.26005182
0,0,0.3155618
0,0,0.235812
0,1,0.5103335
1,1,0.5580923
1,1,0.67506254
0,0,0.23521146
0,0,0.23504499
