Actual,Predicted,Probability
0,0,0.44993442
0,1,0.5385855
0,0,0.010059779
0,1,0.6673881
0,0,0.03910582
0,0,0.44896403
0,0,0.31738076
0,0,0.22857776
0,1,0.75936556
0,0,0.0027391566
0,0,0.25347146
0,0,0.3970759
0,1,0.5996517
0,0,0.006111834
0,1,0.5786319
0,0,0.12061465
0,0,0.013939643
0,0,0.0152394315
0,0,0.038067967
0,0,0.0067658788
1,1,0.65522987
0,0,0.00634802
0,0,0.04932689
0,0,0.30673838
0,0,0.46061015
0,1,0.85115755
0,1,0.8754654
0,0,0.23770443
0,0,0.058409624
1,1,0.82596153
0,0,0.12909271
0,0,0.11287774
0,1,0.5341194
0,0,0.1910618
0,0,0.10063513
0,0,0.004371793
0,0,0.3051461
0,0,0.012959262
0,0,0.22580664
0,0,0.22895813
0,0,0.3660288
0,0,0.2475569
0,0,0.19221352
0,1,0.79997176
1,1,0.797978
0,0,0.17955104
0,0,0.40341064
0,1,0.50236744
0,0,0.36693117
0,0,0.37468207
0,0,0.28707188
0,0,0.07183781
0,0,0.47213066
0,0,0.12573144
0,0,0.37166807
0,0,0.052860305
0,0,0.096925385
0,1,0.74232125
0,0,0.35427225
0,0,0.20430887
0,0,0.0033839925
0,0,0.08623412
0,0,0.037066866
0,0,0.39529303
1,1,0.9383243
0,1,0.7620396
0,0,0.062668815
0,0,0.002562935
0,0,0.35530528
0,1,0.84407485
0,0,0.2981334
0,0,5.6128258e-05
0,0,0.1248152
0,0,0.0114690885
1,1,0.67579967
0,0,0.007626744
0,0,0.08401317
0,1,0.5671024
0,0,0.0058442038
0,0,0.117971405
0,0,0.4198836
0,0,0.023350334
0,1,0.5551638
0,1,0.53950363
0,0,0.3394732
0,0,0.03770691
0,0,0.10302586
0,1,0.66958416
0,0,0.07233559
0,0,0.30319476
0,1,0.57499593
0,0,0.09869398
0,0,0.0052597146
0,0,0.081317835
0,1,0.5407022
0,1,0.9281792
0,0,0.33737358
0,0,0.05281081
0,1,0.8549679
0,0,0.3512029
0,0,0.03736478
0,1,0.51136285
0,0,0.092685536
0,1,0.6084697
0,0,0.00341549
0,0,0.044806466
1,0,0.45473394
0,0,0.014080874
1,1,0.6000109
0,1,0.62186944
0,0,0.0013519529
0,0,0.0053387773
0,0,0.02624989
0,1,0.5420778
0,0,0.052005116
0,0,0.28850922
1,1,0.54421633
0,0,0.058137547
0,1,0.80853957
0,0,0.0005918262
0,0,0.009463781
0,1,0.6575456
0,0,0.03467679
0,0,0.35383064
0,0,0.402316
0,0,0.0006437025
0,0,0.042232532
0,0,0.14795315
0,0,0.037970677
0,0,0.014018482
0,1,0.81292
0,1,0.6472946
0,0,0.0041868975
0,0,0.03602821
0,0,0.027474014
0,0,0.00016516526
0,0,0.013022507
0,0,0.032532763
0,0,0.0068188314
0,1,0.5010496
1,1,0.7472764
0,0,0.44201797
0,1,0.6323668
0,0,0.022468518
0,0,0.028364874
0,1,0.66238594
0,0,0.351667
0,0,0.0010963508
0,0,0.12538025
0,0,0.20412573
0,0,0.39091116
0,0,0.00015960362
1,1,0.56944525
0,0,0.06449467
0,0,0.016503291
0,0,0.29428658
0,0,0.037176732
0,0,0.0029550607
0,1,0.6645408
0,0,0.49402186
0,1,0.7205125
0,0,0.47886327
0,0,0.030115709
0,0,0.060576957
0,0,0.33160555
0,0,0.00464024
0,0,0.033235725
0,0,0.117581956
0,0,0.23905411
0,0,0.45341828
1,1,0.8143238
0,0,0.0015742622
0,1,0.55890405
1,0,0.38302025
0,0,0.0392585
0,0,0.00015335769
0,0,0.06142986
0,0,0.2260713
0,0,0.023867812
0,0,0.4065604
1,0,0.28296262
0,1,0.6689916
0,1,0.6435681
0,0,0.06933864
0,1,0.87150586
0,0,0.023821576
0,0,0.16112424
0,0,0.27314326
0,1,0.7796222
0,0,0.06362788
0,0,0.13490593
0,0,0.018637232
0,0,0.03247632
0,0,0.01288004
0,0,0.03695173
0,0,0.0011280414
0,0,0.17704058
0,0,0.04064083
0,1,0.7687124
0,0,0.016283752
0,0,0.30552185
0,1,0.62493825
0,0,0.33045653
0,0,0.42937875
1,1,0.8797965
0,0,0.29914838
1,1,0.90900695
0,1,0.5876917
0,1,0.581592
0,0,0.15023941
0,0,0.45662436
0,1,0.7459633
0,0,0.01352903
1,1,0.78347194
0,0,0.0922515
0,0,0.10012173
0,0,0.40561315
0,1,0.7781618
1,1,0.8709091
0,0,0.024355093
0,0,0.05692189
0,1,0.62030023
0,1,0.8699816
0,0,0.0092489775
0,1,0.64916813
0,1,0.56485796
0,1,0.8477201
0,0,0.36968198
0,0,0.3216893
0,1,0.5087188
0,1,0.7528562
0,1,0.68996185
0,1,0.8601596
0,0,0.0036475083
0,0,0.031082349
1,1,0.88558733
0,0,0.025187831
0,0,0.36064938
0,0,0.0028531512
0,0,0.39717472
0,0,0.36046743
1,1,0.61975336
0,0,0.011114846
1,1,0.87596977
0,0,0.0058254744
0,1,0.814974
0,0,0.16652636
0,0,0.012421475
0,1,0.56016594
0,0,0.3878982
0,0,0.026302136
0,0,0.084475495
0,1,0.6675045
0,0,0.0038285204
0,0,0.06779142
0,1,0.55077684
0,1,0.52858704
0,0,0.04167832
0,0,0.4872144
0,0,0.26010817
0,1,0.73304945
0,1,0.66363823
0,0,0.22897157
0,0,0.19009902
0,0,0.025391966
0,0,0.07348364
0,1,0.74480796
0,0,0.3598726
0,0,0.18802978
1,0,0.17250268
0,0,0.0001448077
0,0,0.012495564
1,1,0.9035036
0,0,0.04097304
0,0,0.49160844
1,1,0.57662004
0,1,0.5355363
0,1,0.7098396
0,0,0.07453508
0,0,0.0047678677
0,1,0.6674276
0,0,0.44049972
0,0,0.016451016
0,0,0.020364705
0,0,0.12481461
1,1,0.88520026
0,0,0.40453228
0,0,0.028682645
0,1,0.53274244
1,1,0.87087035
0,1,0.8121656
0,0,0.00012585837
0,0,0.0037534963
0,0,0.045113236
0,0,0.17013243
0,1,0.8273799
0,1,0.65457886
1,1,0.86631036
0,0,0.0060725245
0,0,0.02711912
0,0,0.45218414
0,1,0.54152477
0,0,0.06893862
0,0,0.046422724
0,0,0.07139698
0,0,0.35783693
1,1,0.882346
0,0,0.0037754222
1,1,0.8885293
0,0,0.16153832
0,0,0.00025954202
0,1,0.58116645
0,0,0.041615095
0,0,0.006244919
0,0,0.05429617
0,1,0.6435392
0,0,0.28409013
0,0,0.3206434
0,0,0.27462977
0,0,0.103772104
0,1,0.75926006
0,0,0.15111035
0,0,0.105247624
0,1,0.9305358
0,1,0.63141775
0,1,0.9051507
0,1,0.90250975
0,1,0.7817191
0,1,0.5350536
0,0,0.04675437
0,0,0.086106874
0,0,0.006030946
0,0,0.07871498
0,0,0.36272532
0,0,0.21831961
0,0,0.2191054
0,1,0.8910809
1,1,0.5568541
0,0,0.005830688
0,1,0.5951295
0,0,0.34487292
0,1,0.5411631
0,0,0.30004135
0,0,0.06589731
0,0,0.012276092
0,0,0.22739877
0,1,0.6244218
0,0,0.23171562
0,0,0.3055006
0,0,0.39639816
0,0,0.45837578
0,0,0.08034554
0,0,0.15023673
0,0,0.00079240854
0,0,0.17189373
0,0,0.089952335
0,1,0.800736
0,0,0.034019373
0,0,8.7266344e-05
0,0,0.077958085
0,0,0.26040497
0,0,0.029732825
0,0,0.37913817
0,0,0.00032875597
0,0,0.37009725
0,0,0.072651885
1,0,0.3183608
0,0,0.47394925
0,0,0.013610538
0,0,0.0931747
0,0,0.0038666078
0,0,0.3218167
0,0,0.02067698
0,0,0.018199962
0,0,0.0073265503
0,1,0.79248476
0,0,0.19901879
0,0,0.24472971
0,0,0.0054542674
0,1,0.6561137
1,0,0.36386892
0,0,0.054634437
0,1,0.6607493
0,0,0.1339024
0,0,0.03352287
0,0,0.056842167
0,0,0.09638595
0,0,0.2814794
0,0,0.14773679
0,0,0.18946138
0,0,0.108426124
0,0,0.18780996
0,0,0.13148637
0,0,0.10824317
0,0,0.03386522
0,0,0.010203139
0,0,0.334363
0,0,0.37109703
0,0,0.041180972
0,0,0.053568047
0,0,0.3916461
0,1,0.71373475
0,1,0.6804753
0,0,0.3022712
1,1,0.6904428
0,0,0.1589097
0,0,0.16618845
0,0,0.00135807
0,0,0.46335712
0,0,0.2327173
0,0,0.03022643
0,0,0.27087602
0,1,0.56404054
0,1,0.801219
0,0,0.4820804
0,0,0.1317868
0,0,0.00029128423
0,0,0.4536365
0,0,0.051706817
0,1,0.6837955
0,0,0.11569738
0,0,0.120446175
0,0,0.33012065
0,0,0.0763773
0,0,0.063585505
0,0,0.0032769765
0,0,0.20385394
0,0,0.116900004
0,1,0.562327
0,0,0.10823094
0,0,0.17119995
0,0,0.29309982
0,0,0.41423595
1,1,0.72719544
0,0,0.2595668
0,1,0.595039
0,0,0.03399968
0,0,0.03081021
0,0,0.48755354
0,0,0.3005491
0,0,0.14682128
0,0,0.030361695
0,1,0.61228615
0,0,0.036849126
0,0,0.010682474
0,0,0.002947977
0,0,0.027005881
0,0,0.0030694224
0,0,0.0025158501
0,0,0.057529442
0,0,0.3904181
0,0,0.0046796165
0,0,0.0029260265
0,0,0.055937354
0,0,0.019542383
0,0,0.34680265
0,1,0.78267103
0,1,0.5843049
0,0,0.00010719009
1,0,0.12095256
0,0,0.1772293
0,0,6.0206014e-05
0,0,0.4921653
0,0,0.30280173
0,1,0.50997007
0,0,0.0011091988
0,1,0.70939994
0,1,0.8037987
0,1,0.69084203
0,1,0.51859
1,1,0.8837878
0,0,0.19484209
0,0,0.3531399
0,0,0.06447718
0,1,0.5724194
0,0,0.32538065
0,0,0.42136547
0,1,0.61010134
0,0,0.0074313753
0,1,0.67472696
0,0,0.004267872
0,0,0.010104691
0,1,0.7277487
0,1,0.65755975
0,0,0.1736377
0,0,0.007975188
0,1,0.6904553
0,0,0.021378743
0,0,0.108791165
0,0,0.12650913
1,0,0.48048055
0,0,0.111346446
0,0,0.13243581
0,0,0.036646824
1,1,0.8449005
0,0,0.13005972
0,0,0.33986536
0,0,0.00035929843
0,0,0.045630597
0,0,0.4764014
1,1,0.7897429
0,1,0.93202746
0,0,0.12249319
0,0,0.13914451
0,1,0.7003461
0,0,0.37900296
0,0,0.17212373
0,1,0.71423626
0,0,0.051689133
0,0,0.026673434
0,0,0.1168771
0,1,0.7199338
0,1,0.61246157
0,1,0.78232086
0,0,0.03123492
0,0,0.076433614
0,0,0.0023704648
0,0,0.34178352
0,0,0.058608413
0,0,0.02883094
0,0,0.12267689
0,0,0.20440082
0,0,0.25596902
0,0,0.011645325
0,0,0.016762612
0,0,3.2069707e-05
0,0,0.11896519
0,0,0.047844294
0,0,0.021313967
0,0,0.028439661
0,0,0.00011015551
0,0,0.24672212
0,1,0.67640066
0,0,0.019740146
0,0,0.019998997
0,0,0.445893
0,0,0.06944924
0,1,0.61795825
1,0,0.35301667
0,0,0.3307525
0,0,0.0957168
0,0,0.07236853
0,1,0.73061305
0,1,0.66732496
0,0,0.22463943
0,0,0.47047094
0,0,0.4986657
0,0,0.06394688
0,0,0.16019168
0,1,0.66028035
0,0,0.034314048
0,0,0.097243875
0,0,0.021162491
1,1,0.70349914
0,1,0.8561374
0,1,0.71987146
0,0,0.0132673
0,0,0.40712592
0,1,0.7047994
0,0,0.036142576
0,0,0.19142237
0,1,0.50288457
0,0,0.19627787
0,0,7.0545364e-05
0,0,0.09145311
0,0,0.06911856
0,0,0.048151147
0,0,0.062407304
0,0,8.2667895e-05
0,1,0.75402844
0,0,0.028319642
0,0,0.1243994
0,0,0.022094697
0,0,0.03205615
0,1,0.79282117
0,1,0.9255234
0,0,0.010535119
1,0,0.44421437
0,1,0.7386544
0,0,0.024136633
0,0,0.29632568
0,0,0.06701518
0,0,0.07459907
0,0,0.39858523
0,1,0.6086332
0,1,0.7366454
0,0,0.19023022
0,1,0.7428924
0,1,0.5551588
0,0,0.24776712
0,0,0.038721338
0,0,0.105388485
1,1,0.53155124
0,0,0.23574658
0,0,0.15719637
0,0,0.06589731
0,0,0.25909746
0,0,0.45107076
0,0,0.010649536
1,0,0.45749852
0,1,0.7416875
0,0,0.031926256
0,0,0.20206758
0,0,0.03292885
0,0,0.009670344
0,0,0.44429502
0,0,0.018012317
0,0,0.08015129
1,1,0.70051754
0,0,0.044360388
0,1,0.55983204
0,0,0.06966304
0,0,0.3304942
0,0,0.035410706
1,0,0.37281936
0,1,0.8241584
0,0,0.011155264
0,0,0.0027244878
0,0,0.045586765
0,1,0.726542
0,0,0.22302282
0,1,0.5727277
0,1,0.65493
1,1,0.884954
1,0,0.17840691
0,0,0.013028814
0,0,0.29089707
1,1,0.5686636
0,1,0.7778551
0,0,0.1308199
1,1,0.5759642
1,1,0.9059013
0,0,0.014880688
0,1,0.7495771
0,0,0.023244977
0,1,0.59885085
0,1,0.6844885
0,0,0.03466371
0,1,0.6072031
1,1,0.7045664
0,0,0.27237147
0,0,0.049845487
0,0,0.011176786
0,0,0.30896822
0,1,0.8930308
0,0,0.18045852
0,0,0.038515594
0,0,0.06697936
0,0,0.011157994
0,1,0.8792612
0,0,0.34493113
0,0,0.21392682
0,0,0.20482008
0,0,0.011126514
0,0,0.012902345
1,0,0.18934761
0,0,0.07159026
1,1,0.91067517
0,0,0.05683942
0,0,0.12353469
0,0,0.051631536
0,0,0.3580631
0,0,0.2882252
0,1,0.6429744
0,0,0.25079116
1,1,0.80021465
0,0,0.18726864
0,1,0.55792624
0,0,0.00015234866
0,0,0.00010782178
0,0,0.10904312
0,1,0.7021263
0,1,0.6535013
0,0,0.008519971
0,0,0.01072029
0,0,0.21242377
0,0,0.016971877
0,0,0.014713184
1,0,0.44896224
1,0,0.039451312
0,0,0.42434344
0,0,0.43424556
0,1,0.8857713
1,1,0.6659007
0,0,0.042055953
0,0,0.46218202
0,1,0.8794633
0,0,0.0065744906
0,0,0.029651508
0,0,0.23213622
0,0,0.18636842
0,0,0.02223046
0,1,0.8783056
0,0,0.16305482
0,1,0.80720514
0,0,0.25097543
0,1,0.672354
0,0,0.01559737
0,1,0.6581539
1,0,0.4489731
0,1,0.5920421
1,1,0.60582954
0,0,8.097845e-05
0,0,0.18672769
0,0,0.070007086
0,1,0.8253025
0,0,0.014472731
0,1,0.6507868
0,0,0.33087325
0,0,0.0041759317
0,1,0.5611923
0,0,0.0020444675
0,0,0.22827163
0,0,0.0022659558
0,1,0.91880924
0,0,0.026599828
0,0,0.48357677
0,0,0.0070462483
0,0,0.018770281
0,0,0.016666196
0,1,0.82489794
0,0,0.14570533
0,0,0.08906739
0,0,0.0051410305
0,0,0.08243333
0,1,0.5158005
0,0,0.38877684
0,0,0.20561635
0,0,0.007439413
1,1,0.50315887
0,0,0.0021108072
0,0,0.021402992
0,0,0.41314843
0,0,0.045258854
0,0,0.0116506005
0,1,0.6841278
0,0,0.046053957
0,0,0.0023595877
0,0,0.26876107
0,1,0.7129364
0,1,0.7198545
0,1,0.74340034
0,0,0.0033770055
0,0,0.10162791
0,0,0.11787407
0,1,0.5205153
0,0,0.40033156
0,1,0.6343886
0,0,0.2715721
0,0,0.4546404
0,1,0.75783724
0,0,0.1083513
0,1,0.54754525
0,0,0.036665246
0,0,0.3796502
0,1,0.6853076
0,0,0.00031874198
0,0,0.042835604
0,1,0.71933234
0,1,0.84300095
0,0,0.14569245
0,0,0.033232544
0,0,0.051717926
0,1,0.706717
0,0,0.0969607
0,0,0.32215926
0,0,0.035664313
0,0,0.48437187
0,0,0.43667763
1,1,0.6527154
1,1,0.5977515
0,0,0.39075354
0,1,0.6413476
0,1,0.8057202
0,0,0.03613255
0,0,0.09739046
0,0,0.0013031574
0,0,0.009830338
0,0,0.0067907097
0,0,0.09109806
0,0,0.2510149
0,1,0.56246114
0,1,0.6827376
0,1,0.75916386
0,0,0.3562985
0,0,0.34152582
0,1,0.59800446
0,0,0.08765448
0,0,0.009994756
0,1,0.8270881
0,0,0.0026347197
0,0,0.035590727
1,1,0.6287301
0,0,0.07114389
0,0,0.3249039
0,0,0.4310316
0,0,0.42668107
0,0,0.035487793
0,0,0.10709282
0,1,0.6083513
0,0,0.10325426
1,1,0.784312
1,1,0.9154567
0,1,0.95264184
0,0,0.14580451
0,0,0.2651818
0,1,0.6790499
0,1,0.600717
0,0,0.1474275
1,1,0.7115242
0,0,0.15490344
0,0,0.057599857
0,0,0.0019657584
0,0,0.363599
0,0,0.01281334
0,0,0.007787402
0,0,0.40252346
0,0,0.0044052023
0,0,0.063451596
0,1,0.84208
1,1,0.75260925
0,0,0.104383565
0,0,0.10754203
0,1,0.6221379
0,0,0.0045699407
0,1,0.7805943
1,1,0.5974463
0,0,0.01921608
0,0,3.2069707e-05
0,0,0.00013836962
0,0,0.0036961618
1,0,0.24137557
0,0,0.48245516
0,0,0.2583792
0,1,0.6179792
0,0,5.6128258e-05
0,0,0.26571113
0,0,0.06402093
0,0,0.037426643
0,0,0.14848505
0,1,0.600336
0,0,0.4215486
0,0,0.11407969
0,1,0.8559466
0,1,0.6937148
0,1,0.7361311
0,0,0.2729189
0,0,0.37002513
0,0,0.31549108
0,0,0.4579202
0,1,0.6376676
0,0,0.19034617
0,1,0.80941635
0,0,0.40946972
0,0,0.029819004
1,0,0.19394326
0,0,0.13353997
0,1,0.8324171
0,0,0.00027569727
0,0,0.22535488
0,0,0.28054944
0,0,0.00443338
0,0,0.48223606
0,0,0.019776525
0,0,0.010911185
0,1,0.7145915
0,1,0.6702298
0,0,0.11158637
0,0,0.44086248
0,1,0.8165858
0,0,0.0032699846
0,0,0.050326917
0,0,0.10613287
0,0,0.048696384
0,1,0.8459119
0,0,0.30820146
0,0,0.056861755
0,0,0.072214946
0,0,0.36016756
0,0,0.14189757
0,0,0.42926827
0,1,0.78051627
0,0,0.0045314548
0,0,0.2729685
0,0,0.33158883
1,0,0.48230702
0,0,0.04115448
0,0,0.07726836
0,0,0.065381944
0,1,0.5179703
0,0,0.00012971788
0,1,0.6852212
0,1,0.86883974
0,0,0.01716846
0,0,0.028481208
0,0,0.0064637805
0,0,0.01749543
0,0,0.38712013
0,0,0.1862251
0,0,0.00015335769
0,1,0.88962317
0,0,0.24890877
0,0,0.08451852
0,0,0.045712143
1,1,0.73146755
0,0,0.04573634
0,1,0.6869897
0,1,0.5008622
0,0,0.4123768
0,0,0.042344116
0,0,0.11702293
0,0,0.041764207
0,0,0.06788567
0,0,0.36257675
0,0,0.0067441687
0,0,0.1897356
0,0,0.028404277
0,0,0.04076675
0,0,0.29304877
0,1,0.81710774
0,0,0.024182588
0,1,0.7374291
0,1,0.65272045
0,0,0.4495613
0,0,0.03781599
0,0,0.1952168
0,0,0.17838013
0,0,0.120170906
0,0,0.016159762
0,1,0.8891279
1,1,0.5093478
0,0,0.039892655
0,0,0.01056341
0,1,0.51403123
0,0,7.0545364e-05
0,1,0.6471661
0,0,0.0087325545
0,0,0.3742323
0,1,0.7323001
0,0,0.002205689
0,0,0.2172529
0,0,0.36001647
0,0,0.05652696
0,0,0.3484869
0,0,0.11883471
0,1,0.55430776
0,0,0.0050133304
0,0,0.19844837
0,1,0.8762401
0,0,0.43623713
0,0,0.054874416
0,0,0.45721462
0,1,0.52493477
0,0,0.006620427
0,1,0.7233066
0,0,0.0053603486
0,0,0.02713008
0,0,0.01776574
0,1,0.822174
0,0,0.002452622
0,0,0.24448982
0,0,0.0021863251
0,0,0.022653654
1,1,0.779816
0,0,0.00019396738
0,0,0.37465826
0,0,0.29866487
0,0,0.22585787
0,0,0.013106867
0,0,0.021815157
0,0,0.22916754
0,0,0.022476142
0,0,0.0017366556
0,0,5.1558072e-05
0,0,0.00012275239
0,0,0.32622805
0,0,0.0879658
0,0,0.008657718
0,0,0.008643524
0,0,0.48934144
0,0,0.06660741
0,0,0.028068075
0,1,0.85560125
0,0,0.061314497
0,0,0.04117181
0,0,0.21033978
0,0,0.0030530365
1,0,0.3258639
0,0,0.09384244
0,0,2.5414753e-05
0,0,0.13713746
0,1,0.68896943
0,0,0.04023158
0,0,0.0645499
0,1,0.7692604
0,0,0.019640565
0,0,0.12735184
0,0,0.10172301
0,0,0.047924675
0,0,0.038940553
0,0,0.30577558
0,0,0.0017114067
0,0,0.30009732
1,1,0.8782575
0,0,0.13771129
1,1,0.7372922
0,0,0.0048891534
0,0,0.19458602
0,0,0.1010675
0,0,0.45451495
0,0,0.08899086
0,0,0.31322306
0,0,0.45510992
1,1,0.6080695
0,0,0.03848451
0,0,0.26202232
0,0,0.105251886
0,0,0.36058846
0,0,0.45421067
0,0,0.0023690625
0,0,0.4413221
0,0,0.00890469
0,0,0.09707518
0,1,0.5405163
0,1,0.67579967
0,0,0.11797935
0,1,0.77899057
0,0,0.27102056
0,0,0.07350193
0,0,0.29936412
0,0,0.08281538
0,1,0.9239944
0,1,0.77788275
0,0,0.05865959
0,1,0.7350832
0,0,0.0035534056
0,0,0.0011284535
0,0,0.47828236
0,0,0.3576502
0,0,0.45301557
0,0,0.2094609
0,0,0.15452816
0,0,0.012449835
0,1,0.8160021
0,0,0.003446456
0,0,0.18998967
0,0,0.27231088
0,0,0.15774764
0,1,0.5342222
1,1,0.69151783
0,0,0.28121546
0,0,0.004698629
0,0,0.00016655365
0,1,0.83376837
0,1,0.64369506
0,0,0.23071931
0,0,0.4389104
0,0,0.30553752
0,1,0.59679127
0,0,0.15741247
0,1,0.8510305
0,0,0.040711787
0,1,0.78959817
0,1,0.7755002
0,1,0.5875415
1,1,0.7335912
0,0,0.070908695
0,1,0.7803562
0,0,0.41145855
0,1,0.6562868
0,0,0.26798537
0,0,0.0032507791
1,1,0.67252755
0,0,0.30028266
0,0,0.41312626
0,0,0.0001552782
1,1,0.7417479
0,0,0.055995185
0,0,0.0047708144
0,0,0.22450298
0,1,0.637896
0,1,0.79824257
0,0,0.04388594
0,0,0.04196727
0,0,0.07945454
0,0,0.0011380364
0,1,0.5500524
0,0,0.3910986
0,0,0.0064128144
0,0,0.26659477
0,1,0.6188153
0,0,0.00035068372
0,0,0.12262656
0,0,0.22631769
0,0,0.012982234
0,0,0.30095267
0,0,0.39677104
0,1,0.6829873
1,1,0.9107955
0,0,0.21925285
0,0,0.2681261
0,1,0.5649823
0,0,0.2973321
0,1,0.7723949
1,1,0.78464735
0,1,0.6813846
0,0,0.020582302
0,0,0.0038214785
0,1,0.82712513
0,0,0.49043545
1,1,0.9031784
0,0,0.0011290665
0,0,0.09854791
0,1,0.5956662
0,0,0.16792986
0,0,0.005482635
0,0,0.15266638
0,1,0.5939941
0,1,0.86566484
0,1,0.6535002
0,0,0.0026350066
0,1,0.9394354
0,1,0.81816524
0,0,0.45460817
1,1,0.71090925
1,1,0.5599489
0,0,0.22878662
0,0,0.028217547
0,0,0.48676872
1,1,0.78860945
0,0,0.21610628
0,1,0.81037927
0,0,0.010737614
1,1,0.9198753
0,0,0.15201291
0,0,0.0249395
1,1,0.80553085
0,0,0.29656595
0,0,0.038314838
1,0,0.26162443
0,1,0.8201015
0,0,0.42587638
0,0,0.019206973
0,1,0.8816262
0,0,0.051194806
0,0,0.4748163
1,1,0.75290304
0,0,0.35241744
0,1,0.6954336
0,0,0.417921
0,1,0.64604557
0,0,0.3165835
0,0,0.4329234
1,0,0.49882606
0,0,0.20773348
0,1,0.877497
0,0,0.017706841
0,0,0.4282265
0,1,0.7166323
0,0,0.037417557
0,0,0.06272121
0,1,0.745596
0,0,0.14687309
0,0,0.3780519
0,1,0.7728087
0,0,0.018216578
0,0,0.029093882
0,0,0.23332658
0,1,0.5618207
0,1,0.56826025
0,0,0.16934843
0,1,0.63717234
0,0,0.00064178056
0,0,0.00051800144
0,0,0.024177583
0,0,0.31539378
0,1,0.53634953
0,0,5.6285087e-05
0,0,0.05971889
0,0,0.47502005
0,0,0.04634396
0,0,0.16340709
0,0,0.40182453
1,0,0.28334552
0,0,0.0035489744
0,0,0.043674935
1,1,0.6659851
0,1,0.7288441
0,1,0.6998199
0,0,0.33328074
0,0,0.021970456
0,0,0.28818673
0,0,0.11374105
0,0,0.4731335
0,1,0.59989977
0,0,0.008999779
0,0,0.00020927581
1,0,0.30281025
1,0,0.18274334
0,0,0.058440223
0,0,0.0018242943
0,0,0.29608434
0,1,0.51893014
1,1,0.57280254
0,0,0.48991817
0,0,0.059632678
1,1,0.73214215
0,1,0.6540687
1,0,0.03461563
0,1,0.89477205
0,0,0.0026015232
0,1,0.81587356
0,0,0.0026008242
0,0,0.15620977
0,0,0.13957201
0,0,0.4031924
0,0,0.025073355
0,0,0.022026846
0,1,0.6503065
0,1,0.79119164
0,0,0.17642142
0,1,0.72334117
0,0,0.010700994
0,0,0.12884125
0,1,0.6266322
0,0,0.030225858
0,0,0.0023973
0,0,0.06492108
0,1,0.57381773
0,0,0.31775683
0,0,9.2136645e-05
0,0,0.17742698
0,0,0.3961259
0,0,0.02103826
0,0,0.04225089
0,1,0.871169
0,0,0.40256444
0,0,0.065297335
0,0,0.003077562
0,0,0.26069182
0,0,0.4373805
0,0,0.13597317
0,0,0.18958516
0,1,0.54632103
0,0,0.19870655
0,0,0.43927103
0,0,0.033846453
0,0,0.39868122
0,0,0.47299254
0,1,0.7026285
0,0,0.08503738
0,0,0.0031650295
0,0,0.30701852
0,0,0.39394903
0,0,0.29679003
0,0,0.013195337
0,0,0.45580965
1,0,0.4869352
0,0,0.13487887
0,1,0.55730206
0,0,0.007006518
0,0,0.24679676
0,0,0.46555802
0,0,0.4705534
0,0,0.29656985
0,1,0.6548721
0,1,0.78936344
0,0,0.29114544
1,1,0.82620746
0,0,0.12212904
0,0,0.050765283
1,1,0.7492816
0,0,0.004709481
0,0,0.47900945
0,0,0.0014214856
0,0,0.0035529868
0,0,0.19682327
0,0,0.12910803
0,0,0.15600261
0,0,0.351963
0,0,0.3842667
0,0,0.06697182
0,1,0.69036174
0,1,0.5592538
0,0,0.008140097
0,0,0.30794373
0,0,0.1623254
0,1,0.74439263
0,0,0.047410656
0,0,0.1266708
0,0,0.17794275
0,0,0.49808317
1,1,0.6969053
0,0,0.0027444267
0,0,0.19067095
1,1,0.83695775
0,0,0.09361586
0,1,0.8698249
0,0,0.30239722
0,0,0.019163415
0,0,0.098977625
0,1,0.6839092
0,0,0.3730185
0,0,0.050154313
0,0,0.047219798
0,0,0.10823689
1,1,0.8632887
0,0,0.15853824
1,1,0.7475891
0,1,0.63745797
0,1,0.8354889
0,0,0.05323277
0,1,0.55703735
1,1,0.8634969
0,0,0.34975708
1,1,0.68869406
0,0,0.094040826
1,1,0.73113966
0,1,0.517841
0,0,0.07535213
0,0,0.28367543
0,0,0.44729558
1,1,0.59362763
0,1,0.6456197
0,0,0.08048262
0,0,0.024434136
0,0,0.021881752
0,1,0.60961205
1,1,0.76734734
0,1,0.86737317
0,0,0.22856493
0,0,0.019487143
0,0,0.0013599563
0,0,0.0635819
0,0,0.16057123
1,1,0.75330615
1,1,0.5921444
0,0,0.040998906
0,0,0.45784152
0,1,0.55631465
0,0,0.007289071
0,1,0.5283986
0,0,0.025989555
0,0,0.48082614
1,1,0.9359558
0,0,0.31455344
0,0,0.0013390572
1,1,0.7331246
0,0,0.14447214
1,1,0.5020886
0,0,0.17859687
0,1,0.59413487
0,0,0.38652802
0,0,0.12020626
0,0,0.00999126
0,0,0.0001686616
0,0,0.009669737
0,0,8.7266344e-05
0,0,0.037703924
0,0,0.019034235
0,0,0.040909223
0,0,0.27782333
0,1,0.55569965
0,1,0.6945647
0,1,0.6707995
0,0,0.031266887
0,0,0.3035609
0,1,0.5943202
0,0,0.4912173
0,0,0.062269736
0,0,0.14090344
0,0,0.1811612
0,0,0.0045415913
0,1,0.7175439
1,1,0.7564333
0,0,0.04757087
0,0,0.048670866
0,0,0.02867249
0,0,0.0125894705
1,0,0.39932382
0,0,0.008807042
0,1,0.8263118
0,1,0.5435048
0,0,0.020443598
0,0,0.12571982
0,0,0.39476985
0,1,0.8268715
0,1,0.74126524
0,0,0.2292141
0,1,0.88566107
0,1,0.8020211
0,0,0.03790248
0,0,0.008466653
0,0,0.0760186
0,0,0.087470666
0,0,0.00902279
0,0,0.0841929
0,0,0.22712651
0,0,0.33441105
0,0,0.14520594
0,0,0.026984494
0,0,0.14720918
0,1,0.5443481
0,1,0.6341295
0,0,0.091262504
0,1,0.61492497
0,1,0.74044955
0,0,0.022998013
0,0,0.1342219
0,0,0.44144323
1,1,0.80577224
0,0,0.08292149
0,0,0.0005543856
0,0,0.4305231
0,0,0.005347414
0,0,0.0638003
0,0,0.44925058
0,0,0.06709099
0,0,0.104003005
0,0,0.28527954
0,0,0.19054194
0,1,0.77153957
0,0,0.06565393
0,0,0.23003301
0,0,0.041711025
0,0,0.0054307487
0,0,0.025439411
0,0,0.002561592
0,0,0.2910392
0,0,0.31880757
0,1,0.71039087
0,0,0.0054087956
0,0,0.44091246
0,0,0.017046085
0,0,0.00046487615
0,1,0.7988925
0,0,0.12802151
0,0,0.08661901
0,0,0.26586774
0,0,0.007842161
0,0,0.091818556
0,1,0.6806039
0,0,0.22107416
0,0,0.025866345
0,0,0.04913454
0,0,0.44899157
0,0,0.04198122
0,0,0.0012709105
0,0,0.3128247
0,0,0.029527817
0,0,0.17638862
0,0,0.009431081
0,0,0.017245702
0,0,0.25322852
0,0,0.36019257
0,1,0.87024796
0,1,0.7552302
0,1,0.6505716
0,0,0.14846392
0,1,0.8428307
0,0,0.07366705
0,1,0.5609326
0,1,0.61603427
0,0,0.18341331
0,0,0.0559075
1,1,0.7063008
0,0,0.31131583
0,1,0.7042745
0,0,0.0015119058
0,0,0.11827057
0,0,0.029807294
0,0,0.38935918
0,0,0.4230191
0,0,0.2247494
0,0,0.45691827
0,0,0.34807467
0,0,0.06512901
0,1,0.6284856
1,0,0.1395686
0,0,0.15717997
0,0,0.004264232
0,1,0.70878536
0,0,0.10530955
0,0,0.17446148
0,0,0.24375245
0,0,0.34598628
0,1,0.70948976
0,0,0.0005395907
0,1,0.52343976
0,0,0.116361365
0,0,0.26873982
0,1,0.57691175
0,0,0.3556617
0,0,0.12295852
0,0,0.095782794
0,0,0.29014423
0,1,0.54865015
0,0,0.015965106
0,1,0.51838416
0,1,0.77921855
0,0,0.023245763
0,0,0.4253268
0,0,0.08984826
0,0,0.0031276513
0,0,0.49950376
0,0,0.03243328
0,0,0.11092515
0,0,0.4544013
0,1,0.82082033
0,0,0.108195394
0,0,0.39517468
0,0,0.0062375898
0,0,0.0073815486
0,0,0.029100046
0,0,0.023263406
0,0,0.037648678
0,0,0.0017288941
0,0,0.39097536
0,0,0.08145536
0,0,0.005658746
0,0,0.0023993135
0,0,0.47197154
0,0,0.21167164
0,0,0.08769357
0,0,0.12911895
0,0,0.32028776
0,0,0.036087975
0,0,0.0010135933
0,0,0.0016838023
0,0,0.0012026718
0,0,0.08057586
0,0,0.00011258075
0,0,0.49002123
0,0,0.12254447
0,0,0.0044994303
0,0,0.06651006
0,0,0.49358732
0,0,0.21532352
0,0,0.13801666
0,1,0.61063737
0,1,0.79768664
0,0,0.17889483
0,0,0.066261806
0,0,0.15484639
1,1,0.79078907
0,1,0.59767
0,1,0.90048903
0,1,0.78265476
0,0,0.4826579
0,0,0.22058004
0,0,0.02694619
0,1,0.67476404
0,0,0.11598076
0,0,0.0048156492
0,0,0.114567645
0,0,0.021715868
0,1,0.8842295
0,0,0.19494706
0,1,0.72192985
0,1,0.5337931
0,0,0.05032882
0,0,0.24816434
0,1,0.7212959
0,0,0.34673843
0,0,0.019344136
0,1,0.8441916
0,0,0.24131235
0,1,0.5843582
0,0,0.030369211
0,0,4.0543353e-05
0,0,0.31820637
0,0,0.05203825
0,0,0.12447968
0,0,0.21038486
0,0,0.3592209
0,0,0.09282821
0,1,0.6333831
0,0,0.00849564
0,0,0.039067343
0,0,0.18926962
0,1,0.6702024
0,1,0.863154
0,1,0.6332995
0,0,0.35021082
0,1,0.65382504
0,0,0.00024896438
1,1,0.82330406
0,1,0.69335175
0,0,0.4846365
0,0,0.33214426
0,1,0.6698978
0,0,0.04132038
0,1,0.55873924
1,0,0.0020401448
0,0,0.009038938
0,0,0.006141345
0,0,0.034676798
1,0,0.13050929
0,0,0.05882597
0,0,0.014591256
0,1,0.54320484
0,0,0.3124557
0,0,0.08442821
0,0,0.039086387
0,0,0.4210252
0,0,0.01583911
0,0,0.05437596
0,1,0.7906785
0,0,0.36864752
1,1,0.8257456
0,0,0.008542109
0,0,0.19921339
0,0,0.007706509
0,0,0.45900914
0,0,0.07377466
0,0,0.21609789
0,0,0.25479972
0,0,0.0014144031
0,0,0.017113753
0,0,0.45671567
0,0,0.30746636
0,0,0.07177584
0,1,0.5329495
0,0,0.048261177
0,1,0.666851
0,0,0.26790717
0,0,0.18356758
0,0,0.020635303
0,1,0.72506326
1,0,0.4584516
0,0,0.31573766
0,0,0.018618247
0,0,0.182609
0,0,0.05763677
1,1,0.920882
0,0,0.36625975
0,0,0.0001932314
0,0,0.1885239
0,1,0.73348
1,1,0.6874875
0,0,0.03546168
0,0,0.00664458
0,0,0.0009375826
0,0,0.01958163
0,0,0.19807637
0,0,0.14789723
0,0,0.073709875
0,0,0.26407194
0,1,0.51789737
0,0,0.00016831474
0,0,0.10174457
0,0,0.0052261017
0,1,0.66380453
0,0,0.010271947
0,0,3.2069707e-05
0,0,0.0043367245
0,1,0.64262885
0,0,0.11877157
0,1,0.8197722
0,0,0.4874563
0,0,0.109181836
0,0,0.25956038
0,1,0.53020924
1,1,0.553268
0,0,0.012620671
0,1,0.72139555
0,0,0.0051156194
0,0,0.36023125
0,0,0.032595742
0,1,0.54021007
0,0,0.26276654
0,1,0.8003257
0,0,0.008109843
0,1,0.8195281
0,0,0.012796884
0,1,0.5011835
0,0,0.1182317
0,1,0.8578995
0,0,0.10435272
0,0,0.01621449
0,0,0.011125296
0,0,0.0005690869
0,0,0.20123225
0,0,0.12482718
1,1,0.86710554
0,0,0.019664928
0,1,0.80185425
0,1,0.5966304
1,1,0.7877558
0,0,0.05879922
0,0,0.009223914
0,1,0.6818791
0,0,0.0051393746
0,0,0.271842
0,1,0.5031627
0,1,0.60597134
0,1,0.8133838
0,1,0.67243
0,0,0.048896216
0,0,0.2106048
0,0,0.049964182
1,1,0.5458046
0,0,0.05317943
0,0,0.48822895
0,0,0.078181885
0,0,0.46314397
1,1,0.87523776
1,1,0.80111
0,1,0.802885
0,0,0.25321674
0,0,0.03740236
0,1,0.6759317
0,1,0.86618584
0,1,0.7366948
0,1,0.6069658
0,0,0.034557927
1,1,0.845082
0,0,0.114824355
0,1,0.7173785
1,1,0.50311184
0,0,0.09618523
0,0,0.07857353
0,0,0.249671
0,1,0.6554613
0,0,0.030294387
0,0,0.048947636
0,1,0.63804775
0,0,0.48380646
0,0,0.02423914
0,0,0.06653434
0,0,0.056458745
0,0,0.45814502
0,0,0.46930104
0,0,0.09344564
0,1,0.55773777
0,0,0.09454803
0,0,0.054740433
0,1,0.55677634
0,0,0.16018213
0,0,0.35645297
0,0,0.243683
0,0,0.04214566
1,1,0.9444188
0,0,0.41810614
0,0,0.27471685
0,0,0.0073726065
0,0,0.29942942
0,0,0.218813
0,0,0.017583068
0,0,0.0056441156
1,1,0.84288245
0,1,0.5694264
0,0,0.3951255
0,0,0.03726587
0,0,0.0001552782
0,1,0.83662987
0,0,0.066739984
0,0,0.22658275
0,0,0.41073743
0,0,0.11469613
0,0,0.27110642
0,0,0.36434248
0,0,0.0008207146
0,0,0.45794913
0,1,0.6262905
0,0,0.40766332
0,0,0.060830235
0,0,0.0015969503
0,0,0.065599576
0,1,0.6100577
1,1,0.70416087
0,0,0.27833474
0,0,0.052947916
0,0,0.017538136
0,0,0.03310809
0,1,0.9273197
0,0,0.3536552
0,0,0.20994098
0,0,0.10708165
0,0,0.005192308
0,0,0.007985807
0,0,0.00035929843
0,0,0.000103649516
0,0,0.068268985
0,0,0.0686127
0,0,0.0066043
0,0,0.0023861942
0,1,0.6233698
0,1,0.51103723
0,0,0.33029696
1,1,0.89299953
0,0,0.009547281
0,0,0.005375589
0,0,0.083209805
0,0,0.017339155
0,0,0.048978254
0,0,0.07694236
0,0,0.3534833
0,0,0.037453037
0,0,0.36100456
0,0,0.043440238
0,0,0.35184565
0,0,0.0044308
0,0,0.0664538
0,0,0.077100866
0,0,0.06664518
0,0,0.005938583
0,0,0.4448637
0,0,0.00034000137
0,0,0.09953125
0,0,0.016223408
0,0,0.00013589112
1,1,0.6873738
0,0,0.012413235
0,1,0.5330607
0,0,0.12754194
0,0,0.0008386963
0,0,0.3724306
0,1,0.6708341
0,1,0.83492213
0,0,0.2873839
0,1,0.67110825
1,0,0.00086832966
0,1,0.52822906
0,0,0.07281328
0,0,0.44628212
0,1,0.81314176
0,0,0.34166503
0,0,0.10661174
0,1,0.6831799
0,0,0.13349687
0,0,0.016580438
1,1,0.6516832
0,0,0.3316562
0,0,0.06761075
1,1,0.7052167
0,0,0.000103649516
0,0,0.060869183
1,1,0.93180466
0,0,0.28731027
1,0,0.42605045
0,0,0.04992028
0,0,0.003773563
0,0,0.26199272
0,0,0.08069724
0,0,0.4703172
0,0,0.008392687
1,1,0.5065309
0,0,6.423275e-05
0,0,0.02336849
0,0,0.02188446
0,1,0.83076
0,1,0.82710224
0,0,0.032343436
0,0,0.45813566
0,0,0.32143548
0,1,0.67064965
0,0,0.27467132
0,0,0.35938784
0,0,0.4238862
0,1,0.5707316
0,0,0.0029400368
0,0,0.014732947
0,0,0.0001552782
0,0,0.006603799
1,1,0.558516
0,0,0.05894295
0,0,0.0069131516
0,0,0.011449637
0,1,0.62577903
0,0,4.8454433e-05
0,0,0.32653117
1,0,0.0019744083
0,0,0.3568698
0,0,0.25424814
1,0,0.25953773
0,1,0.7862205
0,0,0.10600191
0,0,0.32800752
0,0,0.4126205
0,1,0.6457444
1,1,0.79202265
0,1,0.5303854
0,0,0.108734325
0,0,0.056526817
0,0,0.24236014
0,1,0.644527
0,0,8.4207524e-05
1,1,0.85409623
0,1,0.6025148
0,0,0.22203085
0,0,0.31758094
0,0,0.032152556
0,0,0.15310119
0,0,0.019695176
0,1,0.67673004
0,0,0.003051767
0,0,0.017046979
0,0,0.043002654
0,1,0.8159317
1,1,0.81648695
0,1,0.5807595
0,0,0.014080815
0,0,0.011179127
0,0,0.0835748
0,1,0.6392985
0,1,0.6506147
0,0,0.31877452
0,0,0.2078988
0,0,0.0096037
0,0,0.00091591873
0,0,0.19537093
0,0,0.068878256
0,0,0.45891684
1,0,0.47025698
0,0,0.1348841
0,0,0.047013104
0,0,0.30213663
0,0,0.0037534963
0,0,0.00013576978
0,0,0.26166093
0,0,0.0063956347
0,1,0.8328196
0,0,0.2391706
0,0,0.4677024
0,0,0.44040623
0,0,0.23675145
0,0,0.13365856
0,0,0.13749969
0,0,0.045785856
1,1,0.88622975
0,0,0.01914945
0,0,0.34024444
0,0,0.3791685
1,1,0.86607844
0,1,0.6240543
0,0,0.18464836
0,1,0.67288786
0,0,0.0042387866
0,0,0.12647182
0,0,0.26045567
0,1,0.5001826
0,1,0.52465075
0,0,0.055142455
0,0,0.0073246122
0,1,0.5443481
0,1,0.5616492
0,1,0.79200745
0,0,0.009080325
0,0,0.29172957
0,0,0.00021160816
0,1,0.5544659
0,0,0.019932846
0,0,0.3211551
0,0,0.0060932348
0,0,0.48118794
0,0,0.41370195
0,0,0.024109108
0,0,0.058313623
0,0,0.00011998787
1,1,0.8109309
0,0,0.0065299845
0,1,0.6663576
1,1,0.91091746
0,0,0.036705066
0,0,0.096087284
0,1,0.9609441
0,1,0.62810624
0,0,0.1523272
1,1,0.88642895
0,1,0.7380359
0,1,0.5368727
0,0,0.09615938
1,1,0.7302878
0,1,0.8571189
0,0,0.052283864
0,1,0.67624223
0,0,0.20074745
1,1,0.9711719
1,1,0.8563355
0,0,0.012712548
0,0,0.0038189392
1,1,0.83282703
0,0,0.00014562244
0,1,0.902142
0,0,0.003781457
0,0,0.028734647
0,1,0.72211844
0,0,0.11264004
0,0,0.4694477
0,1,0.9589009
0,0,0.00010457339
0,0,0.08719213
0,0,0.19579217
1,1,0.7237166
0,0,0.1198845
0,0,0.27129474
0,0,0.000117857926
0,0,0.26202792
0,0,0.4935596
0,1,0.50832456
0,0,0.22188109
0,0,0.358554
0,0,0.008454069
1,1,0.892024
0,0,0.08760756
0,0,0.07191066
0,1,0.91863394
0,0,0.09753462
0,0,0.062820055
0,0,0.4945922
0,1,0.6312556
0,0,0.027576763
0,0,0.35173807
0,0,0.47246316
0,0,0.03908198
0,0,0.07443804
0,0,0.31300303
0,0,0.044485208
0,0,0.070176154
0,1,0.74994755
0,0,0.37234658
0,0,0.15064487
0,0,0.26798537
0,0,0.31227845
0,0,0.39126527
0,1,0.6397381
0,0,0.4883046
0,0,0.059337486
0,0,0.072773255
0,0,0.13802283
0,0,0.25022718
1,1,0.90578735
0,0,0.05730402
0,0,0.060686786
0,0,0.02659599
0,1,0.8692027
0,0,0.03410854
1,0,0.060038034
0,0,0.051121432
0,0,0.4084053
1,0,0.46306163
0,1,0.5877759
0,0,0.052349217
0,0,0.2173185
1,1,0.5501478
1,1,0.7062222
0,1,0.7301455
0,0,0.45001933
1,1,0.77826524
0,0,0.45990533
1,1,0.82091147
0,0,0.01134762
0,1,0.58816427
0,0,0.13671404
0,0,0.1571442
0,1,0.584401
0,0,0.033464346
0,0,0.3946201
1,0,0.38114682
0,0,9.6410644e-05
0,1,0.6598466
0,0,0.16019168
0,0,0.0022603353
0,1,0.5224577
1,1,0.80561864
0,0,0.46710616
0,0,0.49730378
0,0,0.075992554
0,0,0.013405911
0,0,0.13653673
0,0,0.16413312
0,0,0.0052737864
0,0,5.4860437e-05
0,0,0.2719323
0,0,0.039772116
0,0,0.35832998
0,0,0.43111274
0,0,0.20961203
0,0,0.059544295
0,1,0.63295496
0,0,0.00017866967
0,0,0.2873915
0,0,0.004010461
0,0,0.431906
0,0,0.42038465
0,1,0.7813198
0,0,0.02591166
0,1,0.7922598
0,1,0.65714395
1,0,0.23264404
0,1,0.52039117
0,0,0.023962213
0,0,0.18624121
0,0,0.035532173
0,1,0.5549777
0,0,0.0019242832
0,0,0.01915547
0,0,0.26366487
0,1,0.89437455
0,0,0.40833724
1,1,0.78850883
0,0,0.09464836
0,0,0.15463966
0,0,0.36963156
1,0,0.37972867
0,0,0.005225256
0,0,0.25817242
0,0,0.051621944
0,0,0.12034342
0,1,0.6582708
0,1,0.79293233
0,1,0.5822426
0,0,0.18555501
0,1,0.932143
0,0,0.16033308
0,0,0.11918029
0,1,0.6447788
0,1,0.7405126
0,1,0.8214344
0,0,0.3423348
0,0,0.10492683
1,0,0.4783007
0,0,0.000103649516
0,0,0.0035332462
0,0,0.09877626
0,0,0.027203135
0,0,0.2791761
0,1,0.5028931
0,0,0.011004116
0,0,0.01982558
0,0,0.0068687494
0,1,0.7737337
0,0,0.0247622
0,1,0.62293977
0,1,0.8381616
0,0,0.124188654
0,1,0.636306
0,1,0.9512047
0,1,0.85769045
0,0,0.3680542
0,0,0.23919468
1,1,0.7367987
0,0,0.22607493
0,0,0.055484608
0,0,0.0042490936
0,1,0.9121462
0,0,0.018215416
0,1,0.5855516
0,0,0.04693736
0,0,0.014996424
0,0,5.1558072e-05
0,1,0.8588203
0,0,0.37215158
1,1,0.6716164
1,1,0.8790813
0,0,0.10044832
0,1,0.7617516
0,0,0.011925025
1,0,0.3240244
0,0,0.047682337
1,1,0.53056735
0,0,0.026508514
0,0,0.037983406
0,0,0.05057645
1,0,0.2959061
0,0,0.00090426195
0,0,0.30420563
0,0,0.11712258
0,1,0.78390145
0,0,0.40336847
0,0,0.14023742
0,0,0.011334217
0,0,0.49317738
0,0,0.32465565
0,0,0.03666549
0,0,0.005581664
0,1,0.62518775
0,0,0.020559687
0,0,0.0010595461
0,0,0.022399683
0,0,0.060502592
0,1,0.82768196
1,1,0.799884
0,0,0.43531767
0,1,0.8432807
0,0,0.2831139
0,0,0.105377465
0,0,0.26924518
0,0,0.00011015551
0,0,0.06301552
0,1,0.79664725
0,0,0.414271
0,0,0.47896114
1,1,0.6416211
1,1,0.7408008
1,1,0.9082146
0,0,0.008023504
0,0,0.0020988728
0,0,0.11871972
0,0,3.266312e-05
0,1,0.8033662
0,0,0.14058432
0,0,0.014934425
0,0,0.20691557
0,1,0.5770564
0,0,0.21760935
0,1,0.6921349
0,0,0.0018237507
0,0,0.38760468
0,0,5.6285087e-05
0,0,0.2752305
0,1,0.7727713
0,0,0.16816616
0,0,0.16535543
0,0,0.12679979
0,0,0.15907244
0,0,0.29879275
0,0,0.49411792
0,0,0.000817616
0,0,0.008548743
0,1,0.7443685
0,0,0.3226524
0,0,0.38879082
0,0,0.029217366
0,0,0.22375941
0,0,0.05397811
1,1,0.6802481
0,1,0.60624784
0,0,0.017990679
0,0,0.062725194
0,0,0.09887481
0,1,0.5642863
0,0,0.016323244
0,0,0.025101706
0,0,1.6735383e-05
0,0,2.6350983e-05
1,0,0.23046984
0,0,0.2764841
0,0,0.014782074
0,0,0.49100718
0,1,0.7360149
0,0,0.038043562
0,1,0.51758146
0,0,0.33184275
0,0,0.10129515
0,0,0.023838812
0,0,0.38910627
0,1,0.77068067
0,0,0.036086515
0,0,0.0588199
0,0,0.03699032
1,1,0.7048841
0,1,0.61212057
0,0,0.44293642
0,0,0.0059589245
0,0,0.12239593
0,0,0.035253555
0,1,0.7319828
0,0,0.15820757
0,0,0.0013031574
1,0,0.32056287
0,0,0.22497904
0,0,0.010881266
0,0,0.30407038
0,1,0.5928579
0,1,0.67061377
0,0,0.061788626
0,1,0.81735104
1,1,0.5933016
0,1,0.61034214
0,0,0.11617397
0,0,0.01217607
0,0,0.015914
0,0,0.14217277
0,0,0.0034838363
0,0,0.041212067
0,0,0.29945654
1,1,0.67333466
0,0,0.024637992
0,1,0.8016401
0,0,0.2968585
0,0,0.4432061
0,1,0.6075799
0,0,0.036774497
0,0,0.03080815
0,0,0.032708615
0,0,0.032063734
0,1,0.91111344
0,1,0.71911013
1,1,0.8660058
0,0,0.0010896589
0,0,0.18449838
0,0,0.09876238
0,0,0.49050736
0,1,0.51319176
0,0,0.06532193
0,0,0.15884206
0,1,0.7706179
0,0,0.122331195
1,1,0.58233094
1,1,0.7308408
0,0,0.0022662869
0,0,0.07440193
0,1,0.5999369
0,0,0.27531666
0,1,0.5014553
0,0,0.3598689
0,0,7.0545364e-05
0,1,0.56878704
1,1,0.7418438
0,0,0.0066928193
0,0,0.0059996336
0,0,0.44488412
0,0,0.13048005
0,0,0.09226677
0,0,0.03132781
0,0,0.008913675
0,0,0.3672058
0,0,0.49385515
0,0,0.4048506
0,0,0.30862445
1,1,0.8837194
0,0,8.1838596e-05
0,0,0.04852033
0,0,0.056110736
0,0,0.25036266
0,0,0.3029944
0,0,0.048554476
0,0,0.000103649516
0,0,0.41642073
0,0,0.0015018993
1,1,0.826177
0,1,0.7714228
0,1,0.54539436
0,0,0.020015532
0,0,0.106824525
0,0,0.361491
0,0,0.15889066
0,1,0.85518193
0,1,0.62024933
1,1,0.69982517
0,0,0.2748361
0,0,0.39446563
0,0,0.42547986
1,1,0.69166017
0,0,0.4380923
0,1,0.77269536
0,0,0.20260185
0,1,0.685525
0,0,0.018484676
0,1,0.8522614
0,0,0.01072075
0,0,0.0013708449
0,0,0.044870313
0,0,0.16707067
0,0,0.40712306
0,1,0.8580114
0,0,0.10753704
0,0,0.023983356
0,0,0.030827798
0,1,0.7084386
1,1,0.9845633
0,0,0.0002534643
0,0,0.23199205
0,0,0.07920107
0,0,0.01644857
0,0,0.332384
0,0,0.45864123
0,1,0.70539635
1,1,0.51058733
0,0,0.36789113
1,0,0.20779055
0,0,0.056231234
0,1,0.78635716
0,1,0.6577911
1,1,0.5743997
0,1,0.6843347
0,0,0.051609058
0,1,0.784835
1,1,0.96370214
0,0,0.0029951932
0,0,0.20525526
0,0,0.30178797
0,1,0.5374733
0,0,0.05334415
0,0,0.06791758
0,0,0.00045740965
0,0,0.020688362
0,0,0.04297456
0,0,0.00042773254
0,1,0.6513711
0,1,0.8695287
1,0,0.2809376
0,0,0.17883751
0,0,0.2592266
0,0,0.11560332
0,0,0.0064387247
0,1,0.7139372
1,0,0.040733684
0,0,0.0029474979
0,0,0.44676176
0,0,0.08632205
0,0,0.052416805
0,1,0.9205531
1,0,0.25637364
0,1,0.517445
1,0,0.49684855
0,0,0.38045743
0,0,0.36205348
0,0,0.22711778
0,0,0.2083001
0,0,0.45144606
0,0,0.0027994332
0,0,0.4063295
0,0,0.066761
0,0,3.2069707e-05
0,0,0.024617929
1,1,0.7152162
0,1,0.5027067
0,0,0.09891466
0,0,0.0051175877
0,0,0.08458646
0,1,0.9267172
1,1,0.6675652
0,0,0.46491665
0,1,0.74317765
0,1,0.6715568
0,0,0.10420354
0,0,0.07170241
0,0,0.020114508
0,0,0.033547737
0,0,0.008463923
0,1,0.510691
0,1,0.6517522
0,1,0.7073965
1,1,0.77776533
1,1,0.9157537
0,0,0.06710942
0,0,0.0753108
0,0,0.30692858
0,0,0.015105451
0,0,0.00015960362
0,1,0.5197181
0,0,0.32498226
0,0,0.06556575
0,0,0.1795717
0,1,0.68253094
0,0,0.12459606
0,0,0.37363023
1,0,0.36462906
0,1,0.77661705
0,0,0.13106789
0,0,0.013395887
1,1,0.64719844
0,0,0.12521282
0,0,0.006333461
0,0,0.33934492
0,1,0.7216047
0,0,0.13217594
0,0,0.0042997575
0,0,0.0072936714
0,1,0.7060125
0,0,0.0111381095
0,0,0.0005918262
0,0,0.0066872523
0,1,0.75703245
0,1,0.68286085
0,0,0.015889091
0,1,0.5823006
0,0,0.024561707
0,1,0.60539365
0,1,0.71111625
0,0,0.1376556
0,0,0.42455307
1,1,0.52976805
0,1,0.57273084
0,1,0.5668159
0,0,0.17592232
0,0,0.16295107
0,0,0.05862874
0,1,0.71804804
0,1,0.72670555
0,1,0.7445384
0,1,0.55355924
0,1,0.65619886
0,0,0.005999861
0,0,0.23113099
1,1,0.65212244
0,0,0.19540596
0,0,0.38222063
0,0,0.029671162
0,0,0.33371645
0,0,0.33112618
0,0,0.46163765
0,0,0.22625713
0,0,0.15992312
0,0,0.11989568
0,0,0.005913263
0,1,0.604355
1,0,0.28194785
0,0,0.2393816
0,0,0.013496841
0,0,0.29767886
1,1,0.888966
0,0,0.06494463
0,0,6.222435e-05
1,0,0.21363461
0,0,0.26003197
0,0,0.07515453
0,0,0.00094956945
1,0,0.44669792
0,1,0.732414
0,0,0.14627571
0,0,0.19072486
0,0,0.4659918
0,0,0.4226488
0,0,0.019569842
0,0,0.14805432
0,0,0.035636414
0,0,0.4091547
0,0,0.35850668
0,0,0.025047477
1,1,0.69544643
0,1,0.85953873
0,0,0.006284349
0,1,0.5333731
0,1,0.55268013
1,1,0.61076134
0,0,0.12016524
0,0,0.0052073817
0,0,0.21154413
1,1,0.63437456
1,1,0.96367526
0,1,0.80661756
0,1,0.6165342
0,0,0.08364242
0,0,0.0011778785
0,1,0.512229
0,1,0.83793885
0,0,0.44644895
0,0,0.49062878
0,1,0.513459
0,0,0.07526477
0,0,3.321467e-05
0,0,9.299329e-05
0,1,0.73604876
0,0,0.1325028
0,1,0.60512877
0,0,0.0027320061
0,0,5.5768334e-05
0,0,0.015240661
0,0,0.026962923
0,0,8.2667895e-05
0,1,0.60412633
0,0,0.0010252123
0,0,0.122304924
0,0,0.15882474
0,0,0.001199689
0,1,0.69968534
0,0,0.056270584
0,0,0.3787953
0,1,0.6785557
0,0,0.122879215
0,0,0.077565715
0,0,0.015893677
0,0,0.006197027
0,0,0.001173089
1,1,0.6904841
0,1,0.8203488
0,0,0.026987411
0,0,0.3932256
0,1,0.8286249
1,1,0.9018565
0,0,0.31130815
0,1,0.75274754
0,0,0.13884836
0,0,0.10967923
1,0,0.38223976
1,0,0.2172529
0,0,0.32685927
1,1,0.80374235
0,0,0.4971998
0,0,0.08008813
0,0,0.44386932
0,0,0.016051227
0,1,0.59085625
0,0,0.24423082
0,0,0.49233958
0,0,0.018867383
0,1,0.7328571
0,1,0.6632551
0,0,0.49069908
0,0,0.4283928
0,0,0.027188087
0,0,0.39025268
0,0,0.22634192
0,0,0.2777646
0,0,0.058615137
0,0,0.08047805
0,0,0.30525285
0,0,0.01839295
0,1,0.71715844
0,1,0.89232117
0,1,0.56329876
0,0,0.26760656
0,1,0.52114576
0,0,0.0050494154
0,0,3.9312396e-05
0,0,0.032356527
0,1,0.5841517
0,0,0.07152252
0,1,0.66990864
0,0,0.13619538
0,0,0.0072945757
0,0,0.3587948
0,1,0.78271437
0,0,0.3386836
0,0,0.007001922
0,0,0.05882626
0,0,0.09912982
0,0,0.08569819
0,0,0.0027982139
0,0,0.007837124
0,0,0.4543072
0,0,0.071861684
0,0,0.03234723
0,0,0.03038725
0,1,0.7787069
0,1,0.5778345
0,0,0.07794083
0,0,0.069363154
0,1,0.7865848
1,1,0.5109257
0,0,0.42886618
1,1,0.8366866
0,0,0.012632571
1,1,0.5745323
0,0,0.048451807
0,0,0.026147379
0,0,0.015461129
0,0,0.00090148114
0,1,0.63451874
0,0,0.0048316494
0,0,0.07470454
0,1,0.8252131
1,1,0.93046105
0,0,0.24130602
0,0,0.34379134
0,1,0.63402635
0,0,0.05949462
0,0,0.46346325
0,0,0.030146807
0,0,0.00025138757
0,0,0.07112008
0,0,0.23544204
0,1,0.53776306
1,1,0.91660947
0,0,0.035132926
0,0,0.009370995
0,0,0.08910866
0,0,0.22553766
0,0,0.07055617
0,0,0.10438941
0,0,0.026279474
0,0,0.00496546
0,1,0.76576656
1,1,0.84806085
0,0,0.003760046
0,0,0.11682043
1,1,0.6516748
0,0,0.008913856
1,1,0.6470871
0,0,0.048195142
0,0,0.34940672
0,0,0.003408029
0,1,0.6572736
0,0,0.105408706
0,0,0.31943882
1,0,0.3760277
0,0,0.31383535
0,1,0.7091546
0,0,0.0011684168
0,0,0.29619357
0,1,0.7895344
0,0,0.211471
0,0,0.44457042
0,0,0.2956466
0,1,0.7647765
0,0,0.06151628
0,1,0.5075297
0,1,0.6063576
1,1,0.73624355
0,1,0.63823014
0,0,0.3853237
0,1,0.6683168
0,0,0.015892252
0,0,0.0025818911
0,0,0.061380193
0,1,0.5384204
0,0,0.000117857926
0,0,0.20553745
0,0,0.24292274
0,0,0.00017488601
0,0,0.18469642
0,0,0.29997385
0,0,0.033719335
0,0,0.2986228
0,0,0.016544074
0,1,0.72713923
0,0,0.045752887
0,0,0.20746022
0,0,0.31192356
0,0,0.4228666
0,0,0.3616519
0,1,0.8237954
0,0,0.0033001928
0,0,0.099906884
0,0,0.06505078
0,0,0.029303577
0,1,0.6213217
1,1,0.8089686
0,0,0.0137593215
0,0,0.4159091
0,0,0.09471645
0,0,0.089594
0,0,0.0047446503
0,0,0.15810974
0,0,9.5622585e-05
0,0,0.038458064
1,1,0.8633126
1,1,0.7786341
0,0,0.029102616
0,0,0.047798496
0,1,0.6694317
1,1,0.78684396
0,1,0.88379234
0,0,0.0061065475
0,0,0.4145153
0,0,0.069570385
0,1,0.86193347
0,0,0.014694124
1,1,0.8653209
0,0,0.000117469615
0,1,0.76791584
1,0,0.21676002
0,0,0.18533222
0,0,0.021447692
1,0,0.46365604
0,0,0.020297928
0,0,0.118247576
0,0,0.005036957
0,0,0.08526395
0,0,0.011421386
0,0,0.2640194
0,0,0.07679354
0,0,0.04124375
0,0,0.062018007
0,1,0.58448476
0,0,0.1350298
0,0,0.16340804
1,0,0.046015225
0,0,0.09854726
0,0,0.21022306
1,1,0.57388085
0,0,0.052014273
0,0,0.13263577
0,0,0.010771445
0,0,1.230052e-05
0,0,0.247424
0,0,0.41663826
0,0,0.04535429
0,0,0.037523307
0,0,0.019007271
0,1,0.80016446
0,0,0.02247741
0,0,0.014716295
0,0,0.039993804
0,0,0.2041919
0,0,0.016726939
0,1,0.59827596
0,0,0.004861088
0,0,0.20890683
0,0,0.01153216
0,0,0.0052261017
0,0,0.17357886
0,1,0.6904782
0,1,0.75035715
0,0,0.13401748
0,1,0.63364583
0,0,0.42809522
0,1,0.6445161
0,0,0.13579832
0,0,0.000103649516
0,0,0.019902034
0,0,0.47107172
0,0,0.14534627
0,0,0.09984437
0,1,0.6912899
0,0,0.053289644
0,0,0.29261994
0,0,0.038672604
0,0,0.0014073136
0,0,0.18148664
1,1,0.6491605
0,0,0.16298196
0,1,0.57167876
0,1,0.53761834
0,0,0.17333464
0,0,0.012158723
0,0,0.00035929843
0,0,0.029858435
0,0,0.14103456
0,0,0.275478
0,0,0.004868129
0,0,0.47126713
0,0,0.024137806
0,1,0.75368154
0,0,0.0022927413
0,1,0.6170849
0,0,0.007198074
0,0,0.42239305
0,1,0.5819439
0,0,0.076824926
0,0,0.44768918
0,0,0.0031411946
0,0,0.17911182
0,0,0.35498503
0,0,0.016968567
0,0,0.07175536
0,0,0.069655634
0,0,0.03894446
0,0,0.024985129
0,0,0.09729755
0,0,0.0673854
0,0,0.30731365
0,1,0.78798723
0,0,0.08915355
0,0,0.016584823
0,0,0.0066718124
1,1,0.54453474
0,0,0.0085839145
0,0,0.057203308
0,0,0.0466075
0,0,0.11311169
0,0,0.22904125
0,0,0.42677972
0,1,0.8777375
0,0,0.028237814
0,0,0.1702546
0,0,0.16309467
0,0,0.15187924
0,0,0.00027410738
1,1,0.7837707
0,1,0.8988836
0,0,0.44466883
1,0,0.4997067
0,1,0.56560695
0,0,0.34038755
0,1,0.7506653
0,0,0.300366
1,1,0.65059966
1,0,0.274201
0,0,0.00901739
0,0,0.11928489
1,1,0.89151394
0,0,0.3503206
0,0,0.49564844
0,0,0.042210214
0,0,0.3522704
0,0,0.03817121
0,0,0.022258164
0,1,0.57274824
0,0,0.32157224
0,1,0.6070308
0,0,0.3032086
0,0,0.13953723
1,0,0.4973337
1,1,0.53856945
0,0,0.0015955066
0,0,0.010695084
0,0,0.020345975
0,0,0.26375124
0,0,0.31962934
0,0,0.022083081
0,0,0.024247257
0,0,0.09530318
1,1,0.8796893
0,0,0.094491996
0,1,0.6690142
0,0,0.23400763
0,1,0.5918533
0,1,0.6358966
0,0,0.018757455
0,0,0.45606378
0,0,0.34261513
0,0,0.18060231
0,0,0.12813887
0,1,0.78437364
0,0,0.37727708
0,1,0.85312134
0,1,0.80528843
0,0,0.106888406
0,1,0.7600559
0,1,0.63814497
0,0,0.0040351865
0,0,0.041503493
0,0,0.015334243
0,0,0.035435334
0,0,0.29798013
1,0,0.31804794
0,0,0.026638718
0,1,0.5695789
0,0,0.0034688902
0,0,0.24290974
1,1,0.81334597
0,0,0.46511343
0,1,0.64953643
0,1,0.9294138
0,0,0.008892805
0,0,0.12241349
0,0,0.008345741
1,1,0.747613
0,0,0.1327799
0,0,0.41538587
0,0,0.008933487
0,0,0.18513949
0,0,0.034711603
0,0,0.08035769
0,0,0.08033883
0,0,0.048664197
0,0,0.06576599
0,0,0.00030833366
1,0,0.028633902
0,0,0.003927682
0,0,0.062244266
0,0,0.4626962
0,0,0.42633036
0,0,0.36989018
0,1,0.6492211
0,0,0.024397938
0,0,0.0012649032
1,1,0.836348
0,0,0.00025138757
0,0,0.31733128
0,0,0.03198597
0,0,0.00032582233
0,0,0.32516965
0,0,0.016721826
0,1,0.8454819
0,0,0.33838058
0,0,0.031559378
0,0,0.14332369
0,1,0.807565
0,0,0.4911865
0,0,0.06311008
0,0,0.32245773
0,1,0.7816832
0,0,0.28807873
0,0,0.0021500108
0,1,0.6086066
1,1,0.828067
0,0,0.015470778
0,0,0.19945598
0,0,0.16266237
0,0,0.18400441
0,0,0.12353451
0,0,0.006285573
0,0,0.11470307
0,1,0.7119991
0,1,0.5655732
0,0,0.018881952
0,0,0.487195
0,0,0.011759016
0,0,0.22518447
0,0,0.13268489
0,1,0.70828104
0,0,0.30167156
0,0,0.27924004
0,0,0.003987376
0,1,0.5286387
0,0,0.036439482
1,1,0.88541436
0,0,0.38841695
0,0,0.3531006
0,1,0.7510338
0,0,0.14691792
0,0,0.16525355
0,1,0.65702814
0,0,0.056464877
0,0,0.19081786
0,0,0.4085683
0,0,0.4938382
0,0,0.101560004
0,0,0.23016769
1,1,0.7672572
0,0,0.16407144
0,0,0.014523365
0,0,0.033407904
0,0,0.2603364
0,0,0.00014109632
0,0,0.3909598
0,0,0.49978694
1,1,0.52620757
0,0,0.3433268
0,0,0.32163984
0,1,0.7827202
0,1,0.6563969
0,0,0.2958305
0,0,0.3898438
0,0,0.02618257
0,0,0.0014148213
0,0,0.06939798
0,0,0.4418204
0,0,0.24402499
0,0,0.018210897
0,1,0.6576893
0,0,0.20471355
0,1,0.61523646
0,0,0.20124747
1,1,0.93020684
0,0,0.23553431
1,1,0.7840745
1,1,0.91884047
0,0,0.074663386
0,1,0.7445135
0,0,0.20177254
0,1,0.73148674
0,0,0.031797163
0,0,0.03167675
0,1,0.50503933
0,0,0.15475453
0,0,0.013880798
0,0,0.22552265
0,0,0.18517943
0,1,0.8157864
0,1,0.8386435
0,0,0.05479417
0,0,0.48949975
0,0,0.35600156
0,0,0.066246085
1,1,0.5217935
0,0,0.008955641
0,1,0.6542044
0,0,0.2428581
0,0,0.40024674
0,0,0.030015016
0,0,0.00037659195
1,0,0.042145085
0,0,0.4244734
0,0,0.3981113
1,0,0.3726883
0,0,0.0057805423
0,0,0.21200854
0,0,0.01617579
0,0,0.094657354
0,0,0.13371018
0,1,0.6984273
0,0,0.0034228016
0,0,0.36972997
0,1,0.6365932
0,0,0.003847378
0,0,0.32821426
0,0,0.12101705
0,1,0.83183044
0,1,0.5537308
0,0,0.36999282
1,0,0.086908884
0,0,0.12518619
0,1,0.6674106
0,1,0.5104592
0,0,0.002686154
0,0,0.08486797
0,1,0.66391456
0,0,0.01523149
0,0,0.0016894088
0,0,0.015527764
0,0,0.32176897
0,0,0.18023425
0,0,0.016785474
0,1,0.684075
0,0,0.00086126575
0,0,0.2074294
1,1,0.8043385
0,0,0.12055646
0,0,0.3210199
0,0,9.5622585e-05
0,0,0.06477537
0,0,0.024664959
0,1,0.5262697
0,0,0.21086933
0,0,6.0018163e-05
0,0,0.0061501465
1,1,0.7038158
0,0,0.21417226
0,1,0.7294067
0,0,0.019776525
0,0,0.29661524
0,0,0.00963961
0,0,0.24805602
0,0,0.10693484
0,1,0.50622004
0,0,0.0157057
0,1,0.5803171
0,0,0.00018166822
0,1,0.5407588
0,0,0.015580613
0,0,0.039217174
0,0,0.37449396
0,0,0.005224882
0,0,0.40739152
0,1,0.59193456
0,0,0.44048733
1,1,0.71734875
0,1,0.5075321
0,0,0.15480873
0,0,0.29867893
0,0,0.027904002
0,1,0.55596787
0,0,0.13634944
0,0,0.15620221
0,0,0.0034233613
0,0,0.0024292632
0,0,0.03715111
0,1,0.77870375
0,1,0.65593547
0,0,0.31410453
0,0,0.39625964
0,1,0.84675014
0,0,0.010100589
0,0,0.34893778
0,0,0.03769107
0,0,0.13008998
0,0,0.36518055
0,0,0.30477214
0,0,0.28812864
0,0,0.13291007
0,0,7.304822e-05
0,0,0.08228082
0,1,0.56924874
0,0,0.016735427
0,0,0.11611186
0,0,0.03594397
0,0,0.12692867
0,0,0.011574579
0,0,0.00014109632
0,0,0.24210118
0,0,0.04899165
0,1,0.6096498
0,0,0.052148547
0,0,0.39158195
1,1,0.5196713
0,0,0.1458556
0,0,0.23340496
0,0,0.0025827633
0,0,0.20261015
0,1,0.8421373
0,0,0.27938706
1,1,0.80465823
1,1,0.6718852
0,1,0.83712864
0,0,0.0995972
0,0,0.0792548
0,0,0.023962213
0,0,0.14548025
0,0,0.007815963
0,0,0.19553371
0,0,0.0639531
0,1,0.58894074
0,0,0.07681199
0,0,0.023618635
0,1,0.7815323
0,0,0.004709481
0,0,0.33816937
0,0,0.37956718
0,0,0.014576528
0,1,0.94660854
0,0,0.08044448
0,0,0.30359805
0,0,0.15482683
0,0,0.43076602
1,1,0.7360125
0,1,0.59912235
0,1,0.9317789
0,0,0.017931085
0,1,0.7801863
0,0,0.044554867
0,0,0.2874791
0,0,0.37856126
0,1,0.8689269
1,1,0.7211674
0,1,0.6192028
0,0,0.0939898
0,1,0.8000057
0,0,0.0060307863
0,0,0.33962172
1,1,0.91588557
0,0,0.17655186
0,0,0.09311209
0,0,0.09663138
0,0,0.09978148
0,0,0.27769735
0,1,0.6391011
0,0,0.008608134
0,0,0.0010963508
1,1,0.88155246
0,0,0.06887296
0,0,0.00027569727
0,0,0.038019348
0,0,0.038988627
0,0,0.26481754
1,1,0.7286247
1,0,0.49833816
0,1,0.8891344
0,0,0.23122768
0,0,0.000103649516
0,0,0.029690854
0,0,0.011420105
1,1,0.6218936
0,0,0.14687309
0,0,0.13258706
0,0,0.3147291
0,0,0.4824719
0,0,0.24326488
0,0,0.0102117
0,0,0.03375073
0,1,0.8151064
0,0,0.4626128
0,0,0.06512229
0,1,0.75445265
0,1,0.5823291
0,1,0.7268219
0,0,0.17465876
0,1,0.8076335
0,0,0.01099056
0,0,0.15357322
0,1,0.76703095
0,0,0.037640035
0,0,0.014474914
0,0,0.07588018
0,0,0.013394287
0,0,0.026990373
0,0,0.20384338
0,0,0.0030293425
0,1,0.58758014
0,0,0.12711
1,1,0.66060174
0,1,0.8155474
0,0,0.24996349
0,1,0.759994
0,0,0.06349271
0,0,0.48971257
0,0,0.04349608
0,1,0.6179487
0,0,0.0032247414
0,0,0.01270297
0,0,0.1784069
0,0,0.0013934611
0,0,0.0020894343
0,1,0.5199667
0,0,5.1558072e-05
0,0,0.30808535
0,0,0.0024633328
0,0,0.038099498
1,1,0.8148325
0,0,0.020443598
1,0,0.4895555
0,0,0.00032764333
0,0,0.0021134748
0,0,0.23314543
0,1,0.9440547
0,0,0.24445668
0,0,0.0033543361
0,0,0.0032169751
0,0,0.24824807
0,1,0.5123372
0,0,0.0014741115
0,0,0.41586205
0,0,0.2624066
0,1,0.66953146
0,0,0.016292525
0,0,0.11979903
0,0,0.21757415
0,1,0.5726926
0,0,0.19949967
0,0,0.3313503
0,0,0.033569567
0,0,0.04913312
0,0,0.28062662
0,1,0.7806683
0,0,0.15289165
0,1,0.6672906
0,0,0.09908839
0,0,0.024781093
0,0,0.041193616
0,1,0.7058985
0,0,0.07367108
0,1,0.8925423
0,0,0.053376086
0,0,0.025953885
0,0,0.003574605
0,1,0.9157053
0,0,0.3745312
0,0,0.068174936
0,1,0.5566263
0,1,0.9036803
0,1,0.65131456
0,0,0.10058209
0,0,0.00036219638
0,0,0.010311039
0,0,0.29469046
0,0,0.016439676
0,1,0.7437048
0,0,0.18021816
0,0,0.03479012
0,0,8.2933744e-05
0,0,0.03729855
1,1,0.9063016
1,0,0.25685158
1,1,0.8965135
0,0,0.0012683608
0,0,0.072280645
1,1,0.76871234
0,0,0.006017193
0,0,0.012317581
0,0,0.04650457
0,0,0.016346743
0,0,0.01652517
1,0,0.10061806
0,0,0.19102287
0,0,0.082133114
0,0,0.31956944
0,0,0.037409693
0,0,0.007299491
1,1,0.59065163
0,0,0.04984526
0,0,0.31165683
0,0,0.30390263
0,0,0.00013836962
0,0,0.018152934
0,0,0.00030833366
0,1,0.6371645
0,0,0.19532676
0,0,0.02666147
0,0,0.02661885
0,0,0.2701567
0,0,0.012313365
0,0,0.26176542
0,0,0.24422446
0,1,0.6342681
0,0,0.041630592
0,1,0.80690837
0,0,0.45860845
0,0,0.008545728
0,0,0.001913438
0,0,0.40476078
0,1,0.5712212
0,0,0.2279269
0,0,0.4683529
0,0,0.16874826
0,0,0.16354156
0,0,0.24906649
0,0,0.2754736
0,1,0.6414452
0,0,0.016799197
0,0,0.049804028
0,0,0.11327935
0,0,0.100632444
0,1,0.74705654
0,1,0.5585304
0,0,0.39287114
0,0,0.011315093
0,0,0.007486159
0,1,0.68241715
0,1,0.8183837
0,1,0.6164741
0,1,0.6686914
0,0,0.44292313
0,0,0.37103635
0,1,0.5586347
0,0,0.37668794
0,0,0.21445441
0,0,0.15125825
0,0,0.005088675
0,1,0.8382479
0,0,0.32072982
1,1,0.6450776
0,0,0.12203824
0,1,0.74365646
0,0,0.023559123
0,1,0.6583327
0,0,0.4065976
0,1,0.7657405
0,1,0.54541063
0,0,0.4514126
0,0,0.044836547
0,0,0.13253365
0,0,0.014529666
0,0,0.28725192
0,0,0.41796386
0,0,0.17740877
0,0,6.0018163e-05
0,0,0.03888027
0,1,0.780115
0,1,0.67685413
0,1,0.5711325
0,0,0.10778057
1,0,0.07010626
0,0,0.15067263
0,0,0.3403195
0,0,0.0069642933
0,1,0.8768561
1,1,0.7611001
0,0,0.096486405
0,0,0.15937203
0,1,0.78697157
0,0,0.0023704648
0,0,3.2069707e-05
0,0,0.4908557
1,1,0.60590106
0,0,0.00082504604
0,0,0.040711787
0,0,0.4893622
0,0,0.24275403
0,0,0.16782948
0,1,0.86290956
0,0,0.39331478
0,0,0.09846338
0,1,0.67158717
0,0,0.44168618
0,0,0.13050064
0,0,0.08504384
0,0,0.11094272
0,0,0.059983138
0,0,0.15623441
0,0,0.015900653
1,0,0.062016867
0,1,0.8066356
0,1,0.75222373
0,0,0.05251654
0,0,0.41284084
0,0,0.1803796
0,0,0.13546507
0,1,0.526512
0,0,0.2935995
1,1,0.7946244
0,0,0.3159235
0,0,0.13744138
0,0,0.4210682
0,0,0.113965064
0,0,0.19106008
0,0,0.11851482
0,0,0.024232633
0,1,0.6698743
0,0,0.00045803597
0,0,0.43760383
0,1,0.5081803
0,1,0.5389336
0,0,0.030783249
0,0,0.012267225
0,0,0.0050603845
0,0,0.24023736
0,0,0.05962847
0,0,0.0029365597
0,0,0.009204833
0,0,0.45510814
1,1,0.60310614
0,0,0.019607823
0,0,0.171467
0,0,0.25495684
0,1,0.5478179
0,0,0.016998777
0,0,0.47310427
0,0,0.035034698
0,0,0.19247214
0,0,0.25257984
0,0,0.11241306
0,0,0.12815194
0,0,0.099223554
0,0,0.30666047
0,0,0.19341414
0,0,0.49064857
0,0,0.05493302
1,1,0.91513324
0,0,0.110613614
0,0,0.069947034
1,1,0.80444807
0,1,0.7127046
0,1,0.8499229
0,0,0.1479825
0,1,0.7310821
0,0,0.49751404
0,0,0.0071268557
0,1,0.51183945
0,0,0.13624601
0,0,0.39066267
1,1,0.56108457
0,0,0.40594578
0,0,0.13885021
0,0,0.10483932
0,0,0.05763206
0,1,0.8168118
0,1,0.631054
0,0,0.34184182
0,1,0.85499036
0,0,0.02605815
0,0,0.0068363566
1,1,0.66923773
0,0,0.16334434
0,1,0.71299
0,0,0.4478188
0,1,0.7441432
0,1,0.53685427
0,0,0.08508028
0,0,0.023226267
0,0,0.33420625
0,0,0.22773357
0,0,0.22984442
0,0,0.002378067
0,0,0.0071002357
0,0,0.12015434
0,0,0.06513806
1,0,0.032845158
0,0,0.06867119
0,0,0.00037284076
0,0,0.00021160816
0,1,0.5604385
0,0,0.0001038757
0,0,0.07029657
0,0,0.08342898
0,0,0.011284269
0,0,0.000103649516
0,0,0.22182602
0,0,0.09273631
0,0,0.14470993
0,0,0.00013589112
0,0,0.020435238
0,0,0.14410166
0,0,0.29566127
0,1,0.6957678
0,0,0.00011998787
0,1,0.89078265
0,0,0.39225006
0,1,0.7918528
0,0,0.052265003
0,0,0.0005588231
0,0,0.16491753
0,0,0.05994886
1,1,0.6998388
0,0,0.08458946
0,0,0.043910123
0,0,0.27332926
0,0,0.003199249
0,0,0.0036703462
1,0,0.35473755
0,0,0.10425241
1,1,0.86855406
0,1,0.57967794
1,1,0.8977539
0,1,0.53460133
0,0,0.0028454862
0,0,0.0015420237
0,0,0.13980427
0,0,0.0002527495
1,1,0.77128667
0,0,0.120919004
0,0,0.05138425
0,0,0.43822682
0,0,0.1652164
0,1,0.51807517
0,1,0.7299725
0,0,0.09646479
0,0,0.16263993
0,0,0.28926277
0,0,0.410802
0,0,0.004231921
0,1,0.7741286
0,1,0.9174077
0,1,0.731896
0,0,3.2162814e-05
0,1,0.5190226
0,0,0.32742766
0,1,0.55359536
0,0,0.13217188
0,0,0.10273174
0,0,0.3589342
0,0,0.011340619
0,0,0.049439196
0,0,0.36371458
0,1,0.56366634
0,0,0.2921376
1,1,0.88876516
0,0,0.014353488
0,0,0.0038120286
1,1,0.55678487
0,0,0.08845342
0,1,0.89423066
0,0,0.3391401
0,0,0.0503677
0,1,0.6468054
0,1,0.59995013
0,0,0.0047517144
0,0,0.3614655
0,0,0.308868
0,0,0.026566206
1,1,0.93359494
0,1,0.717161
0,0,0.06479673
0,1,0.7747962
0,0,0.13563
0,0,0.0012709105
0,0,0.11729996
0,0,0.002561592
0,0,0.10238187
0,0,0.06958123
0,0,0.16776271
0,0,0.08924056
0,0,0.28486955
0,0,0.1854182
0,0,0.0001973195
1,1,0.53817135
0,1,0.8110894
1,1,0.7716799
0,0,0.22227508
0,0,0.00038006296
0,1,0.776252
0,1,0.5739273
0,1,0.53732014
0,0,0.0059075733
0,0,0.42506307
0,0,0.053469982
0,0,0.05714008
0,0,0.41757303
0,1,0.8070388
0,0,0.005006207
0,1,0.5500778
1,0,0.14450341
1,0,0.1607619
0,0,0.013708697
0,1,0.51800835
0,1,0.77625763
0,1,0.7628332
0,0,0.45571318
0,0,0.44341338
1,0,0.38527378
0,0,0.30302674
0,0,0.48202544
0,0,0.09255031
0,0,0.19293398
0,0,0.014353563
0,0,0.49889725
0,0,0.033386923
0,0,0.18977456
0,0,0.07856716
0,0,0.083266355
0,1,0.82234985
0,0,0.0002639133
0,1,0.92988706
1,0,0.40122014
0,1,0.50198334
0,1,0.8731451
0,0,0.005917932
0,0,0.00020927581
1,1,0.9186523
0,0,0.03817717
0,0,0.3688411
0,0,0.29887715
0,0,0.10937902
0,0,0.08630567
0,1,0.754258
0,1,0.93680894
0,0,0.35810035
1,0,0.07932797
0,0,0.15587454
0,1,0.78930146
0,1,0.7811975
0,0,0.01476731
0,0,0.20900467
0,0,0.026750684
0,0,0.004380408
1,0,0.18009941
0,0,0.4018578
1,0,0.06488917
0,0,0.44987923
0,1,0.5307562
0,0,0.27103856
0,0,0.1293999
0,0,9.981718e-05
0,1,0.8657983
0,0,0.2664773
0,1,0.878097
0,0,0.46754515
0,0,0.004365266
1,1,0.56904656
0,1,0.631822
0,0,0.008434541
0,1,0.5967
0,0,0.200021
0,0,0.3306997
0,0,0.063461035
0,0,0.4260021
0,0,0.45068756
1,1,0.85141575
0,1,0.78523976
0,0,0.00046487615
0,0,0.04974743
0,0,0.056428984
0,1,0.59861344
1,1,0.7553882
0,0,0.18726538
0,0,0.00016655365
0,1,0.71780497
0,0,0.028185891
0,1,0.64818364
0,0,0.019161254
0,0,0.398705
0,0,0.06314692
0,0,0.00050477526
0,0,0.021067029
0,1,0.54222965
0,0,0.08162486
0,1,0.5432375
1,1,0.76194745
0,0,0.33646542
0,0,0.0321629
0,0,0.005868303
1,1,0.64525145
1,1,0.7436129
0,0,0.49548987
0,0,0.0032985574
0,0,0.40790132
0,0,0.14627218
0,0,0.0105091
0,0,4.5617984e-05
0,1,0.6033699
1,1,0.75129163
0,1,0.7613946
0,0,0.0852887
1,1,0.78597057
0,0,0.0940729
0,0,0.05196491
0,0,0.07733273
0,0,0.06689212
0,1,0.60460913
0,0,0.038917404
0,1,0.8233624
1,0,0.48180264
0,0,0.23403324
0,0,0.3059718
0,0,0.11272149
0,0,0.013825771
0,0,0.024887629
0,0,0.06698164
0,0,0.050132237
0,0,0.018643748
0,1,0.5751768
0,0,0.00135807
0,0,0.4167324
0,0,0.2509616
0,0,0.105754085
0,0,0.33930138
0,0,0.065019496
0,0,0.311842
0,0,0.12324426
0,0,0.0015350488
0,0,0.017167147
0,0,0.0006634024
0,0,0.010224746
0,0,0.014433492
0,0,0.19862102
0,1,0.9630978
0,0,0.488886
0,0,0.013407998
0,0,0.47107232
0,0,0.09781571
0,0,0.10016464
1,1,0.8413319
0,0,0.16540824
0,0,0.026408926
0,1,0.6704465
0,0,0.38992074
0,0,0.025608346
1,1,0.9279112
0,0,0.01986036
1,1,0.8623676
0,0,0.3191234
1,1,0.93036836
0,1,0.7688032
0,1,0.50810194
0,1,0.6273164
0,1,0.56894743
0,0,0.36527857
0,0,0.18256375
0,0,0.3443391
0,1,0.54491776
0,0,0.12292914
0,1,0.7182732
0,0,0.0005918262
0,1,0.5487413
0,1,0.7959844
0,0,0.32653117
1,1,0.9357138
0,0,0.032101024
0,0,0.46136445
1,1,0.77804464
0,1,0.50593615
0,0,0.025957998
0,0,0.3583989
0,0,0.064134516
0,0,0.05414503
0,0,0.0114690885
0,0,0.38240546
0,1,0.73695064
0,0,0.020017061
0,1,0.6508793
0,0,0.032801144
0,0,0.33094883
0,0,0.3483882
0,1,0.6869973
0,1,0.72388464
0,0,0.2058158
0,0,0.33894515
0,0,0.0015829065
0,0,0.034304388
0,0,0.22048748
0,0,0.45950916
0,0,0.00016516526
0,1,0.5371918
0,0,0.15524922
0,0,0.055321794
0,0,0.12599657
1,0,0.020019488
0,1,0.51643103
0,0,0.4810785
0,0,0.027293043
0,0,0.015165614
0,1,0.6250377
0,0,0.49014017
0,1,0.9300039
0,0,0.034185316
0,0,0.19311315
0,0,0.4702828
0,0,0.23912418
0,0,0.39705777
1,1,0.70929885
0,0,0.29794404
0,0,0.49922562
0,1,0.6918665
0,1,0.581312
0,1,0.6774304
0,1,0.73971397
1,1,0.8468828
0,0,0.048579387
0,0,0.000117469615
0,0,0.36751357
0,0,0.00013835062
0,0,0.38890913
0,0,0.49193475
0,0,0.20809758
0,0,0.1891941
0,1,0.5217941
1,0,0.16459414
0,0,0.21082483
0,0,0.40414995
1,0,0.08118327
0,1,0.74913913
0,0,0.0016565794
0,1,0.59301835
0,0,0.009278251
0,1,0.50712234
0,0,0.049743857
0,0,0.29631376
0,0,0.06718054
0,1,0.6089379
0,0,0.0058089695
0,1,0.8493075
0,1,0.80707854
0,1,0.8658012
0,1,0.7650963
0,0,0.2519027
0,0,0.00090626173
0,0,0.025728261
1,1,0.6258857
0,0,0.10182504
0,0,0.023931013
0,0,0.028442694
0,0,0.26227576
0,0,0.089231
0,0,0.01813891
0,0,0.088878654
1,0,0.21052714
0,0,0.37794143
0,0,0.11631967
0,0,0.10199477
0,0,0.0037883986
0,0,0.17122664
0,0,0.16885854
1,1,0.7835632
0,0,0.10661522
0,1,0.8735794
0,0,0.39612344
0,0,0.042336363
1,1,0.5806886
0,0,0.013957896
0,1,0.57444036
0,0,0.0022659558
0,0,0.39058113
0,0,0.29831785
0,1,0.53298825
0,0,0.41697392
0,1,0.6753914
0,1,0.67647034
0,0,0.020332344
0,0,0.000117857926
0,0,0.00012744695
0,0,0.29142907
0,0,0.00020476173
0,1,0.5782051
0,0,0.051467232
0,1,0.6693441
0,0,0.11825441
1,0,0.46834213
0,0,0.069964565
0,1,0.664179
0,0,0.012068751
0,0,0.23741764
0,0,0.054936014
0,0,0.49430668
0,1,0.7215809
0,0,0.12797642
0,0,9.5622585e-05
0,0,0.06265565
0,1,0.9436005
0,1,0.70271456
0,0,0.004444133
0,0,0.008678197
0,0,0.005150575
0,0,0.27157545
1,0,0.48227832
0,0,0.0058274935
0,0,0.10256756
0,0,0.042251535
1,1,0.6433651
0,1,0.51341164
1,1,0.61584324
0,1,0.7823684
0,1,0.764726
0,1,0.6189835
0,0,0.06602647
0,0,0.12496087
0,0,0.059236962
0,0,0.051420376
0,0,0.10725459
0,1,0.57335
0,0,0.000109314
0,0,0.41612503
1,1,0.569093
0,0,0.009189212
0,0,0.47780862
0,0,0.017039837
0,1,0.8911377
1,1,0.50629956
0,0,0.0036256968
0,0,0.030099751
0,0,0.18747118
0,1,0.6277211
0,1,0.75649506
0,1,0.53779054
0,0,0.08562299
0,1,0.64223015
0,0,0.0226128
0,0,0.28172702
0,0,0.21855146
0,0,0.27107778
0,0,0.1174353
0,0,0.012726776
0,0,0.03622655
0,0,0.009380685
0,0,0.27195945
0,0,0.00048397912
0,0,0.13924141
0,0,0.009267799
0,0,0.01401346
0,1,0.7413011
0,1,0.68013984
1,0,0.2132533
0,0,0.37763286
0,0,0.003218962
0,0,0.021338217
0,0,0.011006795
0,1,0.8048334
0,0,0.48722935
0,1,0.62197286
0,0,0.21049108
1,0,0.38507748
0,0,0.08975554
0,0,0.044103485
0,0,0.20312852
0,0,0.00030833366
0,1,0.51239675
1,1,0.7442408
0,1,0.5834649
0,0,0.47791386
0,0,0.035014883
1,1,0.84910923
0,0,0.37870446
0,1,0.50629854
0,0,0.13374037
0,1,0.5062849
0,1,0.69405633
0,0,0.3616681
0,0,0.19548436
1,1,0.8653054
0,0,0.007371061
0,0,0.04206945
1,0,0.47330683
1,1,0.63154227
0,1,0.59168756
0,0,0.12665457
0,0,0.08632006
0,0,0.07113167
0,1,0.81521064
0,0,0.07618738
0,0,0.059670385
0,0,0.26469624
0,0,0.46357384
0,0,0.026831198
0,0,0.21479598
0,0,0.044131525
0,0,0.35553843
0,0,0.43574753
0,0,0.020043563
0,0,0.0022659558
0,0,0.26051852
1,1,0.76939476
0,0,0.003982985
0,0,0.021956827
0,0,0.22040905
0,0,3.2069707e-05
1,1,0.6758857
0,1,0.7212466
0,0,0.0126270475
0,0,0.047146954
0,0,0.30251446
0,0,0.0059147095
0,0,3.2069707e-05
0,0,0.00014052205
0,0,0.10975123
0,1,0.8416787
0,1,0.61135334
0,0,0.3911952
0,0,0.097292
0,0,0.16147515
0,0,0.024827449
0,0,0.0019549541
0,0,0.00029319976
0,0,0.37912303
1,1,0.9213568
0,0,0.04599066
0,0,0.07627159
0,0,0.12986118
0,0,0.4897062
0,0,0.00017155436
0,1,0.7660662
0,0,0.19691972
0,0,0.00013580719
0,0,0.104890764
0,0,0.11947136
0,0,0.00011998787
0,1,0.7606976
0,0,0.11709407
0,1,0.58311325
0,1,0.6688005
0,0,0.4560011
0,0,0.48848987
0,0,0.08300977
0,0,0.026313825
0,1,0.81897134
0,0,0.2722781
0,0,0.00016710453
0,0,0.38585234
0,0,0.22031812
0,0,0.05457992
0,0,0.022033425
0,0,0.021274539
1,0,0.115751766
0,0,0.3982065
0,0,0.010728911
0,0,0.050969068
0,0,0.089412585
0,0,0.081767395
0,1,0.8837466
0,0,0.0052425577
0,1,0.5408399
0,0,0.060653724
0,0,0.01800012
0,0,0.42467704
0,0,0.047981
0,0,0.216459
0,0,0.0037883986
0,1,0.7751004
0,0,0.020097822
0,0,0.08486797
0,0,0.42379576
0,0,0.0001552782
0,0,0.3354955
0,0,0.28284204
0,0,0.40146962
0,0,0.068956695
0,1,0.55786496
0,0,0.06294823
0,1,0.67153865
0,0,0.17305344
0,0,0.081085734
0,1,0.5072142
1,0,0.11327203
0,0,0.41142845
0,0,0.3409879
1,1,0.5084654
0,0,0.008569922
1,0,0.20064132
0,0,0.009590792
1,1,0.96764654
0,0,0.0068953102
0,0,0.27671358
0,0,0.024750257
0,1,0.885528
0,0,0.46998194
0,0,0.010450345
0,0,0.006111432
0,1,0.6262189
0,0,0.36134666
0,1,0.6404425
1,0,0.16786942
0,1,0.670807
0,0,0.015061511
0,0,0.09575552
0,0,0.0017239839
0,0,0.00385384
1,1,0.7051504
0,0,0.039452557
0,0,0.017994504
0,0,0.017062806
0,0,0.16064371
0,0,0.025401661
0,1,0.5126349
0,0,0.049636967
0,1,0.64355993
0,0,0.023130465
0,0,0.0030433424
0,0,0.47020066
0,0,5.2676885e-05
0,1,0.60227853
0,0,0.108748175
1,1,0.8800843
0,0,0.041190922
0,1,0.66042066
0,0,0.087142624
0,1,0.5723155
1,0,0.35453027
0,1,0.70373625
0,1,0.7016504
0,1,0.58609647
0,0,0.19847266
1,0,0.45442858
0,0,0.038871523
0,0,0.1289791
0,0,0.3558763
0,0,0.0027008078
0,1,0.8429388
1,1,0.56912106
0,0,0.0046682903
0,1,0.8208522
0,0,0.0070237345
0,0,0.2587975
0,1,0.7942242
0,0,0.026427869
0,0,0.002393519
0,0,0.011654351
0,0,0.0042308783
0,1,0.72855073
0,1,0.87100667
1,1,0.8157864
0,0,0.17309393
0,0,0.29917082
0,0,0.0002681669
0,0,0.35178128
0,0,0.23239683
0,0,0.41340885
0,0,0.09573734
0,1,0.815116
0,0,0.15917365
1,1,0.5769991
0,0,0.40957433
0,0,0.014518213
1,0,0.3021927
0,0,0.20433983
0,0,0.037750274
0,0,0.036082692
0,0,0.22746767
0,0,0.00035068372
0,0,0.024620675
0,0,0.39369127
0,0,0.37238634
0,1,0.92559314
0,0,0.23945796
0,0,0.49555567
0,0,0.36758947
0,0,0.4521894
0,0,0.18879102
0,0,0.029693397
0,0,0.4935898
1,1,0.6563393
0,0,0.29617667
0,0,0.2511939
0,0,0.17149043
0,1,0.5689883
0,0,0.39722636
0,0,0.016016029
0,0,0.04378226
0,0,0.40163493
0,0,0.014591832
0,0,0.10676822
0,1,0.71724635
0,0,5.6128258e-05
0,1,0.6703979
0,1,0.5498499
0,0,4.5617984e-05
0,1,0.8903002
0,0,0.18369676
0,1,0.637581
0,0,0.029081063
1,0,0.19530524
0,0,0.30904844
0,0,0.0039254273
0,0,0.3434368
0,0,0.0635704
0,0,0.06474529
1,1,0.6257761
0,0,0.008324777
0,0,0.08995038
0,0,0.009583425
0,0,0.19414753
0,1,0.5960057
0,0,0.045181442
0,0,0.06589731
0,0,0.43660924
0,0,0.0015350488
0,0,0.16219632
0,0,0.123979576
0,1,0.61637163
0,1,0.68268615
0,0,0.011821891
0,1,0.7182031
0,1,0.75668836
0,0,0.02883094
0,0,0.27387875
0,0,0.4153994
0,1,0.8340971
0,1,0.86284715
0,0,0.21405025
0,0,0.078065135
0,1,0.7193872
0,0,0.34727335
0,0,0.033934437
0,0,0.06060787
0,0,0.0001105749
0,1,0.75827074
0,0,0.17147118
0,0,0.40705463
0,1,0.59304583
0,0,0.052834854
0,1,0.89000684
0,0,0.15923262
0,0,0.00029128423
0,0,0.028923033
0,1,0.78787714
0,0,0.1879598
0,0,0.04828077
0,0,0.032564085
0,0,0.023640107
0,0,0.49880606
1,1,0.5038664
0,1,0.7832103
0,0,0.020193087
0,0,0.020699423
0,1,0.81537247
0,0,0.40665996
0,0,0.0014063268
0,0,0.11805432
0,1,0.5088716
0,0,0.02179453
0,0,0.27398428
0,1,0.7415915
0,1,0.66702515
0,0,0.0001761887
0,1,0.8907812
0,0,0.09567459
0,0,0.055963274
0,0,0.04439349
0,0,0.3418339
1,1,0.9782527
1,1,0.7156595
0,0,0.20167767
0,0,0.01771151
0,0,0.2310285
1,0,0.39492044
0,0,0.47075567
1,1,0.793889
0,0,0.00034163863
0,0,0.002686154
0,1,0.73527956
0,0,0.27576253
0,0,0.14276607
0,0,0.00045110096
1,1,0.835046
0,0,8.807687e-05
1,1,0.6486397
0,0,0.21513495
0,0,0.00065641786
0,1,0.86520046
0,1,0.53675056
0,0,0.020580912
0,0,0.064597294
0,0,0.35930538
0,1,0.80128324
0,0,0.0016256936
0,0,0.23463118
0,0,0.0337411
0,0,7.0545364e-05
0,1,0.53501374
0,1,0.72557515
1,1,0.6122336
0,0,0.0033511925
0,0,0.23314543
0,1,0.85829234
0,0,0.046473082
0,0,0.27969295
0,1,0.92466855
0,0,0.3700503
0,1,0.6655719
0,0,0.0023235902
1,1,0.8404964
0,0,0.000117857926
0,1,0.5052597
0,0,0.2903751
0,0,0.046665844
1,0,0.43642783
0,0,0.0114690885
0,1,0.7035447
0,0,0.13447845
0,0,0.003720627
1,1,0.70261645
0,1,0.5194315
0,0,0.11163998
0,0,0.0062773493
1,1,0.68316305
0,1,0.5145647
0,1,0.50494415
0,0,0.053265464
0,0,0.29926074
0,0,0.012686833
0,0,0.09105295
0,1,0.60485524
0,0,1.8792995e-05
0,0,0.2836523
0,0,0.07791554
0,1,0.63650954
0,1,0.7505899
0,0,0.009515338
0,0,0.15930153
0,0,0.18539381
0,0,0.46002877
0,0,0.06975752
0,1,0.53282595
0,0,0.17670684
0,0,0.00027569727
0,0,0.39115864
0,0,0.12212975
0,0,0.14022791
0,1,0.8646279
0,0,0.014104771
0,0,0.114577584
0,0,0.35649887
0,1,0.5246239
0,0,0.11474155
0,0,0.048528623
0,0,0.118284404
0,1,0.73433393
0,1,0.8314444
0,0,0.016297828
0,0,0.029378776
0,1,0.8413938
0,0,0.004224228
1,0,0.4017441
0,1,0.8120295
0,0,0.01024512
1,0,0.047409717
1,1,0.8832048
0,0,0.42939317
0,0,0.036852833
0,0,0.050947066
0,0,0.11932616
0,0,0.32173595
0,0,0.04892281
0,0,0.061152898
0,0,0.17061402
0,0,0.031007221
0,0,0.032779936
0,0,0.0053200447
0,0,0.38830194
0,1,0.6111802
0,0,0.090464704
0,0,0.15934166
0,0,0.3366479
0,0,0.086010784
0,0,0.09449867
0,1,0.51647735
0,0,0.0026508563
0,1,0.76727664
0,0,0.066658355
0,0,0.47799203
0,1,0.85233223
0,1,0.55438554
0,1,0.5988653
0,0,0.31866702
0,0,0.38215193
1,1,0.737431
0,0,0.46270645
0,0,0.08657634
0,0,7.0545364e-05
0,1,0.893511
0,0,0.009488671
0,0,0.073547035
0,1,0.7182296
0,1,0.65113634
0,1,0.6016979
0,0,0.0001552782
0,0,9.6410644e-05
0,1,0.6796779
0,1,0.5026378
1,1,0.6544313
0,1,0.696562
0,0,0.4950598
0,0,0.00014089115
0,0,0.1687561
0,1,0.600717
1,1,0.840002
0,0,0.46430308
0,0,5.1558072e-05
0,0,0.00020927581
0,0,0.02830953
0,1,0.785959
0,0,0.36250475
0,1,0.7743758
0,1,0.62196124
0,0,0.23840462
0,0,0.043849245
0,0,0.13379171
0,0,0.03048405
0,0,0.08456768
0,0,0.2917486
0,0,0.0052197296
0,0,0.2565224
0,1,0.688957
0,0,0.101798445
0,0,0.17994295
0,0,0.05072033
0,0,0.38615748
1,0,0.18032157
0,0,0.0073100133
0,0,0.4307349
0,0,0.3396204
0,0,0.027162557
0,0,0.4454224
0,1,0.7049879
0,0,0.056784716
0,0,0.122423515
0,0,0.004912237
0,0,0.060994856
0,0,0.11513611
0,0,0.49335814
0,0,0.11430831
0,1,0.5454783
1,1,0.6612106
0,0,0.47156137
1,1,0.8937065
0,0,0.04938854
0,0,0.033488393
0,0,0.033967555
0,0,0.22757733
0,0,0.0017647712
1,0,0.4050857
0,1,0.8534224
0,0,0.08889776
0,0,0.27475825
0,0,0.0044359397
0,0,0.07131422
0,0,0.0011488233
0,1,0.90452886
0,0,0.27875015
0,0,0.2605577
1,1,0.6528077
0,1,0.5571448
0,0,0.040889274
0,0,0.4969703
0,0,0.032364078
0,0,0.03749584
0,0,0.0023766896
0,0,0.011682412
1,0,0.08290124
0,0,0.0008783742
1,1,0.64308125
0,1,0.7892268
1,1,0.8707626
0,0,0.004847767
0,0,0.25436223
0,0,0.4406287
1,1,0.8268644
0,0,0.1736628
0,1,0.7827917
0,0,0.0020227616
0,0,0.014113793
0,1,0.64600295
0,0,0.10586709
0,1,0.80602545
0,0,0.01776034
0,0,0.12461172
0,0,0.09328735
0,1,0.6244569
1,1,0.560793
0,0,0.0026100334
1,0,0.16636908
0,1,0.59304136
0,0,0.010849251
0,1,0.56577337
0,0,0.0095932335
0,1,0.9221843
0,0,0.34798554
0,1,0.6593768
0,1,0.5397349
0,0,0.41066936
0,0,0.0143410545
0,0,0.34140357
0,0,0.07043088
0,0,0.01987403
0,1,0.75529903
1,0,0.35205117
0,0,0.27497905
0,0,0.06314212
0,0,0.093760915
0,1,0.5869818
1,1,0.59612495
0,0,0.44997382
1,1,0.81094813
0,0,0.01457431
0,0,0.009932573
0,1,0.71142346
0,0,0.00017503915
0,0,0.34849495
1,1,0.91281587
0,0,0.019592155
1,1,0.82579195
0,1,0.57483506
0,0,0.1957406
0,0,0.33659986
1,0,0.3470895
0,0,0.038199633
0,1,0.6907571
0,0,3.2069707e-05
0,0,0.16411573
0,0,0.39800122
0,0,0.3973136
0,1,0.79941267
0,1,0.74054444
0,0,0.023562066
0,0,0.18128301
1,0,0.06554931
0,1,0.68343216
0,0,0.002113369
0,0,0.030966321
0,0,0.013967697
0,0,0.30926803
0,0,0.4187079
1,1,0.81080717
0,0,0.00061995623
0,0,0.1710543
0,0,0.0756225
0,0,0.011537635
1,1,0.82698756
0,1,0.7057384
0,1,0.6720381
0,1,0.6158835
0,1,0.64882636
0,0,0.013856589
1,1,0.6362192
0,0,0.360812
0,0,0.0033770825
0,0,0.43191597
0,0,0.08111872
0,1,0.745094
0,0,0.28580308
0,0,0.0033695337
0,0,0.0075180777
0,1,0.52895033
0,0,0.3663509
0,0,0.006750726
0,0,0.30444956
0,0,0.49965405
0,0,0.4764953
0,0,0.012499366
0,0,0.36230254
0,0,0.030540444
0,0,0.07584919
0,0,0.09437226
0,0,0.055425413
0,0,0.043832812
0,0,0.17595495
0,0,0.16965894
1,0,0.26259413
0,1,0.56732184
0,0,0.001363637
0,0,0.023024524
0,0,0.028683435
0,1,0.7439657
0,0,0.45596197
0,1,0.8196859
0,0,0.10878889
0,0,0.12502079
0,0,0.054006696
0,0,0.4137412
0,0,0.083271205
1,0,0.48573825
1,0,0.013306647
0,1,0.7335754
0,0,0.018640071
0,0,0.15524182
0,1,0.6064051
0,0,0.08078041
0,0,0.06342498
1,1,0.9403602
0,0,0.017661259
0,0,0.23106496
0,0,0.4633477
0,0,0.012857144
0,0,0.4042803
1,1,0.50175357
0,0,0.003414901
0,0,0.250724
0,0,0.0080964295
0,0,0.07631103
0,1,0.5612018
0,0,0.034685355
0,0,0.030929562
0,0,0.13413407
0,0,0.017682292
0,0,0.006237164
0,0,0.15280007
0,0,0.34212834
1,1,0.7399088
0,1,0.5819741
0,0,6.222435e-05
0,0,0.028447451
0,0,9.3059905e-05
1,1,0.67463344
0,1,0.64518833
0,0,0.10116651
0,0,0.18192297
0,0,0.042335145
0,0,0.009778574
0,0,0.0024925026
0,1,0.5294371
0,1,0.74106026
0,0,0.121344216
0,1,0.5133694
0,0,0.44209492
0,0,0.035155732
0,0,0.2575036
1,0,0.49005005
0,0,0.00017775496
1,1,0.610452
0,0,0.015591418
0,0,0.45981026
0,0,0.12396473
0,0,0.06334806
0,0,0.017030241
0,0,0.2224363
0,0,0.47996274
0,0,0.025340902
1,1,0.6997046
0,0,0.073086135
0,0,0.15437974
0,0,0.011996409
0,0,0.009779225
0,0,0.060690958
0,0,0.40099424
0,1,0.94248825
1,0,0.087619215
0,0,0.41932985
0,1,0.73767364
0,1,0.9103781
1,1,0.69257843
0,1,0.9142233
1,0,0.0675062
0,0,0.0011916041
0,1,0.5001838
0,1,0.55252934
0,0,0.4665476
0,1,0.72223765
0,0,0.42246515
0,0,0.02917521
0,0,0.025257308
0,0,0.32098025
0,1,0.7926242
0,0,0.21091098
0,1,0.5890725
0,1,0.9419172
0,0,0.4875613
0,1,0.79836625
0,1,0.5411141
1,1,0.9290287
0,1,0.7727285
0,0,0.15337151
0,0,0.004292516
1,1,0.67595
0,0,0.009586544
0,0,0.35136157
0,1,0.90165687
0,0,0.008907102
0,1,0.6134331
0,0,0.034240138
0,0,0.03303256
0,1,0.75879985
0,0,0.09483241
0,0,0.017464155
0,1,0.66568696
1,1,0.79993767
0,0,0.025699936
0,0,0.16778454
0,1,0.7033382
0,1,0.75197417
0,0,0.03007895
0,0,0.14128214
0,0,0.01667377
0,0,0.068316564
1,1,0.95164406
0,1,0.7287623
0,0,0.15608595
0,0,0.17618409
0,0,0.022377338
0,0,0.018804947
0,0,0.27896398
0,1,0.5829383
0,1,0.8147307
0,0,0.0015447728
1,0,0.0838445
0,0,0.44654182
0,0,0.2723493
0,1,0.5716855
0,1,0.85729355
0,0,0.038666833
0,0,0.10839324
0,0,0.32666898
0,0,0.39250296
0,1,0.72124755
1,1,0.862523
0,1,0.59626967
0,0,0.037014037
0,0,0.23823346
1,0,0.42802525
0,0,0.004921866
0,0,0.26632634
0,0,0.31854472
0,0,0.34430453
0,1,0.70074147
0,0,0.24398766
0,0,0.46763122
0,0,0.0037883986
0,1,0.84703845
0,1,0.5452887
0,0,0.053795032
0,0,0.00637463
0,1,0.5164715
0,0,0.058801476
0,0,0.28821445
0,0,0.08553805
0,0,0.00135807
0,0,0.19814545
0,0,0.2579137
0,0,0.10860079
0,0,0.0007474604
0,0,0.39200905
0,0,0.070648365
0,1,0.67419297
0,0,0.070174836
0,0,0.42480373
0,0,0.050127234
0,0,0.0806937
0,0,0.31081185
1,1,0.904128
1,1,0.91211474
0,1,0.8945805
0,0,0.226959
0,0,0.0048572654
0,0,0.25529158
1,1,0.8181879
0,0,0.28913262
0,1,0.6061505
1,0,0.2693379
0,0,0.021135781
0,0,0.0058103246
0,0,0.4587624
0,0,0.3122639
0,0,0.19450894
0,0,0.36038995
0,0,0.003318473
0,0,0.003315467
0,0,0.045300398
0,0,0.45951182
0,0,5.1558072e-05
0,0,0.016094808
0,1,0.6275182
0,0,0.20185864
0,0,0.040397663
0,0,0.0020219802
0,0,0.30560896
0,1,0.58726776
0,0,0.47180364
0,1,0.7372011
0,1,0.5165582
0,0,0.12160423
0,1,0.71577907
0,1,0.8011139
0,0,0.07975522
0,0,0.29623762
1,1,0.78466845
0,1,0.9102179
0,0,0.25751594
0,1,0.86657006
0,0,3.6606813e-05
0,0,0.22760177
0,0,0.0064128144
0,0,0.005266847
0,0,0.07912212
0,0,0.045517012
0,0,0.06024648
0,0,0.0347398
0,1,0.712942
0,0,0.00021426454
0,0,0.35848543
0,0,0.11884962
1,1,0.6462803
1,0,0.21009825
0,0,0.34971377
1,1,0.6757386
0,0,0.0106602125
0,1,0.58268636
0,1,0.7857487
0,0,0.03973908
0,1,0.77860945
0,0,0.022886865
0,0,0.113036074
0,0,0.20360908
0,0,0.42051512
0,0,0.072632864
0,0,0.001160733
0,0,0.080636136
0,1,0.53904974
0,0,0.0006057855
0,0,0.015689313
0,1,0.5696391
0,0,0.024351424
0,1,0.574943
0,0,0.00561949
0,0,0.0645233
1,0,0.097537756
0,1,0.7718121
0,0,0.010677642
0,1,0.5879405
0,1,0.5785905
0,0,0.33458325
1,1,0.71337485
0,1,0.6435996
0,1,0.6345948
0,0,7.715589e-05
0,0,7.0545364e-05
0,0,0.43861833
0,0,0.10643842
0,0,0.39649725
0,0,0.1053256
1,0,0.122354515
0,0,0.0037777456
0,0,0.00426804
0,0,0.26368707
1,1,0.6669196
0,1,0.74410206
0,0,0.024091031
0,0,0.21554892
0,0,0.4693388
0,1,0.7156429
0,0,0.018640695
0,1,0.60994136
0,0,0.06673673
0,0,0.23896542
0,0,0.15029153
1,1,0.6788168
0,0,0.18585883
0,1,0.61055666
0,0,0.00013411313
0,0,0.054722723
0,1,0.54021275
0,0,8.1838596e-05
1,1,0.56985885
0,1,0.7595989
0,0,0.0003267188
0,0,0.39655867
0,1,0.5106148
0,0,0.12682717
0,0,0.0005918262
0,1,0.5237013
0,0,0.03197294
0,1,0.56717044
0,0,0.22402172
0,0,0.057039883
0,0,0.45953855
0,1,0.6366942
0,0,0.2980662
1,0,0.02110249
0,0,0.20888896
0,0,0.4432337
1,1,0.75814813
0,0,0.15369214
0,0,0.011616629
0,0,0.3880308
0,0,0.27265078
0,0,3.9312396e-05
0,1,0.6199307
0,0,0.48663387
1,1,0.7008949
0,0,0.10809369
1,1,0.6717861
0,0,0.01130381
1,0,0.33884227
0,0,0.44254372
0,1,0.5582764
0,1,0.7802681
0,1,0.83207357
0,0,0.055027686
0,1,0.52157784
0,1,0.87535495
0,0,0.03881255
0,1,0.6109917
0,0,0.058485094
0,0,0.09142913
0,0,0.4931797
0,0,0.05961437
0,0,0.06794951
0,1,0.7180859
0,1,0.815039
0,0,0.35752946
0,1,0.8223883
0,0,0.004699548
0,1,0.6182503
0,0,0.050178602
0,0,0.02112216
0,1,0.582191
0,0,0.10043773
0,1,0.51231724
0,0,0.26442602
0,0,0.11075556
0,0,0.011634321
0,0,0.0041687177
0,1,0.5154641
0,1,0.75358564
0,0,0.0002534643
0,0,0.10385526
0,0,0.2689429
0,0,6.222435e-05
1,1,0.7688912
0,0,0.22701915
0,0,0.17098011
0,0,0.040258683
0,1,0.6426752
0,0,0.063375615
0,0,0.2878952
0,0,0.12695017
0,0,0.009136449
0,0,0.030722676
0,0,0.20259559
0,0,0.43198758
0,0,0.01642344
0,1,0.8259634
0,0,0.047692843
0,0,0.0269804
0,0,0.43493247
0,0,0.28497493
0,0,0.040649716
0,0,0.0020096009
0,0,0.18871197
0,0,0.076441206
0,1,0.7295543
0,1,0.90010554
0,0,0.40133202
0,1,0.5401541
0,1,0.61674833
0,0,0.07457838
0,0,0.08864581
0,0,0.21030726
0,0,0.31994802
0,0,0.2652254
0,1,0.78545195
0,1,0.5500394
0,0,0.13110843
1,1,0.52141047
0,0,0.29622087
0,0,0.2922296
0,0,0.008777964
0,1,0.571966
0,0,0.26721576
0,0,0.28203058
0,0,0.19899134
0,0,0.043278597
0,0,0.11731216
0,0,0.003231159
0,0,0.008303927
0,1,0.6134331
0,0,0.024075916
0,0,0.253148
0,0,0.029668553
0,0,0.44193077
0,0,0.2771427
0,0,0.087407194
0,0,0.055751245
0,0,0.050969068
0,0,0.20663929
0,0,0.000495922
0,0,0.0003736734
0,0,0.109285645
0,0,0.26806042
0,0,0.04880386
0,0,0.21853104
0,1,0.6220311
0,0,0.13748457
0,0,0.010789875
0,0,0.3849973
0,0,0.08874507
0,0,0.23110215
0,0,0.45875767
0,0,0.067173064
0,0,0.4247977
0,0,0.08403558
0,0,0.43706092
0,1,0.655014
1,1,0.76868474
1,1,0.8800329
0,0,0.38699088
0,0,0.25132522
0,0,0.009018059
0,0,0.023263406
0,0,0.09976284
0,1,0.65973985
0,1,0.76935685
1,1,0.66060174
0,1,0.6683718
0,0,0.046847418
0,0,0.097673394
0,0,0.038495436
0,1,0.51708263
0,0,0.05973635
0,1,0.6097327
0,0,0.0558998
0,1,0.59618706
0,0,0.026778284
0,0,0.3592237
0,0,0.065568745
0,1,0.52568394
1,0,0.46099237
0,0,0.09724739
0,1,0.67965645
0,0,0.05354256
0,1,0.63309115
0,0,0.07580628
0,1,0.86804247
0,1,0.66962427
0,0,0.06750462
0,0,0.08129005
0,1,0.81793165
1,0,0.34243062
0,0,0.16231309
0,0,0.2518912
0,0,0.4880773
0,0,0.08361627
0,0,0.11230254
0,1,0.7819852
1,0,0.108831994
0,0,0.03392245
0,0,0.39987957
0,0,0.055324044
0,0,0.14175266
0,1,0.7840132
0,1,0.6384241
0,0,0.10612105
0,0,0.010617295
0,0,0.14356115
0,0,0.08044296
0,0,0.10476346
0,1,0.61718756
0,1,0.566108
0,0,0.29977155
0,0,0.37107962
0,0,7.6096316e-05
0,0,0.23774241
0,1,0.735805
0,0,0.32698125
0,1,0.81780845
0,0,0.10207245
0,0,0.00046992922
0,1,0.7422717
0,0,0.029281082
0,0,0.020981267
0,0,0.025953662
0,0,0.062601216
0,0,0.21835655
0,1,0.7539018
0,0,0.48593375
0,0,0.07666448
0,0,0.0030719377
0,1,0.81872725
0,0,0.08590839
0,0,0.13623954
0,1,0.6057383
0,0,0.30825767
0,0,0.006376869
0,0,9.55977e-05
0,0,0.20276053
0,1,0.84871393
0,0,0.011506261
0,0,0.26124674
0,0,0.037291754
1,1,0.71100044
0,1,0.75887334
0,1,0.5896372
0,1,0.6327389
0,0,0.28136837
0,0,0.3372963
0,0,0.047834452
0,0,0.114838995
0,0,0.041226786
0,0,0.03657577
1,1,0.8215419
0,1,0.7811731
0,0,0.17273207
0,0,0.11090552
0,1,0.81996423
0,1,0.76177347
0,1,0.74370944
0,0,0.38815594
0,1,0.5087916
0,1,0.799463
1,0,0.15075825
1,1,0.6732804
1,0,0.4054784
0,0,0.013080094
0,0,0.0068357284
1,0,0.48128307
0,0,0.051595848
0,0,0.097959995
0,0,0.19156697
0,1,0.9524829
0,0,0.30219293
0,1,0.72930187
0,0,0.31338862
0,0,0.01431401
0,0,0.40942067
0,0,0.1508119
0,0,0.012010191
0,0,0.085551724
0,0,0.024486562
0,0,0.04255211
1,1,0.5460055
1,1,0.6773951
0,0,0.0011869565
0,0,0.0012649032
0,0,0.0222583
0,0,0.30434147
1,1,0.86657035
0,0,0.0011205006
0,0,0.07472293
0,1,0.6103575
0,0,0.37535122
0,0,0.1492465
1,0,0.0038969042
0,0,0.007291051
0,0,0.053675853
1,1,0.59287363
0,1,0.5860868
1,1,0.564746
1,0,0.3387147
0,0,0.25806823
0,1,0.9073689
0,0,0.020923922
0,1,0.66172045
0,1,0.83954585
0,0,0.46086204
1,1,0.9129975
0,0,7.498325e-05
1,1,0.86439127
0,1,0.50413233
0,0,0.32584584
0,1,0.71181023
0,0,0.030664427
0,0,0.068874605
0,1,0.5102557
0,0,0.11482964
0,1,0.60044354
0,0,0.010665183
1,1,0.8763347
0,0,0.28382477
0,0,0.16161802
0,0,0.22050272
0,0,0.013005498
0,0,0.05949462
0,0,0.013983895
0,0,0.040092625
0,0,0.023651728
0,0,0.41208264
0,0,0.24114542
0,0,0.27965745
0,0,0.36085945
0,1,0.6981535
0,0,0.10042645
0,0,0.12249631
0,1,0.68454146
0,0,0.43221104
0,0,0.21821584
0,0,0.03541877
0,0,0.13162188
0,1,0.7579508
0,1,0.8146798
0,1,0.63088757
0,0,0.03212451
0,0,0.35744128
1,0,0.3011065
0,0,0.05109388
0,0,0.43764985
0,0,0.2122494
0,0,0.10633187
0,0,0.3224285
0,0,0.46097
0,0,0.006679908
1,1,0.7673296
0,0,0.11626135
0,0,0.3616974
0,0,0.0035138184
0,0,0.1549977
1,1,0.5259086
0,0,0.310212
0,0,0.48967153
0,0,0.1794575
0,0,0.003231159
0,0,0.26551607
0,0,0.04454671
0,0,0.05636786
0,1,0.74314964
1,1,0.7801938
0,1,0.81512153
0,0,0.24938004
0,0,0.45683315
0,1,0.65265566
0,1,0.82263505
0,0,0.13724098
1,1,0.5446686
0,0,0.040356804
0,0,0.39539567
0,1,0.75591755
0,0,0.27169812
0,1,0.76719695
0,0,0.2789904
0,1,0.588787
0,0,0.09213394
0,0,0.044028085
0,0,0.012444549
0,0,0.08486797
0,0,0.0036961618
0,1,0.649607
0,0,0.31499967
0,0,0.06605456
0,0,0.3249241
0,1,0.6374525
0,1,0.82364994
0,0,0.30862543
0,0,0.028034411
0,0,0.16489588
0,1,0.65344083
0,0,0.00017077895
0,1,0.5188794
0,1,0.54210496
0,0,0.13323162
0,1,0.7926248
0,0,0.36539012
0,0,0.015339953
0,0,0.4971368
0,0,0.0024771683
0,0,0.0855904
0,0,0.022696165
0,0,0.092690885
0,0,0.045824047
0,0,0.09886909
1,1,0.78886753
0,0,0.0587635
0,1,0.61948174
0,0,0.19853435
0,0,0.00016865437
0,0,0.2739864
0,0,0.32832956
0,0,0.33913293
0,0,0.39807284
0,0,0.000103654056
0,0,0.41935626
0,0,0.28575927
0,0,0.19716434
0,1,0.76887524
0,0,0.034955494
0,1,0.6197332
0,0,0.049786847
0,0,0.26454195
0,1,0.6297863
0,0,0.3896172
0,0,0.00026088543
0,0,0.4412856
0,0,0.00039737523
0,0,0.40284827
0,0,0.010553496
0,0,0.47209263
0,0,0.35673416
0,1,0.6616654
1,1,0.85587436
0,0,0.007001922
0,0,0.28449854
0,0,0.17693207
0,0,0.045896865
0,0,0.07369344
0,0,0.00032722097
0,0,0.39936692
0,0,0.19479181
0,1,0.657623
0,0,0.015666347
1,1,0.80335724
0,1,0.7815423
0,0,0.32480526
0,0,0.00044103593
0,0,0.2666745
1,1,0.81605476
1,0,0.23820591
0,1,0.9208086
0,0,0.0133052515
1,1,0.8666223
0,0,0.00026778824
0,0,0.19942065
0,0,0.28677386
1,0,0.2749622
0,0,0.00725865
0,0,0.03559303
0,0,0.22638316
1,1,0.7860337
0,0,0.012399167
1,1,0.76408446
0,1,0.7448549
0,0,0.004226176
0,0,0.2899733
0,0,0.027329208
0,1,0.8024513
0,1,0.7279615
0,1,0.61862606
0,0,0.011456699
0,0,0.021688646
0,1,0.64374745
0,0,0.015340991
0,0,0.13201399
0,0,0.0031957214
0,1,0.95322156
0,0,0.31499454
0,0,0.0005195717
0,0,0.018374294
0,0,0.3648575
0,0,0.39428177
1,1,0.8130015
0,0,0.47353297
0,0,0.20873903
0,1,0.74914634
0,0,0.43243194
0,0,0.38264737
0,0,0.3236729
0,0,0.0018156518
1,1,0.9387151
0,0,0.012894818
1,1,0.5627111
0,0,0.0039879214
0,1,0.5087259
0,0,0.024630895
0,1,0.7755318
1,1,0.8572501
0,0,0.00093001826
0,0,0.006440324
1,1,0.5731615
0,1,0.8964768
0,0,0.2747819
0,1,0.7755119
0,0,0.32508463
0,1,0.6983312
0,0,0.13629338
0,0,0.11260348
0,1,0.8816627
0,1,0.5510974
0,0,0.20940441
0,0,0.47183844
0,0,0.036217824
0,0,0.12177143
0,1,0.5833649
0,1,0.6276255
0,0,0.100232236
1,1,0.5302576
1,1,0.6617869
0,0,0.04939949
1,1,0.9271888
0,1,0.6599955
0,0,0.00461815
0,0,0.14514348
1,1,0.97871315
0,0,0.33819306
0,0,0.14820199
0,0,0.3929853
0,1,0.77797973
0,0,0.2756735
0,0,0.0002527495
0,0,0.07439443
0,0,0.016926486
0,1,0.64290446
0,0,0.2739466
0,0,0.040447716
0,0,0.0047540017
0,0,0.004845812
0,0,0.47017607
0,0,0.4040862
0,0,0.34025753
0,1,0.64964825
0,0,0.006960944
0,1,0.7082262
0,1,0.87079954
0,0,0.0037534963
0,0,0.019656464
0,0,0.017941752
0,0,0.29758072
0,1,0.69272983
0,1,0.7755819
0,0,0.44129646
0,0,0.0001552782
1,0,0.17806038
0,0,0.01991425
0,0,0.04598954
0,0,0.24536496
0,0,0.031465374
0,1,0.62731004
0,0,0.24398237
0,1,0.90266
0,1,0.7178138
1,1,0.5454783
0,0,0.0016238079
0,0,0.03755704
1,0,0.016158761
0,0,0.49789166
0,1,0.6990731
0,0,0.22453402
0,0,0.33852392
0,0,0.13768841
0,0,0.14064366
0,0,0.01701402
1,0,0.18931156
0,0,0.08009542
0,0,0.0008486959
0,0,0.047692075
0,0,0.37482
0,0,0.104737416
0,0,0.115695134
0,0,0.09232131
0,0,0.0072779413
0,0,9.685045e-05
0,0,0.48518196
0,0,0.07791554
0,0,0.009748576
0,1,0.7628204
0,0,0.11626421
1,1,0.6667983
0,0,0.0874332
0,0,0.00011700689
0,1,0.82742
0,1,0.8075904
1,0,0.38000506
0,1,0.78989506
0,0,0.16123588
0,0,0.00036219638
1,1,0.72746867
0,0,0.22868589
0,0,0.23511326
0,0,0.16747029
0,0,0.05060787
0,0,0.3311301
0,0,0.00031988113
0,0,0.03106113
0,1,0.9024123
0,0,0.364754
0,0,0.07113335
0,0,0.35482648
0,1,0.7757096
0,0,0.0010959562
1,0,0.37095445
0,0,0.26741415
0,1,0.83523554
0,1,0.7729616
0,0,0.063020095
1,1,0.80011743
0,0,0.0008386963
0,0,0.08537855
0,1,0.79318416
1,1,0.5645559
1,1,0.83153474
0,1,0.5206643
0,0,0.009960949
0,0,0.00078517833
0,0,0.016282722
0,0,0.08260925
0,0,0.05433226
0,0,0.33964285
0,0,0.0027534424
0,1,0.86832714
0,0,0.27639985
0,0,0.1249409
0,1,0.69268453
0,0,0.032768674
0,0,0.07540119
0,0,0.01740618
0,1,0.7974225
0,0,0.48076794
0,0,0.43016168
0,0,0.01009842
0,0,0.03329784
0,1,0.6904434
0,0,0.023263406
0,0,0.107325815
0,1,0.55955637
0,0,0.057740264
0,0,0.035544455
0,0,0.46931997
0,1,0.6063361
0,0,0.36493692
0,0,0.22082716
0,0,3.416668e-05
1,1,0.8695287
0,1,0.594549
0,0,0.123241685
0,0,0.013435331
0,0,0.081618674
1,1,0.80804855
0,1,0.766523
0,0,0.3442942
0,0,0.0077947984
0,0,0.20174855
0,1,0.78722584
1,1,0.779125
0,0,0.050290957
0,1,0.8491814
0,0,0.19789115
1,1,0.71962214
1,1,0.5471228
0,0,0.007424868
0,0,0.11392741
0,0,0.41427827
0,0,0.13707337
0,1,0.84404373
0,1,0.6398466
0,0,0.1862467
0,0,0.26414713
0,1,0.5161662
0,1,0.61414194
0,0,0.036586992
0,0,0.16668625
0,1,0.7846113
0,0,0.019828336
0,1,0.7322442
1,0,0.34721693
0,0,0.029496923
0,0,0.00038095366
0,0,0.053187568
0,0,4.860513e-06
0,0,0.059209537
0,0,0.04783343
0,0,0.07167806
0,0,0.13095997
0,0,0.058071446
0,1,0.6985223
0,1,0.657578
0,0,0.14341736
1,1,0.6762389
0,0,0.22333983
1,0,0.28243145
0,0,0.47006327
1,1,0.9319611
0,0,3.0327708e-05
0,0,0.0027375564
0,0,0.3706232
0,1,0.62621444
0,0,0.015509878
0,1,0.50330615
0,0,0.17410657
0,0,0.26429695
0,0,0.022720192
0,0,0.4194429
0,0,0.027311316
1,0,0.43588886
0,1,0.9129153
0,0,0.051574785
0,0,0.021903388
0,0,0.017700007
0,0,0.025963278
0,0,0.05571937
0,0,0.44410896
1,1,0.7390806
0,0,0.07508409
0,0,0.4953131
0,0,0.022582175
0,0,0.00017265501
0,0,0.04041328
0,1,0.5888871
1,0,0.30200943
0,0,3.2069707e-05
0,0,0.34945616
0,0,0.005246506
0,0,0.21908087
0,0,0.023128118
0,0,0.077271335
0,0,0.003115444
0,1,0.5683904
0,0,0.08680503
0,0,0.031126756
1,0,0.1822335
0,0,0.003060219
0,0,0.07629007
0,0,0.022937188
0,0,0.086228
0,0,0.14148255
0,0,0.11055902
0,0,0.28295526
0,1,0.5781797
0,0,0.4081082
0,1,0.7638359
0,0,0.38647106
1,1,0.6447514
0,0,0.0678305
0,0,0.05116849
0,0,0.0672087
0,0,0.18975677
0,0,0.499805
0,1,0.7576941
0,0,0.36945146
0,1,0.6704242
0,0,0.37366503
0,1,0.52008617
0,0,0.010513409
0,0,0.16312757
0,0,0.00010457339
0,0,0.3751672
0,1,0.7026785
0,0,0.300435
0,0,0.27804008
0,1,0.5280234
0,1,0.5541906
1,0,0.10622886
0,0,0.32844305
0,1,0.6602512
0,0,0.00054142455
0,1,0.7398369
0,0,0.42591175
0,0,0.03620664
0,0,0.022039477
0,1,0.65835124
0,0,1.666073e-05
1,1,0.67329514
0,0,0.0015275365
0,0,0.011070672
0,0,0.30876088
0,1,0.51451284
0,0,0.097732216
0,0,0.4269077
1,0,0.4246964
0,1,0.6961875
0,0,0.14754175
0,0,0.007201032
0,0,0.19677788
0,0,0.32794952
0,0,0.083092526
0,0,0.03430001
0,0,0.08591049
0,0,0.09367751
1,0,0.4172286
0,0,0.08356112
0,0,0.04457718
0,1,0.6915682
0,1,0.85204864
0,0,0.05750688
0,0,0.14882483
0,0,0.018068621
0,0,0.04390838
0,0,0.020943752
0,0,0.0011104584
0,0,0.1967727
0,1,0.8240184
0,0,0.0024633328
0,0,0.03848961
0,0,0.19381927
0,0,0.19440237
0,0,0.0060956264
0,0,0.017812364
0,0,0.32794785
0,1,0.70305663
0,0,0.01671488
0,0,0.06861965
0,0,0.00010782178
0,0,0.26846176
0,0,0.4719795
0,0,0.126033
0,0,0.004884576
0,1,0.60430306
1,1,0.8824279
1,0,0.3443936
0,0,0.24091831
0,0,0.29302967
0,0,0.1997454
0,0,0.13330355
0,0,0.24329397
0,0,0.075950414
0,0,0.35910955
0,0,0.04008257
0,0,0.10032312
0,0,0.00025138757
0,0,0.04043366
0,1,0.7131629
0,0,0.0027587581
0,0,0.018209008
0,0,0.07145782
0,0,0.48523596
0,0,0.07184712
0,0,0.0014091824
0,0,0.037541617
0,0,0.026457526
1,1,0.532255
0,0,0.25533554
0,1,0.63318825
0,1,0.56258875
0,0,0.0457103
0,1,0.80130893
0,0,0.04375906
0,0,0.019000035
0,0,0.24435183
0,1,0.73086286
0,0,0.009257276
0,0,0.051537894
0,0,0.0051033255
0,1,0.53165096
0,0,0.24288215
0,0,0.019220883
0,0,0.040703602
0,0,0.2213723
0,1,0.7240081
0,1,0.6319104
0,0,0.4863949
0,0,0.10811346
0,0,0.19224055
0,0,0.14927119
0,0,0.013396076
0,1,0.5488276
0,0,0.2300218
0,1,0.50531745
0,0,0.0744779
1,1,0.91291213
0,0,0.2472108
0,0,0.023263406
1,0,0.4256531
1,1,0.80434513
1,0,0.24594629
0,0,0.019852394
0,0,0.06603134
0,0,0.29101917
0,0,0.037119713
0,0,0.0028979296
0,1,0.5679845
0,1,0.8058372
0,0,0.21320312
0,1,0.50096637
0,0,0.26357275
0,0,0.16726449
0,0,0.15799884
1,1,0.51814514
0,1,0.75368905
0,1,0.8006365
0,0,0.044765454
0,0,0.011292226
0,1,0.7986495
0,0,0.33187348
0,0,0.0076894555
0,1,0.5314755
0,0,0.022250652
0,1,0.77884007
0,1,0.57310843
1,0,0.08152984
0,0,0.38546485
0,0,0.08411334
0,0,0.48952112
0,0,0.14585014
0,0,0.03734593
0,0,0.0054836106
0,1,0.6625514
0,0,0.04627981
0,0,0.0074795648
0,0,0.4269248
0,0,0.24478221
0,0,0.49628165
0,0,0.04974743
0,0,0.016431028
0,0,0.000851544
0,1,0.72853124
0,0,0.13172449
0,0,0.00077701086
0,0,0.42050108
0,1,0.8465218
0,1,0.6037249
0,0,0.28415304
0,0,0.017256463
0,0,0.012650415
0,0,0.23762195
0,1,0.57980764
0,0,0.48240545
0,0,0.15875897
0,0,0.00902395
0,0,0.29530576
1,1,0.94318634
0,0,0.030113893
1,0,0.18581334
0,0,0.047416892
0,0,0.056863043
0,0,0.38246438
1,1,0.89008605
0,0,0.02153668
1,1,0.9225639
0,0,0.13310805
0,0,0.44235435
0,1,0.59521675
0,0,0.18298192
0,0,0.089644805
0,0,0.06902711
0,0,0.2765889
0,0,0.07228734
0,0,0.06521085
0,0,0.2055705
0,0,0.0065484843
0,0,0.24060097
0,0,4.5617984e-05
0,0,0.08097595
0,0,0.41924706
0,0,0.4929517
0,1,0.65163195
0,1,0.84801966
1,1,0.68990636
0,0,0.0012681349
0,0,0.38499466
0,0,0.4241675
0,0,0.007366913
0,0,0.35424092
0,0,0.027839595
0,0,0.24155623
0,1,0.77768004
0,0,0.28668728
0,0,0.1551323
0,0,0.040852066
1,0,0.381343
0,0,0.006086504
1,1,0.7777294
0,0,0.026411558
0,0,0.009331103
0,0,3.2069707e-05
0,0,0.007670371
0,0,0.0014068184
0,0,0.4302301
0,1,0.7023365
0,0,0.044761408
0,0,0.005567192
0,0,0.00025138757
0,1,0.51290905
0,0,0.008699821
1,1,0.8724751
0,1,0.79624355
0,0,0.44840038
0,0,0.0018578424
0,1,0.7464775
0,1,0.5308675
0,0,0.28239414
0,0,0.43111745
0,0,0.20593756
1,1,0.7258566
0,0,0.08167804
0,1,0.7444837
0,1,0.9687246
0,0,0.32158834
0,1,0.53994113
0,0,0.03178542
1,0,0.43925127
0,0,0.053525265
0,0,0.19385117
0,0,0.4343875
1,0,0.42687517
0,0,0.000531164
0,0,0.19690752
0,0,0.3001158
0,0,0.39593095
0,0,0.042787008
0,0,0.03687802
0,1,0.5521504
0,0,9.275469e-05
0,0,0.25792217
0,0,0.018416425
0,0,0.1481416
0,0,0.06937473
0,0,0.12748152
0,0,0.07530117
0,0,0.28031877
0,0,0.14839947
0,0,0.30945447
0,0,0.00013411313
0,1,0.74942553
0,0,0.3536496
0,0,0.034309085
0,0,0.0135828275
0,0,0.17458028
0,0,0.1872215
0,1,0.7172735
0,0,0.4012163
0,0,0.011633186
0,0,0.020668296
0,0,0.12803234
0,0,0.21718715
0,0,0.0012620871
0,0,0.04606126
0,1,0.555983
0,0,0.042308144
0,0,0.15936707
0,0,0.069070235
0,0,0.08778827
0,0,0.08898819
0,0,0.06264501
0,0,0.41539067
0,1,0.89606774
0,0,0.007715704
1,0,0.12931412
0,1,0.7100068
0,0,0.24779113
0,1,0.8531726
0,0,0.116298795
0,0,0.4624606
0,0,0.014828053
0,0,0.25546268
0,0,0.054243922
0,0,0.018475732
0,0,0.2507573
0,1,0.67844826
0,1,0.5952827
0,0,0.0028673972
0,0,0.41314197
0,0,0.08148651
0,0,0.16017298
0,0,0.12959029
0,1,0.55655295
0,0,4.0659317e-05
1,1,0.819383
0,0,0.01895011
0,1,0.57680064
0,1,0.63900554
0,0,0.3718629
0,1,0.72197044
0,0,0.418308
0,0,0.062705755
1,1,0.8636185
0,1,0.7318759
0,0,0.07734787
0,0,0.039910052
0,0,0.49865904
0,0,0.26265168
0,0,0.098524496
0,1,0.7075482
0,1,0.8064906
0,0,0.24876286
0,1,0.6919857
0,0,0.23159029
0,0,0.024591682
0,1,0.79577225
0,0,0.4041651
0,1,0.7167344
0,1,0.63701344
0,0,0.33199626
0,0,0.03686149
0,1,0.5653622
0,1,0.6353848
0,0,0.0002951276
0,0,0.0023361605
0,0,0.020081075
1,1,0.7680922
0,0,0.00059158966
0,0,0.0932288
0,0,0.019078784
0,0,0.011586042
0,1,0.51053256
0,0,0.019710097
0,0,0.399136
0,1,0.89965343
0,0,0.01852294
0,0,0.05614754
0,0,0.0010373988
0,1,0.5166576
0,1,0.64890695
0,0,0.000406539
0,1,0.67092085
0,0,0.0034143606
0,0,0.039573744
0,0,0.37552527
0,0,0.062319726
1,1,0.8149319
1,1,0.79283565
0,1,0.6038221
0,0,0.13281278
0,0,0.33182517
1,1,0.9282628
1,1,0.6800686
1,0,0.495347
0,0,0.081732154
1,0,0.014717408
0,1,0.7263502
0,0,0.027605133
0,1,0.51949835
0,0,0.0384374
0,1,0.6720263
0,1,0.822037
0,0,0.29465267
0,0,0.011777304
0,1,0.8621717
0,0,0.00096503616
0,0,0.018036205
0,0,0.31121504
0,0,0.049992178
0,0,0.3026494
0,1,0.7789653
0,0,0.05639347
0,0,0.105993845
0,0,0.024117986
0,1,0.92460275
0,0,0.41523033
1,1,0.7449098
0,0,0.00013241633
0,0,0.1858374
0,0,0.0239504
0,0,0.0015721223
0,1,0.79088926
0,0,0.2462601
0,0,0.000117469615
0,1,0.6836505
1,1,0.9468778
0,0,0.0004149058
0,0,0.003583938
0,0,0.016658798
0,0,0.2877488
0,1,0.6254869
0,0,0.2587401
1,0,0.04303577
0,0,0.30150357
0,1,0.7375609
0,0,0.3408962
0,0,0.14340329
0,0,0.44061986
0,0,0.033272915
0,1,0.9422313
0,0,0.00032875597
0,1,0.791848
1,1,0.8157502
0,1,0.74783236
0,0,0.14028546
0,0,0.13881192
0,0,0.00042462625
0,1,0.5929558
1,1,0.72750413
0,0,0.3942296
0,0,0.01722024
0,0,0.1754157
0,1,0.61026376
0,0,0.0069811083
0,0,0.014246854
0,0,0.010318671
1,1,0.8029595
1,1,0.9206509
1,0,0.4546404
0,0,0.39701253
0,1,0.9673904
0,0,0.013806852
0,0,0.000117469615
0,0,0.0721597
0,0,0.0011489289
0,0,0.42961812
0,0,0.42056158
0,0,0.020274946
1,0,0.42195484
0,0,0.26412654
1,1,0.70653874
0,1,0.7011922
0,0,0.0005918262
0,0,0.021583151
0,0,0.37764522
0,0,0.044205237
0,0,0.1888693
0,0,0.0911403
0,0,0.29576647
1,1,0.6044539
0,0,0.18514173
0,0,0.46729922
0,0,0.08544767
0,1,0.7720902
0,1,0.9188643
0,0,0.26595035
0,0,0.00041411314
0,0,0.03935613
0,0,0.24067688
0,0,0.014731521
0,1,0.82121205
0,1,0.69228125
0,0,0.10415296
0,0,0.44325766
0,1,0.6286468
0,1,0.5266216
0,1,0.75140744
0,0,0.0035326718
0,0,0.07169886
0,0,0.07951454
0,0,0.4105153
1,1,0.86348134
0,0,0.05853989
0,1,0.6321909
0,1,0.8391814
1,1,0.8152658
0,1,0.76004434
1,1,0.75492305
0,0,0.010761157
0,0,0.48567462
1,0,0.1553058
0,0,0.12840264
0,0,0.07525503
0,0,0.46039864
0,0,0.04824307
0,0,0.015772987
0,0,0.26149857
0,0,0.4190874
0,0,0.085735045
0,0,0.015474308
0,1,0.7872729
0,1,0.7548657
0,1,0.916298
0,0,0.009056787
0,0,0.032703847
0,1,0.9265109
0,0,0.46514916
0,0,0.033694066
0,0,0.09882352
0,0,0.16798101
0,1,0.8900914
0,0,0.2043049
0,0,0.019002296
1,1,0.8699524
0,0,0.025432698
0,0,0.071560875
0,0,0.03696734
1,0,0.344354
0,0,0.13163324
0,0,0.47444925
0,1,0.81316465
0,0,0.05220188
0,0,0.17799158
0,1,0.6983669
0,0,0.06789855
0,0,0.006069241
0,0,0.06537068
0,0,0.01801483
0,0,0.004845812
0,0,0.23999551
0,0,0.29833758
0,0,0.387572
0,0,0.3962504
0,1,0.95185894
0,0,0.28776842
0,0,0.13074955
0,0,0.04377752
0,1,0.7517261
0,0,0.0984671
0,0,0.11392451
0,0,0.067533374
0,1,0.7845208
0,0,0.0068152086
0,0,0.3443391
0,1,0.508459
0,0,0.04369093
0,0,0.26621926
1,1,0.90287256
0,0,0.008965308
1,1,0.77313334
0,0,0.0068428535
0,0,0.0050968556
0,0,0.49753848
0,0,0.49936488
0,0,0.0064480538
0,1,0.56301945
0,0,0.42241773
0,0,0.00039203695
0,1,0.7804027
0,1,0.7324159
0,1,0.6378587
0,0,0.3605221
0,0,0.22229709
0,0,0.013605212
1,0,0.21645589
0,0,0.34258184
0,0,8.624858e-06
0,0,0.07548948
0,0,0.45478627
0,1,0.81782705
0,0,0.00029344475
1,1,0.762908
0,0,0.07432928
0,0,0.1485491
0,0,0.0023731152
0,1,0.734756
1,1,0.85224897
1,1,0.8925714
0,1,0.91255224
0,1,0.79203594
0,0,0.17180559
0,0,0.14846839
0,0,0.011039075
0,0,0.38346496
0,0,0.27218547
0,1,0.5378404
0,0,0.02752908
0,0,0.07004374
0,0,0.015770292
0,0,8.556106e-05
0,0,0.098258294
0,0,0.06171213
0,0,0.28063038
0,1,0.80885583
0,0,0.030655893
0,0,0.041435257
0,1,0.86617213
0,0,0.1145622
0,0,0.16236268
0,0,0.05176674
0,0,0.15848225
0,0,0.024756122
1,1,0.6607888
0,0,0.0014285117
0,0,0.0010234767
0,0,0.069305085
0,0,0.0016771851
0,0,0.21408065
0,1,0.74372274
0,0,0.043394018
0,0,0.000103649516
1,1,0.8621716
0,0,0.45838568
0,0,0.00016516526
0,0,0.0062477575
0,0,0.40442994
0,0,0.20798667
0,0,0.11107765
0,1,0.7633857
0,0,0.06384197
0,0,0.0017391284
0,0,0.119396284
0,1,0.9095001
0,0,0.37286183
0,0,0.13660967
0,1,0.8703467
0,0,0.0027179348
0,0,0.24749841
0,0,0.04310306
0,0,0.15257134
0,0,0.0009802035
0,0,0.000563627
0,0,0.00017503915
0,0,0.19147931
0,0,0.04773662
1,1,0.5433832
0,0,0.27857307
0,0,0.060711183
0,0,0.0028494014
0,0,0.00010782178
1,1,0.5582878
0,0,0.025256585
0,0,0.04632481
0,0,0.031949393
0,0,0.0078011192
1,1,0.7456402
0,0,0.4427649
0,0,0.033246227
0,0,0.0036414375
0,0,0.30882144
1,1,0.521174
0,1,0.6167743
0,0,0.29451844
0,0,0.33894983
0,0,0.12841934
0,0,0.0048119896
0,0,0.05743166
0,1,0.5850525
0,0,0.009052599
0,1,0.8731889
0,0,0.13794322
0,1,0.6454822
0,1,0.858601
0,0,0.015585389
0,1,0.54188716
0,0,0.0010958252
0,1,0.8179801
0,1,0.8001023
0,1,0.876449
0,0,0.0007193818
0,0,0.019160682
0,0,0.18570797
0,0,0.0028989152
0,0,0.028961627
0,0,0.0045419466
0,1,0.8447976
0,1,0.815925
0,0,0.019112429
0,1,0.79147804
0,0,0.107890025
0,0,0.0013012108
0,0,0.05795568
0,0,0.04804243
0,0,0.098294914
0,0,0.16212791
0,0,0.00016865437
0,0,0.3101874
0,1,0.7291663
1,1,0.77147895
0,0,0.074801765
0,0,0.00013886965
0,0,0.05434452
0,1,0.58390605
1,0,0.17018563
0,0,0.06948
0,1,0.7644294
0,0,0.15683591
0,0,0.002716406
0,0,0.27145788
0,1,0.8556043
0,1,0.6611964
0,0,0.012087482
0,1,0.6767123
0,0,0.0047771535
0,0,0.03376684
0,0,0.44484597
0,0,0.30232805
0,1,0.51285857
0,0,0.00016655365
0,0,0.4364309
0,0,0.01689831
1,1,0.7401844
0,1,0.75185776
0,0,0.4740852
0,0,0.37166962
0,0,0.4825544
0,1,0.5684924
0,0,0.30121788
0,0,0.47181085
1,1,0.7324508
0,1,0.6749941
0,0,0.00018931554
0,0,8.7266344e-05
1,1,0.64445037
0,1,0.81915075
0,0,0.09040259
0,0,0.12836012
0,0,0.08802291
0,1,0.68514675
1,0,0.37727696
0,0,0.24711733
0,0,0.078495994
0,0,0.08145253
0,0,0.0076120263
0,0,0.12768257
0,0,0.028853811
0,1,0.55810267
0,1,0.5371473
0,1,0.84737486
0,0,0.10727062
0,0,0.024092287
0,0,0.0016228983
0,1,0.825825
0,0,0.0021863251
0,0,0.49424377
0,1,0.6338338
0,0,0.419591
0,0,0.0002639133
1,1,0.68732417
0,0,0.30109078
0,0,0.036404446
0,0,0.07571276
0,1,0.52930516
0,0,0.0004963845
0,0,0.00031988113
0,0,0.0001552782
0,1,0.5816066
0,0,0.19069114
0,0,0.0512818
0,0,0.40250483
0,0,0.05676828
0,0,0.37069672
0,0,0.41956753
0,1,0.9337639
0,1,0.52855796
0,0,0.004352037
0,0,0.35421497
0,1,0.5864706
0,0,0.09263841
0,0,0.47385073
0,1,0.6575411
0,0,0.18045866
1,1,0.59331685
0,0,0.0135515565
0,0,0.13277072
0,0,0.122541614
0,0,0.15842684
0,0,0.49444947
0,0,0.010887925
0,1,0.6499828
0,1,0.55779696
0,0,0.013064229
0,0,0.0031604804
1,1,0.8750126
0,0,0.000108233115
0,0,0.4134819
1,1,0.6663829
0,1,0.75987613
1,1,0.73273283
0,0,0.010918907
0,1,0.52878267
0,1,0.5486679
0,0,0.10685345
0,0,0.00010719009
0,0,0.4994815
0,0,0.043674935
1,1,0.9174679
0,0,0.14173083
0,0,0.07600211
0,0,0.10272311
0,0,0.037825182
0,0,0.3953348
0,0,0.008325627
1,1,0.58703506
0,0,0.15641858
1,0,0.053817086
0,0,0.016858013
0,0,0.010526608
0,0,0.4295049
0,0,0.4319947
0,1,0.5266658
0,0,0.45639154
0,0,0.011595482
0,1,0.58498526
0,0,0.04266274
0,0,0.0036448091
0,1,0.5228956
0,0,0.3460341
0,1,0.75124735
0,1,0.5975484
0,1,0.5650905
0,1,0.85518944
0,0,0.024878228
0,1,0.6478732
0,0,0.16701142
0,0,0.16010645
0,0,0.2961346
0,1,0.5042044
0,0,0.00973052
0,1,0.5108638
0,0,0.42982203
0,0,0.2380024
0,0,0.0031957214
0,1,0.66184664
0,0,0.33762798
0,0,6.6937784e-05
0,0,0.0008738354
0,0,0.19299367
0,0,0.0706024
0,0,0.19069985
0,0,0.05599667
0,0,0.004845812
0,0,0.3009724
0,0,0.40412357
0,1,0.6481812
0,1,0.68630546
0,0,5.018453e-05
0,0,0.2358454
0,0,0.06717844
1,1,0.6647229
0,0,0.04684614
0,0,0.043895822
0,0,0.004052992
0,0,0.050139572
0,1,0.8493372
0,0,0.2615155
0,0,0.067179486
0,0,0.14116909
0,0,0.24320336
0,0,0.011725312
0,1,0.72408444
0,0,0.022986624
0,0,0.068576105
0,0,0.35427245
0,0,0.36440027
1,1,0.68333966
0,0,0.033898395
0,0,0.312927
0,0,0.043498423
0,0,0.29039308
0,1,0.7929113
0,0,0.011240686
0,1,0.5736909
0,1,0.86370146
0,0,0.02982141
1,1,0.85937583
0,1,0.6429043
0,0,0.019762198
0,0,0.22112708
0,1,0.50745255
0,0,0.11213667
0,1,0.5604223
0,0,0.084790096
0,1,0.7280793
0,0,0.03823109
0,0,0.00016865437
0,1,0.6112038
1,1,0.7823687
0,0,0.08300578
0,1,0.6571162
0,1,0.82877123
0,0,0.008288195
0,0,0.20206222
0,0,0.2441651
0,0,0.10007775
0,0,0.053242814
0,1,0.81721306
0,0,0.47715172
0,0,0.010185284
0,1,0.7706072
1,1,0.7855318
0,0,0.07153828
1,1,0.80452025
0,1,0.8709488
1,1,0.9109495
0,0,0.08019494
0,0,0.0011608016
0,0,0.04841773
0,1,0.7845495
0,0,0.31437108
0,0,0.091220595
0,0,0.08004976
0,1,0.9058249
0,0,0.2162495
1,1,0.8406612
0,0,0.00042421097
0,0,8.7266344e-05
0,0,0.18991986
0,0,0.0003492644
0,0,0.041278847
1,1,0.54795295
1,0,0.42516786
0,0,0.33922482
0,1,0.6276255
0,0,0.29887447
0,0,0.01107475
0,0,0.28479168
1,0,0.3061136
0,0,0.4322955
0,0,0.10219426
0,1,0.5069951
0,1,0.5960775
0,0,0.060511265
0,0,0.007530751
0,0,0.07951147
0,0,0.16203287
0,0,0.077875726
0,0,0.10433064
0,0,0.0069744377
0,1,0.565152
0,0,0.3384505
0,1,0.66868067
0,0,0.15418042
0,0,0.29215497
0,0,0.041747008
0,0,0.1794334
0,1,0.5115452
0,1,0.74366486
0,1,0.82894707
0,0,0.006079046
0,1,0.81526446
0,0,0.3800926
0,0,0.49557173
0,0,0.09879721
0,0,0.4977997
0,0,0.00030833366
0,0,0.2931738
0,1,0.73285484
0,0,0.021758212
0,0,0.0153121045
0,0,0.053282984
0,0,0.19916113
0,1,0.7578512
1,0,0.42967498
0,1,0.62410927
0,0,0.20346974
0,0,0.33485392
0,1,0.6191243
0,1,0.5152523
0,0,0.31511328
0,0,0.07004677
0,1,0.67901844
0,0,0.023174006
0,0,0.080225654
0,0,0.1671997
0,0,0.43064532
0,1,0.5342585
0,0,0.19739403
0,1,0.582721
1,1,0.8467228
0,1,0.6062432
0,0,0.31929016
0,0,0.09083257
0,0,0.18294455
0,1,0.6585576
0,0,0.23196505
0,0,0.24904048
1,1,0.67961437
0,0,0.45090142
0,0,0.4441107
0,0,0.009621536
0,0,0.0005496825
0,0,0.4992583
0,0,0.013025509
0,0,0.15433739
0,0,0.00031988113
0,0,0.42231452
0,1,0.8645873
0,0,0.016735151
0,0,0.028324474
0,0,0.009234199
0,1,0.7835601
0,1,0.531926
0,0,0.11865912
0,0,0.22620569
0,1,0.66982955
0,0,0.0005588231
0,0,0.017667564
0,0,0.021462386
0,0,0.43687883
0,0,0.09265749
0,1,0.71224284
0,0,0.012656837
0,1,0.8589216
0,0,0.0446832
0,0,0.4577977
0,1,0.57723624
0,0,0.04640086
0,0,0.089721575
0,0,5.6128258e-05
1,1,0.7596355
0,0,0.05459881
0,1,0.7422562
0,0,0.04948615
0,0,0.02498873
0,1,0.7175662
0,0,8.5122665e-05
0,0,0.362824
0,0,0.11091475
0,0,0.14789805
0,0,0.0229876
1,1,0.8548943
0,0,0.2376104
0,1,0.9283559
0,1,0.73923016
0,0,0.00665568
0,0,5.6128258e-05
0,0,9.205224e-05
0,0,0.07099052
0,1,0.88871825
0,0,0.27067935
0,0,5.6128258e-05
0,1,0.8138576
0,1,0.5254072
0,1,0.7231813
0,0,0.021592949
0,1,0.56028783
1,1,0.7604674
0,0,0.10094249
0,1,0.60058576
1,1,0.5063865
0,0,0.12214762
0,0,0.09363919
0,0,0.014612643
0,0,0.13493325
0,0,0.030722676
0,0,0.36466557
0,0,0.029103838
0,0,0.09543905
0,1,0.85429865
0,0,0.19157569
0,0,0.3107211
0,0,0.4862578
0,0,0.12317723
0,1,0.71171
0,0,0.42832613
0,0,0.11586707
0,1,0.5282298
0,0,0.16094716
0,0,0.00082047057
0,0,0.007141278
0,0,0.03150848
0,0,0.040912468
0,0,0.4601698
0,1,0.5605397
0,0,0.0065744906
0,0,0.28375596
0,1,0.72086394
0,0,0.032570705
0,0,0.17177097
0,0,0.1306778
0,1,0.62557256
0,1,0.54756796
0,1,0.7324706
0,1,0.65034795
0,0,0.0030377167
0,1,0.78880423
0,0,0.00018251447
0,0,0.17376104
1,1,0.8046174
0,1,0.6175445
0,1,0.821047
0,0,8.2667895e-05
0,1,0.57824427
0,0,0.02744388
0,0,0.00053240964
0,0,0.033655375
0,1,0.6605688
0,0,0.16500086
0,0,0.2950751
0,0,0.1222716
0,0,0.47876948
0,0,0.036103968
0,0,0.4821865
0,0,0.18333052
0,0,0.016736563
0,0,0.015870193
0,0,0.023939595
0,0,0.01947297
0,0,0.02429157
0,1,0.6103812
0,0,0.12342691
0,0,0.18174991
0,0,0.31573766
0,0,0.045773793
0,0,0.18571621
0,1,0.86309886
0,1,0.6052017
0,0,0.47921202
0,0,0.36583403
0,0,0.18121888
0,1,0.54191333
0,1,0.7188152
0,0,0.00020927581
1,1,0.7978154
0,0,0.0015996897
0,0,0.00031988113
0,0,0.045820855
1,1,0.6794991
0,0,0.11248289
0,0,0.11927534
0,0,0.2942419
0,0,0.019957894
0,1,0.54728776
0,1,0.6204917
0,0,0.0040377863
0,0,0.028804041
0,0,0.1645654
0,1,0.53199625
0,0,0.029863635
0,0,0.05970009
0,0,0.039614886
0,0,0.094457224
0,1,0.6687235
0,1,0.51287353
0,0,0.03893222
0,0,0.48072782
0,1,0.51838696
0,0,0.39851937
0,0,0.034971576
0,1,0.5239743
0,0,0.009136104
0,1,0.63000745
0,0,0.11480776
0,0,0.022182692
0,1,0.73984313
0,0,0.0014175234
0,0,0.014472928
0,0,0.07959695
0,1,0.7262727
0,0,0.3655973
1,1,0.5350663
0,0,0.06630367
0,0,0.20587663
1,1,0.64728016
0,1,0.7756908
0,0,0.011116822
0,1,0.834153
0,0,0.039429378
0,0,0.2434947
0,0,0.08197552
0,0,0.2083169
0,0,0.1161422
0,1,0.82043517
0,1,0.703814
0,0,0.14572287
0,0,0.012712829
0,1,0.6750921
0,0,0.33783385
0,0,0.047042307
0,0,0.09475901
0,0,0.28043664
0,0,0.03486938
0,0,0.45468548
0,1,0.6062286
0,0,0.4587884
0,0,0.23474933
0,0,0.15615872
1,1,0.7391072
0,0,0.21578026
0,0,0.13074787
0,0,0.121055506
0,0,0.00061797997
0,1,0.58004993
0,0,0.05627988
1,0,0.09392215
0,1,0.589292
0,0,0.00042462625
0,0,0.13867384
0,0,0.00016697042
0,0,0.27981603
0,0,0.001173089
0,1,0.5727478
0,0,0.20611657
0,1,0.8293101
0,0,0.11014218
0,0,0.045834053
0,0,0.07730934
0,0,0.28330758
0,1,0.5855881
0,0,0.00021160816
0,0,0.00012585837
0,0,0.45796034
0,0,0.17105383
0,0,0.19957674
0,0,0.021374278
0,0,0.21328525
0,0,0.063076414
1,1,0.5946687
0,0,0.09719329
0,0,0.054381352
0,0,0.00067392807
0,0,0.00091082294
0,0,0.2810799
0,0,0.0052317395
0,0,0.0042698784
0,0,0.04774519
0,0,0.4625764
0,0,0.43215966
0,0,0.007399686
0,0,0.3414257
0,0,0.14949161
0,0,0.28145123
0,0,0.108908504
0,1,0.59318465
0,1,0.79588175
0,0,0.0007603945
0,0,0.033684358
0,0,0.42748508
0,0,0.016384294
0,0,0.0006780344
0,0,0.17116272
0,0,0.16163467
0,1,0.80128515
0,1,0.598657
0,0,0.060146663
0,0,0.14875346
0,0,0.024443049
0,0,0.43877453
0,0,0.0006932023
0,0,0.3800606
0,0,0.37080792
0,0,0.23427811
0,0,0.052948624
0,0,0.08926839
0,0,0.020946978
0,0,0.0039879214
0,0,0.08582762
1,1,0.8801986
0,0,0.39390615
0,0,0.001985115
0,0,0.20494093
0,0,0.03403221
0,0,0.006146088
0,0,0.47557637
0,0,0.018940875
0,1,0.8144037
1,1,0.8907983
0,1,0.69733024
0,0,0.16092806
0,0,0.025895208
0,1,0.60937274
0,0,0.12822679
0,0,0.23911019
0,0,0.052180305
0,1,0.5216965
0,0,0.00017866967
0,0,0.0014183836
1,0,0.4525409
0,1,0.64417183
0,0,0.4351312
0,0,0.00019393892
0,0,0.15551166
0,0,0.038148686
0,0,0.039125375
0,0,0.018321622
0,0,0.0788463
0,1,0.6656986
0,0,0.00046612349
0,0,0.06791181
0,0,0.4496311
0,0,0.2399131
0,1,0.5954354
1,1,0.63905674
0,0,0.07806301
0,1,0.5368797
0,0,0.005520593
1,0,0.2201512
0,0,0.03376631
0,1,0.53389597
0,0,0.084358126
0,0,0.00015223626
0,0,0.48959804
0,1,0.52604717
0,0,0.34149808
0,0,0.21675676
0,1,0.7234967
0,0,0.20228876
0,1,0.85287464
0,0,0.22568804
0,0,0.25260714
0,0,0.12148836
0,0,0.038382303
0,1,0.8213729
0,0,0.1835859
0,1,0.6331346
0,0,0.42599082
0,1,0.7163115
0,0,0.05861606
0,0,0.2046795
0,0,0.08901818
0,1,0.9036971
0,0,0.00047902158
1,1,0.9322258
1,1,0.666714
0,0,0.012990223
0,0,0.011010528
0,0,0.44095638
0,0,0.43585244
0,0,0.09505578
0,0,0.056139257
0,1,0.636691
0,0,0.0018083793
0,0,0.39329678
0,1,0.8263834
0,0,0.01776574
0,0,0.0069033112
0,0,0.2702756
1,0,0.4646374
0,1,0.8779369
0,0,0.13346876
0,1,0.7341915
0,0,0.0031667647
0,0,0.14834626
0,0,0.07319642
0,1,0.55142665
0,0,0.011987737
0,0,0.00115347
0,0,0.2858813
0,0,0.014704622
0,0,0.039790932
0,0,0.3329433
0,0,0.08234834
0,0,0.048100233
0,0,0.00012491728
0,0,0.29424265
0,0,0.021402992
0,1,0.7499421
0,0,0.058514442
0,0,0.014098711
0,0,0.10491609
0,0,0.3960219
0,0,0.017548392
0,0,0.37057492
1,0,0.21151315
0,0,0.15131411
0,0,0.24837996
0,1,0.86328274
0,1,0.8399436
0,0,0.27750197
0,0,0.066601284
0,1,0.6032919
0,0,0.21234217
0,0,0.39326778
0,1,0.70546746
0,1,0.735428
0,0,0.24434055
0,0,0.32470268
1,0,0.35522056
0,0,0.15093826
0,0,0.025685143
0,1,0.53126746
0,1,0.7835317
0,0,0.028621169
0,0,0.10034202
0,0,0.06133636
0,0,0.018266946
0,0,0.09234095
0,0,0.012396213
0,0,0.23724814
0,1,0.5770694
1,0,0.36456874
0,1,0.64213014
0,0,0.1970166
0,0,0.0001552782
0,0,0.04003265
1,1,0.8951155
0,0,0.031972844
0,0,0.0070164516
0,0,0.14357221
0,0,0.3982024
0,0,0.018167302
0,0,0.15862508
0,0,0.00061955664
0,0,0.105982326
0,0,0.038557716
0,0,0.34780112
0,0,7.0545364e-05
0,0,0.18166773
0,0,0.07354579
1,1,0.8509739
0,0,0.33713138
0,0,0.025409821
0,0,0.043379184
0,1,0.56534123
0,0,0.0926348
0,0,0.35627055
0,1,0.56987894
0,0,0.34927246
0,0,0.39821297
0,0,0.46799874
0,0,0.14223513
0,0,0.3019221
0,0,0.01480644
0,0,0.0040617366
0,0,0.40562034
0,0,0.017209623
0,0,0.45951182
0,0,0.05306444
0,0,0.013014884
0,1,0.8118204
0,0,0.47959584
0,0,0.43207464
0,0,0.37425286
0,0,0.00025008945
1,1,0.80361956
0,0,0.0012514509
0,0,0.1321424
0,0,0.262451
0,0,0.035433784
0,0,0.103812695
0,0,0.06611769
0,0,0.470732
0,0,0.14860153
0,0,0.0016668147
0,0,0.41714063
0,0,0.04288486
0,0,0.1795216
0,0,0.019992933
0,0,0.013094377
0,1,0.7154889
0,1,0.8238189
0,1,0.7307801
0,0,0.39849862
0,0,0.11006775
1,1,0.9246873
0,0,0.0026985186
0,1,0.671259
0,0,0.029042916
0,0,0.12095569
0,0,0.16291101
0,0,0.028141255
0,0,0.3689249
0,1,0.5249855
0,1,0.8028886
0,0,0.18309943
1,0,0.224776
0,0,0.24950857
1,0,0.47585124
0,1,0.5197548
0,1,0.79833996
0,0,0.032449592
0,1,0.6209693
0,0,0.36966658
0,0,0.22971115
0,0,0.12978287
0,1,0.83251923
0,1,0.52355033
0,0,0.0040924675
0,1,0.51842386
0,0,0.078485094
0,0,0.3376628
0,0,0.08947765
0,1,0.5279611
0,0,0.031921797
1,1,0.82952046
0,1,0.931999
0,1,0.52480394
0,0,0.37240344
0,1,0.8554854
1,0,0.28583735
0,0,0.06306751
0,0,0.008036217
1,0,0.10562084
0,0,0.0065306122
0,0,0.07065519
0,0,0.015887123
0,0,0.10950899
0,1,0.67374396
0,1,0.77188754
0,0,0.18111254
1,1,0.6651792
0,0,0.045745913
0,0,0.19458878
0,0,0.12801817
0,0,0.29562563
0,0,0.022397798
0,0,0.23577228
0,0,0.013422212
0,0,0.18340626
0,0,5.528252e-05
0,0,0.36703318
1,1,0.7580045
0,0,0.31008714
0,1,0.7432311
0,0,0.18984617
0,0,0.25603676
0,0,0.4888409
0,1,0.54191333
0,0,0.0007936085
0,1,0.5972888
0,1,0.7876351
0,0,0.25817227
0,0,0.006931535
0,1,0.9182607
1,1,0.9533786
0,0,0.4267873
0,1,0.729721
0,0,0.0084663285
1,1,0.78984714
0,0,0.0122247785
0,0,0.035253074
0,1,0.5395103
0,0,0.28375584
0,0,0.37697244
0,1,0.8841498
0,0,0.40818712
0,1,0.5591325
1,1,0.7882198
0,1,0.62974495
0,0,0.00010782178
0,0,0.43412572
0,0,0.004569425
0,0,0.053313516
0,0,0.36876827
0,1,0.7019143
0,0,0.025066443
0,0,0.48626602
0,0,0.040720336
0,0,0.3745793
0,0,0.06551348
0,0,0.34171382
0,0,0.006177581
0,0,0.22322728
0,0,0.0049980404
0,0,0.3342849
0,0,0.43618733
0,0,0.094361156
0,0,0.055321366
0,0,0.06642613
0,0,0.47695705
0,1,0.60388803
0,1,0.8507998
1,0,0.24973653
0,1,0.8049656
0,0,0.003483709
0,0,0.19483814
0,0,0.16617787
0,1,0.81819785
0,0,0.34226012
0,0,0.12271882
0,0,0.0015540466
0,0,0.08370326
0,0,0.0001552782
0,1,0.7852047
0,1,0.8737898
0,0,0.21830332
0,0,0.08733548
0,1,0.7047764
0,1,0.8258725
0,0,0.4976661
0,0,0.03783849
0,0,0.0077383025
0,0,0.09818612
0,0,0.19000345
0,0,0.41472873
0,1,0.7050077
0,0,0.38706046
0,0,0.3933836
0,0,0.22857776
0,0,0.04584372
0,0,0.16011009
1,0,0.4206318
0,0,0.4369413
0,1,0.70698047
0,1,0.78828686
1,0,0.034010764
0,1,0.6399981
0,0,0.35267097
0,0,0.06064045
0,0,0.17735197
1,1,0.87305325
0,0,0.26571155
0,0,0.25693333
0,1,0.50944895
0,0,0.007880415
0,0,0.17481743
0,0,0.29034594
0,1,0.52396417
0,0,0.0003555928
0,1,0.52171063
0,0,0.012329513
0,0,0.07467323
0,0,0.3295122
1,1,0.71871775
1,1,0.6608429
0,1,0.7812535
0,0,0.0350258
0,1,0.80903876
0,0,0.11997091
1,1,0.8866662
1,0,0.4901481
0,0,0.0034259583
0,0,0.29848418
0,0,0.3140244
0,0,0.28115907
0,0,0.2328097
1,0,0.2040923
1,0,0.053651985
0,0,0.1877967
0,1,0.8688397
0,0,0.022955408
0,0,0.36235017
0,0,0.2710058
0,1,0.9461112
1,1,0.7755395
0,0,0.19824408
0,0,0.04747885
0,0,0.00090395403
0,0,0.015756864
0,0,0.11164392
1,1,0.6734153
0,0,0.31002438
0,1,0.7372922
0,0,0.08599317
0,1,0.81931156
0,1,0.73766375
0,1,0.68846524
0,0,0.12296769
0,1,0.6148423
0,0,0.004719834
0,1,0.7124539
0,0,0.012400212
0,0,0.36379185
0,0,0.16285695
0,0,0.187213
0,0,0.15538284
0,0,0.01469891
0,0,5.503855e-05
0,1,0.74711865
1,0,0.45635888
0,0,0.04250682
0,0,0.018481709
0,0,0.00018166822
0,1,0.5233881
0,0,0.00020938578
1,0,0.09389523
1,0,0.49323004
0,0,0.21024173
0,0,0.3177321
0,0,0.20025815
0,0,0.00095552707
0,0,0.34992546
0,0,0.010353421
0,0,0.3186258
1,1,0.9478294
0,0,0.11426522
0,0,0.27187705
0,0,0.0057757706
0,0,0.022689112
0,1,0.5679624
0,0,0.047992166
0,0,0.48844442
0,0,0.006111834
0,0,0.0005918262
0,0,0.0032183041
0,0,0.2563198
0,0,0.036475822
0,0,0.043114755
1,1,0.85796267
0,1,0.5153595
0,0,0.33816463
0,0,0.025873706
0,0,0.24868484
0,0,0.02358349
0,0,0.011815509
0,0,0.05978577
0,0,0.012889482
0,0,0.018539345
0,0,0.013632256
1,1,0.8475494
0,0,0.0074391495
0,0,0.41131637
0,1,0.63539666
0,1,0.63283414
0,0,0.38519228
0,0,0.028956976
0,1,0.64076066
1,1,0.56621885
0,0,0.021061193
0,0,0.07968667
0,0,0.07882947
0,0,0.4470107
0,0,0.05213936
0,0,0.29600433
0,0,0.36467916
0,0,0.07131422
0,0,0.20472585
0,0,0.03304356
0,1,0.9249575
0,0,0.009749589
0,0,0.00025954202
0,1,0.63901913
0,1,0.61069214
0,0,0.06806221
0,1,0.8143205
0,0,0.13748446
0,1,0.7672224
0,0,0.013604688
0,0,0.13576922
0,0,0.3377566
0,0,0.006504374
0,1,0.74380547
0,1,0.73530054
0,0,0.004182004
0,0,0.3835164
0,1,0.5447788
0,0,0.20926444
0,1,0.53162026
0,1,0.5725598
0,1,0.84761935
0,0,0.04751258
0,0,0.15965474
0,0,0.0012736832
0,0,0.023747655
0,0,0.04145776
1,1,0.8319622
1,1,0.9087123
0,0,0.1641328
1,1,0.5681942
0,1,0.8232809
0,0,0.008041016
0,0,0.11083487
1,1,0.8642283
1,1,0.794089
1,0,0.23803842
0,0,0.033860076
0,0,0.29682285
0,0,0.07184182
0,0,0.0019622843
0,1,0.90013814
0,0,0.0038482263
0,0,0.030185433
0,0,0.002233458
0,0,0.134918
0,0,0.27380425
0,0,0.004627921
0,0,0.016201533
1,1,0.6605041
1,1,0.66806704
0,0,0.084431246
0,0,0.120757386
1,0,0.40790805
0,0,0.0038198885
0,1,0.5482001
0,1,0.5398835
0,0,0.008407764
0,0,0.018866355
0,0,0.18988203
0,0,0.051735856
0,0,0.105842814
0,0,0.08516393
0,0,0.05320656
0,0,0.16173692
0,0,0.043072194
0,0,0.00041563262
0,0,0.38692355
0,0,0.16961929
0,1,0.54286015
0,1,0.82655716
1,0,0.34241718
0,0,0.14917885
0,0,5.6285087e-05
0,0,0.00018166822
0,0,0.070565075
0,1,0.72370225
0,1,0.52310354
0,1,0.6690492
0,0,0.0155702885
0,0,0.009080325
0,0,0.40681583
0,0,0.062255863
0,0,0.38598883
0,0,0.016371397
0,0,0.14968705
0,1,0.67666554
0,1,0.65627676
0,0,0.024176946
0,0,0.1372495
0,0,0.030681835
0,0,0.2682987
0,0,0.119818114
0,0,0.3430492
0,0,0.099028245
0,0,0.29314485
0,1,0.5725976
0,0,0.00091591873
0,1,0.92573386
0,0,0.0759874
0,0,0.41995934
1,1,0.72809607
0,0,0.007837124
0,0,0.27029523
0,0,0.23497364
0,0,0.38599175
0,0,5.6285087e-05
0,0,0.0059504006
1,0,0.4734533
0,0,0.03187072
0,0,0.021455424
0,0,0.110336035
0,0,0.094556525
0,0,0.15650786
0,0,0.0062916074
0,1,0.6666887
0,0,0.49061874
0,0,0.42173442
0,0,0.0914421
0,0,0.28498855
0,0,0.23541546
0,0,0.04601971
0,0,0.05399058
0,0,0.44977483
0,0,0.029960837
1,0,0.34192696
0,0,0.21899267
0,0,0.00775757
0,1,0.6845636
0,0,0.046106964
0,0,0.34292343
0,0,0.029777901
0,1,0.7856074
0,1,0.8116408
0,1,0.95458204
1,0,0.31272992
0,0,0.004956099
0,0,0.09739046
0,1,0.6610463
0,0,0.34430453
0,1,0.55207044
1,1,0.70992064
0,0,0.021985501
0,0,0.054695986
0,1,0.75769174
1,1,0.7164216
0,0,0.010386245
0,0,0.014581687
0,1,0.6422967
0,1,0.74295175
0,0,0.135228
0,0,0.067853145
0,0,0.014018482
0,1,0.52071375
0,0,0.40663302
0,0,0.013304776
0,0,0.03668146
0,0,0.09141899
0,0,0.027511805
0,1,0.7479373
0,0,0.16478959
0,0,0.17584613
0,1,0.5724239
0,0,0.022744212
0,0,0.0020749173
0,1,0.60523844
0,0,0.13734744
0,0,0.42899054
0,0,0.03417698
0,1,0.5030334
0,0,0.053845868
0,0,0.010083207
0,0,0.005051179
0,0,0.42119512
0,0,0.1871976
0,0,0.024023276
0,0,0.21882643
0,0,0.22051139
0,1,0.567493
0,0,0.16827783
0,0,0.2875067
0,0,0.116764575
0,0,0.036191013
0,1,0.66549784
1,1,0.98150694
0,1,0.6030705
0,0,0.021185271
0,0,0.123985164
0,0,0.475614
0,0,0.4436782
0,0,0.0457103
0,0,0.31004348
0,0,0.21355666
0,0,0.07086422
0,0,0.031261265
0,0,0.16543688
0,0,0.00028724954
0,0,0.3162969
0,0,0.20994307
0,0,0.13329215
0,0,0.0044668065
0,0,0.0014812083
0,1,0.7083278
0,0,0.00010782178
0,0,0.050371602
0,0,0.4298628
0,0,0.27676332
0,0,0.17902867
0,1,0.82424194
0,0,0.32731992
0,0,0.30143264
0,0,0.41564813
0,0,0.29344738
0,0,0.29149917
0,0,0.0012747645
0,0,0.18716578
0,0,0.34417406
0,0,0.15474743
0,1,0.60823035
0,0,0.064356826
0,0,0.10152934
0,0,0.108753465
0,0,0.08821569
0,0,0.023920167
0,1,0.8471542
0,0,0.2750598
0,1,0.8420616
0,1,0.5237154
0,0,0.052468307
0,0,0.37296572
0,0,0.0047678677
0,1,0.7995506
0,0,0.0012218679
0,0,0.30610162
0,0,0.005618984
0,0,0.031930685
0,0,0.0014192213
0,0,0.27677995
0,0,0.12371711
0,1,0.7672108
0,0,0.2469797
0,0,0.056305155
0,1,0.6809061
0,1,0.6886382
0,0,0.048023023
0,1,0.7707501
0,1,0.84651566
0,0,0.3662916
0,0,0.005829024
1,1,0.5069058
0,1,0.5429158
0,0,0.26145923
0,0,0.21595179
0,1,0.839695
0,0,0.122571595
0,1,0.7096438
0,0,0.048852682
0,1,0.5068043
0,0,0.14947274
0,0,0.0005456445
0,0,0.004570503
0,1,0.7606804
1,1,0.5683904
0,0,0.0069033112
0,0,0.38237363
0,0,0.35376605
0,0,0.10868175
0,0,0.03758893
0,0,7.0545364e-05
0,0,0.015134972
1,0,0.2099924
0,0,0.13928312
0,1,0.8424852
0,0,0.4631807
0,0,0.0078808665
0,0,0.24676533
1,1,0.87610626
0,0,0.116228744
0,0,0.27404603
0,0,0.3214761
0,0,0.0002534643
0,0,0.02842532
0,1,0.57232964
0,1,0.53862846
0,1,0.77203876
0,1,0.55438554
0,0,0.053595323
0,0,0.47175416
0,0,0.12515032
0,1,0.63414985
0,0,0.07822312
0,1,0.7858786
0,0,0.019859053
0,1,0.7091293
0,1,0.5586352
0,0,0.2514273
0,0,0.3397905
0,0,0.009926371
0,0,0.05736333
0,0,0.3387087
0,0,0.009845453
1,0,0.3443756
0,0,0.35782674
0,0,0.0446832
0,0,0.11502846
0,0,0.46280307
0,0,0.0083096735
0,0,0.0038697845
0,0,0.019759873
0,0,8.097845e-05
0,0,0.052058753
1,0,0.32972497
0,0,0.49978277
1,1,0.55529195
0,0,0.39172524
0,0,0.1752839
0,0,0.35250014
0,0,0.06530628
0,1,0.58670056
0,0,0.036243975
0,0,0.11926404
0,0,0.22022116
0,0,0.06619504
0,0,0.35457897
0,0,0.43301407
0,0,0.018992841
0,0,0.15847532
0,1,0.52981585
0,0,0.007216262
0,0,0.05344466
0,1,0.8464795
0,1,0.57691056
0,0,0.1167692
0,0,0.00028809483
0,0,0.03911619
0,1,0.528135
0,0,0.024218356
0,1,0.64398456
0,1,0.51671904
0,0,0.0001552782
0,1,0.79993933
0,0,0.35727796
0,0,0.0001552782
0,1,0.5187006
0,0,0.0029490844
1,1,0.8089731
0,0,0.0047627226
0,0,0.119021356
1,0,0.2514311
0,0,0.17990433
0,0,0.00010457339
0,0,0.008379142
0,0,0.35773847
0,0,0.0018040584
0,0,0.07558567
0,0,0.0050036376
0,1,0.94450796
0,0,0.12759219
0,0,0.12842521
0,0,8.4207524e-05
0,0,0.01334962
0,0,0.45899534
1,1,0.6711954
0,1,0.59780806
0,0,0.17146401
0,0,0.10800536
0,0,0.08507133
0,0,0.2545936
0,0,0.43525785
0,0,0.0020622734
0,1,0.7660542
0,1,0.5593085
0,0,0.0041610305
0,0,0.021402992
0,1,0.84531075
0,0,0.13052545
0,1,0.7274628
0,0,0.19719034
0,0,0.06403546
0,1,0.5001033
0,1,0.77003855
0,0,0.035301995
0,0,0.004709481
0,0,0.20849352
0,0,0.005220886
0,0,0.045902442
1,0,0.025220595
0,0,0.05440893
0,0,0.004137749
0,1,0.90035504
0,1,0.5551741
0,0,0.02615149
0,0,0.00046415243
0,0,0.4794459
0,0,0.37576953
0,1,0.8363285
0,0,0.095208295
0,0,0.017650109
0,0,0.000103649516
0,0,0.2159588
0,0,0.12507696
0,1,0.5969326
0,0,0.011236145
0,0,0.085591726
0,0,0.21976607
0,0,0.0085066
0,0,0.09211563
0,0,0.012358517
0,0,0.24758326
0,0,0.15515694
0,1,0.89602053
0,0,0.000873823
0,0,0.28487042
0,0,0.005004034
0,0,0.073547035
0,0,0.002043842
0,0,0.30850923
1,1,0.6596032
0,0,0.06374046
0,1,0.87503535
0,0,0.0015465219
0,0,0.28305
1,0,0.12612748
0,1,0.59435195
0,0,0.40601906
0,0,0.00043076195
0,1,0.7371075
1,1,0.841149
0,0,0.01798435
0,1,0.8972118
0,0,0.0065480433
0,0,0.0040294514
0,0,0.00086832966
0,0,0.13232318
0,1,0.81839293
0,0,0.49763834
0,0,0.17203446
0,0,0.049455732
0,1,0.7742496
0,1,0.5050516
1,0,0.2879222
0,0,0.0002527495
1,0,0.08083065
0,1,0.6097935
0,0,0.06753682
0,0,0.037272755
0,0,0.09201441
0,0,0.16666047
0,0,0.04439023
0,0,0.48391604
0,0,0.053794295
0,0,0.020609653
0,0,0.016589973
0,1,0.6267874
0,0,0.05000252
0,0,0.0026008242
0,0,0.24367446
0,0,0.09812575
0,1,0.5694538
0,1,0.50409997
0,0,0.104134135
0,0,0.0008920035
0,0,0.1062301
0,0,0.03735859
0,0,0.17595267
0,1,0.8374588
0,0,0.3224395
0,0,0.00010561895
1,1,0.5681758
0,0,0.37658668
0,0,0.1846023
0,0,0.01945049
0,1,0.555773
1,0,0.4759447
0,0,0.011180234
0,0,0.35085148
0,1,0.89495456
0,0,0.091330685
0,0,0.07981163
0,1,0.7203139
0,1,0.5161792
0,0,0.34440675
0,0,0.13163535
0,0,0.06680397
0,0,0.08918419
0,0,0.16663493
0,0,0.003111553
0,0,0.005140701
1,1,0.8095804
0,0,0.0012134821
0,0,0.0007925452
0,0,0.111150965
0,1,0.63648957
0,0,0.45626956
0,0,0.45620608
0,1,0.6071487
0,0,0.27984264
0,0,4.6482823e-05
0,0,0.44670904
0,0,0.192791
0,1,0.87620264
0,0,0.1586955
0,0,0.010545964
0,0,0.0070157642
0,1,0.79194677
0,0,0.00018166822
0,1,0.73674434
0,1,0.5385153
0,0,0.12576886
0,0,0.3401536
1,1,0.7157337
0,0,0.42217734
1,1,0.7346403
0,1,0.72599787
0,0,0.002686154
1,0,0.35840064
0,1,0.70513034
1,1,0.7401437
0,0,0.4134724
0,0,0.33384806
0,1,0.58728206
0,0,0.004701859
0,1,0.65591556
0,1,0.7297994
1,0,0.10297297
0,0,0.38381892
0,1,0.85117286
0,0,0.10178331
0,0,0.017683724
0,0,0.010121158
0,0,0.00017843099
0,0,0.4794406
0,0,0.0017847294
0,0,0.00010782178
0,0,5.018453e-05
0,0,0.16935082
0,1,0.8853817
0,0,0.275409
0,0,0.19399174
0,0,5.018453e-05
0,1,0.64892215
0,0,0.05414149
0,1,0.5539353
0,0,0.24530044
0,1,0.55189097
0,0,0.004584371
0,1,0.77672774
0,0,0.013262208
1,0,0.2844268
0,1,0.68108124
0,0,0.039515488
0,0,0.24581711
0,1,0.86695766
0,0,0.046711434
0,0,0.04421502
0,0,0.22303157
0,1,0.5889921
0,0,0.075040706
0,0,0.114675194
0,0,0.045853432
0,0,0.29075608
0,0,0.11678883
0,1,0.64507437
0,1,0.78904134
0,0,0.3748194
0,1,0.69754815
0,0,0.011220321
0,0,0.015469928
0,1,0.6067357
0,0,0.27139255
0,0,0.021989958
0,1,0.50186527
0,1,0.82880825
0,0,0.008493736
0,0,0.31478027
0,0,0.091514684
0,0,0.0045874664
0,0,0.24938004
0,0,0.024869617
0,1,0.7407554
0,0,0.0044158935
0,0,0.006444535
0,1,0.8604007
0,0,0.44583887
0,0,0.2841667
0,0,0.08077673
0,0,0.06202454
0,0,0.06982815
0,0,0.007709909
0,0,0.15640022
0,1,0.6419039
0,0,0.29626486
0,0,0.14646897
0,0,0.23016782
0,0,0.21699545
0,0,0.3213996
0,0,0.02536191
0,0,0.20213671
0,0,0.025851473
0,1,0.71517247
0,0,0.0054243705
0,0,0.01918776
0,0,0.00017260152
0,0,0.04601279
0,0,0.2656406
1,0,0.11126847
0,0,0.48106226
0,0,0.051718075
0,0,0.2449695
0,0,0.19572175
0,0,0.39198437
0,0,8.7266344e-05
0,0,0.00017260152
0,0,0.27015853
0,0,0.0010372733
1,0,0.4683338
0,1,0.8652604
0,1,0.63093305
0,0,0.31089368
0,1,0.5756781
0,0,0.021297984
0,0,0.10977857
0,0,0.06451291
0,0,0.48748893
0,1,0.56104475
0,0,0.37134165
0,0,0.0035594143
0,0,0.22629756
1,1,0.8331743
0,0,0.011866503
0,0,0.07761712
1,0,0.3279026
0,1,0.7256349
0,0,0.49641186
0,0,0.00014089115
1,0,0.26171473
0,0,0.06441979
0,0,0.014379868
0,0,0.39548886
0,0,0.018549044
0,0,0.4004025
0,0,0.45247507
0,1,0.62825745
0,0,0.15872338
0,0,0.038667515
0,0,0.027753215
0,0,0.03332293
0,0,0.3598485
0,1,0.91553754
0,1,0.61525506
0,0,0.0013492678
0,0,0.0019683582
0,0,0.007028735
0,0,0.10482117
0,0,0.37962654
0,0,0.20679954
0,0,0.0040924675
0,0,0.105222456
0,1,0.7272773
0,1,0.764819
0,0,0.1607619
0,0,0.014424067
0,0,0.015456549
0,0,0.40686125
0,0,0.31033403
0,1,0.7367186
0,1,0.84087133
0,1,0.50489306
0,0,0.07131621
1,1,0.52647734
0,0,0.00017480299
0,1,0.73035634
0,0,0.27513492
0,0,0.19135886
0,0,0.40154648
0,1,0.77876145
0,0,0.0041254763
0,0,0.2948636
0,0,0.008046977
1,1,0.7347793
0,0,0.104834095
0,1,0.7026248
0,0,0.34048295
0,0,0.40408787
0,0,0.0074163405
0,0,0.07600327
0,0,0.36807075
0,0,0.11050222
0,0,5.6285087e-05
0,1,0.8552584
0,1,0.7902655
0,0,0.011380546
0,1,0.92379886
0,0,0.016507976
0,0,0.42203707
0,0,0.31403396
0,1,0.6799211
0,0,0.18790935
0,1,0.85623974
0,0,0.044729907
0,0,0.23405328
0,0,7.0545364e-05
0,0,0.18744457
0,1,0.82412606
0,0,0.030260421
0,0,0.07612219
0,1,0.53256
0,0,0.19352828
0,0,0.0027449946
0,0,0.14180367
0,1,0.7945931
0,0,0.0029680803
0,0,0.07779724
0,0,0.24792705
0,0,0.3310051
0,0,0.44145736
0,1,0.7257119
0,0,0.027826622
1,1,0.914239
1,1,0.8530536
0,0,0.34320772
0,1,0.54564947
0,0,0.014235596
0,0,0.12758303
0,0,0.0066928193
0,0,0.05250153
0,0,0.0048537543
0,0,0.12441239
0,0,0.108367525
0,0,0.049737796
0,0,0.0001872517
0,0,0.49419388
0,0,0.33169594
0,0,0.029617388
0,0,0.0066340608
1,1,0.8385281
0,1,0.92829907
1,1,0.5249464
0,0,0.22989337
0,1,0.75766873
0,1,0.544839
1,1,0.8932396
0,0,0.042426217
0,1,0.7239723
0,0,0.13275035
0,0,0.3054133
0,0,0.11969073
0,1,0.50829226
0,0,0.018964702
0,0,0.029045
0,0,0.15449916
0,0,0.00033112423
1,1,0.78157467
0,0,9.6410644e-05
1,1,0.86939013
0,0,0.368556
0,1,0.6231999
0,0,0.059336603
1,0,0.46066043
0,0,0.2218225
0,1,0.52420527
1,1,0.7943115
0,0,0.010526608
0,0,0.088605344
0,0,0.003977204
0,0,0.21043122
0,1,0.7521212
0,0,0.10617597
0,0,0.00906103
0,0,0.33000186
0,0,0.416455
0,0,0.037587654
0,0,0.046092108
0,0,0.23385096
1,0,0.071509786
0,0,0.18908277
0,0,0.012748302
0,0,0.115391076
0,0,0.09953035
0,0,0.40282807
0,0,0.17044981
0,0,0.1038372
0,0,0.02287621
0,0,0.023497919
0,0,0.0022005476
0,0,0.48869357
0,0,0.39308527
0,0,0.0065431935
0,1,0.68307346
0,0,0.25865117
0,0,0.11690167
0,0,0.36989814
0,0,0.27495626
0,0,0.04755877
1,0,0.3051461
1,1,0.9616558
0,1,0.509096
0,1,0.61779207
0,1,0.8282445
0,0,0.05889344
0,1,0.7777809
0,1,0.53331053
0,1,0.90543616
0,0,0.17043129
0,0,0.0030702967
0,0,0.27837512
0,1,0.9052651
0,0,0.00028201123
0,0,0.010368959
0,1,0.6048071
0,1,0.76936436
1,1,0.5446847
0,0,0.3899861
0,0,0.042078856
0,0,0.15553044
0,0,5.6285087e-05
0,0,0.00010457339
0,0,0.0030528873
0,0,0.0074530453
0,0,0.15822822
0,1,0.6333481
0,0,0.10403136
0,1,0.647983
0,0,0.3053949
0,0,0.0069625885
0,0,0.01735725
0,1,0.51963586
0,1,0.7113294
0,1,0.5102252
0,0,0.010063782
0,0,0.32176536
0,0,0.00014089115
0,0,0.029946303
0,0,0.06355666
0,0,0.004235819
0,0,0.4067547
0,0,0.3417724
0,0,0.0070880274
0,0,0.058608413
0,0,0.011208637
0,0,0.33983704
0,0,0.34124902
0,1,0.6068978
0,0,0.12797476
0,0,0.011081855
0,1,0.6403014
0,1,0.8481283
0,0,0.10819383
0,0,0.42828774
0,0,0.32160613
0,1,0.70010537
0,0,0.46460217
0,0,0.003365304
0,1,0.7543742
0,0,0.118572906
0,0,0.004099807
0,0,0.042309787
0,0,0.00014884402
0,0,0.15832266
0,0,0.027854003
0,0,0.045932744
0,0,0.4527362
0,0,0.023512254
0,0,0.09389312
0,0,0.089295544
0,0,3.2069707e-05
0,0,0.12847702
0,0,6.423275e-05
0,0,0.032653384
0,0,9.5622585e-05
0,0,0.16236572
0,0,0.03730873
0,0,0.3998381
0,0,0.01410633
0,0,0.08606352
1,1,0.59138125
0,0,0.2891497
0,0,0.0015782289
0,0,0.41971892
0,1,0.81304127
0,0,0.0059125065
0,0,0.49024743
0,0,0.009592033
0,0,0.026329987
0,0,0.002177563
0,0,0.30134085
0,0,0.021332452
0,0,0.46083885
0,0,0.042488154
0,0,0.47346747
0,0,0.19736433
0,0,0.019193953
0,0,0.022902807
0,0,0.08062576
0,0,0.44249505
0,0,0.113857634
0,0,0.036571465
0,0,0.4100133
1,1,0.8538865
0,0,0.41596413
1,0,0.20712955
0,1,0.5188269
0,0,0.042673256
0,0,0.00010719009
1,0,0.49900422
0,0,0.00043076195
1,0,0.24324462
0,0,0.056433145
0,0,0.061021037
1,0,0.33721107
0,0,5.6285087e-05
0,0,0.32993156
0,0,0.24412003
0,0,0.00011015551
0,1,0.83963335
0,0,0.08538417
0,1,0.8040824
0,0,0.4359223
0,1,0.9045495
1,0,0.18856499
0,0,0.40948835
0,0,0.03537628
0,0,0.21668048
0,0,0.1369508
1,1,0.7486394
0,0,0.22493955
0,0,0.13976508
0,1,0.55115134
1,1,0.65973884
0,0,0.45165285
0,0,0.25316736
1,0,0.20489138
0,1,0.7829255
0,1,0.6053967
0,0,0.01871755
0,1,0.50392795
1,1,0.9482883
0,1,0.93849206
0,1,0.70343876
0,1,0.7317168
0,1,0.72567093
0,1,0.6459276
0,0,0.02903864
0,0,0.23565517
0,0,0.25169468
1,1,0.5426744
0,0,0.3100614
0,0,0.37075624
0,0,0.2699635
0,0,0.083140135
1,0,0.48374408
0,0,0.05385721
0,0,0.004426472
0,0,0.10173109
0,1,0.67932916
0,1,0.7641006
0,0,0.2696446
0,1,0.67348087
0,1,0.7284527
0,1,0.7485499
0,1,0.9444061
0,0,0.02034403
0,1,0.65591556
0,0,0.028474735
0,0,0.45639423
1,0,0.20913668
0,0,0.15852723
0,0,0.035393495
0,0,0.04072707
0,0,0.08797848
0,0,0.00025138757
0,0,0.034518383
0,1,0.5304376
0,0,0.005729915
0,1,0.7733129
0,1,0.8964851
0,1,0.9088107
0,0,0.00022287552
0,1,0.698637
1,1,0.6496018
1,1,0.6501554
0,1,0.66139305
0,0,0.018348867
0,0,0.24969018
0,0,0.13741674
0,0,0.14025795
0,0,0.05956729
1,1,0.91647846
0,0,0.042685132
0,0,0.062034816
0,0,0.35972098
0,0,0.12352849
0,0,0.0532629
0,1,0.70996076
1,0,0.21495908
0,0,0.0024686556
0,0,0.051620767
0,0,0.0106449155
0,0,0.22598699
1,1,0.82664764
0,0,0.10172858
0,1,0.66840225
0,0,3.2069707e-05
0,0,0.00029344475
0,0,0.064136595
0,0,0.000103649516
0,0,0.39517465
0,0,0.38577268
0,0,0.0029260265
0,0,0.31783074
0,0,1.7677148e-05
0,0,0.00029816336
1,1,0.6782884
0,1,0.7276681
0,0,0.48391733
0,0,0.2798696
0,0,0.14800495
0,1,0.67005515
0,0,0.32625452
0,0,0.11852388
0,0,0.014622437
0,0,0.0741464
0,0,0.028646026
0,0,0.13336101
1,1,0.59734315
0,0,0.1083804
1,0,0.04947201
1,1,0.8326441
0,0,0.0018409833
0,1,0.873243
0,0,0.010074572
0,0,0.26822197
0,0,0.15443288
0,0,0.45774493
0,0,0.09628987
1,1,0.82586116
0,0,0.19860704
0,0,0.008081914
0,0,0.08903401
0,1,0.7435507
1,1,0.65449536
0,0,0.0022634582
0,0,0.4610909
0,0,0.21186072
0,1,0.6132019
0,0,0.00015363123
0,0,0.03016481
0,0,0.3334499
0,0,0.00027699777
0,1,0.7740184
0,0,0.024634853
0,0,0.069323786
0,0,0.3946849
0,0,0.09154746
0,1,0.66026026
0,0,0.08988609
0,0,0.44532204
0,0,0.03899607
0,1,0.7602054
1,0,0.15768601
0,0,0.043055728
0,0,0.2743446
0,0,0.18750864
1,1,0.93604094
0,0,0.06337857
0,0,0.07108293
0,0,0.004542473
0,1,0.86247855
0,0,0.06446615
0,0,0.02579068
0,0,0.33024994
0,0,0.43516898
0,0,0.34100297
0,1,0.5823917
0,0,0.1631972
0,1,0.5970058
0,0,0.020330435
0,1,0.50082576
0,0,0.0083650295
0,0,0.4479461
0,0,0.47471565
0,1,0.62667006
0,1,0.5568718
0,0,0.4537576
0,1,0.5729147
0,1,0.8080653
0,0,0.031390946
0,0,0.031309593
0,1,0.6595936
0,0,0.024220962
1,0,0.19967668
0,0,0.09248275
0,0,0.030463526
0,0,0.028090732
1,1,0.86689943
1,0,0.26727843
0,1,0.6782805
0,0,0.0005727925
0,0,0.010430301
0,0,0.012845934
0,0,0.11969231
0,1,0.5493589
0,0,0.018760197
0,0,0.42618734
0,1,0.64453167
0,0,0.4520885
0,1,0.50800234
0,0,0.058593277
0,0,0.0031856317
0,0,0.05308047
0,0,0.11941348
0,0,0.42909825
1,1,0.88737464
0,0,0.14566977
0,0,0.062130857
1,1,0.56635094
0,0,0.01796797
0,0,0.062556125
0,0,0.010903104
1,1,0.7543809
0,1,0.5465145
0,0,0.00206785
0,0,0.11396174
0,0,0.0071464386
0,0,0.23133989
1,1,0.6572462
0,1,0.82929504
0,0,0.0040650843
0,0,0.05562846
0,0,0.1413953
0,0,0.011008358
0,0,0.05088383
0,0,0.046515364
0,1,0.72375077
0,0,0.010803426
1,0,0.26066297
0,0,0.48711917
0,0,0.0044995397
0,0,0.00838985
0,0,0.12990543
0,1,0.7084874
0,0,0.46438769
0,0,0.34304985
0,0,0.011589171
0,0,0.04834875
0,0,0.44975466
0,0,0.009119004
0,0,0.17669536
1,1,0.8108192
0,0,0.00919269
0,0,0.00017775496
0,0,0.45065212
0,0,0.009301243
0,1,0.6490659
1,1,0.72750854
0,0,0.30449188
0,1,0.9179324
0,0,0.28580278
0,0,0.006412234
0,0,0.013511368
0,0,0.0860222
0,0,0.012585932
0,0,0.12630913
0,0,0.42903653
0,0,0.19837312
0,0,0.48424003
0,0,0.00013576978
0,0,0.24097878
0,1,0.8814879
0,0,0.06361084
0,0,0.021358633
0,1,0.66986895
0,0,0.24281743
0,0,0.0054924227
0,1,0.7603214
1,1,0.73918396
0,0,0.1712607
0,0,0.21473598
0,1,0.8972329
0,0,0.122971386
1,1,0.60106045
0,0,0.22202884
0,0,0.01843609
0,0,0.32865024
0,0,0.43292797
0,0,0.087780766
0,0,0.11198771
0,0,0.06861516
0,0,0.16121224
0,1,0.56921923
1,1,0.6382701
0,0,0.0034528195
0,0,0.4418023
0,0,0.047445707
0,0,0.30897695
0,1,0.57910365
1,0,0.27277976
0,0,0.0032094563
0,0,0.27661708
0,0,0.3935026
0,0,0.34240708
0,0,4.4370343e-05
0,0,0.008685227
0,0,0.01579383
0,0,0.32184035
0,0,0.13428597
0,0,0.3085753
0,0,0.004745693
0,0,0.024412708
0,0,0.3324985
0,0,0.035256162
0,0,0.17122588
0,0,0.4395078
0,0,0.21444526
0,0,0.36454216
1,0,0.08276852
0,0,0.2556582
0,1,0.5549068
0,0,0.00048397912
0,0,0.19934836
0,0,0.061793946
0,0,0.0045593977
0,0,0.05140384
0,0,0.31692743
0,0,0.28806823
0,0,0.02549238
0,0,0.15496273
0,1,0.74122995
0,0,0.0007009369
0,0,0.02770701
0,0,0.26600873
0,1,0.70151484
0,1,0.5725767
0,0,0.19764549
0,0,0.26167852
0,0,0.006318339
0,1,0.9102477
0,1,0.6448897
0,0,0.18809909
0,0,0.21249016
0,0,0.0565584
0,0,0.048696384
1,0,0.19959095
0,1,0.65790796
0,0,0.1364486
0,0,0.059777595
0,0,0.033758562
0,0,0.12511143
0,1,0.60714036
0,0,0.31866702
0,0,0.076089375
0,0,0.21182209
0,1,0.5854997
0,1,0.52050656
0,0,0.00064178056
0,0,0.04691096
0,0,0.2655357
0,0,0.021712815
0,0,0.04055625
0,1,0.7525488
0,0,0.18125574
0,0,0.037390467
0,0,0.008375905
1,1,0.6082671
0,0,0.15555571
0,0,0.06152354
0,1,0.8344182
1,1,0.81870717
0,1,0.768883
0,0,0.101143755
0,0,0.08472705
0,0,0.27226248
0,0,0.005354393
0,1,0.6040563
0,1,0.50289565
0,1,0.86404425
0,0,0.3401554
0,1,0.8161729
0,0,0.23468308
0,0,3.0587576e-05
0,0,0.019879874
0,0,0.0008486959
0,0,0.02133517
0,0,0.004569425
0,0,0.418001
0,0,3.2069707e-05
0,0,0.35891578
0,0,0.21974605
0,0,0.40469036
0,0,0.0018167659
0,0,0.3169403
0,0,8.7266344e-05
0,0,0.38875353
0,0,0.22127953
0,0,0.046245996
0,0,0.26446897
0,0,0.26283103
0,0,0.030141892
0,0,0.26125482
0,1,0.7862565
0,1,0.5978426
0,0,0.26420432
0,0,0.1533282
0,0,0.28395578
0,1,0.8529479
0,1,0.71026784
0,1,0.66253024
0,1,0.8199132
1,1,0.62202287
0,1,0.58271086
0,0,0.320356
0,0,0.019085314
0,0,0.15341212
0,0,0.0020906765
0,1,0.7844341
0,0,0.16469863
0,0,5.0150273e-05
0,0,0.008665297
0,1,0.8309372
0,0,0.49479896
0,0,0.015660856
0,0,0.107944
0,0,0.020813974
0,0,0.45145354
0,0,0.048988458
0,0,0.0368842
1,0,0.25048703
1,1,0.8326511
0,0,0.16501068
0,0,0.30548975
0,0,0.23912467
0,0,0.010649536
1,1,0.5909773
0,0,0.013020275
0,0,0.03565905
0,0,0.36384746
0,0,8.556106e-05
1,1,0.7327633
0,0,0.46159753
1,1,0.82651126
0,1,0.72607493
0,1,0.92900544
0,0,4.7517646e-05
0,1,0.9013672
0,0,0.2957486
0,1,0.59525526
0,1,0.5759203
0,0,0.09106961
0,1,0.8540427
0,0,0.13333888
0,0,0.43354103
0,0,0.07055745
0,0,0.11524709
0,0,0.017777601
0,1,0.63965416
0,0,0.0011858802
0,0,0.007107144
0,0,0.059328202
0,0,0.2285679
0,0,0.007985807
0,0,0.038243927
0,0,0.007918259
0,0,0.016046884
1,1,0.6075419
0,0,0.411713
0,0,0.00013663512
0,0,0.0069073504
0,0,0.13713358
0,0,0.09694473
0,0,0.25738022
0,0,0.038581356
1,0,0.49069262
0,0,0.032839652
0,0,0.09622641
0,0,0.013163809
0,0,0.013692408
0,0,0.006041532
0,1,0.62398756
0,1,0.80271256
0,0,0.017380241
0,0,0.21906535
0,0,0.05660366
0,1,0.627994
1,1,0.77441776
0,0,0.29575932
0,1,0.6873794
0,1,0.72939813
0,1,0.50975466
0,0,0.018406088
0,1,0.6180772
0,1,0.76958823
0,1,0.7349186
0,0,0.00046415243
0,0,0.48459068
0,1,0.5365676
0,0,0.08185897
1,0,0.036441807
1,1,0.81535465
0,0,0.031033235
0,0,0.053175036
0,0,0.368188
0,0,0.15430163
0,0,0.23387599
0,0,9.0077614e-05
1,0,0.34588277
0,1,0.60092914
0,1,0.6972833
0,0,0.10093015
0,1,0.76024055
0,0,0.006161054
0,0,4.162797e-05
0,0,0.044980206
1,0,0.4945838
0,1,0.6528288
0,0,0.13440949
0,0,0.0039772573
0,0,0.0029591378
0,0,0.24699831
0,0,0.027256183
0,0,0.039282184
0,1,0.74825466
0,0,0.090820655
0,1,0.80047095
0,0,0.04090607
1,0,0.4553031
0,0,0.012431938
0,0,0.118452445
0,0,0.009412096
0,0,0.00018271315
0,1,0.76611155
1,1,0.5732084
0,0,0.010694525
0,0,0.025557192
0,0,0.43208688
0,0,0.01037328
0,0,0.04336581
1,0,0.30697986
0,0,0.39228755
1,1,0.6538069
1,1,0.61313784
0,1,0.5969641
0,0,0.004487801
0,0,0.029024912
0,1,0.89888674
1,1,0.7768047
0,0,0.012843515
0,0,0.18079096
0,0,0.19534689
0,0,3.0327708e-05
0,1,0.8135199
0,0,0.033835165
0,0,0.12471035
0,0,0.00014640238
0,1,0.654096
0,0,0.08491358
0,0,0.2420796
0,0,0.020348325
0,0,0.00149533
0,0,0.0880918
0,0,0.38965282
0,1,0.7642542
0,1,0.6600859
0,0,0.00020927581
0,0,0.13831146
0,0,4.3359916e-05
0,0,0.018032523
0,0,0.037278555
0,1,0.51898426
0,0,0.34499848
0,0,0.030510323
0,0,0.0001872517
0,0,0.2445906
0,0,0.00028453558
0,0,0.020928215
0,0,0.0006803514
0,0,0.005771777
0,0,0.10885269
0,0,0.24147496
0,0,0.095287226
0,0,0.26966086
0,0,0.1302347
0,0,0.23868197
0,0,0.27991354
0,0,0.0060585416
0,0,0.017259244
0,0,0.16489202
0,0,0.036295038
0,0,0.067578666
0,0,0.4701991
0,0,0.27496222
0,0,0.49157825
0,1,0.7202019
0,0,0.00021160816
0,0,0.27223772
0,1,0.7226054
0,0,0.1380637
0,0,0.42267597
0,0,0.12405798
0,0,0.048172705
0,0,0.0036441877
0,0,0.16643536
0,0,0.4661475
0,0,0.094594136
0,1,0.5854373
0,1,0.8028503
0,0,0.40631303
0,0,0.34703678
0,0,0.015915254
1,1,0.6644403
0,0,0.05826842
0,0,0.000117469615
0,0,0.0013645173
1,1,0.5167359
0,0,0.28897864
0,0,0.17589866
0,0,0.37524232
1,1,0.5606095
0,0,0.21238405
0,0,0.29384658
0,0,0.022443406
0,0,0.076193355
0,0,0.13193193
0,0,0.0564038
0,0,0.00017883722
0,0,0.41850942
0,0,0.14516449
0,0,0.42590597
0,1,0.8575797
0,1,0.7210138
0,0,0.056919713
0,0,0.09944218
0,0,0.40344268
0,1,0.6839892
0,0,0.04403076
0,0,0.011550771
0,0,0.04694706
0,1,0.5290508
0,1,0.7961801
0,1,0.58558047
0,0,0.13324234
0,0,0.024781406
0,0,0.2010691
0,1,0.73850006
0,1,0.7713441
0,0,0.09444348
0,0,0.13355629
0,0,0.18540378
0,1,0.767029
0,0,0.49416152
0,0,0.22638799
0,0,0.0022772418
0,0,0.42178386
0,0,0.04637455
0,0,0.112145476
0,0,0.020742571
0,0,0.0026497042
0,0,0.2869653
0,0,0.18561465
0,0,0.46701878
0,0,0.4978936
0,1,0.72769535
0,0,0.19495387
0,0,0.10349287
0,0,0.015220486
0,0,0.40458262
0,0,0.1197373
0,1,0.53192395
0,0,0.08129005
0,0,0.48601753
0,0,0.1537583
0,0,0.3106913
0,0,0.33857322
0,0,0.4904689
0,0,0.20879151
0,0,0.034145515
0,0,0.034244366
0,0,0.26644075
0,0,0.07580628
0,1,0.58214545
0,0,0.0002534643
0,0,0.028274508
0,1,0.76509565
0,1,0.78462696
1,0,0.32063663
0,1,0.59968096
0,0,0.00010746355
0,0,0.48679653
0,1,0.6187978
0,0,0.07849182
1,1,0.900328
0,0,0.319396
0,0,0.25469026
0,0,0.08709502
0,0,0.06799567
0,0,0.0042477646
0,0,0.4228817
0,0,0.07261981
0,0,0.0029678547
0,1,0.5403776
0,1,0.712376
0,0,0.38037226
0,0,0.11258509
0,1,0.5304066
0,0,0.37009725
0,0,0.013200094
0,0,0.27906153
0,0,0.02130396
0,0,0.0010373988
0,0,0.06640239
0,0,0.19754481
1,1,0.68334776
0,0,0.2013737
0,0,0.015700253
0,0,0.03943209
1,1,0.89362854
0,1,0.74246013
0,0,0.4532889
1,1,0.9254279
0,0,0.07498896
0,0,0.012898684
0,0,0.342589
0,0,0.04607797
0,0,0.001735749
0,1,0.66640764
1,1,0.81629306
0,0,0.13726836
0,0,0.0054542674
0,0,0.01972087
0,0,0.22363913
0,0,0.05250153
0,0,0.1795961
0,0,0.0031617968
0,0,0.00083014823
0,1,0.7310739
1,1,0.8178408
0,0,0.09616685
1,0,0.12598924
0,0,0.11821769
0,0,0.29790124
0,0,0.0017038146
0,0,0.23927352
0,0,0.07434083
1,1,0.9090358
0,0,0.16365775
0,0,0.13715093
0,0,0.17119539
1,1,0.78672594
1,1,0.92956483
0,0,0.0036926568
0,0,0.0036848339
0,0,0.15068415
0,0,0.07256338
0,1,0.7795572
0,0,0.011607073
0,0,0.00011345746
0,0,0.011199053
0,1,0.5660875
0,0,0.23399197
0,0,0.000117857926
0,0,0.28192675
0,0,0.030015042
0,0,0.20015219
1,1,0.6984487
0,0,0.018756542
0,0,0.25004023
0,0,0.0040485733
0,0,0.00022742577
0,0,0.0061845677
0,0,0.00035929843
0,0,0.41230816
0,1,0.74388987
1,1,0.8365064
0,1,0.5650905
0,0,0.001378654
0,1,0.69363874
0,0,0.024394369
0,0,0.07928591
0,1,0.6392633
0,1,0.8028441
0,0,0.4524224
0,0,0.11788662
0,0,0.0946569
0,0,0.41340908
0,0,0.48815775
0,1,0.7305103
0,0,0.007582833
0,0,0.029347813
0,1,0.5177757
0,0,0.0949184
0,0,4.3359916e-05
0,0,0.1680064
0,0,0.042530883
0,0,0.16353533
0,1,0.56582135
0,0,0.36701632
0,0,0.00013589112
0,0,0.056207664
0,0,0.20545413
1,0,0.43210438
0,1,0.64059156
0,0,0.2495878
1,1,0.6602552
0,1,0.5020689
0,0,0.26382983
1,1,0.85575825
0,0,0.29469654
1,1,0.9524707
0,1,0.58281904
0,0,0.024987131
0,1,0.50208735
0,0,0.0032209943
0,0,0.08985701
0,0,0.005166148
0,0,0.34425616
0,0,0.32749364
0,0,0.10688738
0,1,0.88035196
0,0,0.009455202
1,0,0.4207205
1,1,0.85315335
0,1,0.601742
0,0,0.02388725
0,0,0.0029676757
0,1,0.5528916
0,0,0.00021426454
0,0,0.00010049182
0,0,0.19358122
0,0,0.06550411
0,1,0.8343543
0,0,0.06782975
0,1,0.62154794
0,1,0.81499183
0,0,0.23061709
0,0,0.32080707
0,0,0.085653454
0,0,0.28306717
0,0,0.12156039
0,1,0.53354716
0,0,0.18311398
0,0,0.35116392
0,0,0.2549528
0,1,0.6144818
0,0,0.0001552782
0,0,0.37031588
0,1,0.59059465
0,0,0.09549012
0,0,0.0034228016
0,1,0.5740242
0,0,0.2067574
0,0,0.022438014
0,1,0.6016219
1,1,0.5460733
1,1,0.64315116
1,1,0.64374745
0,0,0.002594505
1,0,0.43846542
0,0,0.117198244
0,0,0.4843036
0,1,0.52113634
0,0,0.14671887
0,0,0.42257154
0,0,0.043083925
0,0,0.033101488
0,0,0.0043469467
0,0,9.313803e-05
0,1,0.5638428
0,0,0.18421178
0,0,0.037989862
1,1,0.5123605
0,0,0.008616912
0,1,0.62201345
0,0,0.47651255
0,0,0.037331864
1,1,0.86641866
0,0,0.047115315
0,0,0.008084055
0,0,0.40481105
0,0,0.017473059
0,0,0.094028644
0,0,0.053812254
0,0,0.00094511645
0,0,0.31398878
0,1,0.5859111
0,0,0.10032682
0,0,0.07724494
0,0,0.04790765
0,0,0.3585759
0,0,0.07730262
1,1,0.5553612
0,0,0.28433585
0,0,0.013379669
0,0,0.04484097
0,0,0.09484064
1,0,0.010755321
0,1,0.77611643
0,0,0.014974196
0,0,0.15581962
0,1,0.5702679
1,1,0.94095594
1,1,0.7028095
1,1,0.57278585
0,0,0.41683468
0,0,0.082718365
0,0,0.46734098
0,0,0.10028256
0,0,0.0067300396
1,1,0.6624391
0,0,0.22590084
0,0,0.29854813
0,0,0.3760652
0,0,0.28146923
0,0,0.05837329
0,0,0.31702265
0,0,0.49485874
1,1,0.8416875
0,0,7.731026e-05
0,0,0.06280366
0,0,0.17387497
0,0,0.0010471611
0,1,0.54098445
0,1,0.57986856
1,0,0.09879876
0,0,0.0060874242
0,1,0.579927
0,0,0.29936862
0,0,0.09904485
0,1,0.8290874
0,1,0.58509684
0,0,0.12131524
0,0,0.02107963
0,0,0.1713703
0,0,0.33210355
0,0,0.00027569727
0,0,0.1645654
1,1,0.72094053
0,0,0.020168481
0,1,0.54414725
0,0,0.4293329
0,0,0.009136104
0,0,0.13256535
0,0,0.009489509
0,0,0.31384832
0,0,0.1162204
0,0,0.0027826922
0,0,0.43996072
0,0,0.10776705
1,1,0.62950176
0,0,0.20774075
0,0,0.49775916
0,0,0.27708772
1,0,0.45477062
0,0,0.04898695
0,1,0.83990294
0,1,0.76848847
0,0,0.06276107
1,0,0.4663455
0,0,0.00021426454
0,0,0.2800503
0,1,0.8217112
0,0,0.24811883
0,0,0.013035224
0,0,0.00023096628
0,0,0.07217707
0,0,0.41753373
0,0,0.43516022
0,0,0.22110787
0,0,0.01543128
0,1,0.7278474
0,1,0.58885545
0,0,0.44726428
0,1,0.8258747
0,0,0.3247245
0,0,0.021538101
0,0,0.108749345
0,0,0.0026298887
0,0,0.20762792
0,0,0.2886384
0,1,0.5792617
0,0,0.1441309
0,0,0.057459593
0,0,0.018021347
0,1,0.75278443
0,0,0.3662083
0,0,0.04878058
0,0,0.014220179
0,1,0.57422984
0,0,0.20539717
0,0,0.054244213
0,0,0.0035332462
0,0,0.000108233115
1,1,0.7678614
0,0,0.42240778
0,0,0.1568343
0,0,0.08825228
1,1,0.8178942
0,1,0.7472037
1,0,0.04772417
0,0,0.005225256
0,0,0.34011537
1,1,0.78103185
0,0,0.35939395
0,0,0.0017061358
0,0,0.3560355
0,0,0.00025138757
0,1,0.5869047
0,1,0.9206454
0,0,0.37286997
0,0,0.0005727925
0,0,0.1402508
0,0,0.09239964
1,1,0.7298077
0,1,0.7643427
0,0,0.08190412
0,1,0.6677982
0,0,0.23685029
0,0,0.29914916
0,0,0.28631267
0,0,0.0030872636
1,1,0.958847
0,0,0.11563231
0,1,0.8529568
0,0,0.31374094
0,0,0.042058516
0,1,0.71333617
0,0,0.1714228
0,0,0.015163129
0,0,0.044542987
0,1,0.7714855
0,0,8.7266344e-05
0,0,0.09512088
0,0,0.2796089
1,1,0.5840175
0,0,0.005354007
0,0,0.22403033
0,0,0.32639807
0,0,0.111353435
0,0,0.035759356
0,0,0.41861844
0,0,0.016941307
1,1,0.89341104
0,0,0.009303581
0,0,0.00043076195
0,1,0.62217957
0,0,0.05819281
0,0,0.014920304
0,0,0.020573441
0,0,0.0060853013
0,1,0.7502313
0,1,0.90213436
0,0,0.27818757
0,0,0.14149247
0,0,0.08644552
0,0,0.050778955
0,0,0.30777705
0,0,0.22101906
0,0,0.031999562
0,1,0.769951
0,1,0.8126854
0,1,0.66527534
0,0,0.1929594
1,0,0.29647276
0,0,0.04921313
0,0,0.0033737924
0,0,0.3021897
0,0,0.1896569
0,0,0.0045158057
0,1,0.78302604
0,0,0.19647199
0,1,0.8829533
0,1,0.58720505
0,0,3.9312396e-05
0,0,0.0067149764
0,0,0.12135719
0,0,0.027885137
0,0,0.022773774
0,0,0.4757322
0,0,7.0545364e-05
0,0,5.597111e-05
0,0,0.4373934
0,0,0.0653663
0,0,5.9876507e-05
0,0,0.1785028
0,0,0.21661828
0,0,0.07442254
0,0,0.107842065
0,0,0.27273467
1,1,0.8918438
0,0,0.4089943
1,0,0.37501216
0,0,0.39464447
0,0,0.14283468
0,1,0.6755743
0,0,0.04866919
0,1,0.6850285
0,1,0.61597484
0,0,0.44344655
0,1,0.81166124
0,0,0.015918331
0,1,0.865871
1,1,0.63867325
1,1,0.70117307
0,1,0.8583266
0,0,0.11826665
0,0,0.008023504
0,1,0.7560264
0,1,0.59356725
0,0,0.14084093
0,0,0.031976506
0,1,0.93409306
0,0,4.7517646e-05
1,0,0.30193058
0,0,0.4326793
0,0,0.06414092
0,0,0.1369244
0,0,0.25649542
1,1,0.91351336
0,0,0.036654063
0,0,0.06441837
0,0,0.024387173
0,0,0.035720292
1,1,0.9097122
1,1,0.8540206
0,0,0.07380274
0,0,0.015692066
0,1,0.6501435
0,0,0.24304807
0,0,0.14882453
0,0,0.04523345
0,0,0.43090418
0,1,0.82090884
0,0,0.0027994332
0,1,0.7755793
0,0,0.4388509
0,0,0.41233313
0,0,0.10276412
0,0,0.028102934
0,0,0.032219637
0,1,0.72465605
0,1,0.6231306
0,0,0.0020468808
0,0,0.0026318403
0,0,0.22213277
0,1,0.8686119
0,0,0.24910891
0,0,0.013114802
0,0,0.1513036
0,1,0.5645299
0,0,0.00963961
0,0,0.44349825
0,1,0.792197
0,0,0.011607385
0,1,0.8132148
0,1,0.85113555
0,0,0.03690272
0,1,0.63902646
0,0,0.01219322
1,1,0.62137306
0,0,0.39795595
0,0,0.120631635
0,0,0.06106775
0,0,0.032170657
0,0,0.30100757
0,0,0.08618332
0,0,0.12506656
0,0,0.00053664605
0,0,0.37090278
0,0,0.046058796
0,0,0.16720091
0,0,0.36856353
0,0,2.5511907e-05
0,1,0.5235635
0,0,0.17562681
0,0,0.00028173844
0,0,0.3453363
0,1,0.5577617
0,0,0.39692503
0,0,0.28963557
0,1,0.6512779
0,0,0.09684467
0,1,0.6063264
0,0,0.014703337
0,1,0.72036344
0,1,0.6737424
0,0,0.117002726
0,0,0.042979866
0,0,0.055124708
0,1,0.71218336
0,0,0.39416683
0,1,0.85914814
0,0,0.3612953
0,0,7.0545364e-05
0,0,0.000117857926
0,1,0.8183934
0,0,0.001954955
0,0,0.27660865
0,0,0.2897805
0,1,0.7598394
0,0,0.44039005
0,1,0.65965915
0,0,0.04880419
0,1,0.7674663
0,0,0.061457656
0,1,0.77490044
0,0,0.19040856
0,0,0.024407603
0,0,0.011288644
0,0,0.12519726
0,0,0.18669067
0,0,0.0070676995
0,1,0.83087164
0,0,0.08450096
0,0,0.023310758
0,0,0.027946264
0,0,0.033958808
0,1,0.51316583
0,0,0.1823228
0,0,0.030596191
1,1,0.6706127
0,0,0.019759204
0,0,8.807687e-05
0,0,0.005194126
0,0,0.0028954768
0,0,0.00055007736
0,1,0.81112814
0,0,0.41859418
0,0,0.1957406
0,0,0.0076458305
0,0,0.056131613
1,1,0.9098593
0,0,0.38527378
0,1,0.7345292
0,1,0.7506165
0,0,0.11167821
0,0,0.22583562
0,0,0.053766593
0,1,0.627393
1,1,0.7604889
0,0,0.05195994
1,1,0.6528816
0,1,0.6781506
0,0,3.2069707e-05
1,1,0.7479824
0,0,0.09883296
0,0,0.16563089
0,0,0.46692863
0,1,0.70387083
0,0,0.08213707
0,1,0.59732723
0,0,0.004164464
0,0,0.32097268
0,0,0.0991748
0,0,0.0014112889
0,0,0.2687221
0,0,0.39483845
0,0,0.012525378
0,0,0.11308127
0,0,0.049421173
0,1,0.5607847
0,0,0.2468655
0,0,0.48163489
0,0,0.37824047
0,0,0.0001552782
0,0,0.0021701274
0,0,0.13953759
0,1,0.5094318
0,1,0.63904554
0,0,0.15955517
0,0,0.22395225
0,1,0.5566737
0,0,0.13372514
0,0,1.230052e-05
1,1,0.81512755
1,1,0.5918793
0,1,0.667876
0,1,0.5992904
0,0,5.018453e-05
0,0,0.11177161
0,0,0.23198332
0,0,0.159117
0,0,0.19710042
0,0,0.006111559
0,0,0.042583533
0,0,0.08267931
0,0,0.104552075
1,1,0.9334096
0,0,0.08134231
0,1,0.6586918
1,0,0.4893999
0,1,0.6654387
0,0,0.021525275
0,0,0.17847078
0,0,0.36364326
0,1,0.51663053
0,0,0.032712534
0,1,0.64065176
1,1,0.59686434
0,0,0.44099832
0,0,0.27891612
0,1,0.9096454
0,0,0.024473652
0,0,0.3414093
1,0,0.3613712
1,1,0.87517625
1,0,0.19613229
0,1,0.7728425
0,0,0.067432456
0,0,0.2735406
0,0,0.45808637
1,1,0.69559157
0,0,0.326178
0,0,0.014858665
1,1,0.62555456
0,0,0.08346335
0,1,0.5017266
1,1,0.6477738
0,0,0.23326555
0,0,0.26513737
0,0,0.00052353734
0,0,0.09804211
0,0,0.034700796
0,1,0.75990695
0,0,0.0034423969
1,1,0.7457615
0,1,0.6639693
0,0,0.37657496
0,1,0.9064005
0,1,0.75975454
0,0,0.4144528
0,0,0.20956081
0,0,0.462016
0,1,0.61718756
0,0,0.34111163
0,0,0.05897404
0,1,0.8280197
0,0,0.09095106
0,1,0.5396103
0,0,0.0106449155
0,0,0.19097309
0,0,0.13604587
0,0,0.3731609
0,0,5.0150273e-05
0,0,0.3323378
0,0,0.0031769837
0,0,0.2785337
0,0,0.0017949116
0,1,0.72846526
0,0,0.046611067
0,0,0.0003736734
0,0,0.062649205
0,0,0.4835107
0,0,0.05435483
0,0,0.09427933
0,0,0.00795321
0,1,0.69873846
0,0,0.022203295
0,0,0.18983419
0,0,0.41872394
1,1,0.7950671
0,1,0.90720546
0,0,0.33223224
0,0,0.36447823
0,0,0.16208777
0,1,0.5397543
0,0,0.0062477575
0,0,0.08234331
0,1,0.87505955
0,0,0.02562979
0,0,0.022680337
0,0,0.086577184
0,0,0.017062806
1,1,0.7240252
0,1,0.74291515
0,0,0.30362442
0,0,0.47853753
0,0,0.33433056
0,0,0.39977506
0,0,0.43271244
0,1,0.7648527
0,0,0.11446828
0,0,0.055485785
0,1,0.79505914
0,0,0.19761863
1,1,0.60310656
0,0,0.3994353
0,0,0.08268662
0,0,0.1214964
0,0,0.00012820192
0,0,0.05701461
0,0,0.21686149
0,0,0.022103777
0,0,9.2945585e-05
0,1,0.74658287
0,0,0.29530576
0,0,0.022160025
0,0,0.13078381
0,0,0.29126784
0,0,0.0034612585
0,1,0.6281745
0,1,0.8187142
0,0,0.20924394
0,0,0.12909773
0,0,0.37515455
0,1,0.6641705
0,0,0.23306452
0,1,0.7823282
0,0,0.20015483
0,1,0.54260105
0,0,0.25900325
0,0,0.021314923
0,0,0.01762472
0,0,0.01722757
1,1,0.61312634
0,0,0.35489887
0,0,0.00029278354
0,0,0.00036219638
0,0,0.47607148
0,0,0.06650905
0,0,0.10918614
0,0,0.0013484213
0,0,0.33927587
0,0,0.0458996
1,1,0.80074745
0,0,0.05273675
1,1,0.81565374
0,0,0.08698249
1,1,0.58154565
0,1,0.6549665
0,0,0.42103666
0,1,0.763187
0,0,0.45787895
0,0,0.01979736
0,0,0.17281365
0,0,0.027723176
0,0,8.624858e-06
0,0,0.46245855
0,0,0.13946655
0,0,0.39720038
0,0,0.059876215
0,0,0.12503809
1,1,0.96375775
1,0,0.4918919
0,0,0.020963663
0,1,0.5497929
0,1,0.7328493
1,0,0.08599547
0,0,0.01987403
0,0,0.047485128
0,1,0.551291
0,1,0.5856199
0,0,0.4947132
0,0,0.027707903
0,1,0.55738646
1,1,0.7981823
0,0,0.0010163743
1,1,0.8447148
0,0,0.0037888288
0,0,0.119810656
0,0,0.019179352
0,1,0.5517822
1,0,0.04306824
0,0,0.019785142
0,0,0.039134223
0,0,0.0023603556
0,0,0.105164535
0,0,0.3327504
0,0,0.13780576
0,1,0.7795818
0,0,0.024923349
0,0,0.050521944
0,0,0.42404202
1,1,0.8970847
0,0,0.021683304
0,0,0.37430274
0,0,0.27022406
0,0,0.054335922
0,1,0.57863843
0,1,0.5159044
0,0,0.38275892
0,1,0.64173985
0,1,0.60437256
0,0,0.13617869
0,0,0.258986
0,1,0.7578394
0,1,0.5970156
0,1,0.65762436
0,1,0.8435645
0,0,3.2069707e-05
0,1,0.6376756
0,0,0.44975832
0,0,0.19010589
0,1,0.64342874
0,1,0.95545554
0,0,0.1537354
0,0,0.4723057
0,0,0.4645924
0,0,0.008328052
0,0,0.020275783
0,0,0.2594263
0,0,0.28639638
0,1,0.6844654
1,1,0.8995792
0,0,0.06230384
0,1,0.8550134
0,0,0.07722854
0,0,0.007929055
0,1,0.7228361
1,0,0.44221705
0,0,0.06843335
0,0,0.2262356
0,0,0.48355424
0,0,7.0545364e-05
0,1,0.8235245
0,0,0.058994327
0,1,0.66278183
0,0,8.4207524e-05
0,0,0.017941752
0,0,0.32114327
0,0,0.40752137
0,0,0.021003576
0,0,0.014384614
0,1,0.5601606
1,0,0.0576313
0,0,0.20036145
0,0,0.20532748
0,0,0.19682448
1,1,0.90222204
0,0,0.37960356
1,0,0.4330502
0,1,0.8548717
0,0,0.110740244
0,0,0.37509355
0,0,5.018453e-05
0,0,0.32876158
0,0,0.014018482
0,0,0.163878
0,0,0.010776934
1,1,0.8005475
0,0,0.28235194
0,0,0.051768977
0,0,0.11366207
0,0,0.15942928
0,0,0.00022508067
0,1,0.69505805
0,0,0.0045116707
0,0,0.14289673
0,0,0.38540933
0,1,0.87561435
0,0,0.02862748
0,0,0.2995727
0,0,0.059620846
0,0,0.30981973
0,0,0.061629493
0,0,0.03822654
0,1,0.71543825
0,0,0.26254922
0,0,0.010817893
0,0,0.14222804
0,1,0.65983784
1,1,0.53746855
0,0,0.2671862
0,0,0.003027127
0,1,0.6690503
0,0,0.13282
0,1,0.53583026
0,0,0.12360397
0,0,0.0027123026
0,0,0.017654689
0,1,0.6144642
1,0,0.2790363
1,1,0.82630545
0,0,0.00067221985
0,0,0.00464024
0,1,0.754549
0,0,0.093420595
0,1,0.5139796
0,0,0.017395558
0,0,0.113371626
0,1,0.7836486
0,0,0.27965125
0,0,9.5622585e-05
0,0,0.327094
0,0,0.0057482566
1,1,0.65019363
0,0,0.25980967
0,0,0.35776642
0,0,0.290732
0,1,0.5641863
0,0,0.08091483
0,1,0.67453545
0,0,0.0020894343
0,0,5.0150273e-05
0,1,0.69919574
0,0,0.47404194
1,1,0.59018016
0,0,0.009492705
0,0,0.18507761
1,1,0.7714487
0,0,0.16638
0,0,0.2985385
0,0,0.32077724
1,0,0.123761036
0,0,0.08984694
0,0,0.21406443
0,0,0.31754494
0,0,0.4428818
0,0,0.3264282
0,0,0.00016516526
0,0,0.23793374
0,0,0.15331796
0,1,0.744679
0,1,0.75209033
0,0,0.06884372
0,1,0.5635122
0,1,0.608179
0,1,0.69279957
0,1,0.7479288
0,0,0.2856122
0,1,0.5071929
0,0,0.101807445
0,1,0.8983927
0,0,0.0019594326
0,1,0.704332
0,1,0.70702595
0,0,0.010673577
0,0,0.19163139
0,1,0.86515063
0,0,0.3152577
0,0,0.09089362
0,0,0.07109324
0,0,0.189324
1,1,0.8292563
0,0,0.4162616
0,0,0.15612303
0,0,0.0011964052
0,0,0.25452703
0,0,0.011711771
0,1,0.7789254
0,0,0.34378475
0,0,0.07717852
0,0,0.30650407
0,0,0.046955027
1,1,0.8200298
0,0,0.012055068
0,0,0.24691275
0,0,0.06266818
0,0,0.002745591
0,0,0.066578805
0,0,0.35014468
0,0,0.35193428
0,0,0.06816004
0,0,0.2025938
0,0,0.14022452
0,0,0.08857011
1,1,0.76246065
1,1,0.7334623
0,0,0.004064702
0,0,0.0040437137
0,0,0.045177717
1,1,0.74362
0,1,0.64336616
0,1,0.9006582
0,0,0.01704817
0,0,0.16308679
0,0,0.11011025
0,0,0.40339038
0,0,0.04371012
1,0,0.41944206
0,0,0.01148403
0,0,0.4190103
0,0,0.09315953
0,0,0.26435676
0,0,0.014095365
0,1,0.59583193
0,0,0.03159538
0,0,0.21165276
0,1,0.7219173
0,0,0.00827553
0,1,0.8635518
0,1,0.7946146
0,1,0.8767036
0,1,0.6406135
0,0,0.37427616
0,0,0.072747245
0,1,0.55408394
0,0,0.033755213
0,0,0.35512495
0,0,0.23496367
0,0,0.021276448
0,0,4.0150248e-05
0,0,0.029667888
1,1,0.5680363
1,1,0.74850625
0,0,0.33563775
0,0,0.08551173
0,0,0.4633477
0,1,0.6321976
0,1,0.63732094
0,0,0.16888347
0,0,0.49135
0,0,0.019538179
0,0,0.09072099
0,1,0.56469417
0,0,0.18997836
0,0,0.039772008
0,1,0.775093
0,0,0.09210935
0,0,0.025147792
0,0,0.16580631
0,0,9.441039e-05
0,0,0.09418789
0,1,0.77855843
1,1,0.89125234
1,1,0.64346343
0,0,0.15112814
0,0,0.11551032
0,0,0.25730205
0,0,0.029584944
0,0,0.13687629
0,0,0.0022754192
0,0,0.074269705
0,0,0.36700606
0,0,0.25087163
0,1,0.55995107
1,1,0.7725963
0,0,0.0018325285
0,0,0.007330002
0,0,0.13875006
0,0,0.0114974845
0,1,0.5386214
0,1,0.547119
0,0,0.02894638
0,1,0.8886109
0,0,0.25560036
0,0,0.010099655
0,0,0.020144882
0,0,0.1263042
0,0,0.062291767
0,1,0.8563289
0,0,0.20239204
0,0,0.0016195078
0,0,5.531374e-05
0,1,0.9026026
0,1,0.77891994
0,0,0.02872752
0,0,0.32106653
0,0,0.03184581
0,0,0.016678462
0,0,0.1854289
0,0,0.2647872
0,0,0.0020588592
0,0,0.058057413
0,1,0.5809969
0,0,0.3847484
0,0,0.41424873
0,0,0.2517605
0,1,0.78498876
0,0,0.0026274645
0,0,0.12886083
0,0,0.01609132
0,0,0.021815157
0,1,0.6307611
0,0,0.3802106
0,0,0.23858085
0,1,0.578289
0,0,0.060933325
0,0,0.27867284
0,0,0.050668318
0,0,0.11569738
0,1,0.5423621
0,0,0.31565222
0,1,0.7768857
0,1,0.9298921
0,0,0.17631963
0,0,0.13911279
0,0,0.04747991
0,0,0.08606784
0,0,0.0110945655
0,0,0.108979486
0,0,5.6128258e-05
0,0,0.016110498
0,0,0.121979184
0,1,0.7810033
0,1,0.53083
0,0,0.49135587
1,1,0.77176934
0,0,0.08249729
0,0,0.016970666
0,0,0.0035218166
0,0,0.034632817
0,1,0.5212352
0,1,0.7070647
1,1,0.72301453
0,1,0.52061266
0,0,0.040098023
0,0,0.24363697
0,0,0.37257916
0,0,0.00036219638
0,1,0.9729601
0,0,0.05046086
0,1,0.62790376
0,0,0.023016239
0,0,0.040622048
0,0,0.07724001
0,0,0.42889842
0,1,0.53960484
0,0,0.0020952118
0,0,0.00013835062
0,0,0.00026022986
1,1,0.707881
0,0,0.14422375
0,0,0.0477402
1,1,0.8952331
0,0,0.032032344
0,0,0.49198437
0,0,0.19131589
0,0,0.082348555
0,0,0.17778559
0,0,0.028270409
0,0,0.014253358
0,0,0.043686636
0,1,0.7960757
0,1,0.75360006
0,0,0.014075347
0,0,0.018580746
0,0,0.23970969
0,0,0.12923977
1,1,0.74459296
0,1,0.61463517
1,1,0.8832813
1,1,0.85829675
0,1,0.70944107
0,1,0.7585487
0,0,0.009132366
0,1,0.5255995
0,0,0.39010918
1,0,0.23036988
0,0,0.20446368
0,0,0.43126917
0,0,0.29017127
0,0,0.030109227
0,0,0.0009871889
0,0,0.020263052
0,0,0.00031988113
0,0,0.36059886
0,0,0.47944558
0,0,0.052194316
0,0,0.0068481606
0,0,0.06843628
0,0,0.3358144
0,0,0.11596912
0,0,0.012989329
0,0,0.002937787
1,1,0.9269832
0,1,0.7600811
1,1,0.85698307
0,1,0.67115605
0,1,0.61598
0,0,0.37508827
0,0,0.37269545
0,0,0.0026308768
0,0,0.27867028
0,0,0.057880636
1,1,0.90954626
0,0,0.06581145
0,0,0.011926418
0,0,0.042243488
0,1,0.5000881
0,0,0.04799048
0,1,0.6968185
0,0,0.06745779
1,1,0.78348106
0,0,0.24088433
1,1,0.86185193
1,0,0.26088297
0,0,0.37875247
0,0,0.40455008
0,0,3.2069707e-05
0,0,0.14195323
0,0,0.044372912
0,1,0.7665647
0,0,0.104805626
0,0,0.0681923
1,1,0.558821
0,0,0.054757003
0,0,0.010954844
0,0,0.18046468
0,0,0.013657529
0,0,0.3551455
0,0,0.00025259508
0,0,0.47913378
0,0,0.058891837
0,0,0.0029197661
0,0,0.06930494
0,0,0.134346
0,0,0.28200126
0,0,0.016812252
0,0,0.0095475195
0,1,0.65458685
0,0,0.036336336
0,0,0.07420523
1,0,0.004685021
0,0,0.0022456602
0,0,0.05293115
0,0,0.16109177
0,0,0.24586765
0,0,0.39331144
0,0,0.09842171
0,0,0.4353193
0,0,0.084004045
0,0,0.0034797613
0,0,0.32545638
0,1,0.5093735
0,1,0.6087331
0,0,0.000109314
0,0,2.8493612e-05
0,0,0.021402992
0,0,0.0015973406
0,1,0.73389757
0,0,0.39681008
1,0,0.1139104
0,0,0.024965562
0,0,0.25597188
0,0,0.002564503
0,0,0.29457283
0,0,0.0069539663
0,0,0.08536351
0,0,0.23632368
0,0,0.045108307
0,0,0.45765737
0,0,0.09191075
0,0,0.042551167
0,0,0.13402379
0,1,0.7024781
1,1,0.69671553
0,0,0.0029411635
0,1,0.53237975
0,0,0.0040924675
0,1,0.8976293
0,1,0.6690969
0,0,0.10338579
0,0,0.4103867
0,0,0.09804976
0,0,0.4035958
0,0,0.3634147
0,0,0.021927923
0,0,0.026227454
0,0,0.011104599
0,0,0.027473595
0,0,0.043042112
0,0,0.46021837
0,1,0.7206283
0,0,0.049366888
0,0,0.3161445
0,0,0.004037207
0,0,0.2085526
0,0,0.4395294
0,0,0.49136692
0,0,0.13687631
0,0,0.005851206
0,0,0.014394826
0,0,0.02129882
0,0,0.113365255
0,0,0.07111492
0,0,0.18651801
0,0,0.05204887
0,0,0.07309927
0,0,0.3958155
0,0,0.41340682
0,0,0.4392417
0,0,0.43039903
0,0,0.0033405991
1,0,0.23902704
0,0,0.2033655
0,0,0.4461347
0,1,0.9678527
0,0,0.48793456
0,0,0.0059611197
0,0,0.46593717
0,0,0.12889533
0,0,0.0008973253
1,1,0.61107403
0,1,0.53260064
1,1,0.8629236
0,0,0.2364703
0,0,0.41246
0,0,0.1332198
0,0,0.0006397335
0,0,0.11910764
0,0,0.1576542
0,0,3.2248412e-05
0,0,0.30195966
0,0,0.039834872
1,1,0.7671934
0,0,0.37393254
0,0,0.120962836
0,0,0.06388433
0,0,0.39875215
0,0,0.47268754
0,0,0.06448164
0,0,0.008840517
0,0,0.11063914
0,0,0.24391198
0,0,0.009838479
0,0,0.059303593
0,1,0.5173188
0,0,0.022934023
0,0,0.27942708
0,1,0.5317664
0,1,0.52877265
0,0,0.00031988113
0,1,0.6399461
0,0,0.21704435
0,0,0.019325754
0,0,0.11703121
0,1,0.66950274
0,0,0.0664576
0,0,0.014499239
0,1,0.78650105
1,1,0.8411991
0,0,0.028906284
0,0,0.0016248627
0,0,0.013995485
0,0,0.005870384
0,0,0.00026088543
0,0,0.1675814
0,0,0.112287745
1,0,0.044781443
0,0,0.055369556
0,0,0.13262337
0,0,0.42994946
0,0,0.1687367
0,0,0.008202929
0,0,0.0073373895
0,1,0.7688032
0,0,0.30677694
0,0,0.03442917
0,0,0.1078928
0,0,0.0027217811
0,0,0.050942518
0,0,0.0039036477
0,0,0.09342855
1,1,0.9491835
0,0,0.20587663
0,0,0.06845958
0,0,0.25548017
0,0,0.17629528
0,0,0.0040034843
0,0,0.37747076
0,0,0.0059449226
0,0,0.12338354
1,0,0.0012249851
0,0,0.07916441
0,0,0.0059551774
0,0,0.1277718
0,0,0.047618214
0,0,0.09520832
0,1,0.5327112
0,0,0.4466376
0,1,0.7338683
0,1,0.82068354
0,1,0.55823636
1,0,0.08096351
1,1,0.7736467
0,0,0.31758967
0,0,0.4471737
0,0,0.17001079
0,0,0.4564577
0,0,0.026674764
0,1,0.542019
0,1,0.8461283
0,0,0.2873854
0,0,0.20658278
1,1,0.6418319
0,1,0.67912215
0,0,0.025739893
0,0,0.10540716
0,1,0.7753229
0,0,0.47195876
0,0,0.08981344
0,0,0.08071601
0,1,0.8103028
0,1,0.7363874
1,0,0.041229207
0,0,0.36064804
0,1,0.766013
0,0,0.011387421
0,1,0.50709355
0,0,0.011965083
0,0,0.13582876
0,1,0.9157956
0,0,0.05846844
0,0,0.096388504
0,0,0.28577518
0,0,0.20633811
0,0,0.04748861
0,0,0.23843649
0,1,0.75873286
0,0,0.4136739
0,1,0.7509393
0,1,0.6672424
0,0,0.047186848
0,0,0.36945027
1,1,0.7734214
0,0,0.002998152
1,1,0.7796788
0,0,0.021228252
0,0,0.016700841
0,0,0.015826805
0,0,0.34392735
0,1,0.75871664
0,1,0.84485835
0,0,0.22457281
0,0,0.20177825
0,0,0.24980195
0,1,0.8403605
0,1,0.75818723
0,1,0.56479603
0,0,0.026498131
0,0,0.06612624
1,1,0.64758533
0,0,0.0054063667
0,0,0.4642865
0,1,0.6989605
0,0,0.00013836962
0,1,0.6140243
0,0,0.28057426
0,1,0.7623221
0,0,0.02061974
0,0,0.0021586162
0,1,0.902737
0,0,0.08798495
0,0,0.022744212
0,0,0.022171374
0,1,0.6203629
0,1,0.508543
0,0,0.0529535
0,1,0.8029151
0,1,0.5069062
0,1,0.87757885
1,1,0.7902181
1,1,0.5724258
0,0,0.28047964
0,1,0.8781079
0,0,0.2958974
0,0,0.027625328
0,0,0.14773509
1,1,0.9168047
0,1,0.6570056
0,1,0.5633414
0,0,0.00015818217
0,0,0.016003806
0,0,0.02898642
0,0,0.46458706
0,0,0.27998593
0,0,0.22668946
0,1,0.66879964
0,0,0.00115347
0,1,0.6299362
0,0,0.3516382
0,0,0.05928194
0,0,0.47204193
0,0,0.23878297
0,0,0.025237609
0,0,0.046975892
0,1,0.9051102
0,0,0.07217707
0,1,0.5074152
0,0,0.24029641
0,0,0.36546528
0,0,0.0057250843
0,0,0.43614542
0,0,0.29777727
0,0,0.11655407
0,0,0.39521003
0,0,0.11147884
0,1,0.6517919
0,0,0.29713997
0,0,0.00010457339
0,0,0.0036806415
0,0,0.020443598
0,0,0.003541965
0,1,0.64074624
0,1,0.50847477
0,0,0.40757778
0,0,0.34002963
1,1,0.6529075
0,0,0.009768597
0,0,0.000102019294
0,0,0.12178603
0,0,0.008919448
0,0,0.097197585
0,1,0.67503625
0,0,0.021101397
0,0,0.06295027
0,0,0.4912292
0,1,0.94093925
0,1,0.5611142
0,1,0.5166829
0,0,0.1678332
0,0,0.106271595
0,1,0.7893561
0,0,0.15940706
1,1,0.6029492
0,0,0.266059
0,1,0.68301904
0,0,8.4207524e-05
0,1,0.5235249
0,1,0.69775283
0,1,0.65782344
0,0,0.16034845
0,1,0.8818737
0,0,0.2772251
0,1,0.541098
0,0,0.0018337928
0,0,0.23556164
0,0,0.07052855
0,0,0.19840041
0,0,0.27297202
0,1,0.5742187
0,0,0.13218963
0,1,0.74789983
0,1,0.5591072
0,0,0.040026065
0,0,0.027916227
0,1,0.76400805
1,1,0.80797124
0,0,0.036227122
0,0,0.012314739
1,0,0.13824645
0,1,0.51674277
0,0,0.30794618
0,0,0.3088133
1,1,0.8005388
0,0,0.033853102
0,1,0.6546405
0,1,0.7641678
1,0,0.49246624
0,1,0.6960932
0,0,0.0019198696
1,1,0.8755447
0,0,0.04309482
0,0,0.28319877
0,0,0.40680963
0,1,0.7105216
0,0,0.30629885
0,0,0.017810978
0,0,0.08477959
1,0,0.20028433
0,0,0.16213538
0,0,0.1803078
0,0,0.0026347197
0,0,0.36316004
1,0,0.45105612
0,0,0.0654095
0,0,0.0074164565
0,0,0.22250208
0,0,0.17875916
0,0,0.036681563
0,0,0.48696628
0,0,0.01571873
0,0,0.026675079
0,0,0.12529245
0,1,0.56637466
0,0,0.46867812
0,0,0.22636041
0,1,0.6048745
0,0,0.4578175
0,0,0.00010049182
1,1,0.53705555
0,0,0.49812084
0,0,0.054011595
0,0,0.48918843
0,1,0.89107406
1,1,0.8153085
0,0,0.42374197
0,1,0.51797366
0,0,0.028519053
0,0,0.08690207
0,0,0.18131813
0,0,0.06896384
0,1,0.6039639
1,1,0.65492743
0,0,0.2912692
0,0,0.010075238
0,0,0.01467471
0,0,3.0327708e-05
0,0,0.07389438
0,0,0.0152113335
0,0,0.07936716
0,0,0.08394457
0,0,0.28444108
0,0,0.012208425
0,0,0.044694215
0,0,0.0015347785
0,1,0.59614
1,1,0.8980318
0,0,0.34229207
1,0,0.21965185
0,1,0.50820106
0,1,0.53384894
0,0,0.029980674
0,0,0.17171185
0,0,0.07298096
0,0,0.111336775
0,0,0.33216852
0,1,0.6306601
0,0,0.46977553
0,0,0.31678438
0,0,0.0216128
0,0,0.24539195
0,0,0.1506154
0,1,0.78147894
0,0,0.1117003
0,0,0.034804687
0,0,0.004624627
0,0,7.0545364e-05
0,0,0.09851838
0,0,0.15324943
0,0,0.042945996
0,0,0.091334365
0,0,0.14187485
1,1,0.7241208
0,0,0.19396472
0,0,0.014128629
0,1,0.8683758
0,0,0.01464781
0,0,0.0012820349
0,0,0.002025104
0,1,0.8467555
0,1,0.5097942
0,0,0.33256716
0,1,0.5756709
0,1,0.84587514
0,0,0.397285
0,0,0.24878697
0,0,0.10080843
0,0,0.055613577
1,1,0.9061947
0,0,0.2680394
0,1,0.52516794
0,1,0.7059353
0,0,8.1838596e-05
0,0,0.08774665
0,0,0.017117105
0,0,0.26216996
0,0,0.04928562
0,0,0.020547567
0,0,0.22561714
0,0,0.0036938426
0,0,0.00010457339
0,0,0.1278276
0,0,0.3083989
1,0,0.09185692
0,0,0.3426349
0,0,0.027452784
0,0,0.17005274
0,1,0.7398986
0,0,0.008342191
0,0,0.14464635
0,0,0.011372689
0,0,0.081232436
0,0,0.08689099
0,0,0.27734292
0,0,0.39408046
0,0,0.23242158
0,0,0.059395406
0,0,0.0068490007
0,1,0.57844496
0,0,0.07275403
0,0,0.109404325
0,1,0.61030453
1,0,0.16011344
0,0,0.051568367
0,0,0.19995143
0,0,0.38296774
1,1,0.77656794
1,1,0.83091444
0,1,0.7292919
0,0,0.06222127
0,1,0.5937966
0,0,0.026786834
1,1,0.6850618
0,0,0.010446688
0,1,0.66335905
0,1,0.5436205
0,0,0.23566699
0,0,0.0020997499
0,0,0.29502112
0,0,0.0058162166
0,1,0.64494634
0,0,0.35718447
0,1,0.67923933
0,0,6.0018163e-05
0,0,0.039099034
0,1,0.82456595
0,0,0.0015886902
0,0,0.4979348
0,0,0.00013835062
0,0,0.02883094
0,1,0.6794384
0,0,0.005528001
0,0,2.4466664e-05
0,0,0.34209105
1,1,0.5292352
0,1,0.54013747
0,0,0.0044359397
0,0,0.24198149
0,0,0.083429724
0,1,0.77518064
0,0,0.048628647
0,0,0.10589622
0,0,0.46085334
0,0,0.18493664
0,0,0.07996847
0,0,0.3170527
0,0,0.31047228
0,0,0.35945868
0,0,0.10654049
0,0,0.24868669
0,0,0.4224589
0,1,0.7394328
0,0,0.060966954
0,0,0.10772623
0,1,0.8860743
0,0,7.715589e-05
0,1,0.59804344
1,0,0.22787046
0,0,0.10583734
0,0,0.011199053
0,1,0.79947984
0,0,0.0038235134
0,0,0.004016673
0,0,0.004064702
0,1,0.59744984
0,0,0.058051493
0,0,0.43237925
0,0,0.09936313
0,1,0.63702947
0,1,0.74385357
0,1,0.60414624
0,0,0.03415875
1,1,0.94327474
0,1,0.51143605
1,0,0.47650772
0,0,0.020540621
0,0,0.068641335
0,1,0.6943959
0,1,0.5374883
0,0,0.0030141154
0,0,0.0011886904
0,0,0.0011364319
0,0,0.072974674
0,0,0.015298436
1,1,0.73144615
0,0,0.00024230954
0,0,0.018808333
0,0,0.025052078
0,0,0.40831357
0,0,0.00038318403
0,1,0.89736676
0,0,0.09025073
0,1,0.8725651
0,0,0.027810084
0,0,0.14934602
0,0,0.39312536
0,1,0.7299329
0,0,0.2047833
1,1,0.6754338
0,0,0.3518689
0,0,0.22630066
0,0,0.08266116
0,0,0.063224375
0,1,0.50760067
0,0,0.26768613
0,0,0.0036114515
0,0,0.08753952
0,0,0.051479235
0,0,0.020876056
0,0,0.10832105
0,0,0.018151369
0,0,0.12634212
0,1,0.5423146
0,0,0.12583825
0,1,0.5359997
0,0,0.017557504
0,1,0.7872837
0,0,0.09698435
1,0,0.20597479
0,1,0.76621056
0,0,0.0022659558
0,1,0.6754423
0,0,0.022910934
0,0,0.21089087
0,0,0.1750185
1,0,0.1554421
1,1,0.76241994
0,0,0.002509479
0,0,0.043982454
0,0,0.036536705
0,0,0.46753716
0,0,0.049659796
0,0,0.43458584
0,0,0.42061114
0,0,0.012009688
0,1,0.65683335
0,0,0.009392191
0,1,0.63934803
0,0,0.37204725
0,0,0.003341879
0,0,0.25874636
0,0,0.10389402
1,0,0.18150368
1,1,0.78396857
0,0,0.44516712
0,0,0.030688502
0,0,0.11003721
0,0,0.492284
0,0,0.3314831
0,0,0.0006672194
0,0,0.13293429
0,0,0.0052105566
0,0,0.18545192
0,0,0.30817157
0,0,0.423939
0,1,0.5607392
0,0,0.3168333
0,0,0.2855861
0,1,0.8210541
0,1,0.6075999
0,1,0.74591947
1,1,0.70996594
0,0,0.032708615
0,0,0.129774
0,0,0.16208033
0,1,0.64328974
0,0,0.47486818
0,0,0.30548558
1,1,0.54516697
0,0,0.0045314548
0,0,0.47211695
0,0,0.025058823
0,1,0.9085514
0,0,0.053460404
0,0,0.1508638
1,1,0.52232796
0,0,0.018758815
0,0,0.14147021
0,0,0.16687132
0,1,0.5776152
0,1,0.5109257
0,0,0.009884236
0,0,0.016314512
0,1,0.7032062
0,0,0.12113581
1,1,0.7006794
0,0,0.045770753
0,0,0.49885762
0,0,0.043899894
0,0,0.48974
0,0,0.34389558
0,0,0.48810756
0,0,0.39254493
0,1,0.6741033
0,0,0.39352143
0,0,0.16212791
1,0,0.27515945
0,0,0.24897677
0,0,0.36361042
0,0,0.34737122
1,1,0.6559546
0,1,0.7769589
0,0,0.0069073504
0,0,0.008798616
0,0,0.30072948
0,0,0.27303982
0,0,0.02199328
1,0,0.08360177
0,0,0.12912886
0,0,0.15712419
0,0,0.072130315
0,0,0.048862476
0,0,0.2809006
0,0,0.023765007
0,0,0.0021863251
1,1,0.91925406
0,0,0.16841428
0,0,0.015048939
0,0,0.11081422
0,0,0.050853036
0,0,0.30642253
0,1,0.55283
0,1,0.52410907
0,0,0.025596326
0,1,0.7665081
0,0,0.018808333
0,0,0.41397092
0,0,0.34444505
0,0,0.24042518
0,1,0.7806168
0,0,0.007848444
0,0,0.015990423
0,1,0.58163565
0,1,0.61672544
1,1,0.5260149
1,1,0.78964
0,0,0.07680327
0,0,0.17319965
0,0,0.043871813
0,0,0.0027943647
0,0,6.0018163e-05
0,0,0.062301945
0,1,0.66808677
0,0,0.070030265
1,1,0.9112271
0,0,0.05622057
1,0,0.050823033
0,1,0.55764544
0,1,0.57626873
0,0,0.13167214
0,1,0.50919497
0,1,0.81191903
0,0,0.36964396
0,0,0.026773417
1,0,0.03786854
0,0,0.07126163
0,0,0.40946865
0,0,0.38036254
0,1,0.5446686
0,0,0.043491606
0,0,0.12116643
0,1,0.6436554
0,0,0.0155384755
0,1,0.5371407
0,0,0.24800341
0,0,0.012735634
1,1,0.6820161
0,0,0.05768731
0,0,0.36339554
0,0,0.040947996
1,1,0.73011327
0,0,0.01535495
0,1,0.7379696
0,0,0.0019549541
0,0,0.19797033
1,1,0.5040878
0,0,0.032031227
0,0,0.36664683
0,0,0.0949234
0,1,0.5956045
0,1,0.754877
0,0,0.38308716
0,0,0.00014884402
1,1,0.76903856
0,0,0.11191632
0,0,0.030734707
0,0,0.008073035
0,0,0.0874542
0,0,0.363422
0,0,0.04007292
0,0,0.12913959
0,1,0.8606838
0,0,0.2511191
0,0,0.030243207
0,1,0.52610743
0,0,0.050574422
0,0,0.07077229
0,0,0.47597596
0,0,0.014564897
0,0,0.48480797
0,1,0.8131815
0,1,0.5988861
1,1,0.5541385
0,0,0.39017212
0,0,0.00031988113
0,0,0.35010406
0,1,0.6976882
0,0,0.005206944
0,0,0.40471357
0,0,0.46001056
0,0,0.12768593
0,1,0.5164344
0,0,0.04424935
0,0,8.556106e-05
0,0,0.41672203
0,0,0.1995908
0,0,0.46460238
0,0,0.4302693
0,0,0.25612995
1,1,0.81976527
0,0,0.48376277
0,0,0.10631325
1,1,0.9328938
1,1,0.91800004
1,0,0.03373518
0,0,0.023534939
0,0,0.45067373
0,0,0.09300777
0,0,0.018992841
0,0,0.020540621
0,0,0.014008552
0,1,0.65631115
1,1,0.8271242
0,0,0.011438595
0,1,0.54672176
0,1,0.76431113
0,0,0.003365304
0,1,0.76758206
0,0,0.34587684
0,0,0.059269443
0,0,0.33243355
0,0,0.084399156
0,0,0.20761743
0,0,0.015462079
1,1,0.87841755
0,0,0.24524692
0,0,0.11449621
0,1,0.7844214
0,0,0.019988589
0,0,0.1982671
0,0,0.0053569684
0,0,0.2702622
0,0,0.14762625
0,0,0.01193725
0,0,0.44022226
0,0,0.010555493
0,0,0.03502973
0,0,0.10823145
0,1,0.7651651
0,0,0.025695268
0,0,0.03446981
0,0,0.13130791
0,0,0.35140964
0,0,0.04517324
0,0,0.019672638
0,0,0.46870625
0,0,0.00036219638
0,0,0.23123693
0,0,0.0036961618
0,0,0.45819807
0,0,0.0054740543
0,0,0.001870296
0,0,0.16711023
0,0,0.2801725
0,0,0.31513375
0,0,4.974935e-05
0,1,0.6924985
0,0,0.002746287
0,0,0.10701677
0,1,0.5204776
0,1,0.67348087
0,1,0.5011172
0,0,0.062710024
0,1,0.7513608
0,0,0.19303429
1,1,0.7995152
0,0,0.03874978
0,0,0.1425189
0,0,0.10424714
1,1,0.7696271
0,0,0.18474835
0,0,0.43488985
0,1,0.9141024
0,0,0.012044811
0,0,0.00045315505
0,0,0.0013834224
0,0,0.2804469
0,0,0.4851306
0,0,0.17439333
0,0,0.20893799
1,1,0.6074158
0,1,0.7816819
0,1,0.92830545
0,0,0.047525637
0,0,0.48412555
0,1,0.70100075
0,0,0.0068682353
0,1,0.7590221
0,0,0.085403055
0,1,0.93590695
1,1,0.83736867
0,0,0.12202529
0,1,0.84032935
0,0,0.42710727
0,0,0.27862707
0,0,0.2462477
1,0,0.49548656
0,0,0.26246992
0,0,0.20269111
0,0,0.00018424778
0,0,0.36396855
0,0,0.1594372
0,0,0.46157882
0,0,0.15120186
0,0,0.002363379
0,0,0.0013599563
0,0,0.05913302
0,0,0.37157786
0,0,0.16830043
0,0,0.12100825
0,0,0.00106371
0,1,0.77392125
0,0,0.004481797
0,0,0.036445733
0,0,0.068707734
0,0,0.057198565
0,0,7.3109615e-05
1,1,0.6394564
0,1,0.71668375
0,0,0.0009675956
0,0,0.42997715
1,1,0.91923845
0,0,0.43492857
0,0,0.14275765
0,0,0.4776454
0,0,0.036082692
0,0,0.2329858
0,1,0.8474231
0,0,0.22622018
0,0,0.49198437
0,0,0.17895538
0,0,0.012773732
0,0,4.2813233e-05
0,0,0.008428303
0,0,0.20109224
1,1,0.63302165
0,0,0.09863742
0,1,0.9224671
0,0,0.14104141
0,1,0.68736064
0,1,0.60253716
0,1,0.7267214
0,0,0.0129306875
0,0,0.4512242
0,1,0.5618761
0,1,0.84941626
0,1,0.87357616
0,0,0.14951539
0,0,0.11688179
0,1,0.82252955
0,1,0.67896485
0,0,0.046353336
0,0,0.02439598
0,1,0.5829442
0,0,0.0069217538
0,0,0.41345653
0,0,0.1711946
0,0,0.1068469
1,1,0.8421099
0,0,0.019039024
0,0,0.005999861
0,0,0.10026923
0,0,0.452881
0,0,0.029043488
0,0,0.001173089
0,1,0.7135083
1,1,0.7890482
0,0,0.00064178056
0,0,0.3868727
0,1,0.614852
0,0,0.15789
0,0,0.069988884
0,1,0.84145314
0,1,0.73838997
0,0,0.20269576
0,0,0.105252944
1,1,0.9183404
0,0,0.0026008242
0,1,0.6431864
0,0,0.01575401
0,1,0.8486895
0,0,0.00015740024
0,0,0.05722543
0,0,0.08855458
0,0,0.09182156
0,0,0.038645416
0,0,0.0061550713
0,0,0.3497258
0,0,0.21866708
0,1,0.71927327
0,0,0.063831836
0,0,0.19135149
0,0,0.2842476
0,1,0.7044581
0,0,0.04142462
0,1,0.6799903
0,1,0.7356542
0,0,0.21119317
0,0,0.024662353
0,1,0.67904544
0,1,0.89661175
0,0,0.07216629
0,1,0.50920236
0,0,0.053119574
0,0,0.14488211
0,0,0.15267369
0,0,0.058676798
0,0,0.017346201
0,1,0.9468946
0,0,0.072431214
0,0,0.023567922
0,0,0.012158723
0,0,0.36983502
0,0,0.011715425
0,1,0.7147944
0,1,0.572523
0,0,0.09018071
0,1,0.711732
0,0,0.012879725
0,1,0.5816974
0,0,0.18616739
0,0,0.07403918
0,0,0.09895613
0,0,0.011503502
0,0,0.41674414
0,1,0.56649077
0,0,0.34628227
0,0,0.02284119
0,1,0.809078
0,0,0.014938354
0,0,0.0038285204
1,1,0.8119989
0,0,0.008308742
1,0,0.4514231
0,0,0.48023078
0,0,0.43023422
0,0,0.19583547
0,0,0.15070404
0,0,0.1759139
0,0,0.13549568
0,0,0.08183295
0,0,0.018818267
0,0,0.39992014
0,0,0.24709645
0,0,0.34174532
0,1,0.5695043
1,1,0.5123372
0,0,0.10482117
0,0,0.29427165
1,0,0.26180837
1,1,0.9502573
1,1,0.6830438
0,1,0.53492296
0,0,0.0016238079
0,0,0.05030091
0,0,0.123976424
1,0,0.036370307
0,1,0.85623974
0,0,0.08362894
0,0,0.0026088431
0,0,0.09455155
0,1,0.8033264
0,1,0.9202091
0,0,0.016582895
0,0,0.23403497
0,0,0.47360834
0,1,0.6309102
0,0,0.0014192213
1,0,0.37941042
0,0,0.00017775496
0,0,8.7266344e-05
0,0,0.0071268557
0,0,0.36413428
0,1,0.8880699
0,0,0.10044434
1,0,0.0004241966
0,0,0.49199885
0,1,0.78110003
0,0,0.33055848
0,0,0.03747904
0,0,0.00061955664
0,0,0.37060127
0,0,0.117483296
0,0,0.23855293
0,1,0.7297994
0,0,0.31442946
0,0,0.29708368
0,0,0.004562829
0,0,0.3414937
0,0,0.30510563
0,0,0.0068603754
0,0,0.099836335
0,0,0.08180328
0,0,0.036646824
0,1,0.81360453
0,1,0.7599693
0,0,0.19503798
0,0,0.1546819
0,0,0.04231376
1,0,0.3182764
0,0,0.23063226
0,0,0.030985527
1,1,0.8178893
0,1,0.8648957
0,0,0.104471706
0,0,0.024891187
0,0,0.16320567
0,1,0.82487017
0,1,0.84514683
0,0,0.015052899
0,0,0.1866306
0,0,0.06622435
0,1,0.5213813
0,0,0.2163218
0,0,0.12997422
0,1,0.59713393
0,1,0.5640792
0,0,0.35005122
0,0,0.16512305
0,1,0.59800607
0,0,0.40984142
0,0,0.073306054
0,0,0.007465885
0,1,0.5191736
1,1,0.5348569
0,0,0.2246822
0,0,0.23485692
0,0,0.16912769
0,0,0.42653972
0,1,0.7231014
0,1,0.7800655
0,1,0.7639216
0,0,0.05562846
0,0,0.00018424778
1,1,0.8449299
0,0,0.048147425
0,0,0.020609196
0,1,0.75097895
0,1,0.8300593
0,0,0.0545844
0,0,0.028395606
0,1,0.77407575
0,1,0.88443017
0,0,0.012402501
0,0,0.019658128
0,1,0.7251267
1,1,0.821076
0,0,0.025459757
0,1,0.68962085
0,0,0.11113714
0,0,0.012848619
0,0,0.08090444
1,1,0.7773892
0,1,0.65598065
0,0,0.437106
0,0,0.0066031953
1,1,0.66110927
0,0,0.027279954
0,1,0.5915958
0,1,0.6825716
0,0,0.31760573
0,0,0.15516819
0,1,0.53121847
0,0,0.0003626433
0,0,0.23937665
0,1,0.86935157
0,1,0.5355137
0,1,0.5724017
0,0,0.015089733
0,0,0.2640395
0,0,0.076604545
0,0,0.010692966
1,1,0.58342004
0,0,0.09716083
0,1,0.6091488
0,0,0.4095142
0,0,0.0001105749
0,0,0.016422322
0,0,0.05834183
0,0,0.0027179348
0,1,0.5412816
0,1,0.84428686
0,1,0.8174822
1,1,0.6928523
1,1,0.7747496
0,0,0.010269081
0,1,0.61125857
0,0,0.00025138757
1,1,0.929285
0,0,0.42152038
0,0,0.33081684
0,0,0.039758865
0,0,0.057123613
0,0,0.13520695
0,0,0.20140095
0,0,0.2613359
0,0,0.025920196
0,0,0.48248795
0,0,0.0011964052
0,0,0.15232481
0,0,0.0229742
0,0,0.37786946
0,0,0.035212528
0,0,0.10060035
1,0,0.010662033
0,0,0.03184356
0,0,0.05335526
0,0,0.0074663237
0,0,0.00015930014
0,1,0.8146082
0,0,0.12952988
0,0,0.00011345746
0,0,0.009054977
0,0,0.041757174
0,0,0.20994467
0,0,0.010666979
0,0,0.0014290307
0,1,0.6633596
0,1,0.6371372
0,0,0.21049292
0,0,0.41266143
0,0,0.003781457
0,0,0.003483477
0,0,0.01840694
0,0,0.42901713
0,0,0.41493312
0,0,0.2943074
1,1,0.58800095
0,0,0.4514936
1,0,0.27863654
0,0,0.17202131
1,1,0.68731874
0,0,0.41585174
0,0,0.042039607
0,0,0.3075313
0,0,0.11284764
0,1,0.62432814
0,0,0.00902395
1,1,0.51280886
0,0,0.106645696
0,1,0.513153
0,0,3.6238565e-05
0,0,0.041559182
1,1,0.6415345
0,0,0.43653426
0,1,0.6389707
0,0,0.13321793
0,0,0.041797586
1,1,0.88567924
0,0,0.3768327
0,0,0.104943246
0,0,0.10076327
0,0,0.017976789
0,1,0.94046086
0,1,0.71332926
0,0,0.46936905
1,1,0.91548556
0,0,0.2702622
0,0,0.18903336
0,0,2.7906372e-05
0,0,0.060779784
0,0,0.001704509
0,0,0.10193018
0,0,0.043289833
0,0,0.39267945
0,1,0.87260824
0,0,0.069610536
0,0,0.040484816
0,0,0.18717097
0,1,0.72398007
0,0,0.10375115
0,0,0.124636576
0,1,0.8152388
0,0,0.0325639
0,0,0.16270673
0,0,0.14609134
1,1,0.6919857
0,1,0.62841654
0,0,0.00067915936
0,0,0.039405096
0,0,0.000980416
0,0,0.00017775496
0,0,0.12140177
0,0,0.04988267
0,0,0.039736412
0,0,0.061718058
0,0,0.3780988
0,0,0.09739046
0,0,0.0019712492
0,0,0.005124366
0,0,0.05154425
0,0,0.016012814
0,1,0.54760194
0,1,0.59813184
0,1,0.7216861
0,1,0.69993186
0,0,0.00019714536
0,1,0.7944232
0,0,0.024878228
0,1,0.5042527
0,0,0.015084051
0,0,0.0002639133
0,0,0.08786151
0,1,0.80223185
0,0,0.014661973
0,0,0.004400562
0,1,0.6808836
0,0,0.072001666
0,1,0.5307992
0,0,0.27177048
0,0,0.19798607
0,1,0.5515059
0,1,0.84204894
1,1,0.86096585
0,0,0.25126323
0,0,0.0085169785
0,0,0.009555301
0,0,0.03896748
0,0,0.13120253
0,0,0.46459898
0,0,0.07131422
0,1,0.50254047
1,1,0.57543343
0,0,0.18185797
0,0,0.46346572
1,1,0.84804136
0,0,0.13050126
0,0,0.014013098
0,0,0.017668977
0,0,0.4211802
0,1,0.79186815
0,0,0.41911748
0,1,0.5392987
0,0,0.019790422
0,0,0.019762386
0,0,0.0069007752
0,1,0.631395
0,1,0.6025533
0,1,0.7958388
1,0,0.041140314
0,0,0.21674708
1,1,0.6906903
0,0,0.42971256
1,1,0.75507843
1,1,0.72278696
0,0,0.016245773
0,1,0.8046381
0,1,0.54996324
1,1,0.5353473
0,0,0.349471
0,1,0.8441571
0,1,0.5979845
0,1,0.88634074
0,0,0.084703766
0,0,0.1822778
0,0,0.17375593
1,0,0.09566562
1,1,0.55544376
0,0,0.10722294
0,0,0.11080388
0,0,0.035245746
0,1,0.67770237
0,0,0.010842545
0,0,7.0545364e-05
0,1,0.6493382
0,0,0.37415087
1,1,0.7453174
0,1,0.5950542
0,0,0.33346403
0,0,0.46443915
0,0,0.3096665
0,0,0.17725879
0,0,0.14794612
0,0,0.0062442617
0,0,0.008589229
0,1,0.64208657
0,0,0.0019343679
0,1,0.59513324
0,1,0.71916425
0,0,0.0023861942
0,0,0.037288457
0,0,0.27522242
0,1,0.59741145
0,0,0.019004012
1,1,0.8228845
0,1,0.5243496
0,0,0.0033043001
0,1,0.6617597
0,0,0.0002534643
0,0,0.29924867
0,0,0.016775569
0,0,0.3593365
0,0,0.00030800753
0,0,0.0001786167
0,1,0.8701903
0,0,0.00029278354
0,0,0.16147402
0,1,0.7674946
0,0,0.37821683
0,0,0.37697467
0,0,0.237148
0,0,0.25484693
0,1,0.7919739
0,0,0.00046415243
1,0,0.21685871
0,0,0.022204645
0,1,0.8208335
0,0,0.3885603
0,0,0.36279297
0,0,0.0002836277
0,0,0.43129346
0,0,0.26721933
0,0,0.29140586
0,0,0.004709481
1,1,0.92619085
0,0,0.14470993
1,1,0.62162286
0,0,0.030637288
1,1,0.87604934
0,0,0.23535691
0,0,0.277108
0,0,0.27107936
0,0,0.14563408
0,1,0.64187217
1,1,0.83403575
0,1,0.6231999
0,0,0.17497899
0,0,0.06661188
0,0,0.07977461
0,0,0.0035139318
1,1,0.62162286
0,0,0.33920372
0,0,0.050733354
0,1,0.7076455
0,0,0.22448543
0,0,0.0004437251
0,0,0.2892751
0,1,0.9128564
1,1,0.58024496
0,0,0.36614138
0,0,0.12740405
0,0,0.39641637
0,1,0.59200996
0,0,0.092567004
0,0,0.0012490769
0,0,0.14103653
0,0,0.37135708
0,0,0.061579153
0,0,0.09784275
0,0,0.48557797
0,0,0.047202326
0,1,0.82012904
0,0,0.000563627
0,0,0.014657861
0,0,0.000117857926
0,0,0.4213194
0,1,0.5924471
0,0,0.08998159
0,1,0.86456716
0,0,0.38590586
0,0,0.41043657
0,0,0.06773332
0,0,0.22429319
0,1,0.71913624
0,0,0.080737576
0,0,0.057311054
0,0,0.09860257
0,1,0.5142417
0,0,0.032136705
0,0,0.017962534
0,0,0.10187886
0,0,0.039115194
0,0,0.13163324
0,0,0.007981797
0,0,0.15294898
0,0,0.16077843
0,0,0.06916244
0,1,0.91487014
0,1,0.6407581
0,0,0.427491
1,1,0.52298695
0,0,0.18639882
0,0,0.05186536
0,0,0.4314033
0,0,0.15221597
0,1,0.82564676
1,1,0.6818814
0,0,0.069160186
0,0,0.048589185
0,0,0.028925596
0,0,0.003109567
0,0,0.3710749
0,1,0.79536974
0,0,0.06688532
0,0,0.04236779
0,0,0.37607986
0,0,0.11583388
0,0,0.035552558
0,1,0.57449394
0,1,0.60254425
0,0,0.43048862
0,0,0.46556765
0,1,0.840002
0,0,0.38601834
0,0,0.26435146
1,1,0.8431308
1,1,0.83752096
0,0,0.017855275
0,0,0.169037
0,1,0.5873461
0,0,0.043458156
0,0,0.06089495
1,0,0.16101483
0,0,0.1510571
0,0,0.29360592
0,0,5.6285087e-05
0,0,0.238658
0,0,0.25998554
0,1,0.7243598
1,0,0.23135687
0,1,0.9074306
0,0,0.3661894
0,1,0.53716886
0,1,0.7384237
0,0,0.07273378
0,1,0.8038176
0,0,0.0027994332
0,0,0.105030514
0,0,0.073497325
0,0,0.11647661
0,0,0.4899062
0,0,0.40033698
0,0,0.16744867
0,1,0.6006458
0,0,0.42884272
0,0,0.041177396
0,0,0.33484468
0,0,0.017470988
0,0,0.4039678
0,0,0.29780504
0,0,0.029825427
0,0,0.47740525
0,0,0.015022388
0,0,0.15552627
0,0,0.39881584
1,0,0.3789691
0,0,0.0743448
0,0,0.49552125
0,0,0.017604405
0,0,0.3886136
0,0,0.15306768
0,0,0.0006766652
1,1,0.766032
0,0,0.0672652
0,0,0.0069481796
0,0,0.10985811
0,0,0.31462613
0,0,0.004150759
0,0,0.3990745
1,1,0.7741286
0,0,0.3613712
0,0,0.08281404
0,0,0.06314212
0,0,0.08674965
0,0,0.01336618
0,0,0.24370708
0,0,0.000108233115
1,0,0.39029524
0,1,0.6236249
0,1,0.6315769
0,0,0.14654647
0,0,0.28330508
0,0,0.014899204
0,0,0.072407156
0,0,0.007304503
0,0,0.011645325
0,0,0.02266565
0,0,0.14517304
0,0,0.066697195
0,0,0.04870942
0,0,0.38353604
0,0,0.24025129
0,1,0.54973316
0,1,0.5451312
0,0,0.017835954
0,0,0.014166931
0,0,0.008040794
0,0,0.0010502437
0,0,0.012920169
0,0,0.0669976
0,0,0.023091426
0,0,0.083811685
0,0,0.06064632
0,0,0.24212454
0,0,0.06831092
0,1,0.5178306
1,0,0.21333091
0,1,0.5256137
0,0,0.016387876
0,1,0.67440385
0,0,0.02357544
0,1,0.7952415
0,0,0.03817855
0,0,0.29508543
0,0,0.10045233
0,0,0.021159587
0,0,0.007547727
0,1,0.9426494
0,0,0.00014562244
0,1,0.64278233
0,1,0.7584776
0,0,0.47677156
0,0,0.42471385
0,1,0.7796587
0,0,0.10009045
0,0,0.0043187235
0,0,0.002382746
0,0,0.07295108
0,0,0.39847514
0,0,0.4738969
0,1,0.6012801
0,0,0.009799928
0,0,0.16936365
0,0,0.23931262
0,0,0.011902078
0,0,0.35173807
0,0,0.2243972
0,0,0.3612996
0,1,0.88951606
0,1,0.54419225
1,0,0.44097948
0,0,0.0001552782
0,0,0.234255
0,0,0.06167331
1,1,0.66439915
0,0,0.37609762
0,0,0.23364316
0,0,0.03916033
0,1,0.5842211
0,1,0.75316614
0,0,0.34660494
0,0,0.002298229
0,0,0.46810493
0,0,0.024990654
0,0,0.1967218
0,1,0.52508414
0,0,0.0001552782
1,1,0.5454958
1,0,0.19689377
0,1,0.6497087
0,0,0.0050232895
0,1,0.6943098
0,0,0.0015698449
0,1,0.57354754
1,0,0.051664364
0,0,0.016791843
0,0,0.024177583
0,0,0.3634972
0,0,0.2583633
0,0,0.05660782
0,0,0.17930654
0,0,0.0031618208
0,0,0.43399227
0,0,0.027124764
0,0,0.4116945
0,0,0.027633883
0,0,3.0327708e-05
0,0,0.0040099733
0,1,0.6863987
0,0,0.11882705
0,0,0.44645742
0,0,0.10213923
0,0,0.18665045
0,0,0.007570023
0,0,0.19411097
0,1,0.661154
0,0,0.16721843
0,1,0.7794303
0,0,0.10835709
0,0,0.2269753
0,0,0.34708986
0,1,0.8090873
0,0,7.0545364e-05
0,0,0.002081234
0,0,0.42530712
0,0,0.062027946
0,0,0.04102048
0,0,0.23878917
0,0,0.021390287
0,0,0.15855192
0,0,0.09149035
1,1,0.88429844
0,1,0.770503
1,0,0.44027638
0,0,0.11250267
0,0,0.25790283
0,0,0.20633939
1,1,0.62133473
0,0,0.004569425
0,0,0.04068472
0,0,0.23439945
0,0,0.34852877
1,0,0.09181441
0,0,0.2888865
0,1,0.6200939
0,0,0.23682813
0,0,0.04606256
0,0,0.017634762
1,1,0.5359273
0,0,0.0007277736
0,1,0.85408866
0,0,0.066584006
0,0,0.03804159
0,0,0.36541173
0,0,0.010785569
0,0,0.18545088
0,0,0.0013774551
0,1,0.7891568
0,0,0.41786957
0,1,0.61819756
0,1,0.7520632
0,0,0.018231945
0,0,0.1687141
0,0,0.47397882
0,0,0.00013411313
0,0,0.2598116
0,1,0.61862296
0,0,0.450519
1,1,0.9107224
0,1,0.6039014
0,1,0.6105152
0,0,0.05414149
0,0,0.07295689
0,0,0.016619606
0,0,0.021171838
0,0,0.09482175
0,0,0.23924562
1,1,0.80228794
0,1,0.51269126
0,0,0.13262337
0,0,0.17098616
0,0,0.070289314
0,1,0.95046014
0,0,0.21679862
1,1,0.8619565
1,1,0.7469054
0,0,0.004530629
0,0,0.2794471
0,1,0.62858814
0,0,0.31154042
0,1,0.83559746
0,1,0.539496
0,0,0.18036456
0,1,0.6867891
0,1,0.72729343
0,1,0.60751754
0,0,0.4453963
0,0,0.26712814
0,0,0.054497894
0,1,0.5896378
0,0,0.08120655
0,1,0.83544225
1,1,0.54760796
0,0,0.22218902
0,1,0.6056511
0,0,0.3532413
0,1,0.6914214
0,0,0.12310828
0,0,0.052567847
0,1,0.59500706
0,0,0.05407603
0,0,0.030506905
0,0,0.02818886
0,1,0.7797141
0,0,0.26264825
0,1,0.63546664
0,0,0.19633786
0,0,0.4249742
0,0,0.042392347
1,1,0.9015082
0,1,0.7441953
0,0,0.044567384
0,0,0.0058275377
0,0,1.578792e-05
0,0,0.037426755
0,0,0.018473955
0,0,0.00017488601
0,0,0.21893215
0,0,0.0002639133
0,0,0.008079544
0,0,0.0032603522
0,0,0.16252798
1,1,0.75472856
0,0,0.089921
0,0,0.070066884
0,1,0.9413222
0,1,0.5380066
1,0,0.15014489
0,0,0.00054142455
1,0,0.26227129
0,0,0.019250538
0,0,0.00021160816
0,0,0.03137661
0,0,0.008454069
0,0,0.0057467557
0,0,0.1272992
0,0,0.02709587
1,1,0.6831513
0,0,0.15429947
1,1,0.8550744
0,0,0.16476825
0,0,0.0057389247
1,1,0.5688205
0,0,0.2914151
0,0,0.13485324
0,0,0.012773732
0,1,0.7054506
0,0,0.28605035
0,0,0.023619954
0,0,0.0138921905
0,0,0.000902193
1,0,0.09282227
0,0,0.44284582
0,0,0.23900938
0,0,0.0031604804
0,0,0.072851226
0,0,0.10309055
1,1,0.88507366
0,0,0.005555275
0,0,0.44785017
0,0,0.35281843
0,1,0.8572996
0,0,0.05321532
0,0,0.07320211
0,1,0.70736223
0,0,0.000103649516
1,1,0.6970613
0,1,0.6632956
0,1,0.64130074
0,1,0.9153363
0,0,0.004569425
0,0,0.14171904
0,1,0.77353173
0,0,0.07116287
0,1,0.7215092
0,1,0.6911304
0,1,0.868963
0,0,0.031278655
0,0,0.09037914
0,0,0.008831301
0,0,0.40687773
0,1,0.8691769
1,1,0.8041022
0,0,0.17449042
0,0,0.070973165
0,0,0.06499453
0,0,0.0050547244
0,0,0.00522663
0,0,0.11920125
1,1,0.8731773
0,0,0.024692275
0,1,0.91564405
0,0,0.25475433
0,0,0.2719293
0,0,0.029770298
1,1,0.67422795
0,0,0.104532234
0,1,0.5582878
0,1,0.7802691
0,1,0.72652316
1,0,0.3972425
0,0,0.11161175
0,0,0.35403782
0,0,0.06746581
0,0,0.3600785
0,1,0.5451985
0,0,0.021131035
0,0,0.04949298
0,1,0.83326644
0,0,0.1599615
0,1,0.64702696
0,1,0.6641496
0,1,0.60058093
0,0,0.076487005
0,0,0.007528506
0,1,0.68763494
0,0,0.4342604
1,1,0.6288958
0,0,0.45603764
0,0,0.006476511
0,1,0.5481992
0,0,3.2069707e-05
0,0,0.2804941
0,0,0.44960824
0,0,0.052930776
0,0,0.15139961
1,1,0.6517949
0,1,0.83023876
0,0,0.11941748
1,1,0.7166461
0,1,0.5465903
0,0,0.023470098
0,0,8.807687e-05
0,0,0.3463797
1,1,0.65835047
0,0,0.03863641
0,0,0.2705137
0,0,0.078581385
0,0,0.004709481
0,0,0.46734753
0,0,0.393664
0,0,0.085273564
1,0,0.4414921
0,0,0.13005768
0,0,0.005386772
0,0,0.009223914
0,1,0.6184567
0,0,0.006574014
0,0,0.05443643
0,0,0.2982383
0,0,0.019035619
0,0,0.05356852
0,0,0.018364282
0,0,0.0011205006
0,0,0.017705256
0,1,0.56821644
0,0,0.014185144
0,0,0.093970366
0,0,0.43947032
0,0,0.09600035
0,0,0.065966554
0,0,0.07201556
0,0,0.015942184
0,1,0.5619174
0,0,0.23881331
0,1,0.8642357
0,0,0.08693842
0,0,0.1660327
0,1,0.8597135
0,0,0.45366016
0,0,0.24723452
0,0,0.0700033
0,1,0.6187228
0,0,0.006815954
0,0,0.012563115
0,0,0.38591123
1,0,0.2487886
0,0,0.112069234
0,0,0.15458979
0,1,0.9368571
0,0,0.09803677
0,0,0.23286764
0,0,0.0065237167
0,0,0.23326796
0,0,0.419738
0,0,0.16064405
0,0,0.41647056
1,1,0.9044646
0,1,0.90233403
0,0,0.10887652
0,0,0.048796013
1,0,0.39320105
0,1,0.8032683
0,0,0.0018028027
0,0,0.029651955
0,1,0.5376094
0,0,0.029588874
0,1,0.60398936
0,0,0.026985683
0,1,0.8004634
1,1,0.57085466
0,0,0.01256492
0,0,0.44045204
0,0,0.38317046
0,1,0.7961168
0,0,0.0064670127
1,0,0.092189
1,1,0.87591517
0,0,8.884357e-05
0,0,0.40636203
0,0,0.35080075
0,1,0.79805887
1,1,0.89497787
0,0,0.006949502
1,1,0.564633
0,0,0.020573791
0,0,0.053536978
0,0,0.000119252836
0,1,0.71838534
0,0,0.2695879
0,1,0.5743128
1,0,0.14000785
0,1,0.61890095
0,1,0.8923863
0,1,0.6211322
0,0,0.0027636767
0,0,0.10723837
0,0,0.40641767
0,0,0.017742813
0,0,0.46238136
0,0,0.42933977
0,1,0.6642892
0,0,0.15460356
0,0,0.13530414
0,1,0.6703442
0,0,0.0052279863
0,1,0.8152211
0,0,0.39683786
0,0,0.19684944
0,0,0.08651934
0,1,0.71951586
0,0,0.03317773
0,0,0.00028809483
1,0,0.43222558
0,0,0.43177235
0,1,0.8585387
0,0,0.006960944
1,1,0.9607051
0,0,0.0013997409
0,1,0.5230265
0,0,4.2813233e-05
0,0,0.00043076195
0,0,0.12357321
0,0,0.41562328
0,0,0.112105586
0,1,0.85867465
0,0,0.00064701645
0,0,0.37402314
0,0,0.27526644
0,0,0.052928947
0,0,5.503855e-05
0,0,5.6128258e-05
0,0,0.032639045
0,0,0.057173885
0,0,0.27272636
0,0,0.0021461158
0,1,0.924786
0,0,0.002041239
0,0,0.10907447
0,0,0.455185
0,1,0.63308215
0,0,0.056821506
0,1,0.64471185
0,0,0.13910207
0,0,0.39877984
0,0,0.28038582
0,0,0.11259138
0,0,0.024741184
1,1,0.74170685
0,1,0.68557745
0,0,0.0001773977
0,0,0.039848614
1,1,0.8986514
0,1,0.5584215
0,0,0.066134796
0,0,0.010303271
0,0,0.013169607
0,0,0.48187527
0,0,0.2780686
0,0,0.024923349
1,0,0.117641725
0,0,2.6350983e-05
0,0,0.00023482867
0,0,0.005247556
0,0,0.3250755
1,1,0.86368144
1,1,0.5479496
0,0,0.08119567
1,1,0.81316984
0,0,0.008620311
0,0,0.1644904
1,0,0.3124879
0,0,0.025767028
0,0,0.0020622734
0,0,0.43361464
0,0,0.3609099
0,0,0.07973841
0,0,0.19047631
0,0,0.24662715
0,0,0.046597645
1,1,0.6907755
0,1,0.53541833
0,0,0.0634762
0,0,0.0012916181
0,0,0.14352503
0,0,0.010323991
0,1,0.7736832
1,1,0.5046124
0,1,0.6475732
0,0,0.30205896
0,0,0.13246684
0,0,0.17905119
0,0,0.033174723
0,1,0.6583491
0,0,0.45235878
0,0,0.050484803
0,1,0.8832254
0,0,0.26003125
1,1,0.9158647
0,0,0.00010622315
0,0,0.20551842
0,1,0.5710878
0,0,0.28763226
0,0,0.0011205006
0,0,0.011006701
0,0,0.031672876
0,0,0.10307302
0,0,0.07032837
0,0,0.10282296
0,1,0.5154836
0,0,0.04390634
1,1,0.8114269
0,0,0.03621859
0,0,0.3591372
0,1,0.86662334
1,1,0.5275035
0,0,0.015200159
0,0,0.30724257
0,0,0.42016354
0,1,0.66834223
0,0,0.018351028
0,0,0.004041222
0,0,0.41321883
1,0,0.18229178
0,0,0.00020927581
0,1,0.6978051
0,0,0.04911651
1,0,0.4724041
0,0,0.0279784
1,1,0.9120335
0,1,0.9045483
0,1,0.73494565
0,0,0.00017077895
0,0,0.00029618575
0,1,0.56526655
0,0,0.25037688
0,0,0.062486436
0,0,0.18983334
1,1,0.5132663
1,1,0.79073966
0,0,0.08950311
0,0,0.0003626433
0,0,0.11144695
0,0,0.4874317
0,0,0.19544098
0,0,0.18369803
0,0,0.33631635
0,1,0.6436477
0,0,0.15531489
0,0,0.28993735
0,0,0.46791264
0,0,0.015772987
0,1,0.6427838
0,0,0.076188
0,0,0.0067346725
0,0,0.06874134
0,0,0.3812818
0,1,0.57614183
0,0,0.00013411313
0,0,0.323461
0,0,0.009113159
0,0,0.038426872
1,1,0.7687945
0,0,0.04717511
0,0,0.4247433
0,0,0.25877917
0,0,0.0030433424
1,0,0.49722728
0,0,0.25881025
0,0,0.440199
0,0,0.15292768
0,0,0.017324813
0,1,0.6139156
0,1,0.67253125
0,0,0.30120778
0,1,0.82877177
0,0,0.0010725153
0,0,0.00010719009
0,0,0.4790586
0,0,0.10208869
0,1,0.6787029
0,0,0.033240583
0,1,0.73814535
0,0,0.103473425
0,0,0.11045492
0,1,0.8072022
0,0,0.39365572
0,0,0.031371858
0,0,0.034986455
0,1,0.5381236
0,0,0.27994224
0,1,0.7061297
0,0,0.31112725
0,0,5.3413136e-05
0,0,0.36587685
0,1,0.6748513
0,0,0.14203143
0,0,0.16260336
0,1,0.91065776
0,0,0.017373197
1,1,0.821553
0,0,0.09837981
0,0,0.018289873
0,1,0.80568165
0,0,8.406952e-05
0,0,0.031792883
0,0,0.11746635
0,0,0.099028796
1,1,0.7966188
0,0,0.01801049
0,0,0.26092446
0,1,0.6751602
0,0,0.11150236
0,1,0.7155632
0,0,0.0072012264
0,0,0.0068153446
0,0,0.24734235
0,0,0.19635692
1,1,0.85414886
0,0,0.08486797
0,0,0.1323256
1,1,0.84230804
0,1,0.77429605
0,0,0.06295448
1,1,0.9254379
0,0,0.0005395907
0,0,0.22275221
0,1,0.57863975
0,0,0.03421109
0,0,0.15485841
1,1,0.79689294
0,0,0.017941752
1,1,0.8560366
0,1,0.7795897
0,1,0.7612339
0,0,0.08877357
0,0,1.1632132e-05
0,0,0.4105022
0,1,0.6602512
0,0,0.023710549
0,0,0.062129103
0,0,0.007358152
0,0,0.37594303
0,1,0.5843582
0,0,0.034474637
0,0,0.025280878
0,0,0.2719275
0,0,0.11177617
0,0,0.058946066
0,0,0.4909974
0,1,0.7319576
0,0,0.07170917
0,1,0.8198623
0,0,0.2626938
0,0,0.013164515
0,0,0.0010595461
1,1,0.90326935
0,0,0.032506462
0,0,0.3011065
0,1,0.62329376
0,0,0.00045803597
0,0,0.06054966
0,0,0.41464305
0,0,0.29497805
1,1,0.61607146
0,1,0.6045552
0,0,0.02368076
0,0,0.08744315
0,0,0.064753145
0,0,0.0030935484
0,0,0.3692073
0,0,0.016342351
1,1,0.8807702
0,1,0.66465455
0,0,0.005268019
0,0,0.06771616
0,1,0.68616766
0,0,0.0008378029
0,0,0.07479754
0,0,0.13902043
0,0,0.007411109
0,0,0.02108176
0,0,0.02666147
0,0,0.003702279
0,1,0.5532166
1,1,0.9089509
1,1,0.78612834
0,0,0.14467533
0,1,0.61746335
0,0,0.20389435
0,0,0.39562985
0,0,0.058893632
0,0,0.29240194
0,0,0.20050496
0,0,0.09607571
1,1,0.67002326
0,0,0.010518758
0,0,0.029461073
0,0,8.2933744e-05
0,1,0.7694038
0,0,0.36124623
0,1,0.5629159
0,0,0.01784837
0,0,0.20462036
0,0,0.2312558
0,0,0.12155165
1,1,0.9723962
0,1,0.75777054
0,0,0.039614033
0,1,0.6545882
0,0,0.025750592
0,0,0.016889138
0,0,0.074884824
0,1,0.78048533
0,1,0.9002029
0,0,0.4032231
0,1,0.6061399
1,1,0.93991953
0,0,0.0023481403
0,0,0.03549072
0,0,0.26438877
0,1,0.7061561
0,0,0.13754006
1,1,0.60194635
0,0,0.37709188
0,0,0.028539993
0,0,8.4207524e-05
0,1,0.5773845
0,0,0.020536726
0,0,0.058520608
0,0,0.4454294
0,1,0.7009513
0,0,0.20315254
0,0,0.041290734
0,0,0.12628564
0,1,0.7031473
0,0,0.26302457
0,0,0.00014089115
0,0,0.30443427
0,1,0.55642706
0,0,0.00019396738
0,0,0.05042618
0,0,0.33824283
0,1,0.9178407
0,1,0.8535112
1,1,0.73260564
0,0,0.3610505
1,1,0.5015399
0,0,0.10334863
0,0,0.014722415
1,1,0.67911035
0,0,0.0448871
0,0,0.20190625
0,1,0.6244041
0,0,0.026919292
0,0,0.38894486
1,1,0.75511104
0,0,0.00030003884
1,0,0.12377486
0,0,0.4244412
0,0,0.07869106
0,0,0.09773876
0,0,0.1445461
1,1,0.88375324
0,0,0.14474855
1,0,0.25220808
0,0,0.0038618206
0,1,0.6848493
0,0,0.052261125
1,1,0.7655048
0,0,0.2185568
0,0,0.111415185
0,0,0.1712945
1,1,0.89214754
0,1,0.80866927
0,0,0.06664397
1,1,0.75893587
0,1,0.5739719
1,1,0.78534836
0,0,0.016953867
0,0,0.36939275
0,1,0.81784505
0,1,0.7246013
0,0,4.5617984e-05
0,0,0.35917658
0,0,0.034437437
0,0,0.092597045
0,1,0.5936637
0,0,0.39760202
0,1,0.8042765
0,0,0.0044142962
0,0,0.004781447
0,0,0.32227734
1,0,0.4590062
0,1,0.71290636
0,0,0.3517987
1,1,0.8313603
0,1,0.58284307
0,0,0.00046415243
0,1,0.71705264
0,0,0.22122175
0,0,0.035620913
0,0,0.014860549
0,0,0.40824792
0,1,0.8996073
0,0,0.046532772
0,1,0.81629115
0,0,0.09496173
0,0,0.05686054
0,0,3.2905766e-05
0,0,0.39513022
0,0,0.018937433
0,0,0.0093884915
0,0,0.1420754
0,1,0.87466305
0,1,0.84565294
0,0,0.4654142
0,0,0.14051014
0,0,0.122493304
0,0,0.0045620366
0,0,0.07194558
0,1,0.6121001
1,0,0.27695632
0,0,0.43273544
1,1,0.9736622
1,1,0.877052
0,0,0.032708615
0,1,0.81474024
0,0,0.35071263
1,0,0.14696415
0,0,0.42612728
1,1,0.9339552
0,0,0.03627206
0,0,0.30061492
0,0,4.6482823e-05
0,1,0.60918254
0,0,0.00026454008
1,1,0.7674256
0,0,0.3533087
0,0,0.36808878
1,0,0.47172657
0,0,0.13016684
0,1,0.95413315
1,1,0.6532283
1,1,0.7226128
0,0,0.22584078
1,0,0.26645103
0,0,0.35516578
0,0,0.24046384
0,1,0.5067126
0,0,0.12190881
0,0,0.096626244
0,0,0.033351872
0,0,0.005453652
0,0,0.036448456
0,0,0.08169723
0,0,0.038174868
0,0,0.4155295
0,0,0.19186987
0,1,0.6056337
1,1,0.68277407
0,0,0.25572553
0,0,0.12325084
0,0,0.18971984
0,0,0.32946303
0,0,0.07574894
0,0,0.037451774
1,0,0.14446002
0,0,0.13956319
0,0,0.12050373
0,0,0.33937624
0,0,0.025073394
0,0,0.023854785
0,1,0.64200777
0,1,0.712978
0,0,0.027951544
0,0,8.7266344e-05
0,1,0.81407106
0,0,0.036892474
0,1,0.7423871
0,0,0.043850824
0,0,0.15225372
0,0,0.00580161
0,0,0.005464551
0,0,0.22883466
0,0,0.023215601
0,0,0.49848327
0,0,0.3657459
0,0,0.019330654
0,1,0.5118852
0,1,0.6769751
0,1,0.7341108
0,0,0.25047043
0,0,0.061998967
0,0,0.41837963
0,0,0.022183722
0,0,0.016209235
1,1,0.85440624
0,1,0.72290045
0,0,0.47439966
0,0,0.023128146
0,0,0.16309467
0,0,3.2069707e-05
0,0,0.13571788
0,0,0.24171904
0,0,0.36394417
0,0,0.008964431
0,0,0.005312865
0,0,0.00027563443
0,0,0.008701269
0,0,0.010556141
0,0,0.006197003
1,1,0.61568636
0,1,0.8887153
0,1,0.87772065
0,0,0.05396813
0,0,0.00020107185
0,0,0.105860226
0,0,0.095950365
0,0,0.00754316
0,0,0.19801934
0,0,0.010985093
0,0,0.21652961
0,1,0.60980713
0,1,0.55842525
0,1,0.78512365
1,1,0.87196803
0,1,0.77957517
0,0,0.3218414
0,0,0.09828929
0,0,4.6482823e-05
1,1,0.8610278
1,1,0.68647796
0,0,0.33404443
0,0,0.3152739
0,0,0.015159064
0,1,0.7691911
0,0,0.17233922
0,0,0.3516621
0,0,0.159932
0,0,0.47555304
0,0,0.12088627
0,0,0.40966964
0,0,0.03524
0,0,0.0007474604
0,0,0.05644791
0,0,0.15786514
0,0,0.07638011
0,0,0.0049390467
0,0,0.49780905
0,1,0.6313463
0,0,0.06102641
0,0,0.0060089254
0,0,0.043060824
0,0,0.014347432
0,0,0.035756297
0,1,0.7234413
0,0,0.002636754
0,0,0.053094886
0,1,0.71217805
0,1,0.5650565
0,1,0.71423626
0,1,0.84277916
0,0,0.01502756
0,1,0.53172463
0,0,0.034076646
0,0,0.023582567
0,0,0.1288206
0,0,0.00018492222
1,1,0.9467341
0,0,0.14134496
0,0,0.05751314
0,1,0.6136151
0,0,0.04026493
0,0,0.29733124
0,0,0.32725915
0,0,0.020099442
0,0,0.096585944
0,0,0.013988629
0,1,0.8859773
0,0,0.0005727925
0,0,0.10577224
0,0,0.3907101
0,0,0.25094712
0,0,0.35204983
0,0,0.025241716
0,0,0.45535934
0,0,0.31290242
0,0,0.017992139
0,0,0.011340432
0,0,0.064872354
0,0,0.09943063
0,1,0.6829872
0,1,0.57509476
0,0,0.092748
0,0,0.1042853
0,0,0.023966178
0,0,0.39985493
0,0,0.1204573
0,1,0.8704892
0,0,0.047894582
0,1,0.7041594
0,1,0.9100268
1,1,0.9617075
1,1,0.59435815
0,1,0.7983322
0,0,0.09670606
0,0,0.062414642
0,0,0.13028456
0,1,0.81818604
0,0,0.42684174
1,1,0.7378935
0,0,0.23728292
0,0,0.000736657
0,0,0.35824892
0,0,0.42110962
0,0,0.14192633
0,1,0.73239464
0,0,0.006190904
0,0,0.005566015
0,1,0.6735769
1,1,0.8725965
0,0,0.08999971
0,0,0.17451459
0,0,0.00561949
1,1,0.7100428
0,0,0.00023482867
0,1,0.64211166
0,0,0.070046194
0,0,5.6285087e-05
0,0,0.21328682
0,0,0.12067178
0,0,0.00015960362
0,1,0.79287124
0,0,0.0002534643
0,0,0.13689214
0,0,0.23296896
0,0,0.014979199
0,0,0.0014229056
0,0,0.2106535
0,0,0.12084295
1,0,0.4404933
0,0,0.4436465
1,0,0.06812805
0,0,0.05599419
1,1,0.6919181
1,0,0.27842033
0,1,0.8759018
0,1,0.6350052
0,0,0.026781583
1,1,0.5871893
0,0,0.033253867
0,0,0.10618545
0,0,0.007948222
0,1,0.5898955
0,0,0.22340806
0,0,0.43781906
0,1,0.719331
0,1,0.70206106
0,1,0.81850433
0,0,0.027576763
0,0,0.055671286
0,0,0.0005918262
0,0,0.326723
0,1,0.6025772
0,0,0.3648333
0,0,0.40975973
1,0,0.4819686
0,0,0.00023482867
0,0,0.15754184
0,0,0.0161871
1,1,0.76546586
1,0,0.0132206315
0,0,0.21332644
0,0,0.09621469
1,1,0.8845702
0,1,0.7534359
1,1,0.9278421
1,1,0.91530967
0,0,0.042479854
0,1,0.7438987
0,0,0.017380241
0,0,0.017041275
0,0,0.3183787
0,0,0.21944311
0,0,0.0020716242
0,1,0.72470164
0,1,0.55638427
0,1,0.56235254
0,0,0.013919202
0,0,0.3665915
0,0,0.36570784
0,0,0.08823582
0,0,0.060516566
1,1,0.8043773
0,0,0.109886765
0,0,0.043173544
1,1,0.87010264
0,0,0.096305825
0,0,0.009322921
0,0,0.012247025
0,0,0.075523406
0,0,0.08082454
0,0,0.08981391
0,0,0.42423284
0,0,0.12578297
0,0,0.24906781
0,1,0.78912866
0,0,0.002059253
1,1,0.7538386
1,1,0.66455233
0,0,0.268067
0,0,0.0015350488
0,0,0.49915612
0,0,0.022263639
0,1,0.5362184
0,0,0.10903993
0,1,0.6496108
0,0,0.3095813
0,0,0.008064196
0,0,0.00991792
0,0,0.075586475
0,1,0.5220708
0,0,0.050475158
1,0,0.44270414
0,0,0.23709765
0,0,0.047769893
0,1,0.6952047
0,0,0.049304835
0,0,0.14494066
0,0,0.11960218
0,0,0.08376445
0,1,0.6369041
0,0,0.004557096
1,1,0.5911309
0,0,0.00042462625
0,0,0.011221485
0,0,0.013939774
0,1,0.5762853
0,0,9.5622585e-05
0,0,0.29458636
0,1,0.5048088
0,1,0.5291377
0,1,0.64761114
0,0,0.058614638
0,0,0.052600186
0,0,0.07265134
0,0,0.11117748
0,0,0.2206754
0,0,0.11468255
0,0,0.3720892
0,1,0.5954279
0,0,0.24336931
0,1,0.9303724
0,0,0.45050162
0,0,0.26622134
0,1,0.66228986
0,0,0.3048693
0,0,0.4782452
0,0,0.17170046
0,0,0.10658016
0,1,0.7346514
0,1,0.54074365
0,0,0.010628169
0,1,0.8617033
0,1,0.77007884
1,1,0.573324
0,0,0.23573835
0,0,0.000103649516
1,1,0.6210077
0,0,0.015411492
0,0,0.14562407
0,0,0.15496273
0,0,0.12741181
0,0,0.36759642
0,0,0.13361043
0,0,0.056032024
0,0,0.18516442
0,0,0.09689903
1,1,0.71984196
0,1,0.6963628
0,1,0.56795657
0,0,0.015394254
0,0,0.06912569
1,1,0.69687605
0,0,0.01997009
0,0,0.038048502
0,1,0.7758701
0,0,0.018345535
0,0,0.008328836
0,1,0.7805413
1,1,0.73935974
0,1,0.87221974
1,1,0.86368084
0,0,0.21079116
0,0,0.43867362
0,0,0.0076481863
0,1,0.73400295
0,0,0.056422092
0,0,3.0327708e-05
0,0,0.49634925
1,1,0.57908833
0,0,0.039604917
0,0,0.38524798
0,0,0.22428887
0,0,0.2717212
0,1,0.68486506
0,0,0.008936794
0,0,0.0062477575
0,0,0.46633503
0,0,0.34419867
1,1,0.79029334
0,0,0.47600555
0,0,0.04574354
0,0,0.272896
0,0,0.017751615
0,0,0.21494187
0,0,0.18335027
0,0,0.08700696
0,0,0.0027180484
1,0,0.33419603
0,0,0.20501827
0,0,0.15739208
0,1,0.5923096
0,0,0.30977827
0,0,0.39186087
0,1,0.829313
0,0,0.050853036
0,0,0.07345623
0,0,0.044777066
0,1,0.54719895
0,1,0.7002323
0,0,0.049959272
0,0,0.4514137
0,1,0.6145508
0,0,0.09056051
0,1,0.68703824
0,1,0.6142982
0,0,0.026584962
0,0,0.08017238
0,1,0.8897376
0,0,0.004969686
0,0,0.38634542
0,0,0.012495429
0,0,0.16505668
1,0,0.4944719
0,0,0.23770544
0,1,0.6294974
0,0,0.09571622
0,0,0.014075347
0,0,0.40740958
0,1,0.63366157
0,0,7.0545364e-05
0,0,0.002018884
0,0,0.32248726
0,0,0.055868007
0,0,0.03154595
0,0,0.39551532
0,0,0.0511124
0,0,0.010780942
0,0,0.07049603
0,0,0.12761378
0,0,0.37291706
0,0,0.4630874
0,0,0.30712995
1,1,0.6917741
0,1,0.56242144
0,1,0.8362573
0,0,0.00032582233
0,0,0.072129585
1,0,0.21865214
0,0,0.03404193
0,0,0.342008
0,0,0.06297168
0,0,0.15414016
0,0,0.1885572
0,0,0.025294159
0,0,0.0072572683
0,1,0.7332754
0,0,0.45979023
0,1,0.5017307
0,0,0.45833412
0,0,0.00018424778
1,1,0.8148547
0,0,0.1897477
0,1,0.66042763
0,0,0.0043268055
0,0,0.011548903
0,0,0.0048156492
0,0,0.00025138757
0,1,0.50252235
0,0,0.035455782
0,0,0.06253694
0,1,0.620328
0,0,0.39556378
0,0,0.10174457
0,0,0.0076274592
0,0,0.05478169
0,0,0.029277641
0,0,0.00021426454
0,0,0.042634558
0,0,0.34461328
0,1,0.7210353
0,0,0.15268782
1,0,0.42165306
0,0,0.009929994
0,0,0.10655292
1,1,0.8666414
0,0,0.00408155
0,0,0.02491942
0,1,0.7454819
0,0,0.30908835
0,0,0.029624486
0,0,0.04293528
0,0,0.055673726
0,1,0.5226988
0,0,0.14086017
0,0,0.015070497
0,0,0.16959858
0,1,0.6674889
0,0,8.22651e-05
0,1,0.5674282
0,1,0.6683305
0,0,0.027634952
0,0,0.040653203
0,0,0.092614084
0,0,0.0024732982
0,0,0.14823048
0,1,0.5119287
0,0,0.4218616
0,0,0.30930433
0,1,0.653573
0,1,0.73419774
0,1,0.7779244
0,0,0.025410712
0,0,0.02800667
0,1,0.63641036
0,0,0.0040104724
0,0,0.019783573
0,0,0.17298843
0,0,0.009671061
0,0,0.0052163433
0,0,1.9091522e-05
0,0,0.017497314
0,1,0.7396042
0,0,0.2904416
1,1,0.5345619
0,0,0.010559353
0,0,0.22495249
0,0,0.14778088
0,0,0.46883616
0,0,0.11789953
0,0,0.15215956
0,1,0.5889461
1,0,0.36523888
0,0,0.062381968
1,0,0.3791345
0,0,0.06510747
0,0,0.1254169
0,0,0.4835305
0,0,0.45246217
0,0,0.17418694
0,0,0.032133583
0,0,0.49675888
0,0,0.0063425032
0,0,0.0006977341
0,1,0.5282651
0,0,0.21362218
0,1,0.63231105
0,0,0.0030531702
0,1,0.57941365
0,0,0.29283625
0,1,0.6752666
0,0,0.48810855
0,0,0.0049852324
0,0,0.36123395
0,0,0.28526747
0,0,0.4741659
0,0,0.008809314
0,0,0.1335928
0,0,0.47211823
0,0,0.032999717
0,0,0.0025109905
0,0,0.3635597
0,1,0.736101
0,0,0.22277915
0,0,0.119159274
0,0,0.097300425
1,0,0.4353981
0,1,0.92654085
0,0,0.0029260265
0,0,0.21866202
0,0,0.1972731
0,0,0.039817415
0,0,0.35908574
1,1,0.75058705
0,0,0.3843391
0,0,0.18254775
0,0,0.16789465
1,1,0.65345955
0,1,0.58869857
0,0,0.22939134
0,0,0.45954832
0,0,0.05877319
0,0,0.00016710453
0,0,0.25874177
0,0,0.48716047
1,1,0.81561416
0,0,0.37146538
0,0,0.09117046
1,1,0.8587858
0,0,6.424788e-05
0,0,0.15245417
0,0,0.00015697457
0,0,0.44418293
0,1,0.5380916
0,1,0.70542777
0,0,0.17257416
0,1,0.62358344
0,0,0.0051251757
0,1,0.5284727
0,0,0.15736924
1,1,0.850784
0,1,0.5464448
0,0,0.46949583
0,0,0.1110623
0,0,0.025292471
0,0,0.008534666
0,0,0.34226012
0,1,0.5962649
0,0,0.0047556763
0,0,0.009540209
0,0,0.43446827
0,0,0.2894022
0,1,0.7049879
0,0,0.0015759465
0,0,0.05779369
0,1,0.7502164
0,0,0.4143198
0,0,0.07121131
0,0,0.37763286
0,0,0.09965198
0,0,0.3526784
0,0,0.024240308
0,0,0.0027421594
0,0,0.00025138757
0,0,0.009045462
0,0,0.090191506
0,1,0.94409776
0,1,0.8663761
0,0,0.03966446
0,0,0.011207865
0,0,0.042008996
0,1,0.62624115
0,0,0.020196686
0,0,0.028744023
0,1,0.54932153
0,0,0.17038183
0,0,0.311686
0,1,0.7005344
0,0,0.17595941
0,0,0.0011091988
0,0,0.21661879
0,1,0.7127825
0,0,0.0015427492
0,1,0.5923748
1,1,0.551928
0,0,0.026410993
1,0,0.33127922
0,0,0.0077947984
0,0,0.47195375
0,0,0.40004316
0,0,0.1382772
0,0,0.41392013
0,0,0.21229298
0,0,0.1412407
0,1,0.8203205
0,1,0.5965968
0,0,0.00013411313
0,1,0.8256014
0,0,0.095067024
1,1,0.86995465
0,0,0.012834607
0,0,0.10043658
0,0,0.0957214
0,1,0.8650863
0,0,0.22853307
0,0,0.14196412
0,0,0.2864776
0,1,0.77224463
0,0,0.38352683
1,1,0.8823162
1,1,0.7920292
0,1,0.52535504
0,0,0.121469095
0,1,0.91615283
0,0,0.22396818
0,0,0.4106913
0,0,0.012533992
0,0,0.018809868
0,0,0.00959114
0,0,0.12969671
0,1,0.8012102
0,0,0.013286722
0,0,0.26290354
0,0,0.37281936
0,0,0.052878488
0,0,0.007179791
0,0,0.48488593
1,0,0.44505104
0,1,0.7757239
0,1,0.9020607
0,0,0.23562902
0,0,0.008879992
0,0,0.079762265
0,0,0.03850825
0,0,0.061253328
0,0,0.42143905
0,0,0.068217956
0,1,0.6178213
0,0,0.025112897
0,0,0.0076274592
1,1,0.89922583
1,1,0.665117
0,0,0.3773979
0,0,0.04645237
1,1,0.5330843
0,0,0.36023456
0,1,0.7354429
0,0,0.2258578
0,0,0.13134144
0,0,0.0312703
0,0,0.024035426
0,0,0.20777893
0,0,0.06961651
0,0,0.03076082
0,0,0.2879137
0,0,0.0061705504
0,0,0.24044214
0,0,0.0046147536
0,0,0.44772103
0,0,0.00019118816
0,1,0.5908183
0,0,0.28181309
0,1,0.5369302
0,0,0.23748484
0,1,0.8494412
0,0,0.27452055
0,0,0.07963778
1,0,0.40608403
0,0,0.019419689
0,1,0.5593085
0,0,0.011084202
0,0,0.056865398
0,1,0.695406
0,1,0.83384365
1,1,0.8531228
0,0,0.025507014
0,1,0.61495596
0,0,0.0004887343
1,0,0.4327276
1,1,0.56252354
1,1,0.52770025
0,0,0.21103595
0,1,0.6871885
0,1,0.7086799
0,0,0.23463342
0,0,0.084142104
0,0,0.12953097
0,1,0.7099046
0,0,0.07614714
0,0,0.00906709
0,0,0.0629796
0,1,0.5071706
0,0,0.45080623
0,0,0.030518873
0,0,0.35301667
0,0,0.017811812
0,0,0.080284536
0,0,0.106543325
0,0,0.18602914
0,0,0.12881576
0,1,0.6907061
0,0,0.29234278
1,0,0.382138
0,0,0.0041635246
0,0,0.17524618
0,0,0.161697
0,0,0.014982731
0,0,0.0030309444
0,0,0.028278898
0,0,0.28626525
0,0,0.37751636
0,1,0.57303596
0,0,0.0010759691
0,0,0.089343175
0,0,0.36868498
1,1,0.82718205
0,0,0.099849574
0,0,0.12802641
0,0,0.01644766
0,0,0.21798399
0,0,0.01547547
0,0,0.39551696
0,1,0.5355038
0,0,0.21762234
0,0,0.08267559
0,0,0.18817998
0,0,0.0053145564
0,1,0.6796215
0,1,0.7782319
0,1,0.74566776
0,0,0.0011818144
0,1,0.6312891
0,1,0.88302344
0,0,0.31362465
0,1,0.6847177
0,0,0.023395844
0,0,0.3830639
1,1,0.52895033
0,0,0.0036124967
0,1,0.88135195
0,1,0.5080134
0,0,0.18659133
0,0,0.46565017
0,0,0.00023096628
0,0,0.24547996
0,0,0.49561495
0,1,0.60091674
0,0,0.14633
0,0,0.15720509
0,0,0.0077123535
0,0,0.010619555
0,1,0.7042696
0,0,0.1624291
0,1,0.5362591
0,1,0.7783289
0,1,0.617644
0,1,0.76698357
0,0,0.24595942
0,0,0.14933607
0,0,0.0030908717
0,1,0.5612402
0,0,0.2731743
0,0,0.037225995
0,0,0.039214775
0,0,0.07997619
0,1,0.5191181
0,0,0.13450094
0,0,6.222435e-05
0,0,0.0014781491
1,1,0.65086234
0,0,0.0011364319
0,0,0.46179065
0,1,0.86474824
0,0,0.19149771
0,0,0.30852392
0,1,0.8595878
0,0,0.0006755573
0,0,0.002355986
0,0,0.23201735
0,0,0.039154373
0,1,0.5085959
0,0,0.00018424778
0,0,0.027247
0,0,0.09811476
0,0,4.5572197e-05
0,0,0.1905207
0,0,0.18942472
0,0,0.2502962
0,0,0.2497128
0,0,0.0020021838
0,1,0.879255
0,1,0.7379455
0,0,0.13633208
0,0,0.009303106
0,1,0.55716205
0,0,0.20915332
0,0,0.018210897
0,1,0.67139316
1,1,0.9324474
0,0,0.41316554
0,0,0.24846494
0,0,0.23466675
0,0,0.11522251
0,0,0.0019651712
0,0,0.0003538583
0,1,0.81525725
0,0,0.012530328
0,0,0.03807443
0,0,0.011060273
0,0,0.2719746
0,0,0.33751568
0,0,0.33478513
0,0,0.32753363
0,0,0.08085545
0,0,0.15675221
0,0,0.43838367
0,0,0.24031557
0,1,0.623045
0,0,0.430262
1,1,0.7831735
0,1,0.78043234
1,0,0.06228068
0,0,0.13022833
0,1,0.92132056
0,1,0.66317135
0,0,0.3320303
0,1,0.84524083
1,1,0.8618259
0,1,0.97094786
0,0,0.47165066
0,0,0.058848877
0,1,0.82698756
0,0,0.0019549541
0,0,0.014938817
1,1,0.83429164
0,0,0.3853939
0,0,0.19269998
0,0,0.045501415
0,0,0.0076972353
0,1,0.6130089
0,1,0.632497
0,0,0.11876822
0,1,0.713591
0,0,0.04115448
0,0,0.19719034
0,1,0.6669706
0,0,0.35372534
1,1,0.89071244
0,0,0.30367938
0,0,0.028844468
0,0,0.015658686
1,1,0.8267682
0,1,0.70689803
0,0,0.07166751
0,0,0.13572663
0,0,0.11745571
0,0,0.16345449
0,0,0.0010163437
0,0,0.40408581
0,1,0.7722465
0,0,0.196741
0,1,0.6423864
0,0,0.06789855
0,0,0.05335526
1,1,0.72817606
1,1,0.77108306
0,1,0.6529627
1,1,0.88247305
0,1,0.5376586
0,0,0.2793004
0,0,0.00037975132
1,1,0.7757218
0,0,0.0039938334
0,1,0.60873336
1,1,0.8976432
0,0,0.39659426
1,1,0.67285985
0,0,0.035759676
0,0,0.004649219
0,0,0.1770294
0,1,0.8029512
0,0,0.46476424
0,0,0.114236735
0,1,0.74273497
0,0,0.08143725
0,1,0.82588315
0,0,0.00017883722
0,0,0.049846716
1,0,0.4972248
0,0,0.2574939
0,0,0.16115512
0,1,0.5829294
0,0,0.039735828
0,0,0.06443362
0,0,0.20098191
0,0,0.3735187
0,0,0.07371048
0,0,0.15188986
0,0,0.2965429
0,0,0.20754199
0,1,0.9831838
1,0,0.43017933
0,0,0.07180987
0,0,0.002141435
0,1,0.57285
0,0,0.10932237
0,0,0.13729951
0,1,0.50699663
0,0,0.39634356
0,0,0.08660451
1,1,0.66380614
0,0,0.1729192
0,0,0.0121463295
0,1,0.61094004
0,1,0.5824136
1,1,0.80051714
0,0,0.011273113
0,1,0.6717568
0,0,0.030731887
0,1,0.61358654
0,0,0.04350102
0,1,0.53707045
0,0,0.036645193
1,1,0.8450103
0,0,0.4258365
0,1,0.6225226
0,1,0.6222678
0,0,0.2663612
0,0,0.047689896
0,0,0.3907716
0,0,0.02595722
0,0,0.009433197
0,0,0.009333894
0,0,0.011772948
1,1,0.84288263
0,1,0.85156107
0,0,0.15005812
0,0,0.29890025
0,0,0.39770743
0,1,0.645273
0,0,0.030738939
0,0,0.032982737
0,0,0.09067095
0,1,0.74302083
0,1,0.5120108
0,0,0.40148622
0,0,0.07994164
0,0,0.22060728
0,1,0.71143323
0,0,0.49274203
0,0,0.0027439818
0,0,0.00021160816
0,0,0.023890793
0,0,0.11471449
0,0,0.23550479
0,0,0.1331736
0,1,0.7398826
0,0,0.28192198
0,1,0.53320616
0,0,0.019200929
0,0,0.4963836
0,0,0.44273284
0,0,0.00512101
0,0,0.093221106
0,1,0.5652639
0,0,0.20755364
0,0,0.43604112
0,0,0.12210259
0,1,0.63644344
0,0,0.022922572
0,0,0.06572751
0,1,0.6566492
0,0,0.07643495
0,0,0.007821904
0,0,0.34348813
1,0,0.020465085
0,0,0.40155616
0,0,0.052395012
0,0,0.009969931
0,0,0.08843018
0,0,0.2043799
0,0,0.029841153
1,0,0.2152307
0,1,0.6331706
0,0,0.2572631
0,1,0.6269886
0,0,0.003315467
0,0,0.293013
0,1,0.6935537
0,0,0.44977483
0,0,0.071005024
0,0,0.2888016
0,0,0.041139852
0,0,0.1110062
0,1,0.63625526
0,0,0.045051172
0,0,0.1082129
0,0,0.019348944
0,0,0.05763206
0,0,0.29040846
0,0,0.005785507
1,1,0.85663503
1,1,0.58040625
0,0,0.075510725
0,1,0.5445004
0,0,0.023918247
1,1,0.83735204
0,0,0.016094679
0,0,0.22196332
0,0,0.14291973
0,0,0.09549282
0,0,0.019958911
0,1,0.9103779
0,0,0.1662114
0,0,0.35960335
0,0,0.17530152
0,0,0.14538346
0,1,0.7494867
0,1,0.5608351
0,0,0.05998617
0,0,0.13762847
0,0,0.032323617
0,0,0.42184144
0,0,0.1912598
0,0,0.033135828
0,0,0.42279142
0,0,0.00013835062
0,0,0.0060678404
1,1,0.8005898
0,0,0.299352
0,0,0.064053394
0,1,0.7126725
0,0,0.086993136
0,1,0.6822699
0,0,0.023133006
0,0,0.025640324
0,0,0.0005914428
0,1,0.8893069
0,0,0.11405094
0,0,0.11103873
0,1,0.5198479
0,1,0.8740144
0,1,0.9031602
0,0,0.27470806
0,1,0.6344332
0,0,0.26924136
0,1,0.71842587
1,1,0.68524474
0,0,0.13321774
0,0,0.068483844
0,0,0.14136465
0,0,0.044245064
0,0,0.054144774
0,0,0.060919546
0,1,0.52074647
0,0,0.455298
0,0,8.648232e-05
1,1,0.8285311
0,0,0.018439082
1,0,0.34210813
0,1,0.5148736
0,0,0.031162359
0,0,0.048162747
0,1,0.60476184
0,0,0.4663747
0,0,0.04949409
0,1,0.8103957
0,0,0.055751517
0,0,0.000103649516
0,0,0.31451777
0,1,0.52427036
0,0,0.00020938578
0,0,0.015660437
0,0,0.23907262
0,1,0.56821334
0,0,0.02128444
1,0,0.4789359
0,0,0.015683938
0,1,0.588332
0,0,0.15023673
0,1,0.6444246
0,1,0.6767069
1,1,0.6785091
0,0,0.024636382
0,1,0.7530217
0,0,0.03410647
0,0,0.059769854
0,1,0.6740223
0,0,0.13805996
0,0,0.0026313136
0,0,0.254179
0,0,0.29671457
1,0,0.1890734
0,1,0.7849279
1,1,0.9140067
0,0,0.0761606
0,0,1.9091522e-05
0,0,0.03404193
0,0,0.4724431
0,0,0.000102019294
0,0,0.02846581
0,1,0.7062065
0,1,0.6973163
1,1,0.80673975
0,0,0.12200175
0,0,0.0050610476
0,0,0.12772465
0,0,0.28304923
0,0,0.0015306291
0,0,0.3417212
0,1,0.6957156
0,0,0.014620196
0,1,0.57128495
0,0,0.019270806
0,0,0.003947551
0,0,0.07771435
0,0,0.022011468
0,0,0.012768332
0,0,0.018511305
0,0,0.43638182
0,0,0.47105172
0,1,0.7432709
0,0,0.27015385
1,1,0.6493069
0,1,0.55862665
0,0,0.00053135975
0,0,0.37099248
0,0,0.0012800735
0,0,0.27067956
0,1,0.7467313
0,0,0.12023428
0,0,0.0060012373
0,0,0.3996489
0,0,0.45499068
0,0,0.1923891
0,0,0.023231031
0,0,0.43856335
0,0,0.3395114
0,0,0.35845658
0,1,0.6297308
0,0,0.1835998
0,0,0.022192417
0,0,0.28020775
0,0,0.20262668
0,0,0.23523247
0,1,0.7739906
0,0,0.061624985
0,0,0.095605835
0,0,0.066921085
0,0,0.04485455
1,0,0.013696297
0,1,0.6584462
0,0,0.31597063
0,0,0.24625953
0,0,0.15665944
0,0,0.09108529
0,0,0.06623844
0,0,0.0040650843
0,0,0.00016655365
1,1,0.7933033
0,0,0.40635026
0,0,0.2832379
1,1,0.7729491
0,0,0.0029061753
0,0,0.31199124
0,1,0.6102501
0,0,0.17030561
0,0,0.1680657
0,0,0.113506995
0,0,0.004907687
0,0,0.017588383
0,1,0.7334208
0,0,0.045835327
0,0,0.29101917
0,0,5.649831e-05
0,0,0.025254054
0,0,0.013449832
0,0,0.46443817
1,1,0.8825764
0,0,0.024611114
0,0,0.15271463
0,0,0.4610948
0,0,0.004033907
0,0,0.19791166
1,0,0.3590036
0,0,0.06089416
0,0,5.266422e-05
0,1,0.61739695
0,0,0.11491424
0,0,0.0037308126
1,1,0.7305736
0,0,0.03062349
0,1,0.8642126
1,0,0.36515653
0,1,0.68729275
0,0,0.01026552
0,0,0.46317062
0,0,0.072528586
0,1,0.52230376
0,0,0.11503297
1,1,0.92180866
0,0,0.07959999
0,1,0.5653969
0,0,0.18255773
0,0,0.2485781
0,0,0.10316883
0,0,0.009994756
0,0,0.0050603845
0,0,0.0074450104
0,0,0.016148478
0,0,0.2204519
0,1,0.6930911
0,1,0.5715064
0,0,0.0111381095
0,0,0.09745036
0,1,0.7474001
1,1,0.79545987
0,0,0.29163808
0,0,0.075326234
0,0,0.053649113
0,0,0.24934229
0,0,0.014478982
0,1,0.60175604
0,0,0.050612476
0,0,0.1557113
0,0,0.21236655
0,0,0.14615108
0,0,0.4238862
0,0,0.0065326793
0,0,0.013842497
0,0,0.0061957845
0,0,0.031260997
0,0,0.23626687
0,0,0.16751346
0,0,0.011742165
0,0,0.04173847
1,1,0.7623942
0,0,0.38416532
1,1,0.6528736
0,1,0.76769346
0,0,0.20062439
0,0,0.021833383
0,1,0.5339713
0,1,0.7937714
1,1,0.8236425
0,0,0.037763502
0,0,0.2362509
0,0,0.001537172
0,0,0.3602245
0,0,0.41159108
1,1,0.84455776
0,0,0.0031019065
0,0,0.33369526
0,0,0.33165637
1,1,0.5975967
0,1,0.668062
0,0,0.010347452
0,0,0.039190248
0,0,0.2403449
0,0,0.0053064534
0,0,0.13147983
0,1,0.8156748
1,1,0.94380045
0,0,0.2537447
0,0,0.0564038
0,0,0.11279257
0,0,0.49046516
0,0,0.14425808
0,1,0.69926614
0,1,0.50619566
0,0,0.004065484
0,0,0.45133224
1,0,0.48571247
0,0,0.000540482
0,0,0.10892052
0,0,0.033980794
0,0,0.08259194
0,0,0.013703623
0,0,0.23884916
0,0,0.2836011
0,0,0.013622232
1,1,0.76954424
0,0,0.1881871
0,0,0.14416361
0,1,0.825057
0,0,0.053969543
1,1,0.9137319
0,0,0.10034632
0,0,0.16866204
0,0,0.00018424778
0,0,0.004050206
0,0,0.109354556
0,0,0.23841855
0,0,0.43704307
0,0,0.38397765
0,0,0.0040377863
0,1,0.55357367
0,1,0.5827768
0,0,0.19615139
0,0,0.00016516526
1,1,0.78363997
0,0,0.32188508
0,1,0.61639416
0,0,0.11131184
0,0,0.014563918
0,0,0.048411153
0,0,0.14005119
0,0,0.025047868
0,1,0.6992295
0,1,0.50924385
0,0,0.013889402
0,0,0.17947848
0,0,0.39445263
0,0,0.38672182
0,0,0.4223019
0,0,0.014524089
0,0,0.019891856
1,1,0.86571896
0,0,0.039059605
0,0,0.48315942
1,1,0.6245018
0,0,0.03125594
0,1,0.81073403
0,0,0.26082936
0,0,0.13692327
0,0,0.29181275
0,1,0.628275
0,0,0.12225788
0,0,0.0018720254
1,0,0.48202854
0,1,0.76391566
0,1,0.8893587
0,0,0.07447966
0,0,0.00023482867
0,0,0.17030706
0,0,0.010874847
0,1,0.80054486
0,0,0.018032523
0,0,0.07957093
0,0,0.08310691
0,0,0.18212049
0,0,0.032953598
0,0,0.016727746
0,1,0.8316537
0,0,0.19402152
1,1,0.8664956
0,0,0.02780289
0,0,0.017661259
0,1,0.5156114
0,0,0.0077687837
0,0,0.03610161
0,0,0.076403745
0,1,0.5505255
0,0,0.3224907
0,1,0.7199249
0,0,0.09497146
0,0,0.4894087
1,1,0.7452409
0,1,0.69516975
0,0,0.14135358
0,1,0.5177522
0,0,0.37301642
0,0,0.022937695
0,1,0.5739985
0,0,0.04381666
0,0,0.27458325
0,0,0.16455439
0,1,0.75191134
0,0,0.36778277
0,0,0.020818463
0,0,0.0035966737
0,0,0.3800721
1,1,0.70591575
0,0,0.0066108285
0,1,0.7011685
0,0,0.19856328
0,0,0.067145295
0,0,0.29227033
0,0,0.19796413
0,0,0.21234316
1,1,0.7402615
0,0,0.38068587
0,1,0.56452376
1,1,0.51901954
0,0,0.20581171
0,0,0.1492404
0,0,0.21709852
0,0,0.00016655365
0,1,0.6660318
0,0,0.12922609
0,0,0.2181207
0,0,0.016287696
0,0,0.42513227
0,0,0.24345042
0,1,0.6985584
0,0,0.28658512
0,0,0.050488345
0,1,0.8605298
1,1,0.7707221
1,1,0.8109577
0,0,0.0017774268
0,0,0.24050355
0,0,0.34540063
0,0,0.10029182
1,1,0.89364165
0,0,0.002380042
0,0,0.18688016
0,0,0.013530787
0,0,0.48476118
0,0,0.15198073
0,0,0.12007153
0,1,0.651865
0,0,0.0005588231
0,0,0.32711485
0,0,0.09249788
0,0,0.48103568
0,0,0.39204565
0,0,0.27756113
0,1,0.6199612
0,0,0.13729681
0,1,0.6433794
0,1,0.85286266
0,1,0.71287715
0,0,0.31870753
1,1,0.86831385
0,0,0.01054496
1,1,0.65013343
0,0,0.39036173
0,1,0.55364716
1,1,0.93098307
0,0,0.33350152
0,0,0.121145435
0,0,0.040269896
0,0,0.07525357
0,0,0.42744544
0,0,0.31051585
0,0,0.0060874242
0,1,0.8271395
0,0,0.008933331
0,0,0.12598231
0,0,0.121131875
0,0,0.03216427
0,0,0.31756514
0,0,0.013456281
0,1,0.74106395
0,0,0.27267933
0,1,0.7275888
0,1,0.50501645
0,0,0.0025229119
0,0,0.44831622
0,0,0.004231921
0,0,0.1665003
0,0,0.017790252
0,0,0.2636989
0,0,0.0313777
1,1,0.73975754
0,0,0.09306786
0,0,0.35755306
0,0,5.4860437e-05
0,0,0.0360021
0,1,0.5545339
1,1,0.91131526
0,0,0.011818605
0,0,0.016158504
0,0,0.31909484
0,0,0.19260028
1,1,0.7037455
0,1,0.5541812
0,0,0.33038652
0,1,0.73576987
0,0,0.06789855
0,0,0.008131767
0,0,0.16351858
0,0,0.0019549541
0,0,0.11515727
0,0,0.39052048
0,1,0.69502467
0,0,0.41999707
0,0,0.24705398
0,0,0.029787954
0,1,0.79386574
1,1,0.74240077
0,0,0.03661981
0,0,0.03791457
0,0,0.002686154
0,0,0.025012948
0,1,0.5040737
0,0,0.4710637
0,1,0.586255
0,1,0.8847462
0,0,0.47804123
0,0,0.04323079
0,0,0.39976195
0,0,0.007411109
0,1,0.6796216
1,1,0.8651949
0,0,0.085708216
0,0,0.07343729
0,1,0.5141723
0,0,4.0903782e-05
0,0,0.019941352
0,0,0.49118772
1,1,0.84836763
0,0,0.012929281
0,1,0.64691454
0,1,0.75098604
0,0,0.06381689
0,0,0.043044418
0,0,0.35762793
0,1,0.8815986
0,0,0.035256162
0,0,0.4225616
0,0,0.018657258
0,1,0.82864535
0,0,0.00043076195
0,0,0.37882057
0,0,0.015413426
0,0,0.3675705
0,0,0.109576926
0,0,0.0008620051
0,0,0.0001552782
0,0,0.27844128
0,0,0.15434918
0,1,0.68737644
0,0,0.017109968
1,1,0.6478952
0,0,0.06679693
0,1,0.6895587
0,0,0.004024454
0,0,0.2368794
0,1,0.5671987
0,1,0.5915908
0,0,0.014075347
0,0,0.05622411
0,0,0.08226768
0,0,0.06660794
0,0,0.38366407
0,0,0.3003125
0,1,0.60147834
0,0,0.094030425
0,1,0.6978169
0,0,0.004096646
1,1,0.63290864
0,0,0.29329878
0,0,0.019908337
0,1,0.7212112
0,1,0.5673447
0,0,0.010403443
0,0,0.05752044
0,0,0.4245496
0,0,0.15993716
0,1,0.609422
0,0,0.058350597
0,1,0.62977886
0,0,0.035950743
0,1,0.54119825
0,0,0.16525161
0,0,0.04914674
0,0,0.015911102
0,1,0.86099094
0,1,0.54985774
0,0,0.30195415
0,0,0.15223119
0,0,0.022375192
0,0,0.08940754
0,0,0.078023195
0,0,0.0025774215
0,0,0.30595624
0,0,0.17961264
0,0,0.04044591
0,0,0.18437086
0,0,0.08864933
0,0,0.24211112
0,0,0.016256439
0,0,4.7517646e-05
0,0,0.361679
0,0,0.16998753
0,1,0.6193538
0,1,0.7387943
0,0,4.8454433e-05
0,0,0.11985011
0,0,0.03153482
0,0,0.46398
0,0,0.26743257
0,0,0.056542344
1,1,0.9367601
1,1,0.69492346
0,0,0.043259192
0,1,0.5306302
0,0,0.029242177
0,0,0.0046102502
0,0,0.006161054
0,0,0.006192967
0,0,0.04179829
0,0,0.0046147536
0,0,0.091995135
0,1,0.50267804
0,0,0.39826545
0,0,0.2229283
0,1,0.55458534
0,0,0.1486087
0,1,0.82875293
0,0,0.13295905
0,0,0.34117284
0,1,0.814689
0,0,0.07060933
0,0,0.03294132
0,0,0.25579625
0,0,0.08047805
0,0,0.0052261017
0,0,0.09059484
0,0,0.403569
0,0,0.005536233
0,1,0.7836996
0,1,0.5649525
0,1,0.6133328
0,0,0.00018652128
0,0,0.037896775
0,0,0.08688902
0,1,0.54262066
0,1,0.8549827
0,1,0.70969194
0,0,0.00963961
0,1,0.5243159
0,0,5.6128258e-05
0,1,0.82414657
0,0,0.012324085
0,0,0.440592
0,0,0.24622405
0,0,0.014433492
0,0,0.00015335769
0,1,0.7551148
0,1,0.7477082
0,0,0.07191053
0,0,0.06033744
0,0,0.015318685
0,0,0.00054142455
0,0,0.07703451
0,0,0.08989918
0,0,0.06826787
0,0,0.24716301
0,0,0.0006215258
1,1,0.944667
1,0,0.39470312
0,0,0.003840345
0,1,0.5082337
0,0,0.024543714
0,0,0.06208421
0,0,0.02080115
0,1,0.7102727
0,0,0.34210178
0,0,0.11944101
0,1,0.62540233
1,1,0.5303115
0,1,0.5613207
0,1,0.83367884
0,0,0.008684705
0,0,0.09085145
0,1,0.58937746
0,0,0.001229933
0,1,0.5194512
0,0,0.42321926
0,0,0.2766834
0,0,0.0060163285
0,0,0.35795748
1,1,0.6132905
0,0,0.019025961
0,0,0.0123058865
0,0,0.08825882
0,0,0.098188646
1,1,0.81691
1,0,0.09393966
0,0,0.012087482
0,0,0.120652646
0,1,0.6254449
0,0,5.6128258e-05
0,1,0.5826238
0,0,0.018804036
0,0,0.31008297
0,0,5.353399e-05
0,0,0.098837
0,1,0.84364605
1,0,0.3523879
0,0,0.38527378
0,1,0.7068769
0,0,0.061830096
0,0,0.030397253
1,1,0.7932477
0,1,0.6008255
1,1,0.8732466
0,0,0.00032543676
0,1,0.8508146
0,1,0.62825423
0,1,0.52566737
0,0,0.3643455
0,0,0.003309038
0,0,0.2213458
0,1,0.7002323
1,1,0.95882124
0,0,0.0020468964
0,0,0.2529307
1,1,0.77442014
0,0,0.30072635
0,0,0.0047389884
0,0,0.09263015
0,1,0.7002357
0,0,0.031018076
0,0,0.0009790754
0,1,0.6642494
0,1,0.69168466
0,1,0.71818143
0,0,0.4102026
0,1,0.76472867
1,1,0.7952085
0,0,0.024617929
0,0,0.38686594
0,0,0.19971815
0,0,0.2512679
0,0,0.0053366735
0,0,0.035967827
1,1,0.682283
0,1,0.7346372
0,0,0.1627864
0,0,0.2572622
0,0,0.45203623
0,0,0.0251562
0,0,0.41556564
0,0,0.0112719545
0,1,0.56571007
0,0,0.00025138757
0,1,0.8355515
0,0,0.0058214273
0,0,0.37270978
0,0,0.049421843
0,0,0.07981163
0,0,0.042627763
0,0,0.31082267
0,0,0.27505338
0,0,0.11538574
0,1,0.7538475
0,0,0.2036616
0,0,0.23687428
0,1,0.6099717
0,0,0.31219882
0,0,0.08275768
0,1,0.7315711
0,0,0.1926816
0,0,0.1915588
0,0,0.010040783
0,0,0.029844949
0,0,0.2717733
0,0,0.018112857
0,0,0.000117857926
0,1,0.68015957
0,1,0.65603584
0,0,0.014270171
0,0,0.16162227
0,0,0.47772902
1,1,0.67216736
0,0,0.061124865
0,0,0.49123937
0,0,0.19870162
0,0,0.272876
1,1,0.72727454
0,0,0.43559402
0,0,0.01938443
0,0,0.04347673
0,0,0.038652923
1,0,0.039571006
0,1,0.75869966
1,1,0.7034677
0,1,0.8132148
0,0,0.27469796
0,1,0.6648338
0,0,0.2480075
0,0,0.04083757
0,0,0.46933234
0,0,0.008701269
0,1,0.77234674
0,0,0.00010457339
0,0,0.34946662
0,0,0.03215076
0,0,0.159117
0,0,0.008825354
0,0,0.00020927581
0,1,0.61534846
0,0,0.02555244
0,0,0.024923349
0,0,0.0058961194
0,0,0.00021160816
0,0,0.073434174
0,1,0.8529568
0,0,0.0114690885
0,1,0.6830438
0,0,0.057295013
0,1,0.9176898
0,0,0.084142104
0,0,0.25261357
0,0,0.15717302
0,0,0.005909147
0,0,0.016823487
0,0,0.002277531
0,0,0.03824195
0,0,0.01813174
0,0,0.0030659707
0,0,0.03442596
0,0,0.114002764
0,1,0.7217239
0,0,0.3185733
0,0,0.0299323
0,0,0.115943104
0,1,0.8420479
0,0,0.18899405
0,0,0.47458613
0,1,0.5069053
0,0,0.0021562418
0,0,0.005820037
0,0,0.17666596
0,1,0.87761784
0,0,0.093227714
0,1,0.60893965
0,0,0.014830791
0,0,0.19452786
1,1,0.5721039
0,0,7.0545364e-05
0,0,0.46873626
0,0,0.31227553
0,0,0.02001547
0,0,0.40762636
0,1,0.5326705
0,0,0.00027569727
0,1,0.778221
1,0,0.097459055
0,0,0.01807313
0,0,0.052183148
0,1,0.69712114
0,0,0.493399
0,0,0.0011363097
0,0,0.44448265
0,0,0.21343082
0,0,0.019774726
0,0,0.14311701
0,0,0.45419553
0,0,0.09517133
0,0,0.4131579
0,1,0.68129563
1,1,0.9166048
0,1,0.5415698
0,0,0.089498796
1,1,0.77692395
0,1,0.6606897
0,1,0.77601045
0,0,0.25400186
0,0,5.6128258e-05
0,1,0.70569736
0,0,0.3525579
0,0,0.29752174
0,0,0.10720144
0,0,0.0039917245
0,0,0.0037534963
0,0,0.4419306
0,0,0.4165464
0,0,0.2466547
0,0,0.3372963
0,0,0.0277296
1,0,0.3450366
0,1,0.64145726
0,0,0.005319598
0,1,0.5626951
0,1,0.59221894
0,0,0.29543763
0,0,0.0686254
1,1,0.83371264
0,1,0.5113516
0,0,0.0044023194
0,0,0.20437998
0,0,0.061134428
0,1,0.60297817
0,0,0.0057728193
1,0,0.35042992
0,0,0.27188888
0,0,0.27491245
0,0,0.00014884402
0,0,0.008521059
0,1,0.62829465
0,0,0.045784056
0,0,0.12637746
0,0,0.08812046
0,1,0.60830176
0,0,0.012882428
0,0,0.10208864
0,1,0.67048067
0,0,0.29238227
0,0,0.07843064
0,0,0.30267945
0,0,0.05107873
0,0,5.4587817e-05
0,0,0.023259988
0,1,0.58622605
0,0,0.12545025
0,1,0.63370854
0,1,0.57927656
0,1,0.75806665
0,1,0.6407081
0,0,0.03421828
0,0,0.003770318
0,0,0.14378545
0,0,0.025954446
0,0,0.45050246
0,0,0.4184418
0,1,0.83120364
0,0,0.06587999
0,1,0.6343943
0,1,0.6165342
0,1,0.51096064
0,0,0.009360417
0,0,0.38292095
0,0,0.13619196
0,0,0.08724103
0,0,0.006750726
0,0,0.07776632
0,0,0.017695392
0,0,0.120847836
1,0,0.4571626
0,0,0.23974688
0,0,0.07632113
0,0,0.02333756
0,0,0.17964381
0,0,0.07801193
0,0,6.423275e-05
1,1,0.90756077
0,0,0.034822766
0,0,0.19267225
0,0,0.020791108
1,1,0.5754385
0,0,0.04510232
0,0,0.14929864
0,1,0.90790594
1,1,0.72544277
0,1,0.7619642
0,0,0.01055259
0,0,0.14870825
1,0,0.3283934
0,0,0.3507976
0,1,0.58498526
0,1,0.80404526
0,0,0.003919356
0,0,0.47689685
0,0,0.122474
0,0,0.13892716
0,1,0.5718866
0,0,0.41718602
0,0,0.0056155026
0,1,0.8272408
0,1,0.8121482
0,0,0.3919872
0,0,0.0889091
0,1,0.54557484
0,0,0.0172004
0,0,0.15283191
0,0,0.09010423
0,0,0.056288283
0,1,0.5029368
0,0,0.016400555
0,0,0.4099185
0,0,0.27633178
0,1,0.6125909
0,0,0.00079490343
1,0,0.29383466
0,0,8.7266344e-05
0,0,0.19260171
0,0,0.040063135
0,0,0.26032102
1,1,0.769286
0,0,0.11916583
0,0,0.13718125
0,0,0.05440536
0,0,0.06202308
0,0,0.13271467
0,0,0.062355954
0,0,0.46413946
1,1,0.6124493
0,0,0.09117614
0,1,0.745065
0,1,0.7803662
0,0,0.013820006
1,1,0.93355626
0,1,0.526935
1,0,0.4421833
1,1,0.8399032
0,1,0.6753481
0,1,0.8512983
0,0,0.33294454
0,0,0.16176851
0,0,0.2887679
0,0,0.38675252
0,0,0.24312375
0,0,0.041412733
0,0,0.034219623
0,0,0.116477594
0,1,0.6338303
0,0,0.06908837
0,1,0.6408337
0,0,0.0142739685
0,0,0.0068105306
0,1,0.7934561
0,1,0.5369284
0,0,0.0517501
0,0,0.054075208
0,0,0.035376016
0,0,0.31360978
0,0,0.18362539
0,0,0.15589423
0,0,0.011049602
0,1,0.5414782
0,0,0.024978183
0,0,0.36050156
0,0,3.2069707e-05
0,0,0.054955617
0,0,0.14914072
0,0,0.010211546
0,0,0.19898494
0,0,0.02600283
0,0,0.07242245
0,0,0.0011983007
0,0,0.07638561
0,0,0.000320583
0,1,0.7331895
0,0,0.029249614
0,0,0.3574444
0,1,0.5247018
0,0,0.054551683
0,0,0.20425723
0,0,0.0041748155
0,0,0.48842832
1,0,0.44845825
0,0,0.11495904
0,0,0.049874805
0,0,0.38294125
0,0,0.052537575
0,1,0.9423059
0,0,0.019274972
0,0,0.34211585
0,0,0.0032171325
0,0,0.000103649516
0,1,0.8664138
0,0,0.076484576
0,0,0.08181046
0,0,0.0058898814
0,0,0.00344688
0,0,0.0074275145
0,0,0.1042162
0,0,8.7266344e-05
0,0,0.055808093
1,0,0.19257908
0,0,0.00030833366
0,0,5.649831e-05
0,0,0.33925363
0,0,0.48387355
0,1,0.8315625
0,1,0.72195834
0,0,0.416049
1,1,0.6888538
0,1,0.7373587
1,1,0.8267561
0,0,0.01301481
0,0,0.013484625
0,0,0.07808204
0,0,0.13788329
0,0,0.07437309
0,0,0.19425915
1,1,0.77030873
0,1,0.83516276
0,1,0.53601056
0,0,0.06599009
0,0,0.14821087
0,0,0.00021426454
0,0,0.24937446
0,0,0.091696836
0,0,0.35561386
0,1,0.77646184
0,0,0.12166524
0,0,0.039837215
0,1,0.7171212
0,0,0.066109605
0,1,0.8616641
0,0,0.37974915
1,1,0.9401381
1,1,0.87621886
0,1,0.57779604
0,0,0.010451535
0,1,0.66019
0,0,0.22198226
0,0,0.13209087
0,1,0.8107468
0,0,0.04675125
0,0,0.3523597
0,0,0.094317056
0,0,0.0019321928
0,0,0.14186898
0,0,0.39363828
0,0,0.23955296
0,0,0.023017542
0,0,0.075510725
0,1,0.72241247
0,0,0.4708784
0,0,0.0039782776
0,0,0.1876413
0,0,0.070505284
0,0,0.0023740567
0,0,3.2248412e-05
1,0,0.21580517
0,0,0.011399037
0,0,0.18598035
0,0,0.090245165
0,0,0.027983671
0,0,0.08947779
0,0,0.00196101
0,0,0.40760398
0,0,0.00016697042
0,0,0.0022698455
0,0,0.16636331
0,0,0.0018237507
0,0,0.16909239
0,0,0.015133251
0,0,0.11348426
0,0,0.028708726
0,0,0.07848158
0,0,0.013690829
0,1,0.5772465
0,0,0.014473602
0,0,0.023692658
1,1,0.6773751
0,0,0.09554385
0,1,0.72583467
1,1,0.7519621
1,1,0.78110003
0,0,0.1547243
0,0,0.09022332
0,0,0.052040163
0,1,0.556207
0,0,0.065381035
0,0,0.009767854
0,0,0.047981
0,0,0.00021160816
0,0,0.020571966
0,0,0.1572825
0,0,0.24158649
0,0,0.15478256
0,0,0.18245964
0,1,0.5988922
1,1,0.9309119
0,0,0.023614
0,0,0.010478945
0,1,0.6089897
0,0,0.38332355
0,0,0.30334765
0,1,0.9224347
1,1,0.94994426
0,0,0.11633085
0,1,0.9025446
0,0,0.095514506
0,0,0.13440378
0,0,0.07360528
0,0,0.0013286574
0,1,0.57822746
0,1,0.5070857
0,1,0.5438669
0,0,0.07081547
0,0,0.006233625
1,1,0.6533328
0,0,0.058711328
0,1,0.57945627
0,1,0.68893397
1,0,0.1922905
0,0,0.3582823
0,0,0.00041838826
0,0,0.4985712
0,0,0.0015492538
0,0,8.807687e-05
0,0,0.09029046
0,0,0.027887218
0,0,0.05293376
1,0,0.4873967
0,1,0.73486376
0,0,0.038329724
0,0,0.28557438
0,1,0.7831988
0,0,0.1676869
0,0,0.12771602
0,1,0.71966994
0,0,0.25769186
0,0,0.0001552782
0,1,0.5604564
0,0,0.16215411
0,1,0.5009139
0,0,0.08855458
0,0,0.10724141
0,0,0.011961786
1,1,0.8437707
0,1,0.51733625
0,0,0.46978423
0,0,0.22599341
0,0,0.34263837
0,0,0.14377989
1,1,0.70761544
0,0,0.4985642
0,0,0.16251335
0,0,0.036754236
0,0,0.3034342
0,1,0.79115695
0,0,0.0065614074
0,1,0.7136536
0,0,0.018808333
0,1,0.6567494
0,0,0.28138572
0,0,0.2989244
0,0,0.25703782
0,0,0.07216774
0,0,0.38760293
0,0,0.067669146
0,0,0.000103649516
0,0,0.006079046
0,0,0.097778104
0,0,0.025050314
0,0,0.4398357
0,0,0.12005602
0,0,0.03622655
0,0,0.0074163405
1,0,0.030698027
0,0,0.40052325
0,0,0.20573956
1,1,0.8051682
0,0,0.23239191
0,0,0.33476445
0,0,0.4552607
0,0,0.4472599
0,0,0.4269569
0,0,0.091692135
0,0,0.36299115
0,1,0.50807625
0,0,0.00010561895
0,0,0.06603134
0,0,0.024684623
1,0,0.4292685
0,0,0.051050633
0,0,0.19297811
1,1,0.9078035
0,0,0.01373982
0,0,0.44603506
0,0,0.00020107185
0,0,0.0016135237
1,0,0.3318347
0,1,0.80456626
0,0,0.45137823
0,1,0.88799894
0,0,0.043301
0,0,0.36430815
0,1,0.5444355
0,0,0.44511232
1,1,0.85608935
0,0,5.9067836e-05
0,1,0.54028445
0,0,0.02223426
0,0,0.34490317
0,1,0.9698102
0,1,0.5236237
0,1,0.89589876
0,1,0.80925226
0,0,0.0054010027
0,0,0.2682299
0,0,0.0098866355
0,0,0.45365822
0,0,0.40025026
0,0,0.00017866967
0,0,0.12656821
0,0,0.097150795
1,1,0.9231071
0,0,0.069983944
0,0,0.37829718
0,0,0.07491665
0,0,0.0411016
0,1,0.5093093
0,1,0.6507022
0,1,0.90148103
0,0,0.30617628
1,1,0.79704016
0,0,0.20656587
0,0,0.055142913
0,1,0.8562041
0,0,0.033598833
0,1,0.9540538
0,0,0.11070752
0,0,0.38252604
0,1,0.75751144
1,0,0.3834123
0,0,0.03600487
1,0,0.37620187
0,0,0.033670235
0,0,0.008272717
0,0,0.03638605
0,1,0.70997304
0,0,0.014234987
0,1,0.7785103
0,0,0.056592405
0,0,0.25242415
0,0,0.29954138
0,0,0.0019683582
0,0,0.20306137
0,0,0.34953016
0,0,0.43207607
0,0,0.14331892
0,0,0.02883094
0,1,0.8107969
0,1,0.7829863
0,0,0.05409845
0,0,0.22643356
0,0,0.026358798
0,0,0.19564712
0,0,0.14820918
0,0,0.11459301
0,0,0.11027671
0,0,0.09918983
0,0,0.09428492
0,0,0.10428092
0,0,0.02015561
0,0,0.0070812083
1,0,0.08948203
0,1,0.6144357
0,0,0.18584906
0,0,0.19447169
0,0,0.045335304
0,0,0.008122154
0,1,0.58108884
0,0,0.0052006324
0,0,0.0023766896
1,1,0.600717
0,0,0.020249218
0,0,0.36428386
0,0,7.0545364e-05
0,1,0.85995084
0,0,0.028720789
1,1,0.8346501
0,0,0.00022508067
0,0,0.057249732
0,0,8.2667895e-05
0,0,0.124860205
0,0,0.0011478197
0,0,0.018828016
0,0,0.00035939502
0,0,0.48933357
0,0,0.024965167
0,0,0.25507668
0,0,0.020851634
0,0,0.22204383
0,0,0.13005377
0,1,0.5806934
0,1,0.6879074
1,1,0.5599448
0,0,0.17110665
1,1,0.9381494
0,1,0.7246533
0,0,0.19810115
0,0,0.022501716
0,1,0.8849459
0,0,0.32636142
1,0,0.35401148
0,0,0.48987746
0,0,0.054789122
1,0,0.088194266
0,0,0.44342726
0,0,0.021547183
0,1,0.67801327
0,0,0.06158168
0,0,7.167063e-05
0,0,0.0043954235
0,0,0.07026021
1,1,0.84449613
1,1,0.8199596
1,1,0.5921961
0,1,0.66684407
0,0,0.06000638
0,0,0.13580586
1,1,0.77815926
0,1,0.80732965
0,0,0.03693723
0,0,0.0013599563
0,1,0.66140485
0,1,0.62598544
0,1,0.60764974
1,1,0.87561435
0,0,0.0389863
0,0,0.11471308
0,0,0.005828035
0,1,0.9490402
0,1,0.58292633
0,0,0.00014884402
0,1,0.584094
0,1,0.5315872
0,0,0.037271515
0,0,0.4665341
0,1,0.90768903
0,0,0.016011348
0,0,0.24686317
0,1,0.7903377
0,0,0.1903187
0,0,0.14461793
0,1,0.6385851
0,0,0.0431759
0,0,0.41001675
0,0,0.3904775
0,0,0.0058135125
0,1,0.5778273
0,0,0.06545056
0,1,0.82178926
0,0,0.004929104
0,0,0.021957187
0,0,0.016299587
0,0,0.27855515
0,0,0.06589731
0,0,0.01035069
0,1,0.7277179
0,0,0.01761244
1,1,0.82245755
0,0,0.41839555
0,0,0.016722202
0,0,0.2322363
0,0,0.0022494209
0,1,0.55509984
0,0,0.13718706
0,0,0.24155505
0,0,0.32441884
1,1,0.66688514
0,1,0.9209801
0,0,0.024512032
0,1,0.65572095
0,0,0.02650067
0,1,0.7710838
0,1,0.7862911
0,0,0.0034252128
0,1,0.50378984
0,1,0.67373675
0,0,0.4292891
0,0,0.0037682247
0,0,0.00016516526
0,0,0.08854714
0,1,0.79530877
0,0,0.0070916153
0,0,0.15476193
0,0,0.029404433
0,1,0.8310046
0,0,0.3411105
0,0,0.37129724
1,1,0.97638637
0,0,0.37881616
0,0,0.015617479
0,1,0.70081055
0,0,0.29964846
0,0,0.006274887
0,0,0.3553497
0,0,0.0009582507
0,1,0.803156
0,0,0.16134815
0,0,0.13592917
0,1,0.6458754
0,0,0.21108997
0,0,0.20444876
0,0,0.006893365
0,1,0.7751444
0,0,0.056005113
0,0,0.12655592
0,0,0.012892074
0,0,0.20824054
0,0,0.021480717
0,0,0.109300435
0,1,0.58071935
0,1,0.5617705
0,0,0.07637313
0,0,0.00025138757
0,0,0.20488988
0,0,0.03892717
0,0,0.02247741
0,0,0.07094434
0,0,0.09729755
0,1,0.5613767
0,0,0.005013449
0,1,0.77500325
0,0,0.0021863251
0,0,0.027683552
1,1,0.79146576
0,0,4.5617984e-05
0,0,0.04797188
0,0,0.010838541
0,0,0.17146218
0,0,0.009809261
0,0,0.17274165
0,1,0.88706064
0,1,0.8847668
0,1,0.62570006
0,0,0.07218154
0,0,0.1140137
1,0,0.31977695
0,0,0.014612072
0,1,0.6675893
0,0,0.18481952
0,1,0.70156217
0,0,0.030117512
1,0,0.46832514
0,1,0.74113137
0,0,0.17499149
0,0,0.3031365
0,0,0.2185112
0,0,0.010507529
1,0,0.20486334
0,0,0.31151205
0,1,0.6867179
0,1,0.72656804
0,1,0.7046074
1,1,0.9449636
0,1,0.53040016
0,0,0.24576537
0,0,0.14850906
0,1,0.8832348
0,0,0.082411416
0,0,0.11473414
0,1,0.5325588
0,0,0.48287547
0,0,0.21761912
0,1,0.5012094
0,0,0.16317755
0,0,0.3393543
0,1,0.50702024
0,1,0.7004187
0,0,0.049784772
0,0,0.30504793
0,1,0.6475275
0,0,3.2069707e-05
1,1,0.8464505
0,1,0.51044446
0,0,0.0830457
0,0,0.015141612
0,1,0.64088726
0,0,0.017541906
0,0,0.18313977
1,1,0.7350663
0,1,0.67826664
0,0,0.020210877
0,0,0.3512171
1,1,0.890046
0,0,0.3656261
0,0,0.17460118
0,0,0.3817941
1,1,0.7807676
1,1,0.6163731
0,0,0.19724701
1,1,0.72999257
0,0,0.04424935
0,0,0.07859275
0,0,0.39511368
0,1,0.7497084
0,0,0.33652827
0,0,0.0014192213
1,1,0.8585594
0,0,0.1791841
0,0,0.00017738281
0,0,0.0070667355
0,0,0.0656433
1,1,0.7778363
0,0,0.16299333
0,0,0.31228718
0,0,0.0024307915
0,0,0.19717745
0,0,0.18345991
0,1,0.71718454
0,0,0.1413911
1,1,0.9640568
0,0,0.0087856045
0,0,0.07131422
0,0,3.266312e-05
0,1,0.5342674
0,0,0.32138735
0,0,0.48168668
0,1,0.52842736
0,0,0.001972348
0,1,0.60953265
0,0,0.33265555
0,0,0.024514282
0,1,0.8849114
0,0,0.0063606557
0,0,0.013407998
0,0,0.42412484
0,0,0.07483038
0,0,0.31600425
0,0,0.19569887
0,1,0.69256884
0,0,0.043661825
0,0,0.3579943
0,0,0.4199421
0,0,0.14539212
1,0,0.39402264
0,0,0.47748336
0,0,0.18468821
0,0,0.049104296
0,0,0.017636862
0,0,0.3535963
0,0,0.30429536
0,0,0.001954955
0,0,0.4517418
1,1,0.7291795
0,0,0.03399096
0,1,0.7509198
0,0,0.12009141
0,0,0.04114641
0,1,0.5228733
0,1,0.5174553
0,1,0.61486274
0,0,0.10559191
1,1,0.94096386
0,1,0.5544659
0,0,0.016594127
0,1,0.598581
0,0,0.00024375613
0,0,0.2529147
0,0,0.22441766
0,0,0.015149634
0,0,0.051486954
1,1,0.92306226
0,0,0.26156121
0,1,0.58633393
0,0,0.014620196
0,0,0.075721905
0,0,0.0038387766
0,0,0.03674092
0,1,0.76403314
0,0,0.1690665
0,0,0.32100654
0,1,0.59070134
0,0,0.17871101
0,0,0.47538045
0,0,0.0009262074
0,0,0.01617966
1,0,0.022958666
0,0,0.0011031097
0,1,0.8297041
0,0,0.0027340984
0,0,0.023006005
0,1,0.58622605
0,0,0.41886953
0,0,0.2986137
0,0,0.40947315
0,0,0.058403656
0,1,0.8449612
0,1,0.6771141
0,0,0.26948625
0,0,0.41742012
0,0,0.0024346472
0,0,0.004133012
0,0,0.09019163
0,0,0.24525535
0,0,0.15363158
0,0,0.029619489
0,1,0.7284654
0,1,0.805917
0,0,0.06507646
0,0,0.09541951
0,0,0.4685512
0,0,0.08594196
0,0,0.0051439013
0,0,0.10605062
0,0,0.024117986
1,1,0.7489009
0,1,0.62043697
0,0,0.014415651
0,1,0.8529453
0,0,0.0014192213
0,0,0.18588951
0,0,9.313803e-05
0,0,0.013600228
0,1,0.6192419
0,0,0.10111141
0,1,0.60493255
0,1,0.6702382
0,0,0.041951247
0,1,0.70599514
0,0,0.2804591
0,0,0.041439224
0,1,0.56746644
0,0,0.08701033
0,0,0.045402072
1,0,0.31214774
0,0,0.09261001
0,0,0.09266501
0,0,0.4643724
0,0,0.26331076
0,0,0.0019620135
0,0,0.3110659
0,0,0.059641566
0,1,0.9578757
0,0,0.33607018
0,0,0.007043326
0,1,0.8047555
0,0,0.09619701
0,0,0.38250792
1,1,0.8358859
1,1,0.64049274
0,0,0.19513427
0,0,0.042040795
0,1,0.6841538
0,0,0.45321226
0,1,0.7084407
0,1,0.6460165
0,0,0.016263258
0,0,0.018424306
0,0,0.38747436
0,0,0.033898395
1,1,0.78334165
0,0,0.07673157
0,0,0.019128777
0,0,0.1827797
0,0,0.03659379
0,0,0.00016516526
0,0,0.008778221
0,1,0.5399819
0,1,0.77001435
0,1,0.62011594
0,1,0.5996868
0,0,0.48313248
0,0,0.26493096
0,0,0.07713942
0,0,0.1059025
0,1,0.77565575
0,1,0.6952883
0,0,0.2544622
0,0,0.0431437
0,1,0.67645085
0,0,0.29195786
0,0,0.051850908
0,0,0.058015693
0,0,0.0017408138
0,0,0.10980058
1,0,0.48499918
0,0,0.049695894
0,0,0.30394676
1,1,0.9071486
0,1,0.63603634
0,0,0.28601554
0,0,0.017518714
0,0,0.050487384
0,0,0.0984735
0,0,0.26749814
0,0,0.45707878
0,0,0.19762586
0,0,0.113037735
0,0,0.13683823
0,1,0.5004344
1,0,0.047165897
0,0,0.043027423
1,1,0.8500059
0,0,0.25094867
0,0,0.036514938
0,0,0.38114432
0,0,0.031597048
0,0,0.011492689
0,1,0.5197555
1,1,0.9111813
0,0,0.014278107
0,0,0.17903216
0,0,0.17081547
0,1,0.7012984
0,0,0.024202468
0,0,0.0010286856
1,1,0.9053952
0,0,0.2784391
0,1,0.83075076
0,1,0.585445
0,0,0.26256546
0,0,0.40655032
0,0,0.021364575
0,1,0.6755219
0,0,0.32106906
0,1,0.6989352
0,0,0.043254547
0,1,0.6779715
0,0,0.19900279
0,0,0.15735576
0,0,0.1261518
0,0,0.08889776
0,0,0.094011076
0,1,0.9252008
0,0,0.006455478
0,0,0.027292626
0,0,0.13462286
0,0,0.2217382
0,0,0.006556033
0,0,0.4555312
0,0,0.0023100246
0,0,0.34975088
0,0,0.043149322
0,0,0.0072558154
0,0,0.07961183
0,0,0.30280346
0,1,0.6928046
0,0,0.4125546
0,1,0.80780655
0,0,0.35827312
0,0,0.26028344
0,0,0.4935214
0,0,0.0049115685
1,1,0.92419547
0,1,0.73099947
0,0,0.00026022986
1,0,0.4673864
0,1,0.7762352
1,1,0.8966655
0,0,0.24666207
0,0,0.0056754136
0,1,0.62297827
0,1,0.75334525
0,0,0.1147262
0,0,0.07032461
0,1,0.7768163
1,1,0.64145726
0,0,0.008498396
0,0,0.16966812
0,1,0.7004221
0,0,0.26780215
0,0,0.33096614
0,0,0.011815509
0,0,0.29779276
1,1,0.8455227
0,1,0.67919433
0,0,0.3179272
0,0,0.32904723
0,1,0.8927249
0,0,0.12343492
0,0,0.2911936
0,0,0.41223228
0,1,0.6343288
0,1,0.8466544
0,0,0.020742571
0,0,0.005436147
0,0,0.030319883
0,1,0.53370345
0,0,0.039604444
0,1,0.7781344
0,1,0.7629743
0,0,0.0848733
0,0,0.31960726
0,0,0.056615572
0,0,0.009199603
0,0,0.32312942
1,1,0.9147299
0,0,0.0012771314
0,0,0.00020037557
0,0,0.28983006
0,0,0.0048115198
0,0,0.28950158
0,0,0.39953047
0,0,0.17080976
0,0,0.14567442
0,1,0.79625815
0,0,0.0022333963
0,0,0.25140277
0,0,0.44923007
0,1,0.50882846
0,0,0.40273455
0,0,0.029540658
0,0,0.380331
0,1,0.85943973
0,0,0.18046768
0,0,0.00021160816
0,0,0.12936592
0,0,0.11767697
0,0,0.38387287
0,0,0.032534137
1,1,0.9423493
0,1,0.7930227
0,1,0.5571875
0,0,0.024422146
1,0,0.23631847
0,0,0.016778832
0,1,0.5477234
0,0,0.27741727
0,0,0.25715166
0,0,0.48410034
0,0,0.037932236
0,0,0.038720094
0,0,0.40674272
0,0,0.03576392
0,0,0.022611352
0,1,0.54086673
0,0,0.034884643
0,0,0.09354125
0,0,0.45304626
0,0,0.3312254
0,1,0.8330063
0,0,0.48180264
0,0,0.39851582
0,0,0.47295523
0,1,0.53927314
0,0,0.009505091
0,1,0.60572577
0,0,0.018884087
0,0,0.008519971
0,0,0.012685101
0,0,0.18808639
0,0,0.4355653
0,0,0.07935652
1,1,0.9003815
0,0,0.072812065
0,0,0.22803015
0,0,0.0036791575
0,0,0.013691654
0,0,0.024597662
0,0,0.11486151
0,0,0.0016796044
0,0,0.04821665
0,0,0.00018166822
0,0,0.38200265
0,0,0.004807384
0,1,0.9439717
0,0,0.10026263
1,1,0.8725867
0,1,0.6687822
0,0,0.38283554
0,0,0.05551174
0,1,0.6741579
0,0,0.32877976
0,0,0.29913384
0,0,0.009475728
0,0,0.25728002
0,0,0.003522585
0,0,0.041828148
0,1,0.8531971
0,0,0.42002785
0,1,0.5108947
0,0,0.012990339
0,0,0.004105084
0,0,0.4461029
0,0,0.15482137
0,0,0.035541095
0,1,0.57019264
0,0,0.07780665
0,0,0.0031684465
0,0,0.12923738
0,0,0.035510927
0,0,0.006568234
0,0,0.036810216
1,1,0.5276287
0,1,0.8355304
0,0,0.009386913
0,0,0.40630403
0,0,0.05651996
1,1,0.75253356
0,1,0.6338406
0,0,0.0012931691
0,0,0.0069747944
0,0,0.014640125
0,0,1.4065721e-05
0,0,0.45639145
0,0,0.032523338
0,0,0.007179791
0,0,2.5298825e-05
0,1,0.8054805
0,0,0.02111635
0,0,0.36671165
0,0,0.03171614
0,0,0.008372828
0,0,0.110089034
0,0,0.14157051
0,0,0.05182094
0,1,0.7273634
0,0,0.052069716
0,1,0.55077934
1,1,0.81454265
0,1,0.57724136
1,0,0.33195814
0,0,0.04407086
0,0,0.22658448
0,0,0.07418922
0,0,8.4207524e-05
0,1,0.5232526
0,0,0.3846903
0,0,0.1056815
0,0,0.49153423
0,0,0.48615786
0,0,0.38286468
0,1,0.6855679
0,0,0.011213764
0,1,0.6656455
0,0,0.08149175
0,1,0.7963667
0,0,0.047876723
0,0,0.056038678
0,1,0.6218157
0,0,0.00018166822
1,0,0.27258658
0,0,0.10326697
0,1,0.91903293
0,0,0.039127886
0,0,0.22477736
0,0,0.0007474604
0,0,0.44699916
0,0,0.12759367
0,0,0.38338506
0,0,0.20539537
0,0,0.31816074
1,1,0.8758272
0,0,0.23871088
0,0,0.32975203
0,0,0.059624743
0,0,0.10949239
0,0,0.39581722
0,1,0.8014635
0,1,0.6789121
0,1,0.5665397
0,0,0.10656665
0,0,0.00022603833
0,0,0.002706757
0,1,0.5975482
1,1,0.7203037
0,0,0.46907583
0,0,0.0006329782
0,1,0.85686654
0,1,0.5868122
0,0,0.4624295
0,0,0.028695852
0,0,0.009994756
1,1,0.56860733
0,1,0.64000535
0,0,0.3265005
0,0,0.19718483
0,0,0.10558514
0,0,0.49691755
0,0,0.12162948
0,0,0.020971186
0,0,0.03221802
0,1,0.7487942
0,0,0.00012971788
0,0,0.43316287
0,0,0.0056229685
0,0,0.009745676
0,0,0.17376037
0,0,0.30003688
0,0,0.4135733
0,0,0.17366569
1,0,0.39554304
0,1,0.7213873
0,0,0.0746924
0,1,0.6137932
0,1,0.60528374
0,0,0.34328848
0,0,0.09843294
0,0,0.03739467
0,0,0.025686758
0,0,0.08842299
0,1,0.6231181
0,0,0.21472275
1,1,0.78795254
0,0,0.04083969
0,0,0.031464078
0,0,0.041557122
0,1,0.666652
0,1,0.95634633
0,0,0.0011869565
0,0,0.43839777
0,1,0.72231907
0,0,0.116927646
1,1,0.8583355
0,0,0.030141892
0,0,5.6285087e-05
0,1,0.8899767
0,0,0.045784056
0,0,0.48242864
1,1,0.8798694
0,0,0.47141778
0,0,0.24070318
0,0,0.01864056
0,0,0.27741304
0,0,0.33140948
0,0,3.0327708e-05
0,0,0.09332735
0,0,0.032708615
0,0,0.02358366
0,0,0.26076382
0,0,0.023964334
0,0,0.0031411946
0,0,0.45487982
0,0,0.13406567
0,0,0.38754398
0,0,0.043974105
0,1,0.59455574
0,0,0.09720081
0,0,0.020828692
0,0,0.23557429
0,0,0.4751722
0,0,0.044457573
0,0,0.41853192
0,0,0.171911
0,1,0.5597116
0,0,0.028703675
0,0,0.032051038
0,0,0.023615368
0,0,0.079117045
1,1,0.82333887
0,0,0.08761369
0,0,0.27940935
0,0,0.013442957
1,1,0.69460666
0,0,5.6285087e-05
0,0,0.006997643
0,0,0.39915195
0,0,0.0047453213
0,1,0.61308616
0,0,0.33314106
1,1,0.77177924
0,0,0.04545364
0,0,0.00012275239
0,0,0.06699148
0,0,0.030294387
0,0,0.017965317
0,0,0.004778423
0,0,0.26764292
0,0,0.36046767
0,0,0.15788743
0,0,0.012464482
0,1,0.655506
0,1,0.5228101
0,0,0.24241365
0,1,0.7171029
0,0,0.18565847
1,1,0.6979185
0,0,0.1267716
0,0,0.012694308
0,0,0.022642145
0,0,0.4615183
0,1,0.6387504
0,1,0.5996264
0,0,0.23985219
0,0,0.4325474
0,0,0.23411222
0,0,0.40057024
0,1,0.5694538
0,1,0.8065112
0,0,0.0069366605
0,0,0.28186557
0,1,0.5855032
0,0,0.12225815
0,0,0.26809537
0,0,0.0070832563
0,1,0.79102135
0,0,0.03627181
0,0,0.12505995
0,0,0.2596726
0,0,0.0929111
0,0,0.20340884
0,0,0.0068912725
0,0,0.0018750349
0,0,0.0023669233
1,0,0.47538406
0,0,0.18893388
0,0,0.0005014899
0,0,0.13352722
0,0,0.0249734
1,1,0.703788
0,1,0.7698193
0,0,0.4699623
0,0,0.041884795
0,0,0.04692867
0,0,0.44433936
1,1,0.8035313
0,0,0.06815954
0,0,0.20169073
0,0,0.004113694
0,0,0.0012709105
0,0,0.21234195
0,0,0.026522022
1,1,0.90593874
0,0,0.41883263
0,0,0.04046716
0,0,0.31606224
0,0,0.48591357
0,0,0.07678469
0,0,0.010911432
0,0,0.22867653
0,0,0.058561776
0,1,0.5140985
0,0,0.10460519
0,0,0.036183454
0,0,0.21314223
0,0,0.43709671
0,0,0.11388573
0,0,0.412805
0,1,0.7092864
0,1,0.6643091
0,0,0.026437797
0,0,0.12286781
0,1,0.69920444
0,0,0.03623853
0,0,0.0072903405
0,0,0.04173684
0,0,0.017994504
0,0,0.018263265
0,0,0.0044112084
0,0,0.0017601915
0,0,0.09492422
0,0,0.3374708
0,1,0.88654345
0,0,0.30974773
0,0,0.00021160816
0,0,0.3479003
0,1,0.80363345
0,0,0.026357673
0,0,0.02412312
0,0,0.009478512
0,1,0.6099003
0,0,0.17585227
0,0,0.005163859
0,1,0.5856194
0,0,0.29177108
0,0,7.0545364e-05
0,0,0.16914846
0,0,0.38153204
0,0,0.020483714
0,0,0.00077701086
1,0,0.45020217
0,0,0.0027459643
0,0,0.46802685
0,0,0.066533566
1,1,0.83667743
0,0,0.033797704
1,0,0.00036219638
0,1,0.5160303
0,0,0.042420086
0,0,0.019961154
0,1,0.5789978
0,0,0.092293605
0,0,0.0048033204
0,0,0.21380928
0,0,0.06789855
0,0,0.014524129
0,0,6.423275e-05
0,0,0.0987079
0,0,0.080362104
0,0,0.002118397
0,0,0.004923669
0,0,0.003231159
0,0,0.03014219
0,1,0.5050311
0,1,0.5445559
0,0,0.0046097804
1,0,0.30471584
0,0,0.4463318
0,0,0.23357779
0,0,0.015830742
0,0,0.08486082
0,0,0.015342799
0,0,0.051600944
0,0,0.0001552782
0,0,0.040188875
0,0,0.015089733
0,0,0.0031743587
0,0,0.117666095
0,0,0.0002639133
0,0,0.1645092
0,0,0.46433854
0,0,0.068962805
0,0,0.28226212
0,0,0.022347752
0,1,0.77207464
0,1,0.66804713
0,0,0.006950065
0,0,0.14633046
0,0,0.05410681
0,0,0.11800634
0,0,0.07103598
0,0,0.46628895
0,0,0.0013098769
0,1,0.7198851
0,0,0.1234052
0,0,0.025146876
0,0,0.24603994
0,1,0.815592
0,1,0.6554873
0,0,0.10172045
0,1,0.80667806
0,0,0.29806986
1,0,0.47442433
0,0,0.022426313
0,0,0.18772073
0,0,0.4482406
0,0,0.013406995
0,0,0.36294466
0,0,0.0022442096
0,0,9.2136645e-05
0,0,0.102847666
0,1,0.70374227
0,0,0.0021689858
0,0,0.0062773493
0,0,0.030537011
0,0,0.0733132
0,0,0.0035830152
0,1,0.63281596
0,0,0.30134976
0,0,0.39473143
0,1,0.56115556
0,0,0.0450266
0,0,0.00016710453
0,0,0.19310692
0,0,0.002561592
0,0,0.16774678
0,0,0.0026312622
0,0,0.032854263
0,0,0.1418042
0,0,0.20535256
0,0,0.39579546
0,0,0.20366257
1,0,0.17294744
0,0,0.4004507
0,1,0.8595344
0,0,0.2005185
0,0,0.1340517
0,0,0.2965921
0,0,0.02074639
0,0,0.27046067
0,1,0.5440436
0,0,0.30827263
0,1,0.53812766
0,0,0.007466101
0,1,0.56907153
0,0,0.42639315
0,0,3.6606813e-05
0,1,0.5208055
0,0,0.11117381
0,1,0.5861164
0,0,0.40107492
0,0,0.18151027
0,1,0.847259
0,0,0.05570172
0,0,0.12502079
0,1,0.61354274
1,0,0.40273422
1,0,0.10455286
0,0,0.062178656
0,0,0.37576997
0,1,0.57970643
0,0,0.32593283
0,1,0.5114558
0,0,0.019693064
0,1,0.7283791
0,0,0.20514883
0,0,0.044169094
0,1,0.5045125
0,1,0.8499998
0,0,0.12859604
0,1,0.52808505
0,1,0.7204455
0,0,0.43604293
0,0,0.038257174
0,0,0.074411094
0,0,0.00017775496
0,0,0.01125718
0,1,0.6461743
0,0,0.14543489
0,1,0.82330364
0,0,0.24736656
0,0,0.24588887
1,1,0.7956699
0,0,0.0017209304
0,0,0.073494054
0,1,0.7967077
0,0,0.28268516
0,0,0.0005271826
0,0,0.34408805
0,0,0.07563365
0,0,0.016165562
0,0,0.035640314
0,0,0.22594686
0,0,0.483617
0,0,0.41158032
0,0,0.028802976
0,0,0.45982048
0,0,0.4151733
0,0,0.3659763
0,0,4.068829e-05
0,0,0.031119488
0,0,0.4777467
0,0,0.30799684
0,0,0.48394835
0,0,0.16202521
0,0,0.06689221
0,0,0.013879661
0,0,0.015542583
0,0,0.016750073
0,0,0.45661554
0,0,0.031936284
0,0,0.25713602
0,0,0.054857723
1,1,0.7602728
0,0,0.07175186
0,0,0.020277489
0,0,0.405069
0,0,0.4150541
0,1,0.81459546
0,1,0.65771264
0,0,0.41509777
1,1,0.5886349
0,0,0.041610334
0,0,0.44726428
0,1,0.8794633
0,0,0.009665103
0,1,0.6460413
0,0,0.47038156
0,0,0.10047325
1,0,0.36455402
0,1,0.89194745
0,0,0.32567376
0,0,0.42615837
0,1,0.7422211
1,1,0.5106835
0,0,0.030201286
0,0,0.24540545
1,1,0.6255481
0,0,0.0011964052
0,0,0.15982793
1,1,0.5483048
0,0,0.44609928
0,0,0.11474896
1,1,0.52159965
0,0,0.14698066
0,0,0.2102909
0,1,0.7216612
0,0,7.926107e-05
0,0,0.0430728
0,0,0.16015011
0,0,0.027095946
1,1,0.7366409
0,1,0.5633346
0,1,0.50111735
0,1,0.86353004
0,0,0.43346554
0,1,0.7725963
0,0,0.0036898595
0,0,0.05001159
0,0,0.0669072
0,0,0.08892249
0,0,0.10698677
0,1,0.85546297
0,0,0.14504467
0,1,0.64207745
0,0,0.0396788
0,0,0.07511749
0,0,0.31081757
0,0,0.06406285
0,1,0.5458059
1,0,0.05275969
0,0,0.07625394
0,0,0.31762144
0,1,0.64132684
0,0,0.36533278
0,1,0.5364715
0,0,0.017874746
1,1,0.83601344
0,0,0.07603076
0,0,0.00017775496
0,0,0.2787526
0,1,0.83587146
0,1,0.6026577
0,0,0.43628386
0,0,0.06307151
0,0,0.17192437
0,1,0.7785103
0,0,0.0060338625
1,1,0.8793985
0,0,0.19174457
0,1,0.8940618
1,0,0.14767183
0,1,0.5786852
0,0,0.32692024
0,1,0.58200514
0,1,0.71666497
0,0,0.007195985
0,1,0.8734124
0,1,0.96233666
0,0,0.4846365
1,1,0.91602993
0,0,0.010513409
0,1,0.83104235
0,0,0.27748746
0,0,0.007606518
0,0,0.2377299
0,1,0.64047885
0,0,0.0008386963
0,0,0.011565539
0,0,0.06049483
0,0,0.0013865622
0,1,0.766279
0,0,0.00393239
0,0,0.30763593
0,0,0.034091488
0,1,0.7933281
0,0,0.1595411
0,0,0.025749778
0,1,0.55593574
0,0,0.046315726
0,1,0.61924195
0,0,0.019992158
0,0,0.08401999
0,0,0.4419085
0,0,0.15617748
0,0,0.06844507
0,0,0.18459326
0,0,0.15846474
0,1,0.8035167
1,1,0.7606085
0,0,0.00995614
0,1,0.5270973
0,0,0.11881843
0,0,0.31750244
0,0,0.0012656635
0,1,0.67283154
0,0,0.40717512
0,0,0.04342355
0,0,0.15748024
0,1,0.74901396
0,1,0.5946451
0,1,0.9096693
0,0,0.054499578
0,1,0.7920041
1,1,0.81954056
0,0,0.05202697
0,0,0.035572942
0,0,0.09890187
0,1,0.5431377
0,0,0.10455065
0,1,0.67679626
0,0,0.008171561
0,0,0.029879382
0,0,0.018973656
0,1,0.68259895
0,0,0.41159463
0,0,5.4860437e-05
0,0,0.091744386
0,0,0.036930446
1,1,0.67399126
0,0,0.0036996943
0,0,0.00369229
0,0,0.01369863
0,0,0.2530833
0,0,0.24726745
0,0,0.07850084
0,0,0.103750005
0,0,7.731026e-05
0,0,0.0059513594
0,0,0.42351547
0,0,0.46498024
0,0,0.34582818
0,0,0.005933046
0,1,0.71088463
0,0,7.372445e-05
0,1,0.5015361
0,1,0.77053416
0,0,0.00023096628
0,0,5.3413136e-05
0,0,0.17270519
0,0,0.022623727
0,0,0.023416564
1,1,0.60672253
0,0,0.1107409
1,1,0.7205937
1,1,0.5310908
0,0,0.17976877
0,0,0.0037731652
0,0,0.024115924
1,0,0.21265869
0,0,0.158351
0,0,3.2069707e-05
0,1,0.8530768
1,0,0.4907645
0,0,0.11835265
0,1,0.74817497
1,1,0.8835214
0,0,0.25468564
0,1,0.5671647
0,0,0.16791569
0,0,0.25500745
0,1,0.76353747
0,0,0.007221063
0,0,0.36850175
0,0,0.019735454
0,0,0.24589369
0,0,0.026787935
0,0,0.0011964052
0,0,0.31465515
0,0,0.13853306
0,0,0.32754785
0,0,0.10430647
0,1,0.63770443
0,0,0.038300067
1,1,0.82579195
0,0,0.008507248
0,0,0.12555936
0,0,0.06386085
0,0,0.07377143
0,0,0.09403569
0,0,0.1099935
1,1,0.5861411
0,0,0.02062511
0,0,0.27483788
0,0,0.0074313753
0,0,0.047102302
0,0,0.016427206
0,0,0.00041875793
0,0,0.031865396
0,0,0.018867353
0,0,0.052267306
0,0,0.0041308203
0,0,0.005253558
0,0,0.22639105
0,0,0.23278084
0,0,0.0631329
0,0,0.0064607225
0,1,0.8646694
1,1,0.6507004
0,0,0.05060787
0,1,0.8547644
0,0,0.033686645
0,1,0.58806884
0,1,0.5282309
0,0,0.004098014
1,0,0.33932337
0,0,0.38009408
0,1,0.76740664
0,1,0.77626073
0,0,0.110168144
0,1,0.53258604
1,1,0.9390904
0,0,0.048222404
1,1,0.9362283
0,0,0.03916085
0,0,0.014130463
1,1,0.5377134
0,0,0.17299563
0,0,0.28526425
0,0,0.06765185
0,0,0.19269145
1,0,0.3394102
0,1,0.5620456
1,0,0.053628337
0,0,0.0031591451
0,0,0.10310905
0,0,0.31801957
0,0,0.0092407325
0,1,0.7412959
0,0,0.028428426
0,1,0.55263907
0,0,0.028066924
0,1,0.6928173
0,0,0.067026466
0,0,0.007857398
0,1,0.6306253
0,0,0.00013576978
0,0,0.39151996
0,0,0.060241397
0,0,3.3742985e-05
0,0,0.015706738
0,0,0.2923301
0,0,0.032775406
0,1,0.58334374
0,0,0.17637248
0,0,0.005864296
0,0,0.015642231
0,0,0.23387797
0,0,0.038481988
1,0,0.3523603
0,0,0.0008761382
0,0,0.11169187
0,0,0.0032742834
1,1,0.8011794
0,0,0.0051130354
1,1,0.87551063
0,0,0.0043367245
0,1,0.66274494
0,0,0.0013148091
1,1,0.7896124
0,0,0.18052165
0,1,0.6634777
0,1,0.8249908
0,0,0.020295177
0,0,0.13995516
0,0,0.2003038
0,1,0.93213177
0,0,0.07598544
0,0,0.18437545
1,1,0.8603628
0,0,0.13251178
0,0,0.13343742
0,0,0.003263622
0,0,0.30830246
0,1,0.90972096
0,0,0.009797986
0,0,0.119919844
0,0,0.45683315
0,0,0.45167202
0,0,0.43607312
0,1,0.9401909
0,1,0.62619853
0,0,0.026941085
0,0,0.05417468
0,1,0.54044896
0,0,0.18158044
0,1,0.71120805
1,1,0.69993216
0,1,0.8827821
0,0,0.27649733
0,0,0.07811881
0,0,0.22429995
0,0,0.1782318
0,0,0.14617968
0,0,0.34392735
0,0,0.29249936
0,1,0.6597155
0,1,0.8326837
0,0,0.001640807
0,0,0.064755805
0,0,0.004192273
0,1,0.93772244
0,0,0.1799003
0,0,0.08856946
0,1,0.521464
0,0,0.22002025
0,0,0.41241732
0,0,0.41980663
0,0,0.25398257
0,0,0.091189474
0,0,0.02563584
0,0,0.0007925452
0,0,0.104788244
0,0,0.35327163
0,0,0.02202946
0,0,0.012881986
0,0,0.16528694
0,0,0.002657267
0,0,3.3742985e-05
0,0,0.1293658
0,0,0.01816449
0,1,0.78017217
1,1,0.6226435
0,0,0.46998826
0,0,0.0026008242
0,0,0.065243974
0,1,0.8146863
1,1,0.9154424
0,0,0.46409386
0,0,0.3120977
0,1,0.8268335
0,0,0.16398987
0,0,0.34474134
0,0,0.23775735
1,1,0.5841895
0,1,0.6932743
0,0,0.07400643
1,1,0.78138494
0,0,0.31955048
1,1,0.9353974
0,0,0.0947786
0,0,0.00018166822
0,1,0.6958831
0,1,0.714839
0,0,0.01488624
0,0,0.08305261
1,1,0.74379885
0,0,0.33524495
0,0,0.09519658
0,0,0.060711302
1,1,0.79236394
0,0,0.30787727
0,0,0.02883094
0,0,0.23733023
0,0,0.37655523
0,1,0.56555647
0,0,0.08024367
1,1,0.94050694
0,1,0.7007793
0,0,0.03886366
0,0,0.018384395
0,0,0.02235354
0,0,0.018735964
0,0,0.13297287
0,0,0.4165094
0,0,0.12865537
0,1,0.7900007
0,0,0.49121246
0,0,0.03461719
0,0,0.05559118
0,1,0.8925993
0,0,0.007428397
0,0,0.004632859
0,0,0.40095794
0,0,0.23357472
0,0,0.06538019
0,1,0.6187348
1,1,0.6267868
1,0,0.20736703
0,0,0.04293365
0,0,0.39783934
0,0,0.0024374272
0,1,0.7778883
0,1,0.8046858
0,1,0.7199466
1,1,0.9347927
0,0,0.0005727925
0,1,0.59637576
0,1,0.6987935
0,1,0.6859292
0,0,0.017992135
0,0,0.10561634
0,0,0.05356852
0,0,0.009258228
0,0,0.03694445
0,0,0.0075654457
0,0,0.13285723
0,0,0.119280115
0,0,0.29479244
0,0,0.003871676
0,0,0.47544828
0,1,0.67184955
0,1,0.65256155
0,0,0.2768114
0,0,0.14362022
0,0,0.1065541
0,0,0.051609058
0,1,0.9492823
0,1,0.8226679
1,1,0.6090228
0,1,0.60130125
0,0,0.4598881
0,1,0.94675326
0,1,0.7608212
0,0,0.11475206
1,1,0.92940646
0,0,0.16876535
0,0,0.019391606
0,1,0.73721504
0,0,0.32323408
0,0,0.4339421
0,0,0.0008863841
0,0,0.008078917
0,1,0.62521935
0,0,0.29157555
0,0,0.33990538
0,0,0.1710862
0,0,0.17400181
0,0,0.20493409
0,0,0.019456884
0,0,0.45599183
1,1,0.79779416
0,0,0.0012747645
0,1,0.5165305
0,1,0.62607235
0,1,0.6114159
0,1,0.6575347
0,0,0.07851245
0,0,0.18269128
0,0,0.4342028
0,0,0.03654059
0,0,0.0064356355
0,0,0.1369051
0,0,0.009475728
1,0,0.2992978
0,1,0.8615512
0,0,0.1511219
0,0,0.3580306
0,0,0.4111203
0,1,0.62536657
0,0,0.02334212
0,0,0.020536553
1,1,0.7103235
0,1,0.62693375
0,0,0.17282861
0,0,0.17189276
0,0,0.0011886904
0,1,0.8970891
0,0,0.021578355
0,0,0.37634614
0,0,0.00015335769
1,1,0.6654501
1,1,0.69542587
0,0,0.07019055
0,0,0.41066074
0,0,0.0070520025
0,1,0.6519012
0,0,0.4238862
0,0,0.0006901454
1,1,0.78051835
0,0,0.24996209
0,1,0.7595963
0,0,0.06001608
0,0,0.013072956
0,0,0.12215172
1,1,0.71881884
1,0,0.48307544
0,1,0.68261135
1,1,0.8537457
0,0,0.3523528
0,1,0.9584662
0,0,0.0031743846
0,0,0.07299882
0,0,0.013157987
0,0,0.27967563
0,1,0.5166541
0,1,0.57800496
0,1,0.9293766
0,0,0.017498912
0,1,0.8851718
0,0,0.07150335
0,0,0.07152527
0,0,0.010161544
0,0,0.48722106
0,1,0.75664747
0,0,0.00020938578
0,1,0.6360768
0,0,0.23690085
0,0,0.09138521
0,0,0.17553367
0,0,0.14205171
0,1,0.5033223
0,0,0.2955292
0,0,0.41118282
0,0,0.00071459095
0,0,7.618373e-05
0,0,0.000117469615
0,1,0.79433155
0,0,0.27789253
0,0,0.09283228
0,0,0.023611736
0,0,0.012996411
0,1,0.7081835
0,0,0.28644454
0,1,0.51206493
0,0,0.22614402
0,0,0.018538438
0,0,0.005776978
1,1,0.9191724
0,0,0.020838818
0,0,0.016563473
0,1,0.53058505
0,1,0.7074617
0,0,0.009291559
0,0,0.0068592415
0,0,0.3714832
0,0,0.009475728
0,0,0.0060314205
0,0,0.06723212
0,0,0.15820776
0,0,0.092295855
0,0,0.02350386
0,1,0.6641386
0,0,0.008326686
0,0,0.003929363
0,1,0.630374
0,0,0.49701247
0,0,0.013797356
0,0,0.064736284
0,0,0.1352946
0,1,0.91811895
0,0,0.020480871
0,0,0.006089176
1,1,0.5039983
0,1,0.6383746
0,0,0.20816883
0,1,0.93592536
0,0,0.0195066
0,0,0.085833095
0,0,0.023925623
0,0,0.29148114
0,0,0.008955641
0,0,0.15136443
0,0,0.08623412
0,0,0.014858546
0,1,0.7556225
0,1,0.8477493
0,0,0.027268874
0,0,0.027682427
0,0,0.015967863
1,1,0.8499575
0,0,0.36476922
0,0,0.059817314
0,1,0.5461701
0,1,0.8890966
0,0,0.11457434
0,0,0.0020810915
0,0,0.043686636
1,0,0.2367729
0,1,0.77298754
0,1,0.794028
0,0,0.1698901
0,0,0.19144905
0,0,0.05209764
0,0,0.19617
0,0,0.44929796
0,1,0.74330235
0,0,0.093479775
0,0,0.4922476
0,0,0.4214704
1,0,0.30485925
0,0,0.19805269
0,0,0.33740306
0,0,0.01363341
0,0,0.14888579
0,1,0.5966778
0,1,0.8681423
0,1,0.57811314
0,0,0.35798335
1,1,0.66560954
1,1,0.71976477
0,0,0.0002639133
0,0,0.119300716
0,0,0.085315846
0,0,0.123529695
0,0,0.08491545
0,0,0.4993691
1,1,0.7533732
0,1,0.6105878
1,1,0.6831107
1,0,0.3249459
0,0,0.10145511
0,1,0.60687643
1,1,0.7331884
0,0,0.2936521
0,0,0.080362454
0,0,0.023161987
0,0,0.41383207
0,1,0.6469826
0,1,0.5204937
0,0,0.0031882145
0,0,0.19871624
0,0,0.36453816
0,0,0.1524833
0,0,0.20088752
0,0,0.0073975986
0,0,0.20102543
0,0,0.00028383193
0,0,0.35974
0,0,0.053979974
0,0,0.097374834
0,1,0.720489
0,1,0.6802481
0,0,0.14060952
0,0,0.021051085
0,0,0.030134344
0,1,0.9098557
0,1,0.767983
0,1,0.6559524
0,0,0.21648388
0,0,0.0021002835
0,1,0.616556
0,0,0.013864665
0,0,0.18194784
1,1,0.8412844
0,1,0.5201851
0,0,0.0031019065
0,0,0.0058563976
1,1,0.7755454
0,0,0.26625374
0,0,0.02293443
0,0,0.017430263
0,0,0.004709481
0,1,0.69417864
0,0,0.0059125065
0,0,0.111324795
1,1,0.7310425
0,0,0.052053917
0,1,0.6839804
0,1,0.6123604
0,0,0.16135052
0,0,0.1989033
0,1,0.70377743
0,0,0.16584253
0,0,0.022567201
0,0,0.27310067
0,0,0.38995397
0,0,0.04103503
0,0,0.0001593764
0,0,0.14437166
0,0,0.10383567
0,0,0.40118822
0,0,0.050709702
0,0,0.10997017
0,1,0.8050075
0,0,0.0036938426
1,1,0.56176466
0,1,0.5020157
0,0,0.10027443
0,0,0.12666766
0,1,0.5294801
0,0,0.025087701
0,0,0.0011983624
0,0,0.008645101
0,1,0.7371888
0,0,0.06911721
0,0,0.4315038
0,0,0.17271943
0,0,0.10132945
0,0,0.26516205
0,1,0.7251503
0,0,0.027053764
0,1,0.6820755
0,1,0.5786225
0,0,0.021900972
0,0,0.027877532
0,1,0.6072075
0,0,0.019320892
0,0,0.069776975
0,0,0.053564977
0,0,0.3682868
0,0,0.34223825
0,0,0.108530454
0,0,0.49982232
0,0,0.021424107
0,0,0.17171288
0,1,0.9085668
0,1,0.5774578
0,0,0.0007976043
0,0,0.33996066
0,0,9.043764e-05
0,0,0.10862537
0,0,0.0049115685
0,1,0.700674
0,0,6.0018163e-05
0,1,0.64323956
0,0,0.024259167
0,0,0.20180416
0,1,0.54076767
0,0,0.0001023503
0,0,0.10569884
0,1,0.845701
0,0,0.0074526216
0,0,0.2947982
0,1,0.9421204
0,1,0.82908195
0,0,0.14475046
1,0,0.28426376
0,0,0.16180433
0,0,0.32713997
0,0,0.21982826
0,0,0.094774894
0,1,0.9054313
0,0,0.06365
0,0,0.00015335769
0,0,0.00046487615
1,1,0.616971
0,0,0.29636216
1,1,0.5174772
0,0,0.009583583
0,0,0.10655323
0,0,0.027667152
0,0,0.013688808
0,0,0.0003106952
0,0,0.029047977
0,1,0.64536285
0,1,0.5016554
0,0,0.040517513
0,1,0.5507211
0,0,0.31745657
0,0,0.0002932607
0,0,0.0038482263
0,0,0.006703565
0,0,3.2248412e-05
0,0,0.15439105
0,0,0.029095585
0,0,0.40814924
0,0,0.24312502
0,0,0.47315624
0,1,0.5543774
0,0,0.07550022
0,0,0.38675058
0,0,0.28874576
0,0,0.007120586
0,0,0.48691446
0,0,0.19606702
0,1,0.62663615
0,0,0.021500852
0,1,0.59758717
0,0,0.4030025
0,0,0.012881986
0,0,0.07887109
0,0,0.0312546
0,0,0.23162764
0,0,0.0031707035
0,0,0.22668748
0,0,0.024058782
0,0,0.21555342
0,0,0.024526168
0,0,0.0027988395
0,0,0.0008244998
0,0,0.3329283
0,0,0.0071449736
0,0,0.18551171
0,0,0.20470712
0,0,0.011560889
0,0,6.424788e-05
1,1,0.9122569
0,0,0.14303125
0,0,0.40191087
0,0,0.00015234866
0,0,0.0072297375
0,1,0.65030164
0,0,0.10561311
0,0,3.0327708e-05
0,0,0.002277531
0,0,0.45307982
1,1,0.7186439
0,0,0.13132624
0,0,0.011724312
0,0,0.0033180807
0,1,0.53357506
0,1,0.6675352
0,0,0.097959995
0,0,0.2832211
0,0,0.2663441
0,0,0.006681334
0,1,0.6988698
0,1,0.8848192
0,0,0.06891345
0,0,0.00023482867
0,1,0.7110954
0,0,0.035848536
0,0,0.041224252
1,0,0.45819727
0,1,0.53967834
0,1,0.6842867
0,0,0.48746988
0,1,0.6760938
0,1,0.6204177
0,0,0.09866801
0,0,0.005528305
0,0,0.38309023
0,0,0.0213485
0,0,0.019146608
0,0,0.00012685117
0,0,0.014632264
0,1,0.73116016
0,0,0.0020147583
0,0,0.0086528575
0,1,0.5033147
0,0,0.018809173
0,0,7.168881e-05
1,0,0.3203314
0,1,0.697449
0,0,0.23595925
0,1,0.5501018
0,0,0.023302637
0,0,0.13983004
0,0,0.38365078
0,1,0.8563095
0,0,0.044727165
0,0,0.41300714
1,1,0.70006436
0,0,0.23159102
0,0,0.041424926
1,1,0.75494576
0,0,0.25155115
0,1,0.6850516
0,0,0.24683617
0,0,0.24574278
0,0,0.32612082
0,1,0.66186285
0,1,0.5975554
1,0,0.22002025
0,0,0.29789484
0,0,0.4699572
0,0,0.005018109
0,0,0.36703318
0,0,0.00497003
1,1,0.63919663
0,0,0.003212657
0,0,0.02308229
0,0,0.10791019
0,0,0.056951474
0,1,0.6580703
0,1,0.50074506
0,1,0.89170665
0,1,0.7620756
0,0,0.015469928
0,0,0.07131422
0,0,0.0013612716
0,0,0.47009262
0,0,0.18435363
0,1,0.7013647
0,0,0.0016661247
0,0,0.39551696
0,0,0.40318233
0,1,0.6162716
0,0,0.40532815
0,0,0.08340634
0,1,0.74063665
0,1,0.59193903
0,1,0.62610936
0,0,0.40281987
0,0,0.13697833
0,1,0.7152497
1,1,0.8441894
0,0,0.17183581
0,0,0.089902885
0,0,0.01406899
0,0,0.49659982
0,0,0.00077701086
0,0,0.025436945
0,1,0.5653121
0,1,0.88519144
1,0,0.09570898
0,0,0.27918878
0,1,0.5242776
0,1,0.7033432
0,0,0.008208191
0,1,0.66405916
0,0,0.024140716
0,0,0.0010963508
0,0,0.13713692
0,0,0.074930176
1,0,0.023241773
1,0,0.4814297
0,0,0.005574448
0,0,0.017674582
0,0,0.057393994
0,0,0.065480255
0,0,0.002782638
1,0,0.09563835
0,0,0.07962555
0,0,0.20199358
0,0,0.35863423
0,0,0.16393872
0,1,0.7819525
0,0,0.13798077
0,1,0.8401602
0,0,0.39919883
0,0,0.35291973
0,1,0.85960495
0,0,0.16686612
0,0,0.061388686
0,0,0.13786884
0,0,0.2334469
0,1,0.56356066
0,0,0.033975698
0,0,0.066166535
0,1,0.78861564
0,0,0.13005482
0,0,0.0030446087
0,0,0.0011175404
0,0,0.03330572
1,1,0.8301844
0,1,0.8979295
0,0,0.051654294
0,0,0.045507867
0,0,0.007811268
0,0,0.11801901
0,0,0.15395294
1,1,0.7784263
0,0,0.34236965
0,0,0.108297855
0,1,0.8328397
1,1,0.55467784
0,0,0.108612046
1,1,0.63562346
0,0,0.0087809805
0,1,0.6113759
0,0,0.05197427
0,1,0.7978641
0,1,0.55436504
0,0,0.00028201123
0,1,0.6292293
0,1,0.72164017
0,0,0.16906595
0,0,0.11611032
0,0,0.4111197
0,1,0.5800075
0,0,0.023263406
0,0,0.11575608
0,1,0.65044475
0,0,0.0046097804
0,1,0.59129417
0,0,4.7517646e-05
0,1,0.615702
0,0,0.32639396
0,1,0.82703125
0,0,0.055940438
0,0,0.112564676
0,0,0.06229489
1,1,0.53644556
0,1,0.6544483
0,0,0.067621455
1,0,0.15050818
0,0,0.18667188
1,1,0.5681956
0,1,0.9480393
0,0,0.017098632
0,0,0.0058771195
0,0,0.44422033
0,0,3.2069707e-05
0,0,0.15611453
0,0,0.19203709
0,1,0.56814617
0,0,0.2935459
0,1,0.8464382
0,0,0.15855338
0,0,0.4985402
0,1,0.63469005
0,0,0.09197393
0,1,0.66045684
0,0,0.05088986
0,0,0.0766807
0,0,0.25621197
0,0,0.015654763
0,0,0.0005918262
0,0,0.005124079
0,0,0.3783308
1,1,0.843685
0,0,0.07811926
0,0,0.16800715
0,0,0.2627479
0,0,0.0027184181
0,1,0.5546613
0,1,0.75043124
0,1,0.5305955
0,0,0.4731777
0,0,0.056217127
0,0,0.065020986
0,0,0.36091787
0,1,0.90480703
0,0,0.0005302638
0,0,0.12010452
0,0,0.24262433
0,0,0.33412212
1,1,0.74481726
1,1,0.8957443
0,0,0.024550559
0,0,0.019834463
0,0,0.08984694
1,0,0.4934509
0,1,0.90615076
0,1,0.5699162
0,0,0.0010963508
0,0,0.13445017
0,1,0.57692313
0,0,0.0017012552
1,1,0.897071
0,1,0.9083331
0,0,0.4076124
1,0,0.25708464
0,0,0.024920033
0,0,0.0062477575
0,0,0.00482585
0,1,0.742672
0,0,0.020253649
0,0,0.00028453558
0,0,0.029100442
1,0,0.038868353
0,1,0.8453299
0,0,0.006192967
0,0,0.076986976
0,1,0.9121462
0,1,0.5997391
0,0,0.19150034
0,0,0.029951353
0,0,0.036335543
0,1,0.5417193
0,0,0.029966472
0,0,0.008401938
0,0,0.15998733
0,0,0.0024633328
0,0,0.039482757
0,1,0.95453954
0,0,0.0059255105
0,0,0.011256119
0,0,0.012158723
0,0,0.038717866
0,1,0.79070663
0,0,0.33038923
0,0,0.4419211
0,0,0.16574368
0,1,0.74694556
0,1,0.5306707
0,0,0.26801503
1,1,0.9056738
0,0,0.02053051
0,0,0.018290104
0,0,0.02199328
0,0,0.27871656
1,0,0.13036144
0,0,0.39629096
0,1,0.8307413
0,0,0.017070966
1,1,0.93357444
1,1,0.83502364
0,0,0.37651575
0,1,0.5067728
0,0,0.028628094
0,0,0.49519312
0,0,0.27093694
0,0,0.020618968
1,0,0.28696874
0,1,0.62675613
0,0,0.2818432
0,0,0.16051467
0,0,0.03285251
0,0,0.35250014
0,1,0.61674005
1,1,0.8224562
0,0,0.4239331
0,0,0.23718609
0,0,0.3504678
0,0,0.2220594
0,0,0.20475897
1,1,0.8197615
0,0,0.053466436
0,1,0.54757524
0,0,0.00025138757
0,1,0.67199093
0,0,0.28694966
0,1,0.6430996
0,0,0.07684603
0,0,0.15644507
0,0,0.17177665
0,1,0.6883778
0,1,0.8264173
0,1,0.7009113
1,1,0.6112524
0,1,0.66710854
1,1,0.8918937
1,1,0.7175662
1,1,0.9486003
0,0,0.07574732
0,0,0.13180265
0,0,0.24189124
1,1,0.9016845
0,0,0.0072382614
0,0,0.14753754
0,1,0.7632246
0,1,0.6929652
0,1,0.8036224
0,0,0.040206242
1,1,0.6316058
0,0,0.039689194
0,1,0.820507
1,0,0.18947491
0,0,0.15216939
0,0,0.42015988
0,0,0.0053504272
0,0,0.029055223
0,0,0.09659397
0,0,0.00025138757
0,0,0.30734688
0,0,0.034257226
0,1,0.7290269
0,0,0.2597627
0,0,0.04136995
1,1,0.79532367
0,0,0.15610823
1,0,0.3945973
0,0,0.19045123
0,0,0.26527196
0,0,0.31758422
0,0,0.11617353
0,0,0.18587771
0,0,0.002686154
0,0,0.030914156
0,0,0.06027553
1,1,0.53420377
0,0,0.09496994
0,1,0.61751646
0,1,0.65935445
0,0,0.049437795
1,1,0.95957845
0,0,0.13757055
0,1,0.5098841
0,0,0.0115742255
0,0,0.1734522
0,1,0.72584593
0,1,0.85652053
1,1,0.54873276
0,0,0.0026096671
0,1,0.8726012
0,0,0.14744064
0,0,0.0019615411
0,1,0.67284465
1,1,0.89865756
0,0,0.42108518
0,0,0.0004887343
0,0,0.00018166822
0,1,0.5589957
0,0,0.00067221985
0,0,0.48230836
0,0,0.34463644
0,0,0.06746038
0,0,0.10968391
0,0,0.3882466
0,0,0.20158863
0,0,0.16622515
0,0,0.027793083
0,0,0.07152815
0,0,0.042025685
0,1,0.54077756
0,1,0.5341859
0,1,0.70065093
0,0,0.49184313
1,0,0.36897057
1,1,0.87885326
0,0,0.12694085
0,1,0.84205943
0,0,0.00022473498
0,0,0.383228
0,0,0.2794409
0,1,0.96760297
0,0,0.3410949
0,0,0.15340212
0,1,0.8249018
0,1,0.81850624
1,1,0.83955026
0,0,0.38803446
0,0,0.2768076
0,1,0.68894446
0,0,9.685045e-05
0,0,0.000103649516
0,0,0.004716001
0,0,0.014338385
0,0,0.11797662
0,0,0.01307124
0,1,0.82214695
0,0,0.060055107
0,1,0.62711525
1,0,0.07267381
0,1,0.65977204
0,0,0.01932248
0,1,0.6825539
0,0,0.06253074
0,1,0.7117596
0,0,0.1584266
0,0,0.2326282
0,0,0.022414975
0,0,0.000531164
0,0,0.44443148
1,1,0.76047516
0,1,0.71368235
1,1,0.8508989
0,1,0.7693175
0,0,0.2011155
0,0,0.03449241
0,0,0.44977483
0,0,0.06557247
1,1,0.8105831
0,0,0.064834036
0,1,0.6438979
0,0,0.1511769
0,1,0.9101713
0,1,0.51139176
0,0,0.018437507
0,1,0.75101393
0,0,0.022683503
0,0,0.007094513
0,0,0.060842473
0,1,0.6945127
1,1,0.7523709
0,0,0.040080763
0,0,0.061712306
0,0,0.4919351
0,0,0.0109992195
0,1,0.5477397
0,1,0.68111324
0,0,0.0059890584
0,0,0.0027217811
1,0,0.3368098
0,1,0.71982825
0,0,0.06221696
1,1,0.62358344
0,0,0.3460186
0,0,0.056800988
0,0,0.112941146
0,0,0.042581707
0,0,4.9967726e-05
0,0,0.000563627
0,1,0.70959115
0,0,0.06413969
0,0,0.23113045
0,0,0.0062483167
0,0,0.35415414
0,0,0.46387428
1,1,0.64973664
0,1,0.8310795
0,0,0.028814321
0,0,0.3123762
0,1,0.7125538
0,0,0.15412036
0,0,0.17826912
0,0,0.0727522
0,0,0.08571814
0,0,0.277526
0,0,0.05060787
0,0,0.04008524
0,0,0.0072423914
0,0,0.1044143
0,0,0.11961558
0,0,0.16339001
1,1,0.8896509
0,0,0.0063527017
0,1,0.60605574
0,0,0.43870443
0,0,0.004781978
0,0,0.30559927
0,1,0.55950516
0,1,0.582727
0,0,0.45024565
0,0,0.079612
1,1,0.5680863
0,1,0.7681019
1,1,0.53960705
0,1,0.6839857
0,0,0.017584048
1,1,0.5918299
0,1,0.5317525
0,1,0.5519109
0,0,0.100884594
0,0,0.05335526
0,1,0.784062
0,0,0.18674366
0,0,0.15852839
0,1,0.50423276
0,1,0.8456296
0,0,0.00018266418
0,0,0.0014003388
1,1,0.75474936
0,1,0.89274627
0,1,0.5864776
0,0,0.09713651
0,0,0.006128907
1,0,0.48820093
0,0,0.085104704
0,0,8.837486e-05
0,1,0.55022556
0,0,4.872485e-05
0,0,0.35196504
0,1,0.54677117
0,0,0.004358267
0,0,0.005206386
0,0,0.10520533
0,0,0.105113454
1,0,0.012881986
1,1,0.50831234
0,0,8.7266344e-05
0,1,0.8917521
0,0,0.3048303
0,0,0.24125169
0,0,0.40350953
0,1,0.7872195
0,0,0.004835852
0,0,0.29268768
0,1,0.5299128
0,0,0.41849914
0,0,0.46736255
0,1,0.6375588
0,0,0.19043115
0,0,0.24803801
0,0,0.19966532
1,1,0.7030394
0,0,0.055761635
0,0,0.037264302
0,0,0.3568988
0,0,0.22337744
0,0,0.22093056
0,0,0.48544365
0,0,0.48060498
0,0,0.041610334
0,0,0.29454872
0,0,0.0068969047
0,0,0.028373677
0,0,0.007326613
0,0,0.012868175
0,0,0.45839968
0,0,0.07864698
1,0,0.43982574
0,0,0.43261585
0,0,0.15046418
0,0,0.010008363
0,0,0.0073591485
0,0,0.39999238
0,1,0.8839605
0,0,0.012061261
0,0,0.2765583
0,1,0.75452834
0,0,0.04768237
0,0,0.3346796
1,1,0.7003389
0,1,0.72180235
0,0,0.15418553
0,1,0.78183115
0,0,0.08503953
0,1,0.62001294
0,0,0.0003949774
0,1,0.7237635
0,0,0.13104522
0,0,0.3893031
0,0,0.106340796
0,0,0.0023704648
0,0,0.36816403
0,0,0.14881246
0,0,0.06744066
1,1,0.8821915
0,0,0.01870255
0,0,0.025188984
0,0,0.022572288
0,0,0.01983336
0,0,0.20060559
0,0,0.0502242
0,0,0.09274195
0,0,0.057626907
0,0,0.10025658
0,0,0.47154796
0,0,0.00010561895
0,0,0.2460819
0,0,0.24448657
0,0,0.012572808
0,0,0.05943439
0,1,0.9184418
0,0,0.08186433
0,0,0.49172872
0,0,0.032966
0,0,0.0783829
0,0,0.03894662
0,1,0.71897674
0,0,0.029908122
1,1,0.6657612
0,0,0.13661931
0,0,0.060245067
0,0,0.26271197
0,0,0.024776341
0,0,0.29139537
0,0,0.009947284
0,0,0.0096061
0,0,0.028195728
0,1,0.54696715
0,0,0.08035152
0,0,0.00054142455
1,1,0.75073457
0,1,0.7343182
0,0,0.34956172
0,1,0.75888443
0,0,0.044954482
1,1,0.900328
0,0,0.3774489
0,0,0.0029224935
0,0,0.047109865
0,0,0.48201305
1,1,0.8683316
0,1,0.57916695
0,0,0.008354873
1,1,0.81578207
0,1,0.501051
1,1,0.5521438
0,0,0.21364157
0,1,0.76531553
0,1,0.80565554
0,0,0.19350484
0,0,0.21602169
0,0,0.24055244
0,0,0.03341626
0,0,0.033386923
0,0,0.068401545
0,0,0.45553422
0,0,0.11125114
0,1,0.66072446
1,0,0.3658166
0,0,0.026693346
0,0,0.10388962
1,1,0.7796799
0,1,0.8647209
0,0,0.03084616
0,0,0.111179866
0,0,0.094025634
0,0,0.00011335224
1,1,0.82264036
0,0,0.20680308
0,0,0.21806015
0,1,0.81074685
0,0,0.030870877
0,0,0.024281554
0,0,0.008270925
1,0,0.16201195
0,1,0.68580323
1,1,0.86205065
0,0,0.00011998787
0,1,0.71523196
0,1,0.7328571
0,0,0.1711696
0,0,0.434731
0,1,0.9299946
0,1,0.8415775
0,0,0.066517256
0,0,0.17558908
0,1,0.73129606
0,0,0.048565105
0,0,0.008011963
0,0,0.2863788
0,0,0.0063900887
0,1,0.7239995
0,0,0.12678826
0,1,0.6742643
0,0,0.000166337
0,0,0.101203896
0,0,0.34138203
0,0,0.00019118816
0,1,0.82775414
0,0,0.021150025
0,1,0.6357548
0,0,0.16597107
0,0,0.17807508
0,0,0.30658516
0,1,0.58088297
0,0,0.25907633
0,1,0.86981285
0,0,0.03225003
0,0,0.2676733
0,0,0.03833397
0,1,0.701945
0,1,0.51913065
0,0,0.3163489
0,0,0.011576211
0,0,0.031161048
0,0,0.29740217
0,0,0.36631417
0,0,0.08708259
0,0,0.0015246638
0,0,0.06579307
0,0,0.41677785
0,1,0.6817314
0,0,0.033749685
1,0,0.42665833
0,0,0.00010782178
0,0,0.041159503
0,1,0.8939816
0,0,0.12657568
0,0,0.00030765682
0,1,0.8863267
0,1,0.78450084
1,1,0.8542837
0,0,0.002782209
0,0,0.17043342
0,0,0.20686015
0,1,0.57712203
0,0,3.0327708e-05
0,1,0.77656645
1,1,0.7345999
0,1,0.89997745
0,0,0.001439958
0,0,0.0596107
0,0,0.006679908
0,0,0.36871648
0,1,0.6859841
0,0,0.018324023
0,0,0.051977947
0,0,0.25160018
0,0,0.0632283
0,1,0.59075165
1,1,0.83895755
0,0,0.023293855
1,1,0.8046486
0,0,0.02673272
1,1,0.8616285
0,0,0.49309534
0,0,0.098449446
0,0,0.036992967
0,0,0.007819831
0,0,0.12800692
0,0,0.04607645
0,0,0.000103649516
0,0,0.43102708
0,0,0.20481564
0,0,0.0002639133
0,0,0.48714888
1,0,0.49577522
0,0,0.0063073733
0,0,0.4145622
1,0,0.1317429
1,1,0.88873726
0,0,0.07921653
0,0,0.10475805
0,0,0.30303237
0,1,0.87054807
0,0,0.2878553
0,0,0.1229199
0,1,0.58350295
0,0,0.4381696
0,1,0.58038145
0,0,0.13088241
0,1,0.62137306
1,0,0.4061599
0,0,0.03843221
0,0,0.007857398
0,0,0.037070584
1,0,0.26864552
0,1,0.50851554
1,0,0.26863986
0,0,0.05373954
0,0,0.020338034
0,0,3.0327708e-05
0,0,0.3700194
0,0,0.44970548
0,0,0.05221212
1,1,0.5083899
0,0,0.021951202
0,0,0.1010076
0,0,0.1195224
0,0,0.45732832
0,0,0.36439773
0,0,0.00016516526
0,1,0.8386575
0,1,0.7455404
0,0,0.021217603
1,1,0.75955373
0,0,0.48591605
0,0,0.30411938
0,0,0.0038214726
0,1,0.6681927
0,0,0.008334131
0,0,0.105553836
0,1,0.6822592
0,0,0.43467885
0,0,0.04058317
0,0,0.3306788
0,0,0.42129254
0,0,0.4254782
0,0,0.03678821
0,0,0.35703677
0,0,0.33167186
0,0,0.49152026
0,1,0.6687645
1,1,0.87049454
0,0,0.4181503
0,0,0.0140997
0,0,0.00019758572
0,1,0.7450497
0,0,0.14583564
0,0,0.0026218162
0,0,0.34486058
0,0,0.032275535
0,1,0.70617
0,0,0.17119521
0,1,0.58754635
0,0,0.010935145
0,0,0.07158744
1,0,0.2702592
0,1,0.55075884
0,0,0.00015740024
0,0,0.09061131
0,1,0.6557704
0,0,0.0070148143
0,0,0.027576763
0,0,0.22524266
0,0,0.4052918
0,1,0.85611206
0,0,0.04075848
0,0,0.04097483
0,0,0.050235417
0,0,0.072181664
0,0,0.32890788
0,0,0.0021366766
0,0,0.06567084
1,1,0.8796306
0,0,0.011375112
0,0,0.3335396
0,0,0.07350568
0,0,0.35506272
0,0,0.20273292
0,0,0.056283917
0,1,0.5876864
0,1,0.751585
0,0,0.17809604
0,0,0.16679989
0,0,0.44109342
0,1,0.7659983
0,0,0.35455966
0,1,0.8729373
0,0,0.014599643
0,0,0.40444162
0,1,0.9342491
0,0,0.29950827
0,0,0.049305946
0,0,0.06647957
0,0,0.2901261
0,0,0.084773414
0,0,0.040885925
0,0,0.032225985
0,0,0.028800474
0,0,0.45886388
1,1,0.78876895
0,0,0.41133997
1,1,0.90339744
0,0,0.083749205
0,0,0.030142428
0,0,0.19367017
0,0,0.47828662
1,1,0.89933103
0,0,0.08597827
0,0,0.28499198
1,1,0.75710005
0,0,0.012564002
0,0,0.08315387
0,0,0.33248186
0,0,0.17355753
0,0,0.48621878
0,0,6.0018163e-05
0,1,0.5977867
0,0,0.24050906
0,0,0.20755875
0,1,0.6552533
1,1,0.83106333
0,0,0.04794427
0,0,0.03723369
0,1,0.54724
0,0,0.40721422
0,1,0.7600255
1,1,0.57571924
0,1,0.9283009
0,1,0.6610037
0,0,0.015644692
0,0,0.2813132
0,0,0.08900147
0,0,0.06067599
0,0,0.035226457
0,0,0.45648402
0,1,0.64584094
0,0,0.46956608
0,1,0.9029424
1,1,0.8287161
0,0,0.1267395
1,1,0.6469047
0,0,0.37513855
0,0,0.0015801536
0,0,0.03096746
0,0,0.0059890584
0,0,0.32217953
1,1,0.5274777
1,1,0.75137013
0,0,0.0067658788
0,0,0.062075183
