Actual,Predicted,Probability
0,1,0.5003828
1,1,0.50050366
0,1,0.7038438
0,0,0.49596715
0,0,0.41210175
0,1,0.8083147
1,1,0.5362403
0,0,0.433615
0,1,0.5594854
0,1,0.749193
0,1,0.54778105
0,1,0.5121317
0,1,0.7679483
0,0,0.47136375
0,0,0.433615
0,0,0.44914907
1,1,0.86340576
0,1,0.8561485
1,1,0.8510195
0,0,0.40655962
0,0,0.41644484
0,1,0.75055784
0,1,0.7694424
0,1,0.7198511
0,0,0.40655962
0,0,0.41210175
0,1,0.85837466
1,1,0.8609282
0,1,0.8624482
1,1,0.86340576
0,1,0.6631012
1,1,0.8630521
0,1,0.83441585
1,1,0.7281166
1,1,0.650219
0,1,0.5840593
0,1,0.5519117
0,0,0.4570243
0,1,0.86340576
0,0,0.4706898
1,1,0.53527266
0,0,0.41020137
0,1,0.54720014
0,0,0.39700365
1,1,0.71566564
0,1,0.5559797
0,1,0.7289207
0,1,0.5759058
1,1,0.7805137
0,0,0.39700365
0,1,0.83798677
0,0,0.4570243
0,1,0.6201469
0,0,0.39700365
0,0,0.3993632
0,0,0.39700365
0,0,0.46062425
0,0,0.405843
0,0,0.39700365
0,0,0.42426407
0,0,0.4434041
0,1,0.77096516
0,0,0.4025039
0,1,0.7756006
0,0,0.39700365
0,1,0.8551462
0,1,0.5928778
1,1,0.86008584
1,1,0.81128913
0,0,0.39700365
0,0,0.40655962
0,1,0.84891623
0,0,0.4025039
0,1,0.5009732
0,1,0.5498845
0,1,0.8592576
0,0,0.39700365
1,1,0.8556154
1,1,0.8585204
0,0,0.4208594
0,1,0.6951621
0,1,0.5131038
0,1,0.52123016
1,1,0.7544146
0,0,0.4769063
1,1,0.8484524
1,1,0.85297483
0,0,0.45578718
1,1,0.85399157
0,1,0.5490145
0,0,0.41210175
1,1,0.86340576
1,1,0.62762696
0,0,0.45578718
0,0,0.41210175
0,0,0.45632958
1,1,0.7389977
0,1,0.6640559
0,0,0.49035162
0,1,0.86340576
0,0,0.3993632
0,0,0.4144905
0,0,0.41210175
0,1,0.52956355
0,1,0.71836126
0,1,0.85272974
0,1,0.7855636
1,1,0.8249944
0,1,0.70778674
0,0,0.49099234
0,1,0.64150566
0,1,0.5283307
0,0,0.40821952
0,1,0.6583089
1,1,0.8262616
0,0,0.433615
0,1,0.50042
0,1,0.7017217
1,1,0.7462279
0,0,0.40655962
1,1,0.8614984
0,1,0.80056846
1,1,0.85598505
1,1,0.781602
1,1,0.8599168
1,1,0.6055732
0,0,0.4025039
0,1,0.6960075
0,0,0.39700365
0,0,0.4048742
1,1,0.86340576
0,1,0.82113373
0,1,0.53637695
0,0,0.4434041
0,0,0.39700365
0,1,0.7327977
0,1,0.56392854
0,0,0.43462884
0,0,0.492344
0,0,0.49398696
0,0,0.44675347
0,1,0.86128646
0,1,0.6651776
1,1,0.8603165
0,0,0.39700365
1,1,0.7370705
0,0,0.41210175
0,1,0.51803297
0,1,0.5839105
0,1,0.5738957
0,0,0.47033566
0,0,0.48601606
1,1,0.66889614
0,1,0.51803297
0,1,0.85837466
0,0,0.39700365
1,1,0.86340576
0,1,0.5335187
1,1,0.7281178
0,1,0.8630521
0,1,0.5542844
1,1,0.6869095
0,1,0.64701533
0,1,0.5012514
0,0,0.405869
1,1,0.6533922
0,0,0.3993632
0,0,0.4295405
0,1,0.8526365
0,1,0.86128646
0,1,0.6865392
0,1,0.75062805
0,1,0.794705
0,1,0.71539
0,1,0.6387029
1,1,0.8588544
0,1,0.6015607
1,1,0.82088214
0,1,0.8189291
0,1,0.53257406
0,1,0.6640559
1,1,0.7756401
0,0,0.39700365
1,1,0.594039
0,1,0.5364565
0,0,0.40655962
0,1,0.55393237
0,1,0.7451362
0,0,0.39700365
0,1,0.82948244
1,1,0.8249944
1,1,0.79410404
0,1,0.57246494
0,1,0.8576112
1,1,0.7732098
0,0,0.41867486
0,1,0.7802309
0,1,0.626322
0,0,0.41867486
0,0,0.45448068
0,1,0.6347109
0,0,0.49035162
1,1,0.691911
0,0,0.43579882
0,1,0.7352216
1,1,0.8120366
0,0,0.44172686
0,1,0.5871286
0,0,0.3993632
0,0,0.47033566
0,1,0.6872094
0,1,0.61018807
0,1,0.5131038
0,1,0.59452546
0,1,0.7165244
0,0,0.433615
0,0,0.3993632
0,0,0.4025039
0,0,0.47075117
0,0,0.47033566
0,1,0.6695843
1,1,0.8268046
0,0,0.49908513
0,0,0.4582057
1,1,0.8579722
0,0,0.41120023
0,1,0.71566945
0,1,0.6235211
0,0,0.49102005
0,0,0.41210175
0,1,0.7780956
1,1,0.86340576
0,1,0.5432701
0,1,0.67206186
0,1,0.5699898
0,0,0.47254997
0,0,0.4373452
0,1,0.66225237
1,1,0.8630009
0,1,0.55487984
0,0,0.40655962
0,0,0.40655962
1,1,0.86340576
0,1,0.5003828
0,0,0.44479656
0,0,0.39700365
1,1,0.7181697
0,1,0.81690896
0,0,0.39700365
0,1,0.67205256
0,1,0.5723478
0,1,0.55983615
1,1,0.8591145
0,0,0.43276197
0,0,0.4174481
0,0,0.40655962
0,1,0.50670344
0,1,0.58088136
0,1,0.5939096
0,1,0.64538825
0,1,0.6957361
0,1,0.57222646
1,1,0.8515534
1,0,0.43462884
0,1,0.5969815
0,1,0.6658894
0,0,0.46599165
0,0,0.428631
0,0,0.39700365
0,1,0.7807804
0,0,0.3993632
0,1,0.7120257
0,1,0.72906804
0,0,0.39700365
0,0,0.4025039
0,1,0.5833779
0,0,0.39700365
0,1,0.52123016
0,0,0.433615
0,0,0.39700365
0,0,0.48850295
0,0,0.40655962
0,1,0.63034636
0,1,0.75394243
1,1,0.65317017
1,1,0.6690766
0,1,0.702096
0,0,0.48147622
0,0,0.39700365
1,1,0.8218149
0,1,0.7479813
1,1,0.8362531
0,1,0.58488107
1,0,0.40988138
0,0,0.4025039
0,0,0.4025039
0,0,0.39851612
1,1,0.76211953
1,1,0.8579335
0,1,0.751629
0,0,0.39700365
0,1,0.68093675
1,0,0.39700365
0,1,0.62826544
0,1,0.63622904
0,0,0.41860607
0,1,0.69428873
1,1,0.78272665
0,1,0.8592372
0,0,0.39700365
0,0,0.44969013
0,0,0.41120023
0,1,0.6306161
1,1,0.8166958
0,1,0.5335187
1,1,0.8490136
0,1,0.5273135
0,1,0.5003828
1,1,0.86340576
0,0,0.42201948
0,1,0.6545064
1,1,0.7621965
1,1,0.58772767
0,0,0.40655962
0,0,0.39700365
0,1,0.6729944
1,1,0.6077548
1,1,0.72969705
0,1,0.53242713
0,1,0.8032741
0,1,0.5891851
0,1,0.84858745
0,0,0.48147622
0,0,0.4434041
0,0,0.46599165
1,1,0.851251
0,1,0.69435775
1,1,0.7241299
0,1,0.55939454
0,0,0.39700365
0,1,0.5490145
1,1,0.8616297
0,0,0.47034886
0,1,0.59577286
0,0,0.44496292
0,0,0.44476548
1,1,0.62870413
0,1,0.6871916
0,0,0.4025039
0,1,0.5495276
1,1,0.8264204
0,1,0.58414763
0,1,0.6196047
0,1,0.6123785
0,0,0.43462884
0,0,0.48158124
0,1,0.612938
0,1,0.79251003
0,1,0.574157
0,0,0.40655962
0,0,0.4500511
0,1,0.5126816
0,1,0.59141517
0,0,0.41210175
0,0,0.4361882
0,0,0.4434041
0,1,0.53527266
0,1,0.66758144
0,1,0.60157377
0,0,0.44589067
0,1,0.70183283
0,0,0.40655962
0,1,0.7604635
0,1,0.6123659
0,0,0.4769063
0,0,0.4025039
0,1,0.86059445
0,1,0.8423388
1,1,0.73203915
0,0,0.4144905
0,0,0.48601606
0,0,0.40821952
0,1,0.8614984
0,1,0.5165919
0,0,0.39700365
0,1,0.5126816
0,0,0.39700365
0,0,0.433615
0,0,0.41020137
1,1,0.76185924
0,1,0.74674183
0,1,0.74462336
1,1,0.86128646
0,1,0.6571802
0,1,0.86340576
0,0,0.43930906
0,0,0.44559842
0,0,0.39700365
0,1,0.5735257
0,1,0.6692205
0,1,0.63622904
0,1,0.59411985
0,0,0.44559842
1,1,0.7735437
0,1,0.59141517
0,1,0.59874946
0,1,0.76518
0,1,0.67901087
0,1,0.6433916
0,1,0.5451559
1,1,0.8593543
0,1,0.51044196
0,0,0.40655962
0,1,0.6713015
0,0,0.49118957
0,1,0.81326187
0,0,0.43516624
0,1,0.5012514
0,0,0.49321938
0,0,0.4089374
0,1,0.7064567
0,1,0.6926192
0,0,0.39700365
0,1,0.5987566
0,1,0.82612056
0,1,0.81695545
0,0,0.40655962
0,0,0.4025039
0,0,0.41599372
0,0,0.39700365
0,0,0.39700365
1,1,0.8101603
0,1,0.5011251
0,1,0.50683343
0,1,0.7182287
0,1,0.7538625
0,0,0.44733164
1,1,0.8614984
0,1,0.85031766
0,1,0.6856919
1,1,0.86340576
0,1,0.58192503
0,0,0.40466717
0,0,0.49307927
0,1,0.60043794
0,0,0.41120023
1,1,0.7754422
0,1,0.7069002
0,0,0.49131244
1,1,0.86340576
0,1,0.6572811
0,0,0.4025039
0,1,0.6610426
0,1,0.6571802
0,1,0.5581516
0,0,0.49140835
0,1,0.7419799
0,0,0.4178029
0,1,0.63658386
0,1,0.55031383
0,0,0.39700365
0,1,0.6373162
0,1,0.56470376
1,1,0.81193227
0,1,0.5859575
0,1,0.79096794
0,0,0.40701732
0,0,0.4089374
0,0,0.411614
0,1,0.79759985
0,0,0.43462884
1,1,0.7732332
0,1,0.50409454
0,1,0.5180414
0,0,0.433615
0,0,0.44442287
0,0,0.40349686
0,1,0.8585204
0,0,0.39700365
1,1,0.5335187
1,1,0.86340576
0,1,0.66246533
0,0,0.40364918
1,1,0.8222855
1,1,0.6675862
0,0,0.39700365
0,0,0.42061362
0,1,0.67913747
0,0,0.4434041
0,0,0.39700365
1,1,0.85837466
0,0,0.4025039
0,0,0.4048742
0,1,0.53527266
0,1,0.53612006
1,1,0.8557435
0,1,0.8624482
1,1,0.83798677
0,0,0.48709166
0,1,0.5644861
0,1,0.7304013
0,1,0.50050366
0,1,0.63034636
0,0,0.39700365
0,1,0.6405669
1,1,0.8624482
0,1,0.7327977
0,0,0.39700365
0,0,0.49035162
1,1,0.8556391
0,0,0.4785063
1,1,0.83870673
1,1,0.731712
0,1,0.5844421
0,0,0.40655962
0,1,0.68528247
1,1,0.8586712
0,0,0.43129736
0,1,0.5636132
1,1,0.5924106
0,1,0.7333489
0,1,0.5850388
0,1,0.5359335
0,1,0.70206946
1,1,0.86340576
0,0,0.49048814
0,1,0.5592565
0,0,0.43462884
0,1,0.79311013
1,1,0.5559797
1,1,0.8267792
0,1,0.7464882
0,0,0.43462884
0,1,0.66209775
1,1,0.5615299
1,1,0.8593543
0,1,0.78974944
0,0,0.4442566
0,1,0.8232702
0,1,0.8547175
0,0,0.48717892
0,0,0.41644484
0,1,0.67954445
0,1,0.5699898
0,1,0.56874716
1,1,0.753858
0,1,0.6077548
0,1,0.8292205
0,1,0.7371359
0,0,0.48867467
0,1,0.64392513
0,0,0.4780938
1,1,0.6860633
0,1,0.68001467
0,1,0.5893871
0,1,0.6617829
0,0,0.40655962
0,1,0.75107384
1,1,0.80440694
0,0,0.42021233
0,1,0.770519
0,1,0.5832832
0,1,0.66392976
1,1,0.6618156
0,1,0.54055613
0,0,0.4871603
1,1,0.6223634
1,1,0.8594873
0,1,0.52123016
0,1,0.6604944
0,0,0.42992857
0,1,0.5451559
1,0,0.4048742
0,0,0.433615
0,0,0.41210175
0,1,0.74335605
0,1,0.599048
0,1,0.5625813
0,0,0.41295904
0,0,0.44442287
0,0,0.39700365
1,1,0.8557947
1,1,0.86340576
0,1,0.85386074
0,1,0.83459574
0,1,0.62840486
0,0,0.40699127
0,0,0.4048482
0,1,0.5009732
0,1,0.50773
0,1,0.7444994
0,0,0.44172686
0,1,0.55162185
0,0,0.45578718
1,0,0.49642244
1,1,0.82160544
0,1,0.51032114
0,0,0.41985378
0,0,0.41210175
1,1,0.85175127
0,1,0.56369257
0,1,0.8598336
0,1,0.5131149
0,0,0.433615
0,1,0.50651914
1,1,0.7746664
0,1,0.5122772
0,0,0.42426407
0,0,0.44793022
0,1,0.6648833
0,0,0.49131244
1,1,0.86340576
0,0,0.48683268
1,1,0.85842323
0,1,0.6824896
0,1,0.55249196
0,1,0.5881496
0,0,0.49544856
0,1,0.705516
1,1,0.83083874
0,0,0.46843904
1,1,0.6027246
0,0,0.4144905
0,1,0.8285138
1,1,0.8496235
1,1,0.52432036
0,1,0.58950573
0,0,0.39700365
0,0,0.41644484
0,1,0.5870749
0,0,0.39700365
0,0,0.40888348
0,1,0.7494141
0,1,0.64165944
0,1,0.8141816
0,0,0.433615
0,1,0.5939614
0,0,0.4025039
0,0,0.4252725
0,0,0.4008787
0,1,0.5673915
0,1,0.51733184
0,0,0.49335223
0,0,0.39700365
0,0,0.4252725
0,0,0.39700365
0,1,0.58424044
0,0,0.43501797
0,1,0.56148964
0,1,0.5033969
0,1,0.6767776
0,0,0.39700365
0,0,0.42426407
0,1,0.81026125
0,0,0.43930906
0,0,0.48841012
0,1,0.6036509
0,0,0.43462884
0,0,0.43462884
0,0,0.4617239
0,1,0.7016152
0,1,0.7092179
0,1,0.7277126
0,0,0.40466717
0,1,0.5725623
0,1,0.80620605
0,0,0.4025039
0,0,0.4998169
1,1,0.85318995
0,0,0.41599372
0,1,0.5015727
1,1,0.81228954
1,0,0.43462884
0,0,0.4059956
1,1,0.8210613
1,1,0.84983593
0,1,0.77524143
0,1,0.5416141
0,0,0.39700365
0,1,0.826647
0,0,0.45235434
1,1,0.8603165
0,0,0.40655962
0,1,0.53527266
0,1,0.5851104
0,1,0.7723612
0,0,0.41120023
0,0,0.42992857
0,1,0.68197614
0,1,0.6517616
0,0,0.4442746
0,0,0.48580587
1,1,0.8224149
1,1,0.8603165
0,1,0.666773
0,1,0.5472355
0,0,0.39700365
0,1,0.85837466
0,1,0.6885033
1,1,0.82626295
0,1,0.7980901
0,1,0.67205256
0,1,0.5589331
0,1,0.82493556
0,0,0.44323796
0,0,0.4188071
0,1,0.54225004
0,0,0.41210175
0,0,0.41210175
1,1,0.8593543
0,0,0.39700365
0,0,0.4442566
1,1,0.81682515
1,1,0.81798303
0,0,0.46881992
0,0,0.433615
0,1,0.69018465
0,0,0.39700365
1,1,0.5850978
0,0,0.44733164
1,1,0.7790371
0,0,0.47745177
0,0,0.4498469
0,0,0.39700365
0,0,0.43230996
1,1,0.8064575
1,1,0.764379
0,0,0.39700365
0,1,0.6732063
1,1,0.7807804
0,1,0.7692741
1,0,0.39700365
0,0,0.44906798
1,0,0.40655962
0,0,0.43516624
0,1,0.5003828
0,0,0.41448936
0,1,0.7615091
0,1,0.7345841
0,0,0.40655962
0,1,0.6853773
0,0,0.42374164
0,0,0.47033566
0,0,0.4295405
0,1,0.6713914
0,0,0.41210175
0,1,0.7509775
0,0,0.4434041
0,0,0.40655962
0,0,0.48275736
1,1,0.82565844
0,1,0.5795359
0,0,0.4252725
1,1,0.8461509
0,1,0.5009732
0,0,0.46898836
0,0,0.39700365
1,1,0.8568257
0,1,0.56745684
0,0,0.43775445
0,1,0.5335187
1,1,0.86340576
0,1,0.86340576
1,0,0.46317884
0,0,0.39700365
0,1,0.86340576
0,1,0.60819584
0,0,0.4831454
0,0,0.40655962
0,0,0.4801535
0,1,0.63925326
0,1,0.6398376
0,1,0.6449263
1,1,0.6340455
0,1,0.5003828
0,0,0.44543216
0,1,0.6822945
0,1,0.7425518
0,0,0.4025039
0,1,0.54899216
0,0,0.4174481
0,0,0.40335494
1,1,0.8382111
0,1,0.50773
0,1,0.6909764
0,0,0.47033566
1,1,0.849773
0,0,0.39700365
0,0,0.46599165
0,1,0.5205078
0,0,0.4025039
1,0,0.39700365
0,0,0.39700365
0,0,0.433615
1,1,0.8604622
0,0,0.45409343
0,0,0.433615
1,1,0.8584531
1,1,0.8279608
0,1,0.58655745
0,0,0.44442287
1,1,0.86340576
0,0,0.4570243
0,0,0.39700365
0,0,0.40655962
0,0,0.49398696
0,1,0.6668872
0,1,0.5737707
0,0,0.4434041
1,1,0.54437155
0,1,0.50670344
0,1,0.56043637
0,0,0.49140835
0,0,0.41210175
0,1,0.74081564
0,1,0.505388
0,1,0.55011356
0,0,0.4769063
1,1,0.70611274
0,0,0.4048742
0,1,0.8604622
0,0,0.41672328
0,1,0.5699898
0,1,0.5526826
1,1,0.8614029
0,0,0.4769063
0,0,0.40655962
0,1,0.58216554
0,1,0.7588641
0,0,0.4769063
0,0,0.40655962
1,1,0.86340576
1,1,0.81294495
0,0,0.40466717
0,0,0.49154115
0,1,0.5451396
0,1,0.81450284
1,1,0.86010206
0,0,0.40655962
0,1,0.77288175
0,0,0.39700365
0,0,0.43462884
0,1,0.5432701
0,0,0.41644484
0,1,0.75869346
0,1,0.5443704
0,0,0.39700365
0,0,0.39700365
0,0,0.45632958
0,1,0.5536685
1,0,0.49590483
0,0,0.45409343
0,1,0.5139448
0,1,0.5870749
0,0,0.4913259
0,1,0.6148192
0,0,0.44496292
0,0,0.39700365
0,1,0.67130476
0,0,0.41210175
1,1,0.86340576
0,1,0.61333567
1,1,0.7300671
0,1,0.55011356
0,1,0.8204821
0,1,0.6124122
0,1,0.57828957
0,0,0.41210175
0,1,0.74126023
0,1,0.6604406
0,1,0.69365233
0,1,0.51080215
0,1,0.5464941
0,1,0.7438709
1,1,0.7962155
0,1,0.55249196
0,0,0.39700365
0,0,0.39700365
0,1,0.7741595
0,1,0.584255
0,0,0.428631
0,1,0.8130545
0,1,0.8593543
0,0,0.41760197
0,0,0.413102
1,1,0.8598819
0,1,0.575413
0,0,0.48147622
0,1,0.51683724
0,0,0.39700365
0,0,0.4025039
0,1,0.5424667
0,0,0.42061362
0,1,0.5362403
0,1,0.51165044
0,0,0.4434041
0,1,0.52530825
0,0,0.47033566
1,1,0.8548386
0,0,0.39700365
0,0,0.44830975
0,0,0.44442287
1,1,0.86128646
0,1,0.66392976
0,1,0.5950337
1,1,0.74728274
0,1,0.600647
0,0,0.4993137
0,0,0.4185269
0,0,0.39700365
0,1,0.7624747
0,0,0.49259806
0,1,0.7139508
0,0,0.3993632
0,1,0.7841309
0,1,0.5559797
0,1,0.5328578
1,1,0.71852356
1,1,0.5881496
1,1,0.86128646
0,0,0.40988138
0,0,0.4798676
0,1,0.60636055
0,1,0.7263447
0,0,0.40655962
0,1,0.56009966
0,0,0.39700365
1,1,0.8581867
0,0,0.4144905
0,0,0.42021233
0,1,0.5490145
1,1,0.8603165
0,1,0.8542261
0,0,0.47848153
0,0,0.45953786
0,0,0.46076533
0,0,0.4769063
1,1,0.85243964
0,0,0.39700365
0,1,0.7053669
1,1,0.76008075
0,1,0.5003828
0,1,0.57493436
0,0,0.49544856
1,1,0.7245115
0,0,0.40888348
0,1,0.86340576
0,0,0.39700365
0,0,0.4993137
0,0,0.40655962
0,1,0.76857936
0,1,0.72425926
0,0,0.39700365
0,0,0.48046547
0,1,0.8292205
0,1,0.5092524
0,1,0.5324135
0,0,0.44442287
0,1,0.59933007
1,1,0.8160894
0,0,0.4208594
0,0,0.4048742
0,1,0.67700243
0,0,0.43462884
1,1,0.86340576
0,1,0.77445525
0,0,0.4185269
0,1,0.86340576
1,1,0.86340576
0,1,0.63959354
0,0,0.49143013
1,1,0.84964585
0,0,0.4178029
0,1,0.615766
0,1,0.634679
0,1,0.5340789
0,1,0.51165044
0,0,0.39700365
0,1,0.72721624
0,1,0.6901118
0,1,0.5924106
0,1,0.69921386
0,1,0.58662486
0,0,0.433615
1,1,0.8511106
0,1,0.5779489
0,1,0.6110523
0,1,0.6576304
1,1,0.8156221
0,1,0.505388
0,1,0.5126816
1,1,0.7947913
0,1,0.5324135
0,0,0.47340575
0,1,0.68386453
0,0,0.39700365
0,0,0.41549128
0,1,0.51044196
0,0,0.39700365
0,0,0.41448936
0,1,0.86340576
0,0,0.40655962
0,1,0.5139448
0,1,0.61319494
0,1,0.6207234
0,0,0.48413247
0,1,0.7791531
0,1,0.50683343
0,0,0.40655962
0,1,0.5009732
0,1,0.6223634
0,0,0.4442566
0,1,0.5472456
0,1,0.8058052
0,1,0.77031654
0,1,0.71323127
0,0,0.39700365
1,1,0.7691918
1,1,0.7807804
0,1,0.6089243
1,1,0.8101389
1,0,0.44733164
0,1,0.6761464
0,1,0.5139448
0,1,0.601992
0,1,0.5795359
1,1,0.69555664
0,0,0.40701732
0,1,0.7296995
1,1,0.83744955
0,0,0.4295405
0,1,0.85412663
0,1,0.5801774
0,0,0.43930906
0,1,0.5445979
0,1,0.6413294
0,1,0.5324135
0,1,0.85220516
0,1,0.5559797
0,1,0.5563682
0,0,0.4340039
0,0,0.39700365
0,0,0.39700365
1,1,0.86340576
1,1,0.86340576
0,1,0.65570426
0,0,0.4252725
0,0,0.39700365
0,1,0.61316013
0,1,0.6677777
0,1,0.5051252
0,1,0.792725
1,1,0.8624482
0,0,0.4898305
1,1,0.7683588
0,1,0.6483934
0,0,0.39700365
0,1,0.72619486
0,1,0.6536235
0,0,0.405843
1,1,0.8614984
0,0,0.40655962
0,1,0.6632332
1,1,0.8501267
0,0,0.39700365
0,1,0.72670066
0,1,0.68362486
0,0,0.4025039
0,0,0.433615
1,1,0.86128646
1,1,0.8614984
1,1,0.54711455
0,0,0.43684474
0,1,0.7807804
0,0,0.433615
0,0,0.433615
0,1,0.7377132
0,0,0.39700365
0,1,0.69010884
0,0,0.4963143
0,1,0.50670344
1,1,0.57648146
0,1,0.6985859
1,1,0.8385731
0,1,0.77894515
0,0,0.44890824
1,0,0.49035162
1,1,0.8526365
1,1,0.594039
0,1,0.5003828
1,1,0.85582495
1,1,0.55162185
0,0,0.4093699
1,1,0.86340576
0,0,0.4025039
0,1,0.51165044
0,1,0.55249196
0,1,0.69606227
0,0,0.39700365
0,1,0.54492986
0,0,0.46514896
0,1,0.85195994
0,1,0.74917376
0,0,0.4208594
1,1,0.8191302
0,1,0.65332735
0,1,0.5362403
0,0,0.39700365
0,1,0.5850388
0,1,0.61594516
0,1,0.82807106
0,1,0.77553755
0,1,0.6427391
0,0,0.47033566
0,0,0.46962446
0,1,0.55211675
0,0,0.41549128
0,1,0.8436951
0,1,0.5763008
1,1,0.826647
0,0,0.48668265
0,1,0.55162185
0,1,0.53518236
0,0,0.39700365
0,1,0.5324135
0,1,0.50736094
1,1,0.84831166
0,1,0.50589675
0,1,0.79397744
0,1,0.79099756
0,1,0.85399157
0,0,0.39700365
0,0,0.44733164
0,1,0.7556956
0,0,0.405843
0,0,0.49415505
0,1,0.8030012
1,1,0.7277126
0,1,0.5691066
0,0,0.39700365
0,0,0.39700365
0,1,0.67478824
1,1,0.8614029
0,0,0.40364918
0,1,0.81326187
1,0,0.405843
0,1,0.5964504
0,1,0.81456137
0,0,0.4025039
0,1,0.85598505
1,0,0.46673867
0,1,0.51080215
0,1,0.6377155
1,1,0.83396095
0,1,0.66214085
0,1,0.52456295
0,1,0.5967862
0,0,0.4252725
0,1,0.66562784
0,1,0.7794767
0,1,0.65877587
1,1,0.59141517
1,1,0.85619026
0,1,0.55770355
0,1,0.5265736
0,0,0.40701732
0,0,0.404643
1,1,0.7727515
0,1,0.73234814
1,1,0.82805395
0,1,0.51165044
0,0,0.44442287
0,1,0.85525745
0,1,0.5881694
0,0,0.4340039
0,0,0.48737898
1,1,0.85837466
0,0,0.4208594
0,0,0.40655962
0,0,0.45634267
1,1,0.8597993
0,1,0.6023157
0,0,0.39700365
0,0,0.45926756
0,1,0.6819824
0,0,0.49897736
0,1,0.55639076
0,1,0.78407395
0,1,0.77532595
0,0,0.48147622
0,0,0.433615
0,1,0.5011251
0,0,0.45900467
1,1,0.8609282
0,1,0.7678167
0,0,0.47033566
0,0,0.3993632
0,0,0.4993137
1,1,0.86128646
1,1,0.80846167
1,1,0.8614984
0,0,0.39700365
0,0,0.47990012
0,1,0.8614984
1,1,0.7818764
1,1,0.6816513
0,1,0.71479845
0,1,0.6405132
0,1,0.5726932
0,0,0.433615
1,1,0.8203858
0,0,0.43129736
0,0,0.39700365
0,0,0.4025039
0,0,0.46780315
1,1,0.78328633
0,1,0.6988189
1,1,0.76937526
0,1,0.76409817
0,1,0.65601784
0,0,0.39700365
0,0,0.3993632
0,0,0.39700365
0,1,0.7383752
1,1,0.8593543
0,1,0.6510812
1,1,0.8070113
0,0,0.4769063
0,1,0.6991279
0,0,0.39700365
0,1,0.5364565
0,1,0.86340576
0,0,0.39700365
1,0,0.4434041
0,1,0.6936672
1,1,0.8588544
0,0,0.39700365
1,1,0.5097555
0,1,0.6729944
0,1,0.52432036
0,0,0.47033566
1,1,0.86340576
0,1,0.66127586
1,1,0.8624482
1,1,0.86340576
0,1,0.75296104
0,1,0.62637097
0,1,0.58554673
0,0,0.44496292
1,1,0.74462336
0,1,0.6907226
0,1,0.58178085
0,0,0.48147622
0,1,0.7083916
0,0,0.48147622
0,1,0.5737707
0,0,0.3993632
0,1,0.6245244
0,0,0.42426407
0,0,0.4434041
0,0,0.49140835
0,0,0.4142808
0,1,0.70997137
0,0,0.48147622
0,1,0.5503949
0,0,0.49353293
1,0,0.40655962
0,1,0.5334166
1,1,0.8127238
0,1,0.82372195
0,0,0.43462884
0,1,0.5778738
0,0,0.39700365
0,0,0.48683268
0,0,0.433615
1,1,0.73184115
0,1,0.5850388
0,1,0.86128646
1,1,0.81988716
0,1,0.73299706
0,1,0.86340576
0,0,0.39700365
0,0,0.39700365
0,1,0.5051252
0,1,0.5889061
0,0,0.43516624
0,1,0.50392365
0,0,0.46797082
0,1,0.7971688
0,1,0.5088337
1,1,0.8280301
0,0,0.49918938
0,0,0.40655962
1,1,0.8397551
0,0,0.41867486
0,1,0.65539986
0,0,0.433615
1,1,0.627815
0,1,0.64165944
0,0,0.39700365
0,1,0.85443974
0,1,0.5062868
0,1,0.6245244
0,1,0.8384119
1,1,0.81031406
0,1,0.6413294
1,1,0.85545874
0,1,0.5088956
0,0,0.4142808
0,1,0.7429212
0,1,0.8088806
0,0,0.433615
1,1,0.86340576
0,1,0.71763146
0,1,0.8249944
0,0,0.46168694
0,1,0.64433026
0,0,0.39700365
0,1,0.72104365
0,0,0.4650919
0,1,0.8614984
0,0,0.39700365
0,1,0.6148082
0,1,0.72898036
0,1,0.8630521
0,1,0.85016745
0,0,0.48147622
0,0,0.47912344
0,1,0.6807158
1,1,0.8249944
0,0,0.48147622
0,0,0.45409343
0,0,0.39700365
0,0,0.4442566
0,1,0.6944516
0,0,0.40655962
0,1,0.78127193
0,0,0.39700365
1,1,0.8624482
0,0,0.4048482
0,1,0.60270184
1,1,0.8624482
0,1,0.5000967
1,1,0.8306398
1,1,0.73184115
0,0,0.39700365
0,0,0.42851487
0,1,0.8158625
1,1,0.8041671
0,1,0.6648833
0,0,0.4252725
1,1,0.77378106
1,1,0.69839084
0,1,0.5669366
0,0,0.40466717
0,0,0.4174481
1,1,0.86340576
0,0,0.49140835
0,0,0.4142808
0,1,0.6207234
0,0,0.40364918
0,1,0.59351856
0,1,0.80713874
0,0,0.39700365
0,1,0.5217951
0,1,0.6631012
0,1,0.7735263
0,0,0.40655962
0,0,0.43462884
0,0,0.4379057
0,1,0.75790966
0,0,0.46843904
0,0,0.43579882
0,1,0.75191736
1,1,0.64438725
0,0,0.46789005
0,1,0.70029217
0,1,0.61264783
0,1,0.66246533
1,1,0.75829154
0,0,0.4175284
0,0,0.488677
0,1,0.6352975
0,1,0.56043637
1,1,0.6522491
0,0,0.39700365
0,1,0.5930073
0,1,0.8593543
1,1,0.86340576
0,0,0.4913259
0,1,0.8396679
0,0,0.4025039
0,1,0.5936806
0,1,0.6460346
0,0,0.39700365
0,1,0.8101389
1,1,0.8279143
0,0,0.49862692
1,1,0.6955889
0,0,0.4059956
0,0,0.49154115
0,0,0.4998169
0,0,0.40655962
1,1,0.86340576
1,1,0.77802014
0,0,0.39700365
0,0,0.42021233
0,1,0.5870749
0,0,0.4434041
0,1,0.6148082
0,1,0.5545019
0,1,0.55162185
0,1,0.6634209
0,1,0.7748545
0,0,0.41120023
0,1,0.5324135
1,1,0.81404984
1,1,0.8235152
0,1,0.8417004
0,0,0.40655962
0,0,0.4025039
0,1,0.528498
1,1,0.58662874
0,0,0.4442566
0,0,0.39700365
0,0,0.47912344
0,1,0.57946324
0,1,0.6182945
0,0,0.49693662
0,0,0.40655962
0,0,0.39700365
0,1,0.7311056
0,1,0.6659692
0,1,0.6009499
0,1,0.771921
0,0,0.39700365
0,0,0.4048482
0,0,0.48927146
1,1,0.8279608
1,1,0.8630521
0,1,0.7464882
0,1,0.5299359
0,0,0.4993137
0,1,0.5909324
0,1,0.8430606
0,1,0.5128204
0,1,0.5035767
0,1,0.7994967
0,1,0.6282194
0,0,0.40655962
0,1,0.71520233
1,1,0.80775964
0,1,0.528498
0,0,0.39700365
0,0,0.41953158
0,1,0.6190782
1,1,0.81191117
0,1,0.67725074
0,1,0.80000526
0,1,0.6895473
0,0,0.40335494
0,1,0.86128646
0,1,0.55444086
1,1,0.86128646
0,1,0.6638322
1,1,0.86067516
0,0,0.43462884
0,1,0.50683343
0,0,0.4993137
1,1,0.78320795
0,0,0.39700365
0,0,0.39700365
0,1,0.6169144
0,1,0.7780077
1,1,0.7057659
1,1,0.7683588
0,1,0.7807804
1,0,0.47967988
0,0,0.41020137
0,0,0.40655962
0,1,0.803526
1,1,0.767215
0,1,0.60908616
0,1,0.544048
0,1,0.7513291
0,0,0.4993137
0,1,0.86340576
0,0,0.43230996
0,1,0.6388231
0,1,0.60591364
0,0,0.44442287
1,1,0.6486097
0,0,0.433615
1,1,0.84022367
0,0,0.48683268
0,1,0.73217493
0,1,0.6625619
0,1,0.6355638
0,0,0.48147622
0,1,0.68652076
1,1,0.8366842
1,1,0.72693807
0,0,0.43629313
0,1,0.82160544
0,1,0.6279038
0,0,0.4059956
0,0,0.40701732
1,1,0.5898074
0,0,0.42643628
1,1,0.8249944
1,1,0.83744955
0,0,0.39700365
0,1,0.58708966
0,1,0.71654
0,1,0.61894685
0,1,0.71663195
0,0,0.39700365
0,1,0.6863939
0,0,0.43129736
0,1,0.8501289
0,1,0.68708247
0,0,0.48147622
0,0,0.39700365
0,0,0.47848153
0,0,0.47990012
0,1,0.6857277
0,0,0.40655962
0,1,0.6012816
0,0,0.40349686
0,0,0.4048742
1,1,0.52612686
0,0,0.44066665
0,0,0.49750423
0,0,0.40655962
0,0,0.39700365
0,1,0.51225245
1,1,0.857668
0,0,0.40349686
1,1,0.8624482
0,0,0.39700365
0,1,0.55618715
0,1,0.6673895
1,1,0.51803297
0,1,0.72185874
0,1,0.73566455
0,1,0.682029
1,1,0.85220516
0,0,0.49035162
0,0,0.413102
0,0,0.39700365
0,0,0.41020137
0,1,0.7428138
0,1,0.5233653
0,1,0.56392854
0,0,0.42762053
0,1,0.6648833
0,1,0.54882723
0,0,0.39700365
0,1,0.5340789
0,1,0.54899216
1,1,0.84746915
1,1,0.857668
0,0,0.43462884
1,1,0.8279143
0,0,0.48986644
0,1,0.77397966
0,0,0.45718044
0,1,0.577386
0,1,0.528498
0,1,0.8603165
0,1,0.76719415
0,1,0.582821
0,0,0.41867486
0,1,0.7501884
1,1,0.8579335
0,1,0.59978926
1,1,0.65885216
0,0,0.49544856
0,0,0.43909344
0,1,0.65570426
0,1,0.8557435
0,0,0.42157307
0,0,0.41867486
1,1,0.8619377
0,0,0.47340575
0,0,0.4025039
0,0,0.39700365
0,0,0.4434041
0,1,0.5066985
0,1,0.6813241
0,0,0.41210175
0,0,0.39700365
0,0,0.4178029
0,1,0.7791531
1,1,0.5462687
0,1,0.54744786
0,0,0.41985378
0,0,0.42157307
1,1,0.5536685
1,1,0.862592
1,0,0.48735365
0,0,0.39700365
1,1,0.62777317
0,0,0.43462884
0,0,0.49709728
0,0,0.42838177
0,0,0.3993632
0,1,0.5830193
0,0,0.44479656
1,1,0.77141887
0,0,0.41210175
1,1,0.8483809
0,1,0.7012198
0,0,0.39700365
0,1,0.50050366
0,1,0.73256266
0,0,0.4498469
0,1,0.68794173
0,1,0.51695997
1,1,0.8386711
1,1,0.7183307
1,1,0.85837466
0,1,0.50420266
0,0,0.47033566
0,0,0.45603466
0,0,0.433615
0,0,0.46843904
0,1,0.7135062
0,1,0.5665555
0,1,0.69170797
0,1,0.51803297
0,0,0.433615
0,1,0.59452546
1,1,0.85339576
1,1,0.8624482
0,0,0.47779855
0,0,0.39700365
0,1,0.628297
1,1,0.8624482
0,1,0.7242137
0,0,0.49484685
0,1,0.55835843
0,0,0.45740384
1,0,0.48737898
0,0,0.44979584
0,0,0.39700365
0,0,0.39700365
0,1,0.51165044
0,1,0.8593543
0,0,0.4769063
0,0,0.44172686
0,0,0.3993632
0,0,0.41325542
0,0,0.39700365
0,0,0.42426407
1,1,0.86117065
0,1,0.7980002
0,0,0.44442287
0,1,0.79520905
0,1,0.50042
0,1,0.6734402
0,0,0.39700365
0,1,0.847801
0,1,0.8614984
0,1,0.6791923
0,1,0.72025794
0,0,0.40888348
0,0,0.4025039
0,0,0.39700365
1,1,0.8594873
0,1,0.59827226
0,0,0.49140835
0,1,0.72426564
0,0,0.4340039
0,1,0.5949943
0,1,0.753858
0,0,0.39700365
1,1,0.5566093
0,1,0.69483525
0,1,0.68972206
1,1,0.66591614
0,1,0.6888062
0,1,0.57244056
0,1,0.75443506
0,1,0.654238
0,1,0.58288765
0,1,0.6997842
1,1,0.6055217
0,0,0.40335494
0,0,0.45827457
0,0,0.49484685
0,0,0.4993137
0,1,0.56296015
0,0,0.48147622
0,1,0.8593543
0,1,0.67745644
0,1,0.5752022
0,1,0.6490954
0,0,0.39700365
0,1,0.53043133
0,0,0.39700365
0,0,0.39700365
0,1,0.6021488
1,1,0.79885876
0,1,0.6500196
0,0,0.43462884
0,1,0.60079676
0,1,0.7780899
1,1,0.6925678
0,0,0.42426407
0,0,0.39700365
0,1,0.5299963
0,1,0.64257693
0,1,0.72865725
0,1,0.6355638
0,1,0.5854219
0,1,0.7186244
0,1,0.81471676
1,1,0.79520905
0,1,0.66993785
0,0,0.413102
0,0,0.4025039
0,1,0.61718524
0,1,0.8566762
0,0,0.39700365
0,0,0.48265347
1,1,0.8503791
0,1,0.8392937
0,0,0.42157307
0,0,0.4025039
1,0,0.41210175
0,1,0.8603165
0,1,0.55872077
0,1,0.7298544
0,1,0.82592726
0,0,0.413102
1,1,0.8630521
0,0,0.4582057
0,1,0.53100705
0,1,0.5547654
0,0,0.45721573
0,0,0.39700365
0,1,0.6503449
0,0,0.42426407
1,1,0.82807106
0,0,0.39700365
0,0,0.48737898
0,0,0.39700365
1,1,0.677631
1,1,0.86340576
1,1,0.86340576
0,1,0.5015727
0,1,0.8560468
0,1,0.817442
0,0,0.49140835
0,1,0.65997547
0,1,0.66388977
1,1,0.8614984
0,0,0.488677
0,0,0.39700365
0,1,0.6363047
0,1,0.7908025
0,0,0.41020137
1,1,0.8593543
0,1,0.5779489
1,1,0.84155047
0,1,0.5510198
0,1,0.51044196
0,0,0.45578718
0,0,0.39700365
1,1,0.75358117
0,0,0.39700365
1,1,0.6509965
1,1,0.75872415
0,0,0.48831424
0,1,0.53527266
0,0,0.39700365
0,1,0.5849776
0,1,0.7016527
0,1,0.5777332
1,1,0.7516694
0,1,0.5028042
0,1,0.5615343
0,0,0.4894195
1,1,0.86340576
0,1,0.7304833
0,1,0.83806294
0,1,0.52610826
0,1,0.5009732
0,1,0.5779441
0,1,0.7559778
0,1,0.51230764
0,1,0.6608651
0,1,0.68853146
0,0,0.49048814
0,0,0.45798075
0,1,0.7102018
0,0,0.4025039
1,1,0.8568257
0,1,0.6278199
0,1,0.5021942
1,1,0.85443974
0,0,0.39700365
1,1,0.86340576
0,1,0.6866855
0,1,0.86128646
0,0,0.47156662
0,0,0.41103315
0,0,0.4048742
0,0,0.40655962
1,1,0.7224234
0,1,0.5535894
0,1,0.5011251
0,0,0.40655962
0,1,0.6631285
0,1,0.52456295
0,1,0.7443768
0,0,0.40655962
0,0,0.39700365
1,1,0.6980154
0,0,0.39700365
0,1,0.5126816
0,0,0.4434041
0,1,0.5035767
0,1,0.56874716
0,1,0.6265716
0,1,0.81497794
0,1,0.51165044
1,1,0.8461509
1,1,0.7980084
0,1,0.70964
0,1,0.86340576
0,0,0.47033566
0,1,0.5630303
0,1,0.7179188
0,0,0.44442287
0,1,0.51225245
0,1,0.5340789
0,0,0.39700365
1,1,0.82372195
0,0,0.4885429
0,0,0.40655962
0,0,0.39700365
0,1,0.82550526
0,1,0.50782675
0,1,0.669547
1,1,0.6511386
1,1,0.8215726
0,1,0.705516
0,0,0.44594368
0,1,0.58168954
0,1,0.79251003
1,1,0.8144779
0,1,0.8225788
0,1,0.86340576
0,0,0.4252725
0,0,0.48494783
0,1,0.5813889
0,0,0.43516624
0,0,0.39851612
1,0,0.46377453
0,0,0.44496292
0,1,0.80711937
0,0,0.39700365
1,1,0.7810493
0,0,0.39700365
1,1,0.85619026
0,0,0.4581282
1,1,0.8557827
0,1,0.58110803
0,1,0.5576644
0,0,0.4025039
0,0,0.40466717
0,0,0.49750423
0,1,0.51230764
0,0,0.39700365
0,1,0.80954826
0,1,0.82393205
0,1,0.8384671
0,1,0.5676339
0,0,0.40655962
0,0,0.40364918
0,1,0.50050366
0,1,0.7688158
1,1,0.5881496
0,0,0.39700365
0,0,0.44442287
0,0,0.43462884
0,1,0.62299436
0,1,0.83720696
0,0,0.41120023
0,0,0.40655962
0,1,0.64150184
0,0,0.39700365
0,1,0.6988341
0,0,0.433615
0,1,0.5003828
0,1,0.51580656
0,0,0.39700365
0,0,0.39700365
1,1,0.55714446
0,1,0.54225004
0,0,0.4449242
0,1,0.5009732
0,1,0.56114084
0,0,0.433615
1,1,0.80620605
0,1,0.7729488
0,0,0.47033566
0,0,0.43737885
0,1,0.6382078
0,1,0.81191117
0,0,0.39700365
0,1,0.8028053
1,1,0.8556154
0,1,0.69655603
0,1,0.8224311
0,1,0.6438647
0,1,0.6861461
0,1,0.6621114
0,0,0.48735365
0,1,0.75346214
1,1,0.8425082
1,1,0.8171867
1,1,0.7196887
1,1,0.86340576
0,0,0.43462884
0,0,0.45409343
0,1,0.583917
0,1,0.6801065
0,1,0.65505916
0,1,0.67837715
1,1,0.8584387
0,1,0.5478938
0,1,0.72377354
0,1,0.554725
0,1,0.55011356
0,1,0.7051143
0,1,0.78092504
1,1,0.86340576
0,0,0.39700365
0,0,0.39700365
1,1,0.8603165
0,1,0.6110536
0,0,0.40655962
1,1,0.64883125
0,0,0.46792352
0,0,0.42426407
1,1,0.8384119
1,1,0.8614984
1,1,0.69757694
0,0,0.45235434
0,0,0.41867486
0,1,0.50683343
0,0,0.42426407
0,1,0.5902951
0,1,0.8237226
0,1,0.79593235
1,1,0.5673915
0,1,0.6367555
0,1,0.62870413
1,1,0.8453515
0,1,0.75241065
0,1,0.733517
1,1,0.8461509
0,0,0.39700365
0,1,0.73995495
1,1,0.6299957
0,1,0.50409454
1,1,0.8279143
0,1,0.63410145
0,0,0.40655962
0,0,0.4993137
1,1,0.86340576
0,1,0.5035767
0,0,0.49140835
0,1,0.5558214
1,1,0.6376149
0,1,0.56378603
0,1,0.7288512
0,1,0.58216554
0,1,0.7110772
0,1,0.60893303
0,1,0.73692954
1,1,0.7707855
1,1,0.65601784
0,1,0.8203805
0,1,0.6330663
0,1,0.72581875
1,1,0.5832159
0,0,0.39700365
0,1,0.67470384
1,1,0.84338576
0,1,0.64444906
0,0,0.48491144
0,1,0.7650607
0,1,0.6847439
0,1,0.73878676
0,1,0.6975299
1,1,0.82565844
0,0,0.4594419
0,0,0.4048742
0,1,0.6546635
0,1,0.53100705
0,1,0.82371014
0,1,0.5021017
0,1,0.7029853
0,1,0.7798881
0,1,0.61437273
1,1,0.86340576
0,1,0.6897144
0,0,0.4174481
1,1,0.86128646
0,1,0.7021168
0,0,0.4963143
0,1,0.66334254
1,1,0.86128646
0,1,0.6941246
0,1,0.75132835
1,1,0.6422871
1,1,0.82493556
0,1,0.51080215
0,1,0.62526375
0,0,0.46168694
0,1,0.6732538
0,0,0.4252725
1,1,0.85837466
0,1,0.61319494
1,1,0.86340576
0,0,0.48613682
0,0,0.44442287
1,1,0.8566762
0,1,0.8604622
0,0,0.433615
0,1,0.65036255
0,0,0.43462884
0,1,0.6137977
0,1,0.63179165
0,0,0.43462884
1,1,0.5681413
0,1,0.5860662
0,1,0.5865842
0,0,0.41210175
0,0,0.446305
0,0,0.41120023
0,0,0.40335494
1,1,0.70666385
0,0,0.41448936
0,0,0.404643
1,1,0.8584387
0,0,0.4955886
0,1,0.5051252
0,1,0.5658067
0,1,0.64755744
1,1,0.86340576
0,0,0.48401436
0,1,0.7465262
1,1,0.8155769
0,1,0.7479813
0,1,0.71607256
0,1,0.6997997
0,1,0.63210917
0,0,0.39700365
0,0,0.42426407
1,1,0.6928136
0,0,0.4594419
0,1,0.5364565
0,1,0.7619333
0,1,0.59555596
0,0,0.433615
0,0,0.4185269
0,0,0.43462884
0,1,0.6734291
0,0,0.4025039
0,1,0.76498944
0,1,0.8325511
0,1,0.6089243
0,0,0.4993137
0,0,0.4025039
1,1,0.8614984
0,0,0.43462884
0,1,0.6078549
0,1,0.6485328
0,0,0.46943054
0,0,0.44914907
0,0,0.47340575
1,1,0.8624482
0,1,0.50050366
1,1,0.8294687
1,1,0.86340576
1,1,0.7699813
0,0,0.4993137
0,1,0.6507938
0,1,0.8321102
0,1,0.76469773
0,1,0.6285549
1,1,0.81926465
0,1,0.86340576
0,1,0.64326894
1,1,0.51803297
1,1,0.86128646
0,0,0.49140835
1,1,0.57206064
0,0,0.4025039
0,1,0.6728589
1,1,0.8583334
0,1,0.70302266
0,1,0.7189479
0,1,0.5595914
0,0,0.4048742
0,1,0.65437645
0,0,0.41210175
1,1,0.8604622
0,1,0.6899933
1,1,0.8593543
0,1,0.7991714
0,1,0.58926046
0,1,0.50670344
1,1,0.8400897
0,0,0.41020137
0,1,0.64021826
0,1,0.7598834
0,1,0.5483342
0,0,0.4998169
0,1,0.5641212
0,1,0.82371014
0,0,0.40655962
0,1,0.5663852
1,1,0.83577526
0,1,0.54558873
1,1,0.81497794
0,0,0.4434041
0,0,0.40655962
0,0,0.4048742
1,1,0.8603165
0,1,0.638646
0,1,0.6627103
0,0,0.4806057
0,1,0.86340576
0,0,0.39700365
0,1,0.5171896
0,1,0.6479972
0,1,0.71074766
0,0,0.39700365
0,0,0.48630458
0,1,0.54349774
0,0,0.39700365
0,1,0.6360717
1,1,0.50050366
0,1,0.75991696
0,1,0.65332735
0,0,0.49048814
0,0,0.40888348
0,0,0.39700365
0,1,0.7717744
1,1,0.78416014
0,0,0.4025039
1,1,0.7522974
0,1,0.58662486
0,1,0.8624482
0,0,0.49642244
0,1,0.5478938
0,0,0.4996931
0,0,0.40888348
0,0,0.39700365
1,1,0.621123
0,1,0.66303813
1,1,0.8503791
0,1,0.85619026
0,1,0.54899216
1,1,0.7738687
0,1,0.5684409
0,1,0.8156221
0,0,0.4252725
0,1,0.75790966
1,1,0.62770534
0,1,0.84203476
0,1,0.666773
0,1,0.5528955
0,1,0.55249196
0,1,0.7416857
0,0,0.4025039
0,0,0.43930906
0,0,0.433615
0,0,0.47745177
0,1,0.68936634
0,0,0.47033566
0,0,0.49722102
0,1,0.50050366
0,1,0.8268046
0,1,0.7323366
0,1,0.65429527
0,0,0.4885429
0,0,0.42426407
0,1,0.71566564
1,1,0.65760666
0,0,0.43158734
0,1,0.7537983
0,1,0.66246533
0,0,0.39700365
0,0,0.4442566
0,1,0.5519117
0,1,0.63202673
1,1,0.7640983
0,1,0.84979683
0,1,0.72436476
0,0,0.433615
0,1,0.8101603
0,0,0.39700365
1,1,0.65995544
0,0,0.4025039
0,1,0.50057733
0,1,0.69958425
0,1,0.6449356
0,0,0.4498469
0,0,0.40655962
0,1,0.6648833
0,0,0.40655962
0,0,0.40888348
0,0,0.4893826
1,1,0.7810746
0,0,0.41210175
0,0,0.47340575
0,1,0.7021168
0,0,0.413102
0,0,0.4089374
0,0,0.41867486
0,0,0.40655962
0,0,0.48156887
0,0,0.4769063
0,0,0.433615
1,1,0.630059
1,1,0.773777
0,1,0.8594873
0,1,0.8609282
0,0,0.39700365
0,0,0.40335494
0,0,0.41020137
0,0,0.47086474
1,1,0.8630521
0,0,0.47034886
0,0,0.43462884
0,0,0.40466717
0,1,0.68554014
0,1,0.8603165
0,1,0.8321102
0,1,0.6699323
0,1,0.53518236
0,0,0.4760498
0,0,0.44496292
0,0,0.4852737
0,0,0.4500511
0,0,0.47725108
0,0,0.4185269
0,0,0.44496292
0,1,0.5982093
0,0,0.4582057
0,0,0.4146022
0,1,0.6179606
1,1,0.71408087
1,1,0.54349774
1,1,0.85220516
0,0,0.405843
0,1,0.5335187
0,0,0.42201993
0,0,0.42426407
0,1,0.6732124
0,1,0.55874294
1,1,0.8092917
1,1,0.75823647
0,0,0.41984454
1,1,0.8614984
0,1,0.73759604
0,0,0.4769063
0,0,0.4025039
0,1,0.7176554
0,1,0.6382078
0,0,0.46050414
0,1,0.5392084
0,1,0.5936162
0,1,0.65388465
0,1,0.56912553
0,1,0.7352216
1,1,0.8269315
0,1,0.55011356
0,1,0.8101389
0,0,0.41210175
0,0,0.405843
0,0,0.433615
0,1,0.5472634
0,1,0.5594518
1,1,0.86128646
0,1,0.56801736
0,1,0.52123016
0,1,0.53833723
1,1,0.7740064
0,0,0.39700365
0,0,0.39700365
0,1,0.5222497
0,1,0.51165044
1,1,0.86340576
0,0,0.40466717
0,0,0.4048482
0,0,0.40466717
0,0,0.41020137
0,1,0.67205256
0,0,0.43930906
0,0,0.42157307
0,1,0.5632956
1,1,0.68882614
0,1,0.650057
0,1,0.64412874
0,0,0.40655962
0,0,0.42426407
0,1,0.5852534
0,1,0.58963054
0,1,0.86128646
0,0,0.47848153
0,0,0.39700365
0,0,0.44442287
1,1,0.53100103
0,0,0.48158124
0,1,0.8597993
0,0,0.42643628
0,1,0.65332735
0,0,0.45577917
0,1,0.73995495
0,0,0.39700365
0,0,0.40364918
1,1,0.8362531
1,1,0.8614984
0,0,0.48494783
0,0,0.41953158
0,1,0.50651914
0,0,0.44442287
0,0,0.42177403
0,0,0.39700365
0,1,0.7522043
0,0,0.47340575
0,1,0.536315
0,0,0.4570243
0,0,0.41672328
0,1,0.64326894
0,1,0.5455435
0,1,0.80395186
0,0,0.4810402
1,1,0.63526905
1,1,0.68273157
0,0,0.45885554
0,0,0.4025039
0,1,0.74038136
0,1,0.51225245
0,0,0.42157307
0,1,0.52432036
0,1,0.72053325
0,0,0.45463556
0,1,0.7193089
1,0,0.45007086
0,1,0.74535847
0,0,0.45463556
0,1,0.53651375
0,0,0.433615
1,1,0.8569261
0,1,0.53395844
0,1,0.7718543
1,0,0.3993632
0,1,0.5412366
1,1,0.85256666
0,1,0.53064793
0,1,0.58845556
0,0,0.48841012
1,1,0.6924602
0,0,0.433615
0,0,0.40655962
0,0,0.44787225
0,0,0.39700365
0,0,0.48147622
0,1,0.5278096
0,0,0.41210175
0,0,0.43579882
1,1,0.5151626
1,1,0.8614984
0,1,0.71663195
0,0,0.40655962
1,1,0.86340576
0,1,0.6847439
0,0,0.4142808
0,0,0.44559842
0,0,0.41867486
0,1,0.5022314
0,0,0.4743634
1,1,0.73350304
1,1,0.7775472
0,1,0.773777
0,1,0.5589331
1,1,0.5865394
0,1,0.61451095
0,1,0.81962645
0,1,0.5399871
0,0,0.47033566
0,0,0.4434041
1,1,0.64807004
1,1,0.8272032
1,0,0.4894195
1,1,0.8614984
0,1,0.643699
0,1,0.6822945
0,0,0.39700365
0,1,0.65385735
0,0,0.41448936
1,1,0.55502635
0,1,0.7533803
0,1,0.6027246
0,0,0.43462884
0,0,0.39700365
0,0,0.42641822
0,1,0.59905285
0,1,0.61842877
0,1,0.6838673
0,1,0.5328813
0,1,0.6062839
0,1,0.5348028
0,1,0.6200627
1,1,0.84354264
0,1,0.53637695
1,1,0.8587869
0,1,0.7296299
0,0,0.4089374
0,1,0.6888062
0,1,0.50670344
1,1,0.86340576
0,1,0.64127284
0,1,0.86128646
0,0,0.42426407
0,1,0.5062868
1,1,0.7954996
1,1,0.8604622
0,1,0.77894324
0,0,0.4272283
0,1,0.72679657
0,1,0.5483342
0,0,0.40655962
0,0,0.44733164
0,0,0.4769063
0,1,0.85927635
0,0,0.42426407
0,0,0.39700365
0,1,0.7259436
0,1,0.5992974
0,1,0.85621864
1,1,0.85525745
0,1,0.60578066
0,1,0.7890681
0,0,0.3993632
0,1,0.6448123
1,1,0.660951
0,1,0.5472355
0,0,0.4963143
0,0,0.39700365
1,1,0.5392706
0,1,0.8186104
0,1,0.8614984
0,1,0.6404089
0,1,0.5792663
0,0,0.39700365
0,0,0.39700365
0,0,0.40655962
0,0,0.40655962
0,1,0.7756232
0,1,0.5005867
0,1,0.5723478
0,0,0.4025039
0,0,0.49321938
0,0,0.433615
0,1,0.72199285
0,1,0.53064793
0,1,0.5021017
0,1,0.55173993
1,1,0.8052273
0,1,0.633973
0,1,0.505388
0,1,0.5459519
0,1,0.6117776
0,1,0.826647
0,1,0.8235503
0,1,0.8196101
0,1,0.71017003
0,0,0.4963143
0,0,0.44496292
0,1,0.86340576
1,1,0.82494
0,0,0.39700365
0,0,0.42426407
0,0,0.48709714
0,0,0.4894195
0,0,0.44890824
0,0,0.40655962
0,1,0.5362403
0,1,0.5608522
1,1,0.7668918
0,1,0.6447866
0,1,0.72426564
0,1,0.5392084
0,0,0.40655962
0,1,0.6638354
0,0,0.39700365
0,1,0.7216674
0,1,0.5033969
0,0,0.49143013
1,1,0.62400305
0,1,0.6427336
0,0,0.41325542
0,0,0.39700365
0,0,0.40364918
0,0,0.42426407
0,1,0.85662085
0,0,0.40655962
1,1,0.7912045
0,0,0.39700365
0,0,0.433615
1,0,0.48494783
0,1,0.69890624
0,0,0.405843
1,1,0.8249944
1,1,0.5988953
0,1,0.6530099
0,0,0.4025039
0,1,0.86340576
0,0,0.41448936
1,1,0.8056796
0,1,0.5536685
0,0,0.4295405
0,1,0.5028546
0,0,0.39700365
0,0,0.39700365
1,1,0.86340576
0,0,0.43930906
0,0,0.40655962
0,1,0.58403224
0,0,0.40655962
1,1,0.86340576
0,1,0.77534556
1,1,0.8588544
0,0,0.39700365
1,1,0.79847145
0,1,0.6435747
0,1,0.50651914
0,0,0.49047902
0,1,0.6583089
0,1,0.69627243
0,0,0.43462884
0,1,0.59336555
1,1,0.8624482
1,1,0.8630521
0,1,0.61716
1,1,0.8609282
0,1,0.86010206
0,1,0.7277857
0,0,0.40655962
0,0,0.39700365
0,0,0.40888348
0,1,0.61820847
0,1,0.61319494
0,0,0.40888348
0,0,0.39700365
0,0,0.45007086
0,1,0.64694077
0,0,0.4025039
0,0,0.49681747
0,1,0.6209431
0,1,0.54473454
1,1,0.55011356
1,1,0.8203858
0,0,0.39700365
0,1,0.77409434
0,1,0.8570639
0,0,0.40699127
0,1,0.56745684
0,1,0.752614
0,1,0.71195203
0,0,0.40655962
1,1,0.86340576
1,0,0.40888348
0,0,0.433615
0,0,0.40466717
1,0,0.44675347
0,0,0.45892903
0,1,0.7877411
0,0,0.43462884
0,0,0.413102
0,1,0.5103848
0,1,0.5490145
1,1,0.8450214
0,1,0.8347643
0,0,0.40699127
0,1,0.64701194
1,1,0.86340576
1,1,0.86128646
0,1,0.6580447
1,1,0.86057913
1,1,0.86128646
0,1,0.77047557
0,0,0.47745177
0,0,0.41448936
0,1,0.59800786
0,1,0.66441154
0,0,0.4594419
0,0,0.39700365
0,0,0.4025039
0,1,0.5594518
0,0,0.44479656
0,1,0.65974265
0,0,0.4252725
0,1,0.5033842
0,0,0.3993632
0,1,0.5035767
0,0,0.41210175
0,1,0.74467903
0,1,0.6435387
0,0,0.433615
1,1,0.8614984
0,0,0.4881228
0,1,0.6063748
0,1,0.5816593
0,1,0.6989804
0,1,0.5971582
0,0,0.45632958
0,1,0.8332477
0,1,0.6643725
0,0,0.4769063
0,0,0.433615
0,1,0.77355397
1,1,0.80862075
0,1,0.6892489
0,1,0.5000967
0,0,0.39700365
0,0,0.48968032
1,1,0.7763067
0,1,0.6812979
0,1,0.85175127
0,1,0.6910349
0,1,0.5743006
0,1,0.7887503
0,1,0.5738957
0,1,0.5930073
0,0,0.4340039
1,0,0.45347562
1,1,0.6775566
0,1,0.6310676
0,1,0.63179165
0,0,0.433615
0,1,0.52473664
1,1,0.6823636
0,0,0.40888348
1,1,0.6660907
0,0,0.43462884
1,1,0.7131826
0,1,0.67700243
0,0,0.42426407
0,0,0.40655962
0,1,0.53622633
0,1,0.5504097
0,0,0.46943054
0,1,0.7721562
0,0,0.4498844
0,1,0.5324135
1,1,0.68393856
0,1,0.5012514
0,1,0.5389253
0,1,0.61450016
0,1,0.60852253
0,0,0.48720512
0,1,0.682029
0,1,0.7376949
0,0,0.47912344
0,1,0.5558214
0,1,0.5305305
0,0,0.41448936
1,1,0.86340576
1,1,0.7807804
0,1,0.7037309
0,0,0.39700365
0,0,0.43462884
0,0,0.428631
0,0,0.40655962
0,1,0.66013616
0,1,0.5833779
0,1,0.59933007
0,0,0.39700365
0,0,0.43516624
0,0,0.4993137
1,0,0.40699127
1,1,0.5536685
0,1,0.59403336
1,1,0.86128646
0,0,0.4380804
0,0,0.3993632
0,1,0.8102952
0,1,0.55762696
0,1,0.777238
1,1,0.7221763
1,1,0.81326187
0,1,0.80113363
0,1,0.57144666
1,1,0.75768554
1,1,0.8603165
0,1,0.7393484
0,0,0.4340039
0,0,0.39700365
1,1,0.85443974
0,1,0.73796636
0,1,0.5009732
0,1,0.51032114
0,1,0.58371097
1,1,0.85842323
0,1,0.66078556
0,0,0.48841012
0,1,0.6620895
0,0,0.4993137
0,0,0.41448936
1,1,0.85899574
0,1,0.59577286
0,0,0.40655962
0,0,0.433615
0,1,0.59933007
0,0,0.4434041
0,1,0.6825802
0,0,0.42643628
0,1,0.5126816
0,1,0.8614984
0,1,0.5691066
1,1,0.8392488
1,1,0.52984774
1,1,0.86340576
0,0,0.4442566
0,1,0.63700324
0,0,0.39700365
0,1,0.66583335
1,1,0.8273993
0,1,0.64227396
1,1,0.8593543
1,1,0.81906986
0,0,0.40655962
1,1,0.55182666
0,0,0.39700365
0,1,0.54878646
0,1,0.8401248
0,1,0.6688344
0,1,0.71468693
1,1,0.5009732
0,0,0.44172686
0,1,0.7740869
0,1,0.664811
0,1,0.73137057
0,0,0.49037695
0,0,0.46843904
0,1,0.5126816
0,0,0.39700365
1,1,0.86128646
0,0,0.46723968
0,1,0.5681413
0,0,0.42157307
0,0,0.3993632
0,0,0.42426407
0,1,0.7684631
0,1,0.5734925
0,0,0.40888348
0,1,0.5228623
0,0,0.39700365
0,0,0.39700365
1,1,0.8593543
0,0,0.42426407
0,1,0.65966594
0,1,0.7885028
1,1,0.59033346
1,1,0.5918543
0,1,0.8497511
0,1,0.6210819
0,0,0.39700365
0,1,0.5172611
0,1,0.5631823
0,1,0.7778948
0,0,0.39700365
0,1,0.55458415
0,1,0.6056964
0,1,0.5459458
0,0,0.4048742
0,1,0.70106274
0,1,0.654238
0,1,0.6044432
0,0,0.39700365
0,0,0.4743634
0,1,0.83744955
0,0,0.39700365
1,1,0.64508826
0,0,0.43579882
0,0,0.39700365
0,1,0.74076957
0,0,0.42426407
0,0,0.4048482
0,1,0.6859417
0,1,0.6063832
0,1,0.5699128
0,0,0.39700365
0,0,0.43516624
0,1,0.51695997
0,0,0.4048482
0,0,0.47857422
0,1,0.6158591
1,1,0.50736094
0,0,0.39700365
0,0,0.42157307
0,0,0.4769063
1,1,0.7603056
0,0,0.39700365
0,1,0.5126816
1,1,0.6819824
0,1,0.59849334
0,1,0.7957205
0,0,0.40655962
0,1,0.6975299
1,1,0.5952708
1,1,0.86340576
0,1,0.7534223
0,0,0.433615
0,1,0.5615287
0,0,0.4918433
1,1,0.80072784
0,0,0.41599372
0,0,0.48985225
0,1,0.7088047
0,1,0.5508398
0,1,0.6668872
0,1,0.58966374
1,0,0.39700365
0,0,0.49037695
1,1,0.76459116
1,1,0.8588544
1,1,0.8614984
0,1,0.5691066
0,1,0.5744059
0,0,0.39700365
0,0,0.47745177
0,1,0.7427866
0,1,0.6668872
1,1,0.52956355
0,0,0.4048742
0,1,0.63877356
0,0,0.4025039
0,1,0.7306657
0,1,0.86128646
0,0,0.43579882
0,0,0.40655962
0,1,0.5217951
0,0,0.47917587
0,0,0.49363732
0,1,0.76892054
0,1,0.50228316
0,0,0.47912344
0,1,0.6845732
0,1,0.69192135
0,0,0.41448936
0,1,0.6234264
0,0,0.49722102
0,1,0.5723478
0,1,0.5913578
0,1,0.50663704
0,1,0.56470376
1,1,0.8619377
0,1,0.51225245
0,1,0.70633256
0,1,0.53730357
0,0,0.49738342
0,0,0.46843904
0,1,0.6405132
0,1,0.6184771
1,1,0.86128646
1,1,0.7389188
0,0,0.43129736
1,1,0.86128646
0,0,0.39700365
0,0,0.4025039
0,1,0.52956355
0,1,0.71808296
0,1,0.7424986
0,1,0.56640697
1,1,0.86340576
0,1,0.6761633
0,1,0.6894478
0,0,0.49321938
1,1,0.80705804
0,0,0.39700365
0,0,0.4048742
0,0,0.4025039
0,1,0.64959466
0,0,0.4582057
0,1,0.6562778
0,0,0.47278932
0,1,0.8185714
0,1,0.6453974
1,1,0.6431331
0,1,0.5035767
0,0,0.4025039
0,0,0.4963143
0,0,0.49140835
1,1,0.85582495
1,1,0.67008674
0,0,0.4769063
0,1,0.82808065
0,1,0.5777332
0,0,0.49874887
0,0,0.478292
0,1,0.5323226
1,1,0.8614984
0,0,0.44496292
0,1,0.7790265
0,0,0.4025039
0,1,0.61388713
0,1,0.74821997
0,1,0.6073808
0,0,0.4955886
0,0,0.41020137
0,0,0.43579882
0,0,0.4185269
0,0,0.47193038
0,0,0.39700365
1,1,0.85627383
0,1,0.51733184
0,0,0.4434041
0,0,0.48985225
1,1,0.8594873
0,1,0.6872318
1,1,0.7682659
0,0,0.39700365
0,1,0.6710091
0,1,0.56678253
0,1,0.7234301
0,1,0.8593543
0,1,0.66012394
0,0,0.40655962
0,1,0.71774286
0,0,0.45307052
0,0,0.48841012
0,1,0.5636132
0,0,0.39700365
0,0,0.39700365
1,1,0.86340576
0,1,0.60079676
1,1,0.7471148
0,1,0.6253696
1,1,0.851251
0,1,0.86340576
0,0,0.4434041
0,1,0.6805622
0,0,0.41549128
0,1,0.6918431
0,1,0.83554816
0,1,0.67691374
0,0,0.44442287
0,0,0.43930906
0,1,0.54778105
0,1,0.5836623
0,1,0.5881496
0,0,0.40655962
0,1,0.5779489
0,1,0.70889944
1,1,0.86128646
0,0,0.44479656
0,1,0.51683724
0,1,0.56554264
0,0,0.45409343
0,0,0.49037695
0,1,0.60921484
0,0,0.42426407
1,1,0.8577747
1,1,0.5674854
1,1,0.8279608
0,0,0.4025039
1,1,0.86340576
1,1,0.86340576
0,1,0.5062537
0,0,0.4048742
0,0,0.4059956
0,1,0.6222957
1,1,0.8594873
0,0,0.47745177
0,0,0.4521875
1,1,0.8609282
0,1,0.51165044
0,0,0.4442746
1,1,0.8495605
0,0,0.433615
0,1,0.5097555
0,1,0.86340576
0,1,0.51165044
0,1,0.5233166
1,1,0.8614984
1,1,0.8212377
0,1,0.528498
0,0,0.49325082
0,0,0.42044696
0,0,0.41210175
0,1,0.6539506
0,1,0.5799756
0,1,0.8604622
1,1,0.8249944
0,0,0.41867486
0,0,0.39700365
0,1,0.7347991
0,0,0.48737898
0,1,0.7574109
0,0,0.3993632
0,0,0.41103315
1,1,0.765361
0,0,0.39700365
1,1,0.8624482
0,1,0.7244337
0,0,0.4853213
0,0,0.39700365
1,1,0.67263854
1,1,0.85175127
0,0,0.45578718
0,1,0.5222972
0,1,0.6075893
0,0,0.44442287
0,0,0.4048482
0,1,0.50409454
0,0,0.4993137
1,1,0.64807004
0,1,0.6415785
1,1,0.634679
0,1,0.79099756
0,0,0.47033566
0,0,0.46792352
0,1,0.771359
0,1,0.5881496
1,1,0.71696275
0,0,0.4252725
1,1,0.857668
0,0,0.39700365
1,1,0.57371765
0,0,0.4674571
0,1,0.643317
0,0,0.433615
1,0,0.4769063
1,1,0.64602053
0,1,0.7289207
1,1,0.8624482
0,1,0.6957361
0,0,0.3993632
0,1,0.7939266
0,0,0.48147622
0,1,0.524839
0,1,0.7591712
0,1,0.50148016
1,1,0.5048278
1,1,0.8600132
1,1,0.86340576
1,1,0.8461421
0,1,0.738479
0,0,0.39700365
0,0,0.48147622
0,1,0.75558037
0,1,0.54882723
0,1,0.50683343
0,0,0.41046438
1,1,0.8603165
1,1,0.85619026
0,1,0.5969525
0,0,0.42992857
0,1,0.5107425
0,1,0.5863863
1,1,0.63622904
0,0,0.48737898
1,1,0.8292205
0,0,0.4442566
0,1,0.826647
0,1,0.80883926
1,1,0.86128646
0,1,0.683654
1,1,0.7465707
0,1,0.5746475
0,0,0.4025039
0,0,0.39700365
1,1,0.85899574
0,0,0.39700365
0,1,0.8614984
1,1,0.8501267
0,0,0.39700365
0,0,0.4859898
1,1,0.8513319
0,0,0.39700365
0,1,0.62420774
1,1,0.86128646
0,1,0.55162185
0,1,0.7370313
0,1,0.7617697
0,0,0.4025039
0,1,0.51165044
0,0,0.39700365
0,1,0.52956355
0,0,0.49015817
1,1,0.86128646
1,1,0.86340576
0,1,0.5615299
1,1,0.81200653
0,1,0.740034
1,1,0.82176095
0,1,0.5092524
0,1,0.5777332
0,0,0.39700365
0,0,0.39700365
0,1,0.50651914
0,0,0.48841012
0,0,0.433615
0,1,0.6717337
0,1,0.63019514
0,1,0.8092917
0,1,0.51695997
0,0,0.41210175
0,0,0.39700365
1,1,0.7207164
0,1,0.56874716
1,1,0.650219
0,1,0.69006246
0,1,0.5474326
0,1,0.54473454
0,1,0.57144135
0,1,0.75008744
0,1,0.62926364
1,1,0.8101603
0,0,0.47725108
0,1,0.528498
0,0,0.4089374
1,1,0.77848303
0,0,0.40466717
0,0,0.3993632
1,1,0.5641212
0,0,0.44442287
0,1,0.6071352
0,0,0.39700365
0,1,0.7754849
1,1,0.86340576
0,1,0.5126816
0,1,0.5580196
0,0,0.433615
0,1,0.6906525
0,1,0.8630521
0,1,0.53064793
0,1,0.8570639
0,1,0.7828468
0,1,0.5363199
0,0,0.4295405
0,1,0.72898036
0,1,0.6297434
0,1,0.81541675
0,1,0.6380817
1,1,0.8374728
0,0,0.44323796
0,0,0.45709315
0,0,0.39700365
0,1,0.7304013
0,1,0.8138104
1,1,0.82470554
0,1,0.6824896
0,1,0.63561547
0,1,0.7096277
0,1,0.53305644
0,1,0.8298807
0,0,0.48802188
1,1,0.8509477
0,1,0.7157026
1,1,0.75558037
0,0,0.4048742
0,0,0.40655962
0,1,0.66938233
1,0,0.4089374
0,1,0.5881496
0,1,0.51044196
0,1,0.8160868
0,1,0.8450214
0,1,0.56470376
0,1,0.55272794
0,0,0.39700365
0,1,0.5362403
0,0,0.49140835
0,1,0.68047494
0,0,0.42799413
0,0,0.39700365
0,0,0.40618917
1,1,0.7514118
0,0,0.39700365
0,1,0.5566459
1,1,0.85017973
0,1,0.50050366
0,1,0.55036753
0,0,0.43579882
0,0,0.41325542
0,1,0.75734556
1,1,0.69724023
0,0,0.4594419
0,1,0.601992
1,1,0.80538255
0,1,0.6424886
0,1,0.8050845
1,1,0.7974062
0,1,0.6433916
0,0,0.428631
0,1,0.51165044
0,1,0.5244157
0,1,0.634901
0,0,0.48895666
0,1,0.7175951
0,1,0.62926364
0,0,0.49140835
0,0,0.4025039
0,0,0.39700365
0,1,0.5566459
0,0,0.39700365
0,1,0.7286986
1,1,0.8303582
0,0,0.4025039
0,1,0.60165656
0,1,0.5605391
0,1,0.5126816
0,1,0.7302778
0,1,0.68219143
1,1,0.7754422
1,1,0.7752632
0,1,0.70539606
0,0,0.39700365
1,1,0.59324604
0,1,0.5401339
0,1,0.69564205
0,1,0.6246143
0,1,0.60860384
1,1,0.84026647
0,1,0.56479573
0,0,0.4928649
1,1,0.86340576
0,1,0.8593543
1,1,0.86340576
0,1,0.5002585
1,1,0.82184577
0,1,0.6543745
1,1,0.5051252
1,1,0.7517547
0,1,0.50670344
0,1,0.7448505
0,0,0.433615
0,1,0.5288592
0,1,0.51803297
0,1,0.77894515
0,1,0.86340576
0,1,0.8214964
0,1,0.63088584
0,1,0.53086
1,1,0.83153474
0,1,0.57825416
1,0,0.44442287
0,1,0.66272765
0,0,0.4048742
0,0,0.44890824
1,1,0.86340576
0,0,0.47033566
0,0,0.41020137
0,1,0.5433113
0,1,0.5511446
0,0,0.4594419
1,0,0.46377453
0,0,0.39700365
1,1,0.8603165
0,0,0.47033566
1,1,0.86114436
0,1,0.53064793
0,1,0.86340576
0,0,0.43839476
0,1,0.85893947
0,1,0.8105247
0,0,0.39700365
1,1,0.8624482
1,1,0.8303582
0,1,0.51979285
0,1,0.7807804
1,0,0.39700365
0,1,0.72993183
0,1,0.5926716
1,1,0.5871274
0,1,0.5490145
0,0,0.39700365
0,1,0.678729
0,0,0.3993632
1,1,0.67320067
0,1,0.6710913
0,1,0.59577173
0,1,0.634679
1,1,0.74345696
0,0,0.49140835
0,1,0.6647011
1,1,0.71378094
0,0,0.43839476
0,1,0.76409817
0,0,0.48737898
0,1,0.5115661
0,1,0.7253233
0,1,0.6282656
0,1,0.5035767
0,0,0.4025039
0,0,0.43462884
0,0,0.49363732
0,1,0.6112889
1,1,0.82511413
0,0,0.4442746
1,1,0.8262616
0,0,0.40335494
0,0,0.42426407
0,0,0.45892903
0,0,0.40655962
1,1,0.7393484
0,1,0.6429007
0,0,0.42157307
0,1,0.83554816
0,0,0.41448936
0,0,0.41210175
0,0,0.48334655
1,1,0.8159816
0,1,0.5637055
0,0,0.433615
0,1,0.553549
0,1,0.54899216
1,1,0.5236267
0,1,0.5844421
0,0,0.45827457
0,1,0.5131038
1,1,0.8349069
1,1,0.7399405
0,0,0.4025039
0,0,0.42799413
0,1,0.56392854
1,1,0.83473665
0,0,0.41020137
0,0,0.43737885
0,1,0.5832698
1,1,0.81151986
0,1,0.7521746
0,1,0.5079023
0,1,0.7047511
0,1,0.7368781
0,1,0.6629459
0,0,0.39700365
0,1,0.760011
0,1,0.5214897
0,1,0.8019016
0,0,0.44890824
0,1,0.66127586
0,1,0.7428934
0,0,0.39700365
0,1,0.61938804
0,0,0.39700365
0,0,0.4425247
0,1,0.6488932
0,1,0.5518761
0,1,0.7786786
0,0,0.41210175
0,0,0.4679858
0,1,0.7650278
0,1,0.72437954
0,0,0.45463556
0,1,0.8202405
0,0,0.47033566
0,0,0.49048814
0,1,0.6296406
0,1,0.63397217
0,0,0.44442287
0,1,0.6253696
0,1,0.52416474
0,1,0.68916947
0,0,0.433615
0,1,0.6127447
0,1,0.627862
0,0,0.39700365
1,1,0.85241973
0,1,0.7256166
1,1,0.8614984
1,1,0.80840415
0,0,0.42426407
0,1,0.553549
0,1,0.7317304
0,1,0.64508355
0,1,0.6201323
1,0,0.45892903
0,0,0.4235603
1,1,0.86128646
0,1,0.7563523
0,1,0.6121426
0,0,0.433615
0,1,0.85074425
0,0,0.4885429
0,0,0.39700365
0,0,0.43462884
1,1,0.65626234
0,1,0.75070506
1,1,0.8598336
0,1,0.8548386
0,1,0.80883926
0,0,0.433615
1,1,0.82623184
1,1,0.5644861
0,0,0.39700365
0,1,0.57311153
1,1,0.79450834
0,1,0.82807106
0,1,0.60338974
1,1,0.711051
0,0,0.40466717
0,1,0.73507136
1,1,0.86340576
0,1,0.55239135
0,0,0.46692118
0,1,0.5665555
0,1,0.56912553
0,1,0.5913578
0,0,0.4826646
0,1,0.58497566
0,1,0.7325722
0,1,0.75399935
0,1,0.5340789
1,1,0.8568257
0,1,0.51979285
0,0,0.39700365
1,1,0.8614984
0,0,0.39700365
0,1,0.76722354
0,1,0.50736094
0,1,0.7163436
1,1,0.86128646
0,1,0.86340576
0,1,0.62620443
0,0,0.42799413
0,1,0.54887944
0,0,0.48986644
0,0,0.41295904
0,1,0.66758144
0,0,0.4798676
0,1,0.57144135
0,1,0.51044196
0,1,0.56640697
1,0,0.43737885
0,0,0.49501196
0,1,0.7201267
0,1,0.5092524
0,0,0.49558157
0,0,0.40655962
0,0,0.48147622
0,0,0.39700365
0,0,0.44479656
0,0,0.46941188
0,0,0.3993632
0,0,0.4826646
0,1,0.5680187
1,1,0.8614984
0,1,0.50050366
0,1,0.7646998
0,1,0.5777332
0,1,0.8099691
0,1,0.71663195
0,1,0.5611004
0,0,0.39700365
0,0,0.42426407
0,0,0.41985378
0,1,0.5490145
0,1,0.8143321
0,1,0.64054245
1,1,0.56111205
0,1,0.67205256
1,1,0.86128646
0,1,0.63638926
1,1,0.8603165
1,1,0.8279143
1,1,0.80936193
1,1,0.81191117
0,1,0.8597218
0,1,0.54473454
0,1,0.7552056
0,0,0.39700365
1,1,0.8609282
0,1,0.5779489
0,0,0.4252725
0,1,0.5669366
0,0,0.46789005
1,1,0.8489025
1,1,0.86340576
0,1,0.5139448
1,1,0.69042206
0,1,0.528498
0,0,0.3993632
1,1,0.8206818
0,1,0.71832556
0,1,0.83242583
0,0,0.40466717
0,1,0.8028053
0,1,0.5778738
0,1,0.6265716
0,1,0.7029853
1,1,0.8593543
0,0,0.39700365
0,0,0.39700365
0,0,0.48577768
1,1,0.86340576
0,0,0.45409343
0,1,0.7664295
0,1,0.575178
0,1,0.6676575
0,1,0.51106316
0,1,0.8218149
0,1,0.8560468
0,1,0.5003828
1,1,0.78027385
0,1,0.60591364
1,1,0.74378985
0,1,0.5924798
0,1,0.6497073
0,1,0.64168835
1,1,0.8594873
0,0,0.39700365
0,0,0.4252725
1,1,0.5951081
1,1,0.86128646
1,1,0.7389052
0,0,0.4706898
0,1,0.80161077
1,0,0.48108825
1,1,0.68085593
0,1,0.6866654
0,1,0.77894515
0,1,0.6805622
0,0,0.39700365
0,0,0.39700365
0,1,0.7017217
0,0,0.4048482
0,0,0.4252725
1,1,0.8157051
1,1,0.8269315
0,0,0.4144905
0,0,0.47848153
1,1,0.77602756
0,1,0.5860662
0,0,0.41985378
0,0,0.39700365
1,1,0.85399157
0,0,0.39700365
0,1,0.5048278
0,0,0.39700365
0,1,0.6872318
0,1,0.5576644
0,0,0.492344
0,1,0.7319638
1,1,0.7968965
0,0,0.42426407
0,1,0.6811011
0,1,0.6396072
0,0,0.42643628
1,1,0.86340576
0,1,0.66223305
1,0,0.4852737
0,0,0.40335494
0,0,0.4442566
0,1,0.632786
0,0,0.41210175
0,1,0.81191117
1,1,0.8222855
0,0,0.49642244
0,1,0.8279143
0,1,0.5777332
0,0,0.39700365
0,1,0.7199055
0,0,0.4174481
0,1,0.6373162
0,1,0.54407895
0,1,0.74878496
0,1,0.6033868
1,1,0.86340576
0,0,0.4580857
0,1,0.86128646
0,0,0.433615
0,0,0.404643
0,1,0.63264716
0,1,0.6714086
0,1,0.8190043
0,0,0.39700365
0,1,0.7183307
1,1,0.8159816
1,1,0.8593543
0,1,0.792907
1,1,0.84891623
0,1,0.5035767
0,0,0.43462884
0,0,0.49363732
0,1,0.5066985
0,1,0.58192503
0,1,0.86340576
0,0,0.44479656
0,1,0.8238213
0,1,0.5376682
0,1,0.5017483
0,1,0.60384566
0,0,0.49140835
0,1,0.65855974
0,1,0.61804795
0,1,0.5615287
0,1,0.7679483
0,1,0.7551337
0,1,0.78500044
0,0,0.39700365
1,1,0.8593543
0,0,0.39700365
0,0,0.4089374
0,1,0.68127733
0,1,0.56874716
0,1,0.7242966
0,1,0.62224543
0,1,0.51487195
0,1,0.7810493
0,0,0.39700365
0,0,0.41210175
0,1,0.73022527
1,1,0.86340576
0,1,0.69106734
0,1,0.8095749
1,1,0.7196887
0,1,0.52830577
0,1,0.58925724
0,1,0.8249944
0,0,0.40655962
0,1,0.6734856
0,1,0.5233166
0,1,0.81674814
1,1,0.8630521
0,0,0.39700365
0,0,0.40655962
1,1,0.85049266
0,1,0.5273118
0,0,0.39700365
0,1,0.6363599
0,1,0.50670344
1,1,0.59248644
0,0,0.4894195
0,0,0.39700365
0,0,0.4225798
0,0,0.49037695
0,0,0.4935067
1,1,0.8610889
0,0,0.4025039
0,1,0.5405875
0,1,0.857668
1,1,0.8123733
0,0,0.4225798
1,1,0.62328
0,1,0.6791923
0,1,0.82489425
1,1,0.72383916
1,1,0.7931762
1,1,0.86128646
0,1,0.53181666
1,1,0.6036509
0,0,0.40888348
0,1,0.6890113
0,0,0.44559842
1,1,0.84964585
0,1,0.5565419
0,0,0.40335494
1,1,0.8501236
0,1,0.5364565
0,1,0.75447637
0,1,0.75512934
1,1,0.8001038
0,0,0.41210175
1,1,0.86340576
0,1,0.7971688
0,0,0.45394453
0,0,0.42416403
0,1,0.52473664
1,1,0.6570983
0,1,0.51695997
0,1,0.62826544
1,1,0.5011251
0,1,0.8209403
0,0,0.405843
0,0,0.44442287
0,1,0.6619637
0,1,0.5860903
0,1,0.6636885
0,1,0.64034516
1,1,0.80304563
0,0,0.43930906
1,1,0.8151663
0,0,0.433615
0,0,0.49781755
0,0,0.4025039
0,0,0.40655962
1,1,0.7041992
0,1,0.528498
0,1,0.86128646
0,0,0.41599372
0,0,0.4142808
0,0,0.4769063
0,1,0.5233653
0,1,0.70134217
0,1,0.6012493
0,1,0.5779061
0,0,0.4252725
0,1,0.51803297
0,1,0.76000124
0,1,0.6107507
1,0,0.46916324
0,1,0.7569906
0,1,0.6246143
0,0,0.433615
0,0,0.43501797
0,1,0.76371855
0,0,0.39700365
0,0,0.44594368
1,1,0.7737774
0,1,0.56260115
0,0,0.4025039
0,0,0.4379057
0,0,0.4025039
1,1,0.56972706
0,0,0.39700365
0,1,0.59671336
0,1,0.6567662
0,0,0.48668265
0,1,0.86340576
0,0,0.3993632
0,0,0.4048742
0,1,0.5547654
1,1,0.8594873
0,1,0.67329526
0,1,0.5859575
1,1,0.7211728
0,1,0.541196
1,1,0.86340576
0,1,0.6373162
0,1,0.59757507
0,1,0.7172464
0,1,0.8194813
1,1,0.8483126
0,1,0.71714574
1,1,0.86128646
1,1,0.6659401
0,1,0.7879305
0,1,0.5317253
0,1,0.71110255
0,1,0.55583084
0,1,0.65601784
1,1,0.5777332
0,0,0.4048742
0,0,0.41020137
1,1,0.5957214
0,1,0.6460935
1,1,0.8598819
0,0,0.39700365
0,1,0.8141816
0,0,0.49140835
1,1,0.8209403
0,1,0.7770069
0,1,0.84964585
0,1,0.59861916
0,1,0.6704321
0,1,0.7603744
0,1,0.851251
0,0,0.48147622
0,0,0.405843
0,0,0.39700365
0,1,0.76889586
1,1,0.5222497
0,0,0.42157307
0,0,0.39700365
1,1,0.81712186
0,0,0.4928649
0,1,0.654238
0,1,0.55444086
0,0,0.4769063
0,1,0.8616297
0,1,0.8099691
0,0,0.43462884
0,1,0.52123016
0,1,0.79331213
0,0,0.39700365
0,1,0.7474306
1,1,0.62870413
0,1,0.5859575
0,1,0.5317524
0,1,0.56640697
0,0,0.44924027
0,0,0.4582057
0,0,0.44442287
1,1,0.7801234
0,0,0.41448936
0,1,0.70311123
0,0,0.48613682
1,1,0.82359576
0,0,0.41984454
0,1,0.64395577
0,1,0.6590247
0,1,0.7431054
0,1,0.7593602
0,0,0.48401436
0,0,0.41210175
0,1,0.51803297
0,0,0.39700365
0,0,0.4048742
0,1,0.51580656
0,1,0.5855875
0,0,0.43462884
1,1,0.85345554
0,0,0.43462884
0,1,0.61433125
0,1,0.50050366
0,1,0.8044054
0,1,0.85399157
0,0,0.39700365
0,1,0.5048278
0,1,0.5015727
0,0,0.40655962
0,0,0.40655962
0,1,0.5779002
1,0,0.48306447
0,1,0.578816
0,1,0.5366132
0,0,0.4178029
0,0,0.39700365
1,1,0.5990274
0,1,0.7101634
1,1,0.7569906
1,1,0.86340576
0,0,0.4570243
0,0,0.39700365
0,1,0.5126816
0,1,0.6456158
0,0,0.39700365
0,1,0.75460136
1,1,0.86340576
0,0,0.3993632
0,0,0.4048742
0,1,0.7170835
0,0,0.4769063
0,1,0.84913576
0,1,0.52766395
0,0,0.40466717
0,1,0.85687906
0,0,0.42426407
0,1,0.6110536
0,0,0.41020137
0,1,0.51733184
0,0,0.39700365
0,0,0.43462884
0,1,0.53527266
1,1,0.65332735
0,1,0.5738957
0,1,0.73055315
0,1,0.8268046
0,1,0.63179165
0,1,0.75951374
0,1,0.5364565
0,0,0.42992857
0,0,0.48147622
0,0,0.49140835
0,0,0.49167773
0,1,0.5779489
0,1,0.5273118
0,1,0.6192222
0,1,0.6952584
0,0,0.44924027
0,1,0.7308911
0,1,0.50513226
0,0,0.39700365
0,1,0.7251799
0,0,0.4582057
0,1,0.51151055
0,1,0.597742
0,1,0.52241784
0,1,0.7517547
0,0,0.41985378
0,1,0.55322295
1,1,0.65855974
0,0,0.41120023
0,0,0.405843
0,0,0.48968032
0,0,0.42074
0,0,0.49750423
0,1,0.8437414
0,1,0.6946503
0,1,0.7109761
0,0,0.48147622
1,1,0.7981707
0,0,0.43462884
0,0,0.42426407
0,0,0.4434041
0,0,0.41046438
0,1,0.5273118
1,1,0.8609282
1,0,0.41549128
0,0,0.45235434
1,1,0.8604622
0,1,0.563043
0,1,0.59141517
0,0,0.4252725
0,1,0.7494099
1,1,0.82469434
1,0,0.41020137
0,1,0.569591
0,0,0.4379057
1,1,0.7514476
0,0,0.4025039
0,0,0.47033566
0,0,0.4093699
0,1,0.77273065
1,1,0.8249944
0,1,0.6338822
1,1,0.86340576
1,1,0.6895093
1,1,0.7348117
0,0,0.433615
1,1,0.8614029
0,1,0.6620895
0,1,0.5084107
1,1,0.86340576
0,1,0.5710948
0,1,0.54855263
1,1,0.85034573
0,0,0.39700365
0,1,0.6390264
0,1,0.52123016
0,1,0.5636132
0,1,0.5527186
0,1,0.50015426
0,1,0.8044054
1,1,0.8614984
1,1,0.8449609
1,0,0.42426407
0,1,0.5687088
0,1,0.581767
0,0,0.39700365
0,1,0.55203074
0,0,0.48835132
0,1,0.50751
1,1,0.86340576
0,1,0.8036798
0,1,0.7110936
0,0,0.4025039
0,1,0.86340576
0,0,0.47033566
1,1,0.5472634
0,1,0.6450194
1,1,0.6694761
0,1,0.5881496
1,1,0.8593543
0,1,0.59051484
0,1,0.5490145
1,1,0.86340576
0,0,0.43129736
0,0,0.39700365
0,1,0.5504413
0,0,0.4025039
0,1,0.6461635
1,1,0.7603428
0,0,0.488677
1,0,0.39700365
0,1,0.5494097
1,1,0.6415785
1,1,0.8203858
0,0,0.42426407
0,0,0.4089374
0,1,0.51265794
0,0,0.39700365
0,1,0.84891623
0,0,0.4696781
0,0,0.4894195
1,1,0.8610889
0,1,0.5222497
0,1,0.7040032
0,1,0.8083147
0,1,0.72826546
1,1,0.85582495
0,1,0.58496755
0,1,0.8080545
0,1,0.574174
0,0,0.44038332
0,0,0.4025039
1,1,0.7510328
0,1,0.6279038
0,0,0.40821952
0,1,0.5779441
0,1,0.7096239
1,1,0.8047438
1,1,0.86128646
0,0,0.46921906
0,1,0.74478436
0,1,0.5844421
1,1,0.68001467
1,1,0.8604622
0,1,0.688447
0,1,0.51032114
0,0,0.44479656
0,1,0.8483126
0,1,0.6822945
0,1,0.5833318
1,1,0.63753873
1,1,0.8604622
0,1,0.6233567
1,1,0.575437
0,1,0.52473664
0,1,0.8268046
0,0,0.4523098
0,1,0.5011251
0,0,0.49048814
0,0,0.4442566
0,1,0.51165044
0,0,0.4275045
0,0,0.48401436
0,0,0.433615
1,1,0.8196101
1,1,0.8556874
0,0,0.42100435
0,0,0.433615
1,1,0.70339954
0,0,0.45198235
0,0,0.433615
0,1,0.7547933
0,0,0.40655962
0,0,0.39700365
0,1,0.6811062
1,1,0.50148016
0,1,0.50773
1,1,0.6170379
0,0,0.40655962
0,0,0.433615
0,1,0.77020985
0,1,0.6382222
1,1,0.85771704
0,1,0.7490897
0,1,0.5131038
0,0,0.43462884
0,0,0.49897736
0,0,0.49562758
1,1,0.86128646
0,1,0.64412874
0,0,0.39700365
0,1,0.60893303
0,1,0.54225004
0,1,0.8292205
0,1,0.7545452
0,0,0.4489014
0,1,0.7476687
1,1,0.8069366
0,1,0.5009732
0,0,0.45463556
0,1,0.7506913
1,1,0.85624665
0,1,0.5918964
0,1,0.6196047
0,1,0.7193072
0,0,0.39700365
0,0,0.41020137
0,1,0.5472634
0,1,0.7030781
0,0,0.3993632
0,1,0.54882723
0,0,0.43462884
0,1,0.7217037
0,0,0.39851612
1,1,0.8187687
1,1,0.60852253
0,0,0.40699127
0,1,0.5870748
0,1,0.6456158
0,0,0.43516624
1,1,0.86340576
0,0,0.41448936
0,1,0.8624482
0,1,0.6479182
0,0,0.39700365
0,0,0.44323796
0,1,0.6078667
1,1,0.8603165
0,1,0.8630521
1,1,0.8614984
0,1,0.5489917
1,1,0.85771704
1,1,0.86340576
0,0,0.4025039
0,1,0.86340576
0,1,0.62762696
0,0,0.39700365
1,1,0.86340576
0,0,0.40349686
0,1,0.5079941
0,0,0.4025039
0,0,0.46495843
0,1,0.8350934
0,0,0.46943054
0,1,0.50670344
1,1,0.78778815
1,1,0.8279608
0,1,0.50050366
0,1,0.85927635
1,1,0.76722354
1,1,0.8614984
1,1,0.82807106
0,1,0.71479845
1,1,0.8197837
0,0,0.43462884
0,1,0.6500196
1,1,0.86340576
0,1,0.6830547
0,1,0.82172084
0,1,0.50228316
0,1,0.5850388
0,1,0.61144227
0,0,0.49140835
0,1,0.5324135
0,1,0.5881496
0,1,0.5533681
0,0,0.44442287
0,0,0.40655962
0,0,0.39700365
0,0,0.48720512
0,1,0.58551997
0,0,0.49140835
0,1,0.53527266
0,1,0.5503949
0,1,0.7207278
0,1,0.5933453
1,1,0.6481157
0,1,0.6546635
0,1,0.75278616
0,1,0.6316117
0,1,0.5009732
1,1,0.8614984
0,1,0.6492598
1,1,0.82565844
0,1,0.66076416
0,0,0.47912344
0,0,0.39700365
0,1,0.50736094
0,1,0.69673616
1,1,0.8164989
0,0,0.39700365
0,1,0.5504097
0,1,0.56009966
0,1,0.7090563
1,1,0.57934743
0,0,0.39700365
0,1,0.5490145
0,1,0.6820463
0,0,0.39700365
0,0,0.4993137
0,1,0.53251916
0,0,0.43462884
0,0,0.43579882
0,1,0.7763873
0,0,0.4252725
0,1,0.6723389
1,1,0.8609282
1,1,0.80573976
0,0,0.49825197
0,0,0.446305
0,0,0.4582772
0,1,0.6205993
0,1,0.71318454
0,1,0.6233567
1,1,0.8268046
0,1,0.57246494
0,0,0.4582057
0,0,0.49118957
1,0,0.44479656
0,1,0.7691615
0,0,0.4235603
0,1,0.8328355
0,0,0.4570243
0,0,0.41867486
0,0,0.4089374
0,1,0.6416917
1,1,0.81204677
0,0,0.43579882
0,0,0.40923145
0,1,0.6027202
0,1,0.5687468
0,1,0.69371223
1,1,0.857668
1,1,0.8624482
1,1,0.85674316
0,1,0.86340576
0,1,0.65673393
0,1,0.68100935
1,1,0.84274787
0,1,0.7315739
0,1,0.63656116
0,1,0.574157
0,1,0.80377626
0,1,0.52830577
1,1,0.8582114
0,0,0.43462884
0,1,0.82371014
0,0,0.49170816
0,0,0.433615
0,0,0.39700365
0,0,0.39700365
0,0,0.39700365
0,1,0.569591
1,1,0.8008227
0,1,0.5426594
1,1,0.8269315
1,1,0.65868556
0,0,0.4581282
0,1,0.71511304
0,0,0.39700365
0,1,0.5725479
0,1,0.7012198
0,0,0.39700365
0,0,0.40655962
1,1,0.68853146
0,0,0.39700365
0,1,0.75820386
1,1,0.76126933
0,0,0.39700365
0,1,0.74243486
1,1,0.6021474
0,1,0.6265716
0,0,0.44733164
0,0,0.41235313
0,0,0.40655962
0,0,0.425684
0,1,0.59697944
0,0,0.39700365
0,1,0.61183476
1,1,0.76348
0,0,0.46692118
0,0,0.43462884
0,0,0.39700365
0,0,0.4993137
1,1,0.851251
0,1,0.8080297
0,0,0.43501797
0,0,0.4442566
0,1,0.7473807
0,1,0.5264913
0,1,0.5898074
0,0,0.39700365
0,1,0.8563119
0,1,0.85927635
1,1,0.86340576
0,0,0.44648403
0,0,0.4434041
1,1,0.85195994
0,1,0.6671885
0,0,0.48147622
0,1,0.5283776
0,0,0.4252725
0,1,0.56848115
0,1,0.51225245
0,0,0.39700365
0,0,0.433615
0,1,0.65623206
0,1,0.64883125
1,1,0.8614984
0,0,0.4048742
0,1,0.5924481
0,1,0.5324135
0,1,0.5576988
1,1,0.7358444
0,1,0.6619429
0,0,0.4434041
0,0,0.39700365
0,1,0.6582419
1,1,0.68357855
0,0,0.4630418
0,0,0.4025039
0,1,0.59403336
0,1,0.82088214
1,1,0.840311
0,0,0.40655962
0,1,0.66138643
0,0,0.40466717
0,1,0.51803297
0,1,0.67954445
0,1,0.6433496
0,1,0.51165044
0,0,0.4594419
0,1,0.82393295
0,0,0.4048482
0,1,0.7534989
0,1,0.75558037
1,1,0.85842323
1,1,0.86340576
0,0,0.47190884
0,1,0.59874946
0,1,0.7347291
0,0,0.47033566
0,1,0.5504097
0,0,0.4178029
0,1,0.59033346
0,1,0.51580656
0,1,0.8092917
1,1,0.8191896
0,0,0.4142565
0,1,0.8203805
0,1,0.5003828
0,0,0.4498469
0,0,0.41599372
0,1,0.58708966
0,1,0.62709546
0,0,0.3993632
0,1,0.7395649
0,0,0.40655962
0,1,0.5490826
1,1,0.8241843
0,0,0.39700365
0,0,0.39700365
1,1,0.7772724
0,1,0.56874716
0,1,0.7797033
0,1,0.5092524
1,1,0.86340576
0,1,0.7260427
0,1,0.71834904
0,1,0.729338
1,1,0.7242137
0,0,0.40335494
0,0,0.4089374
0,0,0.4048742
0,1,0.54610103
0,0,0.4831454
0,1,0.6375278
1,1,0.6623838
0,0,0.41985378
0,1,0.7529625
0,1,0.6265716
0,0,0.48986644
0,1,0.5180414
0,1,0.5930073
0,0,0.39700365
0,0,0.42416403
0,0,0.43462884
1,1,0.7439314
0,1,0.8364479
0,0,0.4442566
0,1,0.5051252
0,0,0.433615
0,1,0.6758346
1,1,0.85837466
0,1,0.5003828
1,1,0.7121966
0,0,0.43579882
0,0,0.49037695
0,0,0.39700365
0,0,0.4295405
0,1,0.5348017
0,1,0.86059445
0,1,0.64508826
0,1,0.77490425
0,1,0.73055315
0,0,0.48147622
0,1,0.5699898
0,0,0.43462884
0,1,0.5413437
0,1,0.6658682
0,1,0.52432036
0,1,0.8604622
1,1,0.6147144
0,1,0.51695997
0,1,0.5606803
0,0,0.433615
0,1,0.58662486
0,1,0.6386024
0,1,0.51044196
0,1,0.6085097
0,1,0.5706937
0,1,0.7625334
0,1,0.6310676
1,1,0.8616297
1,1,0.81326187
0,1,0.5092524
0,0,0.4025039
0,1,0.54852873
0,1,0.68556684
1,1,0.8614984
0,1,0.7176623
0,1,0.7064953
1,1,0.71714574
0,0,0.4352859
0,1,0.8480016
0,1,0.59452546
0,1,0.64198965
1,1,0.5636132
0,0,0.4724295
0,0,0.40888348
0,1,0.85582495
1,1,0.5883367
1,1,0.7592414
0,0,0.4373452
0,1,0.77085173
0,1,0.71330374
1,1,0.7100674
0,0,0.43501797
0,1,0.6539506
1,1,0.8614984
0,1,0.6642245
1,1,0.53552926
1,1,0.74702436
0,1,0.7456565
0,1,0.78313136
0,0,0.39700365
0,1,0.8048895
0,1,0.7291979
1,1,0.72199285
0,1,0.50670344
1,1,0.5012514
0,1,0.51296705
0,0,0.43658823
0,1,0.5844421
0,1,0.6969693
0,1,0.5139448
0,1,0.7552768
0,1,0.6641512
0,1,0.6365891
0,1,0.52830577
0,1,0.625108
0,1,0.65145785
0,1,0.61534387
0,0,0.41210175
0,1,0.5217951
1,1,0.7616906
0,0,0.43462884
0,1,0.7756006
0,0,0.43462884
0,1,0.7342535
0,1,0.8452003
0,1,0.60688674
0,0,0.39700365
0,0,0.41210175
1,1,0.783749
0,1,0.8603165
0,1,0.5559797
1,1,0.8598336
0,1,0.760011
1,1,0.6196673
0,1,0.5897893
0,1,0.64975214
0,1,0.53030324
0,1,0.73397017
0,1,0.6124122
0,1,0.5472355
0,1,0.80808693
0,1,0.6265716
0,0,0.4208594
0,1,0.656007
1,1,0.82565844
0,0,0.39700365
0,1,0.67700243
0,0,0.41046438
0,1,0.67696935
0,1,0.8268046
1,0,0.43462884
1,1,0.78931266
0,1,0.6216547
0,0,0.44496292
0,1,0.5528695
0,1,0.5424469
0,1,0.52830577
0,1,0.5594854
0,1,0.5814994
0,1,0.5130073
0,1,0.669642
0,1,0.7721562
0,1,0.50050366
0,0,0.39700365
0,1,0.6108557
0,0,0.41210175
1,1,0.7290253
0,1,0.7092179
0,0,0.39700365
0,1,0.5606465
0,0,0.44890824
0,1,0.5324135
0,1,0.8025278
0,0,0.44442287
0,0,0.40655962
0,1,0.6665919
0,0,0.40466717
0,0,0.40655962
0,1,0.56874716
0,1,0.5715317
1,0,0.4025039
1,1,0.51106316
0,1,0.5930073
1,1,0.86340576
0,1,0.63051206
0,1,0.7368294
0,0,0.4492897
0,1,0.50683343
1,1,0.86340576
0,0,0.3993632
0,0,0.41210175
0,1,0.84857494
0,1,0.5832698
0,1,0.5723478
1,1,0.85619026
0,1,0.76280856
0,1,0.66138643
0,0,0.39700365
0,0,0.4048742
0,0,0.41985378
0,0,0.4252725
0,0,0.39700365
0,1,0.5578335
0,1,0.5737675
0,1,0.57675624
0,1,0.6310676
0,0,0.48683268
0,0,0.40335494
0,1,0.7682064
0,1,0.5759058
0,1,0.85899574
0,1,0.8261181
1,1,0.6398376
0,1,0.583356
0,0,0.40349686
0,0,0.4594419
0,0,0.40655962
0,0,0.4535688
0,1,0.5490826
1,0,0.40655962
0,0,0.43462884
0,1,0.6649326
0,0,0.4025039
0,0,0.4089374
0,1,0.56874716
1,1,0.81879365
0,1,0.7984901
0,0,0.405869
0,1,0.77104217
0,0,0.40655962
0,1,0.66932935
0,1,0.7161804
0,1,0.86340576
0,1,0.5324135
0,0,0.4340039
0,0,0.43501797
1,1,0.6686057
0,0,0.43501797
0,0,0.4425247
0,1,0.6447238
0,0,0.39700365
0,1,0.5641212
0,1,0.60196096
0,0,0.4025039
0,1,0.85837466
0,0,0.4025039
0,1,0.6386024
0,1,0.8259742
0,0,0.39700365
0,0,0.49363732
0,0,0.47033566
1,0,0.40655962
1,1,0.8630521
0,1,0.74301684
0,1,0.5832832
0,1,0.53217685
0,1,0.69255185
0,1,0.5273118
1,1,0.86340576
0,0,0.39700365
1,1,0.5687088
1,1,0.69486827
0,1,0.5854453
0,1,0.5283776
0,1,0.6386024
0,0,0.4048742
0,1,0.8614984
0,1,0.7506024
1,1,0.7987515
0,1,0.5704183
0,0,0.39700365
0,1,0.68362975
0,1,0.5817518
0,1,0.5472634
0,1,0.5553559
0,0,0.39700365
0,1,0.66655934
0,1,0.86340576
0,0,0.48737898
0,0,0.49648026
0,1,0.638646
0,1,0.61057353
0,1,0.59248644
1,0,0.49558157
1,1,0.6798026
1,1,0.5401339
0,1,0.51230764
1,1,0.84022367
0,1,0.8149919
0,1,0.70920736
0,1,0.6237601
1,1,0.849773
0,1,0.72025794
0,1,0.73203915
1,1,0.6919027
0,0,0.4142808
0,1,0.51165044
0,0,0.40888348
0,0,0.4881228
1,1,0.61264783
0,1,0.6400122
0,1,0.64165944
0,0,0.44442287
0,1,0.705516
1,1,0.5653174
0,1,0.7683588
0,1,0.51165044
0,0,0.39700365
1,1,0.86158085
0,0,0.41020137
0,1,0.63179165
1,1,0.85837466
0,1,0.6235282
0,1,0.68000686
1,1,0.77091396
0,1,0.58378196
1,1,0.83577526
0,1,0.8360874
0,1,0.5979661
0,1,0.6642245
1,1,0.75235456
0,0,0.4449242
0,1,0.78506494
0,1,0.5759782
0,0,0.48147622
0,0,0.39700365
0,1,0.6192222
0,0,0.39700365
0,1,0.52405727
0,0,0.46062425
1,1,0.86340576
0,0,0.39700365
0,0,0.39700365
0,1,0.6200862
1,1,0.86158085
1,1,0.8609282
1,1,0.8609282
1,1,0.8024499
0,1,0.60767496
0,0,0.41210175
0,1,0.81822383
0,0,0.39700365
0,1,0.6081937
0,0,0.433615
0,0,0.4797621
1,1,0.85710365
0,0,0.39700365
0,0,0.39700365
1,1,0.7902896
0,0,0.4093699
0,1,0.55193377
0,1,0.58710873
0,1,0.5097132
0,1,0.5472634
0,0,0.39700365
0,0,0.45407367
0,0,0.4785063
1,1,0.77184385
0,1,0.6338424
0,1,0.5009732
0,0,0.4434041
0,0,0.39700365
0,1,0.68454677
1,1,0.86340576
0,1,0.7183307
0,1,0.5674854
0,0,0.47912344
0,1,0.5533281
0,1,0.7132509
1,1,0.77218944
0,0,0.41448936
0,1,0.7574312
0,1,0.6148192
0,1,0.636622
0,0,0.49140835
0,1,0.6988189
0,0,0.39700365
0,0,0.39700365
0,1,0.8582114
0,1,0.82371014
0,1,0.76409817
0,1,0.7341232
0,0,0.4780938
0,1,0.7570385
0,0,0.4144905
0,0,0.4963143
1,1,0.86128646
0,1,0.67226684
1,1,0.7816849
0,0,0.42426407
1,1,0.8501289
0,0,0.41020137
0,1,0.56470376
1,1,0.52123016
0,1,0.64564675
0,1,0.633391
0,0,0.41210175
0,0,0.39700365
0,0,0.48802188
0,1,0.63179165
0,1,0.5062868
0,0,0.47340575
0,0,0.45632958
0,1,0.84858745
1,1,0.85538626
0,1,0.54547143
0,1,0.754335
0,1,0.81151265
0,1,0.85842323
0,1,0.7000675
0,0,0.40655962
0,1,0.597742
0,0,0.49363732
0,1,0.69353044
0,1,0.5035767
0,1,0.7281178
0,0,0.4048742
0,1,0.65900636
0,0,0.41210175
0,0,0.4025039
1,1,0.7683588
0,0,0.39700365
1,1,0.7211728
0,1,0.7030222
0,1,0.86340576
0,0,0.3993632
0,0,0.42643628
0,1,0.8568257
0,1,0.84831166
0,1,0.7061225
0,0,0.39700365
0,1,0.8088577
0,1,0.5630303
0,1,0.69564205
0,1,0.78689533
0,1,0.65791917
1,1,0.7885028
0,0,0.40655962
0,1,0.7378451
0,0,0.3993632
0,0,0.39700365
0,0,0.3993632
0,0,0.39700365
1,1,0.81774163
0,0,0.40335494
0,0,0.433615
0,1,0.5609104
0,0,0.433615
0,1,0.53341776
1,1,0.8614984
0,1,0.58110803
0,1,0.7748242
1,1,0.8292205
0,0,0.41953158
1,1,0.86340576
0,0,0.433615
0,0,0.41120023
0,1,0.53518236
0,1,0.58591896
0,1,0.54072464
0,1,0.70734483
0,0,0.43462884
0,1,0.5472634
0,0,0.44442287
0,1,0.5818526
0,1,0.7520043
0,1,0.7012198
0,0,0.4252725
0,0,0.43462884
0,0,0.49597806
1,1,0.82592726
1,1,0.86340576
0,1,0.51964414
0,1,0.69038814
1,1,0.86340576
0,1,0.5461591
0,1,0.78001124
0,0,0.39700365
0,1,0.5536685
0,1,0.7078533
0,1,0.7385961
0,1,0.5017483
0,1,0.67032814
1,1,0.86340576
0,1,0.7632109
0,0,0.4996931
0,1,0.8342785
0,0,0.41295904
0,0,0.49140835
1,1,0.7763815
1,1,0.60868996
0,1,0.5364565
0,1,0.5066985
0,0,0.44038332
0,0,0.41210175
0,0,0.45858544
0,1,0.8249944
0,0,0.42992857
0,1,0.8630521
0,1,0.78806216
0,1,0.51106316
0,1,0.58662486
1,1,0.85188806
1,1,0.8624482
1,1,0.85562366
0,1,0.73878676
0,1,0.6603602
0,0,0.40988138
0,0,0.41867486
0,1,0.53251916
0,1,0.6857445
0,1,0.8392488
0,1,0.61239755
0,1,0.71261996
0,1,0.5547654
0,1,0.8594873
0,1,0.7642753
1,1,0.86340576
0,1,0.5818526
0,1,0.68853146
0,0,0.39700365
0,0,0.4025039
1,1,0.826647
0,1,0.63051206
0,0,0.40466717
0,1,0.5015727
0,1,0.8592576
0,1,0.6397479
0,0,0.48841012
0,1,0.5793602
0,1,0.8614984
1,1,0.8557827
0,0,0.4434041
1,1,0.63753873
0,1,0.54852873
0,0,0.39700365
0,1,0.59557605
1,1,0.6319797
0,1,0.8157051
0,0,0.49363732
0,1,0.79334575
0,1,0.62460345
0,1,0.55249196
0,1,0.81191117
1,1,0.67478824
0,0,0.43462884
0,1,0.64701194
0,1,0.6246143
0,1,0.7964406
1,1,0.8624482
0,0,0.42838177
0,0,0.4025039
0,1,0.738204
0,1,0.5472355
0,1,0.8203805
0,1,0.71348023
0,0,0.3993632
0,1,0.6625351
1,0,0.4059956
0,1,0.5245661
0,0,0.46692118
0,0,0.4225798
0,1,0.6306106
1,1,0.8148205
0,1,0.51733184
0,1,0.66842645
0,1,0.7137809
0,1,0.59141517
0,1,0.7053669
0,1,0.5881496
0,1,0.6828099
0,1,0.7807804
1,1,0.81105036
0,1,0.6454875
0,0,0.40888348
1,1,0.82879585
0,1,0.61691946
1,1,0.8585204
0,1,0.6376149
0,1,0.701655
0,0,0.42044696
0,0,0.40699127
1,0,0.39700365
0,1,0.64504194
0,1,0.52538687
0,0,0.44648403
0,0,0.41210175
0,1,0.67005605
0,1,0.7029853
0,1,0.5461522
0,1,0.6659401
1,1,0.86340576
1,1,0.8557827
0,1,0.8560468
0,1,0.51803297
0,1,0.59449023
1,1,0.8279608
1,1,0.6690915
0,1,0.6184771
0,0,0.44442287
0,1,0.56470376
0,1,0.65375125
0,1,0.5553559
1,1,0.8474848
0,0,0.39700365
0,1,0.68485975
0,1,0.5387513
0,1,0.56009966
0,1,0.70467573
0,0,0.39700365
0,0,0.39700365
0,1,0.7674314
0,0,0.4434041
0,1,0.69475687
0,1,0.51803297
1,1,0.86340576
0,0,0.42426407
0,1,0.5364565
1,1,0.86340576
0,0,0.39700365
0,1,0.5850978
0,1,0.6872847
0,0,0.4174481
0,1,0.7632109
0,1,0.5778253
0,0,0.4025039
1,1,0.77498907
0,0,0.39700365
0,1,0.8301075
0,0,0.39700365
0,1,0.544048
0,1,0.5781232
1,1,0.73004156
0,0,0.39700365
0,1,0.8249944
1,1,0.7189479
0,1,0.8614984
0,0,0.48494783
1,0,0.39700365
1,1,0.687155
0,1,0.55162185
0,1,0.8557947
0,1,0.642976
0,1,0.55249196
0,1,0.6255423
0,1,0.55318564
0,0,0.48147622
1,1,0.8062158
0,0,0.40888348
1,1,0.81529564
0,1,0.52241784
0,1,0.634679
0,0,0.41020137
0,0,0.40655962
1,1,0.776293
0,1,0.7038774
1,1,0.86340576
0,0,0.40655962
0,1,0.6857277
0,1,0.7746664
0,0,0.41020137
0,1,0.5536685
0,1,0.59141517
1,1,0.86340576
1,1,0.86340576
0,1,0.7920735
0,1,0.68853146
0,0,0.40655962
0,1,0.74837613
0,0,0.43516624
1,1,0.8279608
0,1,0.75055784
0,1,0.5022314
0,0,0.41339275
0,1,0.77184385
0,0,0.40364918
0,1,0.5589105
0,0,0.40655962
0,0,0.4434041
0,1,0.67968
0,1,0.76934415
1,1,0.8598336
0,1,0.6048912
0,1,0.8044054
0,0,0.4909012
0,1,0.67299664
0,1,0.77785206
0,0,0.43462884
0,1,0.6292177
0,0,0.4993137
0,0,0.41210175
1,1,0.8344063
0,1,0.61594516
1,1,0.7827883
0,1,0.57946324
0,0,0.4769063
0,1,0.5636132
0,1,0.50050366
1,1,0.86128646
0,0,0.47033566
0,0,0.39700365
0,1,0.7110812
1,1,0.862592
0,1,0.5881496
0,1,0.8609282
1,1,0.5088956
0,1,0.6020778
1,1,0.86340576
0,1,0.52696276
0,1,0.51426876
0,1,0.53242713
0,0,0.4760498
0,1,0.5851093
0,1,0.5392084
0,1,0.6766961
0,1,0.61753994
0,1,0.57244056
0,1,0.55322295
0,1,0.5222497
0,1,0.63959354
1,1,0.74085945
0,1,0.51695997
0,1,0.5126816
0,1,0.5472634
1,1,0.85849476
0,1,0.6941459
0,1,0.6226459
1,1,0.8618611
0,1,0.62826544
0,0,0.433615
0,1,0.8609282
1,1,0.857668
0,1,0.71334696
0,1,0.7537983
0,0,0.41120023
0,1,0.7005965
0,1,0.6677777
0,1,0.62400305
0,1,0.53643775
0,1,0.58324397
0,1,0.5580196
0,1,0.74987924
0,0,0.4025039
0,0,0.44594368
0,1,0.54210985
0,1,0.5614688
0,1,0.8517882
0,1,0.51032114
0,0,0.4760498
0,1,0.69087267
0,0,0.40655962
0,0,0.4048742
0,1,0.5957214
1,1,0.7630011
1,1,0.8192726
0,1,0.8512086
0,0,0.47745177
0,1,0.6364788
0,0,0.4570243
0,0,0.40655962
0,0,0.39700365
0,1,0.8598819
0,0,0.4780938
0,1,0.632445
0,1,0.82298595
0,1,0.5267321
0,1,0.6211916
1,1,0.7502309
0,0,0.41581368
0,1,0.7905331
1,1,0.85156745
0,1,0.6994656
0,1,0.70773643
0,1,0.5079941
0,0,0.43462884
0,1,0.7153655
1,1,0.86340576
0,0,0.40655962
1,1,0.7242137
0,1,0.5324135
1,1,0.86340576
0,0,0.40655962
0,1,0.6792151
0,0,0.39700365
1,1,0.78974944
0,1,0.5233166
0,0,0.39700365
1,1,0.82612056
0,0,0.4340039
0,1,0.55760974
0,0,0.39700365
0,0,0.48668265
0,0,0.39700365
0,1,0.75296104
0,0,0.44442287
0,0,0.4594419
1,1,0.7690444
0,1,0.6185433
0,0,0.433615
0,0,0.4185269
0,1,0.6329974
1,1,0.857668
0,1,0.5066985
0,1,0.565876
0,0,0.39700365
0,0,0.44442287
1,1,0.5936806
0,1,0.86340576
0,1,0.52243924
0,1,0.8086747
0,1,0.6779369
0,1,0.7225505
0,1,0.50670344
1,1,0.8331465
0,0,0.40655962
0,1,0.5364565
1,0,0.42100435
0,1,0.6570983
1,1,0.85927635
0,1,0.8121448
0,0,0.39700365
0,1,0.58110803
0,0,0.40655962
0,1,0.6626777
0,0,0.39700365
0,0,0.39700365
0,0,0.43839476
0,0,0.433615
0,1,0.82565844
0,1,0.6163616
0,0,0.43462884
0,0,0.49140835
0,0,0.3993632
0,1,0.5763008
1,1,0.7056078
1,1,0.637061
0,0,0.40655962
0,0,0.40655962
1,1,0.67205256
1,1,0.8309628
0,1,0.50773
0,0,0.39700365
0,1,0.5003828
0,1,0.7679442
0,1,0.69969434
1,1,0.80068576
1,1,0.8630521
0,1,0.7383752
0,1,0.78434116
1,1,0.83577526
0,0,0.41985378
0,1,0.53505635
0,0,0.41020137
0,0,0.49140835
1,1,0.85715294
0,1,0.67826056
0,1,0.51032114
0,1,0.5559797
0,1,0.6988189
0,0,0.40655962
1,1,0.5317524
0,1,0.58811116
0,0,0.4295405
0,1,0.5968023
0,0,0.433615
0,1,0.74338335
0,0,0.40364918
0,1,0.5126816
0,0,0.3993632
0,1,0.5557529
0,1,0.6592398
0,1,0.52241784
0,1,0.59452546
0,0,0.43930906
0,0,0.40655962
0,0,0.47033566
0,1,0.85661197
1,1,0.5870749
0,0,0.47745177
1,1,0.8270285
0,0,0.42426407
0,0,0.39700365
0,0,0.4025039
0,0,0.40655962
0,1,0.5739103
0,1,0.57131255
0,0,0.4025039
0,0,0.48044586
0,1,0.6196047
0,1,0.56983584
0,0,0.4594419
1,1,0.83677775
0,0,0.4122378
0,0,0.4916753
0,1,0.5731436
0,1,0.7496479
0,1,0.7207278
0,0,0.41210175
0,1,0.6289184
0,1,0.8603165
1,1,0.8614984
0,1,0.784956
0,0,0.433615
0,1,0.79362744
0,0,0.48156887
0,1,0.68273157
0,0,0.48613682
0,1,0.7511735
0,0,0.4252725
0,0,0.39700365
0,1,0.5373399
0,0,0.49415505
0,1,0.5761384
0,0,0.4048742
0,0,0.4993137
0,1,0.85525745
1,1,0.86340576
0,0,0.44594368
0,0,0.48156887
0,0,0.40988138
0,0,0.4142808
0,0,0.39700365
0,1,0.78598934
0,0,0.39700365
0,1,0.6068495
0,0,0.39700365
0,1,0.66910994
0,1,0.5726174
0,1,0.56640697
0,1,0.56228626
1,1,0.77783597
0,0,0.43462884
0,0,0.47993252
0,1,0.8261601
0,0,0.39700365
0,0,0.39700365
0,1,0.6519315
0,0,0.40466717
1,1,0.77894515
0,1,0.59182745
0,1,0.6985859
0,0,0.41210175
0,0,0.47340575
0,1,0.79334575
0,0,0.44924027
1,1,0.821084
0,1,0.5012514
0,1,0.51803297
0,1,0.8328343
0,1,0.5126816
0,1,0.5092524
0,0,0.4295405
1,1,0.8255432
0,1,0.81284946
0,0,0.39700365
0,1,0.6734856
1,1,0.6832054
0,1,0.50736094
0,1,0.65131676
0,0,0.40655962
0,0,0.4252725
0,1,0.8123733
0,1,0.50050366
0,1,0.86340576
0,1,0.60591364
0,0,0.41235313
0,0,0.39700365
1,1,0.810783
0,1,0.6110536
0,1,0.6413294
0,0,0.3993632
0,0,0.49140835
0,0,0.42426407
0,0,0.41210175
0,1,0.7316266
0,1,0.5035767
0,0,0.44442287
0,1,0.5126766
0,1,0.56220394
0,1,0.8614984
0,1,0.8566751
0,0,0.39700365
1,1,0.8156221
0,0,0.43462884
1,1,0.8249944
0,1,0.75699526
1,1,0.8520615
0,1,0.65219706
0,1,0.5665555
0,1,0.7778948
0,0,0.44594368
0,0,0.41339275
0,1,0.56746936
0,1,0.5462554
0,1,0.773777
0,1,0.5126816
1,1,0.84041566
1,1,0.7738687
0,1,0.50078887
0,1,0.5553559
0,0,0.4025039
0,1,0.83280206
0,1,0.78092504
0,1,0.72924644
1,1,0.7739957
0,1,0.7631468
0,0,0.48841012
0,0,0.39700365
0,1,0.8425082
0,0,0.433615
0,1,0.57325476
0,1,0.5139448
1,1,0.8556154
0,0,0.42157307
0,1,0.5012514
1,1,0.7902806
0,0,0.49048814
0,0,0.413102
0,0,0.49035162
0,1,0.7029853
0,1,0.5850978
0,0,0.40655962
0,1,0.6856311
0,0,0.4580857
0,0,0.40364918
0,1,0.5494097
0,1,0.583364
0,1,0.6562917
0,0,0.39700365
1,1,0.7736316
0,1,0.795846
0,1,0.5748162
1,1,0.8489455
0,1,0.7040032
0,0,0.41020137
0,1,0.58192503
0,1,0.69173783
0,0,0.4089374
0,1,0.678729
0,1,0.68650055
1,1,0.86128646
1,0,0.48709714
0,1,0.5757312
0,1,0.8176305
0,0,0.44594368
0,0,0.39700365
0,1,0.83733803
0,1,0.5773077
0,1,0.5542997
0,1,0.50409454
0,0,0.39700365
0,0,0.39700365
1,1,0.7622716
1,1,0.8172297
0,0,0.41210175
0,1,0.5178352
0,0,0.48334655
0,1,0.5615287
0,0,0.44648403
1,1,0.7856375
0,0,0.45634267
0,0,0.45954773
0,1,0.55762696
0,0,0.43462884
0,1,0.5568084
0,1,0.69320554
0,1,0.5416141
0,0,0.45632958
1,1,0.67256224
0,1,0.66392976
1,1,0.8514096
0,1,0.6329974
0,0,0.46050414
0,0,0.41860607
0,0,0.4425247
0,1,0.5151626
1,1,0.8624482
0,0,0.39700365
1,1,0.7752078
0,1,0.6600933
0,0,0.4025039
1,1,0.85525745
0,1,0.82090795
0,0,0.45409343
0,1,0.7463416
0,1,0.60955626
0,1,0.64602053
0,1,0.80418706
0,1,0.76254356
0,0,0.39700365
0,1,0.809201
0,1,0.50736094
0,0,0.4089374
0,1,0.7599066
0,1,0.6075893
0,0,0.4025039
1,1,0.7704484
0,1,0.62441796
0,1,0.5374984
0,1,0.6545064
1,1,0.8610889
0,1,0.72758824
0,0,0.40655962
1,1,0.8509449
0,0,0.4178029
0,1,0.7152876
0,1,0.6743123
0,0,0.4025039
1,1,0.8368101
0,0,0.46673867
0,0,0.40699127
0,0,0.41953158
0,0,0.4898305
0,1,0.63362586
0,0,0.47103736
0,1,0.53612006
0,1,0.7164137
1,1,0.86128646
1,1,0.8255471
0,0,0.49558157
0,0,0.39700365
0,1,0.6257812
0,0,0.39700365
0,0,0.41325542
0,1,0.5011285
0,0,0.4769063
0,0,0.49874887
0,0,0.433615
0,1,0.55958754
0,1,0.531389
0,1,0.6457315
1,1,0.86128646
0,1,0.5472634
0,0,0.484572
0,1,0.8099691
0,1,0.53043133
1,1,0.82879585
0,1,0.55639076
1,1,0.851251
0,1,0.81054
0,1,0.55231094
0,1,0.6398108
0,0,0.39700365
0,0,0.3993632
1,1,0.69309676
0,1,0.5433113
1,1,0.8430677
0,0,0.39700365
1,1,0.8560669
0,0,0.39700365
0,0,0.40655962
1,1,0.6215267
0,1,0.63160306
0,1,0.574157
0,0,0.45752382
1,1,0.6824604
1,1,0.5877331
0,1,0.51165044
1,1,0.8600132
0,0,0.43516624
1,1,0.66085815
1,1,0.8138104
0,0,0.43650204
1,1,0.77894324
1,1,0.781468
1,1,0.5902841
0,1,0.5401339
1,1,0.8130545
1,1,0.8091659
0,1,0.7317304
0,0,0.39700365
1,1,0.8411297
0,0,0.4993137
0,1,0.7843859
1,1,0.5536685
0,0,0.47340575
0,0,0.48147622
0,0,0.45578718
0,1,0.51032114
0,1,0.51803297
1,1,0.8156221
1,1,0.8282194
0,1,0.54899216
1,1,0.67375433
0,0,0.41376847
1,1,0.8395484
0,0,0.4252725
0,1,0.7477153
0,1,0.52830076
1,1,0.7743011
0,1,0.6673736
0,1,0.6954623
0,1,0.6529013
0,0,0.411614
0,1,0.77386266
0,1,0.7191308
0,0,0.39700365
0,0,0.39700365
0,0,0.39700365
0,0,0.405869
0,0,0.43230996
0,1,0.657458
1,1,0.6971624
0,0,0.4760498
0,0,0.47033566
0,1,0.5483342
0,0,0.39700365
0,0,0.4025039
0,0,0.4998552
0,1,0.53527266
0,0,0.4442566
0,1,0.553549
0,1,0.6397479
0,1,0.7044293
0,1,0.68972206
0,0,0.3993632
0,0,0.47912344
0,0,0.45394453
0,0,0.47033566
1,1,0.83586204
0,1,0.7679442
1,1,0.85837466
0,1,0.57946324
0,1,0.5273118
0,0,0.4025039
1,1,0.8630521
0,0,0.433615
1,1,0.8603165
0,0,0.43462884
0,1,0.5746475
0,0,0.39700365
0,1,0.7683588
1,1,0.7139276
0,1,0.5472634
1,1,0.73619264
0,1,0.7162552
0,1,0.74719155
0,0,0.41867486
0,1,0.6541986
1,1,0.58216554
0,1,0.6413294
0,1,0.6622472
0,1,0.5306604
0,1,0.6148082
0,1,0.835451
1,1,0.85582495
0,1,0.68800116
0,0,0.4434041
0,0,0.43462884
1,1,0.7615165
0,1,0.8603165
0,0,0.4442566
0,1,0.82176095
0,1,0.838212
0,1,0.65409476
0,0,0.43501797
1,1,0.86340576
1,1,0.8220929
0,0,0.40364918
0,1,0.64848584
0,1,0.8288853
0,0,0.47990012
0,1,0.7517537
1,1,0.6488715
0,1,0.5205078
1,1,0.66013616
0,1,0.5227083
0,1,0.54725325
0,0,0.43462884
0,1,0.6376149
0,1,0.6824896
0,0,0.43462884
0,0,0.40655962
0,1,0.75518805
0,0,0.42838177
0,1,0.54225004
0,0,0.41120023
0,0,0.40655962
1,1,0.8099009
0,0,0.4769063
0,0,0.48737898
0,0,0.45578718
0,1,0.76935667
0,0,0.49862692
0,1,0.6786306
0,0,0.4425247
0,1,0.6662382
1,1,0.7244613
0,0,0.42426407
0,1,0.8127238
0,0,0.40888348
0,1,0.54558873
0,0,0.40466717
1,1,0.86340576
1,1,0.7535282
0,0,0.43516624
0,1,0.5630303
0,1,0.5478938
0,1,0.66770554
0,0,0.44914907
0,0,0.43462884
0,0,0.39700365
0,0,0.49140835
1,1,0.80191237
0,0,0.40888348
1,1,0.6468543
0,0,0.44442287
1,1,0.8619377
0,1,0.5852605
0,1,0.6363047
0,1,0.64506805
1,1,0.5833174
0,1,0.8337961
0,1,0.5967862
0,1,0.5629789
0,1,0.669642
0,1,0.68884486
0,1,0.5000967
0,1,0.61809206
0,0,0.39700365
0,1,0.8580139
1,1,0.8588544
0,0,0.40655962
1,1,0.62308925
0,1,0.70761156
0,0,0.49140835
0,1,0.592555
0,0,0.48413247
0,1,0.5009732
0,0,0.4582057
0,0,0.39700365
0,1,0.744189
0,0,0.39700365
0,0,0.405843
0,1,0.69765127
0,0,0.41210175
1,1,0.8031093
1,1,0.7807804
0,1,0.54558873
0,1,0.79037976
0,1,0.6442381
0,0,0.40988138
0,1,0.756432
0,1,0.8321102
0,1,0.6994042
1,1,0.86340576
0,0,0.44442287
0,0,0.43230996
0,0,0.39700365
1,1,0.5641212
0,1,0.6964222
0,0,0.39700365
0,0,0.48147622
0,0,0.49558157
0,1,0.5618507
0,1,0.59287757
1,1,0.6422871
0,1,0.7168056
0,1,0.51580656
0,0,0.4025039
0,0,0.45772314
0,1,0.7291569
0,0,0.433615
0,0,0.3993632
1,1,0.8603165
1,1,0.70993775
0,1,0.6358309
0,0,0.4025039
0,0,0.4025039
0,1,0.6115972
0,0,0.39700365
0,0,0.39700365
1,1,0.77434033
0,0,0.40655962
1,1,0.58254784
1,1,0.8502696
0,1,0.71904796
0,0,0.42021233
1,1,0.8614984
0,1,0.5171896
0,0,0.44594368
0,1,0.5003828
0,1,0.8310238
0,0,0.48494783
1,1,0.5627349
0,0,0.41325542
0,1,0.5324135
0,1,0.65990597
0,1,0.7487857
0,0,0.4769063
0,0,0.45752382
0,0,0.40655962
0,1,0.7794508
0,0,0.4048742
1,1,0.86340576
0,1,0.8618611
0,1,0.5747419
0,1,0.61284935
1,1,0.86340576
0,1,0.56745684
0,1,0.5165919
0,0,0.3993632
0,0,0.39700365
0,1,0.8604622
0,0,0.39700365
0,1,0.52830577
0,0,0.41295904
0,1,0.6793095
0,1,0.8128068
0,1,0.50967383
0,1,0.6682919
0,0,0.39700365
0,0,0.40655962
0,1,0.64504194
0,1,0.55443937
0,0,0.3993632
1,1,0.86340576
0,0,0.46062425
0,0,0.43462884
0,0,0.43462884
0,1,0.802387
0,1,0.5779489
0,0,0.46943054
0,1,0.6226909
0,1,0.7078697
0,0,0.4500511
0,1,0.56874716
0,1,0.5490145
0,0,0.433615
0,1,0.8264204
1,1,0.8061558
0,1,0.68853146
0,1,0.70261604
0,1,0.50050366
0,1,0.5393999
0,1,0.8249944
0,1,0.70675397
0,0,0.49143013
0,1,0.7340789
1,1,0.8598819
0,1,0.7749899
0,1,0.6390264
0,0,0.39700365
1,1,0.83806294
0,0,0.4769063
0,0,0.42157307
0,1,0.50615686
1,1,0.86340576
0,0,0.3993632
0,1,0.58822185
1,1,0.50989646
0,0,0.48737898
0,0,0.46916324
0,0,0.4059956
1,1,0.86340576
0,0,0.40655962
0,1,0.77046084
0,0,0.43737885
1,1,0.849773
0,1,0.75052446
0,1,0.66616607
0,1,0.82565844
0,0,0.45632958
0,1,0.86340576
1,1,0.8151663
0,0,0.40701732
0,1,0.6538501
0,0,0.39700365
0,0,0.4025039
0,1,0.58509314
0,0,0.44924027
0,0,0.42426407
0,0,0.49750423
0,0,0.4025039
1,1,0.86340576
0,1,0.65550965
0,0,0.44969013
1,1,0.8579722
0,1,0.6876548
0,0,0.4617239
0,0,0.4434041
0,1,0.50383437
0,0,0.40655962
0,1,0.79403245
0,1,0.8209403
0,0,0.44290096
0,1,0.8235503
0,1,0.5139448
0,1,0.6721548
0,0,0.39700365
0,1,0.6659401
0,0,0.42643628
0,1,0.58811116
1,1,0.84469426
1,1,0.6677777
0,0,0.40655962
0,0,0.4580857
0,1,0.66012394
0,0,0.48368406
0,1,0.8630521
0,1,0.5850978
0,0,0.41103315
0,0,0.47912344
1,1,0.8624482
0,0,0.40701732
0,1,0.7283553
0,1,0.51151055
1,1,0.82483983
0,1,0.81184363
0,0,0.433615
1,1,0.6433496
0,1,0.6343555
1,1,0.7414195
1,1,0.76814795
0,0,0.41020137
0,1,0.6800469
1,1,0.86340576
0,1,0.6380817
0,0,0.40466717
0,1,0.5528695
0,0,0.39700365
0,1,0.51044196
1,1,0.86128646
0,1,0.83355564
0,0,0.4048742
1,1,0.75955
0,1,0.82807106
0,1,0.6879417
0,0,0.4048742
0,0,0.47745177
0,1,0.51580656
0,1,0.578746
0,1,0.8325511
0,0,0.47033566
1,1,0.8624482
0,0,0.433615
1,1,0.83704567
0,1,0.53586656
0,0,0.4048482
0,0,0.4570243
0,0,0.41120023
0,1,0.55249196
0,0,0.4048742
0,0,0.4025039
0,1,0.62853825
0,0,0.39700365
0,0,0.39700365
0,1,0.5844421
1,1,0.8353242
0,1,0.6429007
0,1,0.71250033
0,0,0.39700365
0,1,0.6519315
0,1,0.71566564
0,0,0.40466717
0,0,0.40655962
0,1,0.8585204
0,0,0.40655962
0,0,0.44041818
0,0,0.42426407
0,1,0.6494729
0,1,0.6320123
1,1,0.86340576
0,1,0.50981414
0,1,0.7212951
0,0,0.49363732
1,0,0.48401436
1,0,0.3993632
0,1,0.80817705
0,1,0.5048278
0,1,0.73071855
0,0,0.49154115
1,1,0.83554816
0,1,0.56874716
0,1,0.6355638
0,1,0.59225774
0,1,0.78464293
0,1,0.5653174
1,1,0.84022367
0,1,0.5574954
0,1,0.5084107
0,1,0.6590152
0,1,0.51175195
0,0,0.42838177
0,1,0.68995863
0,1,0.5051252
0,1,0.5738957
0,0,0.45235434
1,1,0.76945335
0,0,0.41210175
0,0,0.39700365
0,0,0.47848153
0,1,0.6865392
0,0,0.39700365
0,0,0.41020137
0,1,0.5490826
0,0,0.43930906
0,1,0.5392084
0,0,0.3993632
0,1,0.6163616
0,1,0.5687088
0,1,0.5284519
0,1,0.50050366
1,0,0.44496292
0,1,0.71238476
0,1,0.6158204
0,0,0.41867486
1,1,0.82393205
0,0,0.47340575
0,1,0.86340576
0,0,0.4295405
0,1,0.857668
0,0,0.47033566
0,1,0.56472766
0,0,0.41020137
0,0,0.49277377
0,0,0.45463556
0,0,0.4340039
1,1,0.7464882
0,1,0.5088956
0,0,0.40349686
1,1,0.8614984
0,1,0.6539506
1,1,0.8603165
0,1,0.70424587
0,0,0.49363732
1,1,0.85662085
0,0,0.39700365
1,1,0.86114436
1,1,0.8196537
0,1,0.57905006
1,0,0.44733164
0,1,0.60157377
0,0,0.41235313
1,1,0.8292205
1,1,0.82612056
0,0,0.3993632
0,1,0.7028527
1,1,0.86340576
0,0,0.43462884
0,1,0.67047554
1,1,0.81326187
0,0,0.43930906
0,1,0.51044196
0,1,0.6753716
0,0,0.40655962
1,1,0.6457315
0,0,0.433615
0,1,0.74774224
1,1,0.7684974
0,0,0.42160726
1,1,0.7539261
0,1,0.54509884
0,1,0.6465937
0,0,0.47033566
0,0,0.4059956
0,1,0.5425885
0,0,0.39700365
0,1,0.819924
0,1,0.7606222
0,1,0.67130476
1,1,0.8588544
0,1,0.6251927
0,1,0.8235791
0,0,0.478292
0,1,0.7364359
0,1,0.5649696
1,1,0.56745684
0,1,0.6105886
0,0,0.42426407
1,1,0.86340576
0,1,0.8616297
0,1,0.80373484
0,1,0.52863336
0,0,0.39700365
1,1,0.86340576
1,1,0.84964585
0,1,0.50683343
0,0,0.44442287
0,1,0.5641212
1,1,0.85256666
0,1,0.778339
0,0,0.4928649
0,0,0.49857333
1,0,0.4993137
1,1,0.8588544
0,0,0.41210175
0,1,0.5490145
0,1,0.53518236
0,0,0.3993632
1,1,0.566027
0,0,0.48737898
1,1,0.86340576
0,0,0.39700365
0,0,0.39700365
0,0,0.39700365
0,0,0.4993137
1,1,0.7343361
1,1,0.8507533
0,0,0.48841012
0,1,0.82948244
1,1,0.86223656
1,1,0.8585204
0,1,0.5348017
0,1,0.72366863
0,0,0.39700365
1,1,0.86340576
0,1,0.69731283
1,0,0.48613682
0,1,0.7657573
0,1,0.82902366
0,1,0.55162185
0,0,0.39700365
0,0,0.3993632
0,0,0.405869
0,0,0.3993632
0,0,0.4025039
0,1,0.50773
0,0,0.48147622
0,0,0.3993632
1,0,0.4025039
0,1,0.5026804
0,0,0.45347562
0,1,0.50050366
1,1,0.76842886
0,1,0.51580656
0,1,0.5405525
0,0,0.39700365
1,1,0.63034636
1,1,0.7955796
0,0,0.4252725
1,1,0.8619377
0,0,0.4048742
0,1,0.5284519
0,0,0.41672328
1,1,0.86340576
0,1,0.58445543
0,1,0.59970003
0,1,0.633973
0,1,0.50050366
0,1,0.58789986
1,1,0.80931956
0,1,0.8593543
0,1,0.6142847
0,1,0.5400284
1,0,0.39700365
0,0,0.39700365
1,1,0.86340576
1,1,0.7478158
0,1,0.6360073
0,1,0.5504097
0,1,0.5460295
1,1,0.8603165
0,1,0.5490145
0,0,0.49143013
0,1,0.51258564
0,0,0.39700365
0,1,0.6908746
1,0,0.4340039
0,1,0.50084233
0,1,0.63179165
0,1,0.75991696
1,1,0.80705035
0,0,0.40655962
0,1,0.5870749
0,1,0.7571846
0,1,0.82051235
1,1,0.8630521
1,1,0.86128646
1,1,0.7638703
1,1,0.687155
0,0,0.46072024
0,0,0.40655962
0,1,0.60706085
0,1,0.5340789
0,1,0.5490145
0,1,0.69965905
0,0,0.40699127
0,1,0.8593543
0,0,0.48158124
0,1,0.5578428
0,1,0.5636132
1,1,0.8604622
1,1,0.85598505
0,0,0.45463556
0,1,0.7902806
0,0,0.39700365
0,1,0.53064793
0,0,0.48668265
0,1,0.58009213
0,1,0.5641212
0,1,0.65601784
1,1,0.6509965
0,0,0.4048742
0,0,0.42426407
0,1,0.8569261
0,0,0.44442287
1,0,0.44924027
0,0,0.48334655
1,1,0.86128646
1,1,0.8594873
0,0,0.433615
0,1,0.7486825
0,1,0.5763008
0,0,0.405869
0,1,0.8588544
0,0,0.42426407
1,1,0.86340576
0,1,0.59643126
0,1,0.84491724
0,0,0.4025039
0,1,0.55231094
0,0,0.43462884
0,1,0.6658894
0,1,0.5883367
0,0,0.3993632
0,0,0.39700365
1,1,0.8624482
0,1,0.75951517
1,1,0.5548747
0,1,0.6356836
1,1,0.79423875
0,1,0.64848584
0,0,0.49307927
1,1,0.81546193
0,1,0.7479813
0,1,0.5626216
0,1,0.85893947
0,0,0.39700365
0,0,0.4025039
0,1,0.7849924
0,1,0.69837403
0,1,0.628297
1,1,0.8526365
1,1,0.52830076
1,1,0.76221305
0,0,0.47033566
0,0,0.43737885
0,0,0.4826646
0,1,0.61175585
1,1,0.6975919
0,1,0.52123016
0,0,0.39700365
1,0,0.42426407
0,1,0.6376149
0,1,0.54129314
1,1,0.84972245
1,1,0.6746088
0,0,0.39700365
1,1,0.70265615
0,1,0.57246494
0,0,0.39700365
0,1,0.55835843
0,1,0.52523124
1,1,0.81326187
0,0,0.433615
0,1,0.50651914
0,1,0.5015727
0,0,0.49140835
0,1,0.7016152
0,1,0.70311123
0,1,0.5324135
0,1,0.6953036
0,1,0.63614804
0,1,0.6108557
0,0,0.48433945
0,1,0.67837715
0,0,0.39700365
0,1,0.5462687
0,1,0.594039
0,1,0.86340576
0,1,0.857668
0,1,0.8592576
0,0,0.39700365
0,1,0.7021168
0,1,0.69460005
0,1,0.59981567
0,1,0.7038774
0,1,0.561323
0,0,0.49750423
0,1,0.50670344
0,0,0.47033566
0,0,0.41985378
0,1,0.7718514
0,1,0.75183266
0,1,0.66303813
0,0,0.4831454
1,1,0.81822383
0,1,0.636622
0,0,0.433615
1,1,0.8624482
0,0,0.47340575
0,0,0.41210175
1,1,0.8269315
0,1,0.5458342
0,0,0.4025039
0,0,0.45409343
0,1,0.74674183
0,0,0.46943054
0,0,0.4048742
0,1,0.847092
0,0,0.4252725
0,1,0.73385453
0,0,0.39700365
0,1,0.5658067
0,1,0.582399
0,0,0.39700365
0,0,0.39700365
0,1,0.8531313
0,1,0.82051235
0,1,0.50670344
0,1,0.60868996
0,1,0.50470793
0,1,0.5126816
0,0,0.43462884
1,1,0.8592576
0,1,0.68473804
0,1,0.772601
1,1,0.8344777
0,1,0.58009213
0,0,0.39700365
1,1,0.69727373
0,1,0.82753366
0,0,0.433615
0,1,0.52432036
0,0,0.39700365
0,0,0.47033566
0,1,0.5763008
0,0,0.4025039
1,1,0.66138643
0,1,0.757088
0,1,0.50670344
1,1,0.6927504
0,1,0.7990613
0,1,0.5273118
0,0,0.4769063
0,0,0.4434041
0,0,0.49722102
0,1,0.70423627
1,1,0.69884723
1,1,0.8331465
0,0,0.41867486
0,1,0.643317
1,1,0.85849476
0,1,0.65964633
0,1,0.51332086
0,1,0.5905447
0,1,0.6262563
0,0,0.47033566
0,0,0.4942789
0,1,0.6822746
0,1,0.7911649
1,1,0.80600846
0,0,0.39700365
0,1,0.6434187
1,1,0.717074
0,0,0.433615
0,1,0.5273118
1,1,0.8624482
0,1,0.58925724
1,1,0.86340576
0,0,0.39700365
0,1,0.78381634
0,1,0.6406295
0,1,0.7389447
0,0,0.39700365
0,0,0.48433945
0,0,0.4185269
0,0,0.41210175
1,1,0.86340576
1,1,0.86128646
1,1,0.6162883
0,1,0.7583168
0,0,0.433615
0,1,0.7559953
0,0,0.39700365
0,1,0.5787762
0,1,0.8279143
0,1,0.8536542
1,1,0.6223581
1,1,0.8606195
0,1,0.5936162
0,0,0.4570243
0,1,0.8151663
0,1,0.72378516
1,1,0.57144135
0,1,0.83798677
1,0,0.49140835
0,0,0.44442287
0,1,0.6247801
1,1,0.63160306
0,1,0.5543189
0,1,0.5037722
0,1,0.67206186
1,1,0.5126816
0,0,0.46692118
0,1,0.5833779
0,0,0.3993632
0,0,0.49738342
0,0,0.48737898
0,1,0.53053147
0,0,0.40466717
0,1,0.7521746
0,0,0.41020137
0,1,0.666917
0,1,0.5836642
0,1,0.8304689
0,1,0.6468998
0,0,0.40888348
1,1,0.8614984
0,1,0.53730357
1,1,0.8503791
0,0,0.43579882
1,1,0.6268152
0,1,0.5929634
0,0,0.43501797
0,1,0.782004
0,1,0.7637559
0,1,0.6713436
0,0,0.41687474
0,0,0.47278932
0,0,0.47193038
0,0,0.46673867
0,0,0.39700365
0,1,0.76248837
0,1,0.5738957
0,1,0.56470376
0,1,0.5967862
0,0,0.47886518
1,1,0.86340576
0,0,0.42426407
0,1,0.68845785
1,1,0.78129905
0,1,0.6889187
0,1,0.63327533
1,1,0.81906986
0,1,0.75925946
1,0,0.4048742
0,0,0.42426407
1,1,0.6175091
0,1,0.7389188
0,1,0.80808616
1,1,0.65332735
1,1,0.5756327
0,1,0.8614984
0,1,0.59870005
0,1,0.55770355
1,1,0.7660656
0,1,0.7813026
0,0,0.49363732
0,0,0.47745177
0,1,0.6364044
0,0,0.49259806
0,1,0.825099
0,1,0.6460346
0,1,0.528498
0,0,0.49761236
1,0,0.42157307
0,0,0.428631
0,0,0.428631
0,0,0.49118957
0,0,0.41020137
1,1,0.7735263
1,1,0.86340576
0,0,0.41020137
0,1,0.66497195
0,0,0.46792352
0,1,0.68225193
0,0,0.41210175
0,1,0.7749094
0,0,0.39700365
1,1,0.76719415
0,1,0.76517993
1,1,0.68853146
0,1,0.5697963
0,0,0.40655962
1,1,0.53555703
1,1,0.7269486
0,1,0.5641212
0,1,0.51044196
0,0,0.433615
0,0,0.4025039
0,0,0.39700365
1,1,0.6965318
1,1,0.688973
1,1,0.638811
0,1,0.8465761
0,1,0.63704735
0,1,0.5233653
1,1,0.8224311
0,1,0.5630303
1,1,0.8614984
1,1,0.5636665
0,1,0.5699898
0,1,0.7333998
0,1,0.8292205
0,1,0.5324135
0,1,0.5012514
0,1,0.5850388
0,1,0.7381715
0,0,0.433615
0,1,0.64168835
0,1,0.86340576
1,1,0.7455996
1,1,0.7486919
1,1,0.8078449
0,1,0.6386024
0,1,0.6844553
0,1,0.84964585
1,1,0.72366863
0,1,0.5542844
0,0,0.39700365
0,0,0.39700365
0,0,0.44479656
0,1,0.51534003
1,1,0.7661664
0,0,0.40466717
0,1,0.6141813
0,1,0.50378644
0,0,0.4238965
1,1,0.7251304
0,1,0.6468903
0,0,0.49154115
0,1,0.6562074
0,1,0.6980154
0,1,0.59978926
0,1,0.7070563
0,1,0.61529446
0,1,0.53231263
0,1,0.6716095
1,0,0.48737898
1,1,0.85525745
0,1,0.65550965
0,0,0.49252182
0,1,0.86128646
0,1,0.6483509
0,0,0.4797621
0,0,0.49259806
0,1,0.58551997
0,0,0.39700365
0,0,0.48613682
0,0,0.44454455
1,0,0.433615
0,0,0.39700365
0,0,0.41564348
1,1,0.7340409
0,1,0.7368781
0,1,0.5472634
0,1,0.53552926
0,0,0.40988138
0,0,0.40888348
1,1,0.83396095
1,0,0.43462884
0,0,0.4174481
0,1,0.6711761
0,1,0.7327977
0,1,0.63179165
0,0,0.4434041
0,1,0.7197499
0,0,0.49131244
0,1,0.7683588
0,1,0.69462013
0,0,0.4142565
0,1,0.6594155
1,1,0.68031156
0,1,0.7310946
0,0,0.45235434
0,0,0.41120023
0,1,0.65570426
0,0,0.41867486
0,1,0.8169966
0,0,0.4295405
0,0,0.47912344
0,1,0.7153655
1,1,0.6406145
0,0,0.39700365
1,1,0.8609282
1,1,0.8594873
0,1,0.616086
0,1,0.58445543
0,1,0.73335683
1,1,0.8593543
0,0,0.4425247
0,0,0.48998797
0,1,0.7016152
0,0,0.43579882
0,0,0.49415505
0,1,0.77288175
0,1,0.76679915
0,0,0.4048742
1,1,0.86340576
0,1,0.57493436
0,0,0.4059956
0,1,0.5637055
1,1,0.770827
0,0,0.405869
0,1,0.82807106
0,1,0.72615486
0,0,0.45634267
0,1,0.753858
0,0,0.49140835
0,1,0.570678
0,1,0.5392706
0,1,0.50050366
0,1,0.53064793
0,0,0.40655962
1,1,0.86340576
0,1,0.53056854
0,0,0.41644484
0,0,0.433615
0,1,0.59403336
0,1,0.5495492
0,0,0.4352859
1,1,0.81497794
0,0,0.4425247
0,1,0.76734036
0,0,0.4760498
0,1,0.66285455
0,0,0.39700365
0,0,0.39700365
0,0,0.47278932
0,0,0.41210175
0,0,0.39700365
0,0,0.48683268
0,1,0.5903747
0,0,0.39700365
0,0,0.39700365
0,0,0.4434041
0,0,0.39700365
0,0,0.43930906
0,1,0.51695997
1,1,0.6120954
1,1,0.8616297
0,0,0.39700365
1,1,0.8593543
0,0,0.4048742
0,1,0.6342281
0,1,0.5757312
0,1,0.6934372
1,1,0.86340576
0,0,0.4857302
0,1,0.68136674
0,1,0.63567
0,0,0.4093699
0,0,0.45721573
0,0,0.40655962
0,1,0.5265736
0,1,0.51032114
0,0,0.47725108
0,0,0.44011608
0,0,0.4025039
0,1,0.6038843
0,1,0.8270285
0,0,0.45954773
0,1,0.5844421
0,1,0.769738
0,1,0.5648333
0,0,0.41210175
1,1,0.5687088
0,1,0.7874055
0,1,0.7067523
0,1,0.62826544
0,0,0.41020137
0,0,0.44479656
1,1,0.8630521
0,1,0.7151767
0,0,0.39700365
0,1,0.6071373
1,1,0.62113917
1,1,0.6610426
1,1,0.5617385
0,0,0.48147622
1,1,0.8603165
0,0,0.39700365
0,1,0.6732063
0,1,0.7064318
0,0,0.39700365
0,0,0.3993632
1,1,0.8551462
1,1,0.83830625
0,0,0.4025039
0,0,0.45774734
0,1,0.55011356
0,0,0.4954097
1,1,0.77412206
0,1,0.5051252
0,1,0.77717835
0,0,0.41867486
1,1,0.856025
0,1,0.64727664
0,0,0.4025039
0,1,0.6819311
0,1,0.5324135
0,1,0.5483342
0,1,0.8246485
0,1,0.82371014
0,0,0.49750423
1,1,0.65497875
0,1,0.86340576
0,1,0.51803297
0,0,0.39700365
0,1,0.75307566
0,1,0.8624482
0,0,0.42426407
0,1,0.6235282
0,0,0.39700365
0,1,0.61718524
0,0,0.4025039
1,1,0.8249944
0,0,0.4025039
0,1,0.75516355
0,1,0.61916125
1,1,0.85582495
0,1,0.627815
0,0,0.42426407
0,1,0.7175943
1,1,0.8609282
1,1,0.6621114
1,1,0.86340576
0,1,0.8193971
0,0,0.40466717
0,0,0.4340039
0,0,0.40618917
0,1,0.7123438
0,1,0.78115726
0,1,0.7810924
0,0,0.42157307
1,1,0.8506143
1,1,0.8279608
0,0,0.39700365
1,1,0.71074766
0,0,0.4252725
0,1,0.7358457
0,1,0.5873931
0,0,0.40349686
0,0,0.4048742
1,1,0.8174843
0,1,0.7994582
0,1,0.7987013
0,0,0.40655962
0,0,0.39700365
0,0,0.41210175
0,1,0.50470793
0,0,0.48683685
0,1,0.6170379
0,0,0.40655962
0,0,0.47075117
1,1,0.851251
0,1,0.8028053
0,1,0.6838213
1,1,0.8174843
1,1,0.8593543
0,1,0.84768564
0,0,0.39700365
0,1,0.60578066
0,1,0.81764567
0,1,0.5850978
0,1,0.7018501
1,1,0.64230925
0,1,0.76916456
0,1,0.57040036
0,1,0.6408476
0,0,0.47033566
0,0,0.40364918
1,1,0.82807106
0,0,0.4521875
1,1,0.59818655
0,0,0.40364918
0,0,0.39700365
0,1,0.5255074
0,1,0.694687
1,1,0.8630009
0,0,0.42029014
0,1,0.50565445
0,0,0.4142565
1,1,0.5972703
0,0,0.4963143
0,1,0.5645141
0,0,0.43230996
0,0,0.4285678
1,1,0.7787334
0,1,0.76814795
0,1,0.5625825
0,1,0.575437
0,1,0.54492986
1,1,0.8499793
0,1,0.55137634
0,1,0.54878646
1,1,0.77482617
0,1,0.5792189
0,1,0.59799975
1,1,0.7003966
0,1,0.7777744
0,0,0.45643303
1,1,0.7779776
0,0,0.4188071
0,0,0.39700365
0,1,0.60976964
0,0,0.47033566
1,1,0.58058345
0,1,0.76663125
0,1,0.5881496
1,1,0.7040032
0,0,0.41448936
0,0,0.4252725
1,1,0.7269014
1,1,0.776293
0,1,0.8550124
0,1,0.6546635
0,1,0.5641212
0,1,0.5844421
0,0,0.39700365
0,1,0.75296104
0,1,0.5139448
1,0,0.4838972
0,1,0.79627424
0,1,0.8624482
0,1,0.52473664
1,1,0.74993557
0,0,0.4402313
1,1,0.569421
0,1,0.59577286
0,1,0.66015154
0,1,0.6068839
0,0,0.433615
0,1,0.70240986
1,1,0.8603165
1,1,0.5611004
0,1,0.52946615
0,0,0.39700365
1,1,0.6846001
0,1,0.8209403
0,1,0.62336797
0,0,0.43930906
0,0,0.41867486
0,0,0.41020137
0,1,0.5003828
0,1,0.8503791
1,1,0.8445898
0,0,0.47848153
0,1,0.58288765
0,1,0.85619026
0,0,0.47136375
0,1,0.6078667
0,0,0.41210175
0,1,0.7327977
0,1,0.5003828
0,0,0.4439564
0,0,0.4547881
1,1,0.86340576
0,0,0.41549128
1,1,0.76719415
1,1,0.86340576
1,1,0.83625555
0,0,0.4175284
0,0,0.44496292
0,1,0.6460278
0,0,0.4025039
0,0,0.47278932
0,1,0.67206186
0,1,0.6659401
0,1,0.5621649
0,1,0.5851104
0,0,0.43462884
0,0,0.42426407
0,0,0.4983984
0,0,0.47917587
0,1,0.75850856
0,1,0.5657912
0,0,0.39700365
0,1,0.86340576
0,1,0.71251684
1,1,0.6893993
0,1,0.69562715
0,0,0.4894195
0,1,0.7860076
0,0,0.41985378
0,1,0.6571421
1,1,0.72621864
0,0,0.40466717
0,0,0.39700365
1,0,0.4887647
1,1,0.5003828
0,0,0.40888348
0,1,0.5066985
0,1,0.7735333
0,1,0.75044614
0,0,0.42161378
0,1,0.86340576
0,1,0.5051252
1,1,0.84930855
0,1,0.5726174
0,1,0.70666385
0,1,0.5859575
0,1,0.8254542
1,1,0.8267792
1,1,0.8344777
1,1,0.77200997
1,1,0.8144779
0,0,0.40655962
0,0,0.40655962
0,1,0.6461374
0,1,0.6140022
0,1,0.711217
0,1,0.5795746
1,1,0.671745
1,1,0.6842984
0,0,0.45603466
0,1,0.8156221
0,0,0.39700365
0,1,0.6338431
0,1,0.632786
0,1,0.55249196
0,1,0.5324135
0,0,0.43501797
0,0,0.433615
0,1,0.544483
1,1,0.59452546
0,1,0.528498
1,1,0.5626763
0,1,0.58662486
0,1,0.80577826
0,0,0.39700365
1,1,0.75249565
1,1,0.83105874
0,0,0.44479656
0,0,0.46921906
0,1,0.71336883
0,0,0.433615
0,0,0.4785063
0,1,0.73506284
0,1,0.77757454
1,1,0.81634206
1,1,0.8401248
0,0,0.4295405
0,1,0.5936162
1,1,0.8114615
0,1,0.7267704
0,0,0.39700365
0,0,0.40655962
0,0,0.405843
0,1,0.5233653
0,1,0.8249944
0,0,0.43462884
1,1,0.7121966
1,1,0.76960385
0,0,0.4340039
0,0,0.40655962
1,1,0.5844421
0,1,0.8484721
0,1,0.5051252
0,1,0.6137977
0,1,0.62327206
1,1,0.86340576
0,1,0.5615343
0,0,0.43462884
0,0,0.44793022
0,1,0.58662486
0,1,0.54547143
0,1,0.7188251
1,1,0.6668872
0,0,0.4594419
0,1,0.86340576
0,0,0.46692118
0,1,0.74505067
0,0,0.433615
0,1,0.8238694
0,1,0.59841406
0,1,0.789759
1,1,0.80600846
0,1,0.76287943
1,1,0.86340576
0,1,0.73203915
0,0,0.40364918
0,0,0.4025039
0,1,0.50864446
0,1,0.81325006
1,1,0.85598505
1,1,0.7823186
0,1,0.5946184
0,1,0.8110312
0,0,0.40618917
1,1,0.8432425
0,0,0.4442566
1,0,0.40655962
0,1,0.6406411
0,0,0.39700365
0,1,0.6012781
0,0,0.47990012
0,1,0.5620515
0,0,0.40655962
0,0,0.41020137
0,0,0.48044586
0,0,0.4993137
0,1,0.8593543
0,0,0.4582273
0,1,0.69661516
0,0,0.39700365
0,0,0.4434041
1,1,0.7324067
0,1,0.5883367
0,1,0.65956366
0,1,0.5831836
0,0,0.49140835
1,1,0.8293693
0,0,0.4048753
0,0,0.4025039
0,1,0.6974725
0,1,0.7650448
0,0,0.39700365
0,0,0.40655962
0,0,0.39700365
0,1,0.59452546
0,1,0.8561758
0,1,0.5015727
0,1,0.8031093
0,1,0.6382128
0,0,0.44479656
0,0,0.40335494
0,1,0.5236267
0,1,0.52768445
0,0,0.49874887
0,1,0.678729
0,0,0.44559842
1,1,0.8593543
0,1,0.59141517
1,1,0.86340576
0,0,0.40655962
0,1,0.58662486
0,1,0.8417243
0,1,0.58110803
0,1,0.5490145
0,1,0.8129039
0,0,0.39700365
0,1,0.5658129
0,1,0.51230764
0,1,0.650219
0,1,0.77635235
1,1,0.8303582
0,1,0.83798677
0,0,0.4093699
0,1,0.5039425
1,1,0.84727883
0,1,0.6761633
0,0,0.48147622
0,1,0.8197837
0,0,0.43462884
0,1,0.5363199
0,0,0.39700365
0,1,0.6837284
0,1,0.7518624
0,1,0.6027246
0,1,0.5629789
1,1,0.8609282
1,1,0.8119911
1,1,0.81406826
1,1,0.64504194
0,0,0.40655962
0,1,0.70699465
0,1,0.6642245
0,0,0.39700365
0,1,0.51683724
0,0,0.4025039
0,0,0.39700365
0,1,0.8624482
1,1,0.70932305
0,1,0.5009732
0,0,0.4025039
0,1,0.7539921
0,0,0.39700365
0,1,0.65451086
1,1,0.848259
0,1,0.660951
0,1,0.5840593
1,1,0.86340576
0,0,0.43579882
0,1,0.6100614
1,1,0.8624482
0,0,0.43462884
0,1,0.5715825
0,1,0.7121861
1,1,0.8559475
0,0,0.433615
0,1,0.8556154
0,0,0.47990012
0,1,0.70462173
0,0,0.4963143
0,1,0.7216239
1,1,0.8196101
0,0,0.48720512
0,1,0.5462687
1,1,0.6673895
0,1,0.50651914
0,0,0.43462884
0,1,0.55162185
0,1,0.6604406
0,1,0.8609282
0,1,0.8524207
0,1,0.5283776
0,1,0.6716095
0,0,0.40655962
1,1,0.76744616
1,0,0.39700365
0,0,0.39700365
1,1,0.5697963
1,1,0.5850978
0,1,0.70339954
0,1,0.52610826
0,0,0.47639754
0,1,0.5536685
0,1,0.7886006
0,1,0.5769896
0,1,0.6242702
0,1,0.66138643
0,1,0.72073174
1,1,0.7569407
0,1,0.6648833
0,0,0.49484685
1,1,0.8603165
0,0,0.433615
0,1,0.60868996
0,1,0.574157
0,0,0.49857333
0,0,0.40655962
0,1,0.5090681
0,1,0.634679
0,1,0.7176295
0,0,0.4048742
0,1,0.85842323
0,1,0.6961662
0,0,0.39700365
0,0,0.4993137
0,0,0.4025039
0,1,0.8496235
1,1,0.85771704
0,1,0.6456158
0,0,0.44323796
0,0,0.41046438
0,1,0.6450194
0,1,0.83554816
0,0,0.41020137
0,0,0.39700365
0,1,0.63088584
0,0,0.49750423
0,1,0.50228316
0,1,0.6406295
0,1,0.85316366
1,1,0.8267933
0,0,0.4025039
1,1,0.8279608
1,1,0.82785946
0,0,0.3993632
0,0,0.47990012
1,1,0.5962178
0,0,0.40655962
0,0,0.39700365
0,0,0.43462884
0,1,0.5536685
0,0,0.44442287
0,1,0.5736293
0,1,0.79999954
0,0,0.39700365
0,0,0.39700365
1,1,0.83165294
0,1,0.6545064
1,1,0.8604622
0,1,0.5936162
0,1,0.71663195
0,1,0.71679014
0,1,0.817449
0,0,0.433615
0,1,0.70258385
0,0,0.39700365
0,1,0.67999655
0,0,0.4993137
0,1,0.5898074
0,0,0.39700365
1,1,0.67436576
1,1,0.71774286
0,1,0.628641
0,1,0.52473664
1,1,0.8596195
1,0,0.43462884
0,1,0.58632874
0,1,0.5074435
0,1,0.72396946
0,0,0.44594368
0,1,0.6282687
1,1,0.8355826
0,1,0.50050366
0,1,0.5699898
0,0,0.47990012
0,0,0.40655962
0,0,0.4498469
1,1,0.51106316
1,1,0.8537701
0,0,0.3993632
0,0,0.4178029
0,1,0.78443116
1,1,0.7420126
0,1,0.6356757
0,0,0.39700365
0,1,0.60440975
1,1,0.82612056
0,1,0.68579566
0,1,0.7602556
1,1,0.74390846
0,1,0.72964996
0,1,0.68853146
1,1,0.8624482
0,0,0.4434041
1,1,0.8630521
1,1,0.8603165
0,0,0.4025039
0,1,0.5495276
0,0,0.39700365
1,1,0.82493556
0,0,0.41760197
0,0,0.3993632
0,0,0.40655962
1,1,0.81191117
0,1,0.5292191
1,1,0.85865915
1,1,0.6662382
0,1,0.64431494
1,1,0.8588207
0,0,0.4954097
1,1,0.7650448
0,0,0.405843
0,1,0.64434594
0,0,0.4048482
0,1,0.75018233
0,0,0.39700365
0,0,0.49048814
1,1,0.544483
0,1,0.75187254
0,1,0.8224311
0,0,0.47835046
0,1,0.8542261
0,1,0.85621864
0,1,0.55162185
0,0,0.44442287
0,1,0.70738363
1,1,0.58708966
0,1,0.5881496
0,0,0.47278932
0,0,0.44496292
1,1,0.86340576
0,0,0.39700365
0,0,0.39700365
0,0,0.42799413
0,1,0.820995
0,1,0.7102018
0,1,0.77487516
0,0,0.4570243
0,1,0.74314666
0,0,0.4993137
0,1,0.66971123
0,0,0.39700365
0,0,0.49415505
0,0,0.42426407
0,0,0.40655962
0,1,0.8151663
0,0,0.478292
0,1,0.8624482
0,1,0.6979798
0,1,0.50050366
0,1,0.820545
0,1,0.6433496
0,0,0.4048742
0,1,0.77241486
0,1,0.6342798
1,1,0.86340576
0,1,0.59079397
0,0,0.41210175
0,1,0.6374223
0,1,0.6763685
0,0,0.439939
0,0,0.44733164
0,0,0.41020137
0,0,0.40335494
0,0,0.49140835
0,1,0.69985896
0,0,0.433615
0,1,0.6799298
0,0,0.39700365
0,1,0.5003828
0,1,0.68614566
0,1,0.6071373
0,0,0.39700365
0,1,0.75304675
0,0,0.43930906
0,0,0.47033566
0,1,0.55893064
0,1,0.54225004
0,1,0.6316117
1,1,0.8630521
0,1,0.59977645
1,1,0.7546618
1,1,0.8268169
0,1,0.8600132
1,1,0.8114366
0,0,0.48709166
1,1,0.6181699
0,1,0.7301576
1,1,0.72703665
0,0,0.4089374
0,0,0.42992857
0,1,0.6115972
0,1,0.65934366
0,0,0.41549128
0,0,0.47033566
0,1,0.51165044
0,0,0.4093699
0,1,0.6234264
1,1,0.86340576
0,0,0.48265347
0,1,0.53018284
0,0,0.39700365
1,1,0.74457836
0,1,0.60731053
0,1,0.69710666
0,1,0.5086901
0,0,0.4252725
0,0,0.49363732
0,1,0.66047734
0,1,0.76688284
0,0,0.43579882
0,1,0.5929634
1,1,0.66576326
0,1,0.77619904
0,0,0.433615
0,1,0.77896494
0,1,0.74109066
0,0,0.39700365
1,1,0.8594873
1,1,0.7683588
0,1,0.56220394
1,1,0.85837466
0,0,0.46789005
0,1,0.52888393
0,0,0.43462884
0,1,0.7570646
0,0,0.39700365
0,0,0.45634267
0,1,0.74158716
0,1,0.721565
0,1,0.63210815
0,1,0.7588641
0,1,0.65539986
0,1,0.7683588
0,1,0.55162185
0,0,0.44442287
1,1,0.86340576
1,1,0.849015
0,1,0.50470793
0,1,0.5189302
0,1,0.6210819
0,1,0.66719
1,1,0.75336665
0,1,0.76248837
0,0,0.41210175
0,1,0.5490145
0,1,0.6809342
0,1,0.70744115
0,1,0.58403224
0,1,0.66392976
0,0,0.42157307
0,1,0.51106316
1,1,0.8268046
0,0,0.39700365
0,0,0.4769063
0,1,0.8610889
1,1,0.8594873
0,0,0.42992857
0,0,0.39700365
0,0,0.41295904
0,1,0.7399234
0,0,0.4048482
0,1,0.75058174
1,0,0.42643628
0,1,0.5283776
0,0,0.4025039
0,1,0.7010287
0,0,0.4769063
0,0,0.42069122
0,0,0.47190884
0,1,0.7406501
0,1,0.60011643
0,0,0.49047902
0,1,0.5832159
0,1,0.6425697
0,1,0.52456295
0,1,0.66138643
1,1,0.85842323
0,0,0.4025039
0,1,0.8092917
1,1,0.85619026
1,0,0.4570243
0,1,0.64799273
0,0,0.4434041
1,1,0.85256666
1,1,0.81497794
0,1,0.7554571
0,1,0.6606155
0,0,0.40655962
0,1,0.6874201
1,1,0.8140082
0,0,0.433615
0,0,0.39700365
1,1,0.7903435
0,0,0.4025039
0,1,0.80652094
0,1,0.6842964
0,0,0.39700365
0,0,0.40655962
0,1,0.5985096
0,1,0.5805199
0,0,0.4252725
0,1,0.73868465
0,0,0.42177403
1,1,0.6044432
0,0,0.45603466
0,0,0.39700365
0,1,0.69350845
0,1,0.5658187
1,0,0.4048742
0,1,0.8508801
1,1,0.8249944
0,1,0.67579305
0,0,0.4025039
0,1,0.5228623
1,1,0.82160544
0,0,0.4089374
0,0,0.49140835
1,1,0.78443116
0,1,0.55835843
0,1,0.8158964
0,0,0.39700365
0,1,0.8511212
0,1,0.6623148
1,1,0.85443974
0,0,0.404643
0,1,0.78632545
0,1,0.53527266
0,1,0.7068447
0,0,0.43462884
0,0,0.41120023
0,0,0.40655962
1,1,0.52612686
0,1,0.66914445
0,1,0.7436637
0,0,0.4594419
0,1,0.79362744
0,0,0.4252725
0,1,0.5600067
0,0,0.4048742
0,1,0.784631
0,0,0.4760498
0,0,0.4295405
0,0,0.405843
0,1,0.5674854
0,1,0.5699898
0,1,0.70671254
0,1,0.5171286
0,1,0.7163784
0,0,0.39700365
0,1,0.66392976
0,1,0.85619026
1,1,0.62522274
0,1,0.8593543
0,0,0.428631
0,1,0.500897
0,1,0.6155127
0,0,0.40655962
0,1,0.8177539
0,1,0.65990597
0,1,0.55293596
0,1,0.53527266
0,0,0.39700365
0,1,0.5504097
0,0,0.4144905
1,1,0.7646753
0,0,0.39700365
0,0,0.3993632
0,0,0.39700365
0,1,0.5299963
1,1,0.78974944
0,1,0.5051252
0,0,0.4993137
1,1,0.5000558
1,1,0.86340576
0,0,0.45198235
0,1,0.5461591
1,1,0.7261633
1,1,0.86128646
0,0,0.40655962
0,0,0.39700365
1,1,0.8070729
0,0,0.49015817
1,1,0.8598819
0,1,0.8619377
0,0,0.45900467
0,0,0.4993137
0,0,0.4885705
0,0,0.47340575
0,0,0.41120023
1,1,0.86128646
0,0,0.40466717
0,1,0.50615686
0,0,0.41210175
0,1,0.8508672
0,0,0.4766612
0,0,0.48737898
0,0,0.41448936
0,0,0.39700365
1,1,0.7104679
0,1,0.54165393
0,1,0.85399157
0,1,0.68853146
0,0,0.39700365
0,0,0.411614
0,1,0.68225193
0,1,0.7556254
0,1,0.70113254
1,1,0.8594873
0,0,0.41120023
1,1,0.67531675
0,0,0.46915606
0,0,0.48968032
0,1,0.55231094
0,1,0.8349466
0,1,0.7439664
0,1,0.51695997
1,1,0.8265071
0,0,0.46062425
0,1,0.58662486
0,1,0.51230764
0,1,0.80537045
1,1,0.8598336
0,1,0.75728023
0,0,0.43129736
1,1,0.5003828
1,1,0.86340576
0,0,0.49140835
0,0,0.4993137
0,1,0.7964406
0,1,0.8268046
0,0,0.4025039
1,1,0.5731436
0,1,0.68161064
0,1,0.7008226
0,0,0.4025039
0,1,0.5029399
0,0,0.48831424
0,0,0.43930906
0,0,0.49335223
0,1,0.5918644
0,0,0.478292
0,1,0.5840593
0,0,0.40655962
0,1,0.81119525
0,0,0.4208594
1,1,0.8626464
1,1,0.8268046
1,1,0.86340576
0,0,0.40655962
1,1,0.86340576
0,1,0.5000967
0,0,0.41295904
0,0,0.4059956
1,1,0.8547463
0,1,0.55958754
1,1,0.86340576
0,1,0.53086
1,1,0.7867649
0,1,0.65900636
1,1,0.51695997
0,1,0.55639076
0,1,0.7732704
0,1,0.5763008
0,1,0.52481747
0,0,0.3993632
0,0,0.41448936
0,0,0.4008787
0,0,0.47912344
0,1,0.5723478
1,1,0.79349494
0,0,0.484572
0,0,0.47033566
0,1,0.56470376
1,1,0.7978822
0,1,0.6306161
0,1,0.5431412
0,0,0.39700365
0,0,0.39700365
1,1,0.859002
0,1,0.5136004
1,1,0.64011514
1,1,0.86340576
0,1,0.6258921
0,0,0.48737898
0,0,0.4489014
0,0,0.46843904
0,0,0.49321938
0,0,0.47912344
0,1,0.8044054
0,0,0.42426407
0,0,0.39700365
0,1,0.8537701
0,0,0.4025039
0,1,0.5139448
0,0,0.43930906
0,1,0.58920985
0,1,0.54333276
0,0,0.4048742
0,1,0.5555374
0,1,0.53622633
0,1,0.560458
0,0,0.47848153
0,0,0.4008787
0,1,0.5472355
0,1,0.69731283
0,0,0.41448936
0,1,0.55162185
1,1,0.7279229
0,0,0.4025039
1,1,0.85049266
0,0,0.40655962
0,1,0.5000967
0,1,0.7061225
1,0,0.4434041
0,1,0.83798677
0,0,0.4025039
0,1,0.70714027
1,1,0.81133217
0,0,0.43516624
0,0,0.48737898
1,1,0.790568
0,1,0.7310846
0,0,0.39700365
0,1,0.6571421
0,0,0.4025039
1,1,0.7977487
0,1,0.54274553
0,1,0.5735257
0,0,0.4025039
1,1,0.7248232
0,0,0.39700365
1,1,0.6351693
1,1,0.862592
0,1,0.5939096
0,1,0.58906543
0,1,0.62620443
1,1,0.86340576
1,1,0.56874716
0,1,0.79520905
0,1,0.5952708
0,1,0.51230764
0,0,0.4025039
0,0,0.433615
1,1,0.85598505
0,0,0.4059956
0,1,0.8153387
1,1,0.6988341
0,0,0.4769063
0,1,0.56874716
1,1,0.8594873
0,1,0.6630735
0,0,0.40655962
0,0,0.45974275
1,1,0.8534975
0,0,0.46283564
0,0,0.39700365
1,1,0.86340576
1,1,0.80907947
0,0,0.47912344
0,0,0.41020137
1,1,0.8306398
0,0,0.39700365
1,1,0.8614984
0,1,0.81191117
0,0,0.39700365
0,0,0.44442287
1,1,0.73263335
0,0,0.4144905
0,1,0.572065
0,1,0.66303813
0,1,0.61319494
0,1,0.6258921
0,1,0.85383266
0,0,0.4048753
0,1,0.6438322
0,1,0.5139448
0,1,0.7735263
1,1,0.8228681
0,1,0.53756046
0,1,0.76083034
0,1,0.700466
0,0,0.40335494
0,1,0.66085815
1,1,0.81228864
0,1,0.5376682
0,1,0.63051206
0,0,0.44278175
0,0,0.40335494
0,0,0.40655962
0,0,0.39700365
1,1,0.86128646
0,1,0.64706135
1,1,0.80355346
0,0,0.40335494
0,1,0.6822746
0,0,0.4801535
0,0,0.39700365
1,1,0.8579335
1,1,0.8210613
0,1,0.7892593
0,0,0.43462884
0,1,0.6814314
0,0,0.48368406
0,1,0.5870749
0,1,0.5015727
0,1,0.6163062
0,0,0.4449242
0,1,0.62113917
0,1,0.62727815
1,1,0.86340576
0,1,0.73906904
0,0,0.4225798
0,1,0.6425571
0,1,0.5074435
1,1,0.83868325
1,1,0.8614984
1,1,0.86340576
0,1,0.57244056
0,0,0.49131244
0,0,0.39700365
0,1,0.57946324
0,1,0.6580482
0,0,0.4025039
0,0,0.39700365
0,1,0.6445872
0,0,0.47835046
0,1,0.5767904
0,1,0.6753716
0,0,0.47917587
0,1,0.6157721
0,1,0.59248644
0,1,0.5217951
0,0,0.40466717
0,0,0.41210175
0,1,0.7169295
0,0,0.42157307
0,1,0.6068839
1,1,0.86128646
0,0,0.39700365
0,1,0.65581787
0,1,0.5636132
0,0,0.4048742
1,1,0.8401248
0,0,0.43462884
0,1,0.857668
1,1,0.8616297
1,1,0.8598819
0,1,0.71832556
0,0,0.48737898
0,0,0.41687474
0,0,0.405869
1,1,0.76252973
0,0,0.47033566
0,0,0.48831424
0,1,0.594039
0,1,0.7531319
1,1,0.8603165
1,1,0.57738924
0,0,0.39700365
0,0,0.4434041
0,0,0.40655962
0,0,0.40655962
0,0,0.42426407
0,1,0.60666895
0,0,0.47912344
0,1,0.57122093
0,0,0.404643
0,0,0.39700365
0,1,0.6052516
0,1,0.7017921
0,1,0.6349648
0,0,0.4769063
1,1,0.8337961
0,1,0.5930073
0,1,0.59248644
0,1,0.7413248
1,1,0.7754849
0,1,0.50670344
0,0,0.44496292
0,0,0.39700365
0,1,0.62934995
0,1,0.5630303
0,0,0.4582057
1,1,0.83554816
0,1,0.6975299
1,1,0.8609282
0,1,0.7413011
1,1,0.58406574
0,1,0.7319638
0,1,0.77356595
0,1,0.7354619
0,0,0.44559842
0,0,0.4434041
0,1,0.73817205
0,1,0.69353044
1,1,0.857668
0,1,0.5340789
0,1,0.71412355
0,1,0.5615299
0,1,0.7645189
0,0,0.43462884
0,1,0.59472764
0,1,0.5401072
0,1,0.575437
0,0,0.39700365
0,1,0.5498845
0,0,0.4025039
1,1,0.8222082
1,1,0.86128646
0,0,0.39700365
0,0,0.39700365
0,1,0.72874814
0,0,0.4582057
1,1,0.6386024
0,0,0.39700365
0,1,0.5455435
1,1,0.8624482
0,0,0.43462884
0,1,0.62853825
0,0,0.48425323
0,1,0.50736094
1,1,0.7754309
0,1,0.65332735
0,1,0.68607396
0,0,0.41295904
1,1,0.8575235
0,1,0.80312335
0,0,0.39700365
0,0,0.43516624
0,1,0.71352446
0,0,0.4783181
0,0,0.39700365
0,1,0.5983822
0,1,0.63160306
0,1,0.67206186
0,0,0.39700365
0,1,0.6956
0,1,0.85339576
1,1,0.8268046
0,1,0.6435747
1,1,0.56874716
0,1,0.574068
0,1,0.634679
0,0,0.4894195
1,1,0.64326894
0,1,0.6047251
1,1,0.8269315
0,1,0.6130555
0,0,0.39700365
1,1,0.5003828
0,1,0.6936846
0,0,0.39700365
0,0,0.40655962
1,1,0.77037287
0,1,0.5769896
0,1,0.86340576
0,1,0.77096516
0,0,0.40655962
0,1,0.7520043
0,0,0.49140835
0,0,0.40655962
1,1,0.7900162
0,0,0.41760197
0,0,0.44496292
0,1,0.5131149
1,0,0.4594419
0,1,0.5650857
0,0,0.47278932
0,0,0.4361882
0,1,0.56220394
0,1,0.80637014
1,1,0.66127586
0,1,0.8557435
0,0,0.41448936
0,1,0.68036866
0,1,0.5953942
0,1,0.50148016
0,1,0.8044054
0,1,0.6975299
0,1,0.605934
0,1,0.6363047
0,0,0.39700365
0,1,0.5636132
0,0,0.39700365
0,1,0.82807106
0,1,0.7583908
0,1,0.7986426
0,1,0.719796
0,1,0.78381634
0,0,0.4048742
0,0,0.45954773
0,1,0.664682
0,1,0.5416141
0,0,0.39700365
0,0,0.433615
0,1,0.73911977
0,0,0.41985378
0,1,0.8204672
0,0,0.39700365
1,1,0.8624482
0,1,0.6938669
0,1,0.74739164
0,1,0.73290926
1,1,0.86340576
1,1,0.5262866
1,0,0.40466717
0,1,0.6669411
0,0,0.4380804
0,1,0.5930073
0,1,0.50773
0,1,0.64674515
0,1,0.51695997
0,1,0.5079023
0,1,0.59351856
1,1,0.8474723
0,1,0.56111205
0,1,0.8593543
1,1,0.6991279
0,1,0.7208393
1,1,0.80633783
0,1,0.84278876
1,1,0.83612716
0,0,0.48147622
0,1,0.71233207
0,0,0.4252725
0,1,0.6734402
0,0,0.4025039
0,1,0.66978145
0,1,0.62840486
0,1,0.7121602
0,1,0.56381875
1,1,0.63198125
0,0,0.47581485
0,1,0.51925546
0,1,0.7175396
0,0,0.4025039
1,1,0.85837466
0,0,0.4442566
1,1,0.84635615
0,1,0.61066175
0,0,0.46723968
1,1,0.86128646
1,1,0.8536396
0,1,0.6265716
0,0,0.39700365
0,1,0.7127943
0,0,0.46843904
1,1,0.8614984
1,1,0.8196101
0,1,0.68136674
0,1,0.7483485
1,1,0.8624482
0,1,0.8350934
0,0,0.46898836
0,1,0.544048
1,1,0.6797308
0,1,0.5035767
0,1,0.55249196
0,1,0.6580482
0,1,0.5131038
0,0,0.4442566
0,0,0.43084624
0,0,0.41210175
0,0,0.4942789
1,1,0.67205256
1,1,0.8624482
1,0,0.40655962
0,0,0.39700365
0,0,0.49908513
1,1,0.85282385
0,1,0.6659401
0,0,0.43462884
0,0,0.39700365
0,1,0.6861351
0,0,0.48425323
0,0,0.433615
1,1,0.7425041
1,1,0.7589177
0,1,0.85582495
0,0,0.39700365
1,1,0.5877138
0,1,0.80846167
0,1,0.6959092
0,0,0.40655962
0,0,0.3993632
0,0,0.405843
0,0,0.47033566
0,0,0.45578718
0,0,0.48147622
0,0,0.41325542
0,1,0.65135217
0,0,0.40699127
0,1,0.59248644
0,1,0.8224311
0,0,0.40655962
0,1,0.81133217
0,0,0.4916753
0,1,0.5877331
0,0,0.39700365
1,1,0.7068043
0,1,0.53518236
0,1,0.66478354
0,0,0.39700365
1,1,0.8501236
0,0,0.44806287
0,0,0.39700365
0,1,0.7616906
1,1,0.5630303
1,1,0.84858745
0,1,0.8281901
0,1,0.70882106
0,1,0.56280833
0,1,0.55561644
1,1,0.7611211
1,0,0.42426407
0,1,0.77400607
0,0,0.41325542
0,1,0.85621864
1,1,0.6615758
0,1,0.52473164
0,1,0.72425973
0,1,0.7493633
0,0,0.4025039
1,1,0.69494927
1,1,0.73868465
1,1,0.8268169
0,1,0.722855
0,1,0.5861309
0,1,0.5012514
1,1,0.72607076
1,1,0.8594873
0,1,0.56228626
1,1,0.8514096
0,0,0.43462884
0,0,0.46912992
0,0,0.39700365
0,1,0.6845536
0,1,0.5283776
1,1,0.86340576
0,1,0.7021168
0,1,0.8624482
1,1,0.80287755
0,0,0.4388114
0,0,0.41020137
0,1,0.8488339
1,1,0.5881496
0,0,0.4894195
0,0,0.48683268
1,1,0.86010206
0,1,0.6784156
0,0,0.44442287
1,1,0.8187687
0,0,0.48683268
0,1,0.6691068
0,0,0.4025039
0,1,0.5626216
1,1,0.6460346
1,1,0.5309471
0,1,0.6935322
0,0,0.4142808
1,1,0.857668
0,0,0.433615
1,1,0.8492966
1,1,0.85399157
0,0,0.48735365
0,1,0.6360073
1,1,0.8110696
0,1,0.72704434
0,1,0.8153387
1,1,0.86128646
0,1,0.5085123
0,0,0.44323796
0,0,0.42426407
0,0,0.39700365
0,0,0.4785063
0,1,0.8594873
1,1,0.7679442
0,1,0.5919588
0,0,0.42190385
0,1,0.73895967
0,0,0.41599372
1,1,0.86340576
0,0,0.49862692
0,1,0.5779441
0,0,0.43872872
0,1,0.7748298
0,1,0.5881496
0,1,0.57876277
0,0,0.39700365
0,1,0.63910466
0,1,0.8603165
0,1,0.6605245
0,1,0.6590442
0,1,0.67597777
0,0,0.48456606
0,1,0.5663289
0,1,0.5079941
1,1,0.63700324
0,0,0.41210175
0,1,0.83798677
0,1,0.8210613
0,0,0.43462884
0,0,0.4089374
0,0,0.48147622
0,1,0.56043637
1,1,0.59343094
1,1,0.6147144
0,1,0.77606994
0,0,0.39700365
1,1,0.856025
0,0,0.39700365
0,1,0.5012514
1,1,0.7632109
1,1,0.66395074
0,1,0.5827101
0,0,0.39700365
1,1,0.8479824
0,0,0.4797621
0,1,0.5017483
0,1,0.5273118
0,0,0.40655962
1,1,0.8614984
0,0,0.44559842
1,1,0.86340576
0,0,0.39700365
0,1,0.54274553
1,1,0.854953
1,1,0.7679882
0,1,0.7778948
1,1,0.82493556
0,1,0.75922036
0,0,0.49140835
0,0,0.39700365
1,1,0.826647
0,0,0.433615
0,0,0.39700365
0,1,0.53892654
0,1,0.682963
0,0,0.4402313
0,0,0.46673867
0,1,0.5527186
0,0,0.39700365
0,0,0.4048742
0,0,0.49140835
0,1,0.5460295
0,1,0.625488
1,0,0.41210175
0,1,0.57244056
1,0,0.49131244
1,1,0.8630009
0,0,0.49747345
0,1,0.7918329
1,1,0.5680187
0,1,0.56905174
0,1,0.8189316
0,0,0.4025039
0,0,0.39700365
0,0,0.40655962
0,0,0.44442287
0,1,0.86340576
0,1,0.74173975
0,0,0.48147622
0,0,0.42426407
0,1,0.74611676
0,1,0.7679442
0,1,0.5713954
0,1,0.70261604
1,1,0.86340576
0,1,0.6766247
0,0,0.39700365
1,1,0.8512894
0,1,0.62826544
0,1,0.5691066
0,1,0.6876548
1,1,0.8258564
1,1,0.77974504
1,1,0.68337643
0,1,0.82994103
0,0,0.49282548
0,0,0.4025039
0,0,0.4048742
0,1,0.5489934
0,0,0.47033566
0,0,0.39700365
1,1,0.55162185
0,0,0.43462884
0,1,0.7596357
0,1,0.5245661
0,1,0.68386537
1,0,0.4252725
1,1,0.8594873
0,1,0.8214325
0,1,0.5324135
0,1,0.65990597
0,0,0.45347562
0,1,0.7695594
0,1,0.8630521
0,1,0.66246533
0,1,0.57022595
0,0,0.49857333
0,0,0.41860607
0,0,0.41020137
0,0,0.47967988
0,1,0.50050366
0,1,0.553549
1,1,0.6562074
0,1,0.5126816
0,1,0.5723478
0,0,0.39700365
0,1,0.50057733
0,0,0.4048742
0,1,0.5779061
0,1,0.51695997
0,0,0.41210175
0,1,0.5299963
0,1,0.53527266
0,1,0.8298807
0,0,0.4252725
1,1,0.7229731
0,0,0.3993632
0,0,0.4025039
0,1,0.6142758
0,1,0.8171625
1,1,0.67782354
0,0,0.48735365
0,0,0.49140835
1,1,0.59577173
1,1,0.8104539
0,0,0.4048742
0,1,0.50050366
0,1,0.5580196
0,1,0.857668
0,0,0.4025039
0,0,0.433615
0,1,0.8547967
1,1,0.61594516
0,1,0.74269474
0,1,0.5023151
1,1,0.50050366
0,1,0.600429
0,0,0.4252725
1,1,0.86340576
1,1,0.86340576
0,1,0.50104517
0,1,0.6619027
0,1,0.80931956
0,0,0.4993137
1,1,0.57022595
1,1,0.63160306
0,1,0.86158085
1,1,0.80840415
1,1,0.5510198
0,1,0.5860662
0,1,0.52538687
0,1,0.68310505
0,1,0.8577747
0,1,0.8414744
0,1,0.65601784
0,1,0.6879791
0,1,0.6166387
0,1,0.6907251
0,0,0.41325542
0,1,0.58789986
1,1,0.86340576
1,1,0.85899574
0,0,0.39700365
0,0,0.49363732
1,1,0.76722354
0,0,0.3993632
0,1,0.6380564
0,1,0.86340576
0,0,0.39700365
0,1,0.5636132
1,1,0.67047554
1,1,0.8582114
0,1,0.5362403
0,1,0.5813553
0,0,0.44924027
1,1,0.8594873
0,0,0.40655962
0,1,0.6876227
0,1,0.5735257
1,1,0.8593543
1,1,0.8310701
0,1,0.82176095
0,1,0.5460295
0,1,0.5028546
0,1,0.7043077
0,0,0.43579882
0,1,0.50773
1,1,0.84998745
0,1,0.78083456
0,1,0.50506806
0,0,0.49140835
0,1,0.722855
0,0,0.4797621
1,1,0.8479824
0,1,0.51803297
0,1,0.7683588
0,0,0.39700365
0,1,0.77658015
0,0,0.47340575
0,1,0.62817633
1,1,0.8593543
0,1,0.67652124
0,1,0.5447025
0,1,0.6378949
0,1,0.85598505
0,1,0.8309628
0,1,0.5578394
0,0,0.41448936
0,1,0.6861351
1,1,0.55983615
0,0,0.4025039
0,1,0.5023151
0,1,0.6970562
0,0,0.41985378
0,0,0.39700365
1,1,0.8210613
0,0,0.39700365
0,1,0.5970849
0,1,0.58288765
0,1,0.50773
0,1,0.80156183
0,1,0.5472355
0,1,0.85051566
0,1,0.6460346
0,0,0.43462884
0,0,0.40655962
0,0,0.40655962
0,1,0.8542261
0,1,0.59336555
0,0,0.4442566
1,1,0.8585204
1,1,0.50161433
0,1,0.58110803
0,1,0.6659401
1,1,0.67369026
0,1,0.8099691
0,1,0.5062868
0,1,0.55958754
0,1,0.7308911
1,1,0.52613187
1,1,0.8614984
0,1,0.5273118
0,1,0.53527266
0,1,0.55249196
0,0,0.46377453
0,1,0.60819584
0,1,0.72603595
0,1,0.7440275
1,1,0.8279143
0,1,0.51225245
0,0,0.49596715
1,1,0.85639375
0,1,0.6521545
0,0,0.4008787
1,1,0.6390264
0,1,0.67810094
1,1,0.6881502
0,0,0.40888348
0,1,0.7284985
0,1,0.59248644
0,1,0.6580781
1,1,0.80652094
0,1,0.7186424
0,1,0.5860662
0,0,0.47278932
1,1,0.70768964
1,1,0.86340576
0,0,0.4235603
1,1,0.76177335
0,1,0.68187726
0,1,0.5833174
0,1,0.52241784
1,1,0.862592
0,0,0.39700365
0,1,0.65985435
0,0,0.4025039
0,1,0.8603165
0,1,0.5536685
0,1,0.8614984
0,0,0.433615
0,0,0.405869
1,1,0.51580656
0,1,0.69122654
0,0,0.48230127
1,1,0.8614984
1,1,0.8279143
0,1,0.5536685
0,0,0.39700365
0,1,0.50651914
0,1,0.5877331
0,0,0.4025039
0,0,0.40466717
1,1,0.67652124
1,1,0.8109804
0,1,0.66303813
1,1,0.64538825
0,0,0.4048742
0,1,0.63704735
0,0,0.4434041
1,1,0.51225245
0,1,0.63863856
0,0,0.40655962
1,1,0.86340576
0,0,0.4521875
0,1,0.5539632
0,0,0.39700365
0,1,0.5644861
0,1,0.6265716
0,0,0.48401436
0,0,0.446305
0,0,0.433615
0,0,0.41644484
0,1,0.64073515
0,0,0.42519817
0,0,0.47340575
0,1,0.8608763
0,1,0.6732063
1,1,0.82371014
1,1,0.8624482
1,1,0.86340576
0,0,0.47912344
0,1,0.85243964
0,1,0.62817633
0,1,0.5222497
0,1,0.5967882
0,1,0.59981567
0,0,0.405843
1,1,0.5447074
0,1,0.86128646
0,0,0.39700365
0,0,0.3993632
0,0,0.4285678
0,1,0.7067214
0,0,0.43462884
0,0,0.4993137
0,1,0.5011251
0,0,0.39700365
0,1,0.75529563
0,0,0.45080364
0,1,0.5674854
1,1,0.85837466
1,1,0.8630009
0,1,0.71923995
1,1,0.8598819
0,1,0.5699898
0,1,0.55927545
0,0,0.49140835
1,1,0.85383743
0,1,0.77711195
0,0,0.39700365
0,1,0.5131149
0,0,0.4966397
0,1,0.75052077
1,1,0.61737233
0,1,0.7408579
0,0,0.49897736
1,1,0.86340576
0,1,0.5615287
1,1,0.85017973
0,0,0.39700365
0,0,0.4993137
0,1,0.7207164
1,1,0.8624482
0,1,0.7958739
0,1,0.5426584
0,1,0.6949175
0,0,0.41210175
0,1,0.8129039
0,0,0.4894195
1,1,0.72771657
1,1,0.8614984
0,1,0.6570983
1,1,0.86340576
1,1,0.611887
0,1,0.6777092
0,1,0.60850513
1,1,0.8551462
0,1,0.6946503
0,1,0.5340789
0,0,0.49825197
1,1,0.7814599
1,1,0.82805395
1,1,0.8593543
0,1,0.59141517
0,0,0.39700365
0,0,0.44712
0,1,0.5972717
0,0,0.39700365
0,0,0.39700365
1,1,0.5821174
0,0,0.39700365
0,1,0.6991533
0,0,0.48601606
1,1,0.81191117
0,1,0.6813638
1,1,0.5881496
0,0,0.413102
0,1,0.8083147
1,1,0.8624482
0,1,0.7462433
0,1,0.85837466
0,0,0.4434041
1,1,0.5636132
0,1,0.81179017
1,1,0.82051235
0,1,0.59898424
0,1,0.7282303
0,1,0.6984289
0,0,0.39700365
0,1,0.6671885
0,0,0.405843
0,0,0.40655962
0,1,0.6376149
0,1,0.6874938
0,1,0.7085791
1,1,0.8577747
1,1,0.7091479
0,0,0.47033566
1,1,0.8614984
0,0,0.4122378
1,1,0.8614984
0,1,0.62826544
0,0,0.428631
0,1,0.6253696
0,1,0.5630303
0,1,0.77154505
0,0,0.39700365
0,0,0.48737898
1,1,0.86340576
0,1,0.52670294
0,0,0.43462884
1,1,0.8624482
1,0,0.4340039
1,1,0.854953
0,1,0.656007
1,1,0.86340576
0,1,0.5483342
0,0,0.42426407
0,1,0.59439695
0,1,0.52956355
0,0,0.47033566
0,1,0.8189291
1,0,0.43925247
0,0,0.4434041
0,1,0.6786425
1,1,0.86340576
0,0,0.39700365
0,0,0.478292
0,0,0.4025039
0,1,0.8503791
0,0,0.3993632
0,0,0.4188071
1,1,0.8630521
0,1,0.8521751
0,0,0.43501797
0,1,0.5126816
0,0,0.42426407
0,1,0.5706937
0,1,0.8593543
0,1,0.6297434
0,1,0.6734856
0,1,0.7681598
0,0,0.433615
1,1,0.84891623
0,0,0.43462884
0,0,0.43462884
0,1,0.6634331
0,1,0.73878676
0,1,0.8594378
0,0,0.4521875
0,1,0.55031383
0,1,0.5914085
0,1,0.58360237
0,0,0.41644484
0,0,0.39700365
0,1,0.70941806
1,1,0.8256171
1,1,0.80596757
0,1,0.80620605
0,0,0.49140835
0,1,0.771862
1,0,0.49897736
0,1,0.6406295
1,1,0.86340576
0,1,0.803526
1,1,0.86340576
0,1,0.50670344
1,1,0.8592576
0,0,0.40655962
0,1,0.8083147
0,1,0.585681
1,1,0.6332898
0,1,0.60955626
1,1,0.7972838
1,1,0.838344
0,1,0.5567595
0,0,0.4048742
1,1,0.8630009
0,0,0.4048742
1,1,0.85771704
1,1,0.7756401
0,1,0.69613963
0,0,0.45250914
0,0,0.48147622
1,1,0.5784324
0,1,0.6652886
0,1,0.6676938
1,1,0.82371014
1,1,0.75202817
0,1,0.7724623
0,0,0.3993632
0,1,0.6820039
0,1,0.7727023
0,1,0.63154656
1,1,0.80600846
0,1,0.67730385
0,1,0.5478938
0,0,0.39700365
0,1,0.63139427
0,0,0.48044586
1,0,0.49216253
0,0,0.39700365
0,0,0.39700365
0,1,0.52830577
0,0,0.4048742
0,0,0.40699127
0,0,0.48737898
0,1,0.73784035
1,0,0.43925247
0,1,0.7904622
0,1,0.650219
0,0,0.39700365
0,1,0.7139276
1,1,0.6306161
0,1,0.59449023
1,1,0.8608763
0,1,0.56554264
1,1,0.86340576
0,0,0.44323796
1,1,0.86340576
0,0,0.39700365
0,1,0.6617399
0,1,0.7893867
0,1,0.59861916
0,1,0.6306161
0,1,0.7457546
0,1,0.60748595
1,0,0.45634267
0,0,0.40349686
0,1,0.64021826
0,0,0.41985378
0,0,0.43925247
0,0,0.433615
0,1,0.53505635
0,0,0.4048742
0,1,0.6308847
1,1,0.8614984
0,1,0.8593543
0,0,0.49118957
0,1,0.59933007
0,0,0.49140835
0,0,0.4570243
1,1,0.8248355
0,0,0.49140835
0,1,0.52946615
0,0,0.40888348
1,1,0.8417004
1,0,0.42426407
0,1,0.71928686
0,1,0.68161064
0,1,0.80293
0,0,0.4142808
1,1,0.5009732
0,0,0.43462884
0,0,0.39700365
0,0,0.40655962
0,1,0.82807106
0,1,0.5267321
1,1,0.8460316
0,0,0.48831424
0,0,0.4295405
0,0,0.405869
0,0,0.44559842
0,1,0.7113088
0,0,0.4885429
0,0,0.40466717
0,1,0.59248644
1,1,0.8268836
0,1,0.6729944
0,1,0.5929634
0,0,0.39700365
1,1,0.8306398
0,1,0.5558591
0,0,0.44496292
1,1,0.7794967
0,1,0.7007257
0,0,0.45721573
1,1,0.69707
1,1,0.86340576
1,1,0.85837466
0,1,0.8344777
0,1,0.7778948
0,0,0.41581368
0,0,0.49544856
0,1,0.721012
1,1,0.86340576
0,0,0.39700365
0,0,0.405869
0,1,0.5536685
0,1,0.8594873
1,1,0.86340576
1,1,0.8515534
0,0,0.39700365
0,0,0.41295904
1,0,0.433615
1,1,0.86340576
1,1,0.8614984
0,1,0.7286986
0,0,0.39700365
0,0,0.49282548
0,1,0.8344777
0,0,0.41867486
0,1,0.8534975
1,1,0.65137
1,1,0.86340576
0,1,0.76166534
1,1,0.85525745
0,1,0.6306161
0,0,0.40655962
0,0,0.47190884
0,0,0.4998169
0,1,0.82371014
0,1,0.73317945
0,1,0.82048327
0,0,0.4295405
1,1,0.86340576
0,0,0.39700365
0,1,0.6746167
0,0,0.39700365
0,0,0.4142808
0,0,0.4048482
0,1,0.64701194
1,1,0.83105874
1,0,0.42762053
0,0,0.40888348
0,1,0.6620895
0,1,0.8594873
1,1,0.8415991
1,1,0.86340576
0,1,0.5658129
0,1,0.7021168
1,1,0.65375125
0,1,0.7165244
0,0,0.39700365
0,1,0.64261335
0,0,0.4628503
0,1,0.6682308
0,0,0.458607
0,1,0.68431544
1,1,0.8047331
1,1,0.738204
0,0,0.39700365
0,1,0.8249944
1,0,0.39700365
1,1,0.80669534
0,1,0.5324135
1,1,0.8279608
1,1,0.77241486
0,1,0.5490145
0,0,0.4993137
1,1,0.6386024
0,0,0.39700365
0,1,0.64442474
0,0,0.39700365
0,1,0.6659567
0,1,0.56745684
0,1,0.73387164
0,1,0.7086202
0,0,0.4434041
0,1,0.5723478
0,0,0.42426407
0,0,0.39700365
1,1,0.826647
0,1,0.54225004
0,1,0.55893064
0,0,0.47727063
0,1,0.5850388
0,0,0.4208594
0,1,0.7260874
0,0,0.49037695
0,0,0.39700365
0,0,0.48147622
0,1,0.7164137
0,1,0.7244337
0,1,0.86128646
0,0,0.4048742
1,1,0.85443974
1,1,0.50470793
1,1,0.81414604
1,1,0.80112636
0,1,0.5490145
0,0,0.39700365
1,1,0.8073834
0,0,0.4963143
0,1,0.50050366
0,1,0.56043637
0,1,0.5465548
0,0,0.4361882
0,1,0.5805637
0,1,0.55031383
0,0,0.49140835
0,0,0.4025039
0,1,0.8569261
0,1,0.8450155
0,0,0.4144905
1,1,0.77602756
0,1,0.57694995
0,1,0.5535894
0,0,0.39700365
0,1,0.6242885
0,0,0.41867486
0,0,0.39700365
0,0,0.40655962
1,1,0.6448577
1,1,0.81764776
0,0,0.43462884
0,0,0.40888348
0,0,0.39700365
0,0,0.4769063
0,1,0.54225004
0,1,0.80227184
0,0,0.45409343
0,1,0.7351305
0,1,0.553549
0,0,0.47262266
1,0,0.41210175
0,1,0.7966188
1,1,0.8339949
0,1,0.7632109
0,1,0.5615299
1,1,0.83798677
0,0,0.45201907
0,0,0.39700365
0,1,0.56874716
0,0,0.4093699
0,0,0.4089374
0,0,0.4048742
0,1,0.70258385
0,0,0.39700365
0,0,0.39700365
0,1,0.66478354
1,1,0.857668
0,1,0.6923887
0,0,0.41867486
0,0,0.40655962
0,0,0.39700365
1,1,0.732889
0,1,0.6713763
0,1,0.5833779
0,1,0.67205256
0,0,0.49140835
0,1,0.8259879
0,0,0.40655962
1,1,0.8557827
0,1,0.82807106
0,1,0.6509354
0,0,0.405869
1,1,0.53505635
0,1,0.8397551
0,1,0.643317
0,1,0.5626216
0,1,0.8460316
0,0,0.39700365
0,0,0.40655962
0,1,0.64701194
0,0,0.4434041
1,1,0.8614984
0,1,0.79444236
0,0,0.43462884
0,0,0.433615
1,1,0.72683185
0,1,0.5536685
1,1,0.8546442
0,1,0.70931405
0,0,0.4993137
0,0,0.42992857
0,0,0.405843
0,0,0.43462884
0,0,0.40888348
1,1,0.70579565
0,1,0.59032893
1,1,0.78724116
0,1,0.76057374
0,1,0.5574296
0,0,0.40466717
0,0,0.49140835
0,1,0.8049736
0,0,0.39700365
0,0,0.40655962
0,1,0.7856527
0,1,0.5763008
0,0,0.39700365
0,0,0.39700365
1,1,0.8279143
0,0,0.49118957
1,1,0.83830124
0,1,0.63051206
0,0,0.433615
0,1,0.58725655
0,1,0.5131149
0,1,0.51803297
0,1,0.5305305
0,0,0.47033566
1,1,0.81191117
0,1,0.7266988
1,1,0.83744955
0,0,0.433615
0,1,0.52830577
0,1,0.63829315
0,1,0.7955796
0,1,0.7287854
0,1,0.553549
0,0,0.39700365
0,0,0.40655962
0,0,0.405843
1,1,0.727224
0,0,0.41581368
0,1,0.58725655
0,0,0.39700365
0,1,0.50670344
0,1,0.6435747
0,1,0.56145966
0,0,0.4580857
0,1,0.5861366
1,1,0.7382805
0,1,0.5126816
0,1,0.5669366
0,0,0.4993137
0,0,0.46916324
1,1,0.8564353
0,1,0.79246175
1,0,0.44648403
1,1,0.5913673
0,1,0.8321102
0,0,0.44442287
0,1,0.7016527
0,1,0.5855875
0,1,0.83709806
0,0,0.433615
0,1,0.6590843
1,1,0.7340789
0,1,0.69106734
0,1,0.6571421
1,1,0.86340576
1,1,0.8574091
1,1,0.86340576
0,0,0.46050414
0,0,0.40364918
1,1,0.8403509
1,1,0.7647027
0,0,0.4582057
0,0,0.39700365
0,1,0.7620213
1,1,0.8360266
0,0,0.43462884
1,1,0.70988446
0,1,0.7828468
0,1,0.6015646
0,1,0.70092136
0,1,0.5126816
0,1,0.58371097
1,1,0.73672634
0,1,0.6926225
0,0,0.39700365
0,1,0.5936806
0,1,0.663832
0,1,0.8114654
0,1,0.8550124
1,1,0.73267955
0,1,0.50409454
0,1,0.6766325
0,0,0.433615
0,1,0.56874716
0,1,0.7252774
1,1,0.857306
0,0,0.43462884
0,1,0.5860903
0,0,0.49282548
0,0,0.46938583
0,1,0.51803297
1,1,0.8209403
1,1,0.8392488
0,0,0.39700365
0,1,0.50683343
0,0,0.405869
0,1,0.5009732
0,1,0.5001931
0,0,0.42201993
0,0,0.39700365
1,1,0.8582114
0,0,0.4769063
0,1,0.5916187
0,0,0.4025039
1,1,0.58168954
0,1,0.7977487
0,0,0.40655962
0,1,0.73509955
1,1,0.7723012
0,1,0.74462336
0,1,0.85558265
0,0,0.40466717
1,1,0.5680187
0,0,0.49140835
0,0,0.39700365
0,0,0.4059956
1,1,0.86340576
0,1,0.5674304
0,0,0.49321938
1,1,0.8503902
1,1,0.8536542
0,1,0.553549
0,1,0.7890681
0,1,0.80066615
0,0,0.43462884
0,1,0.6808492
1,1,0.85562366
0,1,0.6202964
0,0,0.39700365
1,1,0.62677693
0,0,0.425684
1,1,0.86340576
0,1,0.8248429
0,1,0.5674854
0,1,0.7333998
0,0,0.43579882
0,0,0.4025039
1,1,0.8164989
0,0,0.46050414
0,0,0.4832305
0,0,0.45330086
0,1,0.5844169
0,1,0.51733184
0,1,0.59667283
0,1,0.7139148
0,1,0.58551997
0,0,0.39700365
1,1,0.85562366
0,0,0.4442566
0,1,0.68001467
1,1,0.73044634
1,1,0.86340576
1,1,0.6688231
0,1,0.5126816
0,0,0.43129736
0,0,0.43579882
0,0,0.44496292
0,1,0.6148082
0,1,0.6827183
0,0,0.39700365
0,1,0.74049735
0,1,0.58949083
0,0,0.4993137
1,1,0.8603165
0,0,0.39700365
0,1,0.7660759
0,0,0.4093699
0,1,0.8268046
1,1,0.85775226
1,1,0.7650835
1,1,0.7683588
0,1,0.7224616
0,0,0.42519817
0,0,0.41295904
0,1,0.8372728
0,1,0.6519315
1,1,0.7086202
0,0,0.40988138
0,0,0.49131244
0,0,0.4025039
0,1,0.56678253
0,1,0.7664295
1,1,0.8461808
0,0,0.43462884
0,0,0.40699127
0,0,0.39700365
0,0,0.40655962
0,1,0.60157377
0,1,0.6377496
0,1,0.7624747
0,1,0.70057344
0,1,0.5768502
0,0,0.4025039
1,1,0.86340576
0,1,0.5717618
0,1,0.58404624
0,1,0.72592974
0,0,0.48044586
0,0,0.39700365
0,1,0.6223634
0,1,0.83554816
0,0,0.4025039
0,0,0.47912344
0,1,0.56874716
0,1,0.59865
0,0,0.39700365
1,1,0.7310597
0,0,0.49398696
0,0,0.41020137
0,0,0.44041818
1,1,0.8614984
0,1,0.76336944
1,1,0.63013077
0,1,0.51695997
0,1,0.5139448
0,1,0.5273118
1,1,0.50871736
1,1,0.86340576
0,0,0.42061362
0,0,0.42157307
1,1,0.8630521
0,0,0.42426407
0,1,0.8603165
0,1,0.5891851
0,1,0.85619026
0,1,0.7007257
0,0,0.4025039
0,0,0.4769063
0,1,0.5680187
0,1,0.5000967
0,1,0.86128646
0,1,0.51106316
0,1,0.52830577
0,1,0.6449051
1,0,0.4442566
0,0,0.48491144
1,0,0.4442566
0,0,0.39700365
0,1,0.7176623
0,1,0.76723015
0,0,0.49363732
0,1,0.5838466
0,1,0.73203915
0,1,0.6154541
1,1,0.8616297
0,1,0.57325476
1,1,0.73683995
0,1,0.5723478
0,1,0.6438776
0,0,0.4993137
1,1,0.6306161
0,1,0.5526826
1,1,0.8268046
0,0,0.4887647
0,1,0.80775964
0,1,0.6879417
0,0,0.39700365
0,1,0.669642
0,1,0.82371014
1,1,0.80357283
0,1,0.5040359
1,1,0.74520767
1,1,0.8616297
0,0,0.4048482
0,1,0.83798677
0,1,0.80355346
0,0,0.40335494
0,1,0.7089201
0,1,0.5862981
1,1,0.8604622
1,1,0.8155428
1,1,0.81595784
0,1,0.6427336
0,0,0.43839476
1,1,0.851295
0,0,0.39700365
0,0,0.43462884
0,1,0.6964891
0,1,0.7371359
0,1,0.50392365
0,0,0.40655962
0,0,0.39700365
1,1,0.59667283
0,0,0.433615
1,1,0.8592372
0,1,0.8225608
0,1,0.5641212
0,1,0.6328313
0,1,0.60079676
1,1,0.86340576
0,1,0.65990597
0,1,0.7947913
0,0,0.39700365
0,1,0.51032114
0,1,0.6490448
0,0,0.433615
0,1,0.7749899
0,1,0.8567403
0,0,0.41210175
0,0,0.41235313
0,1,0.84891623
0,1,0.7710814
0,1,0.6648833
0,0,0.4144905
0,0,0.39700365
0,1,0.81609166
0,0,0.39700365
0,0,0.41210175
0,1,0.54280174
0,1,0.567968
0,0,0.4025039
0,0,0.40655962
0,1,0.56280833
0,0,0.43462884
0,1,0.68880475
1,0,0.47033566
0,0,0.45409343
0,1,0.54225004
0,1,0.54492986
0,1,0.5870749
0,1,0.53892463
0,1,0.78417116
0,0,0.39700365
0,0,0.45709574
1,1,0.857668
0,1,0.63179165
1,1,0.8614984
0,1,0.5490145
0,1,0.58920985
0,1,0.53251916
0,1,0.6460049
0,1,0.8614984
1,1,0.73745364
0,0,0.39700365
0,0,0.39700365
0,0,0.4769063
0,1,0.80272925
0,0,0.405869
0,0,0.41448936
0,0,0.428631
1,1,0.8566762
0,0,0.4434041
0,0,0.4769063
0,0,0.39700365
0,1,0.5472634
0,1,0.50050366
0,1,0.50670344
0,0,0.4122378
0,1,0.85126364
0,1,0.70610845
1,1,0.73022527
0,1,0.5651724
1,1,0.8569261
0,1,0.5950337
0,0,0.40655962
1,1,0.85532826
0,1,0.7666459
0,1,0.66841847
0,1,0.6427336
1,1,0.65539986
0,1,0.855759
0,1,0.5077059
0,1,0.5850978
1,1,0.7301604
0,0,0.45394453
1,1,0.7389188
0,1,0.54437155
0,1,0.8309628
0,0,0.433615
0,1,0.6999609
0,1,0.70892537
0,1,0.72087497
1,1,0.7636945
0,1,0.6196047
0,1,0.5738957
0,1,0.7196887
1,1,0.83798677
0,1,0.5674854
0,0,0.48275736
0,0,0.41235313
0,1,0.512292
0,0,0.40888348
0,1,0.83459574
0,0,0.4993137
0,1,0.7370385
1,1,0.787926
0,1,0.72094923
0,0,0.41210175
0,1,0.53527266
0,0,0.49862692
1,1,0.5641212
1,1,0.8598819
0,0,0.46916324
0,1,0.7465263
0,1,0.7557803
1,1,0.51165044
0,1,0.6320123
0,0,0.433615
0,1,0.51332086
0,1,0.65413827
0,0,0.39700365
0,0,0.43462884
0,0,0.44323796
0,0,0.47912344
1,1,0.8619377
0,0,0.42157307
1,1,0.7672654
1,1,0.81693673
0,1,0.72253597
0,0,0.43579882
0,0,0.47033566
0,1,0.78311753
1,1,0.86340576
0,1,0.7807804
1,1,0.8112232
0,0,0.39700365
0,0,0.4025039
1,1,0.811439
0,1,0.70873517
0,0,0.4025039
0,0,0.49363732
1,1,0.62994146
1,1,0.7419799
0,0,0.47340575
0,1,0.7533719
0,1,0.84490746
1,1,0.65985435
0,1,0.65111476
0,0,0.44442287
0,0,0.4434041
0,1,0.65419453
0,1,0.52473664
0,0,0.44594368
0,1,0.7223372
0,0,0.40335494
0,1,0.5668782
0,1,0.8056112
0,0,0.39700365
1,1,0.85598505
0,1,0.74023324
1,1,0.7574312
0,0,0.4048742
0,0,0.47033566
0,0,0.47340575
0,1,0.86128646
0,1,0.5527186
0,0,0.3993632
0,1,0.58999294
0,0,0.4025039
0,0,0.3993632
0,1,0.69336677
0,1,0.6376149
0,0,0.49681747
0,1,0.5035767
0,1,0.56188416
1,1,0.8603165
0,0,0.48147622
0,1,0.50383437
1,1,0.76348
0,1,0.5536685
0,1,0.8218149
0,0,0.39700365
0,1,0.50981414
1,1,0.86340576
1,1,0.6711187
0,1,0.82631785
0,0,0.4801535
1,1,0.8081697
0,1,0.6631683
0,0,0.4174481
0,1,0.7873833
0,0,0.4142808
0,1,0.7687314
0,1,0.6872318
0,1,0.59439695
0,1,0.6752108
1,1,0.83845884
0,0,0.39700365
1,1,0.86340576
0,1,0.52432036
0,0,0.48601606
0,1,0.6237601
0,1,0.6658894
0,1,0.68330735
0,0,0.39700365
0,1,0.61661464
1,1,0.86340576
0,0,0.45080364
0,1,0.73868465
0,1,0.6388028
0,1,0.68679744
0,1,0.8624482
0,0,0.4852737
0,0,0.39700365
1,1,0.5832054
0,0,0.4025039
1,1,0.8268169
0,0,0.42426407
0,0,0.4025039
0,1,0.61433125
0,0,0.4225798
0,1,0.55249196
0,1,0.82172084
0,0,0.49874887
0,1,0.58878803
0,1,0.65550965
0,0,0.433615
0,1,0.6809342
0,1,0.8072936
0,0,0.4434041
1,1,0.77254814
1,1,0.72837704
0,0,0.39700365
0,0,0.44924027
0,1,0.69048005
1,1,0.83753735
0,1,0.56926775
1,1,0.65317017
0,0,0.3993632
0,0,0.39700365
1,1,0.8537701
0,0,0.494269
0,1,0.58683056
0,1,0.5857238
0,0,0.39700365
1,1,0.86340576
1,1,0.8579335
0,0,0.39700365
0,1,0.67206186
0,1,0.71438384
0,1,0.6235282
0,1,0.56640697
0,1,0.8624482
0,0,0.49048814
1,0,0.45347562
0,1,0.64701664
0,0,0.42762053
0,1,0.5433113
0,1,0.6140019
0,0,0.41867486
0,1,0.86340576
0,0,0.39700365
0,1,0.583356
0,0,0.41120023
0,1,0.7497438
0,1,0.5858536
1,1,0.7902896
0,0,0.4025039
1,1,0.5011285
0,0,0.4434041
1,1,0.5490145
0,1,0.6185821
0,1,0.63643306
0,1,0.7325172
1,1,0.8603165
0,1,0.52670294
0,1,0.6031019
0,1,0.5009732
1,1,0.8518315
0,1,0.60955626
1,1,0.66935694
0,0,0.46692118
0,1,0.6130991
0,1,0.7164137
1,1,0.8565656
0,1,0.8249944
0,1,0.63328236
0,0,0.43579882
0,0,0.39700365
0,1,0.8630521
0,1,0.8382111
0,1,0.6857716
0,1,0.584544
0,1,0.8159291
1,1,0.85893947
0,1,0.61264783
0,1,0.5458342
0,0,0.49300057
1,1,0.81433016
1,1,0.7207164
0,1,0.7020725
0,0,0.3993632
0,0,0.39700365
0,1,0.5723478
0,0,0.45080364
0,0,0.39700365
0,0,0.4025039
0,1,0.59336555
1,1,0.86340576
1,1,0.8603165
0,1,0.70610845
0,1,0.71021426
1,0,0.48841012
0,1,0.59472543
0,0,0.42426407
1,1,0.8624482
0,0,0.47745177
0,0,0.48147622
0,1,0.6800469
0,1,0.5122625
1,1,0.8423388
0,0,0.42641822
0,0,0.45102516
0,0,0.43462884
0,1,0.5777332
0,0,0.47033566
0,0,0.4048482
0,1,0.67597777
0,1,0.80117774
0,0,0.47033566
0,0,0.41867486
1,1,0.85443974
0,1,0.58406574
1,1,0.8461808
0,0,0.4025039
0,0,0.3993632
0,0,0.40655962
0,0,0.4798676
1,1,0.84731555
0,0,0.47033566
0,1,0.63134223
0,1,0.8269315
0,0,0.43930906
0,1,0.51803297
0,0,0.41210175
0,1,0.59612805
0,1,0.52512383
0,0,0.49140835
0,1,0.5335187
0,0,0.46843904
0,0,0.39700365
0,0,0.42700312
0,0,0.41210175
0,1,0.7606222
0,0,0.4340039
0,0,0.4093699
0,0,0.3993632
0,1,0.5748162
0,0,0.4760498
1,1,0.6166387
0,0,0.39700365
0,1,0.6548408
0,0,0.3993632
1,1,0.5506469
0,0,0.41020137
0,0,0.48841012
0,0,0.40655962
0,0,0.44210407
0,1,0.75862586
1,0,0.41235313
0,1,0.68467844
0,0,0.39700365
0,1,0.5687088
0,1,0.6405951
0,1,0.6075893
0,0,0.40655962
0,1,0.5375034
0,0,0.39700365
0,1,0.528498
0,0,0.4402313
0,0,0.43930906
0,1,0.5636132
0,1,0.6457315
0,0,0.4048742
0,1,0.6976478
0,0,0.405869
0,1,0.5930073
0,0,0.39700365
0,1,0.81326187
0,1,0.7778948
0,0,0.433615
0,0,0.433615
0,1,0.5323226
1,1,0.6734841
0,1,0.5866732
0,1,0.7512267
0,1,0.5079941
1,1,0.6974725
1,1,0.84293383
0,0,0.39700365
0,1,0.53945327
0,1,0.862592
1,1,0.5680187
0,0,0.48044586
0,0,0.39700365
0,1,0.50409454
0,1,0.5131038
0,0,0.42061362
1,1,0.59033346
0,0,0.41020137
1,1,0.8564353
1,1,0.8002803
0,1,0.68235135
0,1,0.7057826
0,1,0.64034516
0,1,0.7970799
0,1,0.7514118
0,0,0.40655962
1,1,0.85842323
0,1,0.68260604
0,1,0.5850388
0,1,0.69389
0,1,0.6200026
1,1,0.81498355
1,1,0.8579335
0,1,0.69010884
0,0,0.47036955
0,0,0.44323796
0,1,0.8096166
0,1,0.6158591
0,1,0.7916972
0,1,0.8603165
0,0,0.39700365
0,1,0.52830577
0,1,0.5335187
1,1,0.86340576
0,1,0.83988434
0,0,0.4025039
0,1,0.6971739
0,0,0.4025039
0,0,0.39700365
0,0,0.39700365
0,0,0.433615
0,1,0.64073515
0,1,0.5534366
0,0,0.39700365
0,0,0.46050414
1,1,0.7242635
1,1,0.76409817
0,0,0.46168694
0,0,0.3993632
1,1,0.57893354
0,1,0.813312
0,1,0.5126816
1,1,0.85627025
0,1,0.6616541
0,1,0.86128646
1,1,0.8208915
1,1,0.8061325
0,1,0.7979771
1,1,0.86340576
0,0,0.42426407
0,1,0.7216674
1,1,0.8593543
0,1,0.63622904
0,0,0.4225798
0,0,0.40888348
1,1,0.85582495
0,0,0.48043862
0,0,0.45634267
0,1,0.50050366
0,0,0.40888348
1,1,0.6349564
1,1,0.7235836
0,1,0.7393484
0,1,0.5978714
0,0,0.433615
1,1,0.8309628
0,1,0.7242625
0,0,0.4967432
0,1,0.5035767
0,1,0.86340576
1,1,0.8262616
0,1,0.6539506
0,1,0.6349564
1,1,0.8593543
0,1,0.72354007
1,1,0.8614984
0,0,0.47912344
0,1,0.5421381
0,1,0.64073515
0,1,0.8218149
0,1,0.85837466
1,1,0.82508385
0,0,0.49015817
0,0,0.49321938
1,1,0.85745364
1,1,0.7254516
0,0,0.39700365
1,1,0.86128646
0,1,0.6642095
0,0,0.39700365
0,0,0.40655962
0,0,0.4048742
0,0,0.494269
1,1,0.75507647
0,1,0.51165044
0,1,0.6641418
1,1,0.7683588
0,1,0.6233166
0,0,0.45900467
0,1,0.61319494
0,0,0.4434041
1,1,0.8614984
1,1,0.86067516
1,1,0.862592
0,0,0.41448936
0,1,0.85899574
0,1,0.53527266
1,1,0.6279038
0,1,0.5536685
0,1,0.51417214
1,0,0.4748278
0,1,0.75472265
1,1,0.86340576
0,0,0.43230996
0,1,0.85837466
1,1,0.85195994
1,1,0.8585755
0,0,0.39700365
0,0,0.45632958
0,1,0.54547143
0,0,0.40655962
0,1,0.8503791
0,1,0.8247025
0,1,0.74253935
1,0,0.39700365
0,0,0.4449242
0,1,0.5503949
0,0,0.4048742
0,0,0.40655962
0,1,0.5317524
0,1,0.56392854
0,0,0.48044586
0,1,0.67032814
0,1,0.59555596
1,1,0.64034516
0,1,0.6413294
0,1,0.72453135
0,0,0.39700365
0,1,0.5644861
0,1,0.72024137
0,1,0.5490145
0,1,0.7183743
1,1,0.8594873
0,1,0.7125335
0,1,0.5813553
0,1,0.51803297
1,1,0.8249944
0,0,0.44442287
0,1,0.51165044
0,0,0.39700365
1,1,0.8566762
0,1,0.80822194
0,1,0.60498697
1,1,0.8249944
0,1,0.79627424
0,0,0.41599372
1,1,0.86340576
0,0,0.4048742
0,1,0.58662486
0,1,0.71518856
0,1,0.85400546
0,0,0.4048753
0,1,0.8534975
0,0,0.39700365
0,1,0.57682383
0,1,0.5842831
0,0,0.4500511
1,1,0.86128646
0,1,0.53678167
0,0,0.4048742
0,1,0.528498
0,0,0.39700365
0,1,0.563221
1,1,0.8624482
0,0,0.39700365
0,1,0.6479972
0,0,0.428631
1,1,0.7133245
0,0,0.39700365
1,1,0.8268046
0,1,0.5448916
0,1,0.69255185
1,1,0.6559325
1,1,0.75447637
0,1,0.7453946
0,0,0.39700365
0,1,0.7277604
0,1,0.64996964
1,1,0.8600132
0,1,0.52830577
0,0,0.47340575
0,1,0.5079023
0,1,0.56296015
0,0,0.48720512
0,1,0.54492986
0,1,0.62709546
0,0,0.40655962
0,1,0.67954445
1,1,0.5850388
0,0,0.433615
0,0,0.4954097
0,0,0.47033566
0,1,0.53505635
0,0,0.3993632
0,0,0.4380804
1,1,0.8309628
1,1,0.8580515
1,0,0.4402313
0,1,0.55121094
0,1,0.8592372
1,1,0.7806716
0,1,0.68097335
1,1,0.6268722
0,0,0.40699127
0,0,0.44442287
0,1,0.66520905
0,1,0.51165044
0,1,0.5844169
1,1,0.8630521
0,1,0.6334239
0,1,0.851251
0,0,0.49140835
1,1,0.678135
0,1,0.65877587
0,0,0.4963143
0,0,0.42426407
0,1,0.7984901
0,1,0.5363199
0,1,0.5419026
0,0,0.49140835
0,0,0.39700365
0,1,0.5240138
0,1,0.72615486
0,1,0.5460295
0,0,0.39700365
1,1,0.86340576
1,1,0.85837466
1,1,0.61450016
1,1,0.8630521
0,1,0.6268152
0,1,0.85837185
0,0,0.433615
0,0,0.4048742
0,0,0.39700365
0,0,0.44442287
0,0,0.44496292
0,0,0.43462884
0,1,0.7964406
0,1,0.55011356
1,1,0.60855484
0,0,0.4025039
0,1,0.59905285
0,0,0.43930906
0,0,0.48433408
0,0,0.40655962
1,1,0.86128646
0,1,0.5832698
0,1,0.561323
0,0,0.4225798
0,0,0.4434041
0,0,0.40655962
0,0,0.4025039
0,1,0.650219
0,0,0.47745177
1,1,0.84964585
0,0,0.433615
1,1,0.8630009
0,1,0.75355864
0,1,0.75683624
0,0,0.478292
1,1,0.8512264
0,1,0.6396867
1,1,0.513681
0,0,0.4025039
1,1,0.8603165
0,1,0.5165919
0,1,0.5073226
0,0,0.4361882
0,0,0.48147622
0,1,0.6546493
0,1,0.7038259
0,1,0.73240876
0,1,0.6147144
0,1,0.5066985
0,1,0.5825683
1,1,0.8582528
0,0,0.425684
0,1,0.69666994
0,1,0.7360473
0,1,0.50670344
1,0,0.4769063
0,0,0.43462884
0,0,0.39700365
0,1,0.6581295
0,0,0.4142565
0,1,0.77857786
0,1,0.6496528
1,1,0.86340576
1,1,0.8042704
0,0,0.47033566
0,1,0.667465
0,0,0.40655962
1,1,0.8143309
1,1,0.6866486
0,1,0.64444906
0,0,0.43516624
0,0,0.43462884
1,0,0.4582057
1,1,0.8609282
0,0,0.3993632
0,1,0.86128646
0,1,0.56874716
1,1,0.8186822
0,1,0.5924481
0,1,0.5709625
0,0,0.39700365
0,1,0.7153655
0,0,0.4963143
0,0,0.39700365
0,0,0.39700365
0,1,0.8272032
0,0,0.4025039
0,0,0.47857422
0,1,0.5687088
0,0,0.43930906
1,1,0.75058174
1,1,0.85339576
0,0,0.45752382
0,1,0.6885513
1,1,0.6919027
0,1,0.7807804
0,0,0.433615
0,1,0.74913913
1,1,0.70468575
1,1,0.7471148
1,1,0.86340576
0,1,0.5703537
0,0,0.404643
0,1,0.5687508
0,1,0.5466777
0,1,0.82807106
1,1,0.5589331
0,1,0.67362964
0,1,0.61125815
0,1,0.66246533
0,1,0.6941596
0,1,0.8568257
1,0,0.4025039
0,0,0.39700365
0,1,0.58445543
0,1,0.6123785
0,0,0.4434041
0,1,0.5015727
1,1,0.6892067
0,1,0.54165393
1,1,0.73368317
0,1,0.59577286
1,1,0.70018065
1,1,0.8603165
0,0,0.39700365
0,0,0.40335494
1,1,0.83428216
0,0,0.404643
0,1,0.8185261
0,0,0.433615
0,1,0.66291744
0,1,0.7766699
0,1,0.5626216
0,1,0.54437155
0,0,0.4852737
0,0,0.4442566
0,0,0.47601485
1,1,0.8474796
1,1,0.83798677
0,0,0.4048482
0,0,0.39700365
0,1,0.78328633
0,0,0.39700365
1,1,0.7717958
1,1,0.81456137
0,1,0.6356757
0,0,0.41210175
1,1,0.86223656
1,1,0.859578
0,1,0.62555164
0,1,0.7524244
0,1,0.8105717
1,0,0.4434041
0,1,0.86340576
0,0,0.49597806
0,1,0.5136004
0,0,0.47912344
1,1,0.5754626
0,0,0.40466717
0,0,0.39700365
0,0,0.4025039
0,0,0.40888348
0,0,0.3993632
0,1,0.6134749
0,1,0.6046736
0,0,0.39700365
0,1,0.7029853
1,1,0.682963
0,0,0.47033566
0,0,0.45347562
0,1,0.6204991
0,1,0.6653636
0,0,0.39700365
0,1,0.5870749
0,0,0.49140835
0,0,0.41020137
0,0,0.45632958
0,0,0.39700365
0,1,0.51803297
0,0,0.45409343
0,0,0.46050414
0,0,0.42426407
0,1,0.70331
0,1,0.51230764
0,1,0.69654673
1,1,0.8158032
0,1,0.65954345
0,1,0.6295652
0,0,0.44594368
0,1,0.8047589
0,1,0.7436637
0,0,0.39700365
0,1,0.8593543
0,1,0.5062868
1,1,0.8388254
0,1,0.8153387
0,0,0.46780315
0,0,0.40655962
0,0,0.45235434
0,1,0.85837466
0,1,0.51106316
1,1,0.8249944
0,1,0.6860005
0,1,0.69164056
0,1,0.69706684
0,0,0.39700365
0,0,0.48913747
0,0,0.4434041
0,0,0.49897736
0,0,0.40466717
0,1,0.8178462
0,0,0.41210175
0,1,0.75346214
0,0,0.42157307
0,0,0.43462884
0,0,0.42426407
1,1,0.75978297
0,1,0.73777634
0,0,0.4594419
0,0,0.48968032
0,1,0.51979065
0,0,0.48147622
0,1,0.553549
1,1,0.85687906
1,1,0.61269456
0,1,0.8279143
0,1,0.563221
0,1,0.75031674
1,1,0.85399157
1,1,0.8452497
1,1,0.85598505
0,1,0.781468
0,0,0.40618917
0,1,0.53567874
0,0,0.41985378
0,0,0.4008787
1,1,0.66138643
0,1,0.5777332
0,1,0.75012773
0,1,0.5703537
0,0,0.41020137
1,1,0.8210613
0,1,0.73525566
0,0,0.40466717
0,0,0.4769063
0,0,0.40655962
0,1,0.7224234
0,1,0.5283776
0,1,0.6998112
1,1,0.7712911
0,1,0.78491795
0,1,0.5002902
0,1,0.66841847
0,1,0.7518922
0,1,0.5023151
1,1,0.84673905
0,1,0.5051252
0,1,0.60557353
0,1,0.60412794
1,1,0.86340576
0,1,0.8509396
1,1,0.5871669
0,1,0.6235211
0,1,0.5514307
1,1,0.8570686
0,1,0.52123016
1,1,0.7211728
0,0,0.49131244
0,1,0.58725655
0,0,0.4025039
0,0,0.4434041
0,1,0.56671137
0,1,0.75342256
0,1,0.55327475
0,0,0.48683268
0,0,0.39700365
1,1,0.86340576
0,1,0.68136674
0,1,0.7058563
0,1,0.5340789
0,1,0.57144135
0,0,0.39700365
0,0,0.4048742
0,1,0.75768626
0,1,0.5362403
0,0,0.433615
0,1,0.77431804
0,1,0.8568257
0,1,0.5011251
1,1,0.86128646
1,1,0.80705035
1,1,0.5451826
0,1,0.64701194
1,1,0.5640284
0,0,0.40655962
0,1,0.771862
0,0,0.39700365
1,1,0.79627424
0,0,0.42992857
0,0,0.44442287
1,1,0.84858745
1,1,0.79334575
0,1,0.55249196
0,1,0.6892489
0,0,0.4885429
0,0,0.4185269
0,0,0.4025039
0,1,0.75070506
0,0,0.4025039
0,1,0.5844169
0,1,0.5328578
1,1,0.85687906
0,0,0.43462884
0,0,0.405869
0,1,0.58110803
0,0,0.46792352
0,0,0.39700365
0,1,0.8069767
0,1,0.85383266
0,0,0.413102
0,1,0.79246175
1,1,0.85598505
0,0,0.43501797
0,0,0.39700365
0,0,0.44479656
0,1,0.59555596
0,0,0.39700365
0,1,0.64246
0,0,0.48720512
1,1,0.8519124
0,0,0.40655962
0,1,0.7747532
0,0,0.49897736
0,1,0.8195736
0,0,0.45954773
1,1,0.84193885
0,1,0.8502696
0,1,0.76527494
0,1,0.59141517
0,0,0.4582772
0,0,0.4913259
0,0,0.4025039
0,1,0.80365556
0,0,0.4048742
1,1,0.8604622
0,0,0.39700365
0,1,0.5126816
1,1,0.86114436
1,1,0.71378094
0,1,0.6048912
0,1,0.66209656
1,1,0.66888636
1,1,0.8630009
0,0,0.41448936
0,1,0.563143
0,1,0.700747
0,0,0.42851487
0,0,0.40655962
0,0,0.41599372
0,0,0.47033566
0,0,0.40466717
1,1,0.634679
0,1,0.5998784
1,1,0.86128646
0,1,0.79878783
0,0,0.4025039
1,1,0.7466503
1,1,0.5844421
0,0,0.43462884
0,1,0.5669366
0,0,0.48156887
0,1,0.8630521
0,1,0.80822194
1,1,0.86128646
0,0,0.48147622
0,0,0.39700365
0,1,0.7119893
0,0,0.45347562
0,0,0.47033566
0,1,0.5015727
0,1,0.69048005
1,1,0.7511228
0,0,0.40466717
0,1,0.8427031
0,1,0.6748554
0,0,0.4434041
0,1,0.6621721
0,0,0.39700365
1,1,0.8593543
0,1,0.5630303
0,0,0.4650919
1,0,0.4893826
0,0,0.44496292
0,1,0.8292205
1,1,0.86340576
0,1,0.5924106
0,0,0.4174481
0,1,0.5472634
0,1,0.59981567
0,1,0.53064793
1,1,0.678655
0,0,0.48044586
0,0,0.40655962
1,0,0.433615
0,1,0.5699898
1,1,0.71343243
0,1,0.86340576
0,1,0.51803297
0,1,0.7067993
1,0,0.43158734
0,0,0.4881228
0,1,0.5407219
0,1,0.54107636
0,1,0.77977014
1,0,0.46843904
0,1,0.6078667
0,0,0.4025039
0,0,0.4048742
0,1,0.7611211
1,1,0.59697944
0,1,0.5364565
0,1,0.7034432
0,0,0.4901304
0,1,0.67658895
0,1,0.53395844
0,0,0.3993632
1,1,0.85598505
1,1,0.67206186
0,0,0.47912344
1,1,0.8614984
0,0,0.4225798
0,0,0.45578718
0,1,0.8482353
0,1,0.6640762
0,0,0.40335494
0,1,0.50162834
0,0,0.48158124
0,0,0.4025039
0,1,0.57642454
0,1,0.59253234
0,1,0.5794782
0,1,0.739303
0,0,0.4928649
0,1,0.6494729
0,0,0.43925247
0,1,0.73488784
0,1,0.62727815
0,0,0.41210175
0,1,0.5389253
1,1,0.7616906
1,1,0.6744929
0,0,0.47033566
0,1,0.6365537
0,0,0.4993137
0,0,0.45926756
0,0,0.40466717
0,1,0.54492986
0,1,0.7064953
0,0,0.49015817
0,1,0.7061225
0,1,0.86340576
0,0,0.39700365
0,0,0.42201948
0,0,0.4404461
0,1,0.54349774
0,1,0.553549
0,0,0.45527363
0,0,0.48668265
0,1,0.7690508
0,0,0.42157307
0,1,0.5527186
0,1,0.57611525
1,1,0.8255471
0,0,0.40655962
0,1,0.62826544
1,1,0.86128646
0,0,0.39700365
0,1,0.63210917
0,1,0.7030676
0,0,0.49544856
0,0,0.42374164
0,0,0.39700365
0,0,0.49140835
0,1,0.55714446
0,1,0.5539632
0,0,0.49035162
0,1,0.61854315
0,1,0.56470376
0,0,0.4942789
1,1,0.8228205
0,1,0.59577173
0,1,0.7763046
0,1,0.5850388
1,0,0.48867467
1,1,0.7248367
0,1,0.6303984
0,0,0.4434041
0,0,0.494269
0,1,0.5495492
1,1,0.78458613
0,0,0.4993137
0,0,0.48491144
0,0,0.433615
1,1,0.8218149
0,1,0.71074766
0,1,0.61687034
0,0,0.45632958
0,1,0.67813265
0,0,0.43930906
0,0,0.39700365
1,1,0.8392488
0,1,0.6447866
1,1,0.8518315
0,1,0.8293365
0,1,0.7061216
0,1,0.59555596
0,0,0.433615
0,0,0.4025039
0,0,0.39700365
0,0,0.4178029
0,1,0.51553625
0,1,0.6074034
1,1,0.8159291
1,1,0.86340576
0,0,0.4025039
0,1,0.5283307
0,1,0.54558873
1,1,0.82160544
0,1,0.62826544
0,1,0.55561644
0,1,0.6550818
1,0,0.4048742
0,1,0.5003828
0,1,0.55875814
0,1,0.6089258
0,1,0.6354356
0,1,0.7698422
0,0,0.39700365
0,1,0.719616
0,1,0.6233712
1,1,0.80817705
0,0,0.40655962
0,0,0.45696008
0,1,0.654238
0,1,0.5280682
1,1,0.8594873
0,1,0.54795915
0,0,0.42838177
0,0,0.43629313
0,0,0.47848153
0,0,0.41120023
1,1,0.79099756
0,1,0.8183517
0,0,0.48147622
1,1,0.5363733
0,1,0.58009213
0,1,0.56874716
0,1,0.7028527
1,1,0.8415884
1,1,0.856025
0,1,0.5539264
0,0,0.41549128
0,1,0.7794967
0,1,0.8454936
0,0,0.3993632
0,1,0.6073366
0,0,0.433615
0,0,0.433615
0,0,0.39700365
0,0,0.44442287
0,1,0.6812979
0,0,0.40655962
0,1,0.5066985
0,1,0.50050366
1,1,0.60790545
0,1,0.50228316
0,1,0.62224543
1,0,0.39700365
0,1,0.6362835
0,1,0.53702796
0,1,0.76532346
0,0,0.39700365
0,1,0.50670344
0,0,0.44733164
0,1,0.54558873
0,0,0.47033566
0,1,0.6755406
1,1,0.8311898
0,0,0.3993632
0,0,0.41210175
0,0,0.40655962
0,0,0.46843904
0,1,0.5974793
1,1,0.7312959
1,1,0.86340576
0,1,0.84731555
0,0,0.46072024
0,1,0.5066985
0,1,0.5699898
0,0,0.40655962
0,1,0.7281045
0,0,0.43462884
0,0,0.41687474
1,1,0.8037853
0,1,0.8069366
0,1,0.80941725
0,1,0.8536542
0,1,0.67362964
0,0,0.4142808
0,1,0.85710365
0,1,0.7267704
0,0,0.44496292
0,0,0.43462884
0,0,0.39700365
0,0,0.4048742
0,1,0.50050366
0,1,0.61461246
0,0,0.4434041
0,0,0.4048742
1,1,0.8557435
0,1,0.7656083
0,1,0.86340576
0,0,0.42946538
0,0,0.44594368
1,1,0.826901
1,1,0.53527266
0,0,0.41120023
1,1,0.56043637
0,0,0.433615
0,1,0.64652795
1,1,0.8579335
0,1,0.50773
0,0,0.43462884
0,1,0.84538966
0,0,0.41020137
0,1,0.51195747
0,0,0.39700365
0,1,0.595198
0,1,0.51580656
0,0,0.39700365
0,0,0.39700365
1,1,0.7172464
1,1,0.86340576
1,1,0.8630521
0,1,0.8609282
0,0,0.478292
0,1,0.6871513
0,0,0.40655962
0,1,0.6758883
0,1,0.61803067
0,0,0.4993137
0,1,0.5023151
0,1,0.55011356
0,0,0.39700365
0,0,0.40655962
0,1,0.7698097
1,1,0.7807804
1,1,0.5009732
1,1,0.81926465
0,0,0.41687474
0,1,0.5850978
0,1,0.7732354
0,1,0.8237226
0,0,0.39700365
0,1,0.8624482
0,1,0.85443974
0,1,0.5224437
0,0,0.48613682
0,0,0.49015817
0,0,0.39700365
0,1,0.53043133
0,0,0.43909344
0,0,0.44806287
0,0,0.40655962
0,1,0.56470376
0,1,0.7832561
0,0,0.43394944
0,0,0.41560104
0,0,0.45632958
0,1,0.57825416
0,0,0.39700365
0,1,0.6895048
0,1,0.55835843
0,1,0.77909344
0,0,0.4048753
0,1,0.6442381
0,0,0.39700365
0,1,0.53110087
0,1,0.73362666
1,1,0.7754684
0,1,0.8624482
1,1,0.86340576
0,0,0.4769063
0,0,0.4025039
0,1,0.8526365
0,0,0.39700365
0,1,0.68470865
1,1,0.8159816
0,0,0.41867486
0,1,0.50651914
0,1,0.758233
0,0,0.4617239
1,1,0.84983593
0,0,0.44496292
0,1,0.7403564
1,1,0.6591171
1,1,0.8614984
0,0,0.42992857
0,1,0.54492986
0,0,0.41448936
0,1,0.5844421
0,1,0.6590843
0,0,0.40888348
0,1,0.85842323
0,1,0.6417124
0,1,0.8614984
0,1,0.5691066
0,1,0.82371014
1,1,0.8604622
1,1,0.8412822
0,0,0.43930906
0,0,0.4580857
1,1,0.8598336
0,1,0.86340576
0,0,0.41120023
0,1,0.6641418
0,0,0.4252725
0,1,0.688447
0,0,0.433615
0,1,0.574068
0,1,0.6460346
0,0,0.43462884
0,1,0.66303813
0,1,0.5143271
0,0,0.39700365
0,0,0.39700365
1,1,0.8624482
0,1,0.6985693
0,1,0.5017483
0,1,0.57144135
0,1,0.6306161
0,0,0.49321938
0,1,0.53527266
0,0,0.41120023
0,1,0.86340576
0,1,0.51695997
0,0,0.49140835
0,1,0.5615299
0,0,0.4089374
0,1,0.50104517
1,1,0.86340576
0,1,0.6416134
0,0,0.4769063
0,1,0.57825416
1,1,0.8268046
0,0,0.4449242
0,0,0.4025039
0,0,0.42157307
0,0,0.47033566
0,1,0.65951777
0,0,0.40335494
0,0,0.39700365
0,1,0.79897213
1,1,0.85606915
1,1,0.86128646
0,1,0.6711187
0,1,0.5416141
0,1,0.553549
0,1,0.6836226
0,1,0.7980002
1,1,0.85175127
1,1,0.85837466
1,1,0.82190764
0,1,0.5609104
0,1,0.73892593
1,1,0.5736435
0,1,0.76069003
0,1,0.50683343
0,1,0.5466881
0,0,0.49015817
0,0,0.47278932
0,0,0.3993632
0,1,0.6373162
0,0,0.39700365
0,1,0.6631012
0,0,0.4225798
0,1,0.83914745
1,1,0.7621811
0,1,0.8624482
1,1,0.85704
0,0,0.45475474
1,1,0.6984759
0,0,0.39700365
0,1,0.66849595
0,1,0.50736094
0,0,0.4025039
0,1,0.72426564
0,1,0.8218149
0,1,0.61350363
0,0,0.433615
0,0,0.39700365
0,1,0.820995
1,1,0.8593543
0,0,0.4769063
0,0,0.4252725
0,1,0.59577286
0,1,0.7453946
0,0,0.39700365
0,1,0.5209059
0,1,0.8405923
0,0,0.433615
0,1,0.8287809
0,0,0.39700365
0,1,0.83806294
0,0,0.3993632
0,0,0.49761236
0,1,0.6078667
0,1,0.5012514
0,1,0.50042
0,0,0.40466717
0,1,0.6587104
0,0,0.47033566
0,0,0.4008787
1,1,0.86128646
0,0,0.4025039
1,1,0.8405923
0,1,0.5313188
1,1,0.859578
0,0,0.48156887
0,0,0.4080838
0,0,0.41448936
0,1,0.6413294
0,1,0.69462013
0,0,0.44442287
0,0,0.44442287
0,1,0.50050366
0,0,0.41210175
0,1,0.8439836
0,0,0.39700365
0,1,0.6562074
0,1,0.85175127
0,1,0.76400745
0,0,0.39700365
0,1,0.7807804
0,0,0.41020137
0,1,0.65956366
0,0,0.4295405
0,1,0.59367865
1,1,0.8593543
0,1,0.7644712
0,1,0.7971688
0,0,0.42762053
0,1,0.7500061
1,0,0.433615
0,0,0.492344
0,1,0.84724224
1,1,0.61321056
0,0,0.43462884
0,1,0.8063715
1,1,0.8604622
0,0,0.43516624
0,1,0.73964167
0,1,0.83851165
1,1,0.69389
0,0,0.44594368
0,1,0.6223581
0,1,0.61529446
0,0,0.44594368
0,1,0.5300346
0,1,0.5871669
0,1,0.69941896
0,0,0.39700365
0,1,0.6688687
0,0,0.41448936
0,1,0.6729286
0,1,0.8594873
0,0,0.4680912
0,0,0.41985378
0,1,0.5327077
0,1,0.71307135
0,1,0.69941896
0,1,0.55162185
0,0,0.4442566
0,1,0.7758537
0,0,0.43516624
0,1,0.78158575
0,1,0.5653174
0,0,0.433615
1,0,0.47033566
0,1,0.58810955
0,0,0.39700365
0,1,0.6724787
1,1,0.672719
0,0,0.4025039
0,1,0.64883125
1,1,0.7234373
1,1,0.8534975
0,1,0.71939546
0,1,0.50670344
0,1,0.7553752
0,1,0.5584587
0,0,0.39700365
0,1,0.65385735
0,1,0.5935551
0,1,0.6838883
0,1,0.5340789
0,1,0.74243486
0,1,0.54225004
0,1,0.7604594
1,1,0.86128646
0,1,0.6158204
0,1,0.5324135
0,1,0.73689526
0,0,0.40888348
0,0,0.49140835
0,0,0.39700365
0,1,0.77239966
0,1,0.84330034
0,0,0.42643628
0,1,0.574068
0,0,0.47850752
1,1,0.6486519
1,1,0.84964585
0,0,0.41210175
1,1,0.7978111
0,1,0.5974793
1,1,0.68928355
0,0,0.39700365
1,1,0.5641212
0,1,0.55687267
0,1,0.7608197
0,0,0.48328534
0,1,0.5653174
1,1,0.86340576
0,0,0.44594368
0,1,0.50641966
0,1,0.5558591
0,1,0.62395436
0,0,0.41210175
0,0,0.39700365
0,1,0.5950381
0,1,0.6614149
0,1,0.54492986
0,1,0.5564987
0,1,0.62976515
0,0,0.433615
0,0,0.47033566
0,1,0.51683724
1,1,0.80670655
0,0,0.48841012
0,1,0.72073174
0,1,0.71104735
0,1,0.5324135
0,0,0.40655962
0,0,0.4442566
0,0,0.40655962
0,0,0.39700365
0,1,0.632786
0,1,0.8594873
0,0,0.45517918
0,1,0.6812409
0,1,0.66703093
0,1,0.72845554
0,1,0.6351473
0,0,0.39700365
0,1,0.73184115
0,0,0.45198235
0,1,0.6118342
0,0,0.42157307
0,1,0.7260494
0,1,0.5668415
1,1,0.72094923
0,1,0.58110803
0,0,0.45463556
0,0,0.433615
1,1,0.79108745
0,1,0.6583089
0,1,0.7118601
0,0,0.43462884
0,0,0.41120023
0,0,0.41867486
1,1,0.8146549
0,0,0.49140835
0,0,0.405843
0,1,0.6456761
1,1,0.61510473
0,1,0.6831036
0,0,0.43462884
0,0,0.40655962
0,1,0.5563682
0,1,0.7900532
0,0,0.39700365
0,1,0.7679462
1,1,0.8600132
1,1,0.85687906
0,0,0.42074
0,0,0.4893826
0,1,0.51803297
0,1,0.6311461
1,1,0.71036685
1,1,0.75241065
0,0,0.40655962
0,1,0.8307506
0,0,0.4025039
1,1,0.84858745
1,1,0.8041021
0,0,0.39700365
0,1,0.7276811
0,1,0.5584072
1,1,0.82879585
0,0,0.4252725
0,1,0.72266084
0,0,0.45632958
0,0,0.41867486
1,0,0.4498026
1,1,0.75018233
0,1,0.7038438
0,1,0.71036685
0,1,0.5936806
1,1,0.8594873
0,1,0.55011356
1,1,0.73559505
0,0,0.39700365
0,1,0.5324135
0,0,0.40888348
0,0,0.4025039
0,1,0.86340576
0,1,0.7683588
0,0,0.4175284
0,1,0.6857716
0,1,0.5092524
1,1,0.8269315
1,1,0.86340576
1,0,0.49140835
0,1,0.72571176
0,1,0.6243216
0,0,0.4025039
0,0,0.4048742
0,1,0.5879535
1,1,0.8604622
0,0,0.46673867
1,1,0.78516316
0,0,0.39700365
0,1,0.81630427
0,0,0.40655962
0,0,0.45347562
1,1,0.86340576
0,1,0.66209656
0,1,0.5939096
1,1,0.8604622
0,0,0.41210175
0,0,0.433615
1,1,0.86128646
0,1,0.6962456
0,1,0.5340789
1,1,0.7589252
0,1,0.66291744
0,1,0.57597727
0,0,0.39700365
0,1,0.6203051
0,1,0.5094601
0,1,0.60456336
0,0,0.39700365
0,0,0.47593588
0,1,0.5870749
0,0,0.433615
0,0,0.433615
0,1,0.62824154
0,1,0.66303813
0,1,0.6686771
0,1,0.5945094
0,1,0.50042
0,1,0.5299963
1,1,0.86128646
0,1,0.857668
0,1,0.7164137
0,0,0.405869
0,1,0.50751
0,1,0.7866849
0,0,0.40655962
0,1,0.59941155
1,1,0.85872054
0,0,0.4752104
0,1,0.721012
0,1,0.561323
0,0,0.4166477
1,1,0.7634184
0,0,0.42426407
0,0,0.40466717
0,0,0.45304558
0,1,0.66971123
0,0,0.47033566
0,1,0.52690494
0,1,0.6961662
0,1,0.7266988
0,1,0.51695997
0,1,0.59941155
0,1,0.50148016
0,1,0.69941634
0,1,0.7242565
0,0,0.39700365
1,1,0.57738924
0,0,0.42426407
0,1,0.50683343
1,1,0.6922152
0,0,0.4048742
1,1,0.8568257
0,0,0.39700365
0,1,0.5097132
0,1,0.5468827
0,1,0.6364256
0,0,0.4252725
0,1,0.59197474
0,0,0.44442287
0,0,0.39700365
0,0,0.4954097
0,1,0.69300765
0,1,0.5131038
0,0,0.39700365
0,0,0.40349686
0,1,0.5606803
1,1,0.73878676
0,1,0.525069
0,0,0.3993632
0,1,0.59079397
0,1,0.80766296
0,0,0.43462884
0,0,0.3993632
0,0,0.39700365
1,1,0.86340576
1,1,0.8255471
0,1,0.6970614
0,0,0.41687474
0,1,0.50670344
0,1,0.72619945
0,1,0.8594873
0,1,0.53030324
1,1,0.86128646
1,1,0.8031093
0,0,0.43579882
0,1,0.5003828
1,1,0.7448505
0,0,0.40466717
0,1,0.7018904
0,0,0.41020137
0,1,0.6427608
0,0,0.44787225
1,1,0.81326187
1,1,0.8247818
0,0,0.4048482
1,1,0.86340576
0,1,0.5566093
1,1,0.8579335
0,1,0.6567113
0,1,0.53527266
0,1,0.79871774
0,0,0.40655962
0,1,0.50506806
0,1,0.65568674
0,0,0.47278932
1,1,0.71598166
0,1,0.7217818
0,1,0.5589331
0,1,0.64073515
0,1,0.5490826
0,0,0.47783372
0,1,0.5265736
1,1,0.86340576
1,1,0.86340576
0,1,0.55011356
0,0,0.45926756
0,1,0.8108345
1,0,0.4178029
1,1,0.8598336
0,1,0.54878646
0,1,0.58406574
0,1,0.53574204
0,0,0.41235313
0,0,0.48158124
1,1,0.8614984
0,0,0.4442746
0,0,0.40655962
0,0,0.46692118
1,1,0.86340576
0,1,0.53577334
0,1,0.80161077
0,1,0.6170684
0,0,0.41210175
0,0,0.3993632
0,1,0.51106316
0,0,0.39700365
0,1,0.7340713
0,0,0.48831424
1,1,0.8321701
0,1,0.626322
1,1,0.79311013
0,1,0.5490145
1,1,0.8203805
0,1,0.6592398
0,0,0.41953158
0,0,0.47033566
0,1,0.727758
1,1,0.84930855
0,0,0.47033566
0,1,0.60598415
0,1,0.8186104
0,1,0.6509965
0,1,0.5576988
1,1,0.75137466
0,1,0.74281037
0,0,0.48841012
0,0,0.47190884
0,1,0.6509901
1,1,0.857668
0,0,0.47953826
0,1,0.7175092
0,1,0.81062055
0,0,0.39700365
0,0,0.49960062
0,1,0.5474326
0,0,0.433615
0,0,0.433615
0,1,0.86128646
0,0,0.433615
0,0,0.41599372
1,1,0.81191117
0,1,0.68559664
0,0,0.433615
0,1,0.7068986
0,1,0.7116632
1,1,0.50663704
0,1,0.7593602
0,1,0.58150756
0,1,0.5017483
1,1,0.86340576
1,1,0.86008584
1,1,0.7871023
0,1,0.52123016
0,0,0.44323796
1,1,0.85517234
1,1,0.85927635
0,1,0.85532826
0,0,0.39700365
0,0,0.4178029
0,1,0.6233207
1,1,0.86340576
0,0,0.48275736
1,1,0.64504194
0,1,0.70910954
0,1,0.73162377
0,1,0.56470376
0,0,0.39700365
0,0,0.4025039
0,1,0.7281048
0,1,0.8070303
0,1,0.6359291
0,0,0.42799413
0,1,0.5870749
0,1,0.8121412
0,1,0.6620623
0,1,0.583364
0,0,0.43462884
0,0,0.44793022
1,1,0.6818782
0,1,0.6364256
0,1,0.5478938
0,0,0.49167773
0,1,0.5000967
0,1,0.6762726
0,0,0.39700365
0,0,0.41210175
0,1,0.62112194
1,1,0.8616297
1,1,0.86340576
0,1,0.5283307
0,1,0.73470294
0,0,0.39700365
0,1,0.7807804
0,1,0.65456355
0,0,0.40655962
0,0,0.43462884
0,1,0.67205256
1,1,0.7083916
0,1,0.51979285
0,1,0.5490145
0,1,0.64755744
0,1,0.59555596
1,1,0.86340576
0,1,0.8078449
0,0,0.4025039
1,1,0.86340576
0,1,0.55835843
0,1,0.7954996
0,0,0.4993137
0,0,0.405843
0,0,0.4208594
1,1,0.7929359
0,0,0.44496292
0,1,0.72749656
0,1,0.66993654
0,0,0.39700365
0,0,0.39700365
0,0,0.43462884
0,0,0.463506
0,1,0.609797
1,1,0.84964585
0,1,0.59051484
0,1,0.6223634
0,0,0.45102516
0,1,0.8430677
0,1,0.6677777
0,0,0.43579882
0,1,0.54547143
0,1,0.52766395
0,0,0.48433408
0,1,0.5578394
0,1,0.67699134
0,0,0.4769063
0,1,0.8574091
0,1,0.5561214
1,0,0.39700365
0,1,0.5653174
0,0,0.39700365
0,0,0.40335494
1,1,0.62460345
0,1,0.6570983
0,0,0.4225798
0,1,0.6340455
0,0,0.41448936
0,1,0.7072614
1,1,0.85062605
1,1,0.6503723
0,0,0.405843
0,0,0.39700365
0,1,0.7434786
0,0,0.49558157
1,1,0.80366254
0,1,0.74932534
0,1,0.764445
0,0,0.41020137
0,1,0.6175091
0,1,0.8044054
0,1,0.718103
1,1,0.8579488
0,1,0.5363733
0,1,0.8506143
0,1,0.6342824
0,0,0.4048742
0,0,0.4798676
0,0,0.41210175
0,1,0.8268046
0,1,0.5723478
0,1,0.77949303
0,1,0.8119747
0,1,0.5630303
0,1,0.69570625
0,1,0.8577747
0,0,0.43158734
0,1,0.8468413
0,0,0.4225798
0,0,0.46050414
0,0,0.4769063
0,1,0.6634877
0,1,0.8391937
0,1,0.6075893
1,1,0.8015346
1,1,0.86340576
0,1,0.6417853
0,0,0.49347773
0,0,0.48737898
0,1,0.82371014
0,1,0.53251916
0,1,0.86128646
0,1,0.51044196
0,0,0.47033566
0,1,0.6710913
1,1,0.70335287
0,1,0.86340576
0,1,0.5952708
0,1,0.5854803
0,1,0.68338645
0,1,0.6019622
0,1,0.683224
0,1,0.73946905
1,1,0.62673086
0,1,0.5779489
1,0,0.39700365
0,0,0.40655962
0,1,0.8218149
0,1,0.5472355
0,1,0.6354356
0,1,0.5826444
0,1,0.6924602
0,1,0.6838213
1,1,0.86340576
0,0,0.42426407
0,1,0.55549705
0,0,0.39700365
0,1,0.5893541
1,0,0.40655962
0,1,0.634679
1,1,0.86340576
0,1,0.74306077
1,1,0.86340576
0,0,0.4885429
1,1,0.6084509
1,1,0.80365556
1,1,0.5139448
1,1,0.76066285
0,1,0.5198046
0,1,0.75666356
0,1,0.58920985
1,1,0.8619377
0,1,0.6590152
0,0,0.44442287
0,0,0.45632958
1,1,0.86340576
0,0,0.4048742
0,0,0.48494783
0,0,0.40655962
0,0,0.40655962
0,0,0.40655962
0,0,0.44496292
0,0,0.43462884
0,1,0.58210504
1,1,0.5373399
0,1,0.75241065
1,1,0.82371014
0,1,0.5704278
0,1,0.6836572
0,0,0.41860607
0,1,0.636622
1,1,0.8378122
0,1,0.64883125
0,1,0.67053926
0,1,0.65137
1,1,0.80113363
0,1,0.57722765
0,1,0.7120594
0,1,0.8603165
0,1,0.71808296
0,1,0.5624599
1,1,0.86340576
0,1,0.59473383
0,0,0.433615
0,1,0.5077059
0,1,0.5396597
0,0,0.4425247
0,1,0.53622633
1,1,0.8146549
0,0,0.40335494
0,1,0.51695997
0,0,0.4993137
0,1,0.86340576
1,1,0.7038774
0,0,0.4679858
0,0,0.44442287
0,1,0.64504194
0,1,0.5860714
1,1,0.7681598
0,0,0.49140835
0,1,0.7283376
1,1,0.82807106
1,1,0.86128646
0,1,0.8245549
0,0,0.4025039
0,1,0.59141517
0,1,0.63351107
0,0,0.40655962
0,1,0.733239
0,1,0.7584005
0,0,0.4025039
0,1,0.65990597
1,1,0.75393325
0,1,0.7533648
0,1,0.70092136
0,0,0.43462884
0,1,0.7340789
0,0,0.3993632
0,0,0.41599372
0,0,0.40466717
0,1,0.7083076
1,1,0.5653174
0,0,0.40655962
0,1,0.7302778
0,1,0.74932534
0,1,0.7316266
0,1,0.73203915
0,0,0.39700365
1,1,0.85525745
0,1,0.5870749
0,0,0.43158734
0,1,0.7718409
0,1,0.73332375
0,1,0.528498
0,0,0.40888348
0,1,0.86010206
0,1,0.5751985
1,1,0.80600846
0,0,0.4025039
0,0,0.4025039
0,0,0.48737898
0,0,0.4025039
0,0,0.41295904
0,1,0.57045215
0,1,0.68485975
0,0,0.4025039
0,1,0.7095033
0,1,0.5924481
0,1,0.6201497
0,1,0.64198965
0,1,0.7331829
0,1,0.5362403
1,1,0.86340576
0,1,0.6641512
0,1,0.57989514
0,0,0.4769063
0,1,0.6080285
0,1,0.51799047
1,0,0.44442287
1,1,0.8269315
0,0,0.46780315
0,0,0.45900467
0,1,0.5003828
0,1,0.8527714
0,0,0.48835132
0,1,0.700979
0,0,0.41020137
0,0,0.44594368
0,0,0.4025039
0,1,0.71236825
0,0,0.4025039
0,0,0.39700365
1,1,0.8155428
0,0,0.4025039
0,1,0.55770355
0,1,0.655999
1,1,0.5294357
0,1,0.68750376
1,1,0.6949088
1,0,0.41235313
0,1,0.58214366
0,1,0.6448123
0,1,0.55249196
0,1,0.8124922
0,0,0.42160726
0,1,0.51521564
0,0,0.42426407
0,1,0.66015154
1,1,0.85837466
0,1,0.5490145
1,1,0.86340576
0,0,0.4025039
0,0,0.39700365
1,1,0.86340576
0,0,0.39700365
1,1,0.574068
0,1,0.8624482
0,0,0.42069122
1,1,0.82037723
0,0,0.4963143
0,1,0.6394528
1,1,0.86340576
1,1,0.85043645
1,1,0.82371014
0,1,0.53586656
0,0,0.4122378
0,1,0.5364565
0,1,0.6033868
0,0,0.39700365
0,0,0.405843
1,1,0.8547463
0,1,0.7284985
0,1,0.67756754
0,1,0.6822763
0,0,0.405843
0,1,0.7764199
0,0,0.4397065
0,1,0.66576326
1,1,0.8630521
1,1,0.8455765
0,1,0.6874938
0,0,0.39700365
0,1,0.5798793
0,1,0.5217951
0,0,0.45632958
0,1,0.59941155
1,1,0.83721733
0,1,0.6148082
0,1,0.57710373
1,1,0.59336555
1,1,0.7923485
0,1,0.63914376
0,1,0.81191117
0,1,0.6682252
0,1,0.8139959
1,1,0.8186822
0,1,0.6761633
0,1,0.5583839
0,1,0.7724597
0,0,0.4208594
0,1,0.6178656
0,0,0.39700365
0,0,0.40655962
0,0,0.39700365
0,1,0.79151404
1,1,0.8624482
0,1,0.84426665
0,1,0.6205488
1,1,0.5569016
0,1,0.8232738
1,1,0.5747113
0,0,0.4025039
0,1,0.5881496
1,1,0.8537701
0,0,0.39700365
0,0,0.3993632
0,0,0.40655962
0,0,0.4998552
1,1,0.82879585
0,1,0.52123016
0,0,0.41867486
1,1,0.57008284
0,0,0.4025039
0,1,0.5862131
0,1,0.51695997
0,0,0.4048742
1,1,0.8630521
1,1,0.76517993
1,1,0.83744955
0,1,0.7662933
1,1,0.6067752
1,1,0.76070493
1,1,0.79083157
0,0,0.39700365
0,0,0.40655962
0,1,0.55173993
1,1,0.86340576
0,1,0.5443704
1,1,0.8592576
1,1,0.7707896
0,0,0.39700365
0,1,0.7527737
0,1,0.76409817
0,0,0.49140835
0,1,0.56220394
0,0,0.42426407
0,0,0.47033566
0,1,0.8603165
0,0,0.42799413
1,1,0.7012198
0,1,0.8609382
0,0,0.433615
0,1,0.8070885
1,1,0.8594873
1,1,0.6081937
0,1,0.86128646
0,1,0.86340576
0,0,0.492344
0,0,0.4580857
0,0,0.49259806
0,1,0.5651724
0,0,0.49614808
1,1,0.8598336
1,1,0.86340576
0,1,0.6303984
0,0,0.41210175
0,0,0.42021233
0,1,0.7893867
0,1,0.7210362
0,0,0.39700365
1,1,0.7515045
0,0,0.41867486
0,0,0.3993632
0,1,0.6121426
1,1,0.5850388
1,1,0.68528247
1,1,0.58686924
1,1,0.8614984
0,1,0.7005965
0,1,0.71074766
1,1,0.8598819
1,1,0.80385584
0,0,0.40335494
0,1,0.60170233
1,1,0.86128646
0,1,0.6305323
0,1,0.6723105
0,1,0.61691946
0,1,0.84770894
0,1,0.55393237
1,1,0.7688675
0,0,0.40655962
1,1,0.8578499
0,1,0.55958754
0,1,0.5335617
0,1,0.50050366
0,0,0.4048482
0,1,0.8186104
0,0,0.42799413
1,1,0.8630521
0,1,0.58174485
0,0,0.43462884
0,1,0.82371014
1,1,0.7266988
0,1,0.69066113
0,0,0.4963143
0,1,0.5324135
0,0,0.4449242
0,0,0.47033566
0,1,0.51106316
0,1,0.77473545
0,0,0.47848153
0,1,0.8138104
0,1,0.6095713
1,1,0.8224311
0,1,0.650219
0,0,0.41295904
0,1,0.50637656
1,1,0.8196101
1,1,0.6209223
0,1,0.7676554
0,1,0.6580447
1,1,0.7905331
0,0,0.39700365
0,0,0.4993137
0,1,0.7389188
0,0,0.4008787
0,1,0.5381887
0,0,0.40655962
0,1,0.5012514
0,0,0.39700365
0,0,0.4059956
0,0,0.42426407
0,1,0.595098
0,0,0.39700365
1,1,0.8624482
0,0,0.45772314
0,1,0.8460316
1,1,0.7403856
1,1,0.8603165
0,1,0.55249196
0,1,0.5534275
1,1,0.7130908
0,0,0.48668265
0,1,0.68974864
0,1,0.5347568
0,1,0.7060323
0,0,0.4048742
0,1,0.63051206
0,1,0.69111395
1,1,0.8609282
0,1,0.5779489
0,1,0.82051235
0,0,0.48735365
0,0,0.4208594
1,1,0.85810345
0,1,0.8616297
0,0,0.40701732
0,1,0.577278
0,0,0.39700365
0,1,0.76373506
0,1,0.72157633
0,0,0.404643
0,1,0.5840593
0,0,0.48147622
0,1,0.62113917
0,1,0.51044196
0,1,0.85865915
0,0,0.39700365
1,1,0.8595541
0,1,0.55162185
0,0,0.40655962
0,0,0.44924027
0,1,0.5914469
0,0,0.44348446
0,1,0.58445543
0,0,0.4483766
0,0,0.4498469
0,1,0.80293
0,0,0.39700365
0,1,0.5009732
0,0,0.42641822
0,0,0.433615
1,1,0.8624482
0,1,0.7347645
0,1,0.58110803
0,0,0.42992857
0,0,0.43462884
0,1,0.6297326
0,1,0.6454875
1,1,0.8594873
0,0,0.4025039
0,1,0.5918246
1,1,0.78381634
0,1,0.5153765
1,0,0.49140835
0,0,0.49131244
0,1,0.787926
0,1,0.7522043
0,0,0.4582057
0,0,0.45634267
0,1,0.8404703
0,0,0.433615
0,1,0.75840443
0,1,0.84569854
0,0,0.48735365
0,1,0.6292805
0,1,0.79871774
0,1,0.75358117
0,0,0.433615
1,1,0.77937293
0,1,0.6352712
0,1,0.5224437
0,1,0.7188251
0,1,0.63563216
0,1,0.6082288
0,1,0.75923824
1,1,0.8594873
0,0,0.41020137
0,0,0.4025039
1,1,0.86128646
1,1,0.79644156
1,1,0.76446545
0,0,0.433615
0,1,0.6738158
0,0,0.40701732
0,0,0.39700365
0,0,0.47051802
0,1,0.6413294
0,1,0.5294357
0,0,0.4178029
1,1,0.8162235
0,1,0.8130649
0,0,0.4966577
0,0,0.43462884
0,0,0.3993632
0,1,0.58403224
0,1,0.6541986
0,0,0.40655962
0,1,0.52209365
1,0,0.46950403
1,1,0.8503791
1,1,0.70983696
1,1,0.86340576
0,0,0.39700365
0,1,0.7447109
1,1,0.86340576
1,1,0.86340576
0,1,0.5490145
0,1,0.7072662
0,1,0.6625351
0,1,0.7243113
0,1,0.5636132
0,1,0.57611525
0,1,0.8249944
1,1,0.5636132
0,0,0.43579882
1,1,0.85126364
1,1,0.7658512
0,0,0.48841012
0,1,0.67078537
0,0,0.4208594
0,1,0.6540121
0,0,0.43462884
0,1,0.559987
1,1,0.85842323
0,0,0.39700365
0,1,0.7607901
1,1,0.826647
0,0,0.4048753
0,1,0.8474848
1,1,0.86128646
0,1,0.7016152
1,0,0.46797082
0,0,0.4025039
1,1,0.8624482
0,1,0.69731283
0,0,0.39700365
0,1,0.7183307
0,1,0.52696276
1,1,0.8610889
1,1,0.8579722
1,1,0.85837466
1,1,0.8630521
1,1,0.8511212
0,0,0.49874887
0,1,0.8158625
0,1,0.5000967
0,0,0.39700365
0,1,0.5182217
0,1,0.58105934
0,0,0.46690628
0,1,0.50683343
0,1,0.8573058
0,0,0.40655962
0,0,0.44594368
0,1,0.58725655
0,1,0.5364565
1,0,0.4806057
0,0,0.4025039
1,1,0.72469157
0,1,0.58802986
0,0,0.40335494
0,0,0.4410496
0,0,0.40655962
0,0,0.39700365
0,1,0.53518236
0,1,0.66003615
0,1,0.7823186
0,1,0.5924129
1,1,0.6965855
0,1,0.86340576
0,0,0.46673867
0,0,0.44862494
0,0,0.39700365
0,1,0.6976478
0,0,0.39851612
1,1,0.81522894
0,0,0.44594368
0,1,0.51695997
0,1,0.7749899
0,1,0.8594873
0,0,0.41210175
0,1,0.76464134
0,1,0.52241784
1,1,0.8025502
1,1,0.85894
0,1,0.6658855
0,0,0.41448936
0,1,0.5626763
0,0,0.41020137
0,0,0.39700365
0,1,0.6812035
1,1,0.86340576
0,0,0.41953158
0,1,0.8027339
1,1,0.59248644
0,1,0.5070247
1,1,0.85842323
0,1,0.56874716
0,0,0.4797621
0,1,0.60559297
0,1,0.6838213
0,0,0.48735365
1,0,0.46789005
1,0,0.49048814
0,1,0.6997842
0,1,0.57482475
1,1,0.8159816
0,1,0.65317017
0,0,0.3993632
1,0,0.48683268
0,1,0.62826544
1,1,0.8269315
0,1,0.6620726
0,1,0.58009213
0,0,0.4185269
0,0,0.4089374
0,0,0.48147622
0,0,0.39700365
0,0,0.48147622
1,1,0.820378
0,0,0.4048482
0,0,0.43579882
0,1,0.80264354
0,1,0.6433916
0,0,0.41210175
0,0,0.43462884
0,1,0.5998855
0,1,0.50841635
0,1,0.56801736
0,1,0.6447526
0,1,0.71111935
0,0,0.47593588
0,1,0.76211953
0,0,0.39700365
0,1,0.6836572
0,1,0.7075199
0,1,0.70022166
0,0,0.47194144
0,0,0.4225798
0,1,0.6662382
0,0,0.39700365
1,1,0.8579335
0,1,0.82863337
0,0,0.45900467
0,1,0.5205078
0,1,0.602303
1,1,0.86340576
0,1,0.7738687
0,0,0.4025039
0,0,0.3993632
0,1,0.541196
0,1,0.78044146
0,0,0.39700365
0,1,0.6265716
0,0,0.4208594
0,1,0.55618715
1,1,0.78017586
1,1,0.8593543
0,1,0.8120061
1,1,0.86340576
0,0,0.4993137
0,0,0.4948062
1,1,0.86340576
0,1,0.6927504
0,0,0.46154398
1,1,0.8048895
0,1,0.6988189
0,0,0.4570243
1,1,0.66085875
0,1,0.6752616
0,0,0.42157307
1,0,0.4993137
0,1,0.7752078
0,1,0.81304115
0,1,0.5092524
0,1,0.59555596
0,0,0.48147622
1,1,0.6838213
0,1,0.7679462
1,1,0.862592
1,1,0.75919175
1,1,0.86340576
0,0,0.4594419
0,1,0.7547225
0,0,0.425684
1,1,0.6394221
0,0,0.39700365
0,1,0.64799273
1,0,0.49307927
1,1,0.8609282
1,1,0.85243964
0,0,0.433615
0,1,0.53756046
0,1,0.59288216
0,0,0.48044586
1,1,0.7479978
0,0,0.40364918
0,1,0.5759276
0,1,0.63622904
0,0,0.41295904
0,1,0.67912906
0,1,0.5664397
0,0,0.39700365
1,1,0.854405
1,1,0.79362744
1,1,0.8580168
0,0,0.43516624
0,0,0.3993632
0,0,0.433615
0,0,0.39700365
1,1,0.72538406
0,0,0.4954097
0,1,0.55087596
1,1,0.86340576
0,0,0.41210175
0,1,0.5680187
0,0,0.44479656
0,0,0.39700365
0,0,0.39700365
0,0,0.46622255
0,1,0.6953068
0,1,0.8047161
0,1,0.581931
1,1,0.6729944
1,1,0.5710526
1,0,0.49415505
0,0,0.43462884
0,0,0.4025039
0,1,0.72381276
0,1,0.71327984
0,1,0.6815457
0,0,0.4174481
0,1,0.5490145
0,0,0.4178029
0,0,0.39700365
0,1,0.5222497
0,0,0.39700365
0,1,0.5658129
1,1,0.82371014
0,1,0.8593543
0,1,0.59248644
0,1,0.67436576
1,1,0.75768805
0,0,0.49415505
0,0,0.43462884
0,0,0.39700365
0,0,0.39700365
0,0,0.39700365
0,1,0.5736293
0,0,0.39700365
1,1,0.8336368
1,1,0.82508385
1,1,0.8604622
0,1,0.56208354
0,1,0.79575026
0,0,0.3993632
0,0,0.4582057
0,0,0.4188071
0,0,0.43462884
0,0,0.40655962
0,1,0.6367565
0,1,0.71607256
1,1,0.83744955
0,0,0.39700365
0,1,0.71254927
0,0,0.47033566
0,1,0.61656487
0,1,0.8123733
0,1,0.51979065
0,1,0.5787762
0,1,0.6812979
0,0,0.42799413
1,1,0.6384101
0,1,0.64581317
0,0,0.49140835
0,1,0.75924885
1,1,0.8496154
0,1,0.67436576
0,1,0.59553
0,1,0.7172234
1,1,0.705004
0,0,0.39700365
0,1,0.86340576
0,0,0.3993632
0,1,0.86128646
0,0,0.39700365
0,1,0.6782679
0,1,0.5222497
1,1,0.73796636
0,0,0.39700365
0,1,0.55923283
0,0,0.4252725
0,1,0.7515045
0,1,0.5691066
0,1,0.5606451
1,1,0.86340576
0,1,0.52866256
0,0,0.43462884
0,0,0.4025039
1,1,0.554646
0,1,0.6922152
0,0,0.4025039
1,1,0.8083147
0,1,0.7379588
0,0,0.39700365
0,1,0.5003828
0,0,0.44890824
0,0,0.4252725
0,1,0.68213636
0,1,0.6250059
0,1,0.597742
0,0,0.48720512
0,0,0.45554113
0,0,0.49750423
0,0,0.41325542
1,1,0.7286986
0,1,0.71872103
1,0,0.433615
0,1,0.5752048
0,1,0.50683343
1,1,0.68756825
0,0,0.4025039
0,1,0.6432025
0,0,0.433615
0,1,0.70221025
0,0,0.4361882
1,1,0.7494099
0,1,0.79705805
1,1,0.86128646
0,1,0.5578428
0,0,0.4025039
0,1,0.6522491
0,1,0.6055217
1,1,0.5933453
1,1,0.68735856
0,1,0.72955924
0,0,0.41985378
0,0,0.43579882
0,0,0.4178029
0,0,0.4252725
0,1,0.69961345
0,1,0.71036685
0,1,0.75940233
0,1,0.8031093
0,1,0.5126816
0,0,0.4025039
0,1,0.8604622
0,0,0.46792352
1,1,0.7287865
0,1,0.62420774
0,0,0.41985378
1,1,0.63034636
1,1,0.86128646
0,0,0.42426407
1,1,0.7538625
0,0,0.39700365
0,1,0.5939633
0,1,0.5364565
1,1,0.59977645
0,0,0.48737898
0,1,0.6083501
0,0,0.45481822
0,0,0.40655962
1,1,0.7494628
0,1,0.55958754
1,1,0.85733116
0,0,0.46919873
0,1,0.77261406
1,1,0.86340576
0,1,0.75323945
0,1,0.8074642
0,0,0.40655962
0,0,0.3993632
0,1,0.659481
0,0,0.41325542
0,1,0.8372541
0,1,0.7313941
1,1,0.7727968
0,0,0.4093699
0,0,0.48425323
0,1,0.5121317
0,1,0.8546048
0,1,0.64581317
1,1,0.7681999
0,1,0.62620443
0,0,0.41235313
0,1,0.7650607
1,1,0.810783
0,1,0.8624482
0,1,0.5051252
0,0,0.39700365
0,1,0.5012514
0,1,0.55162185
0,1,0.8614984
1,0,0.43462884
0,1,0.68193793
0,1,0.69620883
1,1,0.8594873
0,0,0.4089374
1,1,0.85639375
0,0,0.4434041
0,0,0.43579882
0,0,0.39700365
1,0,0.4434041
0,1,0.66015154
0,0,0.44559842
1,1,0.86340576
0,1,0.766727
0,1,0.56640697
0,0,0.39700365
0,0,0.3993632
0,0,0.433615
0,0,0.44011608
0,0,0.39700365
0,0,0.40466717
0,0,0.40655962
0,0,0.3993632
0,0,0.48328534
1,1,0.8594873
0,1,0.7822341
0,1,0.5673915
0,1,0.7207445
0,1,0.8256171
0,1,0.50050366
0,0,0.48097688
1,1,0.8630521
0,0,0.49750423
0,0,0.40364918
0,0,0.47745177
0,1,0.5472634
0,0,0.44733164
0,0,0.45235434
0,1,0.50943714
0,0,0.4025039
0,0,0.49590483
0,0,0.40655962
1,1,0.82493556
0,1,0.5555374
0,1,0.51165044
0,1,0.7009545
0,1,0.72489786
0,1,0.63744193
0,0,0.404643
0,1,0.6265716
0,1,0.6545064
0,1,0.7655435
0,1,0.678511
0,0,0.48835132
0,0,0.48668265
0,0,0.4025039
0,1,0.6590843
0,1,0.5735257
0,0,0.47033566
1,1,0.81133217
0,0,0.49486122
0,1,0.5833174
0,1,0.7243584
1,1,0.77646273
0,0,0.39700365
0,1,0.51230764
1,1,0.50050366
0,0,0.49131244
1,1,0.855753
0,0,0.428631
0,0,0.48149574
0,1,0.6292359
0,1,0.61820847
1,1,0.836929
0,0,0.41867486
0,1,0.81057155
0,0,0.4208594
0,1,0.5255481
0,0,0.4295405
0,0,0.4025039
0,1,0.6014803
0,0,0.4025039
0,1,0.5209912
0,1,0.5657912
0,0,0.4048742
0,1,0.64706135
0,1,0.6448577
0,0,0.39700365
0,0,0.46843904
0,1,0.61529446
0,1,0.53452146
0,1,0.58488107
0,0,0.49140835
0,1,0.6645451
0,0,0.40888348
0,0,0.48668265
0,1,0.50513226
1,1,0.8630521
0,1,0.59035856
0,0,0.39700365
0,1,0.8237226
0,0,0.39700365
0,1,0.8593543
1,1,0.6123659
1,1,0.77190113
0,1,0.5472456
1,1,0.8385731
1,1,0.7807804
1,1,0.8604622
0,0,0.39700365
0,1,0.654238
1,0,0.43579882
0,1,0.59449023
0,1,0.7807613
0,0,0.40655962
0,0,0.39700365
1,1,0.8614984
0,0,0.4442566
0,0,0.42061362
0,0,0.47745177
0,0,0.39700365
0,0,0.41985378
0,1,0.7036739
0,0,0.43462884
0,1,0.65203565
1,1,0.6941363
1,1,0.8518315
0,1,0.8069442
0,0,0.39700365
0,0,0.4361882
1,1,0.8594873
0,1,0.5871669
0,1,0.51683724
0,0,0.411614
0,1,0.51695997
0,1,0.6842964
0,1,0.5763008
0,1,0.82493556
1,1,0.8624482
1,1,0.86158085
0,0,0.49874887
0,0,0.4048742
1,1,0.8229917
0,1,0.68954074
0,0,0.43462884
0,0,0.39700365
1,1,0.86340576
1,1,0.7947309
0,1,0.76663125
0,0,0.4708758
0,1,0.81179017
0,1,0.78458613
0,1,0.5994424
0,1,0.7425204
0,1,0.7724041
0,1,0.8630521
0,1,0.53527266
1,1,0.8138104
0,1,0.56002617
0,0,0.4178029
0,0,0.3993632
0,0,0.41210175
0,0,0.3993632
0,1,0.67074406
0,1,0.62994146
0,0,0.4089374
1,1,0.86340576
0,1,0.784321
1,1,0.6913209
1,1,0.81908
0,0,0.49235022
0,0,0.46062425
1,1,0.8619377
0,1,0.5636132
1,1,0.60135925
0,0,0.4295405
0,1,0.5265736
1,1,0.86340576
0,1,0.66910994
0,0,0.42021233
0,1,0.5810644
0,1,0.5699128
0,1,0.7277126
0,1,0.5687088
0,0,0.49750423
0,1,0.59403336
0,1,0.6479634
0,1,0.63643306
0,0,0.43579882
0,1,0.79783607
0,0,0.4025039
0,1,0.6686057
0,1,0.5850388
0,0,0.44496292
0,0,0.40655962
0,0,0.44733164
0,1,0.81289095
0,1,0.55249196
0,0,0.46673867
0,0,0.3993632
0,1,0.71777785
1,1,0.63013273
0,0,0.39700365
0,1,0.82830685
1,1,0.8400266
0,1,0.66055095
0,0,0.4295405
0,0,0.43462884
1,1,0.8603165
0,0,0.4835413
0,1,0.80308074
1,1,0.86340576
0,1,0.6810038
0,0,0.4442566
0,0,0.42374164
0,0,0.41120023
0,0,0.4295405
0,1,0.76409817
0,1,0.5490145
0,0,0.4048742
0,1,0.8245549
0,1,0.6621114
0,0,0.433615
0,1,0.8604622
0,1,0.63179165
1,1,0.7036594
0,1,0.66392976
0,1,0.7858162
1,1,0.7324449
0,0,0.39700365
0,1,0.6454283
0,0,0.40335494
0,1,0.65954345
0,0,0.4361882
0,1,0.55540544
0,1,0.5131038
0,1,0.81967795
0,1,0.5340789
0,0,0.47912344
0,0,0.41020137
0,0,0.39700365
0,1,0.60530037
0,1,0.52830577
1,1,0.6704321
0,1,0.5615299
0,0,0.4594419
1,1,0.82550526
1,1,0.8614984
0,0,0.4144905
0,0,0.4025039
0,1,0.7123438
0,1,0.5744059
1,1,0.5575539
1,1,0.86340576
0,1,0.8371236
0,1,0.5800311
0,0,0.49590483
0,0,0.48147622
1,1,0.86340576
0,1,0.60079706
0,1,0.64207715
0,0,0.4089374
0,1,0.65578985
0,1,0.857668
0,0,0.48147622
0,0,0.48841012
0,0,0.40335494
0,1,0.5015727
0,0,0.47745177
0,1,0.81060255
0,0,0.4048742
1,1,0.855759
0,0,0.4769063
0,1,0.505388
0,0,0.3993632
1,1,0.84731555
0,1,0.5566093
0,0,0.39700365
0,1,0.8579335
0,0,0.4627869
1,1,0.8247818
0,1,0.85842323
0,1,0.7627383
0,0,0.39700365
0,0,0.39700365
0,0,0.44559842
0,1,0.8238213
0,0,0.45696008
0,1,0.5443704
0,1,0.65332735
0,1,0.6649186
0,0,0.42157307
0,1,0.7683588
0,0,0.42799413
0,1,0.61843854
0,1,0.6812979
1,1,0.8614984
0,1,0.68708247
0,1,0.65529096
0,1,0.52287
1,1,0.8592576
0,0,0.4760498
0,1,0.6818782
0,1,0.54473454
0,1,0.50736094
0,0,0.41020137
0,1,0.5417955
1,1,0.86128646
0,0,0.39700365
0,1,0.6531174
0,0,0.39700365
0,1,0.52830577
1,1,0.86340576
0,1,0.660951
0,0,0.4570243
0,1,0.7720598
0,0,0.40655962
0,1,0.55638593
0,1,0.7485714
0,1,0.6376149
0,0,0.4500511
0,0,0.44496292
0,0,0.41644484
0,0,0.40888348
0,1,0.6494601
0,1,0.57640815
1,1,0.85525745
1,1,0.85318995
1,1,0.86340576
0,1,0.72153455
1,1,0.6968016
0,0,0.42426407
0,1,0.59472543
0,1,0.528498
0,0,0.47745177
0,1,0.79159606
0,1,0.5807639
0,0,0.39700365
1,1,0.8159816
1,1,0.731762
0,0,0.405843
1,1,0.7074321
0,0,0.44442287
0,1,0.62662697
0,0,0.4025039
0,1,0.71798635
0,1,0.6190782
0,0,0.40655962
1,1,0.7816849
0,0,0.44172686
0,1,0.5852405
0,1,0.80211556
0,1,0.52946615
0,1,0.59874946
0,1,0.5390996
0,0,0.42426407
0,1,0.5511446
1,1,0.84678674
1,1,0.6070088
0,1,0.6636137
0,1,0.7877411
0,0,0.433615
0,0,0.45554113
0,1,0.7266988
0,1,0.6405132
0,1,0.544048
1,1,0.8624482
0,0,0.49118957
0,0,0.4760498
0,1,0.53552926
0,1,0.79362744
0,1,0.6661092
0,1,0.5539632
0,1,0.7748516
0,0,0.4048742
0,1,0.71318454
1,1,0.8526365
0,1,0.54225004
0,1,0.65997547
0,1,0.6518964
0,0,0.4594419
0,1,0.6433496
0,1,0.7683588
0,0,0.44442287
1,1,0.81191117
0,1,0.7016152
1,1,0.86128646
0,0,0.45718044
0,1,0.6196673
0,1,0.5051252
1,1,0.7046584
0,1,0.6295757
0,1,0.51803297
0,0,0.40655962
0,1,0.6118718
0,0,0.4048482
0,1,0.50513226
0,1,0.84678674
0,0,0.40655962
0,0,0.43462884
0,1,0.59865
0,0,0.40655962
0,1,0.51165044
0,0,0.46050414
1,1,0.7821525
0,0,0.41020137
0,1,0.71444356
0,0,0.4295405
0,0,0.39700365
1,1,0.6258921
1,1,0.7904622
0,0,0.42426407
0,0,0.39700365
0,0,0.46673867
1,1,0.85837466
0,0,0.404643
0,1,0.57682383
0,0,0.39700365
0,1,0.5877138
0,0,0.39700365
0,0,0.39700365
0,0,0.40699127
0,1,0.8017108
0,1,0.5723478
0,1,0.50050366
1,1,0.8585204
0,1,0.5478938
0,0,0.4442566
0,1,0.7177134
1,1,0.5881694
0,1,0.6122738
1,1,0.5489934
1,1,0.85188806
0,0,0.4295405
0,0,0.45235434
0,1,0.8617602
0,0,0.39700365
1,1,0.86340576
0,0,0.4780938
1,1,0.83428216
0,1,0.7087457
1,1,0.86340576
0,1,0.64021826
1,1,0.86340576
1,1,0.86340576
0,0,0.4059956
0,1,0.7338261
0,0,0.4048753
0,1,0.83868325
0,0,0.48968032
0,1,0.5657104
1,1,0.85618746
0,0,0.45409343
0,0,0.39700365
0,1,0.81954104
1,1,0.86340576
0,1,0.7574816
0,0,0.44442287
0,0,0.44442287
0,0,0.4295405
0,1,0.54225004
0,1,0.5673915
0,0,0.40466717
0,1,0.6376149
0,0,0.46830434
0,1,0.5015727
0,1,0.68357855
1,1,0.7199107
0,0,0.41210175
0,1,0.59079397
0,1,0.6365891
0,1,0.6647873
0,1,0.51417214
0,1,0.67265
0,1,0.56950474
0,1,0.5369367
0,1,0.78434116
0,1,0.5779489
1,1,0.7553748
0,0,0.41687474
0,0,0.433615
0,0,0.44442287
0,0,0.44496292
0,1,0.6941363
1,1,0.8603165
0,1,0.55272794
0,0,0.42426407
0,0,0.4340039
1,1,0.82453716
1,1,0.8624482
0,1,0.541196
1,1,0.77804595
1,1,0.86340576
0,0,0.43462884
0,0,0.4993137
0,0,0.4955886
0,1,0.6272276
0,1,0.7163466
0,1,0.6768093
1,1,0.86340576
0,1,0.62709546
0,0,0.41210175
0,1,0.5364565
0,1,0.7464882
1,1,0.6977044
0,0,0.46843904
0,0,0.39700365
0,0,0.48683268
0,1,0.69486827
1,1,0.8614984
1,0,0.49035162
1,1,0.7758202
1,1,0.80883926
0,0,0.494269
0,0,0.4500511
0,1,0.7807804
0,1,0.7787302
1,1,0.85188806
0,0,0.433615
0,1,0.5862834
0,0,0.48668265
0,0,0.4295405
0,1,0.73241717
0,0,0.39700365
1,1,0.8268169
0,0,0.4048742
0,0,0.4928649
0,0,0.43462884
0,1,0.70083255
0,1,0.86340576
0,0,0.43740094
0,0,0.47593588
0,0,0.4425247
1,1,0.8162235
1,1,0.6391393
0,1,0.50670344
1,0,0.46919873
0,0,0.46317884
0,1,0.5165919
0,0,0.405869
1,1,0.83845884
0,0,0.44442287
0,1,0.56148964
0,0,0.43930906
1,1,0.85704
0,1,0.5273118
0,1,0.76367986
0,0,0.39700365
1,1,0.8579335
0,1,0.5877138
1,1,0.5815177
0,1,0.7440275
0,0,0.4434041
0,0,0.41867486
0,0,0.41120023
0,1,0.5538241
0,1,0.5842831
0,1,0.669642
0,1,0.61181635
0,1,0.85525745
1,1,0.8593543
0,0,0.40655962
0,0,0.39700365
1,0,0.45603466
0,1,0.70968664
1,1,0.8579335
0,0,0.48895666
1,1,0.81163657
1,1,0.8518315
0,1,0.7538625
0,1,0.67805207
1,1,0.5891851
0,0,0.42426407
0,1,0.5873931
0,0,0.433615
0,0,0.39700365
0,0,0.4570243
0,1,0.8306398
0,0,0.4993137
0,1,0.76001614
0,0,0.41020137
0,1,0.7997586
1,1,0.7827895
0,1,0.5364565
0,0,0.44442287
1,1,0.8614984
1,1,0.69173783
0,1,0.6048912
0,0,0.39700365
0,0,0.4489014
0,0,0.40655962
0,0,0.45709574
1,1,0.86340576
0,1,0.7566459
0,1,0.69863695
1,1,0.7171197
0,1,0.5697963
0,0,0.40655962
0,1,0.80853015
0,0,0.40655962
0,1,0.62762696
0,1,0.60992193
1,0,0.47340575
0,1,0.55203074
0,0,0.39700365
0,0,0.48668265
0,0,0.48494783
0,1,0.5803892
0,0,0.43462884
0,1,0.77412206
1,1,0.8630521
0,1,0.6845596
1,1,0.5763454
0,0,0.48986644
0,1,0.5003828
1,1,0.5900238
0,0,0.4048482
0,0,0.4025039
0,0,0.49825197
0,1,0.51165044
0,1,0.5738957
0,0,0.41867486
0,1,0.7452694
0,0,0.4998169
0,1,0.6140019
0,0,0.39700365
0,0,0.45603466
0,1,0.62112194
0,1,0.6725445
0,1,0.71852356
0,1,0.83689
0,1,0.6575578
0,1,0.59474146
0,0,0.4434041
1,1,0.59439695
0,0,0.433615
0,1,0.6772565
1,1,0.8548386
1,1,0.86128646
0,1,0.56220394
0,0,0.4089374
0,1,0.60079676
0,1,0.50148016
0,0,0.40655962
0,0,0.4025039
1,1,0.7772414
1,1,0.86340576
0,0,0.39700365
0,0,0.46062562
1,1,0.8594873
0,1,0.8609282
0,1,0.86010206
0,1,0.648204
0,1,0.77043545
0,0,0.48147622
0,0,0.41867486
0,1,0.6365537
0,1,0.5701915
1,1,0.85781515
0,1,0.7179323
0,1,0.5222497
0,0,0.43462884
0,1,0.6184057
0,1,0.52241784
0,0,0.42426407
1,1,0.8257001
0,0,0.49140835
0,1,0.85256666
0,1,0.51044196
0,1,0.7620213
0,0,0.4458527
0,1,0.82051235
0,0,0.39700365
0,1,0.59248644
1,1,0.86128646
0,0,0.39700365
0,1,0.54437155
0,1,0.6729286
0,1,0.75586617
1,1,0.7325593
1,1,0.5283706
1,1,0.86128646
0,1,0.5182217
1,1,0.63475776
0,1,0.5824222
0,1,0.5850735
0,0,0.4059956
1,1,0.8609282
0,1,0.60117584
0,0,0.405869
0,1,0.71484953
1,1,0.79103684
0,1,0.8570086
0,1,0.5021017
0,0,0.39700365
0,1,0.7730276
0,1,0.65870905
0,1,0.6642245
1,1,0.8507338
0,1,0.55513257
0,1,0.5405875
0,1,0.7017217
0,1,0.56033885
1,1,0.85899574
0,1,0.7123438
0,1,0.6857277
0,1,0.51151055
0,1,0.7830079
1,1,0.8550124
0,1,0.58371097
0,1,0.55011356
0,0,0.49980482
0,0,0.39700365
1,1,0.76814795
0,1,0.76474077
0,1,0.5023151
0,1,0.5717538
0,1,0.5840593
1,1,0.86340576
0,1,0.51165044
0,1,0.5111027
0,1,0.86128646
0,0,0.40888348
0,1,0.68136674
0,1,0.8105427
0,1,0.7297134
0,0,0.39700365
0,1,0.7215372
0,1,0.609797
0,1,0.64034516
1,0,0.44914907
0,0,0.4025039
0,0,0.44323796
1,0,0.48601606
0,0,0.41210175
0,1,0.5472634
0,1,0.6351473
0,0,0.39700365
0,0,0.45307052
0,0,0.42426407
0,1,0.51422286
1,1,0.5527186
0,1,0.72517985
0,0,0.4769063
0,0,0.405843
1,1,0.8292205
1,1,0.86340576
0,1,0.7498771
1,1,0.50615686
0,1,0.86067516
0,1,0.59555596
0,0,0.433615
0,0,0.433615
0,1,0.5131038
0,1,0.84356713
0,1,0.8000899
1,1,0.8593543
0,1,0.5472634
0,1,0.7537983
1,1,0.603522
0,1,0.574157
0,0,0.4089374
1,1,0.5870749
0,1,0.5411692
1,1,0.79810524
0,1,0.52032286
0,1,0.54437155
0,1,0.5455435
0,1,0.86128646
0,1,0.5614195
0,0,0.46690628
1,1,0.68330735
1,1,0.8255471
0,0,0.46690628
0,1,0.7482849
1,1,0.8036649
0,1,0.5658311
0,1,0.5462687
0,0,0.39700365
0,0,0.405843
1,1,0.85562366
0,1,0.5009732
1,1,0.7368276
0,0,0.43462884
0,1,0.64034516
0,0,0.49738342
0,1,0.80191237
0,1,0.630059
1,1,0.6129833
0,0,0.47145143
0,1,0.59577286
0,1,0.67663544
0,0,0.48494783
1,1,0.82051235
0,1,0.6845732
0,1,0.6819824
1,1,0.6253696
0,1,0.688973
0,1,0.7445481
0,1,0.62526375
0,1,0.76290345
0,1,0.65640295
1,1,0.8574881
0,1,0.59697944
0,1,0.5364565
0,1,0.75358117
0,0,0.39700365
0,1,0.61897445
0,1,0.85188806
1,1,0.86340576
0,0,0.4188071
0,0,0.39700365
0,1,0.5594518
1,1,0.82160544
0,0,0.4025039
1,1,0.5881694
1,1,0.86340576
0,1,0.5606465
0,0,0.44210407
0,0,0.4570243
0,1,0.6329974
0,1,0.81094795
0,0,0.39700365
0,1,0.505388
0,0,0.49693814
0,0,0.43462884
1,1,0.6911376
0,1,0.5680187
0,1,0.63179165
1,1,0.858588
0,1,0.81822383
0,1,0.5364565
1,1,0.69932324
0,0,0.40699127
0,0,0.39700365
0,1,0.86128646
0,0,0.47745177
1,0,0.47857422
1,1,0.8614984
0,1,0.53251916
0,1,0.53231263
0,0,0.39700365
0,0,0.39700365
0,0,0.39700365
0,1,0.5498887
0,1,0.55983615
0,1,0.5731436
0,0,0.40655962
1,1,0.86340576
1,1,0.84683436
0,0,0.4025039
0,1,0.6298894
0,1,0.53251916
0,1,0.6075893
0,0,0.4048742
1,1,0.8605172
0,1,0.8246485
0,0,0.42426407
1,1,0.8018084
0,1,0.7599213
0,1,0.6777092
0,1,0.6185437
0,1,0.53231263
0,1,0.6282194
0,0,0.49722102
0,0,0.41210175
1,1,0.85598505
1,1,0.8397551
1,1,0.86340576
0,1,0.855759
0,0,0.39700365
0,1,0.7038774
1,1,0.82368433
0,1,0.5427597
0,1,0.6137977
0,1,0.60500646
0,1,0.59439695
0,1,0.5636132
0,0,0.40466717
1,1,0.8267792
0,1,0.58371097
0,0,0.40466717
0,1,0.6320123
0,0,0.3993632
0,0,0.39700365
1,1,0.8604622
0,1,0.86128646
0,1,0.5536685
1,1,0.7624747
0,0,0.413102
0,0,0.49562758
1,1,0.79627424
1,1,0.74715036
0,0,0.4252725
0,0,0.40655962
0,0,0.4434041
0,1,0.6943368
0,1,0.790578
0,1,0.61319494
1,1,0.51230764
0,0,0.4582057
0,0,0.4048742
0,1,0.80912906
1,1,0.8566762
0,1,0.6264438
0,0,0.4025039
0,1,0.50773
0,1,0.5594854
0,1,0.544048
1,1,0.6836572
0,0,0.42838177
0,1,0.6766961
1,1,0.857668
1,1,0.68514377
0,1,0.53064793
1,1,0.80355346
0,1,0.74987036
0,0,0.40701732
0,1,0.7195308
0,0,0.48147622
0,0,0.39700365
0,1,0.7116904
0,0,0.42157307
0,1,0.85453486
0,0,0.4434041
0,1,0.58289665
0,1,0.7893867
0,1,0.5235061
0,0,0.39700365
0,1,0.53455955
0,0,0.40466717
0,1,0.80951804
0,0,0.48425323
1,1,0.86043286
0,0,0.43462884
0,0,0.46673867
0,1,0.5747113
0,1,0.80256104
1,1,0.73567146
0,1,0.5478938
0,1,0.6260001
0,1,0.6622377
1,1,0.7679462
0,1,0.6566178
0,1,0.5283776
0,1,0.6551064
1,1,0.85370314
1,1,0.756205
0,0,0.39700365
0,1,0.5872387
0,1,0.5283307
1,1,0.8469189
0,0,0.41020137
0,1,0.63563216
1,1,0.8616297
0,1,0.8630521
0,1,0.58054996
1,1,0.8588897
0,1,0.5595914
0,0,0.47745177
0,0,0.47912344
1,1,0.8257606
0,1,0.52489984
0,1,0.6739584
0,0,0.4048742
1,1,0.86128646
1,1,0.6629459
0,1,0.5684409
0,1,0.63160306
0,0,0.43737885
0,1,0.625565
0,1,0.68343276
1,1,0.8564829
0,1,0.76892054
0,0,0.39700365
0,0,0.41867486
0,0,0.45696804
0,0,0.49484685
0,1,0.58496755
1,1,0.84891623
0,0,0.42426407
0,1,0.6081937
0,0,0.42426407
0,1,0.73299706
0,1,0.8203805
1,1,0.86128646
0,0,0.433615
0,1,0.5759058
0,1,0.8619377
0,1,0.54547143
0,1,0.851251
0,0,0.4570243
0,0,0.39700365
0,1,0.5324135
1,1,0.81077296
1,1,0.58324397
0,1,0.5615287
0,1,0.79583615
0,0,0.39700365
0,0,0.4769322
1,1,0.82371014
0,1,0.7096277
0,0,0.4442566
0,1,0.8268046
0,1,0.64326894
1,1,0.6413701
0,0,0.49140835
0,0,0.4059956
0,1,0.56882745
0,0,0.44733164
0,1,0.8630521
0,0,0.42426407
0,1,0.55975956
0,1,0.5852534
0,0,0.45409343
0,1,0.5859575
0,1,0.68243396
0,1,0.7012198
0,0,0.4442566
0,1,0.74837613
0,1,0.56983584
0,0,0.49722102
0,1,0.6064043
0,0,0.405843
1,1,0.7727086
0,0,0.4340039
0,1,0.56434727
0,0,0.45463556
0,0,0.41020137
0,1,0.77848303
0,0,0.4760498
0,0,0.433615
0,1,0.5474326
0,1,0.5294357
0,0,0.4225798
1,1,0.86340576
0,1,0.8423388
0,0,0.433615
0,1,0.51803297
0,1,0.61720496
0,1,0.59528244
0,1,0.6571213
0,0,0.49035162
0,1,0.6329974
0,0,0.41549128
0,1,0.77554816
0,0,0.47033566
0,1,0.5967862
0,0,0.41985378
0,1,0.72778404
0,1,0.55011356
0,0,0.39700365
0,0,0.44479656
1,1,0.85138863
1,1,0.81404984
1,0,0.4785063
0,0,0.4380804
1,1,0.7646998
0,1,0.6740217
0,1,0.7680216
0,1,0.71554077
0,0,0.4185269
0,1,0.50601393
1,1,0.69570625
1,1,0.8600132
0,1,0.6365891
0,1,0.5222497
1,1,0.7070399
0,0,0.39700365
0,0,0.40655962
0,1,0.51160604
0,1,0.647819
0,0,0.4442566
0,1,0.5165919
0,0,0.39700365
1,1,0.5092524
1,1,0.8220752
0,0,0.4928649
1,1,0.83396095
1,1,0.7304674
0,0,0.4744004
0,0,0.40655962
0,1,0.7361018
1,1,0.8579722
0,1,0.5490145
1,1,0.86340576
1,1,0.73060876
0,1,0.50050366
1,1,0.8588544
0,0,0.39700365
0,1,0.5324135
0,1,0.5051252
0,1,0.56640697
0,1,0.7749174
1,1,0.5505881
0,0,0.40699127
0,0,0.40988138
0,0,0.40655962
1,1,0.8465931
0,1,0.55394703
0,1,0.5558591
0,1,0.66042715
0,0,0.39700365
0,0,0.40655962
1,1,0.826647
0,1,0.71372443
1,1,0.849773
0,0,0.39700365
0,1,0.6375278
0,0,0.4993137
0,1,0.50736094
1,1,0.8526365
1,1,0.6466502
0,0,0.41020137
0,0,0.4954097
1,1,0.86340576
0,0,0.4059956
1,1,0.8218149
0,0,0.42157307
0,1,0.6075893
0,0,0.4993137
0,1,0.7018374
0,0,0.40364918
1,1,0.86340576
0,0,0.49597806
0,1,0.61737233
0,1,0.5691066
1,1,0.7279229
0,0,0.41325542
0,1,0.76688284
0,0,0.433615
0,0,0.39700365
0,0,0.4769063
0,0,0.40655962
1,1,0.8624482
0,1,0.50050366
0,1,0.642625
0,0,0.41644484
0,1,0.5877835
0,1,0.50844806
0,0,0.4993137
0,0,0.4025039
0,1,0.50615686
0,1,0.5779489
0,0,0.44479656
0,1,0.61529446
1,1,0.8331465
1,1,0.85842323
1,1,0.8614984
0,1,0.62826544
0,0,0.43129736
0,1,0.6924602
1,1,0.8614984
0,0,0.4743634
0,1,0.53257406
0,0,0.4498469
0,1,0.5819222
0,1,0.6813241
1,1,0.7159101
0,1,0.857668
1,1,0.68961626
0,0,0.405869
0,1,0.70301044
0,0,0.4442566
0,0,0.4252725
0,0,0.4025039
1,1,0.85443974
0,1,0.64299935
0,0,0.41020137
0,0,0.44442287
0,1,0.6104561
1,1,0.7534989
1,1,0.8574944
0,1,0.528498
0,1,0.6975299
0,0,0.40655962
0,1,0.647876
0,0,0.44442287
0,1,0.5893926
0,0,0.42426407
0,1,0.6766761
0,1,0.5283776
0,1,0.61720496
0,1,0.63210815
0,1,0.787926
0,1,0.5399871
0,1,0.716779
1,1,0.86128646
0,0,0.49140835
0,1,0.84012014
0,1,0.86340576
0,1,0.77410936
1,1,0.71790755
0,1,0.84326637
0,1,0.566953
0,1,0.6668872
0,0,0.46062425
1,1,0.78598934
0,1,0.8425082
0,0,0.41210175
0,1,0.58893555
0,0,0.433615
0,0,0.39700365
0,1,0.51165044
0,1,0.8186822
0,0,0.493283
0,1,0.64701194
0,1,0.7393484
0,0,0.433615
0,1,0.6668872
0,0,0.41985378
0,0,0.42426407
0,0,0.49590483
0,0,0.40655962
0,0,0.4008787
0,1,0.8135354
0,1,0.6428203
0,1,0.50050366
0,0,0.39700365
0,0,0.41210175
0,1,0.6459484
0,1,0.50670344
0,1,0.857668
0,0,0.47601485
1,1,0.7340409
0,0,0.4025039
0,1,0.63179165
0,0,0.39700365
0,0,0.45448068
0,0,0.4252725
0,1,0.8197837
1,1,0.8614984
0,0,0.4340039
1,1,0.8184782
1,1,0.86340576
0,0,0.41210175
0,1,0.80620605
0,0,0.43462884
0,0,0.42426407
0,1,0.5855875
1,1,0.6235211
0,0,0.48735365
0,1,0.7344204
1,1,0.72426885
0,0,0.39700365
0,0,0.39700365
0,1,0.5648277
0,1,0.7391972
1,1,0.86340576
0,0,0.39700365
0,1,0.8152831
1,1,0.8569205
0,0,0.45463556
1,0,0.40335494
0,0,0.41985378
1,1,0.83677775
0,1,0.63658386
0,1,0.8630521
0,1,0.63622904
0,1,0.5283776
0,0,0.4142808
0,0,0.48737898
1,1,0.857668
0,0,0.433615
0,1,0.5850978
0,0,0.39700365
0,0,0.49750423
0,0,0.40888348
0,0,0.48895666
0,0,0.47912344
1,1,0.86128646
0,0,0.43462884
0,0,0.44712
1,1,0.6265716
0,0,0.39700365
0,1,0.6800469
0,0,0.47033566
0,0,0.47033566
0,1,0.72518456
0,0,0.4928649
0,1,0.6165043
0,0,0.433615
1,1,0.86340576
0,1,0.6033868
0,1,0.5273118
0,0,0.40655962
1,1,0.859578
0,1,0.6055217
0,1,0.51825744
0,0,0.42426407
0,1,0.63410145
0,0,0.39700365
0,1,0.6158395
0,1,0.8624482
0,1,0.86340576
0,0,0.4089374
0,1,0.6265716
0,1,0.567968
0,1,0.731762
0,1,0.7778948
0,1,0.7029853
0,1,0.8152282
0,0,0.4025039
0,1,0.51803297
0,0,0.43462884
1,1,0.8268046
1,1,0.8604622
0,1,0.53251916
1,1,0.54492986
0,0,0.3993632
0,1,0.6673736
1,1,0.8549074
0,1,0.75159544
0,1,0.69310707
0,0,0.428631
0,1,0.544048
0,0,0.4295405
1,1,0.7625376
0,1,0.72340167
0,0,0.40655962
0,1,0.66993785
0,1,0.5051252
0,1,0.62826544
0,1,0.5793944
0,1,0.5126766
0,1,0.74462336
0,0,0.39700365
0,0,0.39700365
0,1,0.58054996
0,1,0.8609282
0,0,0.41599372
0,1,0.7742794
0,1,0.5139448
1,1,0.56470376
1,0,0.40699127
0,1,0.61381435
0,0,0.41687474
0,1,0.6530834
0,0,0.41020137
0,0,0.4048742
1,1,0.7730917
0,0,0.40655962
0,0,0.4594419
0,0,0.47033566
1,1,0.8430677
0,0,0.40655962
0,1,0.77621216
0,1,0.60852253
0,1,0.5881496
0,0,0.39700365
0,0,0.43462884
0,1,0.5073226
0,1,0.5857933
0,0,0.45632958
0,0,0.39700365
0,1,0.5844421
0,1,0.51225245
0,0,0.4993137
0,1,0.5902841
0,0,0.43462884
1,1,0.8616297
0,0,0.41953158
0,1,0.56848115
0,0,0.43462884
0,0,0.43925247
0,0,0.43925247
1,1,0.86340576
1,1,0.83798677
0,0,0.4048742
0,1,0.6188182
1,1,0.7863896
0,0,0.41120023
0,0,0.3993632
1,1,0.86340576
0,1,0.59449023
0,1,0.80620605
0,0,0.39700365
0,0,0.47745177
0,0,0.45409343
0,1,0.76114774
0,1,0.66307825
1,1,0.7876162
1,1,0.8594378
1,1,0.8593543
0,1,0.56111205
0,1,0.76093256
0,1,0.50856596
0,1,0.6279038
1,1,0.8603165
0,1,0.5784548
0,0,0.40655962
0,1,0.6388231
0,1,0.5651724
0,0,0.42643628
0,1,0.82170844
0,1,0.6373162
0,0,0.39700365
1,1,0.6196569
0,0,0.49363732
1,1,0.8577747
0,0,0.40655962
0,0,0.42426407
0,1,0.55162185
0,1,0.6786437
0,1,0.5472634
0,1,0.5432701
0,1,0.6876522
0,0,0.47033566
0,1,0.5508539
0,1,0.68628806
0,0,0.41867486
0,0,0.48831424
0,0,0.39700365
0,0,0.48601606
0,1,0.782004
1,1,0.8241843
0,1,0.83798677
0,1,0.6124122
0,0,0.4993137
0,1,0.8338719
0,0,0.49131244
0,0,0.41210175
0,1,0.63101
0,0,0.40821952
1,1,0.86340576
0,1,0.52956355
0,1,0.5090681
0,0,0.42177403
0,1,0.59555596
0,0,0.4594419
0,1,0.80634433
0,1,0.59248644
0,1,0.7235202
0,1,0.5335187
0,0,0.39700365
0,0,0.48737898
0,1,0.70784944
0,1,0.7332535
0,1,0.50409454
1,1,0.8604622
0,1,0.58488107
0,1,0.58662486
0,0,0.48630458
0,1,0.7252213
0,1,0.76678103
1,1,0.8514096
0,1,0.5126816
0,1,0.52099633
1,1,0.64362955
0,0,0.45954773
0,1,0.817946
0,1,0.5602316
0,1,0.62826544
0,0,0.44559842
0,1,0.76011634
0,1,0.8604622
0,1,0.6611317
0,1,0.598668
0,0,0.47033566
0,1,0.7978822
1,1,0.8151663
0,1,0.66303813
1,1,0.59697944
0,1,0.57876277
0,0,0.48676115
0,1,0.6857445
1,1,0.8630521
0,1,0.86128646
0,0,0.39700365
0,1,0.59079397
0,1,0.85582495
0,1,0.7396091
0,1,0.6918431
0,1,0.62084806
0,1,0.74299943
0,0,0.4025039
0,1,0.56220394
0,0,0.39700365
1,0,0.48147622
0,0,0.43579882
1,1,0.5636132
0,0,0.39700365
1,1,0.8603165
0,0,0.39700365
1,1,0.75591666
0,1,0.8503791
1,1,0.58822185
1,1,0.81125766
1,1,0.82156014
0,1,0.8031093
0,1,0.68574566
0,0,0.43462884
0,0,0.39700365
1,1,0.8159291
0,0,0.433615
0,1,0.53054124
0,1,0.5015727
0,1,0.59977645
1,1,0.8614984
0,0,0.41235313
0,1,0.67458373
1,1,0.66253257
0,0,0.43462884
0,1,0.7068447
0,1,0.85220516
0,0,0.4025039
0,1,0.6686265
0,1,0.81695545
0,1,0.8594873
0,0,0.4025039
1,1,0.85017973
1,1,0.5628971
0,0,0.40655962
1,1,0.85899574
0,1,0.6223581
0,0,0.43516624
1,1,0.8594873
1,1,0.85865915
0,1,0.5011251
0,1,0.57640815
0,0,0.4760498
1,1,0.8191302
1,1,0.6811936
1,1,0.86340576
1,1,0.8614984
0,0,0.39700365
0,1,0.5012514
0,0,0.39700365
0,1,0.6562074
0,1,0.50050366
0,0,0.4025039
0,1,0.51044196
0,0,0.40655962
0,1,0.56570834
0,1,0.5799614
0,0,0.44323796
0,0,0.48720512
0,0,0.39700365
0,1,0.52830577
0,1,0.6529403
0,0,0.4434041
1,1,0.81541675
0,0,0.49517673
1,1,0.86128646
1,1,0.8113578
0,1,0.59248644
0,0,0.41020137
1,1,0.6779078
0,1,0.6571213
0,1,0.5392706
0,0,0.4208594
0,1,0.5606854
0,1,0.6751748
0,1,0.80681616
1,1,0.6838213
0,0,0.41237876
1,1,0.5850388
0,0,0.4650919
0,0,0.48108825
0,1,0.609797
0,0,0.40655962
1,0,0.433615
0,1,0.5062868
0,1,0.7252592
0,1,0.71930873
0,1,0.60530037
0,1,0.8237226
1,1,0.83578676
0,0,0.4986613
0,0,0.4059956
0,1,0.8120366
0,0,0.41046438
1,1,0.846279
0,0,0.4178029
0,0,0.4669776
0,0,0.40655962
0,0,0.39700365
0,0,0.42157307
1,1,0.8187859
0,0,0.45772314
0,1,0.70815665
0,0,0.39700365
0,1,0.58088136
0,1,0.851251
0,1,0.50050366
0,0,0.4780938
0,0,0.40701732
0,1,0.7188017
0,1,0.650219
0,1,0.5466881
0,0,0.40655962
0,1,0.63622904
0,1,0.8249944
0,0,0.44594368
0,1,0.8578499
0,1,0.55288404
0,1,0.77107227
0,0,0.43462884
0,0,0.44479656
0,1,0.7351958
0,0,0.41672328
0,1,0.5032916
0,0,0.39700365
0,0,0.46792352
0,0,0.3993632
0,1,0.7016152
0,0,0.48147622
0,1,0.60748595
0,0,0.43462884
0,0,0.40655962
0,1,0.8594873
0,1,0.72008806
0,1,0.79449284
0,0,0.48709166
0,0,0.4025039
0,0,0.40655962
0,1,0.57934743
0,0,0.39700365
0,0,0.4025039
0,1,0.6319025
0,1,0.76719415
0,1,0.51799047
0,1,0.5723478
0,0,0.43462884
1,1,0.8476098
0,0,0.39700365
0,0,0.4122378
0,0,0.43462884
0,1,0.65580153
0,1,0.5946474
0,0,0.39700365
0,0,0.4340039
0,1,0.62862587
1,1,0.8603165
0,1,0.6142758
0,0,0.4048742
1,1,0.8579335
0,0,0.42426407
0,0,0.4993137
0,1,0.58902204
0,0,0.43462884
0,0,0.49969608
0,1,0.68000686
0,1,0.5653411
0,1,0.7039147
0,0,0.39700365
0,0,0.39700365
1,1,0.7547844
0,0,0.48985225
0,1,0.6968016
0,1,0.6430537
0,0,0.39700365
0,1,0.8360795
0,1,0.7642753
1,0,0.48147622
0,1,0.54437155
0,0,0.4769063
1,1,0.85865915
0,0,0.47912344
1,0,0.48841012
0,1,0.81534296
0,0,0.40701732
0,0,0.49642244
0,1,0.55939454
1,1,0.6169012
0,1,0.5602316
0,1,0.67337126
0,1,0.6720273
1,1,0.84722656
0,1,0.6457491
0,0,0.478292
0,1,0.75436765
0,1,0.52610826
1,0,0.44442287
0,1,0.54549545
0,0,0.41020137
0,1,0.6310676
0,0,0.41295904
0,1,0.56640697
0,0,0.43579882
0,0,0.4025039
0,0,0.39700365
0,0,0.4515755
1,1,0.82878447
0,0,0.4570243
0,0,0.4252725
1,1,0.8336901
0,1,0.5687088
0,1,0.6413294
0,0,0.39700365
0,0,0.39700365
0,1,0.6029736
1,1,0.7791188
1,1,0.84118956
0,0,0.4025039
0,0,0.39700365
0,1,0.6958435
1,1,0.8211725
0,1,0.6397829
0,1,0.57814246
0,0,0.39700365
1,1,0.86128646
0,0,0.40466717
1,1,0.819449
0,1,0.53160614
0,0,0.40888348
0,1,0.86340576
0,0,0.49140835
1,1,0.80538213
0,1,0.80775964
0,1,0.55370295
0,1,0.7117001
0,1,0.7116632
1,1,0.7845212
1,1,0.6375278
0,1,0.59867305
0,0,0.4025039
0,1,0.6310676
0,1,0.6734841
0,1,0.64523435
1,1,0.76981956
1,1,0.69301414
1,1,0.8230165
0,1,0.5840593
0,0,0.49750423
0,0,0.39700365
0,0,0.4993137
0,0,0.45581532
0,1,0.67032814
0,0,0.42426407
0,1,0.8336315
0,0,0.4025039
0,0,0.4025039
1,1,0.7884121
0,1,0.54558873
0,1,0.6086085
0,1,0.5914469
0,1,0.6853773
0,1,0.6158204
0,1,0.8088994
0,0,0.44594368
0,1,0.7642354
0,1,0.5219731
0,1,0.51106316
0,0,0.40655962
0,0,0.433615
0,1,0.5881496
0,1,0.7662026
0,0,0.48683268
0,1,0.6922152
0,1,0.55011356
0,1,0.50651914
0,0,0.47990012
0,0,0.39700365
0,0,0.40655962
0,1,0.63622904
0,0,0.4025039
0,1,0.5952306
0,0,0.39700365
0,1,0.6233207
1,0,0.49325082
0,0,0.45926756
0,1,0.6677777
1,1,0.8292205
0,1,0.528498
0,0,0.48683268
0,0,0.39700365
0,0,0.39700365
0,0,0.4225798
0,1,0.6805622
0,0,0.4487416
0,0,0.43930906
1,1,0.77558315
0,1,0.6699932
1,0,0.48709714
0,1,0.57485616
0,1,0.5462687
0,1,0.5805637
0,0,0.41210175
0,0,0.49722102
0,0,0.40655962
0,1,0.8614984
0,1,0.5433113
0,1,0.59449023
0,1,0.8592372
0,0,0.39700365
0,0,0.4048742
0,1,0.6431331
0,1,0.55936515
1,1,0.85621864
0,1,0.5850978
1,1,0.8092917
0,1,0.66559225
0,1,0.86340576
0,0,0.45721573
0,0,0.49037695
0,0,0.40655962
1,0,0.48147622
0,1,0.5490145
0,1,0.56874716
1,1,0.6819913
1,1,0.82160544
0,0,0.433615
0,1,0.79046977
1,1,0.7911066
0,0,0.39700365
1,1,0.85866356
0,0,0.41210175
0,0,0.40655962
0,1,0.85565114
0,1,0.8279608
0,0,0.4760498
0,1,0.61771256
0,0,0.46673867
0,1,0.5172611
0,0,0.433615
0,1,0.76001614
1,1,0.86128646
0,1,0.5763008
0,1,0.5905069
0,1,0.8119747
0,1,0.7284985
0,0,0.39700365
0,1,0.69679296
0,0,0.45740384
0,0,0.40655962
0,0,0.39700365
1,1,0.73204446
1,1,0.8630009
1,1,0.82565844
0,0,0.428631
0,0,0.39700365
1,1,0.6189128
0,0,0.47033566
0,0,0.4340039
0,1,0.70260584
0,0,0.41867486
1,1,0.7682064
0,1,0.60806525
1,1,0.7815802
0,0,0.433615
0,1,0.51695997
0,1,0.6805622
0,0,0.41985378
0,0,0.4380804
0,0,0.48275736
0,1,0.6253696
0,0,0.49558157
0,1,0.59141517
0,1,0.763853
1,1,0.8594873
0,0,0.42426407
1,1,0.8551462
0,0,0.43462884
0,1,0.51230764
0,1,0.53518236
0,0,0.49597806
0,1,0.5859575
0,1,0.80437493
0,0,0.44442287
1,0,0.43516624
0,0,0.39700365
0,0,0.40655962
1,1,0.86128646
0,0,0.4089374
0,1,0.8630521
1,1,0.79821
0,0,0.43462884
0,1,0.7569906
0,1,0.5392084
0,0,0.42100435
1,1,0.8130545
1,1,0.7301604
0,0,0.433615
1,1,0.6332898
0,0,0.40655962
0,0,0.4048482
0,0,0.39700365
0,0,0.4963143
0,1,0.7326
0,0,0.43579882
0,1,0.5205446
1,1,0.8593543
0,1,0.61319494
0,0,0.433615
0,1,0.66138643
0,1,0.7077509
0,1,0.68652076
1,1,0.602303
0,1,0.7637123
0,1,0.5324135
0,1,0.85318995
0,0,0.49154115
0,1,0.7587153
1,1,0.86340576
0,1,0.57577497
0,0,0.39700365
0,0,0.42157307
0,0,0.40988138
0,1,0.8614984
0,0,0.48401436
0,1,0.83993727
0,1,0.7794508
0,0,0.41020137
0,0,0.49597806
0,0,0.41235313
0,1,0.7763873
1,1,0.81830084
1,1,0.8568257
0,0,0.39700365
0,1,0.771862
0,0,0.49363732
0,0,0.40655962
0,1,0.50670344
0,1,0.81727284
1,1,0.8503791
0,0,0.45409343
0,0,0.44793022
1,1,0.8593543
0,1,0.7685157
0,0,0.44559842
0,0,0.43462884
0,0,0.48474684
0,1,0.6216062
0,1,0.50773
1,1,0.5443704
0,0,0.44806287
0,1,0.60298795
0,1,0.6939608
0,1,0.6668872
0,1,0.5490145
0,1,0.80652094
0,1,0.51032114
0,1,0.63622904
1,1,0.77438134
0,0,0.40655962
0,0,0.40655962
1,1,0.81027097
0,0,0.433615
0,0,0.39700365
0,0,0.49140835
0,0,0.42157307
1,1,0.64034516
0,0,0.48147622
0,0,0.45603466
0,1,0.7180762
0,0,0.4166477
0,1,0.7665746
0,0,0.45709574
0,0,0.40655962
0,0,0.49140835
1,0,0.43462884
0,0,0.49131244
0,0,0.39700365
0,1,0.58662486
0,1,0.6067543
0,1,0.79847056
1,1,0.86340576
0,1,0.5675533
0,1,0.83654296
0,1,0.7807804
0,1,0.7029853
1,1,0.86340576
0,1,0.6346817
0,0,0.4963143
0,0,0.47033566
0,0,0.4434041
0,0,0.39700365
0,0,0.39700365
0,1,0.59141517
0,1,0.76409817
1,1,0.7904506
1,1,0.82612056
0,0,0.39700365
0,1,0.53064793
0,0,0.39700365
1,1,0.6812979
1,1,0.7588616
1,1,0.857668
0,1,0.81522894
0,1,0.5466881
0,0,0.45361993
0,0,0.43462884
0,1,0.70391834
0,1,0.78320795
0,1,0.7123788
0,1,0.687155
0,0,0.48737898
0,0,0.40655962
0,0,0.4361882
0,0,0.42269105
0,1,0.58822185
0,1,0.54225004
0,0,0.41985378
0,1,0.8630521
0,1,0.6637464
1,1,0.86340576
0,1,0.78533477
0,0,0.41103315
0,1,0.80689526
0,1,0.79838836
0,1,0.67313343
1,1,0.6616541
1,1,0.8604622
0,0,0.40655962
0,1,0.5035767
0,1,0.58662486
0,1,0.6067001
0,0,0.433615
0,0,0.41210175
0,1,0.5777332
0,1,0.5504097
0,1,0.56570834
0,0,0.46062425
0,1,0.69046295
0,1,0.7400621
0,0,0.4420776
0,0,0.39700365
0,0,0.39700365
0,1,0.62998813
0,1,0.59827226
0,0,0.49558157
0,1,0.7660759
0,0,0.42201948
0,1,0.77949303
0,0,0.40655962
1,1,0.8614984
1,1,0.82190764
0,1,0.55162185
0,1,0.71600807
0,1,0.619343
0,0,0.45394453
0,1,0.50736094
1,1,0.85412663
1,0,0.4760498
0,1,0.6953036
0,1,0.6216612
0,0,0.39700365
0,1,0.75843513
1,1,0.86128646
0,1,0.5092524
0,1,0.5153953
0,0,0.4521875
1,1,0.8566762
0,1,0.85899574
0,1,0.6539506
0,0,0.43462884
0,1,0.6258921
0,1,0.69454056
1,1,0.6570983
0,1,0.5998784
0,1,0.6460346
0,0,0.39700365
0,1,0.6420702
1,1,0.85383266
0,1,0.50513226
0,1,0.61350363
0,0,0.4760498
0,0,0.495784
0,0,0.4252725
0,1,0.6651776
0,1,0.5850978
1,1,0.79450834
0,0,0.40655962
0,0,0.4938989
0,0,0.48147622
0,1,0.8344777
0,0,0.433615
0,0,0.39700365
1,1,0.86340576
0,0,0.41448936
0,1,0.58919847
0,0,0.40655962
0,1,0.64073515
0,0,0.4059956
0,0,0.39700365
0,0,0.49415505
0,0,0.40655962
0,1,0.60514027
0,0,0.44648403
0,0,0.46843904
0,0,0.40655962
0,1,0.67823863
0,0,0.43462884
0,1,0.68719846
0,0,0.4511137
1,1,0.8614984
0,1,0.79384595
0,1,0.7149221
0,0,0.4208594
0,1,0.6148082
0,1,0.8585204
1,1,0.85598505
1,1,0.86340576
0,1,0.8594873
0,1,0.647819
0,0,0.47033566
1,1,0.6108557
0,0,0.39700365
0,0,0.405869
0,1,0.5973412
1,1,0.8593543
0,1,0.5680187
0,1,0.55874294
0,0,0.433615
0,1,0.5606803
0,1,0.6415785
0,1,0.5614688
0,1,0.61323667
1,1,0.8279723
0,1,0.6470812
0,1,0.5154738
1,1,0.5530495
1,1,0.76552373
1,1,0.85130364
1,1,0.6448577
1,1,0.86158085
1,1,0.8579488
0,0,0.4582057
1,1,0.8614984
0,1,0.59307593
0,0,0.4380804
0,0,0.49544856
0,0,0.4178029
0,1,0.5918964
0,1,0.62802285
1,1,0.7356706
0,1,0.5651724
0,1,0.5335187
0,0,0.41867486
0,0,0.39700365
1,1,0.86057913
1,1,0.8604622
0,1,0.8604622
0,0,0.41020137
1,1,0.8588544
0,1,0.66253257
0,0,0.40335494
0,0,0.43930906
0,0,0.433615
0,1,0.5498845
0,1,0.55031383
0,0,0.39700365
0,1,0.5283776
0,1,0.69988906
0,0,0.4025039
0,1,0.5578428
0,0,0.3993632
0,1,0.55835843
0,1,0.70137763
0,1,0.8218149
1,1,0.8279608
0,1,0.647876
0,1,0.66783655
1,1,0.86340576
0,0,0.43629313
0,0,0.4760498
0,0,0.48401436
0,1,0.5621865
0,0,0.40655962
0,1,0.7331864
0,1,0.7111539
1,1,0.7598083
1,1,0.7469461
0,1,0.6981756
0,1,0.81228954
0,0,0.41687474
1,1,0.7176623
0,1,0.59403336
0,1,0.75494945
0,0,0.4048742
1,1,0.85837466
0,0,0.47943264
0,0,0.4835413
0,1,0.51695997
0,1,0.5454321
0,1,0.51106316
0,0,0.39700365
0,0,0.48867467
0,1,0.79279333
1,1,0.65826327
0,0,0.4025039
0,0,0.433615
0,1,0.8566762
0,1,0.65897715
0,1,0.7210362
0,1,0.5051252
0,0,0.40655962
0,0,0.46690628
0,0,0.39700365
0,1,0.74279195
0,1,0.583356
0,1,0.6190782
0,1,0.7082024
0,0,0.41020137
0,1,0.77091396
0,1,0.50148016
0,0,0.45394453
0,1,0.6549177
0,1,0.7436637
0,1,0.57893354
0,0,0.41549128
0,1,0.55249196
0,1,0.6443722
0,0,0.40655962
1,1,0.8002803
0,0,0.39700365
0,0,0.39700365
0,1,0.6579363
0,1,0.632786
0,1,0.63540626
0,0,0.39700365
0,0,0.39700365
0,0,0.4008787
0,0,0.40888348
1,1,0.8506143
0,1,0.5985096
0,0,0.39700365
1,1,0.76202935
0,1,0.69673616
0,0,0.44806287
1,1,0.80775964
0,0,0.49140835
0,1,0.56009746
0,1,0.6342281
0,1,0.5779061
0,0,0.49140835
0,0,0.39700365
0,0,0.39700365
0,0,0.45718044
0,1,0.58403224
0,0,0.39700365
0,1,0.7683588
0,1,0.51426876
0,0,0.39700365
1,1,0.56072074
0,1,0.5574235
0,1,0.5691066
1,1,0.84820825
0,0,0.4089374
0,1,0.5023151
1,0,0.40655962
0,1,0.59336555
0,1,0.69905627
0,0,0.4993137
1,1,0.86340576
0,1,0.70145094
1,1,0.59555596
0,0,0.40655962
1,1,0.7980928
0,1,0.5731436
0,0,0.49697387
0,1,0.595198
1,1,0.8604622
0,1,0.5850388
1,1,0.86128646
1,1,0.86128646
1,1,0.8446462
0,1,0.5233166
0,0,0.39700365
0,1,0.5483342
0,1,0.6562074
0,1,0.57648146
0,1,0.5763008
0,0,0.48147622
0,1,0.64808613
0,1,0.54080135
0,0,0.49140835
0,1,0.5840593
0,0,0.46916324
0,0,0.48147622
0,1,0.59555596
0,1,0.8249944
1,0,0.433615
0,1,0.7664858
1,1,0.82807106
0,0,0.4048482
0,1,0.5443704
0,0,0.39700365
1,1,0.86340576
0,1,0.505388
0,1,0.8604622
0,0,0.4252725
0,1,0.64987636
0,0,0.404643
1,1,0.7211421
1,1,0.7835279
1,1,0.819924
1,1,0.85842323
0,0,0.4048742
0,0,0.49987426
1,1,0.8597993
0,0,0.4380804
0,1,0.5536685
1,1,0.76469773
1,1,0.85899574
1,1,0.784631
1,0,0.41210175
1,1,0.86340576
0,0,0.425684
0,1,0.7517547
0,0,0.49467614
0,0,0.48969486
0,0,0.3993632
1,1,0.81326187
0,1,0.69965905
0,0,0.39700365
0,0,0.39700365
0,1,0.82623184
1,1,0.85321355
0,0,0.47340575
0,1,0.5340789
0,1,0.82365096
1,1,0.8392488
1,1,0.85513026
0,0,0.4340039
0,1,0.70832974
0,1,0.8013107
0,0,0.48108825
1,1,0.8624482
1,0,0.4769063
0,0,0.48968032
1,1,0.7279989
0,0,0.41120023
0,1,0.655341
0,1,0.7660759
0,0,0.4604444
0,1,0.5882825
0,0,0.43501797
0,0,0.433615
0,1,0.5009732
0,1,0.50736094
0,1,0.51230764
0,0,0.39700365
0,1,0.68473804
0,1,0.71895933
1,1,0.6813241
0,0,0.39700365
0,0,0.4894195
0,0,0.48147622
1,1,0.73988646
0,1,0.6358619
0,0,0.49140835
0,0,0.41599372
0,0,0.47340575
0,1,0.6857445
0,1,0.7744405
1,1,0.79326063
1,1,0.8228205
0,1,0.63643306
0,1,0.5940072
0,1,0.5273118
1,1,0.6527614
0,1,0.6275534
0,1,0.64424163
0,0,0.44559842
0,0,0.39700365
0,0,0.42426407
1,1,0.8584387
0,1,0.5003828
0,1,0.5542844
1,1,0.85837466
0,1,0.7892593
0,1,0.50050366
0,1,0.7371359
0,0,0.4142565
1,0,0.41103315
1,1,0.86340576
0,1,0.7089203
1,1,0.72152615
0,1,0.7327977
0,1,0.71479845
1,1,0.8429702
1,1,0.8614984
1,1,0.7172464
0,0,0.39700365
0,0,0.42426407
0,0,0.41210175
0,0,0.47278932
1,1,0.55939454
0,0,0.41020137
0,1,0.6668872
0,1,0.7248232
0,1,0.77184385
0,1,0.55770355
0,1,0.5432701
0,1,0.5355101
1,1,0.81682515
1,1,0.8614984
0,0,0.47340575
0,1,0.7525363
0,1,0.857668
0,1,0.51106316
1,1,0.8614984
0,1,0.8218149
0,0,0.492182
1,0,0.41210175
0,1,0.53251916
0,0,0.44594368
0,1,0.7121861
0,1,0.5905447
0,0,0.433615
1,0,0.433615
0,1,0.60636055
0,1,0.70493406
0,0,0.4025039
0,1,0.51032114
0,1,0.5490145
1,1,0.8345006
0,1,0.5205078
0,1,0.5850388
0,0,0.48841012
0,0,0.4402313
0,0,0.43174645
1,0,0.49140835
1,1,0.8269315
0,1,0.552724
0,0,0.4174481
1,1,0.74462336
0,0,0.41210175
0,1,0.7242137
0,1,0.5738957
1,1,0.70968664
0,0,0.42799413
0,1,0.50869966
1,0,0.43579882
0,0,0.43462884
0,1,0.6268722
0,1,0.6460935
0,0,0.41020137
0,1,0.63962483
0,1,0.5779489
0,1,0.6994656
0,0,0.42838177
0,0,0.4025039
1,1,0.72825134
0,0,0.41985378
0,1,0.55618715
0,1,0.5015727
0,0,0.47278932
0,1,0.59403336
0,1,0.55011183
0,0,0.39700365
0,1,0.73184115
0,0,0.39700365
0,0,0.40655962
0,0,0.39700365
0,0,0.39700365
0,1,0.5636132
0,0,0.39700365
0,1,0.8293365
0,0,0.48308283
0,1,0.7294614
1,0,0.4144905
0,0,0.48494783
0,1,0.73626673
1,1,0.81214195
1,1,0.85031766
0,1,0.6946503
1,0,0.4442566
0,1,0.5324135
0,0,0.40655962
0,1,0.5951081
0,0,0.40655962
1,1,0.8194476
0,1,0.5028546
0,1,0.84595215
0,0,0.4252725
0,1,0.61718524
0,1,0.5535894
0,1,0.59885365
0,0,0.39700365
1,1,0.8587869
0,0,0.41760197
1,1,0.7965399
1,1,0.86340576
0,1,0.5536685
0,0,0.39700365
0,1,0.6170684
0,1,0.83638895
0,0,0.40655962
0,0,0.39700365
0,0,0.42069122
0,0,0.4594419
0,1,0.7777744
0,0,0.433615
1,1,0.69048005
0,1,0.6618011
0,1,0.62459195
1,1,0.5881496
0,1,0.81984466
0,0,0.48841012
0,1,0.53100705
0,1,0.83946186
0,0,0.39700365
0,1,0.51044196
0,1,0.59555596
0,0,0.42426407
0,0,0.4025039
1,1,0.851251
1,1,0.74048394
0,0,0.4993137
0,0,0.4025039
1,1,0.67896175
1,1,0.85286885
0,0,0.39700365
0,1,0.50050366
0,1,0.544483
0,0,0.40655962
0,1,0.73233396
0,0,0.4025039
0,0,0.43516624
0,1,0.6590152
0,1,0.8007371
0,1,0.6668872
0,0,0.40655962
0,0,0.39700365
1,1,0.55770355
0,1,0.5433113
1,1,0.83837456
0,0,0.39700365
0,0,0.39700365
0,0,0.39700365
0,0,0.41235313
0,1,0.59287757
0,0,0.48147622
1,1,0.6562074
0,0,0.4025039
0,1,0.7256763
0,0,0.45578718
0,1,0.5189302
0,1,0.6729944
0,1,0.8566982
0,0,0.404643
0,0,0.41210175
0,1,0.6797922
1,1,0.81187916
0,0,0.40655962
0,1,0.6355638
0,0,0.42177403
0,1,0.51230764
0,0,0.4025039
0,1,0.6235211
0,1,0.7722542
0,0,0.39700365
0,1,0.68291813
0,0,0.4025039
0,1,0.5779489
0,0,0.425684
0,0,0.40888348
1,1,0.8609282
0,0,0.433615
1,1,0.67067575
0,1,0.8537701
0,0,0.47112876
1,1,0.5035767
0,0,0.4769322
0,0,0.4650919
1,1,0.6780673
1,1,0.8336766
0,1,0.53527266
0,1,0.7106433
0,0,0.39700365
1,1,0.8579722
0,1,0.7748113
0,0,0.45926756
0,1,0.602422
1,1,0.8624482
0,0,0.41210175
0,0,0.49015817
0,1,0.7460432
0,0,0.46050414
0,0,0.4434041
0,1,0.6677777
0,0,0.42157307
0,1,0.85842323
1,1,0.55874294
0,1,0.5000967
0,0,0.48737898
0,1,0.7732704
0,0,0.4272283
0,0,0.48147622
0,1,0.7600296
0,0,0.40988138
0,1,0.50670916
0,1,0.85797626
0,0,0.40821952
0,1,0.6068495
0,1,0.5426594
0,0,0.40655962
1,1,0.81191117
0,1,0.50615686
0,0,0.4025039
0,0,0.41210175
1,1,0.7247482
0,0,0.39700365
1,1,0.78464293
0,0,0.47340575
0,1,0.62608886
0,1,0.59577173
0,0,0.45603466
0,0,0.44559842
0,0,0.41046438
0,1,0.58662486
0,0,0.39700365
1,1,0.80440694
0,0,0.39700365
0,0,0.49981797
0,0,0.48147622
1,1,0.8016846
0,0,0.433615
0,1,0.7882601
0,1,0.5324135
0,1,0.8614984
1,1,0.8536542
0,1,0.8366458
0,1,0.5165919
0,0,0.46792352
0,0,0.4025039
0,0,0.4340039
0,1,0.8496235
0,1,0.57825416
0,0,0.44648403
0,1,0.5166255
0,1,0.5217951
0,1,0.6438776
0,1,0.61450016
1,1,0.8630521
1,1,0.86340576
0,0,0.40655962
1,1,0.53030324
1,0,0.40655962
0,1,0.7038774
0,0,0.44733164
1,1,0.7350168
0,1,0.5483342
0,1,0.58993274
0,1,0.6245244
0,1,0.6637662
0,0,0.4295405
0,1,0.5324135
0,0,0.4580857
0,1,0.56111205
0,1,0.8548386
0,1,0.81325006
1,1,0.8269315
0,0,0.4993137
0,1,0.8578499
0,0,0.4783654
0,0,0.433615
1,1,0.5758922
0,1,0.6337278
0,0,0.43930906
0,1,0.67205256
0,1,0.61602545
0,1,0.8178975
0,0,0.433615
1,1,0.672719
0,0,0.42426407
0,1,0.6871513
0,1,0.50228316
1,1,0.8585204
0,0,0.39700365
0,1,0.86128646
0,1,0.51803297
0,1,0.5012514
0,0,0.44733164
1,1,0.8622206
0,1,0.7286986
0,1,0.83837456
0,1,0.58445543
1,1,0.808695
0,0,0.49154115
0,1,0.7107272
0,1,0.77640945
0,1,0.53251916
0,0,0.39700365
0,0,0.42700312
0,1,0.65855974
0,1,0.71081966
0,1,0.6143114
1,0,0.4442746
1,1,0.86340576
0,1,0.6036509
0,1,0.719181
0,0,0.4769063
0,1,0.7621811
0,0,0.4993137
0,1,0.50148016
0,1,0.85558265
1,1,0.7025004
0,1,0.7191658
0,1,0.5363363
1,1,0.82176095
0,1,0.7877759
1,1,0.8377993
0,1,0.6746088
0,0,0.49321938
0,1,0.82740486
0,1,0.51165044
0,0,0.4769063
1,0,0.405869
0,1,0.574068
0,1,0.8608763
0,0,0.39700365
1,1,0.8584387
0,0,0.40655962
0,1,0.53100705
0,0,0.433615
0,1,0.5859575
1,1,0.85598505
0,0,0.4571353
0,1,0.6356757
1,1,0.7634089
0,1,0.7361018
0,1,0.766914
1,0,0.48147622
1,1,0.86340576
0,1,0.58214366
0,0,0.43462884
0,1,0.63622904
0,0,0.45885554
0,0,0.41867486
1,1,0.8256171
0,0,0.433615
0,1,0.51044196
0,0,0.4442566
0,1,0.7316785
1,1,0.80936736
0,0,0.4025039
0,0,0.49291667
0,0,0.39700365
0,1,0.86340576
0,1,0.62690413
0,1,0.5697963
0,1,0.792241
0,1,0.67652124
0,0,0.4093699
1,1,0.8070885
0,0,0.405869
0,1,0.619012
1,1,0.8590547
0,1,0.6376149
1,1,0.85582495
0,1,0.813043
0,0,0.4798676
0,0,0.47136375
0,0,0.4025039
0,1,0.5651727
1,1,0.86340576
0,0,0.43501797
1,1,0.6509901
0,1,0.73362666
0,0,0.49140835
0,0,0.43462884
0,0,0.41985378
0,0,0.40655962
0,1,0.8614984
0,0,0.4887647
0,0,0.47049576
1,1,0.86340576
0,0,0.4025039
0,1,0.7890681
0,1,0.5769896
0,0,0.39700365
0,0,0.39700365
0,1,0.66325724
1,1,0.7109761
1,1,0.85893947
0,1,0.81699586
0,1,0.58925724
0,0,0.488677
1,1,0.8149307
0,1,0.7284985
1,1,0.7486825
1,1,0.5737707
0,1,0.52123016
0,0,0.48835132
1,1,0.55958754
0,0,0.39700365
0,0,0.49908513
0,0,0.39700365
0,0,0.39700365
0,1,0.8225788
0,1,0.6942159
1,1,0.67432314
0,1,0.846279
0,1,0.71798205
1,1,0.8588544
0,0,0.39700365
0,0,0.39700365
1,0,0.44479656
0,0,0.41867486
0,1,0.6843573
1,1,0.82767415
1,1,0.8614984
0,0,0.43462884
0,1,0.77090335
0,0,0.49140835
0,0,0.4442566
0,0,0.4594419
0,1,0.678442
0,1,0.5062537
0,1,0.5902244
1,1,0.5815177
0,0,0.49590483
0,1,0.5770799
0,0,0.433615
0,0,0.4582057
0,1,0.78476286
0,1,0.6847646
0,1,0.51534003
0,1,0.8224311
0,1,0.6265716
0,0,0.39700365
0,0,0.39700365
0,1,0.5023151
0,0,0.39700365
0,1,0.86340576
0,0,0.43579882
0,1,0.81498355
0,0,0.45578718
0,0,0.39700365
1,1,0.86128646
0,1,0.6847892
1,1,0.8150996
0,1,0.5425617
0,0,0.42799413
0,0,0.4059956
1,1,0.6531325
0,0,0.4142808
0,1,0.5490145
0,1,0.5489934
0,1,0.5601712
0,1,0.56472766
0,0,0.39700365
1,0,0.39700365
0,0,0.47745177
0,0,0.39700365
0,1,0.771862
0,0,0.4680912
0,1,0.72277087
0,1,0.5871286
0,1,0.7170835
0,1,0.5526826
0,1,0.5474326
0,0,0.4285678
0,0,0.3993632
0,1,0.5844421
1,1,0.8115163
1,1,0.7090855
1,1,0.6075231
0,1,0.54451996
0,1,0.6494729
0,1,0.5139448
0,1,0.68747175
0,1,0.50773
0,1,0.69462013
0,1,0.85619026
0,0,0.39700365
0,0,0.42838177
0,1,0.6682299
1,1,0.7816849
0,1,0.6716422
0,0,0.39700365
0,1,0.50651914
0,0,0.40655962
0,0,0.40466717
0,0,0.4410496
0,1,0.7185974
0,1,0.68136674
0,0,0.43684474
0,0,0.39700365
0,0,0.42851487
0,0,0.40618917
0,1,0.8279143
0,0,0.39700365
0,1,0.64412874
0,1,0.67552185
0,0,0.39700365
0,0,0.43462884
0,0,0.39700365
0,1,0.64701194
0,1,0.5412366
0,0,0.4048742
0,0,0.40655962
0,1,0.74730134
0,0,0.39700365
0,1,0.8423388
0,1,0.8135303
0,1,0.50057733
0,1,0.53505635
0,1,0.6900481
0,0,0.4993137
0,1,0.7968723
0,1,0.5566459
0,1,0.51165044
0,0,0.4361882
0,0,0.39700365
1,1,0.854953
0,1,0.650219
1,1,0.8138104
0,1,0.62699014
0,1,0.58551997
0,0,0.4008787
1,1,0.627862
1,1,0.86340576
0,1,0.7260313
0,1,0.650219
0,0,0.4412893
0,1,0.632786
1,1,0.84964585
0,0,0.40655962
1,1,0.64522284
0,1,0.54437155
0,1,0.64452285
1,1,0.70748633
0,0,0.41210175
0,1,0.8189736
1,1,0.62724966
0,0,0.41210175
1,1,0.821659
1,1,0.80440694
0,1,0.85175127
0,1,0.50670344
1,1,0.7968965
0,0,0.43462884
0,0,0.43462884
0,1,0.641625
0,0,0.47086474
0,0,0.41013333
0,1,0.8036945
0,0,0.433615
0,0,0.48613682
1,1,0.65888464
0,1,0.5364565
0,1,0.72383916
0,0,0.41020137
1,1,0.86128646
1,1,0.5768413
1,1,0.86340576
0,1,0.6786437
0,0,0.39700365
0,1,0.5881496
0,0,0.43347847
1,1,0.8249944
0,0,0.39700365
1,1,0.5283776
0,0,0.39700365
1,1,0.84256667
1,0,0.45718044
0,0,0.433615
1,1,0.8450214
0,1,0.5850388
0,1,0.5363733
0,0,0.42157307
0,1,0.5364802
0,1,0.5536685
0,1,0.50663704
0,1,0.7378064
1,1,0.71236825
0,0,0.39700365
0,1,0.81105036
1,1,0.8584387
0,1,0.63645303
1,1,0.85156745
0,0,0.433615
1,1,0.8249944
1,1,0.59830266
0,1,0.6998494
0,1,0.7756625
0,1,0.7786786
0,0,0.4442746
0,0,0.3993632
1,1,0.79480237
0,0,0.40466717
0,0,0.4760498
0,1,0.5680187
0,1,0.5121317
0,0,0.43158734
0,0,0.46070495
0,1,0.5483342
0,1,0.6242702
1,1,0.8551335
1,1,0.8567403
0,1,0.74839616
0,0,0.4547881
1,1,0.819449
0,0,0.39700365
0,0,0.48261172
0,1,0.5674854
0,1,0.8583334
0,0,0.41867486
0,1,0.5630303
0,1,0.57144135
0,1,0.7157057
0,0,0.39700365
1,1,0.857351
0,1,0.50392365
1,1,0.81546193
1,1,0.8598336
0,0,0.44479656
0,1,0.6384663
0,0,0.4425247
0,1,0.51695997
0,1,0.7345841
0,1,0.52612686
0,1,0.67436576
0,0,0.39700365
0,0,0.4769063
1,0,0.4025039
0,1,0.58055896
0,1,0.5850978
0,1,0.85661197
0,0,0.39700365
0,1,0.84742486
0,1,0.55327475
0,1,0.7068043
0,1,0.7977149
0,1,0.52946615
0,1,0.5392706
0,1,0.51165044
1,1,0.5731072
1,1,0.80156183
0,1,0.65919155
0,1,0.7771163
0,0,0.39700365
0,1,0.8609282
1,1,0.8630521
0,1,0.6188182
0,0,0.47850752
0,0,0.4025039
1,1,0.82735246
0,1,0.5680187
1,1,0.79099756
0,1,0.7855636
0,0,0.39700365
0,1,0.5566459
0,1,0.5636533
0,0,0.47033566
0,0,0.39700365
0,0,0.39700365
0,0,0.4916753
0,0,0.48709166
0,1,0.5107425
0,0,0.4144905
0,0,0.4025039
1,1,0.8292205
1,1,0.8616297
1,1,0.74913913
0,1,0.5881111
0,1,0.67620385
0,1,0.6457627
0,1,0.66246533
1,1,0.71798635
1,1,0.759861
0,1,0.58872765
1,1,0.86340576
0,0,0.47033566
0,0,0.40618917
0,1,0.600745
0,1,0.73762345
0,1,0.5328354
0,0,0.39700365
0,1,0.56526977
1,1,0.7314496
0,1,0.5273118
0,0,0.39700365
1,1,0.79769915
0,0,0.4059956
0,1,0.525069
1,1,0.75922877
0,0,0.40466717
0,1,0.76409817
0,0,0.39700365
1,1,0.75913024
0,0,0.42426407
0,1,0.5881496
1,1,0.58150756
0,1,0.66343087
0,0,0.4252725
0,1,0.5779489
0,1,0.5364565
0,0,0.4993137
1,1,0.62766516
1,1,0.8614984
1,1,0.62400305
0,1,0.77894515
0,0,0.40821952
0,1,0.5575539
0,0,0.4048482
0,1,0.6342798
1,1,0.85893947
0,0,0.44924027
0,0,0.4025039
1,1,0.72396946
0,1,0.68859345
0,1,0.56983584
0,0,0.433615
0,1,0.62976515
0,0,0.41210175
0,1,0.5092524
0,0,0.433615
0,1,0.7217037
0,1,0.7917348
0,0,0.4760498
0,1,0.7185211
1,1,0.8214964
1,1,0.6729944
0,0,0.49981797
0,0,0.40655962
0,0,0.44442287
0,0,0.42426407
0,0,0.48683268
1,0,0.433615
0,1,0.5283307
1,1,0.8609282
0,0,0.41210175
0,0,0.4025039
1,1,0.8159291
0,1,0.6705157
0,1,0.8235791
0,1,0.8218149
0,1,0.51799047
0,1,0.803526
0,0,0.433615
0,1,0.51044196
0,0,0.41120023
0,0,0.41295904
0,0,0.40655962
0,1,0.5630303
0,1,0.7449607
0,0,0.39700365
0,1,0.7016152
0,1,0.69537574
0,1,0.82365096
0,0,0.4487416
0,1,0.80705035
0,1,0.5490145
1,1,0.8568257
0,0,0.433615
0,0,0.39700365
1,1,0.77326274
0,1,0.5097555
0,1,0.7841699
0,1,0.5615287
0,1,0.6348712
0,0,0.4420776
0,0,0.49143013
0,0,0.39700365
0,1,0.663832
0,0,0.46377453
0,1,0.60011643
1,1,0.8630521
1,1,0.8279608
0,0,0.4048742
0,1,0.68456966
0,1,0.8568257
0,1,0.57876277
0,0,0.4025039
0,0,0.4993137
0,0,0.42700312
0,0,0.43347847
0,0,0.4174481
0,1,0.81368065
0,1,0.51426876
0,0,0.43462884
0,0,0.39700365
1,1,0.86340576
0,1,0.797592
0,0,0.39700365
0,0,0.4852737
0,0,0.43930906
0,0,0.39700365
0,1,0.5126816
0,0,0.39700365
1,1,0.82371014
0,0,0.4340039
0,0,0.48158124
0,1,0.7833251
1,1,0.70172834
0,1,0.50161433
1,1,0.8591145
0,1,0.78877085
1,1,0.81326187
1,1,0.70699507
0,1,0.58110803
1,1,0.80150414
0,0,0.43462884
0,0,0.39700365
0,1,0.6893765
0,0,0.39700365
0,0,0.39700365
0,1,0.54407895
0,1,0.6782864
0,1,0.6012493
0,0,0.4089374
1,1,0.8276102
0,1,0.666917
0,0,0.39700365
0,1,0.57549167
0,0,0.405843
0,1,0.56470376
0,1,0.76890874
0,1,0.71654
0,1,0.7153655
0,1,0.52768445
0,1,0.5079023
0,0,0.39700365
0,1,0.7252571
0,0,0.43462884
1,1,0.79180247
0,1,0.67652124
0,0,0.4008787
0,1,0.5647013
0,0,0.43462884
0,1,0.7181739
0,0,0.39700365
0,1,0.6338822
0,1,0.6857277
0,0,0.47033566
0,0,0.4760498
0,0,0.45463556
0,0,0.48683268
0,1,0.8556154
0,0,0.4295405
0,0,0.405843
0,1,0.66914445
0,0,0.43462884
0,0,0.433615
0,1,0.6734402
0,1,0.5108614
0,1,0.7110309
0,1,0.5012514
1,1,0.85598505
0,1,0.5396597
0,1,0.5769228
0,1,0.86340576
1,1,0.83625555
0,0,0.4434041
0,0,0.43129736
1,1,0.86128646
0,1,0.5793647
0,0,0.47136375
0,1,0.5077059
1,0,0.4048742
0,0,0.4898305
0,1,0.57626384
0,1,0.8110262
0,1,0.83105874
1,1,0.8624482
0,1,0.7513291
0,1,0.7201248
0,0,0.41210175
0,0,0.43925247
0,1,0.8112533
1,1,0.6713971
0,1,0.8279723
0,0,0.4434041
0,1,0.50050366
0,0,0.4178029
0,0,0.42157307
0,1,0.50142556
0,1,0.78092504
0,0,0.4582057
0,1,0.583356
0,0,0.39700365
1,1,0.8206296
0,0,0.45409343
0,0,0.4500511
0,0,0.3993632
0,0,0.45752382
0,0,0.39700365
0,0,0.49143013
0,1,0.6975919
0,1,0.583356
1,1,0.7650448
0,0,0.39700365
0,0,0.44675347
1,1,0.795067
0,0,0.41210175
0,0,0.40655962
0,1,0.5348028
0,0,0.39700365
0,0,0.41120023
0,1,0.65550965
0,0,0.45386657
0,1,0.58716625
0,0,0.40655962
0,0,0.43579882
0,1,0.51695997
0,1,0.54437155
1,1,0.857668
0,1,0.67700243
0,0,0.49252182
0,1,0.6265716
1,1,0.8614984
0,1,0.6729286
1,1,0.851251
0,1,0.7170835
0,1,0.84912854
0,1,0.67901087
1,1,0.6734856
1,1,0.81191117
0,0,0.433615
0,1,0.5559797
0,1,0.5324135
0,1,0.63860726
0,0,0.49800724
1,1,0.86340576
0,0,0.40655962
0,0,0.44921246
0,1,0.554646
0,0,0.4943766
0,0,0.40655962
0,0,0.41013333
0,0,0.39700365
0,1,0.54005116
0,0,0.4059956
0,0,0.40988138
0,1,0.6068839
1,1,0.826647
0,1,0.76409817
0,0,0.41210175
0,0,0.4025039
0,0,0.40655962
0,0,0.41867486
0,1,0.821084
0,1,0.79384595
0,0,0.39700365
0,0,0.47033566
1,1,0.8331465
0,0,0.4295405
1,1,0.68001467
0,1,0.686956
0,0,0.41575792
0,0,0.49597806
0,0,0.41448936
0,1,0.7017115
0,1,0.7275278
1,1,0.72047657
0,1,0.50782675
1,0,0.433615
0,0,0.47912344
0,1,0.7395649
1,1,0.82807106
0,1,0.86340576
0,0,0.39700365
1,1,0.84274787
1,1,0.7213346
1,1,0.86128646
0,0,0.43462884
0,1,0.80768347
0,1,0.50392365
1,1,0.86340576
1,1,0.8566762
0,0,0.39700365
0,0,0.43930906
0,1,0.5519117
0,0,0.44806287
0,1,0.6644316
0,1,0.51803297
0,1,0.8561485
0,0,0.47445568
0,0,0.4993137
0,0,0.48985225
0,1,0.6029211
0,1,0.59555596
1,0,0.42838177
0,1,0.52538687
0,1,0.72157633
0,1,0.5051252
0,1,0.64230925
0,1,0.53064793
0,0,0.48668265
0,1,0.5051252
0,0,0.4025039
0,0,0.4993137
0,0,0.4442566
0,0,0.4780938
1,1,0.6800469
0,0,0.4048742
0,1,0.6962588
1,1,0.82372195
0,1,0.5930882
1,1,0.8624482
0,1,0.79548746
0,1,0.6720948
0,0,0.39700365
0,0,0.433615
0,0,0.47033566
0,1,0.5496265
0,0,0.39700365
1,1,0.8616297
0,0,0.42762053
1,1,0.73603964
1,1,0.78328633
0,1,0.6355638
0,0,0.39700365
1,1,0.71719414
1,1,0.85389847
0,0,0.4025039
1,1,0.8398458
1,1,0.8267792
0,1,0.68287975
0,0,0.43462884
0,0,0.44559842
0,0,0.4025039
0,0,0.4025039
0,0,0.44496292
0,1,0.608561
0,1,0.5874373
0,0,0.39700365
0,1,0.55162185
0,1,0.62400305
1,1,0.8593543
0,1,0.5002585
0,1,0.5012514
1,0,0.39700365
0,1,0.569591
0,1,0.6509901
0,0,0.39700365
0,0,0.44559842
0,1,0.5066985
1,1,0.5324135
0,1,0.5527186
0,1,0.5048278
1,1,0.8604622
0,1,0.5165919
1,1,0.8392488
0,1,0.5692001
0,1,0.8360795
0,1,0.5755431
0,1,0.8609282
0,0,0.433615
0,0,0.39700365
0,1,0.505388
0,1,0.5233166
0,0,0.405869
0,0,0.433615
0,1,0.63436496
0,0,0.4340039
0,1,0.50637656
1,1,0.8110312
0,1,0.7036569
0,0,0.43909344
0,1,0.5680187
1,1,0.86340576
0,1,0.5011251
0,1,0.5850388
0,0,0.39700365
0,1,0.5017483
0,1,0.68193793
1,0,0.4178029
0,0,0.40988138
0,0,0.46150702
0,0,0.4594419
0,1,0.68721837
0,1,0.7336664
0,1,0.8112232
0,0,0.43501797
1,1,0.8527714
0,0,0.46062425
0,0,0.47912344
0,0,0.42643628
0,1,0.69992787
0,1,0.8630521
0,1,0.65601784
0,1,0.6356208
0,0,0.4089374
0,1,0.5222497
0,1,0.5939096
0,0,0.45926756
0,1,0.7138354
1,1,0.84820825
0,0,0.4025039
0,0,0.433615
0,0,0.47912344
0,1,0.7393484
0,1,0.5012514
0,1,0.5051252
0,1,0.813312
0,1,0.73128223
0,1,0.85272974
0,1,0.765361
0,0,0.40466717
1,1,0.81193227
0,0,0.44041818
0,1,0.80365556
0,0,0.4025039
0,1,0.7721562
1,1,0.85582495
0,1,0.5675179
0,1,0.5653174
0,0,0.42426407
0,1,0.635625
1,1,0.55498314
0,1,0.59182745
0,0,0.39700365
0,1,0.69403297
1,1,0.85532826
0,1,0.5092524
0,0,0.39700365
0,0,0.46673867
1,1,0.8175679
0,1,0.7831355
1,1,0.6036021
1,1,0.8578499
0,1,0.5805199
0,0,0.39700365
1,1,0.8259317
0,0,0.39700365
0,0,0.39700365
0,1,0.5324135
0,0,0.39700365
1,1,0.86340576
1,1,0.8604622
0,1,0.56874716
0,1,0.7772414
0,0,0.39700365
0,0,0.4208594
0,1,0.55557793
0,0,0.4208594
0,0,0.48494783
0,0,0.48737898
0,0,0.41210175
0,1,0.5009732
0,1,0.7726726
0,1,0.53518236
0,1,0.6145094
0,1,0.5870749
0,1,0.58488107
0,1,0.7511197
0,1,0.5606854
1,1,0.8450214
0,1,0.70301044
0,0,0.39700365
0,1,0.55162185
0,0,0.4025039
0,1,0.7638703
1,1,0.79995346
0,0,0.40655962
0,0,0.4025039
0,0,0.40466717
0,0,0.47033566
0,0,0.48543027
1,1,0.8618611
0,0,0.40655962
0,0,0.4614398
1,1,0.8425011
0,1,0.85621864
0,1,0.58662486
0,0,0.45772314
0,0,0.42426407
0,1,0.60636055
0,1,0.5930073
1,1,0.8292205
1,1,0.8593543
0,0,0.40655962
0,0,0.4963143
0,1,0.69707
0,0,0.39700365
0,1,0.55378515
0,0,0.44594368
0,0,0.40335494
0,0,0.39700365
0,1,0.57171553
1,1,0.77896494
0,0,0.40335494
0,0,0.39700365
0,1,0.5779489
0,1,0.8241572
0,0,0.45632958
1,1,0.6917871
0,0,0.40655962
0,1,0.5840593
0,0,0.47033566
1,1,0.6041138
1,1,0.7273601
0,1,0.8468413
0,1,0.67206186
0,1,0.711955
0,0,0.47912344
0,0,0.39700365
1,1,0.6285505
1,1,0.85619026
0,1,0.6244298
0,0,0.46050414
0,1,0.6606162
0,0,0.44442287
0,0,0.4993137
0,1,0.6452704
0,0,0.47886518
0,0,0.49140835
0,1,0.7470033
0,0,0.3993632
1,0,0.40466717
0,1,0.7624945
1,1,0.81176263
0,0,0.47033566
0,1,0.55011356
0,0,0.42426407
0,0,0.44675347
0,0,0.41867486
0,1,0.6303984
0,1,0.8279608
1,1,0.86340576
0,0,0.39700365
1,1,0.50670344
0,0,0.4048482
0,1,0.7040032
0,1,0.56470376
1,0,0.4680912
0,1,0.6539506
0,1,0.6002298
1,1,0.8574881
0,0,0.40655962
0,1,0.76181406
0,1,0.7185211
0,0,0.4025039
0,0,0.48147622
0,1,0.5003828
0,1,0.71506894
0,0,0.48614395
0,0,0.47701487
0,1,0.8596195
1,1,0.8228205
1,0,0.39700365
0,1,0.7196887
0,0,0.45409343
0,0,0.4399839
0,1,0.6921442
1,1,0.8594873
0,0,0.40655962
0,0,0.4025039
1,1,0.74077743
0,0,0.40655962
0,1,0.5062537
0,1,0.71760756
0,1,0.6356836
0,1,0.68454677
0,0,0.49140835
0,1,0.5834387
0,1,0.5763008
0,1,0.8298807
1,1,0.6453974
0,1,0.63305825
1,1,0.8492442
0,1,0.5021942
0,1,0.55162185
0,0,0.4025039
0,0,0.4059956
0,1,0.5092524
0,0,0.45603466
1,1,0.6492812
0,1,0.80046934
0,1,0.59643126
0,0,0.3993632
0,1,0.74066114
0,1,0.6025749
0,1,0.70433
1,1,0.764956
0,1,0.5012514
0,0,0.39700365
0,1,0.51803297
0,1,0.59248644
0,0,0.46062425
0,0,0.48401436
0,0,0.40655962
0,1,0.8021393
1,1,0.8512086
0,0,0.40988138
0,1,0.75915223
0,1,0.56470376
0,1,0.7413616
0,0,0.49282548
1,1,0.5066985
1,1,0.5594518
0,1,0.5483126
1,1,0.6322816
0,1,0.6329974
0,0,0.40888348
0,0,0.41210175
0,0,0.3993632
0,0,0.4252725
1,0,0.4025039
0,0,0.39700365
0,0,0.4025039
0,1,0.7476687
0,1,0.794705
0,0,0.41210175
0,0,0.39700365
0,0,0.41644484
0,0,0.45409343
0,1,0.7354167
0,0,0.39700365
0,0,0.42157307
0,0,0.47033566
0,1,0.64873344
0,1,0.5710526
0,1,0.8159816
0,0,0.39700365
0,0,0.39700365
0,1,0.5779061
0,1,0.6373162
0,1,0.59082085
0,1,0.5691066
0,0,0.42201993
0,0,0.47278932
0,0,0.39700365
1,1,0.86340576
0,1,0.6721
0,1,0.86128646
0,0,0.39700365
0,1,0.82493556
1,1,0.85562366
1,0,0.40655962
0,1,0.7679462
0,1,0.5663852
0,1,0.6858386
0,0,0.39700365
1,1,0.70386046
0,0,0.39700365
0,1,0.6592398
0,1,0.6853566
0,0,0.43462884
0,1,0.51165044
0,0,0.45032698
0,0,0.39700365
0,0,0.46377453
0,0,0.39700365
0,1,0.8064643
1,1,0.858588
0,0,0.40699127
0,0,0.39700365
1,1,0.71320236
0,0,0.41020137
1,1,0.86340576
0,1,0.61854315
0,0,0.39700365
0,0,0.433615
0,1,0.68470865
1,1,0.8585204
0,0,0.49800724
0,1,0.55405647
0,1,0.64867884
0,0,0.44442287
1,1,0.86128646
0,1,0.7877774
0,1,0.50836897
1,1,0.8594873
0,0,0.4993137
0,1,0.59248644
0,0,0.49722102
0,1,0.6319727
0,1,0.7001183
0,1,0.85043645
0,0,0.48044586
0,0,0.41020137
0,1,0.7316266
0,1,0.7029853
0,1,0.6648833
0,0,0.46962446
0,0,0.4434041
0,0,0.44479656
0,1,0.59033346
0,1,0.6650483
0,1,0.6275459
0,0,0.41210175
0,0,0.4425247
0,0,0.48737898
0,0,0.43462884
1,0,0.49140835
0,1,0.51165044
0,0,0.47725108
0,1,0.7014463
0,1,0.5317253
0,0,0.4025039
1,1,0.8292205
0,0,0.39700365
0,0,0.4048742
0,1,0.5273118
0,1,0.59978926
0,0,0.4025039
1,0,0.48683268
0,0,0.44914907
0,0,0.42992857
0,1,0.5768413
1,1,0.79326457
0,1,0.5473678
0,1,0.52830577
0,0,0.41210175
0,0,0.45039043
1,1,0.816377
0,0,0.48275736
0,0,0.433615
0,1,0.68884486
0,1,0.50864446
0,0,0.39700365
1,1,0.8604622
0,1,0.79633325
0,0,0.4769063
0,0,0.39700365
0,1,0.6413294
0,1,0.654238
1,1,0.7728229
0,0,0.49140835
1,1,0.57940066
0,1,0.5243619
1,1,0.8474723
0,0,0.3993632
0,1,0.8210613
0,1,0.58871275
0,0,0.3993632
0,1,0.53242713
0,1,0.51803297
0,1,0.8074642
0,0,0.49897736
0,1,0.7758537
0,1,0.5490145
0,0,0.43501797
0,0,0.4993137
1,1,0.85598505
0,0,0.3993632
0,1,0.5664397
0,1,0.5881496
0,1,0.84014875
0,1,0.5736293
0,1,0.70134217
0,1,0.8593543
0,1,0.6465937
1,1,0.85674316
1,1,0.86340576
0,0,0.45774734
1,1,0.75909954
0,0,0.41020137
0,1,0.68810374
0,0,0.40466717
0,0,0.4434041
0,0,0.43462884
0,1,0.663323
1,1,0.85036904
1,1,0.859578
1,1,0.74354273
0,1,0.5413437
0,1,0.7650607
1,1,0.86340576
0,1,0.5610774
0,0,0.4297971
0,1,0.5458342
0,0,0.43462884
1,1,0.64455503
0,1,0.51803297
0,0,0.41210175
0,1,0.8255432
0,1,0.51165044
0,1,0.52134234
0,0,0.4235603
0,0,0.45696804
1,1,0.86340576
0,0,0.41687474
1,1,0.857668
0,1,0.73657656
0,1,0.8503791
1,1,0.60748595
0,0,0.42426407
0,1,0.65990597
0,0,0.39700365
0,1,0.8101389
0,0,0.48147622
0,0,0.41860607
0,0,0.42838177
1,1,0.86340576
0,1,0.6653609
0,0,0.39700365
1,1,0.8155226
0,0,0.40655962
0,0,0.433615
0,1,0.57731116
0,1,0.54882723
0,1,0.5015727
0,1,0.5527186
0,1,0.65877587
1,1,0.85842323
0,1,0.69613963
0,1,0.8542261
0,1,0.71566564
0,0,0.49307927
0,1,0.604892
0,1,0.56640697
1,1,0.5673915
0,0,0.42426407
0,1,0.62762696
0,1,0.8224311
0,1,0.7029853
0,1,0.5048278
0,1,0.55249196
0,1,0.56325626
0,0,0.39700365
1,1,0.85582495
0,0,0.47912344
0,1,0.57144135
0,1,0.6123659
0,0,0.40888348
0,1,0.7185211
1,1,0.5674854
1,1,0.6075893
0,1,0.86340576
0,0,0.48044586
0,1,0.74586415
0,0,0.43462884
0,1,0.73105764
1,1,0.6388231
1,1,0.7807804
0,1,0.74913937
0,1,0.6324463
0,1,0.69877315
0,1,0.69654673
0,0,0.47340575
0,1,0.8325511
1,1,0.85399157
0,1,0.59141517
1,1,0.83003736
0,1,0.7560654
0,1,0.6509918
0,0,0.39700365
0,1,0.8614984
0,1,0.51230764
0,1,0.5094601
0,0,0.4025039
1,1,0.8624482
1,1,0.86340576
0,1,0.7650607
0,1,0.6570983
1,1,0.8566762
1,1,0.85598505
0,1,0.69456667
0,1,0.6793095
1,1,0.8127238
0,1,0.81321794
1,1,0.82371014
0,0,0.4434041
0,0,0.43930906
1,1,0.76409817
0,1,0.6781506
0,0,0.43462884
0,0,0.433615
0,0,0.42374164
1,1,0.86340576
1,1,0.73894995
0,0,0.4442566
0,1,0.5355101
0,1,0.6845992
1,1,0.7224234
0,0,0.44479656
0,0,0.40655962
1,1,0.60157037
0,1,0.5884075
0,1,0.50161433
0,1,0.66303813
0,1,0.5793647
0,1,0.64165944
0,0,0.4287061
0,0,0.4208594
0,0,0.39700365
0,1,0.86114436
0,1,0.50513226
0,0,0.41210175
0,1,0.60591364
0,0,0.48737898
0,0,0.49140835
0,0,0.40655962
1,1,0.7575496
0,1,0.51803297
0,0,0.49131244
1,1,0.6800469
1,1,0.86340576
0,1,0.7278524
0,0,0.39700365
0,1,0.53505635
1,1,0.86128646
0,0,0.433615
0,1,0.634679
1,1,0.8569261
0,0,0.40655962
0,0,0.41020137
0,1,0.56479573
0,0,0.47033566
1,1,0.7484985
0,1,0.7314496
0,1,0.82371014
0,0,0.43462884
0,1,0.50981414
0,1,0.554725
0,0,0.41985378
0,1,0.5255074
0,1,0.5614688
0,1,0.71565276
0,1,0.561323
0,0,0.433615
0,0,0.42426407
0,1,0.70610166
0,1,0.73565733
0,0,0.4199661
0,1,0.50050366
1,1,0.79682237
0,1,0.6015607
0,0,0.40364918
0,1,0.8052273
0,1,0.72100776
0,0,0.39700365
0,1,0.851251
0,1,0.51683724
0,0,0.47340575
0,1,0.6662382
0,0,0.39700365
0,1,0.7638703
0,0,0.39700365
0,0,0.45696804
0,1,0.86340576
0,1,0.50409454
0,1,0.5723478
0,0,0.4225798
0,1,0.8303582
0,1,0.85399157
0,0,0.42021233
0,0,0.43462884
0,0,0.4048742
0,0,0.42426407
0,0,0.40655962
0,1,0.75414467
1,1,0.85598505
0,1,0.7126285
1,1,0.60767496
0,0,0.46050414
0,0,0.4434041
0,1,0.5126766
0,0,0.45299038
0,1,0.8035775
1,0,0.39700365
1,1,0.52610826
0,0,0.40655962
0,0,0.47136375
1,1,0.82371014
0,0,0.4142565
0,1,0.59555596
1,1,0.8157051
0,1,0.54349774
0,0,0.48841012
0,1,0.56470376
0,0,0.433615
0,1,0.5283776
0,0,0.40888348
0,1,0.5658187
0,0,0.43516624
0,1,0.79246175
0,0,0.4434041
0,0,0.41760197
0,1,0.7286986
0,1,0.55755967
1,1,0.8598336
0,1,0.6926192
1,1,0.8624482
1,1,0.69064933
0,1,0.82883716
0,1,0.5009732
0,0,0.45632958
0,0,0.48841012
1,1,0.7807804
0,0,0.4295405
0,1,0.5340789
1,1,0.85399157
0,0,0.49486122
0,1,0.6108557
0,0,0.40655962
0,1,0.5035767
0,0,0.44559842
0,0,0.49750423
0,1,0.5779489
1,1,0.8156221
0,0,0.4089374
0,1,0.81456137
0,0,0.44594368
0,0,0.39700365
1,1,0.8604622
0,0,0.48737898
0,1,0.525069
0,0,0.45198235
0,0,0.44543216
0,0,0.4008787
0,1,0.5283776
0,1,0.53505635
1,1,0.6642245
0,0,0.4048742
0,0,0.3993632
0,0,0.4025039
1,1,0.8130649
0,0,0.39700365
1,1,0.8614984
0,0,0.42044696
0,1,0.50651914
0,0,0.404643
0,1,0.55327475
0,0,0.44496292
1,1,0.86340576
0,0,0.39700365
0,0,0.4025039
1,1,0.8617602
0,1,0.8487689
0,1,0.6732645
0,1,0.6235211
0,1,0.6175091
0,1,0.7786786
0,0,0.39700365
0,0,0.49348632
0,1,0.5022314
0,0,0.44793022
0,0,0.4993137
1,1,0.8609282
0,0,0.40655962
0,1,0.82371014
0,1,0.7259436
0,0,0.46690628
0,1,0.65997547
1,1,0.86128646
0,0,0.43462884
0,1,0.57517266
0,0,0.39700365
0,0,0.4025039
0,0,0.48334655
0,1,0.55958754
0,1,0.57648146
0,1,0.86340576
0,1,0.742658
0,0,0.47745177
0,0,0.4175284
1,1,0.5404803
0,1,0.6473769
0,1,0.6642245
0,1,0.71479845
0,1,0.50050366
0,1,0.5364565
0,1,0.6261441
0,0,0.4252725
0,1,0.5965593
0,1,0.85687906
0,0,0.40655962
1,1,0.8624482
0,0,0.45721573
0,0,0.42426407
0,0,0.4048742
0,1,0.683069
0,0,0.47033566
0,0,0.4769063
0,0,0.40821952
0,1,0.58551997
1,1,0.82592726
1,0,0.4410496
0,1,0.78628784
0,1,0.790567
0,1,0.80775964
0,1,0.80883926
0,0,0.40655962
1,1,0.77968454
0,1,0.5636132
0,1,0.67694604
1,1,0.8209403
0,0,0.44442287
0,0,0.47848153
1,1,0.59788835
0,0,0.43516624
0,1,0.64604884
0,1,0.7601868
0,1,0.5222497
0,0,0.43462884
0,0,0.48985225
1,1,0.8624482
1,1,0.7485714
0,1,0.7069317
0,1,0.528498
0,1,0.7576161
1,1,0.8630521
0,0,0.43462884
0,1,0.50736094
0,1,0.66127586
0,1,0.7425041
1,1,0.5903747
0,0,0.39700365
0,1,0.73910594
0,1,0.5051252
0,1,0.7106433
0,1,0.61897445
1,1,0.8614984
0,0,0.39700365
0,1,0.58786815
1,1,0.69486827
0,1,0.58371097
0,1,0.59474146
0,1,0.5763008
0,1,0.7049676
0,0,0.39700365
1,1,0.6590044
0,0,0.43579882
0,1,0.7726994
0,1,0.5923908
0,0,0.40655962
0,1,0.7540955
1,1,0.86059445
0,0,0.47745177
0,0,0.49325082
0,0,0.4769063
0,0,0.433615
0,0,0.3993632
0,1,0.6552047
0,1,0.86150753
0,0,0.4769063
0,1,0.60887384
0,1,0.5746475
0,1,0.7038438
0,1,0.79631275
0,1,0.61771256
0,1,0.64205396
0,1,0.7351958
0,0,0.39700365
0,1,0.86010206
0,1,0.60850513
0,0,0.4394834
0,1,0.67690593
0,0,0.47278932
0,1,0.60382676
0,1,0.53552926
0,0,0.44442287
0,1,0.73299706
0,0,0.43462884
0,1,0.63622904
0,0,0.4025039
1,0,0.39700365
1,1,0.72061175
1,1,0.8630521
1,1,0.7533648
0,0,0.41020137
0,0,0.43516624
0,0,0.49321938
1,1,0.8158625
0,1,0.8465931
0,1,0.7089201
0,1,0.62853825
0,0,0.42426407
0,1,0.62460345
0,1,0.6970099
0,1,0.8474723
0,1,0.6809767
0,0,0.4894195
0,1,0.5529376
0,1,0.5478938
0,1,0.7476687
1,1,0.6349564
0,1,0.6760335
0,0,0.42374164
0,1,0.5011251
0,1,0.6804879
0,0,0.40618917
0,0,0.42762053
0,1,0.7208393
0,0,0.40655962
0,0,0.433615
0,1,0.5070247
0,1,0.6265716
0,0,0.4048742
0,1,0.58612925
0,1,0.50470793
0,1,0.50383437
0,1,0.8603165
1,1,0.6386047
0,1,0.75624156
0,1,0.76710916
1,1,0.84964585
0,0,0.43579882
0,0,0.433615
0,0,0.39700365
1,0,0.39700365
0,0,0.43462884
0,0,0.39700365
0,0,0.39700365
0,1,0.6075893
1,1,0.8565072
0,0,0.433615
0,0,0.4594419
0,0,0.48433945
0,1,0.6382222
0,0,0.4993137
0,1,0.7980176
1,1,0.78931266
0,1,0.5912247
0,0,0.4025039
0,1,0.7283376
0,0,0.48683268
0,0,0.49140835
0,1,0.69987947
0,0,0.45409343
0,1,0.55983615
0,1,0.68161064
0,1,0.5012514
0,0,0.4025039
0,1,0.56470376
0,0,0.41210175
1,1,0.85619026
0,0,0.48802188
1,1,0.8598336
0,0,0.43579882
1,1,0.8630521
0,1,0.7906851
0,0,0.4025039
1,1,0.7463629
0,1,0.7009923
0,0,0.43737885
0,1,0.7584557
1,1,0.7650448
0,0,0.4295405
1,1,0.5850388
0,0,0.44924027
1,1,0.7153742
0,1,0.81119525
1,1,0.8279608
0,1,0.5171896
1,1,0.6610426
0,1,0.62223405
1,1,0.8616297
0,0,0.47033566
1,1,0.8597993
0,1,0.6350931
0,1,0.57516736
0,0,0.39700365
0,1,0.8190748
0,1,0.68845785
0,1,0.67381287
0,0,0.4582057
1,0,0.4048742
0,0,0.4352859
0,0,0.41448936
0,0,0.3993632
0,1,0.6786425
1,1,0.86340576
0,1,0.5222497
0,1,0.7683588
0,0,0.39700365
0,0,0.433615
0,1,0.72821784
0,1,0.5015727
0,1,0.67954445
0,1,0.51072705
1,1,0.5529728
1,1,0.8159816
0,1,0.6089243
0,1,0.50161433
0,0,0.49154115
0,1,0.79885876
1,1,0.854405
0,1,0.8577747
0,1,0.5084107
0,1,0.6276719
0,0,0.40655962
0,1,0.68273157
0,0,0.4993137
0,1,0.7664969
0,0,0.43775445
0,0,0.41103315
0,0,0.39700365
0,1,0.6822763
0,1,0.5015727
0,1,0.714241
0,0,0.43462884
0,1,0.60157377
0,1,0.62762696
0,1,0.56467164
0,1,0.77854383
0,1,0.51695997
0,1,0.5490145
1,1,0.8285998
0,0,0.49131244
0,1,0.8151102
1,1,0.8603165
0,0,0.4570243
0,0,0.4025039
0,1,0.76892054
0,0,0.4185269
0,1,0.59367865
0,1,0.58748406
0,1,0.6280443
1,1,0.67598665
0,0,0.4252725
1,1,0.8360874
0,1,0.7634472
0,1,0.5945094
1,1,0.85621864
0,1,0.6235211
0,1,0.51106316
0,0,0.405869
0,0,0.43462884
0,0,0.39700365
0,0,0.41020137
0,0,0.4048482
1,1,0.8614984
0,1,0.65150905
0,0,0.49277377
0,0,0.39700365
0,0,0.43462884
0,1,0.68698007
0,0,0.42426407
1,1,0.86340576
1,1,0.570678
0,0,0.41210175
0,1,0.64431036
1,1,0.60810965
0,1,0.81622493
0,1,0.5663679
0,0,0.4963143
1,1,0.8588544
1,1,0.8594873
0,0,0.40655962
1,1,0.85837466
1,1,0.86340576
0,1,0.7020937
0,1,0.8518315
0,0,0.4080838
0,0,0.43956697
0,1,0.7748516
0,1,0.54225004
0,1,0.8630521
0,1,0.57789826
0,0,0.48737898
0,1,0.7157537
0,1,0.8088994
0,1,0.5832159
0,0,0.4916753
0,1,0.65877587
0,1,0.50782675
0,0,0.42061362
1,1,0.6845683
0,1,0.5324135
0,1,0.51165044
1,1,0.8010694
0,0,0.39700365
1,1,0.62998813
1,1,0.7053669
0,0,0.47469398
0,1,0.6427608
0,0,0.45798075
0,1,0.5630303
0,0,0.43579882
0,0,0.39700365
1,1,0.8520615
0,1,0.8215238
0,0,0.44559842
0,1,0.69612753
0,1,0.74535847
0,0,0.39700365
0,0,0.39700365
0,0,0.3993632
0,0,0.4025039
0,1,0.70327103
0,0,0.39700365
0,0,0.47033566
0,0,0.4582057
0,1,0.7794967
0,1,0.5942032
1,1,0.82623184
0,0,0.39700365
0,1,0.650219
0,1,0.62677693
0,0,0.43462884
0,0,0.48147622
0,1,0.67743903
0,1,0.6620895
0,1,0.59981567
0,1,0.5514307
0,0,0.433615
0,0,0.47254997
0,0,0.41020137
0,0,0.40655962
0,0,0.4993137
1,1,0.71792454
0,1,0.63643306
1,1,0.74386495
0,0,0.47033566
0,1,0.54217017
1,1,0.8367282
0,1,0.67756844
0,1,0.7151171
1,1,0.60165656
1,1,0.790568
0,1,0.7218418
1,1,0.8556154
0,1,0.7419799
0,1,0.8039725
0,1,0.81822383
1,1,0.81849295
0,0,0.4769063
0,1,0.52670294
0,1,0.69371223
0,1,0.8609282
0,1,0.5852534
1,1,0.85619026
0,1,0.70463014
0,0,0.44543216
0,1,0.7660759
0,0,0.40655962
1,1,0.82807106
0,1,0.53527266
0,1,0.82371014
0,1,0.69007725
1,1,0.8315247
0,0,0.41020137
0,0,0.4760498
1,1,0.8557595
0,0,0.48737898
1,1,0.8479824
0,0,0.4025039
0,1,0.59584075
1,1,0.8614984
0,0,0.47848153
0,0,0.4048742
0,1,0.6605245
0,0,0.45709574
0,0,0.39700365
0,0,0.4025039
1,1,0.7728041
1,1,0.86128646
1,1,0.86010206
0,1,0.73729444
1,1,0.59981567
1,1,0.6729944
0,1,0.6748666
0,1,0.69332993
0,1,0.7201248
0,1,0.5577875
0,1,0.5882021
1,1,0.8189736
0,0,0.49363732
1,1,0.86340576
0,1,0.59555596
0,0,0.4340039
0,0,0.43462884
0,1,0.75829154
1,1,0.8228681
0,1,0.6155127
0,1,0.5425617
1,1,0.7820007
0,1,0.6819439
1,1,0.8630521
0,0,0.40655962
0,0,0.446305
0,1,0.5939096
0,1,0.56676894
1,1,0.8021393
0,1,0.7802309
0,1,0.5476538
0,1,0.5324135
0,0,0.404643
0,0,0.492182
1,1,0.86340576
0,1,0.50050366
0,0,0.39700365
0,1,0.82051235
0,1,0.5881496
0,0,0.47138557
0,0,0.39700365
0,1,0.6083299
0,0,0.49750423
0,0,0.4769063
0,0,0.4295405
1,1,0.72443813
0,0,0.39700365
0,0,0.4025039
0,1,0.82296085
0,0,0.466055
0,0,0.47340575
0,0,0.463506
0,0,0.433615
0,0,0.44496292
0,0,0.41210175
0,1,0.63803554
1,1,0.787765
0,0,0.405869
0,0,0.44806287
1,1,0.81977737
0,0,0.49897736
0,1,0.59079397
0,0,0.43462884
1,1,0.85837466
0,0,0.40701732
0,0,0.4963143
0,1,0.8604622
0,1,0.7143745
1,1,0.8141816
0,1,0.58551997
0,1,0.7752298
0,1,0.5527186
0,0,0.45347562
0,0,0.44594368
0,1,0.81133217
0,1,0.7685359
1,1,0.8614984
0,1,0.58926046
0,0,0.4048742
0,0,0.42177403
0,0,0.42643628
0,0,0.40655962
0,0,0.4410496
0,0,0.42426407
0,0,0.42426407
0,0,0.41295904
0,0,0.41599372
1,1,0.5948247
0,0,0.4174481
0,1,0.5703537
0,0,0.39700365
0,1,0.8603165
0,1,0.5914602
0,0,0.4582057
1,1,0.76722354
0,1,0.6253696
0,0,0.42426407
1,1,0.67700243
1,1,0.65697145
1,0,0.44442287
1,1,0.66599494
0,0,0.4025039
0,1,0.51165044
1,1,0.6773088
0,0,0.4025039
1,1,0.7511197
0,1,0.8506719
0,1,0.64073515
1,1,0.7275084
0,0,0.40466717
0,1,0.6468654
1,1,0.8603165
0,0,0.47745177
0,1,0.79169106
0,1,0.8573058
0,0,0.433615
0,0,0.42021233
0,0,0.4963143
0,1,0.5012514
0,1,0.62336797
1,1,0.8630521
0,1,0.8197837
0,1,0.505388
0,1,0.75648427
0,1,0.80605805
0,1,0.6438776
0,1,0.65413827
0,1,0.7841309
0,0,0.433615
1,1,0.7094906
0,1,0.51165044
0,1,0.69438076
1,0,0.45250914
0,1,0.7165244
0,1,0.742975
0,0,0.4769063
0,0,0.39700365
0,0,0.4142565
1,1,0.8537701
0,0,0.4889631
0,1,0.6063216
0,0,0.39700365
0,1,0.5472634
0,1,0.6908786
0,1,0.65676117
0,0,0.4281682
0,1,0.60955626
0,0,0.478292
0,0,0.433615
0,1,0.7735263
0,0,0.44862494
1,1,0.72538406
0,0,0.39700365
0,1,0.82493556
0,1,0.5317524
0,0,0.39700365
0,0,0.3993632
0,1,0.7476687
0,1,0.61018807
0,1,0.79871774
0,1,0.6984088
0,1,0.58210504
0,1,0.5443704
0,1,0.82469434
1,1,0.86340576
1,1,0.86340576
0,0,0.405869
1,1,0.77184385
0,1,0.5003828
0,1,0.50050366
0,0,0.433615
0,1,0.8520615
1,1,0.8425082
0,1,0.61171377
0,0,0.46050414
0,0,0.41020137
0,0,0.4442566
0,0,0.39700365
0,1,0.6611048
0,0,0.39700365
0,1,0.6189361
0,1,0.5704692
1,1,0.5687088
0,1,0.82160544
0,1,0.5697963
0,1,0.7778948
0,1,0.5832832
0,0,0.39700365
0,1,0.84595215
0,0,0.433615
1,1,0.8331465
0,0,0.41020137
0,0,0.4361882
0,1,0.7395585
0,1,0.57090545
0,1,0.6836572
0,1,0.7276207
0,1,0.57022595
0,0,0.42426407
0,1,0.75862586
0,1,0.86128646
0,0,0.48683268
0,1,0.5021017
0,1,0.6931783
0,0,0.39700365
0,0,0.433615
0,1,0.6131206
1,1,0.5079023
0,0,0.4442566
0,0,0.4025039
1,1,0.8382111
0,1,0.83153474
0,0,0.40655962
0,1,0.59697944
1,1,0.8604622
0,0,0.47912344
0,1,0.7616993
0,0,0.40888348
0,0,0.39700365
0,1,0.6231
0,1,0.8508961
0,1,0.6668872
0,0,0.4025039
0,0,0.40364918
1,1,0.8630521
0,1,0.6921442
0,1,0.5552154
0,1,0.7471148
1,1,0.5985096
0,1,0.7332433
0,0,0.48968032
0,1,0.76719415
0,1,0.6075893
0,1,0.50050366
0,0,0.47033566
1,0,0.4954097
0,1,0.69941896
0,1,0.5691066
0,1,0.56004834
0,0,0.4627877
0,0,0.4380804
0,0,0.41448936
1,1,0.5960066
0,0,0.45926756
1,1,0.75241065
1,1,0.6231
1,1,0.8203858
0,0,0.43930906
0,1,0.78647166
1,1,0.85525745
1,1,0.83744955
1,1,0.7060323
1,1,0.8588544
0,0,0.48720512
0,1,0.7256752
0,1,0.6003949
0,1,0.7327457
0,1,0.5003828
0,1,0.53518236
0,0,0.49467614
0,1,0.5035767
0,0,0.39700365
0,0,0.4048742
0,0,0.4993137
0,1,0.6654321
0,1,0.60953003
0,0,0.40655962
0,0,0.4174481
0,0,0.433615
0,0,0.39700365
0,1,0.52456295
1,1,0.75925946
0,1,0.67402285
0,1,0.5574235
1,1,0.85188806
0,0,0.4025039
0,0,0.43501797
0,1,0.58496755
0,1,0.5850978
0,1,0.8106095
0,1,0.8603165
0,1,0.6571802
0,1,0.6278199
0,0,0.39700365
0,0,0.49140835
0,0,0.4208648
0,1,0.56470376
0,1,0.8588544
0,0,0.40466717
0,1,0.8614984
0,1,0.76221305
0,1,0.6724872
0,1,0.5011251
1,1,0.86340576
0,0,0.39700365
1,1,0.7748545
0,1,0.609797
0,0,0.42799413
0,0,0.43579882
0,0,0.39700365
0,1,0.7539921
0,0,0.45080364
1,1,0.86340576
0,0,0.40466717
0,1,0.6210819
1,1,0.69731283
0,0,0.4048742
1,1,0.86340576
0,0,0.3993632
0,0,0.4916753
0,1,0.67298603
0,0,0.39700365
1,1,0.74268323
1,1,0.81027097
0,1,0.7550278
0,1,0.7072662
0,1,0.5292191
0,1,0.65568674
0,1,0.8577747
1,1,0.7539261
0,1,0.5703537
0,0,0.4434041
1,1,0.8425082
1,1,0.6237601
0,0,0.4760498
0,1,0.5879954
1,1,0.6640831
1,1,0.8594873
0,1,0.54492986
1,1,0.7624696
0,1,0.55716026
0,0,0.39700365
0,0,0.4025039
0,0,0.4025039
0,1,0.5097555
0,1,0.68334836
1,1,0.85538626
0,1,0.5924931
0,1,0.7973383
0,0,0.39700365
1,1,0.5536685
0,1,0.56220394
0,0,0.41046438
0,1,0.67205256
0,1,0.8604622
0,1,0.82193154
0,1,0.7414195
1,1,0.8604622
0,0,0.41210175
1,1,0.8513949
0,1,0.73603964
0,1,0.5702128
1,1,0.86340576
0,1,0.60530037
1,1,0.85710365
0,1,0.6357079
0,1,0.5139448
0,1,0.5559797
0,1,0.8008703
0,0,0.39700365
0,0,0.43824112
0,0,0.43129736
0,1,0.7678167
0,1,0.58445543
0,1,0.5051252
0,0,0.47033566
1,1,0.8614984
0,0,0.44793022
0,0,0.43636966
0,0,0.4048742
0,0,0.47033566
0,0,0.48147622
1,1,0.8519124
0,0,0.433615
0,1,0.7321826
0,0,0.45772314
0,1,0.51580656
0,0,0.39700365
0,1,0.51032114
0,1,0.8005707
0,1,0.857668
0,0,0.4769063
0,1,0.69965905
0,1,0.6459484
0,0,0.47033566
0,0,0.39700365
1,1,0.7492555
1,1,0.86340576
0,1,0.62113917
1,1,0.76992476
0,0,0.39700365
0,1,0.71708906
1,1,0.8624482
0,1,0.60165656
0,1,0.7638703
0,1,0.7732332
0,1,0.5317536
0,1,0.583917
1,1,0.664811
0,1,0.597742
1,1,0.81822383
0,0,0.4434041
0,0,0.49825647
0,1,0.56261444
1,1,0.7658512
0,0,0.41295904
0,0,0.39700365
0,1,0.5861309
0,0,0.48668265
0,1,0.71559775
1,1,0.85827506
0,1,0.65874773
0,1,0.53892463
0,1,0.8007504
0,0,0.39700365
0,1,0.628664
0,1,0.7634184
0,1,0.54882723
0,1,0.5478938
1,1,0.7669764
0,1,0.55121094
0,0,0.4048482
1,1,0.8454936
0,0,0.4434041
0,1,0.6438776
0,0,0.44479656
1,1,0.8594873
0,1,0.6382128
0,0,0.39700365
0,1,0.83459574
0,1,0.6158591
0,1,0.7638179
1,1,0.86128646
0,0,0.48986644
1,1,0.86128646
0,0,0.433615
0,1,0.72277087
0,1,0.50470793
0,1,0.50615686
0,1,0.66127586
1,1,0.86340576
0,0,0.4594419
0,1,0.59403336
0,1,0.7887503
0,1,0.69047415
0,1,0.65377605
0,1,0.58662486
0,1,0.73868465
0,1,0.73045754
1,1,0.5883367
0,1,0.7165244
0,0,0.49642244
0,0,0.43462884
0,1,0.8594873
1,1,0.74876165
0,1,0.5636132
0,1,0.7778948
0,0,0.4025039
0,0,0.39700365
0,1,0.5009732
0,1,0.58168954
1,1,0.8279143
0,1,0.5090681
0,0,0.39700365
0,1,0.61716
0,0,0.39700365
0,0,0.39700365
0,0,0.4295405
0,1,0.5205078
0,0,0.39700365
0,1,0.5924481
0,0,0.40655962
0,1,0.7340789
0,0,0.49118957
1,1,0.827382
0,0,0.46673867
0,1,0.7772724
0,0,0.39700365
0,1,0.5126816
0,1,0.59287757
0,0,0.47848153
1,0,0.4434041
1,1,0.85243964
1,1,0.8624482
0,1,0.51032114
0,0,0.49131244
1,1,0.8616297
0,0,0.47278932
0,0,0.4252725
0,1,0.6917871
0,1,0.57876277
0,1,0.5870749
0,1,0.649978
0,1,0.72209644
0,1,0.6857445
0,0,0.46627623
1,1,0.8593543
0,1,0.68845785
0,0,0.47917587
0,0,0.43174645
0,0,0.49140835
0,0,0.46467498
0,0,0.39700365
0,0,0.4025039
0,1,0.678655
0,0,0.42643628
0,0,0.39700365
0,1,0.6509042
0,1,0.5003828
0,1,0.82948244
0,0,0.48668265
0,1,0.55921084
0,1,0.75437194
0,1,0.65601784
0,0,0.42799413
0,0,0.41448936
0,1,0.5936806
0,1,0.69626004
0,1,0.71539
0,1,0.6927169
0,0,0.4434041
0,0,0.43462884
0,1,0.6712027
0,1,0.7016152
0,0,0.43462884
0,1,0.7129354
0,1,0.5763008
0,0,0.43775445
0,1,0.8041021
0,1,0.81623924
0,1,0.58662486
0,1,0.82371014
0,1,0.68367815
1,1,0.5222497
1,1,0.8392488
0,1,0.63959354
0,1,0.67436576
0,1,0.5021017
0,0,0.4580857
0,1,0.7678167
0,1,0.5126816
1,1,0.5324135
0,1,0.650219
0,1,0.6355638
0,1,0.5035767
0,1,0.62840486
1,1,0.72964996
0,1,0.739422
1,1,0.82785946
0,1,0.8359696
0,1,0.8449609
0,1,0.58430886
0,0,0.44559842
0,1,0.8024654
0,0,0.45463556
0,1,0.71860427
0,1,0.5465294
0,1,0.8076961
0,1,0.7100365
1,1,0.85598505
0,1,0.64412874
0,0,0.40618917
0,1,0.5672948
0,1,0.6551064
0,0,0.45774734
1,1,0.58822185
0,1,0.5880776
0,0,0.4998169
1,1,0.5324135
0,0,0.39700365
0,0,0.4048742
0,1,0.8598336
1,1,0.5009732
0,1,0.7289207
0,1,0.6448577
0,1,0.76323164
0,1,0.78325415
0,0,0.39700365
0,0,0.42426407
0,0,0.39700365
1,1,0.86340576
1,1,0.796638
0,0,0.466055
0,1,0.52223545
0,1,0.85781515
0,0,0.433615
0,1,0.6830547
0,1,0.5723478
0,0,0.39700365
1,1,0.8568257
1,1,0.8503791
0,1,0.8203805
0,1,0.68928355
0,1,0.8215238
0,1,0.56479573
1,1,0.80186594
0,1,0.5240138
0,0,0.40701732
0,1,0.66225237
0,1,0.55193377
0,1,0.5445979
1,1,0.7780899
1,1,0.85837466
0,0,0.4434041
0,1,0.52099633
0,0,0.47033566
0,0,0.39700365
0,1,0.6985027
0,1,0.7688675
1,1,0.5850388
0,0,0.48046547
0,1,0.63160306
0,1,0.50736094
0,0,0.48401436
0,0,0.40655962
0,1,0.5460295
0,1,0.86128646
0,0,0.4142565
1,1,0.5929634
1,1,0.86340576
0,0,0.47033566
1,1,0.7747532
0,0,0.46962446
0,0,0.40888348
0,1,0.5011251
0,1,0.6786425
0,0,0.433615
0,1,0.5725842
1,1,0.83798677
0,0,0.4434041
0,0,0.47033566
0,1,0.5092524
0,0,0.41020137
0,1,0.5891851
0,1,0.7068491
0,0,0.47850752
0,0,0.48147622
1,1,0.64952785
0,0,0.40655962
1,1,0.58662486
0,0,0.433615
0,0,0.4025039
0,1,0.5857238
1,1,0.71884716
0,1,0.5009732
0,1,0.67427224
0,1,0.74142593
0,0,0.39700365
1,1,0.7553525
0,0,0.39700365
1,1,0.86340576
0,0,0.39700365
0,0,0.4252725
0,1,0.5003828
0,0,0.4048482
0,1,0.5009732
0,1,0.56111205
0,0,0.39700365
1,1,0.6957739
0,1,0.6565393
0,1,0.63700324
0,0,0.47745177
0,0,0.39700365
0,0,0.40888348
0,1,0.785071
0,1,0.7016895
0,1,0.51695997
1,1,0.86340576
1,1,0.79885876
0,1,0.78047603
1,1,0.83625555
0,1,0.86340576
0,1,0.68853146
0,0,0.433615
0,0,0.4963143
0,1,0.75055784
0,0,0.4252725
0,1,0.60868996
0,0,0.48147622
1,1,0.86340576
0,1,0.8624482
1,1,0.8603165
0,1,0.59141517
0,1,0.8332477
1,1,0.7466171
0,0,0.39700365
0,1,0.6098299
0,0,0.4434041
0,0,0.4025039
0,0,0.39700365
1,1,0.85562366
1,1,0.8492966
0,0,0.47033566
0,0,0.41985378
0,1,0.81798303
1,1,0.5021017
0,1,0.82035565
0,1,0.8019024
1,1,0.7218019
1,1,0.67700243
0,1,0.5240138
0,1,0.5472634
0,1,0.65877587
0,1,0.72078574
0,0,0.48709166
0,1,0.78092504
1,1,0.76941395
0,0,0.41560104
0,0,0.40349686
1,1,0.86340576
0,0,0.40701732
0,1,0.5028546
0,1,0.50864446
0,1,0.50670344
0,1,0.6265716
1,1,0.7115819
0,0,0.47912344
0,1,0.53505635
0,0,0.4048482
0,0,0.49140835
1,1,0.84801394
0,1,0.70410925
0,1,0.566953
0,1,0.66138643
0,1,0.8241843
0,1,0.8202149
0,1,0.63310206
0,0,0.39700365
0,1,0.6438776
0,0,0.40655962
0,1,0.65806127
0,1,0.6631012
0,0,0.404643
1,1,0.85243964
0,1,0.5636132
1,1,0.86128646
0,1,0.5222497
0,1,0.7242625
0,0,0.4225798
0,0,0.4025039
0,0,0.433615
0,1,0.6196047
0,0,0.40655962
1,1,0.749957
1,0,0.49131244
0,0,0.4570243
0,1,0.7807804
0,1,0.56470376
0,1,0.5832698
0,1,0.7843859
0,1,0.747974
0,0,0.42044696
1,1,0.6844553
0,0,0.41325542
0,0,0.39700365
0,0,0.40655962
0,0,0.39700365
0,1,0.8238388
1,1,0.85582495
0,0,0.40655962
1,1,0.7988566
1,1,0.6620895
0,1,0.5035767
0,1,0.50615686
0,1,0.82295763
0,1,0.55677843
0,0,0.4993137
1,1,0.8526365
0,0,0.43462884
0,1,0.62608886
0,0,0.39700365
0,0,0.39700365
0,1,0.7762877
0,0,0.4769063
0,0,0.4025039
0,1,0.55755967
1,1,0.86067516
0,0,0.4582057
0,1,0.7069985
0,1,0.64799273
0,1,0.5461522
1,1,0.6915096
0,0,0.4993137
0,1,0.554725
0,0,0.47850752
0,0,0.47912344
0,1,0.831789
0,1,0.594039
0,1,0.8520615
0,1,0.73566455
0,1,0.8600132
0,1,0.76518
0,1,0.8001455
0,0,0.39700365
0,1,0.5844421
0,0,0.39700365
1,1,0.84599996
0,0,0.39700365
0,0,0.44442287
0,1,0.5680187
0,0,0.433615
1,0,0.41448936
0,1,0.7545221
0,1,0.7203664
0,1,0.77600044
0,0,0.41020137
1,1,0.76446545
0,1,0.5536685
0,0,0.40655962
0,1,0.5573379
0,1,0.74728274
0,1,0.5763008
0,1,0.6648833
0,1,0.5594854
0,1,0.68107367
1,1,0.75923824
1,1,0.8556154
0,0,0.49709728
0,0,0.39700365
1,1,0.8590547
0,0,0.41210175
0,1,0.5737707
0,0,0.45926756
0,0,0.47993252
0,1,0.8624482
0,1,0.75237906
0,1,0.748552
0,1,0.59555596
0,0,0.40655962
0,0,0.44648403
1,1,0.8593543
0,1,0.7243474
0,1,0.55987245
0,0,0.42157307
0,0,0.4252725
0,1,0.5011251
1,1,0.70423627
0,1,0.5239291
1,1,0.8624482
0,0,0.39700365
0,1,0.8323109
0,1,0.7183307
0,0,0.3993632
0,1,0.7513779
0,0,0.40655962
0,1,0.53505635
0,0,0.4025039
0,1,0.6329974
0,0,0.4442566
0,1,0.5023044
0,1,0.58110803
0,1,0.56470376
1,1,0.7476687
0,0,0.49015817
0,0,0.49874887
0,0,0.4691294
0,1,0.7833173
0,0,0.39700365
0,1,0.50736094
0,1,0.6329974
0,0,0.4144905
0,0,0.4025039
0,1,0.5280682
1,1,0.5997271
0,1,0.6334976
0,1,0.6903487
0,0,0.4048742
0,1,0.6324269
0,1,0.7340789
0,0,0.44496292
0,0,0.39700365
0,1,0.54225004
0,1,0.71367896
0,0,0.48147622
0,1,0.5540464
0,1,0.5983822
1,1,0.8238388
1,1,0.8551462
0,0,0.43930906
0,1,0.5763008
0,0,0.42519817
0,0,0.48709714
0,1,0.5472634
0,0,0.42643628
1,1,0.575437
0,0,0.43462884
0,0,0.39700365
0,1,0.85562366
0,1,0.60654277
1,1,0.8594873
0,1,0.62104595
1,1,0.8475665
0,1,0.7118111
1,1,0.7778948
1,1,0.8501289
1,1,0.62444204
0,1,0.7016152
1,1,0.8543908
0,1,0.74109066
0,0,0.4025039
0,0,0.40655962
0,1,0.7272583
0,1,0.6476265
0,1,0.60382676
0,0,0.4769063
0,0,0.4909012
0,1,0.52696276
0,1,0.5651562
0,0,0.4025039
0,1,0.5850978
1,1,0.6846001
0,0,0.41210175
0,0,0.44914907
0,1,0.55109
0,0,0.39700365
1,0,0.48737898
1,1,0.6077548
0,0,0.43516624
0,1,0.8190043
0,1,0.5891851
0,0,0.46692118
0,1,0.5460295
0,1,0.5918644
0,0,0.39700365
0,0,0.40988138
1,1,0.76284176
0,1,0.7637661
0,0,0.42161378
0,1,0.7657573
0,1,0.5324135
0,0,0.48577768
0,1,0.7417893
0,1,0.50663704
0,0,0.48156887
0,0,0.4340039
0,1,0.7683588
0,1,0.50856596
1,1,0.8568257
0,0,0.39700365
1,1,0.8569261
0,1,0.6387967
0,1,0.55874294
0,0,0.3993632
0,1,0.6873336
0,1,0.66563123
0,0,0.40655962
0,0,0.39700365
0,1,0.768943
0,1,0.7768072
1,1,0.8169012
0,0,0.39700365
0,0,0.4442566
0,1,0.7003231
0,1,0.7837336
0,1,0.51165044
0,0,0.43930906
0,1,0.5035767
1,1,0.51230764
0,1,0.64973783
0,1,0.77019083
0,1,0.5930073
0,0,0.47074342
0,1,0.6642245
0,1,0.64701664
1,1,0.8609282
1,1,0.8279143
1,1,0.5139448
0,1,0.8390783
0,1,0.58488107
0,1,0.8392488
0,1,0.53043133
0,0,0.3993632
0,1,0.57674676
1,1,0.8146549
0,0,0.46925023
0,1,0.5636132
1,1,0.826647
0,1,0.8578499
0,0,0.4287061
0,0,0.39700365
0,0,0.39700365
0,1,0.75636923
0,0,0.4025039
0,1,0.71930045
0,1,0.64115304
0,0,0.39700365
0,0,0.39700365
0,1,0.6857445
0,0,0.4442566
0,0,0.45718044
0,1,0.7807804
0,0,0.44479656
0,1,0.50506806
0,1,0.69848377
0,1,0.5062868
0,1,0.8593543
0,0,0.49140835
0,1,0.5850978
0,0,0.4582057
0,1,0.71337795
0,0,0.39700365
0,0,0.405869
0,1,0.8611498
1,1,0.86128646
0,1,0.85810345
0,1,0.75362056
0,1,0.7958294
1,1,0.81822383
0,0,0.4025039
1,1,0.5566459
0,0,0.4048742
0,0,0.39700365
0,0,0.433615
0,0,0.4048742
0,0,0.40988138
0,0,0.4275045
0,1,0.60898465
0,1,0.594039
0,1,0.8567403
1,1,0.86340576
0,0,0.41860607
0,0,0.3993632
0,0,0.39700365
0,0,0.46780315
0,1,0.50615686
1,1,0.7393484
0,1,0.74674183
0,1,0.7003966
0,0,0.4252725
0,1,0.51230764
0,1,0.7016152
0,1,0.85158354
0,0,0.39700365
0,1,0.68842596
0,0,0.3993632
0,0,0.4048742
0,1,0.7181697
0,0,0.43462884
0,0,0.433615
0,0,0.40335494
0,1,0.5763008
0,1,0.5583175
1,1,0.7431068
0,1,0.6492598
0,1,0.5787423
1,1,0.73184115
0,1,0.5883367
0,1,0.5763008
1,1,0.86340576
0,1,0.7563975
0,0,0.48044586
0,1,0.5961637
0,1,0.6380817
0,0,0.43516624
0,1,0.5029399
0,1,0.7847971
0,1,0.8609282
0,1,0.6964955
1,1,0.75278616
0,0,0.43462884
0,0,0.4025039
0,1,0.6456158
1,1,0.8165301
0,0,0.43462884
0,1,0.7727515
0,1,0.5233653
0,0,0.43501797
0,0,0.45347562
1,1,0.8614984
0,1,0.6969782
0,1,0.600745
0,0,0.433615
0,1,0.70022166
0,1,0.6766961
1,1,0.80776113
0,1,0.5012514
0,1,0.50409454
0,1,0.8594873
0,0,0.45463556
0,1,0.5930073
0,1,0.6457627
1,0,0.41210175
0,0,0.405869
1,1,0.7003231
0,0,0.45900467
0,1,0.82216346
1,1,0.6364256
0,0,0.41953158
0,0,0.39700365
1,1,0.79103684
0,0,0.48147622
0,0,0.39700365
0,1,0.5556057
0,1,0.8497469
1,1,0.73077875
0,0,0.4025039
1,1,0.68936634
0,1,0.5498845
0,0,0.48147622
0,0,0.3993632
0,1,0.7319596
0,0,0.3993632
1,1,0.85837466
1,1,0.8594873
0,0,0.40699127
1,1,0.82592726
0,1,0.8614984
0,1,0.6627103
1,1,0.8604622
0,1,0.66562784
0,1,0.6627103
0,1,0.6855323
0,0,0.47493792
0,1,0.5628971
0,1,0.51803297
0,0,0.433615
0,0,0.4769063
0,0,0.4442566
0,1,0.5011251
0,0,0.48676115
0,1,0.5294357
0,1,0.5105144
0,1,0.6212993
0,0,0.43930906
0,0,0.43930906
0,1,0.6421018
0,0,0.433615
0,1,0.5673915
0,0,0.39700365
0,1,0.8513949
1,1,0.85619026
0,1,0.6265716
0,0,0.39700365
0,1,0.61800015
0,1,0.85598505
0,1,0.531389
0,0,0.49140835
0,1,0.78856814
0,1,0.5015727
0,0,0.49149117
0,0,0.39700365
1,1,0.8624482
0,1,0.63034636
0,0,0.4252725
0,0,0.45250914
0,0,0.39700365
0,1,0.60022354
1,1,0.81646484
0,0,0.4993137
0,1,0.6634877
0,1,0.6123659
0,0,0.49484685
0,0,0.48275736
0,1,0.54878646
1,1,0.8249944
0,1,0.81191117
0,1,0.5490826
1,1,0.8425011
0,0,0.40655962
0,1,0.637422
0,0,0.48147622
0,1,0.67837715
0,1,0.62608886
0,0,0.40655962
0,0,0.41867486
0,1,0.5986052
1,1,0.8593543
0,1,0.6357079
0,0,0.47340575
0,1,0.56470376
1,1,0.8614984
1,1,0.8630521
0,0,0.433615
0,1,0.83798677
0,1,0.6360073
0,0,0.46050414
0,0,0.47033566
0,1,0.6460346
1,1,0.7283376
0,1,0.82749057
0,0,0.41210175
0,0,0.39700365
0,1,0.67735255
1,1,0.8249944
0,1,0.5594854
0,0,0.40655962
0,1,0.6201469
0,1,0.5767904
0,0,0.433615
0,1,0.6822832
0,1,0.57414997
0,1,0.634679
0,1,0.6196673
0,1,0.7642354
0,0,0.3993632
0,0,0.4252725
0,0,0.39700365
1,1,0.84509516
1,1,0.86010206
0,1,0.76814795
0,1,0.7096017
0,0,0.40655962
0,0,0.42426407
1,0,0.40655962
0,0,0.39700365
0,1,0.82371014
0,0,0.3993632
0,1,0.8066145
0,1,0.766534
0,0,0.39700365
0,0,0.47912344
1,1,0.85339576
0,1,0.5650857
0,1,0.76205516
0,1,0.64504194
0,1,0.68543583
0,0,0.39700365
0,1,0.75082266
0,0,0.41210175
1,1,0.85745364
1,1,0.85837466
0,0,0.42426407
0,1,0.5637055
1,1,0.8080709
0,0,0.43839476
0,1,0.6438776
0,1,0.6556693
0,1,0.70447737
0,1,0.8598819
0,1,0.62926364
0,0,0.4434041
0,1,0.85771704
0,0,0.4025039
0,1,0.64073515
0,0,0.39700365
0,1,0.55011356
0,0,0.43462884
0,0,0.492344
1,0,0.4361882
1,1,0.5746475
0,0,0.39700365
0,0,0.48147622
0,1,0.8494665
0,1,0.74014395
0,1,0.5066985
0,0,0.41953158
0,1,0.6800469
0,1,0.5432701
0,0,0.44161952
1,1,0.6980154
0,0,0.4025039
0,0,0.42374164
0,1,0.5011251
0,1,0.8031719
0,1,0.52233434
0,1,0.76814795
0,0,0.4295405
0,0,0.39700365
0,0,0.4059956
0,0,0.4582273
0,0,0.39700365
0,1,0.7745862
0,0,0.47912344
0,0,0.49140835
0,0,0.45632958
0,1,0.57363385
0,0,0.4025039
0,0,0.4048742
1,1,0.8626464
0,0,0.43462884
0,1,0.53945327
0,1,0.84746915
0,1,0.67402285
0,1,0.67956716
1,1,0.8604622
0,1,0.7141268
1,1,0.86340576
0,0,0.4188071
0,1,0.6148082
0,1,0.6928143
1,1,0.8588544
0,1,0.57828957
0,1,0.717156
0,1,0.68827486
0,1,0.75311667
0,0,0.48147622
0,1,0.54749095
0,1,0.5763008
0,1,0.7698707
0,1,0.6872318
0,0,0.41867486
0,1,0.5629789
1,1,0.857668
0,0,0.48709166
0,0,0.4048482
0,0,0.48147622
0,1,0.84891623
0,1,0.7615165
0,0,0.4269843
0,0,0.40701732
0,0,0.39700365
0,0,0.43462884
0,1,0.54492986
1,1,0.80946594
0,0,0.39700365
0,0,0.47278932
0,1,0.6779369
0,1,0.80637014
0,0,0.40335494
0,1,0.52956355
0,0,0.41867486
0,0,0.39700365
0,0,0.40655962
0,1,0.52473664
0,1,0.5735257
0,1,0.70889693
1,1,0.8593543
0,1,0.5126816
0,1,0.5559797
0,1,0.50050366
0,1,0.56111205
0,1,0.8156221
0,0,0.43516624
0,1,0.52123016
0,1,0.60868996
0,1,0.63700324
0,0,0.47033566
0,1,0.5808512
0,0,0.4614398
0,0,0.4434041
0,1,0.5131038
0,1,0.5009732
0,0,0.49897736
0,1,0.62525487
0,0,0.43516624
0,1,0.7634184
1,1,0.8614984
0,0,0.39700365
1,1,0.86340576
0,0,0.41020137
1,1,0.5822776
0,1,0.5139448
0,1,0.58488107
0,1,0.7368294
0,1,0.63034636
0,1,0.6908826
1,1,0.6810156
0,0,0.484572
0,0,0.4146022
0,1,0.57516
0,1,0.58662486
0,1,0.56470376
0,0,0.3993632
0,0,0.4252725
0,0,0.433615
0,1,0.86010206
1,1,0.65010905
0,0,0.41120023
0,1,0.56874716
0,1,0.5465548
0,0,0.40655962
0,0,0.39700365
1,1,0.8596195
0,0,0.40335494
0,1,0.7601868
1,1,0.6278199
0,1,0.51426876
0,1,0.63038605
0,0,0.40655962
0,1,0.66826695
0,1,0.68279487
0,0,0.40335494
0,1,0.78974944
0,1,0.6629424
0,1,0.7569906
0,1,0.8187687
0,0,0.43876654
0,0,0.39700365
0,1,0.56392854
0,0,0.41687474
0,0,0.43579882
0,1,0.56470376
0,1,0.55322295
1,1,0.8624482
0,1,0.5978178
0,0,0.39700365
0,1,0.8044054
1,1,0.8593543
0,0,0.41448936
0,1,0.50124925
0,0,0.4048742
0,1,0.5897893
0,0,0.47033566
1,1,0.8292205
0,0,0.4594419
0,1,0.7760649
0,0,0.40888348
1,1,0.5680187
0,0,0.4580857
0,0,0.45578718
0,1,0.5723478
0,1,0.64593977
1,1,0.50050366
0,0,0.47912344
0,1,0.5650797
0,1,0.6525077
0,1,0.7964406
0,1,0.6110796
1,0,0.39700365
0,1,0.5680187
0,0,0.4025039
0,0,0.48334655
0,0,0.46950403
0,1,0.60374045
0,1,0.7531319
0,0,0.39700365
0,1,0.8024654
0,0,0.39700365
0,1,0.5447025
0,1,0.504511
0,0,0.4963143
0,1,0.6347568
0,1,0.5364565
0,1,0.50050366
0,0,0.44442287
0,0,0.433615
0,0,0.39700365
0,1,0.58110803
0,0,0.4500511
0,0,0.40655962
0,1,0.5704261
0,0,0.39700365
0,1,0.75862586
1,1,0.7807804
0,0,0.4174481
1,0,0.42799413
0,1,0.5182217
0,0,0.40466717
0,0,0.42157307
0,1,0.5881496
1,1,0.81159246
0,0,0.39700365
0,1,0.62460345
0,1,0.5324135
1,1,0.83744955
0,0,0.39700365
1,1,0.84964585
0,1,0.6748666
0,1,0.5267321
0,0,0.43462884
0,0,0.44914907
0,0,0.42374164
0,1,0.5074435
0,0,0.40888348
1,0,0.4795363
0,1,0.68728286
0,0,0.4361882
0,1,0.51556116
0,0,0.39700365
0,1,0.7960017
1,1,0.8425082
0,1,0.6907957
0,1,0.77602756
1,1,0.7542802
0,1,0.7215463
0,1,0.6373162
0,0,0.43462884
0,0,0.405843
0,1,0.6650483
0,1,0.60732126
1,1,0.79480237
0,0,0.49154115
0,1,0.8374728
0,1,0.8593543
0,0,0.39700365
0,1,0.71488744
0,1,0.54055613
0,1,0.6773088
0,0,0.47912344
0,1,0.73387164
0,0,0.44442287
0,1,0.6590247
0,0,0.3993632
0,0,0.405869
0,1,0.83927375
0,1,0.53527266
1,1,0.8614029
0,1,0.53251916
0,0,0.49154115
0,0,0.44772413
0,0,0.47033566
0,1,0.67694604
1,1,0.7973383
0,0,0.4993137
0,0,0.39700365
0,1,0.5051252
0,0,0.39700365
0,0,0.43462884
0,1,0.6355688
0,1,0.5573379
0,0,0.45632958
1,1,0.86340576
0,1,0.5088337
0,1,0.68954074
0,1,0.8187514
0,0,0.39700365
0,0,0.40335494
0,0,0.39700365
0,1,0.58810955
0,1,0.6721548
0,0,0.4225798
0,1,0.5960066
0,1,0.8229917
0,1,0.76814795
0,0,0.4361882
0,1,0.7224616
1,1,0.7838959
0,0,0.4025039
0,0,0.45909628
0,1,0.60157377
0,1,0.76409817
1,1,0.85837466
0,0,0.39700365
1,1,0.86340576
0,0,0.4680912
0,1,0.66004455
0,0,0.42426407
0,1,0.6866486
0,0,0.40655962
0,1,0.7256
1,1,0.784186
0,0,0.42799413
0,1,0.58943146
0,1,0.64252615
0,0,0.4423617
1,1,0.86340576
1,1,0.85210013
0,1,0.7980524
0,1,0.62460345
1,1,0.55755967
1,1,0.71261996
0,0,0.39700365
0,0,0.4826646
0,1,0.7089035
1,1,0.85837466
0,0,0.47745177
0,0,0.42021233
0,1,0.52956355
0,1,0.5840593
0,1,0.5939096
0,1,0.6483601
0,1,0.8552988
0,1,0.6774384
0,1,0.6610426
0,1,0.78155905
0,1,0.58999294
1,1,0.6406411
1,1,0.8614029
0,0,0.3993632
0,1,0.54720014
0,0,0.433615
0,1,0.8609282
0,1,0.59555596
0,1,0.789753
0,1,0.67436576
0,1,0.6435654
1,1,0.8426117
0,1,0.81191117
0,0,0.4340039
0,0,0.39700365
0,1,0.7748731
0,1,0.5364565
0,0,0.43579882
0,1,0.69577914
0,1,0.75018233
0,1,0.82384443
0,0,0.4025039
1,1,0.5472355
1,1,0.7064953
0,0,0.39700365
1,1,0.86340576
1,0,0.46843904
0,0,0.4185269
0,1,0.55162185
0,1,0.5222497
0,1,0.7012127
0,1,0.5504413
0,1,0.5283776
0,0,0.44442287
0,0,0.4570243
1,1,0.7512115
0,0,0.40988138
0,0,0.4025039
1,0,0.45102516
0,1,0.80537933
0,1,0.51230764
0,1,0.7593602
1,1,0.757088
0,0,0.39700365
0,0,0.47033566
0,0,0.3993632
0,1,0.5881496
0,0,0.39700365
0,0,0.44969013
1,1,0.851251
0,1,0.6293018
1,1,0.86340576
0,1,0.8021904
0,1,0.53527266
0,0,0.40655962
1,1,0.86340576
0,0,0.42762053
0,0,0.39700365
0,1,0.5818526
1,1,0.8249944
0,0,0.433615
1,1,0.8479301
0,1,0.6430537
0,1,0.6110796
0,1,0.86340576
0,0,0.41210175
0,1,0.56745684
0,1,0.7624747
0,1,0.6460346
0,1,0.8542261
1,1,0.77085173
0,1,0.5472634
0,0,0.4199661
0,0,0.48895666
0,1,0.69830453
0,0,0.39700365
0,0,0.39700365
0,1,0.6514779
1,1,0.8603165
0,0,0.40888348
0,1,0.8426117
0,1,0.5490145
0,0,0.40655962
0,0,0.3993632
0,1,0.7683588
0,1,0.7359993
0,0,0.433615
0,0,0.39700365
0,1,0.8159816
0,1,0.6712152
0,1,0.7387388
0,1,0.583356
1,1,0.8404697
1,1,0.81340617
0,0,0.39700365
1,1,0.5759791
0,1,0.75210744
0,0,0.40364918
0,0,0.3993632
1,1,0.8614984
0,1,0.7580734
0,1,0.5629789
0,1,0.587148
0,1,0.7138354
0,1,0.64021826
0,1,0.6069715
1,0,0.47033566
1,1,0.8564353
1,1,0.58414763
0,1,0.61680293
0,1,0.8117054
0,1,0.6557682
1,0,0.405869
0,1,0.5637055
1,1,0.8604622
0,0,0.48275736
0,0,0.43462884
0,0,0.40655962
0,1,0.7040032
0,1,0.53251916
1,1,0.8045904
0,0,0.4380804
0,1,0.7280749
0,1,0.85175127
1,1,0.7029853
0,0,0.4025039
1,1,0.8584387
0,0,0.41867486
0,0,0.40655962
0,1,0.70134294
0,0,0.433615
1,1,0.8269315
0,1,0.66932935
0,0,0.4178029
0,0,0.42029014
0,1,0.70997137
0,0,0.39700365
0,1,0.5833779
0,1,0.8203805
0,1,0.59697944
0,0,0.4025039
0,1,0.6342798
1,1,0.8603165
0,1,0.5891851
0,0,0.42201993
0,0,0.39700365
0,1,0.7224616
0,0,0.40655962
0,0,0.43462884
0,0,0.45772314
0,0,0.48717892
0,1,0.6775945
0,0,0.484572
0,1,0.6407672
0,0,0.43930906
0,0,0.4142808
1,1,0.86340576
0,1,0.7562471
0,1,0.62078094
0,1,0.5787762
0,0,0.39700365
0,0,0.4500511
0,1,0.5305551
0,0,0.44924027
1,1,0.73341405
0,1,0.6621114
0,1,0.7078809
0,1,0.81428456
0,1,0.51799047
0,1,0.5969376
0,0,0.39700365
0,1,0.6590152
0,0,0.433615
0,1,0.66303813
0,0,0.40699127
1,1,0.6604163
0,1,0.8603165
0,0,0.39700365
0,1,0.6148082
0,1,0.8585204
1,1,0.8630521
0,1,0.5051252
0,0,0.41020137
0,1,0.67206186
0,0,0.4449242
0,1,0.62732005
0,0,0.4380804
0,1,0.54547143
1,1,0.6158364
0,0,0.4025039
0,1,0.50736094
0,1,0.53892463
0,1,0.63179165
0,1,0.5777332
0,1,0.5122625
0,1,0.80442953
0,1,0.5687088
0,1,0.79871774
0,0,0.40655962
1,1,0.7055748
0,1,0.7324733
0,1,0.77602756
0,0,0.43650204
0,0,0.45102516
0,0,0.433615
0,1,0.51580656
0,1,0.75241065
0,0,0.4561124
0,1,0.8256014
1,1,0.86340576
0,0,0.40466717
0,1,0.65400994
0,1,0.7841309
1,1,0.86340576
0,1,0.53751975
0,1,0.7531896
0,1,0.68902075
0,0,0.48737898
1,1,0.5605818
0,0,0.39700365
1,1,0.86128646
0,0,0.40349686
0,1,0.5495276
0,0,0.43462884
1,1,0.6866486
0,1,0.62373704
0,0,0.42061362
1,1,0.84022367
0,1,0.8160868
1,1,0.8249944
0,1,0.5035767
0,1,0.701947
0,1,0.52696276
0,1,0.6945564
1,1,0.81228954
0,1,0.8587997
1,1,0.86340576
1,1,0.733867
1,1,0.8578499
0,1,0.6919027
0,0,0.40655962
0,1,0.55249196
1,1,0.86340576
0,0,0.40655962
0,1,0.70562834
1,1,0.6662382
0,1,0.5785317
1,1,0.86340576
1,1,0.79108745
0,0,0.45603466
0,1,0.76319873
0,1,0.51310045
0,1,0.7010287
0,1,0.6265716
0,1,0.5287823
1,1,0.65317017
0,1,0.5153765
0,0,0.4769063
0,1,0.69987947
0,1,0.5423479
0,1,0.73302454
0,0,0.4798676
0,0,0.47136375
1,1,0.77974504
0,0,0.40888348
0,0,0.48158124
0,1,0.57640815
1,1,0.8249944
0,0,0.44066665
0,1,0.59800786
0,1,0.59141517
1,1,0.86128646
0,1,0.61358476
0,0,0.433615
1,1,0.7336267
0,1,0.79403245
0,0,0.42426407
0,1,0.72615486
0,1,0.71808296
0,0,0.47340575
0,1,0.52888393
1,1,0.7631468
0,0,0.40988138
0,0,0.4025039
0,1,0.85175127
0,0,0.4295405
0,1,0.86340576
0,1,0.7945449
0,1,0.6245244
1,0,0.39700365
0,0,0.4963143
0,1,0.5595914
0,1,0.79644156
0,1,0.77026105
0,0,0.39700365
0,1,0.68996024
0,0,0.4199661
0,0,0.40655962
0,0,0.4434041
0,0,0.44648403
1,1,0.59901035
0,0,0.433615
0,0,0.4500511
1,1,0.8547588
1,1,0.8577747
0,1,0.6245244
0,0,0.48147622
0,0,0.4025039
0,1,0.53730357
0,0,0.43462884
1,1,0.86340576
1,1,0.7169604
1,1,0.53251916
1,1,0.84971905
0,0,0.41210175
0,0,0.49348632
0,0,0.40655962
0,1,0.5011251
0,1,0.7877361
1,1,0.86128646
0,1,0.5832054
0,0,0.47848153
0,0,0.43462884
0,1,0.5015727
0,1,0.79384595
0,1,0.6801065
0,0,0.48841012
0,0,0.39700365
0,0,0.39700365
0,1,0.6971597
0,0,0.39700365
0,0,0.44787225
0,0,0.46950403
0,0,0.48156887
0,1,0.64848584
0,1,0.8497469
0,1,0.5017483
0,1,0.80711937
1,1,0.7807804
0,0,0.41210175
0,1,0.5527186
0,0,0.4089374
0,0,0.39700365
0,1,0.8614984
0,0,0.40655962
0,0,0.39700365
0,0,0.41295904
0,0,0.40655962
0,0,0.40699127
1,1,0.7056078
0,0,0.4048742
0,0,0.42799413
0,1,0.8487642
0,1,0.7807804
1,1,0.85243964
0,1,0.6235211
0,1,0.63179165
1,1,0.8092917
1,1,0.85443974
0,0,0.41235313
0,0,0.40466717
0,0,0.41867486
0,1,0.5283776
0,1,0.8332477
0,0,0.46062425
0,0,0.39700365
0,1,0.7286083
0,1,0.63563216
0,1,0.6306161
0,1,0.7841984
0,1,0.5455435
0,0,0.4295405
0,1,0.7277126
1,1,0.73072344
0,0,0.4025039
1,1,0.775944
0,1,0.5933453
0,0,0.41210175
0,0,0.43462884
1,1,0.8031719
0,1,0.5335187
0,1,0.6691246
0,1,0.86128646
0,0,0.433615
0,1,0.595098
0,1,0.691112
0,0,0.4434041
0,0,0.49761236
0,0,0.45770636
0,0,0.41644484
1,1,0.8556154
0,1,0.5644861
0,1,0.8535917
0,1,0.5062537
0,1,0.7807804
0,1,0.8268427
0,0,0.4025039
0,1,0.69839084
1,1,0.71433467
0,1,0.76248837
0,1,0.58445543
1,1,0.6800469
0,0,0.40655962
0,1,0.80045617
1,1,0.86340576
0,0,0.39700365
0,1,0.6899933
0,1,0.5741221
0,1,0.62826544
0,0,0.41599372
0,0,0.4340039
0,1,0.6190782
0,1,0.5324135
1,1,0.84246874
1,1,0.81355345
0,0,0.433615
0,1,0.7871622
0,1,0.83531374
0,0,0.478292
0,1,0.53945327
0,1,0.5760699
0,1,0.73018134
0,1,0.5432701
0,0,0.47340575
0,1,0.5560932
0,1,0.5478938
0,1,0.81665957
1,1,0.61013114
1,1,0.6522491
0,1,0.50050366
0,1,0.5850388
0,0,0.4295405
0,1,0.7270243
0,0,0.4852737
0,0,0.48668265
0,1,0.75670433
0,0,0.42157307
0,0,0.40655962
1,1,0.68671644
0,0,0.4089374
0,1,0.50057733
0,1,0.6159032
1,1,0.8546056
0,1,0.8609282
0,1,0.7028527
0,0,0.41210175
0,0,0.44787225
0,1,0.7091479
0,0,0.40655962
0,0,0.4048742
0,1,0.81325006
0,0,0.42426407
0,1,0.54899216
0,1,0.7092857
0,1,0.7072662
0,1,0.7496479
0,1,0.5687508
1,1,0.83554816
0,1,0.6376149
0,0,0.41210175
1,1,0.8488354
0,1,0.80959845
0,0,0.405843
1,1,0.86026347
0,0,0.48044586
0,1,0.6253696
0,1,0.5392084
1,1,0.83221704
1,1,0.8616297
0,0,0.39700365
0,1,0.6560648
0,1,0.59555596
1,0,0.42021233
0,1,0.7562463
0,1,0.51803297
0,0,0.39700365
0,0,0.4142808
0,1,0.7398542
0,0,0.40655962
1,1,0.67225075
0,0,0.39700365
0,1,0.6841751
0,0,0.49015817
0,1,0.557011
0,1,0.73362666
0,1,0.54547143
0,0,0.39700365
0,0,0.39700365
0,0,0.47033566
0,1,0.8584387
1,0,0.42157307
0,1,0.68000686
0,1,0.67691374
0,1,0.8517175
1,1,0.7029885
0,1,0.50670344
0,1,0.6413701
0,0,0.40888348
0,0,0.47190884
0,0,0.48044586
0,0,0.4025039
1,1,0.8581867
1,1,0.59675866
0,0,0.44806287
0,1,0.8547175
0,1,0.7794658
1,0,0.4744004
0,0,0.39700365
0,0,0.39700365
0,0,0.4483766
0,1,0.6089243
0,1,0.73653233
1,1,0.81456137
1,1,0.8557435
0,0,0.4434041
0,0,0.433615
0,1,0.52766395
0,1,0.51044196
0,1,0.86340576
0,1,0.6985043
0,1,0.68995863
0,1,0.84173626
0,0,0.4252725
0,1,0.6036021
0,0,0.39700365
0,1,0.64848584
0,1,0.632786
0,0,0.49015817
0,1,0.53637695
0,0,0.41120023
0,1,0.68623185
0,1,0.66019547
0,0,0.41020137
1,1,0.7039923
0,0,0.40655962
0,0,0.42029014
0,0,0.48147622
0,1,0.6055217
1,1,0.7550134
0,1,0.6413701
1,1,0.8429159
0,1,0.5594854
0,1,0.505388
0,1,0.77631366
1,0,0.49140835
1,1,0.849773
0,1,0.53043133
0,1,0.6836572
0,1,0.813312
0,1,0.7544744
0,1,0.5881496
0,1,0.6738158
1,1,0.8590547
1,1,0.85899574
0,1,0.5779061
0,1,0.7110772
0,1,0.544483
0,0,0.4025039
0,0,0.4025039
0,0,0.49750423
0,1,0.8246485
0,0,0.433615
0,1,0.6342281
0,0,0.48841012
0,1,0.8526931
0,0,0.41020137
0,1,0.50050366
0,0,0.4731538
0,1,0.60108453
1,1,0.5472634
0,1,0.74243486
0,1,0.54852873
0,1,0.5691009
0,1,0.638205
1,1,0.8547967
0,1,0.8101603
0,1,0.54899216
0,0,0.41581368
0,0,0.49363732
0,1,0.64252615
0,1,0.66652584
0,1,0.55162185
0,1,0.73305887
1,1,0.79759926
0,1,0.55087596
0,0,0.41020137
0,1,0.5035767
1,1,0.86340576
0,0,0.41325542
0,0,0.42838177
0,1,0.58742315
0,1,0.80263114
1,1,0.7395029
0,1,0.6226459
0,0,0.39700365
1,1,0.7327954
0,1,0.75500786
1,1,0.8021038
1,1,0.82371014
0,1,0.5405525
0,1,0.6658894
0,1,0.5726174
0,1,0.66105217
1,1,0.8509449
0,1,0.51165044
0,1,0.8598336
0,0,0.49140835
0,0,0.40655962
1,1,0.86340576
0,0,0.4769063
1,1,0.7878125
0,1,0.559097
1,1,0.7637559
1,1,0.7752078
0,1,0.6972033
1,1,0.8509396
0,1,0.65697145
1,1,0.857668
0,0,0.4425247
0,0,0.40888348
0,1,0.6956644
1,1,0.7724041
1,1,0.86340576
0,1,0.5281139
0,0,0.42762053
0,0,0.39700365
0,0,0.39700365
0,0,0.4946675
1,1,0.8162235
1,1,0.8495334
0,1,0.53018284
0,1,0.72969705
0,0,0.39700365
0,0,0.4025039
0,1,0.7448411
0,1,0.5483342
0,1,0.51301414
1,1,0.80081713
0,1,0.5217951
0,0,0.4089374
1,1,0.73113894
0,0,0.42021233
0,1,0.60065955
0,1,0.6687875
1,1,0.854028
0,1,0.55031383
0,1,0.54349774
0,0,0.41020137
0,1,0.5340789
0,1,0.5051252
1,1,0.85412663
0,1,0.71798635
0,1,0.8185714
0,1,0.6036509
0,1,0.5691066
0,0,0.41644484
1,1,0.81326187
0,0,0.40655962
0,0,0.39700365
0,1,0.6984289
1,1,0.66770554
0,1,0.57946324
0,0,0.4048742
0,0,0.4025039
0,0,0.43930906
0,1,0.85836023
0,1,0.64406925
0,0,0.4142808
1,1,0.8349013
0,0,0.44890824
0,1,0.7398003
1,1,0.6460278
0,1,0.71895933
0,0,0.41867486
0,0,0.39700365
0,0,0.39700365
0,1,0.53527266
0,0,0.39700365
0,0,0.49131244
1,1,0.8594873
0,1,0.505388
1,1,0.77854383
0,0,0.47103736
1,1,0.77602756
1,1,0.7807804
0,1,0.72199285
0,1,0.75011665
0,1,0.56470376
0,0,0.48147622
0,0,0.4835413
0,1,0.7791188
0,0,0.39700365
0,1,0.6020539
0,0,0.39700365
0,1,0.58389133
0,1,0.54274553
0,1,0.59612805
1,1,0.8593543
0,1,0.59452546
0,1,0.82808065
1,1,0.8031093
0,0,0.3993632
0,0,0.433615
0,1,0.52830577
0,0,0.48720512
0,1,0.6811936
0,1,0.656007
1,1,0.8031125
0,1,0.50670344
0,1,0.68781453
0,0,0.48147622
0,1,0.82051235
0,1,0.51165044
0,1,0.7035997
1,1,0.8597218
0,1,0.5768413
0,1,0.72571176
0,1,0.69877315
0,0,0.3993632
0,0,0.39700365
0,0,0.40655962
0,1,0.6786425
0,1,0.67963177
0,1,0.70386046
0,1,0.6413294
0,0,0.41575792
0,1,0.7053669
1,1,0.8614984
1,1,0.8630521
0,1,0.55394703
0,0,0.40466717
0,1,0.528498
0,1,0.82371014
0,0,0.39700365
1,1,0.86128646
0,1,0.72437954
0,1,0.5126816
1,1,0.6014931
0,1,0.6514779
0,0,0.47033566
0,1,0.76063186
0,1,0.60236585
0,0,0.3993632
1,0,0.49709728
0,0,0.428631
0,1,0.5582076
0,0,0.4993137
0,1,0.5035767
0,1,0.5011285
0,1,0.52416474
0,0,0.4434041
0,1,0.58662486
0,1,0.81137246
0,1,0.8249944
0,0,0.4089374
0,1,0.6561571
0,0,0.45632958
0,1,0.8142664
0,0,0.4025039
0,0,0.41985378
0,0,0.4434041
0,0,0.4025039
0,0,0.4008787
0,0,0.49562758
0,0,0.47990012
0,0,0.46962446
0,1,0.5283776
0,1,0.5126816
0,0,0.45235434
0,0,0.42157307
0,0,0.39700365
0,0,0.39700365
1,1,0.86128646
0,0,0.39700365
0,0,0.4594419
0,1,0.56261444
0,1,0.50050366
0,1,0.66340137
0,1,0.5536685
0,0,0.40655962
1,1,0.85837466
0,0,0.43442574
1,1,0.65568674
0,0,0.44479656
0,0,0.41120023
0,1,0.58811116
0,0,0.49825197
1,1,0.5092524
0,0,0.4340039
0,0,0.4025039
1,1,0.8570527
0,1,0.7242625
0,1,0.5756327
0,1,0.6711187
0,0,0.433615
0,1,0.5924798
0,0,0.44772413
0,0,0.4769322
0,1,0.8624482
0,1,0.69479066
0,1,0.61737233
0,0,0.41867486
0,0,0.41448936
0,1,0.67956257
0,1,0.60530037
0,1,0.81622493
1,1,0.6855323
1,1,0.7724041
1,1,0.82744706
0,0,0.49131244
0,1,0.6032189
0,1,0.5663211
0,0,0.47745177
0,1,0.72615486
0,1,0.7500007
0,1,0.5364565
0,1,0.5000967
0,1,0.6793095
0,1,0.65723103
0,0,0.43462884
1,1,0.86340576
0,0,0.4760498
1,1,0.5536685
0,1,0.51695997
1,1,0.75823647
1,1,0.86340576
0,1,0.82863337
0,0,0.43462884
0,1,0.7826879
0,1,0.7531319
0,0,0.47912344
0,0,0.48850295
0,0,0.40655962
0,1,0.5832054
0,1,0.6084509
0,1,0.55852354
0,0,0.41020137
0,1,0.54473454
0,0,0.4442566
0,1,0.69707
0,0,0.4142565
1,1,0.81829125
0,0,0.39700365
0,1,0.6435654
0,1,0.72538286
0,0,0.40655962
0,0,0.41210175
0,1,0.5560932
0,1,0.6824896
1,1,0.8523895
1,1,0.86030114
0,1,0.5595914
0,0,0.39700365
0,0,0.4025039
0,1,0.5084107
0,0,0.39700365
0,0,0.39700365
0,0,0.49131244
0,1,0.86114436
1,1,0.71653503
1,1,0.8403509
1,1,0.82807106
0,1,0.5829879
0,1,0.70045924
0,1,0.557011
0,1,0.5012514
0,1,0.75507647
1,1,0.55249196
0,0,0.4998552
0,1,0.6306115
0,1,0.63959354
1,1,0.7013783
0,1,0.51534003
0,1,0.5233653
0,1,0.601992
0,0,0.41020137
0,0,0.3993632
0,1,0.55249196
1,1,0.7121602
0,0,0.405869
0,1,0.56479573
0,1,0.8159323
0,1,0.5580196
1,1,0.86128646
0,0,0.4048482
0,1,0.6880559
0,1,0.52538687
0,1,0.77894515
0,1,0.86128646
0,0,0.41549128
0,0,0.4059956
0,1,0.55011356
0,0,0.39700365
0,0,0.4993137
0,0,0.4434041
0,1,0.72762835
0,0,0.4285678
1,1,0.8618611
0,1,0.64434594
0,1,0.6763163
0,0,0.4025039
1,1,0.86340576
0,0,0.4434041
1,1,0.75978297
0,0,0.39700365
0,0,0.41867486
1,1,0.73713595
0,1,0.5594518
0,0,0.3993632
0,1,0.53552926
0,1,0.68781453
1,1,0.71729034
0,1,0.5897893
0,0,0.49035162
1,1,0.58105934
0,0,0.39700365
0,1,0.57246494
0,0,0.47745177
0,1,0.6887259
0,0,0.4993137
1,1,0.66469806
0,1,0.6752108
0,1,0.561323
0,0,0.4166477
0,0,0.48147622
0,0,0.42426407
0,1,0.6419171
0,0,0.49140835
0,0,0.4025039
0,1,0.7464882
0,0,0.49140835
0,0,0.39700365
0,0,0.4295405
0,0,0.39700365
0,0,0.4857302
0,1,0.50698817
0,0,0.40888348
0,0,0.39700365
0,1,0.5777332
0,1,0.7283376
0,1,0.79644805
0,1,0.74809825
1,1,0.8630521
0,0,0.433615
0,1,0.7227175
1,1,0.60221785
0,0,0.47639754
0,1,0.5340789
0,1,0.6529403
0,1,0.5364565
0,1,0.68146384
1,1,0.8153387
0,0,0.45535332
0,1,0.8102952
0,1,0.6385825
0,1,0.56470376
0,1,0.8070113
0,1,0.60399693
0,0,0.42201993
0,0,0.40699127
0,1,0.7060812
0,0,0.40655962
0,1,0.58496755
0,1,0.5933453
0,1,0.7326399
1,1,0.82245755
0,0,0.47912344
1,0,0.43909344
0,1,0.53064793
0,1,0.5536685
1,1,0.86340576
0,0,0.47033566
1,1,0.55011356
0,0,0.41210175
1,1,0.7749174
0,1,0.52888393
1,1,0.83798677
0,1,0.59555596
0,1,0.5364802
0,1,0.740478
0,0,0.43462884
0,1,0.594039
1,1,0.86340576
0,1,0.6713015
1,1,0.50670344
0,1,0.7808815
0,0,0.43501797
1,1,0.701678
0,1,0.53100103
1,1,0.8142664
0,0,0.4498469
1,1,0.79784685
0,0,0.47278932
0,1,0.5832832
0,1,0.5478938
0,0,0.4434041
0,1,0.69994736
0,1,0.8630521
1,1,0.7921266
0,1,0.6454994
0,1,0.55975956
0,0,0.4142808
0,1,0.6260618
0,1,0.5844421
0,1,0.731712
0,1,0.7621407
0,1,0.68800116
0,1,0.66906965
0,0,0.48968032
0,0,0.41599372
0,1,0.5364565
0,0,0.433615
0,0,0.41448936
0,0,0.40655962
0,1,0.58742315
1,0,0.48601606
0,1,0.5850388
0,1,0.7807804
0,1,0.6063748
0,0,0.405843
0,1,0.6394528
0,1,0.52956355
0,0,0.40655962
0,1,0.82032645
0,1,0.52613187
0,1,0.82227725
0,1,0.6731484
0,1,0.68995863
0,1,0.5254251
0,0,0.39700365
0,1,0.60046744
1,1,0.56801736
0,1,0.50042
0,0,0.48147622
0,0,0.3993632
0,1,0.5131038
1,1,0.8630521
1,1,0.7064567
1,1,0.59248644
0,0,0.41210175
0,1,0.5472634
0,1,0.7678167
0,0,0.41120023
0,1,0.6204991
0,1,0.79742855
0,0,0.4797621
0,1,0.7368781
0,0,0.39700365
0,1,0.5265736
0,1,0.859656
1,1,0.8630521
0,1,0.7395649
0,0,0.4570243
0,0,0.39700365
0,0,0.44210407
0,1,0.57692593
0,0,0.4769063
0,1,0.72947836
0,0,0.433615
0,1,0.53527266
0,0,0.4442566
0,1,0.6867034
0,1,0.6603633
1,1,0.85837466
0,0,0.39700365
0,1,0.6416134
0,0,0.39700365
1,1,0.86340576
1,1,0.83612716
0,0,0.4570243
0,1,0.66573584
0,1,0.85464656
0,0,0.39700365
0,0,0.4025039
0,1,0.7090563
0,0,0.46797082
0,1,0.51225245
1,1,0.7765338
0,0,0.39700365
0,1,0.5379299
0,1,0.51230764
0,0,0.39700365
1,1,0.8624482
0,0,0.39700365
0,1,0.5691066
0,1,0.6545064
0,0,0.43516624
1,1,0.50967383
1,1,0.6732466
0,1,0.51683724
0,0,0.405869
1,1,0.8542261
1,1,0.6769386
0,0,0.47873208
1,1,0.82295763
0,1,0.67908347
0,0,0.433615
0,0,0.42021233
0,0,0.41985378
0,1,0.6454875
0,0,0.48871642
0,1,0.81794375
0,0,0.4434041
0,1,0.6806512
0,0,0.405869
0,1,0.57245815
0,0,0.44924027
0,0,0.4252725
0,0,0.39700365
1,1,0.72153455
0,1,0.51422286
0,0,0.41046438
0,0,0.39700365
1,1,0.6015499
0,1,0.5051252
1,1,0.7613999
1,0,0.45578718
0,0,0.39700365
0,1,0.5673915
0,0,0.42762053
0,0,0.433615
1,1,0.83031535
0,1,0.55874294
0,1,0.6009499
0,1,0.7891498
0,1,0.6110536
0,0,0.49154115
0,1,0.55211675
1,1,0.7794658
0,0,0.4434041
0,1,0.59033346
0,1,0.6432025
0,1,0.86340576
0,0,0.4594419
0,1,0.56220394
0,1,0.72166705
0,0,0.40364918
0,1,0.5928412
0,1,0.64395577
0,1,0.5629789
0,1,0.5205078
1,1,0.85370314
0,0,0.4295405
0,1,0.75052446
1,1,0.6748554
1,1,0.7763873
0,1,0.61326927
0,0,0.48841012
0,1,0.6231
0,1,0.5012514
0,1,0.86128646
1,1,0.6800119
0,1,0.7211728
1,1,0.84752417
0,1,0.84278876
0,0,0.48735365
0,0,0.40701732
1,1,0.85532826
0,1,0.7453054
0,0,0.39700365
0,0,0.47033566
0,1,0.56220394
1,1,0.6373162
0,1,0.80365556
0,1,0.6462406
0,1,0.8272032
0,0,0.42426407
0,1,0.647819
0,1,0.8506143
1,1,0.7869482
1,1,0.55060923
0,0,0.43824112
0,1,0.57244056
0,1,0.6689357
1,1,0.8509396
0,1,0.62487566
1,1,0.7873573
0,0,0.46919873
1,1,0.81630427
0,1,0.6265716
0,1,0.55835843
0,0,0.48737898
0,0,0.40888348
0,1,0.6529147
0,0,0.39700365
1,1,0.86067516
0,1,0.7841309
0,1,0.51195747
1,1,0.5375034
0,1,0.65977776
0,0,0.42160726
0,1,0.65419453
0,0,0.39700365
0,1,0.5222497
0,1,0.66498786
1,0,0.39700365
1,1,0.6882031
0,1,0.8165497
0,1,0.5580196
0,0,0.4059956
0,1,0.5930073
0,1,0.6158364
0,1,0.628297
0,0,0.39700365
1,1,0.85899574
0,0,0.41210175
0,0,0.4142808
0,1,0.74314666
0,1,0.70048004
0,0,0.46062425
1,1,0.7790961
1,1,0.86128646
1,1,0.57642454
1,1,0.68972206
0,0,0.45944327
0,0,0.433615
0,0,0.47912344
0,0,0.46062425
0,1,0.70812505
0,0,0.4769322
0,1,0.51577336
0,1,0.5850978
0,0,0.40655962
0,0,0.40655962
1,1,0.8279143
0,0,0.41448936
0,1,0.5786108
0,1,0.66138643
0,0,0.4048742
1,1,0.8624482
0,1,0.8491104
0,0,0.41020137
0,0,0.46194738
0,1,0.7948218
0,0,0.43462884
0,0,0.47278932
0,0,0.41020137
0,1,0.7113294
1,1,0.8529218
1,1,0.7745469
0,1,0.58392894
0,0,0.45347562
1,1,0.8630521
0,1,0.51165044
1,1,0.8594873
0,1,0.7747532
1,1,0.6831933
0,1,0.50670344
0,0,0.4434041
0,0,0.39700365
0,0,0.40655962
0,1,0.50050366
0,1,0.55927545
1,1,0.65919155
0,1,0.6876227
0,0,0.40655962
1,0,0.4208594
0,1,0.5490826
0,1,0.6805622
1,1,0.82469434
0,0,0.4048742
1,1,0.70968664
0,0,0.4025039
0,1,0.5085123
0,0,0.40655962
0,0,0.40699127
1,1,0.69802374
0,0,0.433615
0,1,0.85051566
0,0,0.425684
0,1,0.5085123
0,0,0.49140835
0,1,0.5816244
0,0,0.42374164
0,0,0.47033566
0,1,0.5009732
0,1,0.7729807
0,0,0.49597806
0,1,0.67652124
0,1,0.728809
0,0,0.43462884
0,1,0.86340576
0,0,0.405869
0,1,0.7613339
1,1,0.8479222
1,1,0.8598819
0,0,0.41020137
1,1,0.78056043
0,0,0.46194738
1,1,0.86340576
0,1,0.684065
0,1,0.6343555
0,1,0.6730986
0,0,0.39700365
0,1,0.6951621
1,1,0.5731436
0,1,0.84920615
0,0,0.41210175
0,0,0.39700365
1,1,0.84960455
0,1,0.5698903
0,0,0.4983984
0,1,0.8570639
0,0,0.46062425
0,0,0.4570243
0,1,0.65265465
0,0,0.4434041
0,1,0.5794831
0,0,0.43516624
0,1,0.6620726
0,0,0.433615
0,0,0.39700365
0,1,0.59435695
1,1,0.85562366
1,1,0.83798677
0,1,0.5504097
0,0,0.4402313
0,0,0.40888348
0,0,0.4570243
1,1,0.8603165
0,1,0.7479813
1,1,0.8203805
0,1,0.80039173
0,1,0.5066985
1,1,0.624188
0,1,0.7347645
1,1,0.8595358
0,1,0.5681251
1,1,0.74462336
1,1,0.72738874
0,1,0.856025
0,1,0.6579822
0,0,0.39700365
1,1,0.8598336
1,1,0.8569205
0,1,0.68485975
1,1,0.65801543
0,1,0.5363199
0,0,0.41020137
1,1,0.8614984
0,0,0.433615
0,1,0.68583035
0,0,0.40364918
0,0,0.46843904
0,0,0.45909628
0,0,0.4166477
1,1,0.8497205
0,0,0.39700365
0,1,0.6748554
0,1,0.8268169
0,1,0.8261601
0,0,0.404643
1,0,0.42426407
1,1,0.8495605
0,0,0.40655962
0,1,0.7300997
0,1,0.58371097
0,1,0.6110796
0,0,0.40655962
0,1,0.6306161
0,1,0.59555596
0,0,0.3993632
0,0,0.39700365
0,1,0.63656116
0,0,0.48156887
0,1,0.6308847
0,0,0.40466717
0,0,0.40655962
1,1,0.80355346
0,0,0.41210175
0,1,0.5062868
0,0,0.43516624
0,1,0.5680187
0,0,0.45463556
0,0,0.48969486
0,1,0.74989265
0,0,0.48425323
0,1,0.82665586
0,1,0.7533648
0,0,0.40655962
0,1,0.55231094
0,1,0.6242702
1,1,0.79145396
0,1,0.59285724
0,0,0.4425247
0,1,0.5363199
0,0,0.46168694
1,1,0.8580139
0,1,0.62233317
0,1,0.66004455
0,1,0.5818783
0,1,0.79520047
0,1,0.6068978
0,0,0.39700365
0,1,0.6457825
1,1,0.60706085
0,1,0.57905006
0,0,0.43516624
0,0,0.43930906
0,1,0.6040159
0,1,0.5855875
0,0,0.4500511
0,1,0.8624482
1,1,0.8367123
0,1,0.5014891
0,0,0.39700365
0,0,0.3993632
0,0,0.4025039
0,1,0.770827
0,1,0.5914469
0,1,0.68393856
1,1,0.8593543
1,1,0.6617553
1,1,0.81191117
1,1,0.7949078
0,0,0.41599372
1,1,0.8569261
0,0,0.4048742
0,0,0.41448936
0,1,0.773924
0,1,0.7280739
0,1,0.5619032
0,1,0.7462279
0,0,0.40349686
1,1,0.8604622
1,1,0.6123604
0,1,0.5028546
0,0,0.41235313
1,1,0.58371097
0,1,0.63682044
0,0,0.40699127
1,1,0.7719616
0,0,0.39700365
0,0,0.49140835
0,0,0.39700365
0,0,0.4954097
0,0,0.49015817
0,1,0.59403336
0,1,0.5478938
0,1,0.7096277
1,1,0.6802139
0,0,0.433615
0,1,0.72065914
1,1,0.64073515
0,0,0.41020137
0,0,0.39700365
0,1,0.5881496
0,1,0.67298603
0,0,0.47848153
1,1,0.721012
0,1,0.51230764
0,1,0.5542997
0,0,0.46843904
1,1,0.8618611
0,1,0.7472213
0,0,0.44291538
0,1,0.6268152
1,1,0.86128646
0,1,0.813312
0,1,0.8036649
0,0,0.4008787
0,1,0.54547143
0,1,0.5870749
0,1,0.67205256
0,0,0.4650919
1,1,0.54902357
0,1,0.68853146
0,1,0.6142874
0,1,0.66843534
0,1,0.62917465
0,0,0.47912344
0,0,0.40655962
0,1,0.86340576
0,0,0.39700365
0,1,0.6809259
0,1,0.8567401
0,0,0.44442287
0,1,0.52956355
0,1,0.7286432
0,1,0.5854803
0,1,0.5723478
1,1,0.7236269
0,1,0.5718335
0,0,0.43516624
0,1,0.6776115
0,1,0.5460295
1,1,0.8630521
0,1,0.5011251
0,1,0.6874938
0,0,0.49131244
1,1,0.83747727
0,1,0.71607256
0,0,0.40699127
0,1,0.63410145
0,0,0.39700365
1,1,0.60868996
0,1,0.6880736
0,1,0.54778105
0,1,0.59827226
0,0,0.40655962
0,1,0.5657578
0,0,0.47593588
0,1,0.6268152
0,1,0.6668872
0,0,0.4025039
1,1,0.8218149
0,1,0.5883367
1,1,0.86340576
0,0,0.4594419
1,1,0.8298807
0,0,0.46062425
0,1,0.50651914
0,1,0.85043645
0,1,0.50670344
0,0,0.4048742
0,1,0.7563975
0,1,0.50841635
0,0,0.39700365
0,1,0.7905331
0,1,0.5062868
0,1,0.63531446
0,0,0.4594419
0,0,0.41210175
0,0,0.4252725
0,1,0.78162825
0,1,0.55249196
0,1,0.69969434
0,0,0.433615
0,1,0.5615287
0,1,0.80738825
1,1,0.83744955
0,1,0.6357079
0,1,0.7465759
0,0,0.42157307
0,1,0.5580196
0,1,0.57738924
0,1,0.67686945
0,1,0.62405086
1,1,0.72284603
0,1,0.68193793
0,0,0.41020137
0,0,0.41210175
1,1,0.8092917
0,0,0.42992857
0,1,0.50615686
0,1,0.5850978
0,0,0.39700365
0,0,0.48401436
0,1,0.654247
0,0,0.433615
0,1,0.72295713
0,1,0.6577496
0,1,0.56640697
0,1,0.67265
0,0,0.49897736
0,1,0.74809825
1,1,0.8593543
0,0,0.41860607
1,1,0.85837466
0,1,0.57245815
0,1,0.6265716
1,1,0.7215375
0,1,0.55109
1,1,0.8588544
0,1,0.55231094
0,0,0.46740735
0,1,0.65227765
0,1,0.50228316
1,1,0.76755244
0,1,0.6376149
0,0,0.39700365
0,0,0.48841012
1,0,0.3993632
0,1,0.7980002
0,0,0.39700365
1,1,0.60535246
0,1,0.70558023
1,1,0.85126364
0,0,0.433615
0,1,0.6542753
1,1,0.7036773
0,1,0.7130406
1,1,0.68708247
0,1,0.5939096
0,1,0.63531446
0,1,0.5557529
0,1,0.8630521
1,1,0.8604622
0,1,0.6427997
0,0,0.39700365
1,1,0.82807106
0,1,0.7200577
1,1,0.7051053
0,1,0.5057008
0,1,0.59449023
0,1,0.50683343
0,1,0.6592398
0,0,0.44594368
0,1,0.610888
0,0,0.40655962
0,0,0.48147622
0,1,0.5723478
0,1,0.8024654
0,1,0.58511573
0,0,0.49544856
0,1,0.6729286
0,1,0.64807004
0,1,0.6824871
0,0,0.48147622
0,0,0.4769063
0,1,0.85256666
0,0,0.4025039
0,1,0.7683588
1,1,0.86340576
0,1,0.8604622
0,0,0.4582057
0,1,0.5777332
0,0,0.49140835
0,0,0.42643628
1,1,0.857668
0,1,0.5402996
0,1,0.566027
0,0,0.43737885
0,1,0.567968
0,0,0.39700365
0,1,0.5473678
1,1,0.72964996
0,1,0.51165044
1,1,0.86340576
0,0,0.48147622
0,1,0.6150763
0,1,0.84991187
0,1,0.5870749
1,1,0.84128207
0,1,0.55249196
0,0,0.39700365
0,0,0.45931005
0,1,0.5255074
0,1,0.5673915
0,1,0.632786
0,0,0.44442287
0,1,0.61292195
0,1,0.8614984
0,1,0.53527266
0,1,0.6519484
0,0,0.405843
1,1,0.84683436
0,1,0.5891851
0,1,0.8526931
0,1,0.67532367
0,1,0.59874946
0,0,0.39700365
0,1,0.8595207
0,0,0.42279348
0,1,0.5615287
1,1,0.7205367
0,1,0.67696935
1,1,0.80000526
0,1,0.5490145
0,1,0.85513026
0,1,0.79655045
0,1,0.54509884
0,0,0.433615
0,1,0.51803297
1,1,0.8604622
0,1,0.54547143
1,1,0.86340576
0,0,0.405843
0,1,0.69173783
1,1,0.8614984
1,1,0.86340576
0,0,0.433615
0,1,0.8534975
0,1,0.56296015
1,1,0.6458768
1,1,0.68921614
0,1,0.5478938
1,1,0.69412994
0,1,0.5620515
0,1,0.56745684
0,1,0.5889061
1,1,0.8614984
0,1,0.55031383
0,1,0.7326399
0,1,0.6779369
0,1,0.75213206
0,0,0.39700365
0,1,0.5881496
0,1,0.7351958
0,1,0.7303604
1,1,0.6793095
0,1,0.5340789
1,1,0.7459288
0,1,0.6699932
0,0,0.39700365
1,1,0.86128646
1,1,0.8246485
0,1,0.5862131
1,1,0.6792714
0,1,0.5011251
1,1,0.8138104
0,1,0.86340576
0,1,0.74416655
0,0,0.41985378
0,0,0.4252725
1,1,0.64883125
1,1,0.5974793
0,1,0.85574603
0,0,0.39700365
0,0,0.45603466
0,0,0.40655962
0,0,0.433615
0,0,0.39700365
0,1,0.76409817
0,1,0.6413701
0,0,0.43930906
0,1,0.55162185
1,1,0.8248355
1,1,0.85339576
0,1,0.7727104
0,1,0.7807804
0,1,0.778339
0,1,0.5062537
0,0,0.41687474
0,1,0.6570983
0,1,0.5840593
0,1,0.7247696
0,1,0.5840593
0,0,0.39700365
0,0,0.41325542
0,0,0.4570243
0,0,0.4166477
1,1,0.8614984
0,0,0.43462884
0,0,0.48705813
0,0,0.39700365
0,0,0.44291538
1,1,0.5859575
0,1,0.60530037
0,0,0.41295904
0,0,0.43930906
1,0,0.48720512
0,1,0.6618086
1,1,0.86340576
0,1,0.5632387
0,1,0.64198965
0,1,0.60535246
0,1,0.6318237
0,1,0.5703201
0,0,0.41984454
0,1,0.50683343
0,1,0.6619862
0,0,0.43462884
0,1,0.8577747
0,1,0.6830547
0,0,0.43909344
0,0,0.4295405
0,0,0.49679622
0,1,0.5529376
0,0,0.40655962
0,0,0.4025039
0,1,0.56356835
0,1,0.7037371
1,1,0.7768072
0,0,0.48451018
0,0,0.41020137
0,0,0.49750423
0,1,0.693667
0,0,0.45603466
0,1,0.59141517
0,1,0.6771391
1,1,0.6941459
0,1,0.72807825
0,0,0.40335494
0,1,0.826647
0,1,0.58551997
0,1,0.5504097
0,0,0.433615
1,1,0.75202817
0,1,0.5474326
0,1,0.5324135
0,0,0.39700365
0,0,0.433615
0,1,0.6786079
0,1,0.7927615
1,1,0.5555374
0,1,0.72615486
0,0,0.45388007
0,0,0.43462884
0,1,0.81228954
0,1,0.59022343
0,0,0.49729082
0,1,0.8476825
0,0,0.40655962
0,1,0.75922036
0,0,0.41210175
0,0,0.43462884
0,1,0.604613
0,0,0.433615
0,0,0.39700365
0,1,0.51695997
1,1,0.85525745
0,0,0.43516624
0,1,0.7047511
0,1,0.54599017
0,1,0.5645141
0,1,0.85532826
0,1,0.67601013
1,1,0.8243616
0,0,0.39700365
0,0,0.49722102
0,1,0.52512383
0,1,0.5139448
0,1,0.7148167
0,0,0.40888348
0,1,0.76409817
0,1,0.50142556
0,1,0.7568547
0,1,0.7899796
0,1,0.58488107
0,1,0.85399157
0,0,0.48683268
0,1,0.6260001
0,1,0.52405727
0,1,0.53064793
0,0,0.39700365
0,1,0.7756006
1,1,0.8595207
0,0,0.39700365
0,1,0.754335
0,1,0.636622
0,1,0.8614984
1,1,0.8092917
0,1,0.55173993
1,1,0.58228034
0,0,0.4048482
0,1,0.67074406
0,0,0.47340575
1,0,0.4434041
0,0,0.39700365
0,0,0.4025039
0,1,0.7550278
0,1,0.86128646
0,1,0.5222497
0,1,0.67597777
0,1,0.6988189
0,0,0.39700365
0,0,0.44806287
0,1,0.586427
1,1,0.569591
0,1,0.50470793
0,1,0.86340576
0,1,0.7165244
1,1,0.61316013
1,1,0.7247628
1,1,0.86340576
0,1,0.55322295
0,1,0.7088047
0,0,0.39700365
0,1,0.53257406
1,0,0.4048742
0,0,0.42426407
0,0,0.42426407
0,1,0.55211675
1,1,0.7469461
0,1,0.80105567
0,1,0.5283776
0,1,0.5673915
0,1,0.8630521
0,0,0.433615
0,1,0.62931246
0,1,0.5559797
0,1,0.62825334
0,0,0.47835046
0,0,0.47033566
0,0,0.4810402
0,1,0.51695997
1,1,0.86340576
1,1,0.6497017
0,1,0.51695997
0,1,0.592064
0,1,0.7574312
1,1,0.85619026
0,0,0.48737898
0,1,0.5051252
1,1,0.8616297
0,1,0.82808065
0,1,0.5460295
0,0,0.39700365
0,0,0.42799413
0,0,0.39700365
0,0,0.39700365
0,0,0.47033566
1,1,0.85195994
0,0,0.48147622
0,1,0.51695997
1,1,0.5833779
0,1,0.8159291
0,1,0.5851104
0,0,0.48494783
0,1,0.68036866
1,1,0.73593307
0,1,0.6751429
0,0,0.48491144
1,1,0.812369
0,1,0.67956716
0,0,0.47033566
0,0,0.48986644
0,0,0.4340039
0,1,0.55770355
0,0,0.39700365
0,1,0.5699898
0,1,0.82785946
0,1,0.5364802
0,0,0.39700365
0,1,0.5443704
1,1,0.63179165
0,0,0.44442287
0,1,0.6055732
0,0,0.39700365
0,0,0.46018684
