Actual,Predicted,Probability
0,0,0.20713928
0,0,0.38702795
0,0,0.004970679
0,0,0.16117144
0,0,0.04839335
0,0,0.48538628
0,0,0.1337885
0,0,0.07579505
0,0,0.4206075
0,0,0.017946627
0,0,0.0941018
0,0,0.3013852
0,1,0.5577586
0,0,0.00015503366
0,0,0.20684412
0,0,0.09210441
0,0,0.03540544
0,0,0.0061023263
0,0,0.028353544
0,0,0.00572436
1,1,0.8130736
0,0,0.007473129
0,0,0.14107266
0,0,0.18145856
0,0,0.3093043
0,1,0.85521865
0,1,0.91634834
0,0,0.042303637
0,0,0.025507113
1,1,0.7894521
0,0,0.09164542
0,0,0.098577484
0,0,0.27014044
0,0,0.19899742
0,0,0.21804847
0,0,0.0013907115
0,0,0.13226263
0,0,0.005480743
0,0,0.086867325
0,0,0.14786787
0,0,0.2837394
0,0,0.21138781
0,0,0.1386094
0,1,0.70800924
1,1,0.73022014
0,0,0.05903018
0,0,0.19005468
0,0,0.25369206
0,0,0.13871628
0,0,0.23912875
0,0,0.15566163
0,0,0.0027868142
0,0,0.3374367
0,0,0.36550975
0,0,0.19666812
0,0,0.024215726
0,0,0.1725215
0,1,0.6049622
0,0,0.07163011
0,0,0.061092343
0,0,0.0069345064
0,0,0.022326622
0,0,0.0031651696
0,0,0.4624272
1,1,0.9327108
0,1,0.62430215
0,0,0.11177509
0,0,0.021175064
0,0,0.43318275
0,1,0.8284788
0,0,0.4834271
0,0,8.9545765e-06
0,0,0.05880764
0,0,0.007415884
1,0,0.48418087
0,0,0.015624899
0,0,0.03387106
0,0,0.24652748
0,0,0.00023572237
0,0,0.060393006
0,0,0.44689637
0,0,0.027183004
0,0,0.29343975
0,0,0.079212725
0,0,0.279925
0,0,0.020796837
0,0,0.07405203
0,1,0.7631348
0,0,0.15015234
0,0,0.16975513
0,0,0.40227205
0,0,0.053749032
0,0,0.033753447
0,0,0.08420522
0,0,0.39909956
0,1,0.85124767
0,0,0.04606016
0,0,0.028972069
0,1,0.76584375
0,0,0.24738565
0,0,0.018978063
0,0,0.2442825
0,0,0.12516391
0,1,0.51325846
0,0,0.004067645
0,0,0.024352584
1,0,0.3646427
0,0,0.08878406
1,1,0.5246507
0,0,0.4721961
0,0,0.00071045564
0,0,0.00053888396
0,0,0.034152143
0,0,0.37114686
0,0,0.07108174
0,0,0.150259
1,0,0.49689662
0,0,0.041757286
0,1,0.7789618
0,0,5.339022e-05
0,0,0.010403983
0,1,0.51361763
0,0,0.0035815223
0,0,0.27455968
0,0,0.4108327
0,0,0.00014820714
0,0,0.044817325
0,0,0.1645746
0,0,0.0141842235
0,0,0.024119442
0,1,0.57885957
0,1,0.540713
0,0,0.009031228
0,0,0.0020001326
0,0,0.009231652
0,0,5.9880845e-06
0,0,0.0007381394
0,0,0.021054106
0,0,0.0009087408
0,0,0.26248997
1,1,0.6472904
0,1,0.69986707
0,1,0.55722785
0,0,0.031685874
0,0,0.2677981
0,1,0.54187655
0,0,0.14080313
0,0,0.00050677045
0,0,0.19286959
0,0,0.0914381
0,0,0.29205558
0,0,5.789357e-06
1,0,0.2449204
0,0,0.006967684
0,0,0.0013131564
0,0,0.035589214
0,0,0.021716602
0,0,0.00035683776
0,1,0.5845705
0,0,0.3231337
0,1,0.55063057
0,0,0.40152138
0,0,0.0026175154
0,0,0.07348385
0,0,0.21305466
0,0,0.017389396
0,0,0.032219812
0,0,0.09130979
0,0,0.29205248
0,0,0.19147836
1,1,0.68434805
0,0,0.023001328
0,0,0.27014044
1,0,0.3302638
0,0,0.03415012
0,0,2.036767e-05
0,0,0.03802958
0,0,0.05080998
0,0,0.004701321
0,0,0.20392333
1,0,0.22597593
0,1,0.6690073
0,1,0.5869376
0,0,0.080964014
0,1,0.76783466
0,0,0.027958767
0,0,0.009575508
0,0,0.16980052
0,1,0.5427722
0,0,0.013741158
0,0,0.04199207
0,0,0.0011561926
0,0,0.007866793
0,0,0.06754328
0,0,0.018074967
0,0,0.021652434
0,0,0.03849346
0,0,0.041262895
0,1,0.6763708
0,0,0.010121694
0,0,0.42643398
0,0,0.108543575
0,0,0.30657285
0,1,0.5726347
1,1,0.7614301
0,0,0.15089603
1,1,0.77528006
0,0,0.46423748
0,1,0.5104272
0,0,0.057303533
0,0,0.28106102
0,0,0.38637587
0,0,0.01733909
1,1,0.68867916
0,0,0.04842174
0,0,0.062565185
0,0,0.36892098
0,1,0.6166028
1,1,0.8507809
0,0,0.01867239
0,0,0.1815462
0,0,0.40853557
0,1,0.78285265
0,0,0.003557742
0,1,0.5848004
0,0,0.28219151
0,1,0.73067236
0,0,0.4451431
0,0,0.13145913
0,1,0.6605857
0,1,0.6454995
0,0,0.4571333
0,1,0.77074355
0,0,0.013267531
0,0,0.046946898
1,1,0.86759907
0,0,0.002401997
0,0,0.22168495
0,0,0.006057235
0,0,0.44817853
0,0,0.11888238
1,1,0.50712156
0,0,0.0046758736
1,1,0.8524886
0,0,0.0027030625
0,1,0.6883778
0,0,0.05928353
0,0,0.021379506
0,0,0.30454397
0,0,0.27263743
0,0,0.008033682
0,0,0.10373298
0,1,0.70160675
0,0,0.0001203626
0,0,0.04002731
0,0,0.42080408
0,0,0.4730207
0,0,0.068732984
0,0,0.3068261
0,0,0.03710413
0,1,0.66922987
0,1,0.5602733
0,0,0.0033247955
0,0,0.2024583
0,0,0.04851521
0,0,0.058672223
0,1,0.6610037
0,0,0.19598837
0,0,0.05863528
1,0,0.2001893
0,0,5.789357e-06
0,0,0.019682638
1,1,0.8388571
0,0,0.070481956
0,0,0.27608308
1,0,0.28171378
0,0,0.4175304
0,1,0.60270166
0,0,0.04912025
0,0,0.0010118632
0,1,0.66761297
0,0,0.26205882
0,0,0.004892212
0,0,0.01272333
0,0,0.0732315
1,1,0.8501669
0,0,0.34737283
0,0,0.015681127
0,1,0.5615384
1,1,0.6701865
0,1,0.5817102
0,0,1.8939376e-05
0,0,0.007415884
0,0,0.3502403
0,0,0.2716713
0,1,0.83122563
0,1,0.6286132
1,1,0.80650264
0,0,0.0020572091
0,0,0.025672354
0,0,0.29145074
0,0,0.3889553
0,0,0.04700369
0,0,0.027136836
0,0,0.0074628363
0,0,0.13066614
1,1,0.8038645
0,0,0.005897333
1,1,0.76488256
0,0,0.054735426
0,0,5.446899e-06
0,1,0.5010841
0,0,0.042035047
0,0,0.010292895
0,0,0.025917633
0,0,0.44263735
0,0,0.22475587
0,0,0.25895315
0,0,0.087769836
0,0,0.035655778
0,1,0.8239716
0,0,0.12558469
0,0,0.13220885
0,1,0.89780587
0,1,0.55277205
0,1,0.7212324
0,1,0.8114555
0,1,0.63585687
0,0,0.36131433
0,0,0.013552686
0,0,0.047316756
0,0,0.024121184
0,0,0.040675078
0,0,0.28437784
0,0,0.1572154
0,0,0.093893334
0,1,0.7980922
1,0,0.43719745
0,0,0.00040556857
0,0,0.4143182
0,0,0.12807424
0,0,0.48979104
0,0,0.34543195
0,0,0.022015918
0,0,0.008700553
0,0,0.05984386
0,0,0.13503589
0,0,0.16058618
0,0,0.2481179
0,0,0.39020622
0,0,0.21550101
0,0,0.047910728
0,0,0.120235145
0,0,0.0003588808
0,0,0.048377853
0,0,0.05292338
0,1,0.84577566
0,0,0.025328817
0,0,5.9880845e-06
0,0,0.05277941
0,0,0.23799522
0,0,0.013768967
0,0,0.14988865
0,0,2.036767e-05
0,0,0.18709219
0,0,0.058319755
1,0,0.32539278
0,0,0.21163684
0,0,0.0028902076
0,0,0.095770076
0,0,0.00081976334
0,0,0.14346302
0,0,0.0026175154
0,0,0.010779004
0,0,0.012499048
0,1,0.6066256
0,0,0.14860079
0,0,0.14479136
0,0,0.017389396
0,0,0.37899888
1,0,0.33439112
0,0,0.043323513
0,1,0.5674364
0,0,0.1125981
0,0,0.029804006
0,0,0.07243956
0,0,0.04441781
0,0,0.33740345
0,0,0.11659414
0,0,0.1426456
0,0,0.07387506
0,0,0.06328573
0,0,0.026445221
0,0,0.117781535
0,0,0.025948238
0,0,0.0123288585
0,0,0.05305835
0,0,0.21256478
0,0,0.024119442
0,0,0.037635155
0,0,0.09088836
0,0,0.43501413
0,1,0.6421302
0,0,0.17926611
1,1,0.7777225
0,0,0.115458645
0,0,0.14966711
0,0,0.0016233141
0,0,0.29318988
0,0,0.13496968
0,0,0.027627543
0,0,0.23703387
0,0,0.26459572
0,1,0.6467406
0,0,0.35988843
0,0,0.15868953
0,0,2.1657976e-05
0,0,0.27662006
0,0,0.036031924
0,1,0.6129197
0,0,0.04498288
0,0,0.22866552
0,0,0.2855624
0,0,0.07547902
0,0,0.02454945
0,0,0.014039257
0,0,0.04584757
0,0,0.06583039
0,0,0.24497741
0,0,0.07182854
0,0,0.03929894
0,0,0.16892219
0,0,0.37266803
1,1,0.5589355
0,0,0.08316156
0,1,0.50189644
0,0,0.004141183
0,0,0.02479977
0,0,0.34564146
0,0,0.31144854
0,0,0.054399773
0,0,0.06668711
0,0,0.39394373
0,0,0.09606134
0,0,0.0021104598
0,0,0.0065095318
0,0,0.017584048
0,0,0.000561101
0,0,0.0008466689
0,0,0.021884676
0,0,0.2618739
0,0,0.0001415032
0,0,0.0010118632
0,0,0.10784762
0,0,0.0119244065
0,0,0.19594942
0,1,0.7498046
0,0,0.4081264
0,0,3.3816465e-05
1,0,0.07182875
0,0,0.23152263
0,0,3.6788588e-05
0,1,0.5465057
0,0,0.29901254
0,0,0.3935187
0,0,0.0016233141
0,1,0.5471539
0,0,0.40336493
0,0,0.46474817
0,0,0.3692816
1,1,0.79821765
0,0,0.1306189
0,0,0.13220751
0,0,0.049516946
0,0,0.44142738
0,0,0.181298
0,0,0.22915827
0,1,0.5992181
0,0,0.009888325
0,1,0.5450425
0,0,0.003180666
0,0,0.0285698
0,1,0.5148198
0,0,0.49986717
0,0,0.23814327
0,0,0.017069317
0,1,0.5243858
0,0,0.0074261436
0,0,0.08206668
0,0,0.020674465
1,0,0.41294965
0,0,0.11346464
0,0,0.032296825
0,0,0.0021584241
1,1,0.7276892
0,0,0.083842196
0,0,0.17071992
0,0,2.036767e-05
0,0,0.01817295
0,0,0.38855153
1,1,0.8172005
0,1,0.92278343
0,0,0.15280972
0,0,0.11891156
0,1,0.551032
0,0,0.3348447
0,0,0.19486961
0,1,0.513125
0,0,0.0022118937
0,0,0.00678924
0,0,0.12283885
0,1,0.64818597
0,0,0.3558048
0,1,0.67704517
0,0,0.038147014
0,0,0.10823722
0,0,0.0016233141
0,0,0.19094926
0,0,0.0946436
0,0,0.007415884
0,0,0.104159676
0,0,0.017389396
0,0,0.22065073
0,0,0.0004800574
0,0,0.04300916
0,0,5.9880845e-06
0,0,0.010220644
0,0,0.068405114
0,0,0.014370639
0,0,0.013836568
0,0,1.3664651e-05
0,0,0.16725004
0,1,0.6328651
0,0,0.0020001326
0,0,0.056082726
0,0,0.3069665
0,0,0.20242636
0,0,0.37054712
1,0,0.16965254
0,0,0.24823175
0,0,0.11158829
0,0,0.03740751
0,1,0.50101095
0,1,0.8937223
0,0,0.16161929
0,0,0.3080603
0,0,0.40672985
0,0,0.054971576
0,0,0.0936795
0,0,0.34766006
0,0,0.005202017
0,0,0.07166156
0,0,0.028301915
1,1,0.81066704
0,1,0.7599229
0,1,0.6674797
0,0,0.0016841423
0,0,0.28167984
0,1,0.57154053
0,0,0.018602828
0,0,0.1073379
0,0,0.3552272
0,0,0.035573382
0,0,2.1657976e-05
0,0,0.03498838
0,0,0.02180744
0,0,0.09048981
0,0,0.04198833
0,0,3.551433e-05
0,0,0.404081
0,0,0.017911153
0,0,0.12358422
0,0,0.01732439
0,0,0.12219821
0,1,0.7254598
0,1,0.9752656
0,0,0.0020001326
1,1,0.5042486
0,1,0.6368052
0,0,0.0085620945
0,0,0.15617098
0,0,0.021023136
0,0,0.005689491
0,0,0.3606637
0,1,0.59366643
0,1,0.68406063
0,0,0.2529934
0,1,0.57783353
0,0,0.44197738
0,0,0.42356905
0,0,0.0033168758
0,0,0.028625429
1,1,0.5360743
0,0,0.16218643
0,0,0.087301604
0,0,0.022015918
0,0,0.30621037
0,0,0.27667227
0,0,0.007415884
1,0,0.48126882
0,1,0.5669795
0,0,0.018978063
0,0,0.0007589336
0,0,0.016067639
0,0,0.0032406328
0,0,0.3629966
0,0,0.047442485
0,0,0.04687951
1,0,0.24190745
0,0,0.00051636086
0,0,0.32908753
0,0,0.047907077
0,0,0.28373104
0,0,0.007647119
1,0,0.21044213
0,1,0.6794437
0,0,0.0034744197
0,0,0.0019744197
0,0,0.020599058
0,1,0.7390069
0,0,0.3340184
0,1,0.5770728
0,0,0.46614337
1,1,0.77179056
1,0,0.17261124
0,0,0.03588105
0,0,0.09523691
1,0,0.4550345
0,1,0.6147029
0,0,0.09119573
1,1,0.57780033
1,1,0.84169817
0,0,0.024119442
0,1,0.534769
0,0,0.027017768
0,0,0.45348254
0,1,0.592115
0,0,0.011247016
0,0,0.39335325
1,1,0.5433748
0,0,0.13937865
0,0,0.003259511
0,0,0.012905351
0,0,0.24313165
0,1,0.9113446
0,0,0.1153586
0,0,0.008189405
0,0,0.27653816
0,0,0.0028302344
0,1,0.83588296
0,0,0.17304154
0,0,0.08681841
0,0,0.1478787
0,0,0.0019700318
0,0,0.0014349526
1,0,0.1879141
0,0,0.025650267
1,1,0.8824636
0,0,0.012395174
0,0,0.090187825
0,0,0.0031651047
0,0,0.36902538
0,0,0.48172164
0,1,0.52940494
0,0,0.027005805
1,1,0.6435957
0,0,0.21588345
0,1,0.50737447
0,0,2.4835883e-06
0,0,7.0424976e-06
0,0,0.11764732
0,0,0.4880693
0,0,0.43497074
0,0,0.014093888
0,0,0.007415884
0,0,0.17617412
0,0,0.03574968
0,0,0.0016062955
1,1,0.5265847
1,0,0.010651125
0,0,0.3672201
0,0,0.24321714
0,1,0.90481395
1,0,0.3333137
0,0,0.020732211
0,0,0.23584625
0,1,0.73023754
0,0,0.015775267
0,0,0.10191583
0,0,0.12416194
0,0,0.088069305
0,0,0.0015548407
0,1,0.816065
0,0,0.23951481
0,1,0.79379964
0,0,0.048946492
0,0,0.4472816
0,0,0.034082532
0,0,0.31999835
1,0,0.3857439
0,1,0.5172421
1,1,0.50871867
0,0,3.551433e-05
0,0,0.15545154
0,0,0.033079512
0,1,0.8433577
0,0,0.0013287422
0,1,0.6272667
0,0,0.12742457
0,0,0.03700221
0,0,0.4821577
0,0,0.032671265
0,0,0.052047838
0,0,0.001209989
0,1,0.86256707
0,0,0.049488485
0,0,0.35014984
0,0,0.0032956316
0,0,0.002731276
0,0,0.0060576485
0,1,0.88734704
0,0,0.12152359
0,0,0.035791025
0,0,0.002539387
0,0,0.08535963
0,0,0.35194817
0,0,0.21589932
0,0,0.1061212
0,0,0.00033987628
1,0,0.39797768
0,0,0.005021922
0,0,0.024119442
0,0,0.37382394
0,0,0.048908148
0,0,0.046392232
0,1,0.5405939
0,0,0.008111401
0,0,9.438725e-05
0,0,0.28636202
0,1,0.5243055
0,1,0.5927186
0,0,0.32976535
0,0,0.0005184087
0,0,0.013800478
0,0,0.029979628
0,0,0.38825777
0,0,0.30207297
0,0,0.4521857
0,0,0.025472878
0,0,0.3093584
0,1,0.65366626
0,0,0.062547274
0,0,0.33177367
0,0,0.0059640957
0,0,0.20868692
0,1,0.7119157
0,0,0.00021209578
0,0,0.023018602
0,1,0.55530465
0,1,0.7272261
0,0,0.064883456
0,0,0.029013596
0,0,0.03294061
0,1,0.6604494
0,0,0.0060815415
0,0,0.083738394
0,0,0.013748636
0,0,0.40698758
0,0,0.22586237
1,1,0.76424414
1,1,0.50886846
0,0,0.06590528
0,0,0.43191308
0,1,0.6794138
0,0,0.016848618
0,0,0.055714175
0,0,0.0003588808
0,0,0.0010155129
0,0,0.0036124843
0,0,0.056097925
0,0,0.10141412
0,1,0.5104241
0,1,0.553763
0,1,0.560585
0,0,0.34221274
0,0,0.047568806
0,0,0.45434514
0,0,0.15674655
0,0,0.007415884
0,1,0.8156665
0,0,0.00040617195
0,0,0.02459954
1,0,0.48631617
0,0,0.023689657
0,0,0.2592176
0,0,0.14701498
0,1,0.7301422
0,0,0.004461932
0,0,0.06970982
0,1,0.6159491
0,0,0.06692722
1,1,0.70820844
1,1,0.877822
0,1,0.94342077
0,0,0.02562158
0,0,0.18436417
0,0,0.49051243
0,0,0.4059868
0,0,0.21342982
1,0,0.35635823
0,0,0.13710512
0,0,0.014772118
0,0,9.438725e-05
0,0,0.31513357
0,0,0.0018187689
0,0,0.004524848
0,0,0.45330352
0,0,0.00367929
0,0,0.066679336
0,1,0.6883778
1,1,0.6831551
0,0,0.047364537
0,0,0.14530078
0,0,0.4720628
0,0,0.0004010442
0,1,0.6156815
1,0,0.4266817
0,0,0.010873293
0,0,5.9880845e-06
0,0,2.036767e-05
0,0,0.007415884
1,0,0.44843316
0,0,0.29146424
0,0,0.20401667
0,0,0.4721961
0,0,8.9545765e-06
0,0,0.16321658
0,0,0.029110124
0,0,0.060698047
0,0,0.2507036
0,1,0.5783162
0,0,0.30530655
0,0,0.035717044
0,0,0.22993656
0,1,0.52794063
0,1,0.6191946
0,0,0.08218966
0,0,0.055592008
0,0,0.32619956
0,0,0.13858572
0,1,0.6508958
0,0,0.07664551
0,1,0.64976984
0,0,0.23136035
0,0,0.015197661
1,0,0.1076521
0,0,0.043266576
0,1,0.7269403
0,0,5.49799e-05
0,0,0.18343388
0,1,0.51912034
0,0,0.0132480115
0,0,0.47234675
0,0,0.01819499
0,0,0.018146109
0,1,0.69255435
0,0,0.48633412
0,0,0.08327991
0,0,0.38799196
0,1,0.5994263
0,0,0.0055334456
0,0,0.034843672
0,0,0.18381387
0,0,0.012849925
0,1,0.79267585
0,0,0.19956736
0,0,0.0021134869
0,0,0.0016892746
0,0,0.068594314
0,0,0.14120877
0,0,0.28989846
0,1,0.7666918
0,0,0.0030684508
0,0,0.11824158
0,0,0.12713481
1,0,0.3063229
0,0,0.02459954
0,0,0.045961723
0,0,0.10191583
0,0,0.3280911
0,0,3.551433e-05
0,1,0.60854125
0,1,0.6670981
0,0,0.0015356226
0,0,0.010951073
0,0,0.00088038057
0,0,0.0023409098
0,0,0.066819206
0,0,0.100880936
0,0,2.036767e-05
0,1,0.7128928
0,0,0.26342472
0,0,0.035540856
0,0,0.05394452
1,0,0.49964726
0,0,0.007389795
0,1,0.6836062
0,0,0.3027682
0,0,0.33293024
0,0,0.05210587
0,0,0.024696345
0,0,0.0026175154
0,0,0.029302228
0,0,0.20870289
0,0,0.0043953275
0,0,0.13181074
0,0,0.026009068
0,0,0.017598577
0,0,0.11501662
0,1,0.6385935
0,0,0.004917571
0,0,0.4965847
0,1,0.5898658
0,0,0.24370548
0,0,0.05644221
0,0,0.057483602
0,0,0.10158016
0,0,0.07016012
0,0,0.0014257005
0,1,0.76767963
1,0,0.49055982
0,0,0.008916936
0,0,0.0020010874
0,0,0.4959967
0,0,2.1657976e-05
0,1,0.5480694
0,0,0.030854808
0,0,0.22013693
0,1,0.6033773
0,0,0.0004373842
0,0,0.09176634
0,0,0.13868907
0,0,0.026150968
0,0,0.22650903
0,0,0.03398872
0,0,0.4209558
0,0,0.012960787
0,0,0.0963823
0,1,0.86590725
0,0,0.449841
0,0,0.078494236
0,0,0.43250415
0,0,0.2344834
0,0,0.0009178538
0,1,0.5450984
0,0,0.0021134869
0,0,0.010560245
0,0,0.015197104
0,1,0.57599276
0,0,0.0004028096
0,0,0.1343583
0,0,0.001399481
0,0,0.017389396
1,1,0.59339863
0,0,2.036767e-05
0,0,0.1415569
0,0,0.14086735
0,0,0.11027144
0,0,0.02364738
0,0,0.0022738716
0,0,0.11628964
0,0,0.016369954
0,0,0.013240441
0,0,7.0424976e-06
0,0,3.551433e-05
0,0,0.17174858
0,0,0.04163294
0,0,0.0032093937
0,0,0.012168187
0,0,0.3209484
0,0,0.16933188
0,0,0.01690239
0,1,0.7191025
0,0,0.0993025
0,0,0.018403705
0,0,0.110318184
0,0,0.0021770194
1,0,0.17781101
0,0,0.021542754
0,0,9.861033e-06
0,0,0.05725485
0,0,0.39528623
0,0,0.0049719145
0,0,0.034086004
0,1,0.79278576
0,0,0.017648755
0,0,0.038544726
0,0,0.056319207
0,0,0.0053838016
0,0,0.035792716
0,0,0.11951306
0,0,0.040085305
0,0,0.12885009
1,1,0.624407
0,0,0.11764757
1,1,0.5310309
0,0,0.00031028345
0,0,0.116284065
0,0,0.079312176
0,0,0.3656079
0,0,0.070061915
0,0,0.30165914
0,0,0.18335862
1,1,0.68194574
0,0,0.040354792
0,0,0.42976686
0,0,0.053221032
0,0,0.29710412
0,1,0.7136373
0,0,0.0012969008
0,0,0.16089633
0,0,0.00036514713
0,0,0.11389256
0,0,0.4455174
0,0,0.48418087
0,0,0.0974927
0,1,0.60937124
0,0,0.45348254
0,0,0.01230836
0,0,0.17611846
0,0,0.023680838
0,1,0.8828753
0,1,0.609031
0,0,0.044900827
0,1,0.5745582
0,0,8.803076e-05
0,0,0.025288165
0,0,0.35673776
0,0,0.009072597
0,0,0.44003984
0,0,0.09456894
0,0,0.114092916
0,0,0.033769615
0,1,0.66975075
0,0,0.025948238
0,0,0.18438275
0,0,0.102319755
0,0,0.10028983
0,0,0.3748458
1,1,0.54777396
0,0,0.30719545
0,0,0.0097001
0,0,0.00013280073
0,1,0.6360478
0,1,0.59234536
0,0,0.16840203
0,1,0.51414984
0,0,0.16284998
0,1,0.573819
0,0,0.0898905
0,1,0.76918775
0,0,0.055714175
0,1,0.54616064
0,1,0.6771899
0,0,0.3889553
1,1,0.56163514
0,0,0.04872786
0,1,0.83012867
0,0,0.25910515
0,0,0.46056917
0,0,0.066679336
0,0,0.00021422758
1,1,0.6699104
0,0,0.29974988
0,0,0.20258166
0,0,2.036767e-05
1,1,0.5893659
0,0,0.009543696
0,0,0.002482945
0,0,0.0806798
0,1,0.84632576
0,1,0.54183465
0,0,0.06497956
0,0,0.032843392
0,0,0.022802796
0,0,0.049643427
0,1,0.5051979
0,0,0.12880817
0,0,0.010252196
0,0,0.308126
0,1,0.539378
0,0,5.9880845e-06
0,0,0.031453058
0,0,0.00317422
0,0,0.014218181
0,0,0.18519416
0,0,0.2821088
0,0,0.1788683
1,1,0.7967193
0,0,0.12219821
0,0,0.48440412
0,1,0.560034
0,0,0.14417505
0,1,0.6609002
1,1,0.6182045
0,1,0.5841383
0,0,0.003596426
0,0,0.0010238298
0,1,0.7897725
0,0,0.2609658
1,1,0.80772686
0,0,0.015314046
0,0,0.11188878
0,1,0.52898824
0,0,0.23753975
0,0,0.014189752
0,0,0.106086895
0,0,0.45501977
0,1,0.8720213
0,1,0.66701126
0,0,0.06258928
0,1,0.87116474
0,1,0.54222435
0,0,0.3722361
1,1,0.5454174
1,0,0.45509142
0,0,0.10449077
0,0,0.011017581
0,0,0.3227373
1,1,0.6438337
0,0,0.24548797
0,1,0.8336282
0,0,0.008820283
1,1,0.9237785
0,0,0.035557713
0,0,0.004375593
1,1,0.73387295
0,0,0.14381562
0,0,0.019703774
1,0,0.22057612
0,1,0.8691627
0,0,0.102856375
0,0,0.010299513
0,1,0.50198185
0,0,0.13736014
0,0,0.38015038
1,1,0.6964655
0,0,0.23707885
0,1,0.5510861
0,0,0.1655132
0,0,0.39746922
0,0,0.23815197
0,1,0.6616213
1,0,0.4287611
0,0,0.33965424
0,1,0.7231337
0,0,0.0006513722
0,0,0.2491752
0,1,0.62195516
0,0,0.17711224
0,0,0.0063491594
0,1,0.59071225
0,0,0.08226872
0,0,0.22443129
0,1,0.6733436
0,0,0.010270846
0,0,0.037625536
0,0,0.10780856
0,0,0.39417323
0,0,0.3939968
0,0,0.06483742
0,0,0.47221977
0,0,3.3816465e-05
0,0,0.00040063495
0,0,0.095770076
0,0,0.20073375
0,0,0.27053672
0,0,1.3664651e-05
0,0,0.037392087
0,0,0.2489554
0,0,0.024612533
0,0,0.08105725
0,0,0.2726647
1,0,0.2602153
0,0,0.0010751038
0,0,0.04686182
1,1,0.5879192
0,1,0.7549087
0,0,0.458675
0,0,0.16190924
0,0,0.0022748758
0,0,0.24497741
0,0,0.08450382
0,0,0.4142471
0,0,0.46528906
0,0,0.00035109752
0,0,1.7888606e-05
1,0,0.17679995
1,0,0.1329033
0,0,0.06632401
0,0,0.001399481
0,0,0.115639895
0,0,0.34889132
1,1,0.5321103
0,0,0.16065317
0,0,0.022015918
1,1,0.5335369
0,1,0.6367747
1,0,0.029795635
0,1,0.8966587
0,0,0.0004371358
0,1,0.69020987
0,0,0.00572436
0,0,0.27014044
0,0,0.023528079
0,0,0.11016469
0,0,0.0053785467
0,0,0.013594779
0,1,0.5469574
0,1,0.78678656
0,0,0.15136108
0,1,0.6003508
0,0,0.0010965832
0,0,0.06439057
0,0,0.4422326
0,0,0.028828943
0,0,0.001399481
0,0,0.0466897
0,0,0.44062537
0,0,0.19469164
0,0,3.3816465e-05
0,0,0.007684393
0,0,0.20300347
0,0,0.039280754
0,0,0.05015789
0,1,0.8336982
0,0,0.3437333
0,0,0.033666227
0,0,0.0028013277
0,0,0.26582387
0,0,0.36296478
0,0,0.016685205
0,0,0.09274811
0,0,0.39931095
0,0,0.17478079
0,0,0.19435388
0,0,0.009770511
0,0,0.16260593
0,0,0.28382462
0,1,0.5709074
0,0,0.10080685
0,0,0.002193928
0,0,0.3108775
0,0,0.19946674
0,0,0.13979527
0,0,0.005627529
0,0,0.30853003
1,0,0.3996921
0,0,0.02606713
0,0,0.3093043
0,0,0.005975448
0,0,0.14829303
0,0,0.24606232
0,1,0.54001385
0,0,0.1954605
0,1,0.5327071
0,1,0.6457416
0,0,0.13900518
1,1,0.71518636
0,0,0.09212658
0,0,0.07142072
1,1,0.6797985
0,0,0.0034102823
0,0,0.26820174
0,0,0.0001261661
0,0,0.0214634
0,0,0.15081665
0,0,0.070528455
0,0,0.08688815
0,0,0.30951685
0,0,0.26532707
0,0,0.15897733
0,0,0.38579196
0,0,0.49595279
0,0,0.0028009084
0,0,0.18450572
0,0,0.07521396
0,1,0.561794
0,0,0.011216022
0,0,0.026625305
0,0,0.15662922
0,0,0.41968012
1,1,0.68777955
0,0,0.00027726992
0,0,0.09405834
1,1,0.71238244
0,0,0.057979196
0,1,0.63799256
0,0,0.18078558
0,0,0.01402843
0,0,0.087855704
0,0,0.4062535
0,0,0.19573122
0,0,0.013427319
0,0,0.024486436
0,0,0.11256448
1,1,0.7191025
0,0,0.049560286
1,1,0.5802389
0,0,0.34054604
0,1,0.7548937
0,0,0.0334252
0,1,0.5140138
1,1,0.8114961
0,0,0.27014583
1,1,0.5770902
0,0,0.060631137
1,1,0.5192169
0,0,0.28920442
0,0,0.1498321
0,0,0.11261281
0,0,0.2962243
1,1,0.5671548
0,0,0.33347926
0,0,0.06462093
0,0,0.017885339
0,0,0.0025219808
0,0,0.3797745
1,1,0.5621468
0,1,0.7897725
0,0,0.06346099
0,0,0.0025297177
0,0,0.00040617195
0,0,0.032403998
0,0,0.18192604
1,1,0.6575924
1,0,0.4580379
0,0,0.018880425
0,0,0.16839887
0,0,0.108898066
0,0,0.000435402
0,0,0.38654393
0,0,0.00040617195
0,0,0.30502132
1,1,0.9179494
0,0,0.11501027
0,0,0.00038670085
1,0,0.47425085
0,0,0.2542875
1,0,0.43544313
0,0,0.034852523
0,0,0.3984485
0,0,0.19069168
0,0,0.08435369
0,0,0.010535387
0,0,3.2596815e-06
0,0,0.0082456805
0,0,5.9880845e-06
0,0,0.029673956
0,0,0.014405059
0,0,0.03611727
0,0,0.42397088
0,0,0.4061966
0,0,0.34055522
0,1,0.7902671
0,0,0.016729055
0,0,0.18041198
0,0,0.4761267
0,0,0.37024564
0,0,0.021379506
0,0,0.110493414
0,0,0.38397142
0,0,0.0035181455
0,1,0.52343047
1,1,0.6675787
0,0,0.019937783
0,0,0.002034631
0,0,0.022015918
0,0,0.010322982
1,1,0.66648495
0,0,0.0006259591
0,1,0.6027083
0,0,0.16488022
0,0,0.024121184
0,0,0.086439796
0,0,0.37117302
0,1,0.6174121
0,1,0.55658597
0,0,0.10178469
0,1,0.7745077
0,1,0.712821
0,0,0.019118993
0,0,0.009918304
0,0,0.051902935
0,0,0.13462867
0,0,0.00572436
0,0,0.05261943
0,0,0.19727083
0,0,0.25783518
0,0,0.043124218
0,0,0.018633792
0,0,0.15442882
0,0,0.28432173
0,0,0.2289007
0,0,0.016302278
0,1,0.59827894
0,1,0.6584201
0,0,0.0123465685
0,0,0.16815913
0,0,0.25355196
1,1,0.81981504
0,0,0.13188845
0,0,0.0035090165
0,0,0.32859567
0,0,0.0010608066
0,0,0.013135004
0,0,0.2865957
0,0,0.032311533
0,0,0.050364695
0,0,0.110909395
0,0,0.043423507
0,1,0.7710152
0,0,0.023523042
0,0,0.09425614
0,0,0.005997748
0,0,0.005416509
0,0,0.02459954
0,0,0.0010118632
0,0,0.20606785
0,0,0.06916951
0,1,0.7876211
0,0,0.0014662581
0,1,0.5417347
0,0,0.03901938
0,0,0.00031599193
0,1,0.78368336
0,0,0.066679336
0,0,0.08137888
0,0,0.0968772
0,0,0.0025775724
0,0,0.04356759
0,1,0.65336543
0,0,0.113329455
0,0,0.045858502
0,0,0.09074743
0,0,0.23703045
0,0,0.050647374
0,0,0.001399481
0,0,0.28361377
0,0,0.02933885
0,0,0.17091456
0,0,0.031493396
0,0,0.022326622
0,0,0.023953523
0,0,0.15521456
0,1,0.7175476
0,1,0.58743393
0,0,0.3432294
0,0,0.03500091
0,1,0.6753883
0,0,0.07838861
0,1,0.6292158
0,0,0.25082698
0,0,0.18299548
0,0,0.008789194
1,1,0.62648594
0,0,0.15995423
0,1,0.5403727
0,0,0.005833193
0,0,0.17819607
0,0,0.011533933
0,0,0.1908471
0,0,0.46266475
0,0,0.10907753
0,0,0.25717676
0,0,0.3832884
0,0,0.010554955
0,1,0.6556758
1,0,0.03454179
0,0,0.13094416
0,0,0.00040030433
0,1,0.6686636
0,0,0.08254351
0,0,0.09614635
0,0,0.20945086
0,0,0.1597648
0,0,0.4673605
0,0,5.789357e-06
0,0,0.3813451
0,0,0.09257826
0,0,0.14591317
0,1,0.5458261
0,0,0.30227903
0,0,0.21161716
0,0,0.029434789
0,0,0.36770162
0,1,0.6339944
0,0,0.02643382
0,0,0.27642366
0,1,0.5008202
0,0,0.015965287
0,0,0.19480771
0,0,0.049573675
0,0,0.011488172
0,0,0.48366007
0,0,0.0717703
0,0,0.16539459
0,0,0.18866146
0,1,0.65095985
0,0,0.10994933
0,1,0.6400505
0,0,0.0077369474
0,0,0.0022784013
0,0,0.0070895073
0,0,0.022326622
0,0,0.0076364297
0,0,0.00016383467
0,0,0.24040447
0,0,0.07111741
0,0,0.0043842616
0,0,0.0024952213
0,0,0.17499568
0,0,0.2075953
0,0,0.020321338
0,0,0.075991146
0,0,0.4991024
0,0,0.09285955
0,0,0.00096756016
0,0,0.0009649203
0,0,0.002901295
0,0,0.025210842
0,0,7.0424976e-06
0,1,0.73693615
0,0,0.09381862
0,0,0.0018221812
0,0,0.075308435
0,0,0.36304513
0,0,0.055395752
0,0,0.061374918
0,1,0.5191754
0,1,0.5418128
0,0,0.39301777
0,0,0.035589214
0,0,0.12691778
1,1,0.7226423
0,0,0.27244273
0,1,0.7184922
0,1,0.80999744
0,1,0.52731586
0,0,0.10858998
0,0,0.0039227563
0,0,0.43243706
0,0,0.08702556
0,0,0.004435523
0,0,0.14973833
0,0,0.041792918
0,1,0.84582347
0,0,0.10156552
0,1,0.5310309
0,0,0.34357986
0,0,0.0061653038
0,0,0.2554598
0,1,0.5225821
0,0,0.24253993
0,0,0.16329259
0,1,0.7158892
0,0,0.030629061
0,1,0.63955235
0,0,0.038471367
0,0,0.00021970437
0,0,0.3364455
0,0,0.045905884
0,0,0.059417564
0,0,0.028184403
0,0,0.17557386
0,0,0.07357826
0,0,0.48074433
0,0,0.015718324
0,0,0.02081703
0,0,0.26196858
0,1,0.5331672
0,1,0.6587008
0,1,0.5188364
0,0,0.37439346
0,1,0.5316719
0,0,0.0009257182
1,1,0.7684378
0,1,0.64655584
0,0,0.43563822
0,0,0.30864406
0,1,0.50018096
0,0,0.033259794
0,0,0.40416357
1,0,0.0005871508
0,0,0.0026895558
0,0,0.0035859682
0,0,0.00010535771
1,0,0.060136046
0,0,0.0021934665
0,0,0.020073125
0,1,0.5286977
0,0,0.27516013
0,0,0.061889734
0,0,0.10308201
0,0,0.24486007
0,0,0.01989619
0,0,0.07481713
0,1,0.66944134
0,0,0.24367705
1,1,0.74597704
0,0,0.010651125
0,0,0.14702639
0,0,0.0079395
0,0,0.34365726
0,0,0.12066899
0,0,0.15303285
0,0,0.1977223
0,0,0.020252988
0,0,0.005318962
0,0,0.3002351
0,0,0.17092124
0,0,0.046152465
0,0,0.29510608
0,0,0.022326622
0,1,0.544986
0,0,0.14812362
0,0,0.058571354
0,0,0.025318993
0,1,0.68928444
1,0,0.34990916
0,0,0.022326622
0,0,0.005336185
0,0,0.19064239
0,0,0.049876932
1,0,0.48547068
0,0,0.3249985
0,0,0.00021970437
0,0,0.13583165
0,1,0.5581553
1,1,0.7791574
0,0,0.00966897
0,0,0.008341393
0,0,0.0066438466
0,0,0.013028274
0,0,0.20524986
0,0,0.092451975
0,0,0.01883742
0,0,0.09415708
0,0,0.45997015
0,0,0.00011657046
0,0,0.023953523
0,0,0.0037845368
0,1,0.602063
0,0,0.026928393
0,0,5.9880845e-06
0,0,0.010252196
0,0,0.3496357
0,0,0.09513233
0,1,0.619008
0,0,0.39399347
0,0,0.05531603
0,0,0.22788495
0,0,0.42222035
1,1,0.5543124
0,0,0.0027891318
0,1,0.5907443
0,0,0.008971012
0,0,0.35941267
0,0,0.023884878
0,1,0.5599346
0,0,0.12405651
0,1,0.7474904
0,0,0.0018966492
0,1,0.5452976
0,0,0.029804006
0,0,0.2808454
0,0,0.14383492
0,1,0.801678
0,0,0.10610438
0,0,0.0021498268
0,0,0.00090958015
0,0,0.0005486327
0,0,0.16980891
0,0,0.02594751
1,1,0.8494176
0,0,0.00082103524
0,1,0.66442776
0,1,0.5414351
1,1,0.6055897
0,0,0.0150783695
0,0,0.0009843225
0,1,0.531374
0,0,0.016132561
0,0,0.2767048
0,1,0.5263875
0,0,0.37673658
0,1,0.5956052
0,1,0.63057023
0,0,0.0059050755
0,0,0.12766203
0,0,0.029181866
1,0,0.47800592
0,0,0.028811513
0,0,0.24441898
0,0,0.13615873
0,0,0.32389018
1,1,0.8415393
1,1,0.6874479
0,0,0.49482968
0,0,0.10757738
0,0,0.02106553
0,0,0.45622674
0,1,0.7682606
0,1,0.62477624
0,0,0.4258921
0,0,0.020039864
1,1,0.5089126
0,0,0.059490405
0,1,0.52038443
1,1,0.76507974
0,0,0.026961379
0,0,0.14035407
0,0,0.1754111
0,0,0.20685759
0,0,0.057483602
0,0,0.008061404
0,1,0.56442845
0,0,0.16999681
0,0,0.0056949914
0,0,0.13245964
0,0,0.07595798
0,0,0.24338639
0,0,0.24600284
0,0,0.06513533
0,0,0.33663815
0,0,0.10529517
0,0,0.009199929
0,1,0.5477144
0,0,0.13071924
0,1,0.5085898
0,0,0.10768728
0,0,0.0060485112
1,1,0.95380414
0,0,0.19712408
0,0,0.25697073
0,0,0.0017619015
0,0,0.23480833
0,0,0.23001337
0,0,0.021374034
0,0,0.009814575
1,1,0.824981
0,0,0.12495278
0,0,0.29316592
0,0,0.097037464
0,0,2.036767e-05
0,1,0.5490238
0,0,0.0040415945
0,0,0.08501186
0,0,0.16804434
0,0,0.04900438
0,0,0.15612468
0,0,0.19609024
0,0,0.0017125991
0,1,0.52391434
0,0,0.4841023
0,0,0.19356835
0,0,0.0008156551
0,0,0.0003588808
0,0,0.0684996
0,1,0.5938526
1,1,0.5480072
0,0,0.21655597
0,0,0.039764512
0,0,0.0022738716
0,0,0.04636695
0,1,0.8755795
0,0,0.10262202
0,0,0.09827038
0,0,0.020770524
0,0,0.020930722
0,0,0.0064280876
0,0,2.036767e-05
0,0,2.036767e-05
0,0,0.007415884
0,0,0.02608595
0,0,0.004557855
0,0,0.00015503366
0,0,0.3670517
0,0,0.3880937
0,0,0.43307567
1,1,0.83488965
0,0,0.02393161
0,0,0.0009141289
0,0,0.13246441
0,0,0.0055913194
0,0,0.011278514
0,0,0.052059237
0,0,0.22504884
0,0,0.017911153
0,0,0.25274178
0,0,0.07226651
0,0,0.2041804
0,0,0.00013397087
0,0,0.051843442
0,0,0.037035167
0,0,0.068789005
0,0,0.010121694
0,0,0.3721144
0,0,0.0006736513
0,0,0.070650116
0,0,0.05038276
0,0,2.036767e-05
1,1,0.63809854
0,0,0.008932318
0,0,0.35286823
0,0,0.13092974
0,0,0.00013074411
0,0,0.37387657
0,0,0.49810877
0,1,0.79380226
0,0,0.280765
0,1,0.5202624
1,0,0.00015503366
0,0,0.48515838
0,0,0.040148064
0,0,0.059912767
0,1,0.71618086
0,0,0.25132084
0,0,0.026195
0,1,0.5601165
0,0,0.06975855
0,0,0.021374034
1,1,0.6429759
0,0,0.21710159
0,0,0.10490214
1,1,0.89939684
0,0,2.036767e-05
0,0,0.022326622
1,1,0.87374234
0,0,0.077320166
1,1,0.61672026
0,0,0.066746324
0,0,0.00094669545
0,0,0.19402146
0,0,0.021331646
0,0,0.013194878
0,0,0.0029519293
1,0,0.4425939
0,0,4.2072647e-06
0,0,0.034720145
0,0,0.02307147
0,1,0.64836997
0,1,0.7418268
0,0,0.09159621
0,0,0.24575543
0,0,0.1745017
0,0,0.45795664
0,0,0.106589474
0,0,0.40166315
0,0,0.19594942
0,0,0.15066275
0,0,0.027960153
0,0,0.010046975
0,0,2.036767e-05
0,0,0.010779004
1,0,0.42571294
0,0,0.10518805
0,0,0.00013524208
0,0,0.007906824
0,0,0.38354087
0,0,2.4835883e-06
0,0,0.15452607
1,0,0.0024141278
0,0,0.35706487
0,0,0.21953744
1,0,0.38944283
0,1,0.6466164
0,0,0.03825312
0,0,0.09564276
0,0,0.4040116
0,0,0.46288687
1,1,0.64678675
0,0,0.2562457
0,0,0.077482305
0,0,0.029577835
0,0,0.094992325
0,0,0.43255877
0,0,2.6174616e-06
1,1,0.7394838
0,1,0.5213825
0,0,0.14715944
0,0,0.28732935
0,0,0.060110755
0,0,0.0932843
0,0,0.00041046803
0,1,0.5670709
0,0,0.0026175154
0,0,0.018808061
0,0,0.061354376
0,1,0.6149876
1,1,0.7070692
0,0,0.33153763
0,0,0.0032755267
0,0,0.05080998
0,0,0.01203323
0,0,0.4911921
0,1,0.5727078
0,0,0.2549344
0,0,0.38044155
0,0,0.0007193071
0,0,3.5347588e-05
0,0,0.20860994
0,0,0.016185855
0,1,0.51973915
1,0,0.32954842
0,0,0.062374827
0,0,0.06841722
0,0,0.062570125
0,0,0.007415884
0,0,5.9880845e-06
0,0,0.13830991
0,0,0.0029582304
0,1,0.92598355
0,0,0.20437865
0,0,0.2888226
0,1,0.7258294
0,0,0.14652015
0,0,0.22231624
0,0,0.0867723
0,0,0.11749308
1,1,0.838959
0,0,0.048247967
0,0,0.044666067
0,0,0.22251813
1,1,0.6797985
0,1,0.6156871
0,0,0.096361466
0,1,0.68632495
0,0,0.0043382132
0,0,0.0336321
0,0,0.19305755
0,0,0.34439516
0,0,0.3625826
0,0,0.05490003
0,0,0.010450095
0,0,0.28432173
0,1,0.69061875
0,1,0.7699369
0,0,0.0007193071
0,0,0.3474341
0,0,3.551433e-05
0,0,0.21953565
0,0,0.0048258663
0,0,0.3152688
0,0,0.011951882
0,0,0.25086814
0,0,0.41959715
0,0,0.007851107
0,0,0.062242832
0,0,3.6702e-06
1,1,0.64687026
0,0,0.0010817235
0,0,0.3788584
1,1,0.84165144
0,0,0.009770511
0,0,0.098362915
0,1,0.9577855
0,1,0.5875854
0,0,0.18953806
1,1,0.8454797
0,1,0.54715157
0,1,0.52256304
0,0,0.043478098
1,1,0.524667
0,1,0.83310634
0,0,0.035589214
0,0,0.4470977
0,0,0.107559994
1,1,0.98017395
1,0,0.48604286
0,0,0.030309372
0,0,0.005724099
1,1,0.66987103
0,0,4.397811e-06
0,1,0.72879386
0,0,0.0011561926
0,0,0.0056495913
0,1,0.6174287
0,0,0.050769072
0,0,0.24175772
0,1,0.87071955
0,0,2.036767e-05
0,0,0.011473166
0,0,0.3159387
1,1,0.5444735
0,0,0.0816326
0,0,0.098161146
0,0,5.9880845e-06
0,0,0.061249573
0,0,0.1677518
0,0,0.46964282
0,0,0.17180037
0,0,0.2503322
0,0,0.008347931
1,1,0.7757274
0,0,0.12283885
0,0,0.0054147216
0,1,0.81741464
0,0,0.02459954
0,0,0.016852845
0,0,0.41156998
0,1,0.54389334
0,0,0.022326622
0,0,0.36330658
0,0,0.185193
0,0,0.012026424
0,0,0.04737113
0,0,0.216758
0,0,0.02351083
0,0,0.08452282
0,1,0.5993824
0,0,0.21964574
0,0,0.030193727
0,0,0.066679336
0,0,0.12620427
0,0,0.2848919
0,0,0.37308484
0,1,0.64588356
0,0,0.06827222
0,0,0.048252724
0,0,0.08307177
0,0,0.21082486
1,1,0.8688197
0,0,0.06625527
0,0,0.06443695
0,0,0.027960153
0,1,0.67807376
0,0,0.02468383
1,0,0.11921367
0,0,0.09014246
0,0,0.2257621
1,0,0.30046895
0,0,0.44660783
0,0,0.00062230317
0,0,0.18407434
1,0,0.46778944
1,1,0.53147256
0,1,0.53853744
0,0,0.37742004
1,1,0.91560227
0,0,0.30437875
1,1,0.7460533
0,0,0.016832843
0,0,0.46729225
0,0,0.06359415
0,0,0.026734823
0,0,0.44095638
0,0,0.003546392
0,0,0.29289648
1,0,0.23955885
0,0,2.036767e-05
0,1,0.53513616
0,0,0.0936795
0,0,0.0013821259
0,0,0.22219825
1,1,0.64015776
0,0,0.1704678
0,1,0.60139894
0,0,0.10039353
0,0,0.004836382
0,0,0.0815462
0,0,0.10228997
0,0,0.008895092
0,0,1.64395e-05
0,0,0.15323453
0,0,0.0114617115
0,0,0.350853
0,0,0.34301752
0,0,0.11763616
0,0,0.027118655
0,1,0.6030094
0,0,3.8619022e-05
0,0,0.24530028
0,0,0.010651125
0,0,0.28662702
0,0,0.32226133
0,1,0.59133065
0,0,0.046245072
0,1,0.64297867
0,1,0.7167069
1,0,0.24685161
0,1,0.59949124
0,0,0.022326622
0,0,0.21740963
0,0,0.0028963815
0,0,0.36583832
0,0,0.0004650291
0,0,0.011715453
0,0,0.13377124
0,1,0.7727053
0,0,0.3252561
1,1,0.7706286
0,0,0.034582946
0,0,0.08342217
0,0,0.27696052
1,0,0.4295858
0,0,0.004478418
0,0,0.07379043
0,0,0.06526453
0,0,0.09123838
0,1,0.54255044
0,1,0.6173251
0,0,0.48090717
0,0,0.07077798
0,1,0.8978997
0,0,0.040491384
0,0,0.03505136
0,0,0.45827663
0,1,0.5942188
0,1,0.6157288
0,0,0.18380204
0,0,0.03628444
1,1,0.5014692
0,0,2.036767e-05
0,0,0.00040617195
0,0,0.0049291463
0,0,0.015308755
0,0,0.19607918
0,0,0.45599183
0,0,0.0011886944
0,0,0.013258588
0,0,0.0013080518
0,1,0.7020901
0,0,0.060521338
0,0,0.4664678
0,1,0.7089263
0,0,0.035589214
0,1,0.56946534
0,1,0.96613264
0,1,0.6877951
0,0,0.14710107
0,0,0.11608808
1,1,0.80741215
0,0,0.091696694
0,0,0.0036694363
0,0,0.00088067586
0,1,0.7967193
0,0,0.040760837
0,0,0.47192943
0,0,0.026907977
0,0,0.008895092
0,0,7.0424976e-06
0,1,0.72415274
0,0,0.32820058
1,0,0.4848899
1,1,0.77295905
0,0,0.044860233
0,1,0.61976516
0,0,0.008002767
1,0,0.34011066
0,0,0.02142724
1,1,0.5785934
0,0,0.14697392
0,0,0.024929529
0,0,0.08410776
1,0,0.19564657
0,0,0.000561101
0,0,0.32404548
0,0,0.24077801
0,1,0.72426087
0,0,0.24470675
0,0,0.1795931
0,0,0.03228372
0,0,0.33456022
0,0,0.4792327
0,0,0.13039114
0,0,0.00028894178
0,1,0.6008899
0,0,0.048005436
0,0,0.00023337138
0,0,0.022015918
0,0,0.057483602
0,1,0.77221656
1,1,0.648918
0,0,0.2573347
0,1,0.895956
0,0,0.3242057
0,0,0.10389375
0,0,0.030650754
0,0,1.3664651e-05
0,0,0.054525826
0,1,0.64991707
0,1,0.5232854
0,0,0.24351606
1,0,0.10883356
1,1,0.6520682
1,1,0.82855237
0,0,0.0064280876
0,0,0.0013129114
0,0,0.28480086
0,0,7.0424976e-06
0,1,0.6677142
0,0,0.08096573
0,0,0.00029718594
0,0,0.08903103
0,0,0.30421677
0,0,0.11404001
0,1,0.716594
0,0,0.00069067377
0,0,0.116058834
0,0,1.3664651e-05
0,0,0.16630803
0,1,0.5978718
0,0,0.18663688
0,0,0.07232233
0,0,0.07891427
0,0,0.068039484
0,0,0.23683284
0,0,0.3978759
0,0,0.032640725
0,0,0.011408009
0,1,0.7343247
0,0,0.20199293
0,0,0.3553801
0,0,0.17265193
0,0,0.15236989
0,0,0.023103287
1,0,0.4519468
0,1,0.5168143
0,0,0.010358317
0,0,0.06310634
0,0,0.1343583
0,1,0.6169437
0,0,0.020265883
0,0,0.029196277
0,0,8.841556e-06
0,0,3.1191942e-06
1,0,0.07184742
0,0,0.14071475
0,0,0.005416735
0,1,0.6139715
0,1,0.563331
0,0,0.0035330984
0,0,0.32494867
0,1,0.80820215
0,0,0.04168195
0,0,0.005202017
0,0,0.1269491
0,1,0.58451116
0,0,0.0063820225
0,0,0.043439653
0,0,0.07161756
1,1,0.67078847
0,0,0.46714476
0,0,0.20568341
0,0,0.00053081
0,0,0.12926903
0,0,0.027741045
0,1,0.5921141
0,0,0.10370846
0,0,0.0003588808
1,0,0.25085685
0,0,0.13181107
0,0,0.015740242
0,0,0.21267211
0,0,0.41869015
0,0,0.4375283
0,0,0.049818143
0,1,0.7020901
1,1,0.6052156
0,0,0.11864663
0,0,0.089173935
0,0,0.0155739505
0,0,0.0014334059
0,0,0.08448152
0,0,0.0023336334
0,0,0.0041328236
0,0,0.15461475
1,0,0.4602729
0,0,0.011350771
0,1,0.6824171
0,0,0.16896372
0,0,0.34938744
0,1,0.6213121
0,0,0.017886829
0,0,0.017416866
0,0,0.0021134869
0,0,0.05856549
0,1,0.81473243
0,1,0.58303976
1,1,0.78544796
0,0,0.0020791434
0,0,0.23574883
0,0,0.09822568
0,0,0.42092165
0,0,0.42077774
0,0,0.057483602
0,0,0.10891769
0,1,0.7160887
0,0,0.11976332
1,0,0.41520885
1,1,0.6040202
0,0,0.0041216286
0,0,0.008656597
0,0,0.35110214
0,0,0.19099395
0,0,0.34961018
0,0,0.32848
0,0,2.1657976e-05
0,0,0.37701365
1,1,0.71899253
0,0,0.010121694
0,0,0.00088038057
0,1,0.56329
0,0,0.18341526
0,0,0.12633638
0,0,0.04640108
0,0,0.0040076068
0,0,0.06763639
0,1,0.8018775
0,0,0.15951887
0,0,0.28038183
1,1,0.8507621
0,0,1.3664651e-05
0,0,0.042441156
0,0,0.031473584
0,0,0.030756935
0,0,0.23540124
0,0,0.07152833
0,0,2.036767e-05
0,0,0.08046351
0,0,0.00088374235
1,1,0.7198454
0,1,0.62717825
0,1,0.5994131
0,0,0.003350753
0,0,0.016124956
0,1,0.5942378
0,0,0.040597152
0,1,0.887107
0,0,0.047330998
1,1,0.6587008
0,0,0.48158646
0,0,0.23209439
0,0,0.33623347
1,1,0.63813704
0,0,0.18914378
0,1,0.85528386
0,0,0.16446327
0,0,0.43255877
0,0,0.02856888
0,1,0.68917114
0,0,0.006713437
0,0,0.0038158223
0,0,0.12091073
0,0,0.09737642
0,0,0.23836891
0,1,0.7828275
0,0,0.122337975
0,0,0.009799308
0,0,0.006396359
0,1,0.6243356
1,1,0.9920293
0,0,2.036767e-05
0,0,0.19563566
0,0,0.11696557
0,0,0.02519141
0,0,0.16190472
0,0,0.34030047
0,1,0.6654152
1,0,0.4224936
0,0,0.17579356
1,0,0.08693015
0,0,0.17949183
0,1,0.75330114
0,1,0.5796978
1,0,0.34661362
0,1,0.5075423
0,0,0.07456935
0,1,0.79057425
1,1,0.9494432
0,0,0.003391957
0,0,0.16637152
0,1,0.5538117
0,0,0.28180325
0,0,0.049650252
0,0,0.053777292
0,0,0.004110095
0,0,0.05230578
0,0,0.003259511
0,0,4.0465213e-05
0,1,0.6168165
0,1,0.70725405
1,0,0.21298763
0,0,0.17220342
0,0,0.23436019
0,0,0.05189131
0,0,0.006585088
0,1,0.55717343
1,0,0.07701183
0,0,0.016759265
0,0,0.46042833
0,0,0.052101467
0,0,0.017707678
0,1,0.8307133
1,0,0.08137729
0,0,0.32601753
1,1,0.54159635
0,0,0.16658898
0,0,0.39293763
0,0,0.13424551
0,0,0.19093762
0,0,0.10798533
0,0,0.0011561926
0,0,0.15651973
0,0,0.04389179
0,0,5.9880845e-06
0,0,0.03901938
1,1,0.6699174
0,0,0.33628395
0,0,0.09269724
0,0,0.0009380379
0,0,0.067638665
0,1,0.8469532
1,1,0.6086705
0,0,0.26232243
0,1,0.6250483
0,1,0.5166314
0,0,0.0509782
0,0,0.05240151
0,0,0.025948238
0,0,0.05564907
0,0,0.00081976334
0,0,0.45241138
0,0,0.36961886
0,1,0.54008543
1,1,0.58355516
1,1,0.8613443
0,0,0.03157819
0,0,0.03984392
0,0,0.24499276
0,0,0.0010335954
0,0,5.789357e-06
0,0,0.35294935
0,0,0.1864836
0,0,0.018094499
0,0,0.031466447
0,1,0.5222679
0,0,0.024957757
0,0,0.104863524
1,1,0.5376001
0,1,0.5809456
0,0,0.0700886
0,0,0.022326622
1,0,0.43593615
0,0,0.14584123
0,0,0.080168955
0,0,0.04016213
0,1,0.7541835
0,0,0.13142936
0,0,0.00094669545
0,0,0.002548578
0,1,0.65477633
0,0,0.009896284
0,0,5.339022e-05
0,0,0.003571169
0,1,0.5720178
0,1,0.5084604
0,0,0.009879165
0,0,0.2856799
0,0,0.020475654
0,1,0.5434183
0,1,0.5157571
0,0,0.047208164
0,0,0.26499376
1,0,0.31370747
0,0,0.42158175
0,0,0.47220105
0,0,0.0781172
0,0,0.10235372
0,0,0.027567873
0,0,0.3635449
0,1,0.6641862
0,1,0.7050088
0,0,0.40830213
0,1,0.8387099
0,0,0.009270615
0,0,0.156423
1,1,0.5696078
0,0,0.06614216
0,1,0.7562461
0,0,0.016709553
0,0,0.37243164
0,1,0.55471367
0,0,0.4350925
0,0,0.15970016
0,0,0.23098937
0,0,0.059441216
0,0,0.008081023
0,0,0.42430902
1,0,0.4072752
0,0,0.16603923
0,0,0.018146109
0,0,0.11792154
1,1,0.888501
0,0,0.03740751
0,0,1.4030268e-06
1,0,0.06400471
0,0,0.056570783
0,0,0.011892055
0,0,0.032640725
1,0,0.48526123
0,1,0.5034522
0,0,0.11345286
0,0,0.2836442
0,0,0.38133013
0,0,0.37131792
0,0,0.014079935
0,0,0.16248219
0,0,0.03901938
0,0,0.18085761
0,0,0.096782774
0,0,0.059352238
1,1,0.6567645
0,1,0.75537604
0,0,0.005261983
0,0,0.29675293
0,0,0.38488698
1,1,0.77486885
0,0,0.084299855
0,0,0.0020274085
0,0,0.24447323
1,1,0.5811581
1,1,0.9741411
0,1,0.77091694
0,0,0.48112485
0,0,0.0007616469
0,0,0.0014556498
0,0,0.26168522
0,1,0.65476143
0,1,0.5597041
0,0,0.25221002
0,0,0.25054428
0,0,0.028833134
0,0,7.0424976e-06
0,0,0.00024296076
0,0,0.4464643
0,0,0.049438745
0,1,0.5674364
0,0,0.018498216
0,0,7.0424976e-06
0,0,0.007156847
0,0,0.02342236
0,0,3.551433e-05
0,1,0.70942885
0,0,0.023491407
0,0,0.04322121
0,0,0.06352216
0,0,2.547437e-05
0,0,0.491707
0,0,0.017045174
0,0,0.49972346
0,1,0.67816764
0,0,0.09329465
0,0,0.07330324
0,0,0.009250862
0,0,0.0019401929
0,0,0.0003597284
1,0,0.46426934
0,1,0.67807627
0,0,0.029788181
0,0,0.20235163
0,1,0.73985445
1,1,0.8269664
0,0,0.26621383
0,0,0.35602167
0,0,0.06730681
0,0,0.027077246
1,0,0.4427552
1,0,0.09176634
0,0,0.16938156
1,1,0.57256967
0,0,0.47061136
0,0,0.065921925
0,0,0.29608715
0,0,0.007833395
0,0,0.3853071
0,0,0.0061456016
0,0,0.36039078
0,0,0.005416735
0,1,0.513125
0,1,0.5506543
0,0,0.27553067
0,0,0.28806522
0,0,0.0026175154
0,0,0.24297118
0,0,0.086356424
0,0,0.12849043
0,0,0.09871055
0,0,0.022326622
0,0,0.18208985
0,0,0.006450263
0,1,0.60497755
0,1,0.86100173
0,0,0.42561302
0,0,0.36049992
0,1,0.75172514
0,0,0.00847906
0,0,5.446899e-06
0,0,0.07681022
0,0,0.42933965
0,0,0.038285185
0,0,0.4792253
0,0,0.06665822
0,0,0.009147528
0,0,0.28482234
0,1,0.6261085
0,0,0.14138916
0,0,0.007415884
0,0,0.035589214
0,0,0.10962686
0,0,0.03783313
0,0,0.00027499712
0,0,0.022326622
0,0,0.3179221
0,0,0.030439874
0,0,0.061617788
0,0,0.0077209077
0,1,0.73477614
0,1,0.50452566
0,0,0.23710564
0,0,0.035770763
0,1,0.79240316
1,0,0.30129045
0,0,0.21105735
1,1,0.6788828
0,0,0.014794947
1,0,0.36305407
0,0,0.0032386638
0,0,0.015282132
0,0,0.24465045
0,0,0.07626931
0,0,0.33875588
0,0,0.0021134869
0,0,0.065802775
0,1,0.7143197
1,1,0.88193744
0,0,0.030043863
0,0,0.12971191
0,0,0.4209058
0,0,0.025948238
0,0,0.37774286
0,0,0.0042384486
0,0,5.49799e-05
0,0,0.09893334
0,0,0.027366849
0,0,0.315747
1,1,0.80542177
0,0,0.07235006
0,0,0.005394127
0,0,0.0050603966
0,0,0.005394127
0,0,0.013623937
0,0,0.06748578
0,0,0.005261219
0,0,0.049277175
0,1,0.63080364
1,1,0.72765857
0,0,0.029804006
0,0,0.052487444
1,1,0.56873184
0,0,0.021175064
1,1,0.8493266
0,0,0.39613473
0,0,0.18208484
0,0,0.0011584272
0,1,0.5075793
0,0,0.005222367
0,0,0.17214443
1,1,0.8802191
0,0,0.16962178
0,1,0.64110017
0,0,0.010779004
0,0,0.22372791
0,0,0.48451433
0,0,0.035624877
0,0,0.0116777
0,0,0.13863793
0,1,0.61370736
0,0,0.0089954
0,0,0.28776452
0,1,0.5304179
1,1,0.6637626
0,0,0.4455174
0,0,0.21866426
0,1,0.58276117
0,0,0.21612722
0,0,0.00033665355
0,0,0.02933885
0,1,0.5043823
0,0,5.9880845e-06
0,0,0.13725482
0,0,0.16545197
0,0,1.4450035e-05
0,0,0.3688996
0,0,0.12258742
0,0,0.026554218
0,0,0.13587217
0,0,0.037158225
0,1,0.81012475
0,0,0.030018806
0,0,0.19586334
0,0,0.09992728
0,0,0.41379705
0,0,0.2016376
0,1,0.6218199
0,0,0.0005505127
0,0,0.07842604
0,0,0.076269366
0,0,0.010651125
0,1,0.7500586
1,1,0.8275679
0,0,0.045465138
0,0,0.2865957
0,0,0.14080636
0,0,0.031740636
0,0,0.0010393289
0,0,0.09395993
0,0,1.3664651e-05
0,0,0.15215023
1,1,0.70654464
1,1,0.56292397
0,0,0.0033073886
0,0,0.0026175154
0,0,0.46655792
1,1,0.87650496
0,1,0.7626815
0,0,0.0027163725
0,0,0.24727948
0,0,0.0449714
0,1,0.84352297
0,0,0.020144986
1,1,0.8635516
0,0,5.9880845e-06
0,1,0.6163096
1,0,0.21200979
0,0,0.002889651
0,0,0.024119442
1,1,0.78138936
0,0,0.022786498
0,0,0.24066558
0,0,0.0031130502
0,0,0.08531841
0,0,0.006320603
0,0,0.19632387
0,0,0.024601381
0,0,0.073401734
0,0,0.016709553
0,0,0.4475248
0,0,0.04713584
0,0,0.090726286
1,0,0.16743217
0,0,0.047864735
0,0,0.1810121
1,0,0.319711
0,0,0.02264809
0,0,0.12603024
0,0,0.012392944
0,0,2.036767e-05
0,0,0.24972776
0,0,0.07429994
0,0,0.048247967
0,0,0.020011334
0,0,0.11207345
0,1,0.5621391
0,0,0.025948238
0,0,0.00076598144
0,0,0.07644277
0,0,0.12921514
0,0,0.0020001326
0,1,0.53944516
0,0,0.00022024549
0,0,0.11429994
0,0,0.011704863
0,0,0.0037845368
0,0,0.11521383
0,1,0.777175
0,1,0.67816764
0,0,0.042769395
0,1,0.6653051
0,0,0.24362361
0,0,0.37746653
0,0,0.06403132
0,0,2.036767e-05
0,0,0.00094669545
0,0,0.29555678
0,0,0.17838077
0,0,0.048075426
0,0,0.40779796
0,0,0.066679336
0,0,0.16292118
0,0,0.2139067
0,0,0.032992
0,0,0.07389578
1,1,0.619702
0,0,0.1904299
0,0,0.427823
0,0,0.35632163
0,0,0.11551656
0,0,0.0007193071
0,0,2.036767e-05
0,0,0.06936993
0,0,0.01531156
0,0,0.11458781
0,0,0.006344372
0,0,0.33987457
0,0,0.07267163
0,1,0.6511145
0,0,0.0011926112
0,0,0.4567681
0,0,0.0025426694
0,0,0.2782786
0,0,0.34366915
0,0,0.009600376
0,0,0.26390037
0,0,0.00021422758
0,0,0.08628385
0,0,0.17229317
0,0,0.007471049
0,0,0.023213802
0,0,0.04567476
0,0,0.09657905
0,0,0.047150224
0,0,0.022326622
0,0,0.027368143
0,0,0.19841844
0,1,0.6111428
0,0,0.0627411
0,0,0.12219821
0,0,0.00051133585
1,1,0.5563584
0,0,0.055558022
0,0,0.053334504
0,0,0.027441585
0,0,0.05988028
0,0,0.12325591
0,0,0.37832442
0,1,0.94174534
0,0,0.013434345
0,0,0.09062935
0,0,0.0893741
0,0,0.12872012
0,0,3.3816465e-05
1,1,0.6127342
0,1,0.785463
0,0,0.26983392
1,0,0.3965297
0,1,0.63540775
0,0,0.23776063
0,1,0.56402487
0,0,0.03809524
1,0,0.32445773
1,0,0.044044133
0,0,3.4940287e-05
0,0,0.092393905
1,1,0.8992554
0,0,0.21899407
0,0,0.38285825
0,0,0.034415595
0,0,0.24168144
0,0,0.0119846715
0,0,0.021175064
0,0,0.360932
0,0,0.22333395
0,0,0.40545094
0,0,0.35783997
0,0,0.13506785
1,0,0.3656394
1,0,0.32319385
0,0,0.00011216894
0,0,0.013668183
0,0,0.002512461
0,0,0.060300346
0,0,0.30213612
0,0,0.02933885
0,0,0.07977363
0,0,0.12093044
1,1,0.74703306
0,0,0.043332353
0,0,0.49093464
0,0,0.07118885
0,0,0.26887873
0,1,0.5154335
0,0,0.02779008
0,0,0.36735162
0,0,0.117386244
0,0,0.14975157
0,0,0.120910846
0,1,0.554551
0,0,0.34677932
0,1,0.50612664
0,1,0.6119215
0,0,0.067794174
0,1,0.7912924
0,0,0.3157215
0,0,0.00072092254
0,0,0.009394698
0,0,0.09285955
0,0,0.08070979
0,0,0.1442242
1,0,0.18458346
0,0,0.027273662
0,0,0.47106904
0,0,0.00086468767
0,0,0.12624945
1,1,0.74745685
0,0,0.35429683
0,0,0.38305092
0,1,0.93800914
0,0,0.025649467
0,0,0.037851468
0,0,0.15342909
1,1,0.6312177
0,0,0.074096054
0,0,0.17959796
0,0,0.0074257716
0,0,0.013486509
0,0,1.8727049e-05
0,0,0.11305432
0,0,0.08249778
0,0,0.0186062
0,0,0.022271043
0,0,2.036767e-05
1,0,0.007503685
0,0,0.02206388
0,0,0.044002883
0,0,0.27725065
0,1,0.50055695
0,0,0.15431611
0,0,0.44846338
0,0,0.011881733
0,0,0.0011199302
1,1,0.7720532
0,0,5.49799e-05
0,0,0.24254645
0,0,0.0043933396
0,0,1.5079799e-05
0,0,0.17258583
0,0,0.04381634
0,1,0.7593859
0,0,0.11908578
0,0,0.017018447
0,0,0.38274163
0,1,0.74541247
0,0,0.18547279
0,0,0.037378848
0,0,0.19695957
0,1,0.6921191
0,0,0.216873
0,0,0.010779004
0,0,0.34506553
1,1,0.68373424
0,0,0.008147489
0,0,0.4061145
0,0,0.036377426
0,0,0.0824803
0,0,0.059949845
0,0,0.002833897
0,0,0.04479155
0,1,0.5049818
0,0,0.43169636
0,0,0.034387913
0,0,0.20494337
0,0,0.00196342
0,0,0.23481363
0,0,0.07306753
0,1,0.54512304
0,0,0.19505902
0,0,0.15120177
0,0,0.019194428
0,0,0.2882759
0,0,0.03667543
1,1,0.83242357
0,0,0.24087
0,0,0.24652748
0,1,0.5719244
0,0,0.06972321
0,0,0.022880888
0,1,0.6235888
0,0,0.0365228
0,0,0.13365565
0,0,0.18704727
0,0,0.4195185
0,0,0.12901239
0,0,0.14888522
1,1,0.77959406
0,0,0.1970009
0,0,0.05210587
0,0,0.04965543
0,0,0.052962504
0,0,5.49799e-05
0,0,0.19854054
0,0,0.4125918
1,0,0.47826
0,0,0.25152612
0,0,0.1898249
0,1,0.6901176
0,1,0.5103411
0,0,0.19505902
0,0,0.15474413
0,0,0.025224132
0,0,7.827e-05
0,0,0.02933885
0,0,0.25971824
0,0,0.13039608
0,0,0.024119442
0,1,0.62648594
0,0,0.035008308
0,1,0.51047117
0,0,0.32567295
1,1,0.8731139
0,0,0.16922538
1,1,0.6394564
1,1,0.8778804
0,0,0.04946143
0,0,0.38549167
0,0,0.10625467
0,1,0.5893917
0,0,0.007748854
0,0,0.042075254
0,0,0.36902538
0,0,0.03633152
0,0,0.027017768
0,0,0.13125192
0,0,0.06512033
0,1,0.60260504
0,1,0.6665091
0,0,0.0033813333
0,0,0.26168522
0,0,0.24088256
0,0,0.07740819
1,1,0.7590029
0,0,0.018808061
0,0,0.46753445
0,0,0.123002544
0,1,0.5350153
0,0,0.0025814357
0,0,0.07626931
1,0,0.053041127
0,0,0.28594157
0,0,0.3543839
1,0,0.30967245
0,0,0.005416735
0,0,0.29145074
0,0,0.015454286
0,0,0.14760752
0,0,0.04747232
0,1,0.62819403
0,0,0.001399481
0,0,0.17072815
0,1,0.55265963
0,0,0.005304413
0,0,0.16612202
0,0,0.12283885
0,1,0.5942188
0,1,0.54476756
0,1,0.59219366
1,0,0.0046160417
0,0,0.09436193
0,1,0.62950623
0,0,0.22615829
0,0,0.00051636086
0,0,0.022326622
0,1,0.5731248
0,0,0.07122617
0,0,0.00036441477
0,0,0.010147626
0,0,0.22320412
0,0,0.03523751
0,0,0.02369834
0,1,0.5475516
0,0,0.00020739526
0,0,0.058125004
1,1,0.66715956
0,0,0.06630733
0,0,0.17747675
0,0,1.3664651e-05
0,0,0.07224433
0,0,0.03648316
0,0,0.29410055
0,0,0.06422414
0,0,5.9880845e-06
0,0,0.005416735
1,1,0.6584088
0,0,0.21629417
0,1,0.716264
0,0,0.01819499
0,0,0.021307116
0,0,0.0052352496
0,0,0.10489667
0,0,0.12382463
0,0,0.4224376
0,0,7.6462995e-05
0,0,0.39598134
0,0,1.7888606e-05
0,0,0.38621548
0,0,0.052156314
0,0,0.06381128
0,0,0.17633407
0,0,0.0006952861
0,0,0.2990889
0,0,0.43269375
0,0,0.38107452
1,1,0.6302028
0,0,0.45893678
0,0,0.1064475
0,0,0.06906893
0,0,0.0011310084
0,0,0.47918004
0,0,0.1383519
0,0,0.032462366
0,0,0.00096418976
0,0,0.0022799443
0,0,0.0049291463
0,1,0.68976545
0,0,0.48350105
0,0,0.46812898
0,0,0.21158934
0,1,0.7082756
0,0,0.0009824632
0,0,0.25044978
0,0,0.0172691
0,0,0.103316635
0,0,0.33689544
0,0,0.16858575
0,0,0.14819165
0,0,0.0051995004
0,0,4.0524133e-06
0,0,0.0022029288
0,0,0.4032776
0,0,0.031234104
0,0,0.024638886
0,0,0.02933885
0,0,0.06970982
0,0,0.031832296
0,0,5.49799e-05
0,0,0.15246344
0,0,0.027853815
0,1,0.5011652
0,0,0.003506968
0,0,0.3459649
1,0,0.3712435
0,0,0.06538146
0,0,0.08887903
0,0,0.0002507867
0,0,0.16882731
0,1,0.7347862
0,0,0.08266254
1,1,0.8018684
1,1,0.73445505
0,1,0.72302467
0,0,0.06714772
0,0,0.12442497
0,0,0.022326622
0,0,0.12244387
0,0,0.0047143092
0,0,0.18498288
0,0,0.014356484
0,0,0.4109591
0,0,0.11208794
0,0,0.05080998
0,1,0.6251274
0,0,0.0034102823
0,0,0.3502245
0,0,0.281608
0,0,0.012072396
0,1,0.932996
0,0,0.06782964
0,0,0.2090333
0,0,0.17287742
0,0,0.28197488
1,1,0.69914377
0,0,0.37428048
0,1,0.8795595
0,0,0.0037081246
0,1,0.6272667
0,0,0.01778019
0,0,0.22592695
0,0,0.23968284
0,1,0.80996245
1,0,0.44046104
0,1,0.5797327
0,0,0.06288822
0,1,0.5504175
0,0,0.0030511417
0,0,0.16513053
1,1,0.919176
0,0,0.029396366
0,0,0.04168261
0,0,0.084116496
0,0,0.054776963
0,0,0.08628385
0,0,0.4897184
0,0,0.0014660752
0,0,0.00050677045
1,1,0.72483134
0,0,0.22265342
0,0,5.49799e-05
0,0,0.009590157
0,0,0.16202082
0,0,0.059242263
1,1,0.5749237
1,0,0.39627352
0,1,0.8083822
0,0,0.1699462
0,0,2.036767e-05
0,0,0.04851521
0,0,0.003904612
1,1,0.63224083
0,0,0.08226872
0,0,0.07644277
0,0,0.40726668
0,0,0.30388474
0,0,0.33314833
0,0,0.025290314
0,0,0.020218523
0,1,0.8659311
0,0,0.28731462
0,0,0.00572436
0,1,0.6653051
0,1,0.8054724
0,0,0.46108836
0,0,0.058319386
0,1,0.91124785
0,0,0.02725865
0,0,0.0046444726
0,1,0.684371
0,0,0.005474394
0,0,0.0050512967
0,0,0.10858998
0,0,0.057292648
0,0,0.04384198
0,0,0.076231055
0,0,0.0010170445
0,0,0.4797169
0,0,0.027532792
1,1,0.60919523
0,1,0.72422314
0,0,0.273331
0,1,0.6272943
0,0,0.0569882
0,0,0.3306965
0,0,0.056087885
0,1,0.5557686
0,0,0.018841114
0,0,0.0071411626
0,0,0.11422639
0,0,0.0006497796
0,0,0.0018571378
0,0,0.3473159
0,0,7.0424976e-06
0,0,0.21601368
0,0,0.010252196
0,0,0.019426132
1,1,0.6884004
0,0,0.024121184
1,0,0.29311585
0,0,0.0013432354
0,0,0.0025372258
0,0,0.052614592
0,1,0.9204354
0,0,0.11834643
0,0,0.09285333
0,0,0.003601318
0,0,0.28975514
0,0,0.4047512
0,0,0.00027011966
0,0,0.16114299
0,0,0.055245016
0,0,0.35163102
0,0,0.0036875955
0,0,0.12552701
0,0,0.07881526
0,0,0.41494435
0,0,0.14316995
0,0,0.120189376
0,0,0.04135989
0,0,0.013766234
0,0,0.12098419
0,1,0.70827264
0,0,0.1882283
0,1,0.5832723
0,0,0.04777728
0,0,0.045980994
0,0,0.023140255
0,1,0.54205555
0,0,0.06628311
0,1,0.80797374
0,0,0.06803407
0,0,0.043601763
0,0,0.0021810627
0,1,0.79552513
0,0,0.044383626
0,0,0.01028122
0,1,0.520402
0,1,0.8454306
0,1,0.59961134
0,0,0.050210543
0,0,8.745862e-06
0,0,0.25780496
0,0,0.24319915
0,0,0.0070538227
0,0,0.4998671
0,0,0.106280915
0,0,0.0060919384
0,0,1.64395e-05
0,0,0.03051866
1,1,0.80990213
1,0,0.19572058
1,1,0.97671866
0,0,0.00082657614
0,0,0.057483602
1,1,0.74059516
0,0,0.002098205
0,0,0.022326622
0,0,0.0151553275
0,0,0.024119442
0,0,0.022805989
1,0,0.0089714825
0,0,0.2943212
0,0,0.05487361
0,0,0.3444632
0,0,0.018012907
0,0,0.0032595266
1,0,0.18895906
0,0,0.057354916
0,0,0.22236334
0,0,0.15912336
0,0,2.036767e-05
0,0,0.21410246
0,0,2.036767e-05
0,1,0.74736136
0,0,0.047402054
0,0,0.049502272
0,0,0.023459746
0,0,0.10165984
0,0,0.0140160695
0,0,0.0974815
0,0,0.25887385
0,0,0.49441275
0,0,0.02274108
0,1,0.73445505
0,0,0.3702176
0,0,0.005416735
0,0,0.00025862313
0,1,0.5258184
0,0,0.45381495
0,0,0.15206443
0,0,0.46804607
0,0,0.056295328
0,0,0.062095564
0,0,0.11401821
0,0,0.22410862
0,0,0.3889595
0,0,0.029627215
0,0,0.046502296
0,0,0.11788049
0,0,0.007556136
0,1,0.5621468
0,0,0.3015541
0,0,0.49103653
0,0,0.0040774993
0,0,0.005416735
0,1,0.54881436
0,1,0.5526795
0,1,0.5551529
0,1,0.52864844
0,0,0.49169984
0,0,0.2541114
0,0,0.42779037
0,0,0.070208244
0,0,0.22094825
0,0,0.18425697
0,0,0.0001760186
0,1,0.8195164
0,0,0.29715472
1,1,0.63452125
0,0,0.15674655
0,1,0.65678644
0,0,0.038139474
0,0,0.4498671
0,0,0.26245388
0,1,0.69265187
0,1,0.6758773
0,0,0.33398715
0,0,0.089733355
0,0,0.08524926
0,0,0.009043788
0,0,0.109960206
0,0,0.10378676
0,0,0.28494206
0,0,5.9880845e-06
0,0,0.031695288
0,0,0.43984002
0,1,0.5576238
0,0,0.40978825
0,0,0.065975204
1,0,0.064443275
0,0,0.25502908
0,0,0.25217384
0,0,0.018270414
0,1,0.8334336
1,1,0.54077077
0,0,0.061570447
0,0,0.11766295
0,1,0.6049622
0,0,0.0016233141
0,0,5.9880845e-06
0,0,0.31288707
1,1,0.5703351
0,0,0.00081976334
0,0,0.055714175
0,0,0.33811313
0,0,0.06789543
0,0,0.044082753
0,1,0.7506407
0,0,0.29651043
0,0,0.07716242
0,1,0.5636372
0,0,0.12685679
0,0,0.1385229
0,0,0.030974565
0,0,0.19183598
0,0,0.036221363
0,0,0.10451793
0,0,0.0059050755
1,0,0.060793936
0,1,0.71647805
0,1,0.60339123
0,0,0.00821484
0,0,0.24748625
0,0,0.12254897
0,0,0.14650576
0,0,0.36120796
0,0,0.13016148
1,1,0.67909384
0,0,0.28614408
0,0,0.3073779
0,0,0.25699118
0,0,0.02933885
0,0,0.106527895
0,0,0.1343583
0,0,0.057833407
0,0,0.46163172
0,0,3.905908e-06
0,0,0.30841094
0,0,0.44511518
0,0,0.27732414
0,0,0.05374565
0,0,0.0027566613
0,0,0.009888325
0,0,0.23161034
0,0,0.055193305
0,0,0.0003262525
0,0,0.020923488
0,0,0.19701941
1,1,0.58579695
0,0,0.013988971
0,0,0.037980504
0,0,0.15823153
0,1,0.53226537
0,0,0.00082427706
0,0,0.11999373
0,0,0.009943303
0,0,0.14120324
0,0,0.059242263
0,0,0.09286232
0,0,0.16650844
0,0,0.12273824
0,0,0.19213375
0,0,0.24664861
0,1,0.7193473
0,0,0.015045681
1,1,0.8818858
0,0,0.19305459
0,0,0.091906704
1,1,0.7489621
0,1,0.502223
0,0,0.4479298
0,0,0.10643894
0,1,0.62418777
0,0,0.43544313
0,0,0.034152143
0,0,0.49148932
0,0,0.0917924
0,0,0.28112897
1,0,0.37017727
0,0,0.22680192
0,0,0.022171983
0,0,0.09106309
0,0,0.07101339
0,1,0.6527203
0,0,0.05914343
0,0,0.35985214
0,1,0.6067557
0,0,0.020244056
0,0,0.0010245137
1,1,0.61011463
0,0,0.25217384
0,1,0.58330816
0,0,0.3114687
0,1,0.5164789
0,0,0.49297595
0,0,0.14007871
0,0,0.051545378
0,0,0.2139067
0,0,0.07394234
0,0,0.09316612
0,0,0.0017676691
0,0,0.009545842
0,0,0.028292095
0,0,0.0033871215
1,0,0.07707707
0,0,0.093557835
0,0,4.453665e-05
0,0,3.551433e-05
0,0,0.36961046
0,0,0.00021970437
0,0,0.069746606
0,0,0.038136072
0,0,0.025948238
0,0,2.036767e-05
0,0,0.07661789
0,0,0.071028285
0,0,0.030898113
0,0,2.036767e-05
0,0,0.041224778
0,0,0.1073379
0,0,0.11101585
0,0,0.48839146
0,0,3.6702e-06
0,1,0.71931237
0,0,0.34353456
0,1,0.69947714
0,0,0.097798064
0,0,3.8619022e-05
0,0,0.11006696
0,0,0.041608367
1,1,0.8829382
0,0,0.04492617
0,0,0.028494755
0,0,0.10334878
0,0,0.006387561
0,0,0.0043382132
1,0,0.10373185
0,0,0.061764106
1,1,0.7967193
0,0,0.45614377
1,1,0.93867993
0,0,0.29327127
0,0,0.00092716806
0,0,0.0024051059
0,0,0.06632401
0,0,6.2989915e-05
1,1,0.62223274
0,0,0.011343919
0,0,0.020266702
0,0,0.4595609
0,0,0.07892739
0,1,0.5810707
0,1,0.64363223
0,0,0.057628114
0,0,0.040468633
0,0,0.1988604
0,0,0.32841146
0,0,0.00040617195
0,1,0.6405446
0,1,0.8843841
0,0,0.42725402
0,0,2.036767e-05
0,0,0.4179132
0,0,0.22110973
0,0,0.35685343
0,0,0.10968405
0,0,0.110569336
0,0,0.108671546
0,0,0.02348448
0,0,0.024700824
0,0,0.12801296
0,0,0.36747456
0,0,0.22701904
1,1,0.8048663
0,0,0.014054803
0,0,0.0028480077
1,0,0.25368056
0,0,0.13174586
0,1,0.8755405
0,0,0.10780718
0,0,0.08502139
0,0,0.48526123
0,1,0.750179
0,0,9.438725e-05
0,0,0.16989188
0,0,0.32988214
0,0,0.06061638
1,1,0.97949857
0,1,0.6009742
0,0,0.088726625
0,1,0.78792936
0,0,0.04527841
0,0,0.001399481
0,0,0.04427033
0,0,0.0010118632
0,0,0.055053774
0,0,0.09305054
0,0,0.08028387
0,0,0.040418223
0,0,0.25254956
0,0,0.20606785
0,0,1.5079799e-05
1,0,0.35551417
0,1,0.62049633
1,1,0.7869424
0,0,0.20891137
0,0,0.015391464
0,1,0.69018847
0,0,0.10191583
0,0,0.31094214
0,0,0.027631635
0,0,0.35970432
0,0,0.067396976
0,0,0.022494994
0,0,0.28438684
0,1,0.786965
0,0,0.0037845368
0,1,0.63865525
1,0,0.13886358
1,0,0.11507232
0,0,0.0142518645
0,1,0.6854911
0,1,0.6139228
0,1,0.73022014
0,0,0.49279502
0,0,0.2795005
1,0,0.22255932
0,0,0.06859392
0,0,0.3615897
0,0,0.19755433
0,0,0.099502854
0,0,0.0032900008
0,1,0.651115
0,0,0.018037708
0,0,0.10717269
0,0,0.062547274
0,0,0.027040051
0,1,0.7807742
0,0,5.49799e-05
0,1,0.8889862
1,0,0.24722876
0,0,0.33228976
0,1,0.7501644
0,0,0.00925254
0,0,1.7888606e-05
1,1,0.8984261
0,0,0.0022738716
0,0,0.15153036
0,0,0.14813712
0,0,0.042050246
0,0,0.009600376
0,1,0.6198818
0,1,0.8836732
0,0,0.14341953
1,0,0.049876932
0,0,0.11608368
0,1,0.7020901
0,1,0.5961021
0,0,0.038463503
0,0,0.22765654
0,0,0.019708656
0,0,0.0070951316
1,0,0.13385771
0,0,0.15351187
1,0,0.024947966
0,0,0.49678323
0,0,0.14030938
0,0,0.056484003
0,0,0.11050698
0,0,0.00027237058
0,1,0.8226955
0,1,0.507303
0,1,0.70845896
0,1,0.5116678
0,0,0.0111269755
1,1,0.5394706
0,0,0.39640152
0,0,0.36720002
0,0,0.39774287
0,0,0.19280237
0,0,0.09714069
0,0,0.055772875
0,0,0.2360855
0,0,0.43372262
1,1,0.77416277
0,1,0.72786605
0,0,0.00031599193
0,0,0.013184699
0,0,0.062374827
0,0,0.3447094
1,1,0.79255587
0,0,0.16025127
0,0,0.00013280073
0,1,0.5919747
0,0,0.010410132
0,1,0.5988621
0,0,0.034367148
0,0,0.042269118
0,0,0.02747206
0,0,6.9997885e-05
0,0,0.010332243
0,0,0.3819726
0,0,0.04674683
0,1,0.6316072
1,1,0.94836116
0,0,0.26151678
0,0,0.05555522
0,0,0.019407548
1,0,0.38501793
1,1,0.63245654
0,0,0.2796167
0,0,0.0021407146
0,0,0.3463676
0,0,0.16190137
0,0,0.036342572
0,0,2.036767e-05
0,0,0.4683338
1,1,0.54075515
0,1,0.5588182
0,0,0.068251275
1,1,0.65644974
0,0,0.052630603
0,0,0.09805454
0,0,0.07430206
0,0,0.11199274
0,1,0.61978704
0,0,0.032775242
0,1,0.6307702
1,0,0.36726955
0,0,0.2062925
0,0,0.26318198
0,0,0.2903908
0,0,0.0026134667
0,0,0.05965673
0,0,0.0577734
0,0,0.04157918
0,0,0.04264354
0,0,0.35752955
0,0,0.0016233141
0,0,0.25507814
0,0,0.15332472
0,0,0.028134912
0,0,0.43188262
0,0,0.102696806
0,0,0.1396202
0,0,0.067219585
0,0,0.00085021404
0,0,0.00028728516
0,0,0.00020739526
0,0,0.030252075
0,0,0.007415884
0,0,0.17529033
0,1,0.9904241
0,0,0.30560717
0,0,0.007415884
0,0,0.43599942
0,0,0.027540347
0,0,0.07773574
1,1,0.7657011
0,0,0.062122714
0,0,0.009300298
0,1,0.54599535
0,0,0.23599854
0,0,0.017406385
1,1,0.85672027
0,0,0.05448462
1,1,0.5450788
0,0,0.14247005
1,1,0.8824636
0,1,0.59468806
0,0,0.43133152
0,1,0.6445083
0,0,0.40114677
0,0,0.20313103
0,0,0.118272305
0,0,0.115639895
0,0,0.3717042
0,0,0.085501716
0,1,0.5332427
0,0,5.339022e-05
0,0,0.4287611
0,1,0.51494986
0,0,0.15452607
1,1,0.9697099
0,0,0.0026175154
0,0,0.27914628
1,1,0.7806687
0,0,0.19715586
0,0,0.012965412
0,0,0.21599913
0,0,0.05296956
0,0,0.03930843
0,0,0.007415884
0,0,0.28487295
0,0,0.32762071
0,0,0.0013020155
0,0,0.4631631
0,0,0.004980211
0,0,0.2887882
0,0,0.1655119
0,1,0.6034713
0,1,0.5254519
0,0,0.14755331
0,0,0.24565071
0,0,0.00017048513
0,0,0.021182034
0,0,0.0991038
0,0,0.28165436
0,0,5.9880845e-06
0,0,0.38877538
0,0,0.09493932
0,0,0.00630625
0,0,0.0104974685
1,0,0.01641283
0,0,0.26493624
0,0,0.31602135
0,0,0.02390942
0,0,0.024121184
0,0,0.4420275
0,0,0.30716252
0,1,0.8880846
0,0,0.054903843
0,0,0.14915833
0,0,0.37024334
0,0,0.116138645
0,0,0.3498821
1,1,0.66125154
0,0,0.20427427
0,0,0.26420075
0,1,0.59477735
0,0,0.36682338
0,0,0.41849872
0,1,0.56767595
1,1,0.7030518
0,0,0.007957929
0,0,5.9880845e-06
0,1,0.52570486
0,0,2.6174616e-06
0,0,0.45009434
0,0,0.36357853
0,0,0.38983005
0,0,0.065667875
0,0,0.31824666
1,0,0.23529539
0,0,0.14933628
0,0,0.18429908
1,0,0.021548882
0,1,0.6113956
0,0,0.0016121553
0,0,0.43832228
0,0,0.01571642
0,0,0.4184078
0,0,0.096321926
0,0,0.15686305
0,0,0.019645642
0,0,0.2831042
0,0,0.0019689642
0,1,0.77492225
0,1,0.702403
0,1,0.73820615
0,1,0.59027827
0,0,0.091785796
0,0,0.003636429
0,0,0.024119442
1,0,0.37420797
0,0,0.110412315
0,0,0.005055775
0,0,0.0778234
0,0,0.22401062
0,0,0.039427068
0,0,0.01731234
0,0,0.043053072
1,0,0.15632068
0,0,0.40614957
0,0,0.08080984
0,0,0.11613569
0,0,0.009888325
0,0,0.018197222
0,0,0.10179172
1,1,0.5264995
0,0,0.042886063
0,1,0.70004773
0,0,0.13650334
0,0,0.08231121
1,1,0.51647604
0,0,0.005415122
0,0,0.39074904
0,0,0.001209989
0,0,0.2523822
0,0,0.46992528
0,0,0.33587855
0,0,0.29832587
0,1,0.6102349
0,1,0.5865279
0,0,0.00021422758
0,0,5.9880845e-06
0,0,0.00010788709
0,0,0.09069505
0,0,0.0014711518
0,0,0.45608196
0,0,0.013668183
0,1,0.54238486
0,0,0.14658967
1,0,0.2514376
0,0,0.05398034
0,1,0.59466904
0,0,0.0045187734
0,0,0.30081692
0,0,0.004110156
0,0,0.19612971
0,1,0.67511976
0,0,0.10292669
0,0,1.3664651e-05
0,0,0.0014349526
0,1,0.87585837
0,1,0.6060723
0,0,0.009134438
0,0,0.00077964464
0,0,0.055388488
0,0,0.12730297
1,0,0.37112415
0,0,0.005724867
0,0,0.1985634
0,0,0.023738824
1,1,0.63526714
0,0,0.24465325
1,1,0.5511829
0,1,0.70248866
0,1,0.73382217
0,0,0.45728126
0,0,0.012045696
0,0,0.062569685
0,0,0.01665665
0,0,0.027080242
0,0,0.064765364
0,0,0.4052756
0,0,5.49799e-05
0,0,0.405393
1,1,0.60115117
0,0,0.0004625912
0,0,0.36735433
0,0,0.035948884
0,1,0.88274133
1,0,0.21299823
0,0,0.00023785743
0,0,0.0026620885
0,0,0.09853366
0,0,0.45328924
0,1,0.669213
0,0,0.3092618
0,0,0.22325732
0,0,0.3169442
0,0,0.012223984
0,0,0.3283956
0,0,0.16068889
0,0,0.12098419
0,0,0.01979792
0,0,0.012348231
0,0,0.02933885
0,0,0.0010392042
0,0,0.25660557
0,0,0.0003717269
0,0,0.041262563
0,0,0.012633809
0,0,0.009569269
0,0,0.44703785
0,1,0.52105564
1,0,0.17382753
0,0,0.37673658
0,0,0.0005970138
0,0,0.007415884
0,0,0.027627543
0,1,0.7163875
0,0,0.124102265
0,1,0.5440215
0,0,0.16258824
1,0,0.19074272
0,0,0.0083438195
0,0,0.006836942
0,0,0.1412474
0,0,2.036767e-05
0,1,0.5146835
1,0,0.45990956
0,1,0.58978546
0,0,0.1212399
0,0,0.06496084
1,1,0.7567642
0,0,0.48865128
0,0,0.18188699
0,0,0.15369177
0,0,0.30462864
0,1,0.7481471
0,0,0.19126424
0,0,0.21336073
1,1,0.9818173
0,0,0.008524327
0,0,0.011366418
1,0,0.22219723
1,0,0.4985424
0,1,0.55438864
0,0,0.47371426
0,0,0.10333305
0,0,0.03673835
0,1,0.6450989
0,0,0.08717862
0,0,0.014012398
0,0,0.1669372
0,0,0.32415766
0,0,0.024491938
0,0,0.050938666
0,0,0.028505467
0,0,0.28719696
0,0,0.2686531
0,0,0.041301318
0,0,0.001209989
0,0,0.082741104
1,1,0.7271847
0,0,0.031227732
0,0,0.010942373
0,0,0.13990444
0,0,5.9880845e-06
1,1,0.68441737
0,0,0.49729237
0,0,0.0046655987
0,0,0.03327264
0,0,0.1349796
0,0,0.011409192
0,0,5.9880845e-06
0,0,3.551433e-05
0,0,0.052164793
0,1,0.71899253
0,0,0.42930576
0,0,0.16804044
0,0,0.06999327
0,0,0.07225731
0,0,0.026468152
0,0,0.0010118632
0,0,0.0002689589
0,0,0.21802698
1,1,0.82519805
0,0,0.042269118
0,0,0.10891769
0,0,0.076474234
0,0,0.31352603
0,0,0.00010788709
0,1,0.7262182
0,0,0.19189464
0,0,0.00014356071
0,0,0.031303145
0,0,0.104180574
0,0,3.6702e-06
0,1,0.73315173
0,0,0.07445934
0,0,0.37052324
0,0,0.4771605
0,0,0.39208925
0,0,0.3358358
0,0,0.091917574
0,0,0.0686552
0,1,0.7201201
0,0,0.2495605
0,0,6.2796476e-06
0,0,0.32734954
0,0,0.1534987
0,0,0.04212424
0,0,0.003270897
0,0,0.03887753
1,0,0.21543923
0,0,0.2749472
0,0,0.0021590474
0,0,0.0047496674
0,0,0.04639533
0,0,0.17905676
0,1,0.74860895
0,0,0.009486587
0,0,0.13815962
0,0,0.026639435
0,0,0.0041022426
0,0,0.2998974
0,0,0.022326622
0,0,0.10346675
0,0,0.009888325
0,0,0.4351427
0,0,0.0032494597
0,0,0.022326622
0,0,0.16772893
0,0,2.036767e-05
0,0,0.16025008
0,0,0.20721194
0,0,0.3123512
0,0,0.08096573
0,0,0.46127906
0,0,0.036567
0,1,0.6042469
0,0,0.05490003
0,0,0.04976376
0,0,0.45837525
1,0,0.12897311
0,0,0.41060498
0,0,0.21869011
1,0,0.38563022
0,0,0.023645988
1,0,0.4230245
0,0,0.001839869
1,1,0.955155
0,0,0.007415884
0,0,0.16883272
0,0,0.01778692
0,1,0.8691087
0,0,0.34233072
0,0,0.007917177
0,0,0.0016918457
0,0,0.15589039
0,0,0.46964282
0,1,0.6138182
1,0,0.29633263
0,1,0.52143043
0,0,0.004629942
0,0,0.042069353
0,0,0.01002063
0,0,0.06588573
1,1,0.5051246
0,0,0.07617391
0,0,0.01513687
0,0,0.013668183
0,0,0.33516115
0,0,0.0062597026
0,0,0.31332275
0,0,0.06985343
0,0,0.4633863
0,0,0.21612722
0,0,0.00051636086
0,0,0.27617356
0,0,4.0465213e-05
0,0,0.42847735
0,0,0.12782863
1,1,0.9151361
0,0,0.03222499
0,0,0.49675027
0,0,0.04245445
0,0,0.4653019
1,0,0.483028
0,1,0.5450788
0,0,0.4153005
0,1,0.5967442
0,0,0.08070131
1,0,0.27480212
0,0,0.024166802
0,0,0.123800226
0,0,0.16879237
0,0,0.0010673612
0,1,0.79255587
1,0,0.38331732
0,0,0.017363962
0,1,0.62788355
0,0,0.030024733
0,0,0.09441567
0,1,0.93358266
0,0,0.0026175154
0,0,0.0010691233
0,0,0.0056534605
0,0,0.005311623
0,1,0.6770302
0,1,0.83733326
1,1,0.60260504
0,0,0.015174234
0,0,0.2358206
0,0,0.0018261664
0,0,0.3716332
0,0,0.17584947
0,1,0.61988777
0,0,0.06315422
0,1,0.6489454
0,0,0.083131775
1,0,0.4315981
0,1,0.5671548
0,0,0.019903542
1,0,0.048991002
0,0,0.11594479
0,0,0.012858282
0,0,0.005998928
0,0,0.14565513
0,0,5.9880845e-06
0,0,0.0064280876
0,0,0.36057937
0,0,0.2900179
0,1,0.8763359
0,0,0.10369665
0,0,0.1686303
0,0,0.34335205
0,0,0.3524672
0,0,0.08628385
0,0,0.05526994
0,0,0.48198357
1,1,0.8546625
0,0,0.18096492
0,0,0.12101159
0,0,0.15565306
0,0,0.3977983
0,0,0.06785622
0,0,0.0023627633
0,0,0.015621425
0,0,0.21617393
0,0,0.014078769
0,0,0.18039832
0,1,0.50233024
0,0,8.9545765e-06
0,0,0.45664814
0,1,0.5004501
0,0,2.036767e-05
0,1,0.8410178
0,0,0.15089603
0,0,0.4616145
0,0,0.055794347
1,0,0.16756149
0,0,0.09702591
0,0,0.007415884
0,0,0.30837634
0,0,0.06513533
0,0,0.12283885
1,1,0.7708862
0,0,0.008487466
0,0,0.19458368
0,0,0.02390942
0,0,0.31010583
0,0,0.40497082
0,0,0.015950676
0,0,0.022015918
0,0,0.27565908
0,0,0.00085021404
0,0,0.18006092
0,0,0.14900112
0,1,0.72980404
0,0,0.49630073
0,0,0.00073549116
0,1,0.671264
0,0,0.47629204
0,0,0.007415884
0,0,0.14994197
0,0,0.2621825
0,1,0.930404
0,1,0.5723852
0,0,0.13068132
0,0,0.05490003
0,1,0.74288404
0,0,0.39311484
0,0,0.02107391
0,0,0.14697392
0,0,2.1657976e-05
0,1,0.66715956
0,0,0.076975584
0,0,0.25475654
0,0,0.4633148
0,0,0.012801507
0,1,0.5746265
0,0,0.05199497
0,0,2.1657976e-05
0,0,0.04871505
0,0,0.24598639
0,0,0.16799232
0,0,0.07965898
0,0,0.0025795249
0,0,0.010914824
0,0,0.06569932
1,1,0.6109513
0,1,0.64705217
0,0,0.0038560887
0,0,0.0041070827
0,1,0.67622167
0,0,0.19489717
0,0,0.062916115
0,0,0.050478905
0,0,0.337745
0,0,0.1661426
0,0,0.117254995
0,1,0.87609255
0,1,0.57256967
0,0,0.00024296076
0,1,0.75506896
0,0,0.027017768
0,0,0.017898727
0,0,0.025307806
0,0,0.20094629
1,1,0.97003
1,1,0.6390848
0,0,0.06919597
0,0,0.009150489
0,0,0.16015103
1,0,0.18390849
0,0,0.39162576
1,1,0.751591
0,0,0.00034554873
0,0,0.00051636086
0,0,0.48478383
0,0,0.2773242
0,0,0.15729654
0,0,0.005416735
1,1,0.8252839
0,0,1.2899287e-05
1,0,0.3093271
0,0,0.054985628
0,0,0.00017535406
0,1,0.91550857
0,0,0.33371562
0,0,0.02647193
0,0,0.17220342
0,0,0.26389626
0,1,0.6305202
0,0,0.00015943006
0,0,0.24724525
0,0,0.07790903
0,0,2.1657976e-05
0,0,0.20429993
0,0,0.42579052
1,1,0.62877107
0,0,0.013435167
0,0,0.052614592
0,1,0.7412222
0,0,0.012736509
0,0,0.04498288
0,1,0.6263978
0,0,0.20257887
0,1,0.5105725
0,0,0.06275776
1,1,0.79904926
0,0,5.9880845e-06
0,0,0.49894127
0,0,0.29069194
0,0,0.07968736
1,0,0.27827916
0,0,0.007415884
0,0,0.4799868
0,0,0.017436095
0,0,0.0017619015
1,1,0.5091758
0,0,0.42143518
0,0,0.08350536
0,0,0.0034102823
1,0,0.4187163
0,0,0.4795893
0,0,0.37529334
0,0,0.13039114
0,0,0.10024929
0,0,0.017389396
0,0,0.03901938
0,1,0.54484767
0,0,8.841556e-06
0,0,0.40409565
0,0,0.013570661
0,0,0.48162946
0,1,0.5908615
0,0,0.02729946
0,0,0.1324565
0,0,0.32742614
0,0,0.015164852
0,0,0.0451395
0,0,0.497471
0,0,0.14553414
0,0,5.49799e-05
0,0,0.20336716
0,0,0.09323294
0,0,0.1314268
0,1,0.78438115
0,0,0.011882758
0,0,0.0443644
0,0,0.10166912
0,0,0.3717042
0,0,0.09787837
0,0,0.0036413234
0,0,0.12517326
0,1,0.6455329
0,1,0.6641862
0,0,0.003039959
0,0,0.14159095
0,1,0.67446107
0,0,0.027432714
1,0,0.30057377
0,1,0.6096087
0,0,0.0064280876
1,0,0.029413464
1,0,0.1276311
0,0,0.3646427
0,0,0.039789923
0,0,0.014991825
0,0,0.05473613
0,0,0.1423962
0,0,0.00072047027
0,0,0.09800138
0,0,0.1690515
0,0,0.0078818025
0,0,0.041301318
0,0,0.0029726813
0,0,0.2112813
0,1,0.71349645
0,0,0.057483602
0,0,0.1016912
0,0,0.22662593
0,0,0.04130214
0,0,0.12362245
0,0,0.4134096
0,0,0.00069129013
0,1,0.6256911
0,0,0.044161446
0,0,0.37871003
0,1,0.64555466
0,0,0.29676735
0,0,0.42596582
0,0,0.14381562
0,1,0.5521822
1,1,0.6826437
0,0,0.37490708
0,0,0.047284726
0,0,2.1657976e-05
0,1,0.9004163
0,0,0.002908022
0,0,0.025948238
0,1,0.57808787
0,0,0.4029293
0,0,0.4487822
0,0,2.036767e-05
0,0,2.036767e-05
0,0,0.49225459
0,1,0.5682657
1,0,0.39085656
0,1,0.5630499
0,1,0.50097847
0,0,3.551433e-05
0,0,0.11308979
0,0,0.4059868
1,1,0.7542046
0,0,0.4074914
0,0,7.0424976e-06
0,0,1.7888606e-05
0,0,0.064609416
0,1,0.5621391
0,0,0.052259568
0,1,0.7061766
0,0,0.49956283
0,0,0.07844086
0,0,0.05249324
0,0,0.096965544
0,0,0.04942081
0,0,0.06342508
0,0,0.1376964
0,0,0.022326622
0,0,0.21433872
0,1,0.71850926
0,0,0.082512766
0,0,0.16002005
0,0,0.036668044
0,0,0.022555672
1,0,0.23567806
0,0,0.023645988
0,1,0.5478392
0,0,0.3949025
0,0,0.055714175
0,1,0.5939077
0,1,0.54059136
0,0,0.014178564
0,0,0.034092348
0,0,0.006180779
0,0,0.029344544
0,0,0.10285026
0,1,0.5757374
0,0,0.089173935
0,0,0.30527458
1,1,0.5285925
0,0,0.36443534
1,1,0.86460865
0,0,0.19219959
0,0,0.037464194
0,0,0.036021966
0,0,0.09286232
0,0,0.0028530348
1,0,0.3459649
0,1,0.7781483
0,0,0.020379765
0,0,0.23884182
0,0,0.00010506596
0,0,0.025948238
0,0,2.0387513e-05
0,1,0.8736492
0,0,0.13772596
0,0,0.05773884
1,0,0.45653015
0,0,0.472529
0,0,0.004359802
0,0,0.30723256
0,0,0.0043382132
0,0,0.016867671
0,0,0.009888325
0,0,0.041771073
1,0,0.004039702
0,0,6.430666e-05
1,0,0.30101842
0,0,0.4929646
1,1,0.78741014
0,0,0.0074257716
0,0,0.20689207
0,0,0.37213665
1,0,0.47156668
0,0,0.13790272
0,1,0.56934303
0,0,0.021652434
0,0,0.049414553
0,1,0.53362054
0,0,0.12219821
0,1,0.82023364
0,0,0.0043382132
0,0,0.22119488
0,0,0.11521775
0,1,0.5571434
1,0,0.2762332
0,0,0.00036497173
1,0,0.17819133
0,0,0.14517489
0,0,0.018259294
0,1,0.50049335
0,0,0.007741521
0,1,0.89108
0,0,0.41144952
0,1,0.50103045
0,1,0.54849505
0,0,0.12783985
0,0,0.020019906
0,0,0.1234815
0,0,0.051902935
0,0,0.002833897
0,1,0.62157845
1,1,0.5788242
0,0,0.123996176
0,0,0.045142867
0,0,0.029565329
0,0,0.35760456
1,0,0.46263945
0,0,0.33048743
1,1,0.60757595
0,0,0.016008126
0,0,0.015568037
0,1,0.5213138
0,0,5.789357e-06
0,1,0.53321743
1,1,0.8711809
0,0,0.010751531
1,1,0.75549006
0,1,0.61922073
0,0,0.19125882
0,0,0.32785368
1,0,0.12187795
0,0,0.026348047
0,1,0.7968426
0,0,5.9880845e-06
0,0,0.09094214
0,0,0.27617034
0,0,0.33179668
0,1,0.5168863
0,1,0.62338585
0,0,0.029728971
0,0,0.024811074
1,0,0.08084934
0,0,0.40943387
0,0,0.00032340197
0,0,0.028087536
0,0,0.004166816
0,0,0.082203746
0,0,0.23117535
1,1,0.64975095
0,0,0.0007073214
0,0,0.06901089
0,0,0.009153776
0,0,0.02404962
1,1,0.80067605
0,1,0.6955784
0,0,0.48839146
0,1,0.5538122
0,0,0.4904085
0,0,0.012705362
1,1,0.5195445
0,0,0.24559446
0,0,0.002482945
0,0,0.26498535
0,0,0.05188328
0,1,0.68645257
0,0,0.19695231
0,0,0.0065095318
0,0,0.005684427
0,0,0.37017727
0,0,0.22261158
0,0,0.025948238
0,1,0.5936741
0,0,0.45963672
0,0,0.36874747
0,0,0.0014905708
0,0,0.39270547
0,0,0.0064528915
0,0,0.052251488
0,0,0.22265342
0,0,0.037954308
0,0,0.010034093
0,0,0.0880765
0,0,0.23540124
1,1,0.920402
0,0,0.42969763
0,0,0.0003588808
0,0,0.010217186
0,0,0.08231121
0,1,0.6459665
0,0,0.22317635
0,1,0.6804907
0,0,0.0660502
0,0,0.09814376
0,0,0.053720713
0,1,0.56042933
0,0,0.03990705
1,0,0.36106616
1,0,0.029931718
0,1,0.6457642
0,0,0.013093756
0,0,0.18062611
0,1,0.7119157
0,0,0.012969538
0,0,0.0536628
1,1,0.9481411
0,0,0.0034102823
0,0,0.4133096
0,0,0.27202505
0,0,0.0064187204
0,0,0.2140064
1,0,0.4396937
0,0,5.8881404e-05
0,0,0.1716471
0,0,0.0013080518
0,0,0.09098764
0,0,0.39659452
0,0,0.1984141
0,0,0.056311566
0,0,0.06833805
0,0,0.008527789
0,0,0.0010245137
0,0,0.107836865
0,0,0.28340343
1,1,0.5939665
0,0,0.39497676
0,0,1.4030268e-06
0,0,0.047330998
0,0,0.0012111795
1,1,0.5467271
0,1,0.67633253
0,0,0.0095891785
0,0,0.09358966
0,0,0.04962469
0,0,0.009974624
0,0,0.028581912
0,1,0.54164743
0,1,0.7119568
0,0,0.119490884
0,0,0.4362662
0,0,0.38621548
0,0,0.032792687
0,0,0.23317067
1,0,0.44491598
0,0,2.036767e-05
1,1,0.64650023
0,0,0.015559877
0,0,0.3023695
0,0,0.09855871
0,0,0.058039095
0,0,0.037292216
0,0,0.09128228
0,0,0.279625
0,0,0.08036426
1,1,0.6246323
0,0,0.052895315
0,0,0.13211797
0,0,0.041224778
0,0,0.0018112159
0,0,0.04340796
0,0,0.27980387
0,1,0.9207306
1,0,0.073439494
0,0,0.30291367
0,1,0.71176964
0,1,0.78592044
1,0,0.48839146
0,1,0.90660906
1,0,0.1797439
0,0,0.00028519228
0,0,0.46664774
0,1,0.76508355
0,0,0.2887389
0,1,0.6187483
0,0,0.086672895
0,0,0.0067148395
0,0,0.0018596612
0,0,0.19869362
0,1,0.70183516
0,0,0.07219496
0,1,0.51689243
0,1,0.9013887
0,0,0.25613
0,1,0.6197756
0,0,0.38354087
1,1,0.86268264
0,1,0.7064184
0,0,0.09091433
0,0,0.015107595
1,1,0.5821993
0,0,0.009379679
0,0,0.18678437
0,1,0.8722529
0,0,0.0029763738
0,1,0.5416084
0,0,0.056319207
0,0,0.0013955262
0,1,0.6867729
0,0,0.095770076
0,0,0.00027726992
0,1,0.56421566
1,1,0.6907562
0,0,0.002833897
0,0,0.1151729
0,0,0.47548053
0,1,0.6814635
0,0,0.0103303995
0,0,0.09129116
0,0,0.004206274
0,0,0.0049291463
1,1,0.9161773
0,1,0.54389197
0,0,0.019989775
0,0,0.06727222
0,0,0.0040162667
0,0,0.03127541
0,0,0.09663209
0,0,0.32464328
0,1,0.62399644
0,0,0.0004546645
1,0,0.022326622
0,0,0.24873848
0,0,0.093610354
0,0,0.43255877
0,1,0.8101744
0,0,0.025672354
0,0,0.09843584
0,0,0.21374668
0,0,0.062103163
0,0,0.4280621
1,1,0.73572856
0,1,0.54453284
0,0,0.07696658
0,0,0.13897955
1,0,0.22582385
0,0,0.0068280115
0,0,0.17663881
0,0,0.17742655
0,0,0.12969548
0,1,0.6069384
0,0,0.05490003
0,0,0.08858971
0,0,0.009888325
0,1,0.8115941
0,0,0.34372002
0,0,0.03338574
0,0,0.021604799
0,0,0.40739965
0,0,0.07926825
0,0,0.1321158
0,0,0.056761224
0,0,0.0016233141
0,0,0.050613932
0,0,0.03687558
0,0,0.09995454
0,0,9.024114e-05
0,0,0.22113505
0,0,0.090648405
0,1,0.6006881
0,0,0.07310436
0,0,0.33888468
0,0,0.021523707
0,0,0.29448032
0,0,0.26323265
1,1,0.9262428
1,1,0.93949634
0,1,0.8325943
0,0,0.082270555
0,0,0.0064657135
0,0,0.2528255
1,1,0.7203794
0,0,0.3036457
0,0,0.05490003
1,0,0.38756347
0,0,0.022576781
0,0,0.00030395476
0,0,0.1580343
0,0,0.22954878
0,0,0.38043678
0,0,0.15699457
0,0,0.0040719723
0,0,0.002482945
0,0,0.030541185
0,0,0.22630695
0,0,7.0424976e-06
0,0,0.0019783257
0,1,0.5107137
0,0,0.18698697
0,0,0.03199072
0,0,0.040085305
0,0,0.24018574
0,0,0.46263945
0,0,0.29435492
0,1,0.5588509
0,0,0.2541019
0,0,0.17106019
0,0,0.49816403
0,1,0.6550772
0,0,0.10044369
0,0,0.17672268
1,1,0.54631114
0,1,0.78940386
0,0,0.07359081
0,1,0.78308284
0,0,7.0424976e-06
0,0,0.21911992
0,0,0.008297835
0,0,0.01520477
0,0,0.008058019
0,0,0.041077185
0,0,0.0484285
0,0,0.10191583
0,1,0.61509806
0,0,5.49799e-05
0,0,0.25343156
0,0,0.020568157
1,1,0.56371874
1,0,0.13083526
0,0,0.33515805
1,0,0.4630329
0,0,0.008330139
0,0,0.3378364
0,1,0.57437325
0,0,0.0022967937
0,1,0.74082965
0,0,0.026818054
0,0,0.11440639
0,0,0.2858404
0,0,0.2807191
0,0,0.075987816
0,0,0.0012111795
0,0,0.03901938
0,0,0.38883016
0,0,5.5537843e-05
0,0,0.23128024
0,0,0.37771943
0,0,0.005462447
0,1,0.63945085
0,0,0.001399481
0,0,0.03821054
1,0,0.09100787
0,1,0.68165183
0,0,0.010333534
0,0,0.47792202
0,0,0.49714383
0,0,0.26737812
1,1,0.6535718
0,1,0.50617003
0,0,0.49701038
0,0,3.4456782e-06
0,0,2.1657976e-05
0,0,0.29913262
0,0,0.026086695
0,0,0.29224953
0,1,0.7228557
1,0,0.02265037
0,0,0.010609179
0,0,0.003621345
0,0,0.023953523
1,1,0.55465144
0,1,0.7120633
0,0,0.022326622
0,0,0.0736231
0,0,0.39021552
0,1,0.61283207
0,0,0.01569035
0,1,0.550178
0,0,0.040401008
0,0,0.066679336
0,0,0.06626784
1,1,0.5614519
0,0,0.051976044
0,0,0.12821154
0,0,5.49799e-05
0,0,0.024339309
0,1,0.6613799
0,0,1.3664651e-05
1,0,0.34205616
0,1,0.66007715
0,0,0.0013546435
0,0,0.020307664
0,0,0.3078458
0,0,0.0697885
0,0,5.339022e-05
0,1,0.6382761
0,0,0.05405019
0,0,0.48414433
0,0,0.12538446
0,0,0.02086793
0,1,0.5037292
0,1,0.5967337
0,0,0.196986
1,0,0.004948345
0,0,0.14833695
0,0,0.19193377
1,1,0.6149457
0,0,0.030612363
0,0,0.006784718
0,0,0.30910012
0,0,0.42222434
0,0,5.446899e-06
0,0,0.4025273
0,0,0.4517298
1,1,0.5457244
0,0,0.10244666
1,1,0.52539825
0,0,0.00923625
1,0,0.2404583
0,0,0.24147367
0,1,0.6564092
0,1,0.65266824
0,1,0.84238887
0,0,0.072036035
0,0,0.3871251
0,1,0.86606145
0,0,0.00923625
0,0,0.13245523
0,0,0.13068232
0,0,0.056349933
0,0,0.23940228
0,0,0.0033741358
0,0,0.039491117
0,1,0.5052464
0,1,0.66947246
0,0,0.4455174
0,1,0.79267585
0,0,0.00065751985
0,1,0.6016246
0,0,0.032096554
0,0,0.07476293
0,0,0.3888806
0,0,0.062476628
0,0,0.36328393
0,0,0.2590584
0,0,0.06839479
0,0,0.0123434635
0,0,0.0015615306
0,0,0.32415742
0,1,0.71084553
0,0,2.036767e-05
0,0,0.05798959
0,0,0.051902935
0,0,1.4030268e-06
1,1,0.67859435
0,0,0.080817856
0,0,0.006587487
0,0,0.025015557
0,0,0.43295586
0,0,0.054286536
0,0,0.12948129
0,0,0.05020993
0,0,0.013550512
0,0,0.011814601
0,0,0.24742362
0,0,0.31788483
0,0,0.03264341
0,1,0.77721745
0,0,0.05140628
0,0,0.040765293
0,0,0.21866426
0,0,0.2200821
0,0,0.0046890317
0,0,0.0013990046
0,0,0.09671327
0,0,0.19755433
0,1,0.61114764
0,1,0.901537
0,0,0.13475488
0,1,0.52179855
0,1,0.5776343
0,0,0.013794106
0,0,0.08776024
0,0,0.3451949
0,0,0.058503043
0,0,0.11480378
0,1,0.6647083
0,0,0.43140665
0,0,0.22639573
1,0,0.42278197
0,0,0.14735736
0,0,0.16190137
0,0,0.0034102823
0,0,0.13500082
0,0,0.3169897
0,0,0.19444354
0,0,0.25829276
0,0,0.027682448
0,0,0.116127044
0,0,0.023777269
0,0,0.003421577
0,1,0.5327071
0,0,0.07755967
0,0,0.08448152
0,0,0.001982697
0,0,0.348985
0,0,0.35924003
0,0,0.24997368
0,0,0.008198023
0,0,0.0047496674
0,0,0.114152215
0,0,0.0019873995
0,0,4.151451e-05
0,0,0.096446164
0,0,0.15616238
0,0,0.04674683
0,0,0.090724766
0,1,0.53103024
0,0,0.0683631
0,0,0.008895092
0,0,0.057769135
0,0,0.09285955
0,0,0.3572251
0,0,0.30764338
0,0,0.0701432
0,0,0.39746922
0,0,0.12681665
0,0,0.45523548
0,1,0.61353606
1,1,0.74577475
1,1,0.83747977
0,0,0.2603087
0,0,0.10081809
0,0,0.0008098123
0,0,0.022326622
0,0,0.063576296
0,1,0.5207258
0,1,0.61402124
1,1,0.60919523
0,1,0.6482864
0,0,0.015153839
0,0,0.022180354
0,0,0.015621026
0,1,0.6417098
0,0,0.063402124
0,1,0.51177716
0,0,0.041435305
0,1,0.65073013
0,0,0.01119569
0,0,0.181298
0,0,0.029994855
0,0,0.3716332
1,0,0.3209484
0,0,0.07983253
0,1,0.5236286
0,0,0.11091632
0,0,0.46723405
0,0,0.022326622
0,1,0.76874334
0,1,0.53848386
0,0,0.012897585
0,0,0.04964652
0,1,0.63667756
1,1,0.67078966
0,0,0.07226677
0,0,0.21350428
0,0,0.2779449
0,0,0.012016593
0,0,0.0647659
0,1,0.5397105
1,0,0.11556343
0,0,0.043813672
0,0,0.41579074
0,0,0.06146855
0,0,0.17273238
0,1,0.68028206
0,0,0.3536093
0,0,0.19317776
0,0,0.004247831
0,0,0.18087864
0,0,0.04922082
0,0,0.038267598
0,0,0.4547524
0,1,0.6203062
0,0,0.27351224
0,0,0.42508894
0,0,5.49799e-05
0,0,0.12731995
0,1,0.6068271
0,0,0.021517826
0,1,0.67717725
0,0,0.12907387
0,0,0.0016814619
0,1,0.8179295
0,0,0.029261349
0,0,0.037758484
0,0,0.006385812
0,0,0.010963537
0,0,0.46144283
0,1,0.6674409
0,0,0.40609938
0,0,0.046036873
0,0,0.00038760173
0,1,0.7686875
0,0,0.03901938
0,0,0.1073379
0,0,0.31800708
0,0,0.13368958
0,0,0.008836319
0,0,2.036767e-05
0,0,0.05629871
0,1,0.90566283
0,0,0.006341514
0,0,0.2017722
0,0,0.024979187
1,1,0.8516697
0,1,0.56416065
0,0,0.37894574
0,0,0.47713968
0,0,0.30431902
0,0,0.26689807
0,0,0.26125705
0,0,0.09203444
0,0,0.02334368
0,0,0.073772945
1,1,0.65017503
0,1,0.55986804
0,0,0.083984725
0,0,0.107155815
0,1,0.72519803
0,1,0.5663917
0,1,0.6347741
0,0,0.33821222
0,0,0.26695484
0,1,0.6160649
1,0,0.14294896
1,0,0.43199542
1,0,0.15776601
0,0,0.027770495
0,0,0.0033957616
1,0,0.25467277
0,0,0.042750698
0,0,0.055547602
0,0,0.24022417
0,1,0.9698712
0,0,0.012271651
0,1,0.92542964
0,0,0.19478731
0,0,0.005824326
0,0,0.2348803
0,0,0.032688428
0,0,0.009906605
0,0,0.026064811
0,0,0.07301397
0,0,0.050569605
1,0,0.26572978
1,0,0.46211138
0,0,0.0014436843
0,0,0.0011199302
0,0,0.015165599
0,0,0.09549597
1,1,0.7951572
0,0,0.00051636086
0,0,0.08369644
0,0,0.3878211
0,0,0.19028425
0,0,0.026477657
1,0,0.008529744
0,0,0.0013905162
0,0,0.027265042
1,0,0.34545553
0,0,0.43182853
1,1,0.5205381
1,0,0.49048454
0,0,0.21211377
0,1,0.92405194
0,0,0.0016059964
0,0,0.19377917
0,1,0.7723605
0,0,0.26812583
1,1,0.7164309
0,0,2.036767e-05
1,1,0.75298727
0,0,0.42862815
0,0,0.20765933
0,1,0.6460798
0,0,0.0050733583
0,0,0.029980592
0,1,0.5687792
0,0,0.21286356
0,1,0.77207047
0,0,0.024119442
1,1,0.97555155
0,0,0.1054572
0,0,0.08231121
0,0,0.027657373
0,0,0.2265564
0,0,0.025948238
0,0,0.0077364533
0,0,0.090648405
0,0,0.14697392
0,0,0.24442473
0,0,0.122975886
0,0,0.18462604
0,0,0.08844988
0,1,0.64899325
0,0,0.058252107
0,0,0.04356954
0,1,0.5671548
0,0,0.3798073
0,0,0.10052525
0,0,0.06168197
0,0,0.08636303
0,1,0.5921881
0,1,0.6810687
0,1,0.58523464
0,0,0.035789654
0,0,0.19664095
1,0,0.124655634
0,0,0.057483602
0,0,0.32459357
0,0,0.062091306
0,0,0.03347424
0,0,0.07478269
0,0,0.35806662
0,0,0.002833897
1,1,0.69659716
0,0,0.031894606
0,0,0.22700454
0,0,8.213835e-05
0,0,0.1335787
1,0,0.47351998
0,0,0.37642494
0,0,0.49702236
0,0,0.19698225
0,0,0.023777269
0,0,0.034710348
0,0,0.049888585
0,0,0.026168332
0,1,0.7335663
1,1,0.57070696
0,1,0.72508544
0,0,0.25763687
0,0,0.2236564
0,0,0.1605306
0,1,0.5807206
0,0,0.019619977
1,1,0.67224914
0,0,0.03620319
0,0,0.37335217
0,1,0.7865414
0,0,0.15557964
0,1,0.57382464
0,0,0.03339486
0,0,0.4648266
0,0,0.0981005
0,0,0.033216983
0,0,0.010248665
0,0,0.022326622
0,0,0.007415884
0,1,0.5529033
0,0,0.17786668
0,0,0.07313354
0,0,0.4053312
0,1,0.53937536
0,1,0.7669842
0,0,0.14676785
0,0,0.025826262
0,0,0.027306542
0,1,0.68958664
0,0,9.059914e-07
0,0,0.47872707
0,0,0.3868935
0,0,0.049572337
0,1,0.89514375
0,0,0.21612139
0,0,0.055714175
0,0,0.42998058
0,0,0.0023793085
0,0,0.05016998
0,0,0.0008014659
0,0,0.06587014
0,0,0.0066444953
0,0,0.004506978
1,1,0.59322673
0,0,0.017174874
0,0,0.41158795
0,0,0.18288025
0,0,7.0424976e-06
0,0,0.19026121
0,0,0.25028744
0,0,0.16593593
0,0,0.2078369
0,0,2.036767e-05
0,0,0.1316904
0,0,0.25751048
0,0,0.18029171
0,1,0.56696814
0,0,0.0064560105
0,1,0.61872536
0,0,0.04053946
0,0,0.39103886
0,0,0.42914382
0,0,0.25858968
0,0,0.00040063495
0,0,0.47103682
0,0,0.00015032095
0,0,0.09696259
0,0,0.00026673512
0,0,0.3633232
0,0,0.25132084
0,1,0.510795
1,1,0.8244485
0,0,0.007415884
0,0,0.27381384
0,0,0.29711428
0,0,0.007415884
0,0,0.044562634
0,0,0.00094669545
0,0,0.24759407
0,0,0.14543325
0,1,0.5797519
0,0,0.0049291463
1,1,0.81607705
0,1,0.675872
0,0,0.18005626
0,0,9.1639646e-05
0,0,0.34153873
1,1,0.77927786
1,0,0.17709886
0,1,0.849785
0,0,0.07020534
1,1,0.8654565
0,0,5.789357e-06
0,0,0.34315544
0,0,0.056279894
1,0,0.26067868
0,0,0.0019635323
0,0,0.041301318
0,0,0.109593935
1,1,0.7477819
0,0,0.006285415
1,1,0.75642675
0,1,0.8298756
0,0,0.005416735
0,0,0.09021407
0,0,0.015573131
0,1,0.72760296
0,1,0.55022246
0,1,0.54600036
0,0,0.011572927
0,0,0.008517055
0,0,0.4414675
0,0,0.006021746
0,0,0.09313645
0,0,0.011409192
0,1,0.9443588
0,0,0.15502243
0,0,0.00047359488
0,0,0.0018699194
0,1,0.54799443
0,0,0.31422707
1,1,0.64555466
0,0,0.20692348
0,0,0.14511906
0,1,0.51527387
0,0,0.15159988
0,0,0.18530841
0,0,0.27405635
0,0,0.07095115
1,1,0.98710245
0,0,0.02764613
1,1,0.5746835
0,0,0.010252196
0,0,0.4362662
0,0,0.019996699
0,1,0.56426555
1,1,0.7617688
0,0,6.4527194e-05
0,0,0.0021575668
1,0,0.44573492
0,1,0.941805
0,0,0.08606656
0,1,0.84334975
0,0,0.24458589
0,1,0.6129136
0,0,0.26787445
0,0,0.15626141
0,1,0.7571412
0,0,0.25726965
0,0,0.06876159
0,0,0.27351224
0,0,0.030231303
0,0,0.111935936
0,0,0.35447925
0,0,0.3873027
0,0,0.042269118
1,0,0.4489796
1,1,0.9511298
0,0,0.040362936
1,1,0.81758976
0,1,0.62875795
0,0,0.0024712135
0,0,0.111218765
1,1,0.93455136
0,0,0.25149056
0,0,0.14583048
0,0,0.35692474
0,1,0.5089647
0,0,0.15938316
0,0,6.2989915e-05
0,0,0.060020424
0,0,0.025723584
0,0,0.4456888
0,0,0.19698225
0,0,0.041164584
0,0,0.0065739583
0,0,0.007415884
0,0,0.2631987
0,0,0.21349956
0,0,0.34785137
0,0,0.48526123
0,0,0.055714175
0,1,0.6934513
0,1,0.86832225
0,0,0.007415884
0,0,0.0024935328
0,0,0.015197104
0,0,0.12512712
0,0,0.40844136
0,1,0.69932514
0,1,0.52404994
0,0,2.036767e-05
1,0,0.21860485
0,0,0.03246146
0,0,0.006769347
0,0,0.1826065
0,0,0.017873606
0,1,0.5248734
0,0,0.3713508
0,1,0.82324094
0,1,0.64293
1,0,0.30527458
0,0,0.00010506596
0,0,0.009991977
1,0,0.0108962925
0,0,0.20557
0,0,0.4690059
0,0,0.19864188
0,0,0.2614472
0,0,0.12605931
0,0,0.08309434
0,0,0.0008342265
1,0,0.06924132
0,0,0.08114917
0,0,6.430666e-05
0,0,0.039844934
0,0,0.23882912
0,0,0.06483934
0,0,0.15447569
0,0,0.14620386
0,0,0.0034102823
0,0,1.5620873e-05
0,0,0.19430612
0,0,0.013570661
0,0,0.017406385
0,1,0.5558994
0,0,0.12296945
1,1,0.6904936
0,0,0.087362476
0,0,0.002057445
0,1,0.7388204
0,1,0.71562237
1,0,0.19704145
0,1,0.6762215
0,0,0.0608464
0,0,8.745862e-06
1,1,0.7016895
0,0,0.13934909
0,0,0.08841473
0,0,0.02219787
0,0,0.03901938
0,0,0.30469158
0,0,2.4835883e-06
0,0,0.017407665
0,1,0.7493953
0,0,0.1699009
0,0,0.011201472
0,0,0.24112502
0,1,0.7091831
0,0,0.00083898014
1,0,0.29308245
0,0,0.32740265
0,1,0.69392115
0,1,0.69838846
0,0,0.005770138
1,1,0.6967435
0,0,0.00013074411
0,0,0.08954563
0,1,0.7035296
1,1,0.5220795
1,1,0.84669006
0,1,0.6055897
0,0,0.0015734357
0,0,5.49799e-05
0,0,0.0062511894
0,0,0.059073687
0,0,0.056627814
0,0,0.45575425
0,0,0.02662169
0,1,0.7968748
0,0,0.2190907
0,0,0.26535243
0,1,0.51188684
0,0,0.025328817
0,0,0.014253184
0,0,0.023154285
0,1,0.7099226
0,0,0.35915393
0,0,0.19530806
0,0,0.020198932
0,0,0.14662023
0,1,0.64570916
0,0,0.022326622
0,0,0.13235949
0,0,0.2723649
0,0,0.051329575
0,0,0.01810889
0,0,0.41387135
0,1,0.54582566
0,0,0.26824895
0,0,0.20105565
0,0,6.0699887e-07
1,1,0.70725405
0,0,0.2878161
0,0,0.0799581
0,0,0.0022433952
0,0,0.20288466
1,1,0.7118068
0,1,0.58927065
0,0,0.1524905
0,0,0.025948238
0,0,0.13526267
0,1,0.6206387
1,1,0.697424
0,0,0.059490405
0,1,0.62352365
0,0,0.18343528
1,1,0.7465701
1,0,0.3654571
0,0,0.03031885
0,0,0.060347892
0,0,0.29817972
0,0,0.020265883
0,1,0.6111554
0,0,0.4884133
0,0,0.10788878
0,0,0.24018574
0,0,0.39140475
0,1,0.5043688
0,0,0.057899434
0,0,0.037599318
0,1,0.750284
0,0,0.074758016
0,1,0.58821195
1,0,0.40158254
0,0,0.030092057
0,0,0.019107075
0,0,0.034762446
0,0,8.841556e-06
0,0,0.034246847
0,0,0.03268404
0,0,0.10000386
0,0,0.12555328
0,0,0.13506906
0,0,0.43371645
0,0,0.43130508
0,0,0.10006261
1,1,0.5465103
0,0,0.15999714
1,0,0.32971048
0,0,0.43231457
1,1,0.9355416
0,0,1.6639628e-06
0,0,0.072304085
0,0,0.20096831
0,1,0.5386082
0,0,0.011143872
0,0,0.26052395
0,0,0.035109833
0,0,0.32226294
0,0,0.0029569285
0,0,0.28809747
0,0,0.0076274946
1,0,0.29328716
0,1,0.8430426
0,0,0.017314514
0,0,0.055714175
0,0,0.02924887
0,0,0.008569769
0,0,0.031501956
0,0,0.26560217
1,1,0.59431374
0,0,0.050803848
0,0,0.20199807
0,0,0.09128228
0,0,3.488302e-05
0,0,0.033065878
0,0,0.39029732
1,0,0.17346191
0,0,5.9880845e-06
0,0,0.18482894
0,0,0.005416735
0,0,0.076396495
0,0,0.014385446
0,0,0.057131547
0,0,0.002388418
0,0,0.393844
0,0,0.039822746
0,0,0.067638665
1,0,0.26680827
0,0,0.020897735
0,0,0.013746574
0,0,0.02364738
0,0,0.09812168
0,0,0.046296638
0,0,0.05909855
0,0,0.21373014
0,0,0.3980087
0,0,0.21899407
0,1,0.6561531
0,0,0.37458426
1,1,0.65600806
0,0,0.09360987
0,0,0.16421567
0,0,0.06604535
0,0,0.10550097
0,0,0.4570968
0,1,0.5634897
0,0,0.16025376
0,0,0.49330622
0,0,0.22684573
0,0,0.36338937
0,0,0.020320224
0,0,0.13188845
0,0,2.036767e-05
0,0,0.20557
0,1,0.73990315
0,0,0.22686727
0,0,0.21537782
0,0,0.31036532
0,0,0.34410658
1,0,0.13063711
0,0,0.18320946
0,0,0.49609292
0,0,1.2721912e-05
0,1,0.54678607
0,1,0.5573627
0,0,0.034361757
0,0,0.003989799
0,0,0.45007598
0,0,2.8216095e-05
1,1,0.83122563
0,0,9.438725e-05
0,0,0.026650928
0,0,0.1531052
0,0,0.48078358
0,0,0.059711684
0,1,0.507122
1,0,0.36444587
0,1,0.570584
0,0,0.02399971
0,0,0.008002555
0,0,0.19261092
0,0,0.12859444
0,0,0.007771519
0,0,0.050296456
0,0,0.07611254
0,0,0.047929373
1,0,0.27836195
0,0,0.02610936
0,0,0.015454286
0,1,0.51531684
0,1,0.83071935
0,0,0.039789923
0,0,0.17505956
0,0,0.04122243
0,0,0.057483602
0,0,0.006845197
0,0,0.0001261661
0,0,0.1359126
0,1,0.80379087
0,0,0.010252196
0,0,0.025261398
0,0,0.10197392
0,0,0.079424076
0,0,0.0045105247
0,0,0.022326622
0,0,0.25284284
0,1,0.7503364
0,0,0.009881414
0,0,0.036060084
0,0,7.0424976e-06
0,0,0.20778999
0,0,0.28259495
0,0,0.018588277
0,0,0.00080423884
0,1,0.8464435
1,1,0.81296635
1,0,0.15107182
0,0,0.15878226
0,0,0.33177367
0,0,0.077156715
0,0,0.0850806
0,0,0.079498455
0,0,0.06252783
0,0,0.17730477
0,0,0.063917115
0,0,0.093596555
0,0,5.49799e-05
0,0,0.0026175154
0,0,0.4792597
0,0,0.010651125
0,0,0.02647193
0,0,0.050647374
0,1,0.56343794
0,0,0.07241528
0,0,0.00011216894
0,0,0.021393927
0,0,0.038213275
1,0,0.35400975
0,0,0.25343156
0,0,0.49299318
0,0,0.4038565
0,0,0.033576358
0,1,0.7469858
0,0,0.038427483
0,0,0.0059989025
0,0,0.31334648
0,1,0.55753404
0,0,0.024119442
0,0,0.012279381
0,0,0.0024176156
0,0,0.27917135
0,0,0.31288707
0,0,0.0007267115
0,0,0.04053946
0,0,0.06897417
0,0,0.43190894
0,1,0.54337794
0,0,0.33647478
0,0,0.0912973
0,0,0.24577446
0,0,0.19538198
0,0,0.002427891
0,0,0.3575581
0,0,0.17986397
0,0,0.097742245
0,0,0.35432225
1,1,0.82620734
0,0,0.009135253
0,0,0.022326622
1,0,0.30363595
1,1,0.71745133
1,0,0.24608767
0,0,0.021959793
0,0,0.061272204
0,0,0.25946966
0,0,0.1522512
0,0,0.0024835558
0,0,0.17195548
0,0,0.40690655
0,0,0.10996611
0,0,0.36462507
0,0,0.27082318
0,0,0.08991434
0,0,0.08845071
1,0,0.4763669
0,1,0.5025738
0,1,0.6746753
0,0,0.022684194
0,0,0.0013287422
0,1,0.6794498
0,0,0.25383723
0,0,0.020754911
0,1,0.5667605
0,0,0.008614888
0,1,0.5702538
0,0,0.11533415
1,0,0.011992324
0,0,0.30822307
0,0,0.0764776
0,0,0.23360929
0,0,0.03310439
0,0,0.015929494
0,0,0.00572436
0,1,0.5668565
0,0,0.011802549
0,0,0.010600613
0,0,0.16153859
0,0,0.114937745
0,0,0.2969819
0,0,0.013184699
0,0,0.008010016
0,0,0.00015599008
0,0,0.44732106
0,0,0.019011468
0,0,9.230636e-05
0,0,0.44437936
0,1,0.66489524
0,0,0.34766006
0,0,0.46224287
0,0,0.007415884
0,0,0.008495909
0,0,0.12708762
0,0,0.36382094
0,0,0.28270468
0,0,0.037011072
0,0,0.0009951281
0,0,0.28292385
1,1,0.8954441
0,0,0.006626752
1,1,0.69409734
0,0,0.052307993
0,0,0.0026175154
0,0,0.2782876
1,1,0.83508706
0,0,0.009403861
1,1,0.8993174
0,0,0.08618445
0,0,0.17380443
0,0,0.3079116
0,0,0.18587458
0,0,0.0157709
0,0,0.0421213
0,0,0.21644296
0,0,0.014344997
0,0,0.0048005222
0,0,0.15085232
0,0,0.010026777
0,0,0.17915519
0,0,2.036767e-05
0,0,0.03008308
0,0,0.27406314
0,0,0.26476866
0,0,0.4114111
0,1,0.71592855
1,1,0.64263374
0,0,0.00055701134
0,0,0.19143447
0,0,0.32445627
0,0,0.005229303
0,0,0.19378024
0,0,0.1235966
0,0,0.15316838
0,1,0.5630729
0,0,0.3001602
0,0,0.05998566
0,0,0.010937148
1,0,0.24542332
0,0,0.0015012923
1,1,0.6949393
0,0,0.04804615
0,0,0.03700221
0,0,5.9880845e-06
0,0,0.0063881576
0,0,0.0014525577
0,0,0.27868682
0,0,0.49239206
0,0,0.03088239
0,0,0.0020877726
0,0,5.49799e-05
0,0,0.2400669
0,0,0.0021296334
1,1,0.8069151
0,1,0.58354074
0,0,0.2603283
0,0,0.00027264236
0,1,0.58394134
0,0,0.3480987
0,0,0.26153544
0,0,0.17280644
0,0,0.12580295
1,1,0.59691846
0,0,0.07902033
0,1,0.64036787
0,1,0.958555
0,0,0.2329564
0,0,0.37829956
0,0,0.030164404
1,0,0.37449414
0,0,0.10176469
0,0,0.09098391
0,0,0.3467198
1,0,0.28558964
0,0,0.00023454693
0,0,0.22580357
0,0,0.27463627
0,0,0.18991157
0,0,0.012557367
0,0,0.10157326
0,0,0.42111197
0,0,4.0524133e-06
0,0,0.29315487
0,0,0.032781113
0,0,0.1589259
0,0,0.03388693
0,0,0.04270692
0,0,0.10146918
0,0,0.1735672
0,0,0.121665835
0,0,0.18923044
0,0,5.49799e-05
0,1,0.5773117
0,0,0.22970769
0,0,0.003236248
0,0,0.0066547412
0,0,0.027852474
0,0,0.18030174
0,1,0.5260157
0,0,0.33881992
0,0,0.009469222
0,0,0.0187124
0,0,0.055581972
0,0,0.06936462
0,0,0.00015503366
0,0,0.024840591
0,0,0.41546184
0,0,0.04479155
0,0,0.016020028
0,0,0.025917633
0,0,0.025499362
0,0,0.07984279
0,0,0.0557479
0,0,0.27322078
0,1,0.90954924
0,0,0.0038884694
1,0,0.05212688
0,0,0.46589628
0,0,0.147881
0,1,0.7220749
0,0,0.034069397
0,0,0.2109779
0,0,0.004165006
0,0,0.1203616
0,0,0.08036563
0,0,0.0038205525
0,0,0.42351314
0,1,0.5342925
0,0,0.420494
0,0,0.0034102823
0,0,0.09321855
0,0,0.0702165
0,0,0.10404965
0,0,0.013469511
0,0,0.34209493
0,0,5.49799e-05
1,1,0.8261935
0,0,0.0073110233
0,0,0.37919664
0,0,0.44983944
0,0,0.19458541
0,0,0.48776513
0,0,0.066860445
0,0,0.022326622
1,1,0.81435746
0,0,0.46957815
0,0,0.020694353
0,0,0.025250563
0,0,0.4237555
0,0,0.18898553
0,0,0.11393074
0,1,0.58406734
0,1,0.80031234
0,0,0.19125882
0,0,0.4519468
0,0,0.16827339
0,0,0.040247694
0,1,0.7426961
0,0,0.26247177
0,1,0.60189176
0,1,0.5571423
0,0,0.27433115
0,0,0.1252406
0,0,0.20261621
0,1,0.6796106
0,0,0.007111392
0,0,0.0006524051
0,0,0.0050413464
1,1,0.6170952
0,0,0.00136537
0,0,0.17814936
0,0,0.011711644
0,0,0.010651125
0,0,0.27458856
0,0,0.02364738
0,0,0.21707383
0,1,0.81533235
0,0,0.013570661
0,0,0.06614693
0,0,5.49799e-05
0,1,0.70194405
0,1,0.58834463
0,0,9.798787e-06
0,1,0.6198413
0,0,0.0093820235
0,0,0.08713518
0,0,0.12627287
0,0,0.10518805
1,1,0.8391102
1,1,0.5584568
0,0,0.4587887
0,0,0.26712948
0,0,0.19508477
1,1,0.8509055
1,1,0.5560482
1,0,0.3806096
0,0,0.044859078
1,0,0.018073093
0,1,0.5029892
0,0,0.020744387
0,0,0.31570154
0,0,0.024883907
0,1,0.5050833
0,1,0.5601039
0,0,0.15946864
0,0,0.02459954
0,1,0.784862
0,0,0.00020739526
0,0,0.048295334
0,0,0.3257908
0,0,0.030921416
0,0,0.12644859
0,1,0.71232295
0,0,0.03404882
0,0,0.101720914
0,0,0.010651125
0,1,0.6587451
0,0,0.37811074
1,1,0.7607182
0,0,0.00020900501
0,0,0.057448298
0,0,0.022326622
0,0,0.021652434
0,1,0.74265224
0,0,0.16816932
0,0,5.9880845e-06
0,0,0.47057146
1,1,0.842102
0,0,0.0003540574
0,0,0.009814575
0,0,0.11235443
0,0,0.2503047
0,0,0.49980113
0,0,0.21137752
1,0,0.487278
0,0,0.1652683
0,1,0.60415024
0,0,0.43640217
0,0,0.0945739
0,0,0.42701018
0,0,0.02459954
0,1,0.8858758
0,0,2.036767e-05
0,1,0.856417
1,1,0.7671216
0,1,0.6942377
0,0,0.1517579
0,0,0.009277449
0,0,5.49799e-05
0,0,0.2784003
1,1,0.9201738
0,0,0.25604886
0,0,0.008570935
0,0,0.13157688
0,1,0.6551573
0,0,0.004465609
0,0,0.03901938
0,0,0.008391695
1,1,0.8480686
1,1,0.85139847
1,0,0.3093584
0,0,0.33048743
0,1,0.9555208
0,0,0.009496907
0,0,5.9880845e-06
0,0,0.12844068
0,0,0.00017875606
0,0,0.43276474
0,0,0.21374668
0,0,0.036069874
1,0,0.44214582
0,0,0.21255769
1,1,0.5721462
0,1,0.6690194
0,0,5.339022e-05
0,0,0.009567136
0,0,0.20283629
0,0,0.13188845
0,0,0.055840913
0,0,0.016553806
0,0,0.22633699
1,1,0.6243356
0,0,0.05748053
0,0,0.18188699
0,0,0.024119442
0,1,0.68851405
0,1,0.944496
0,0,0.14915833
0,0,4.2183605e-05
0,0,0.006218407
0,0,0.18962865
0,0,0.005416735
0,1,0.67847294
0,1,0.55438864
0,0,0.042826634
0,0,0.29231125
0,1,0.50963587
0,0,0.44227496
0,1,0.54621536
0,0,0.0013177256
0,0,0.05892603
0,0,0.009046852
0,0,0.29662633
1,1,0.7378877
0,0,0.11329069
0,0,0.493824
0,1,0.56331164
1,1,0.7580239
0,1,0.5943631
1,1,0.6981573
0,0,0.018253107
0,0,0.34794652
1,0,0.011849518
0,0,0.055916555
0,0,0.030044695
0,0,0.14593281
0,0,0.052872147
0,0,0.02933885
0,0,0.3227199
0,0,0.23300882
0,0,0.07910349
0,0,0.018902406
0,1,0.8126814
0,1,0.7903826
0,1,0.8704715
0,0,0.01775007
0,0,0.01312316
0,1,0.9452376
0,0,0.20039855
0,0,0.086950324
0,0,0.0833864
0,0,0.07826432
0,1,0.8430323
0,0,0.19052431
0,0,0.017849768
1,1,0.8180587
0,0,0.0038560887
0,0,0.04637189
0,0,0.0038025735
1,0,0.44391778
0,0,0.09819933
0,0,0.30541357
0,1,0.70304173
0,0,0.40123332
0,0,0.15396234
0,1,0.579227
0,0,0.022326622
0,0,0.13052088
0,0,0.07259925
0,0,0.0126558235
0,0,0.007415884
0,0,0.03225557
0,0,0.23256966
0,0,0.27812645
0,0,0.08720943
0,1,0.8809512
0,0,0.120851524
0,0,0.04751899
0,0,0.099323116
0,1,0.5704978
0,0,0.07357826
0,0,0.070312545
0,0,0.03431664
0,1,0.61800164
0,0,0.026032591
0,0,0.115639895
0,1,0.60341704
0,0,0.028726032
0,0,0.0491115
1,1,0.80556726
0,0,0.01924556
1,1,0.5756504
0,0,0.003237437
0,0,0.00043095107
0,0,0.34092543
0,0,0.3556296
0,0,0.023234442
0,0,0.28539163
0,0,0.39514494
0,0,0.00023454693
0,1,0.78615147
0,1,0.6365569
0,0,0.45556578
0,0,0.32508358
0,0,0.17838077
0,0,0.07977363
1,0,0.024119442
0,0,0.1372406
0,0,3.894351e-05
0,0,0.001295818
0,0,0.29392684
0,1,0.6563737
0,0,2.3116956e-05
1,1,0.54502964
0,0,0.049866766
0,0,0.021577807
0,0,0.00043968254
0,1,0.6519027
1,1,0.84192204
1,1,0.864981
0,1,0.818856
0,0,0.46594355
0,0,0.011175475
0,0,0.07790903
0,0,0.0001444939
0,0,0.26184136
0,0,0.2749582
0,0,0.35704526
0,0,0.008888889
0,0,0.021287184
0,0,0.011872471
0,0,3.551433e-05
0,0,0.05531907
0,0,0.008189873
0,0,0.12105077
0,1,0.68778276
0,0,0.032110553
0,0,0.03192985
0,1,0.69951886
0,0,0.061107595
0,0,0.15829483
0,0,0.029013596
0,0,0.22480193
0,0,0.0009951281
1,1,0.64881647
0,0,0.016759265
0,0,0.0022110783
0,0,0.059766527
0,0,0.00016475943
0,0,0.40499783
0,1,0.54521763
0,0,0.049980078
0,0,2.036767e-05
1,1,0.83778375
0,0,0.32766256
0,0,5.9880845e-06
0,0,0.001602323
0,1,0.5430831
0,0,0.07072462
0,0,0.027880244
0,1,0.74516827
0,0,0.040628042
0,0,0.02064105
0,0,0.037351217
0,1,0.8930328
0,0,0.40484583
0,0,0.04151296
0,1,0.88516885
0,0,0.00069067377
0,0,0.21374668
0,0,0.0026175154
0,0,0.035797995
0,0,0.0013903275
0,0,0.00014356071
0,0,5.789357e-06
0,0,0.22977996
0,0,0.07970569
1,1,0.7178759
0,0,0.28858277
0,0,0.10190968
0,0,0.002482945
0,0,7.0424976e-06
1,0,0.33740345
0,0,0.005215418
0,0,0.0047474816
0,0,0.03775489
0,0,0.01571642
1,1,0.7215401
0,0,0.3155732
0,0,0.023461413
0,0,0.0030239986
0,0,0.11745592
1,0,0.3912254
0,1,0.5144401
0,0,0.20526212
0,0,0.34645203
0,0,0.26243967
0,0,0.0049491012
0,0,0.12283885
0,0,0.13615873
0,0,0.02145044
0,1,0.96944135
0,0,0.0026175154
0,1,0.6232601
0,1,0.7311616
0,0,0.011007085
0,0,0.3480987
0,0,0.0013292257
0,1,0.6619215
0,1,0.57877266
0,1,0.89886594
0,0,0.00016861544
0,0,0.019328285
0,0,0.049264923
0,0,0.0005214454
0,0,0.098354094
0,0,0.0045105247
0,1,0.9184321
0,0,0.35459343
0,0,0.038044263
0,1,0.6900342
0,0,0.07923271
0,0,0.00704408
0,0,0.04604802
0,0,0.05753891
0,0,0.012169071
0,0,0.13008414
0,0,7.0424976e-06
0,0,0.18529944
0,1,0.865573
1,1,0.71284133
0,0,0.020124057
0,0,0.00061633333
0,0,0.065180495
0,0,0.46657687
1,1,0.5565914
0,0,0.016546393
0,1,0.58732706
0,0,0.020265883
0,0,0.048477214
0,0,0.17412058
0,1,0.72351575
0,1,0.55578446
0,0,0.030460192
0,0,0.4395457
0,0,0.00507132
0,0,0.015950676
0,1,0.6843736
0,0,0.14505222
0,0,0.37420964
0,0,0.00013280073
0,0,0.199766
0,0,0.017446669
1,1,0.7269486
0,1,0.78919876
0,0,0.3667715
0,0,0.27337974
0,1,0.5043823
0,0,0.26137903
0,0,0.13450722
0,0,0.2804897
1,1,0.61302006
0,0,0.06983289
0,0,4.6070683e-05
0,0,5.9880845e-06
1,1,0.5822779
0,1,0.66151345
0,0,0.005217353
0,0,0.16460061
0,0,0.023570739
0,0,0.46205482
1,0,0.16551995
0,0,0.12620535
0,0,0.08231121
0,0,0.010746715
0,0,0.00094669545
0,0,0.09120139
0,0,0.022665223
0,0,0.36228076
0,0,0.3994462
0,1,0.6880151
0,0,0.10078526
0,0,0.10191583
0,0,0.00032497325
0,1,0.6455447
0,0,0.001399481
0,0,0.39945784
0,1,0.5066498
0,0,0.30333158
0,0,5.49799e-05
1,1,0.63456416
0,0,0.07225731
0,0,0.017360276
0,0,0.033778574
0,0,0.42857176
0,0,0.0031252613
0,0,2.4835883e-06
0,0,2.036767e-05
0,0,0.42726246
0,0,0.26279044
0,0,0.0048005222
0,1,0.5767737
0,0,0.06358901
0,0,0.19182955
0,0,0.21945868
0,1,0.9329471
0,0,0.3384163
0,0,0.00037510213
0,0,0.15813813
0,0,0.42862633
0,0,0.025948238
0,0,0.3232754
0,1,0.5866304
0,0,0.059003446
1,0,0.33539116
0,0,0.018196354
0,0,0.11260169
0,0,0.12771301
0,0,0.029798346
0,0,0.12200956
0,0,0.012796397
0,0,0.4447344
0,0,0.26376915
0,0,0.008895092
0,0,0.0007193071
1,1,0.78279555
0,0,2.036767e-05
0,0,0.18701778
1,1,0.6896344
0,0,0.46987823
1,1,0.6849612
0,0,0.04158159
0,0,0.47972777
0,0,0.28634465
0,0,0.053765997
0,0,3.3816465e-05
0,0,0.3776247
0,0,0.04686182
1,1,0.90506005
0,0,0.051096898
0,0,0.04165251
0,0,0.060519222
0,0,0.011463317
0,0,0.14326802
0,0,0.0010245137
1,0,0.45469716
0,0,0.13874978
1,0,0.070138335
0,0,0.013606262
0,0,0.0026175154
0,0,0.2820899
0,0,0.44136515
0,0,0.21314847
0,1,0.6802527
0,0,0.045183964
0,1,0.5058391
0,0,0.1509436
0,0,0.0034917549
0,0,0.47731376
0,0,0.26760167
0,1,0.6385935
0,1,0.65499926
0,0,0.34340933
0,1,0.8268443
0,0,0.02459954
0,0,0.4938861
0,0,0.19861722
0,0,0.16007143
0,0,0.24695468
0,1,0.5148251
0,0,0.0029582304
0,1,0.57204974
0,0,0.30227774
0,0,0.042090546
0,0,0.011409192
0,0,0.4712331
0,0,0.107384905
0,0,0.00024296076
0,0,0.010779004
0,0,0.2954449
0,0,0.026641611
0,0,0.20207132
0,0,0.036330845
0,0,0.007415884
0,0,0.25378847
0,0,0.3560473
0,0,0.38852587
0,1,0.6231973
0,0,3.4456782e-06
0,0,0.10372899
0,0,0.06336616
1,1,0.5797495
0,0,0.0041584847
0,0,0.006616292
0,0,0.0013129114
0,0,0.09695975
0,1,0.7836458
0,0,0.0927826
0,0,0.052409597
0,0,0.14876933
0,0,0.14652829
0,0,0.009344164
0,0,0.46130428
0,0,0.002426734
0,0,0.022326622
0,0,0.43799233
0,0,0.35938463
1,1,0.61011463
0,0,0.065091394
0,0,0.26221004
0,0,0.030988084
0,0,0.14143474
0,1,0.59337395
0,0,0.005368162
0,0,0.39412454
0,1,0.6933492
0,0,0.0021695585
1,1,0.78925496
0,0,0.3399746
0,0,0.0030401626
0,0,0.08508403
0,0,0.37605453
0,0,0.060210068
0,0,0.33536413
0,0,0.06941003
0,1,0.624407
0,0,0.07703076
0,0,7.0424976e-06
0,0,0.2769138
1,1,0.5823034
0,0,0.17581151
0,1,0.5515745
0,1,0.663098
0,0,0.019325005
0,0,0.2574361
0,0,0.14132468
0,0,0.08899571
0,0,0.006172238
0,1,0.75200593
0,0,0.41649246
0,0,0.013184699
0,1,0.72169363
1,1,0.7236551
0,0,0.03710413
1,1,0.6124898
0,1,0.7648711
1,1,0.9011689
0,0,0.053755146
0,0,0.002481068
0,0,0.01737845
0,1,0.73694974
0,0,0.3098716
0,0,0.026339097
0,0,0.21519274
0,1,0.8982571
0,0,0.022997472
1,0,0.48481038
0,0,0.0045459066
0,0,5.9880845e-06
0,0,0.08355714
0,0,0.0033773072
0,0,0.030018352
1,0,0.31075627
1,0,0.20053208
0,0,0.16633083
0,0,0.33421496
0,0,0.1557736
0,0,0.020581365
0,0,0.31144613
1,0,0.4264374
0,0,0.25777102
0,0,0.09254966
0,0,0.49351767
0,0,0.37829956
0,0,0.023405818
0,0,0.0034102823
0,0,0.029171646
0,0,0.061936058
0,0,0.006616292
0,0,0.11274824
0,0,0.012533201
0,0,0.38340917
0,0,0.21294537
0,1,0.6238174
0,0,0.07257349
0,0,0.3251222
0,0,0.073452316
0,0,0.2504616
0,1,0.55077654
0,1,0.5345475
0,1,0.7345609
0,0,0.03700221
0,1,0.66814613
0,0,0.27693048
0,0,0.27515715
0,0,0.06853268
0,0,0.37002692
0,0,2.036767e-05
0,0,0.25954303
0,1,0.5493104
0,0,0.017666114
0,0,0.017729929
0,0,0.06804727
0,0,0.1855109
0,1,0.7165496
1,0,0.036534287
0,1,0.50125986
0,0,0.31748685
0,0,0.24558382
0,1,0.5631997
0,0,0.43894315
0,0,0.3032585
0,0,0.08225522
0,0,0.3866371
0,0,0.026453694
0,0,0.09698034
0,0,0.19125882
0,0,0.41862985
0,0,0.15778124
0,0,0.18630253
0,0,0.40731934
1,1,0.80797595
0,0,0.45965073
0,0,0.19273956
0,0,0.017129544
0,0,0.11443145
0,1,0.6156815
0,0,0.19458756
0,0,0.2562455
1,1,0.5362256
0,0,0.3836784
0,0,0.21687883
0,0,0.00072092254
0,0,0.0012799083
0,0,0.23362887
0,0,0.018253308
0,0,0.085355975
0,0,2.4835883e-06
0,0,0.31964535
0,1,0.7256694
0,0,0.004546973
0,0,0.06602635
0,0,0.0022799443
0,1,0.65721065
0,0,0.36047915
0,0,0.034499843
0,0,0.18349046
0,1,0.6103464
0,0,3.8619022e-05
0,0,0.027984671
0,0,0.026759483
0,0,0.08240518
0,0,0.08336947
0,0,0.46380436
0,0,0.0042627174
0,1,0.7892868
0,0,0.057483602
0,0,0.091851324
0,0,0.26708516
0,0,0.00812162
0,0,0.049650252
0,0,8.9545765e-06
1,1,0.82683545
0,0,0.10486406
0,1,0.61762875
0,0,0.035589214
0,0,0.0075867027
0,1,0.5369921
0,0,4.0524133e-06
0,0,0.17835815
0,0,0.20767352
0,0,0.22454794
0,0,0.0011068111
1,1,0.67085636
0,0,0.02686519
0,1,0.8917178
0,1,0.5369921
0,0,0.031224636
0,0,8.9545765e-06
0,0,1.1038007e-05
0,0,0.047092535
0,1,0.82877535
0,0,0.14931087
0,0,8.9545765e-06
0,1,0.75866044
0,0,0.4331534
0,0,0.46152213
0,0,0.0054953354
0,0,0.47059658
1,1,0.6489505
0,0,0.14105538
0,0,0.42950433
1,0,0.46721262
0,0,0.10816303
0,0,0.070343345
0,0,0.007378436
0,0,0.11443978
0,0,0.015951164
0,0,0.34143937
0,0,0.0054605356
0,0,0.08825888
0,1,0.9627377
0,0,0.058125004
0,0,0.26075557
0,0,0.17855449
0,0,0.077850476
0,1,0.5669795
0,0,0.122214906
0,0,0.10659359
0,0,0.30636752
0,0,0.101322845
0,0,9.491743e-05
0,0,0.0072403383
0,0,0.031383008
0,0,0.005716866
0,0,0.36041987
0,1,0.51181686
0,0,0.015775267
0,0,0.14195885
0,1,0.5412242
0,0,0.037147228
0,0,0.12139059
0,0,0.042385407
0,1,0.5329828
0,0,0.4012904
0,1,0.5133686
0,1,0.69391096
0,0,0.00036441477
0,1,0.88587856
0,0,5.572283e-06
0,0,0.13448513
1,1,0.6147029
0,1,0.59961134
0,1,0.71153855
0,0,3.551433e-05
0,1,0.6079347
0,0,0.114187025
0,0,0.00010746488
0,0,0.043822084
0,0,0.49191168
0,0,0.14236802
0,0,0.35805878
0,0,0.077004574
0,0,0.18095092
0,0,0.04397129
0,0,0.28848386
0,0,0.28552714
0,0,0.0013748936
0,0,0.006455665
0,0,0.0039260015
0,0,0.06820709
0,0,0.011363739
0,0,0.36628008
0,0,0.055817552
0,0,0.13556811
0,0,0.022326622
0,0,0.07062756
0,0,0.03609173
0,1,0.65944546
0,1,0.53035134
0,0,0.33722797
0,0,0.24579638
0,0,0.05346786
0,0,0.43183362
0,1,0.57624525
0,0,1.7888606e-05
1,1,0.70861596
0,0,0.0010818719
0,0,2.4835883e-06
0,0,0.051019073
1,0,0.43756756
0,0,0.04326467
0,0,0.107273914
0,0,0.3605649
0,0,0.0123465685
0,0,0.37323707
0,1,0.5705744
0,0,0.003945343
0,0,0.13701503
0,0,0.066679336
0,0,0.49984115
0,0,0.037246343
0,0,0.017113231
0,0,0.04821201
0,0,0.05960125
0,0,0.4467689
0,0,0.37672052
0,0,0.013780523
0,0,0.26142973
0,0,0.49898353
0,1,0.6746916
0,0,0.026828727
0,0,0.39803588
0,0,0.055714175
0,0,0.49015254
0,0,0.047361203
0,0,0.052614592
0,1,0.6078645
0,0,0.032640725
0,0,0.016709795
0,0,0.16142146
0,1,0.64348066
0,0,0.20913658
1,0,0.26771277
0,0,0.052407183
0,0,0.15220425
1,0,0.41480133
0,1,0.718727
0,0,0.003949873
0,1,0.794482
0,0,0.0039152903
0,0,0.12243262
0,0,0.077577874
0,0,0.19088285
0,0,0.1830353
0,1,0.70789486
0,1,0.6875219
0,0,0.17976415
0,0,0.0034102823
0,0,0.46770462
0,0,0.25246567
0,0,0.07644277
0,0,0.08027575
0,0,0.17402901
0,0,0.028250681
0,0,0.30230415
0,1,0.5216816
0,0,0.33726153
0,0,0.11522223
0,0,0.09292346
1,1,0.6396906
0,0,0.025948238
0,0,0.12494836
0,0,0.066264436
0,0,0.005030678
0,0,0.46666938
0,0,0.056631826
1,0,0.08711629
0,0,0.13977304
0,0,5.49799e-05
0,0,0.120235145
0,0,3.3816465e-05
0,0,0.27986038
0,0,0.0003597284
0,0,0.42687824
0,0,0.15634982
0,1,0.7661873
0,0,0.06334471
0,0,0.021733912
0,0,0.08105725
0,0,0.13806778
0,0,0.4229667
0,0,3.551433e-05
0,0,1.8939376e-05
0,0,0.39085656
0,0,0.01827704
0,0,0.110909395
0,0,0.041968986
0,0,0.2035517
0,0,0.001141544
1,0,0.43305674
0,0,0.11651603
0,0,0.02459954
0,0,3.551433e-05
0,0,0.00013280073
0,0,0.27345815
0,0,0.0026175154
0,0,0.0018399812
0,0,0.047730576
0,0,0.3544582
0,0,0.27296257
0,0,0.15342909
0,0,0.16965254
0,0,0.08522052
0,0,0.10593664
0,0,0.01934653
0,0,0.33432215
0,1,0.64650023
0,0,0.0016938347
0,0,0.035151113
0,0,0.47394422
0,0,0.009025818
0,0,0.014780413
0,0,0.080393404
0,0,0.029614557
0,0,0.3683908
0,0,0.38961387
0,0,0.041710377
0,0,0.15225697
0,0,0.033769615
0,0,0.3845861
0,0,0.0015395281
0,0,0.23918936
0,0,0.3388167
0,0,0.14652015
0,0,0.0012618828
0,0,0.08354262
0,0,0.0032729467
0,0,0.010252196
0,0,0.084086835
1,1,0.8098468
0,0,0.13337749
0,0,0.00012523633
0,0,0.1307008
0,0,0.002777411
0,0,0.07802277
0,0,0.38002816
0,0,0.012967347
0,1,0.6708655
1,1,0.88260335
0,0,0.2237248
0,0,0.11008709
0,0,0.020251952
0,0,0.41462728
0,0,0.05952823
0,0,0.22122234
0,0,0.043665584
0,0,0.4451333
0,0,3.8619022e-05
0,0,0.00047822864
1,0,0.17205377
0,0,0.39891645
0,0,0.43205523
0,0,0.00250097
0,0,0.1387657
0,0,0.021542754
0,0,0.015384912
0,0,0.0049886256
0,0,0.024339309
0,0,0.3303633
0,0,7.924467e-05
0,0,0.02569949
0,0,0.14444804
0,0,0.1332384
0,1,0.5625978
1,1,0.79442805
0,0,0.02965293
0,0,0.3008138
0,0,0.010643524
1,0,0.18958244
0,0,0.022218112
0,0,0.45239028
0,0,0.11048426
0,0,5.49799e-05
0,0,0.41319552
0,1,0.5235356
0,0,0.18854289
0,0,0.20207132
0,0,0.47007886
0,0,0.21159627
0,0,0.40913436
0,0,0.14398433
0,0,0.1815017
0,0,0.059969977
0,0,0.011856701
0,1,0.78380764
0,0,0.2173823
0,0,0.34901798
0,0,0.23217265
0,0,0.4567681
0,0,0.07370394
0,0,0.065368086
0,0,0.025949901
0,1,0.83558184
0,0,2.139176e-05
1,1,0.9519338
1,1,0.71159095
0,0,0.0017834845
0,0,0.003917024
0,0,0.23745127
0,0,0.23703045
0,0,0.013246946
0,0,0.01061973
0,1,0.5696078
0,0,0.0014524512
0,0,0.2651031
0,1,0.63951707
0,0,0.020192167
0,0,0.004892212
0,0,0.2754996
1,0,0.37926057
0,1,0.8108611
0,0,0.17196964
0,0,0.46214983
0,0,0.00022941198
0,0,0.035215642
0,0,0.02746008
0,0,0.26450902
0,0,0.011561654
0,0,0.0014863047
0,0,0.088858426
0,0,0.019630408
0,0,0.0009951281
0,0,0.2614115
0,0,0.015793193
0,0,0.022326622
0,0,3.551433e-05
0,0,0.23445347
0,0,0.024119442
0,0,0.019017179
0,0,0.022862064
0,0,0.0026175154
0,0,0.10606926
0,0,0.19147836
0,0,0.0046178433
0,0,0.25366953
1,0,0.050466646
0,0,0.003950539
0,1,0.6072286
0,1,0.81687194
0,1,0.71745133
0,0,0.086253546
0,0,0.02838725
0,0,0.4109591
0,0,0.06804718
0,0,0.12892295
0,0,0.43072098
0,1,0.7471875
0,0,0.20299657
0,0,0.21566842
1,0,0.26554346
0,0,0.10950193
0,0,0.022573914
0,0,0.23985033
0,1,0.7781028
0,0,0.01292453
0,0,0.11319758
0,0,0.07189848
0,0,0.0126529345
0,0,0.047330998
0,0,0.005715435
0,0,0.08553533
0,0,0.37058765
1,0,0.1994044
0,0,0.36577636
0,0,0.20440267
0,0,2.036767e-05
0,0,0.02738987
1,1,0.838959
0,0,0.005000972
0,0,0.005416735
0,0,0.28077224
0,0,0.16649379
0,0,0.055714175
0,0,0.06215212
0,0,0.00015503366
0,0,0.10781165
0,0,0.00698771
0,0,0.1409136
0,0,2.1657976e-05
0,0,0.057483602
0,0,0.0060678236
1,1,0.73719406
0,1,0.66201884
0,0,0.024058037
0,0,0.0021134869
0,0,0.46428025
0,0,0.01981713
0,0,0.20164053
0,0,0.36588502
0,0,0.4096441
0,0,0.20697886
0,0,0.35754007
0,0,0.061844785
0,0,0.1371843
0,0,0.0331291
0,0,0.013668183
0,0,0.1780864
0,0,0.019810999
0,0,0.22630695
0,0,0.031959735
0,0,0.005586443
0,0,0.45535272
0,0,0.33373463
0,0,0.14299898
0,0,0.48573261
0,0,0.05906311
1,1,0.6270957
0,0,0.009914728
0,0,0.07473784
0,0,0.12532243
0,0,0.04001811
0,0,0.035109833
0,0,0.005989819
0,0,0.2614424
0,0,0.07480211
0,0,0.0021001745
0,0,0.282178
0,0,0.051902935
0,0,0.09653827
0,0,0.05023389
0,0,0.007922189
0,1,0.5459179
0,1,0.6219573
0,0,0.4869943
0,0,0.39111158
0,0,0.10352057
1,1,0.921217
0,0,0.030024733
0,1,0.6431787
0,0,0.0034102823
0,0,0.07225731
0,0,0.12665206
0,0,0.03266647
0,1,0.5193583
0,0,0.47204053
0,1,0.63544565
0,0,0.12079645
1,0,0.11098894
0,0,0.21440676
1,0,0.2614584
0,0,0.36357853
0,1,0.61303663
0,0,0.009077297
0,0,0.3535581
0,0,0.28893724
0,0,0.21205583
0,0,0.095380045
0,1,0.5039102
0,0,0.058467362
0,0,0.00051636086
0,0,0.47937912
0,0,0.14257331
0,0,0.15201283
0,0,0.10165984
0,0,0.46126267
0,0,0.058574103
1,1,0.7146764
0,1,0.87446606
0,0,0.29547742
0,0,0.4147589
0,1,0.74688846
1,0,0.22396564
0,0,0.032799944
0,0,0.010709776
1,0,0.037194356
0,0,0.0009033082
0,0,0.05225748
0,0,0.019278768
0,0,0.057483602
0,1,0.5021303
0,1,0.58966494
0,0,0.18204376
1,1,0.5587143
0,0,0.05247093
0,0,0.056146193
0,0,0.09441567
0,0,0.2503047
0,0,0.002629601
0,0,0.26204708
0,0,0.0097072525
0,0,0.24455422
0,0,6.2796476e-06
0,0,0.19698225
1,1,0.6410574
0,0,0.17875715
0,1,0.5935314
0,0,0.091840446
0,0,0.28924662
0,0,0.33527333
0,0,0.43183362
0,0,0.000314749
0,0,0.21254472
0,0,0.4966594
0,0,0.11794111
0,0,0.009789791
0,1,0.85939205
1,1,0.9469143
0,0,0.17046326
0,0,0.40341422
0,0,0.014882938
1,1,0.625195
0,0,0.0032386638
0,0,0.0067460374
0,0,0.3703824
0,0,0.15920606
0,0,0.1994044
0,1,0.8330781
0,1,0.5012175
0,0,0.48347664
1,1,0.7083429
0,0,0.17426948
0,0,7.0424976e-06
0,0,0.27328137
0,0,0.017389396
0,0,0.0053451215
0,0,0.18498327
0,1,0.53694785
0,0,0.09735173
0,0,0.26912415
0,0,0.035558484
0,0,0.06626784
0,0,0.005362477
0,0,0.31440637
0,0,0.0016972723
0,0,0.16015103
0,0,0.0010171254
0,0,0.2962507
0,0,0.31860435
0,0,0.07803764
0,0,0.03677829
0,0,0.03315049
0,0,0.18969601
0,1,0.61114764
0,1,0.8140408
1,0,0.16662408
0,1,0.66757464
0,0,0.049660515
0,0,0.17933205
0,0,0.029688312
0,1,0.763031
0,0,0.27275127
0,0,0.05854504
0,0,0.0012969008
0,0,0.073363185
0,0,2.036767e-05
0,1,0.8327817
0,1,0.68098575
0,0,0.31255537
0,0,0.0917105
0,1,0.5812829
0,1,0.7458589
0,1,0.52225804
0,0,0.0119168125
0,0,0.0005451649
0,0,0.023616288
0,0,0.09843417
0,0,0.2702456
0,0,0.49702895
0,0,0.41998437
0,0,0.10191583
0,0,0.07579505
0,0,0.047142155
0,0,0.11421455
1,0,0.18991104
0,1,0.51966184
0,1,0.527147
0,1,0.60579413
1,0,0.0143957585
0,1,0.5056357
0,0,0.15824832
0,0,0.04924708
0,0,0.090486124
1,1,0.7392939
0,0,0.1436563
0,0,0.1855672
0,1,0.51221645
0,0,0.0005293753
0,0,0.05772863
0,0,0.20503107
0,0,0.4521955
0,0,1.5079799e-05
0,0,0.2190372
0,0,0.0010866817
0,0,0.03922847
0,0,0.14124848
1,1,0.6529746
1,1,0.66620886
0,1,0.8876244
0,0,0.17096433
0,1,0.70636386
0,0,0.07893894
1,1,0.82972085
1,1,0.8913121
0,0,0.0023336334
0,0,0.08697518
0,0,0.16137865
0,0,0.2579262
0,0,0.16278017
1,0,0.16907986
1,0,0.08392323
0,0,0.193228
0,1,0.80171466
0,0,0.0740273
0,0,0.22495292
0,0,0.17117523
0,1,0.9317785
1,1,0.669511
0,0,0.22765654
0,0,0.04292741
0,0,3.0151562e-06
0,0,0.01051032
0,0,0.17518565
1,0,0.35973373
0,1,0.54500777
0,1,0.5310309
0,0,0.024009405
0,1,0.7658549
0,1,0.5376046
0,1,0.5346996
0,0,0.048656292
0,0,0.4663208
0,0,0.001834135
0,1,0.6320844
0,0,0.005901897
0,0,0.019335093
0,0,0.114632696
0,0,0.040765293
0,0,0.1566091
0,0,0.018438296
0,0,3.4456782e-06
0,0,0.41135436
1,1,0.5620375
0,0,0.00784067
0,0,0.0092950845
0,0,1.7888606e-05
0,0,0.45939532
0,0,8.911169e-05
1,0,0.16616483
1,0,0.3399451
0,0,0.1486367
0,0,0.20273037
0,0,0.21081002
0,0,0.004320549
0,0,0.13605739
0,0,0.013184699
0,0,0.21332921
1,1,0.95767385
0,0,0.34698477
0,0,0.17415059
0,0,0.0028009084
0,0,0.015573131
0,0,0.37975127
0,0,0.0082249
0,0,0.4352033
0,0,0.00015503366
0,0,5.339022e-05
0,0,0.004098446
0,0,0.2445149
0,0,0.021571802
0,0,0.047521837
1,1,0.85076624
0,0,0.3225829
0,0,0.15813813
0,0,0.051918518
0,0,0.08953241
0,0,0.044846963
0,0,0.009896284
0,0,0.021152722
0,0,0.017625984
0,0,0.0010500667
0,0,0.00022929432
1,1,0.7525157
0,0,0.033921387
0,0,0.21625195
0,0,0.43575102
0,0,0.49751994
0,1,0.50130945
0,0,0.095770076
0,1,0.57913125
1,0,0.31397173
0,0,0.020426774
0,0,0.12545551
0,0,0.037215084
0,0,0.3141913
0,0,0.092451975
0,0,0.29581976
0,0,0.13131431
0,0,0.025948238
0,0,0.13509846
0,0,0.016608007
0,1,0.8612051
0,0,0.005945974
0,0,5.446899e-06
0,0,0.33936533
0,1,0.53626114
0,0,0.03190152
0,1,0.636766
0,0,0.24833299
0,1,0.5850495
0,0,0.057483602
0,0,0.022998307
0,0,0.22581758
0,0,0.0043382132
0,1,0.56119937
0,1,0.680274
0,0,0.0035609384
0,0,0.25685558
0,1,0.6355971
0,0,0.39743826
0,0,0.11440297
0,0,0.38470542
0,1,0.7657435
0,0,0.0026175154
0,0,0.102941975
0,0,0.00020570433
0,0,0.006984719
0,0,0.0040333993
1,1,0.7432509
1,1,0.843916
0,0,0.16183674
1,0,0.33407465
0,1,0.75889033
0,0,0.011428705
0,0,0.007895337
1,1,0.8661655
1,1,0.6452267
1,0,0.2648193
0,0,0.00725448
0,0,0.19875623
0,0,0.034094512
0,0,0.00015503366
0,1,0.81585896
0,0,0.009888325
0,0,0.038769234
0,0,0.0011561926
0,0,0.09565936
0,0,0.40322295
0,0,0.0006558638
0,0,0.010247368
1,0,0.26363757
1,1,0.50071514
0,0,0.057483602
0,0,0.106924005
1,1,0.517058
0,0,0.036382664
0,0,0.270096
0,0,0.398773
0,0,0.04002144
0,0,0.039291415
0,0,0.05368519
0,0,0.077019386
0,0,0.20685138
0,0,0.005855487
0,0,0.054312993
0,0,0.2166562
0,0,0.05018732
0,0,3.4224435e-05
0,0,0.3208664
0,0,0.2359406
0,0,0.48927703
0,1,0.6569878
1,0,0.23560938
0,0,0.07099305
0,0,1.3664651e-05
0,0,1.7888606e-05
0,0,0.016526107
0,1,0.6693384
0,0,0.33233544
0,0,0.44446856
0,0,0.0024992789
0,0,0.0007193071
0,0,0.29732132
0,0,0.027051989
0,0,0.36299744
0,0,0.043849304
0,0,0.04165354
0,0,0.48679623
0,0,0.4737912
0,0,0.0039977594
0,0,0.12711437
0,0,0.09285955
0,0,0.2512043
0,0,0.0993025
0,0,0.12753867
0,0,0.0056119943
0,0,0.11928952
0,0,0.4352033
0,0,3.5347588e-05
0,1,0.94778436
0,0,0.048902396
0,0,0.40862218
1,1,0.51348037
0,0,0.022326622
0,0,0.14698642
0,0,0.12367001
0,0,0.30071053
0,0,1.3664651e-05
0,0,0.015638055
1,0,0.22100866
0,0,0.011741202
0,0,0.0709834
0,0,0.028573362
0,0,0.0034209834
0,0,0.15710366
0,0,0.005416735
0,0,0.16598377
0,0,0.4192075
0,0,0.24255574
0,0,0.07893894
0,0,0.05953662
0,0,0.14094865
0,0,0.07175024
0,0,0.09200405
0,0,0.36788824
0,0,0.023355696
1,0,0.12687075
0,0,0.064765364
0,0,0.012734075
0,1,0.62950623
0,0,0.022055764
0,0,0.17847224
0,0,0.014219365
0,1,0.69374126
0,1,0.7387385
0,1,0.91630995
1,0,0.34806237
0,0,0.032142054
0,0,0.055714175
0,0,0.4519468
0,0,0.12969548
0,1,0.5392026
1,0,0.47312278
0,0,0.0013543965
0,0,0.030966492
0,1,0.6443475
1,1,0.68901706
0,0,0.02079708
0,0,0.0046655987
0,1,0.53142196
0,1,0.9326971
0,0,0.028394567
0,0,0.07713475
0,0,0.024119442
0,1,0.6879993
0,0,0.22122535
0,0,0.0049794954
0,0,0.022015918
0,0,0.030746827
0,0,0.015621026
0,1,0.76037014
0,0,0.15470822
0,0,0.06525788
0,1,0.5495283
0,0,0.02459954
0,0,0.04307124
0,1,0.7170414
0,0,0.103935465
0,0,0.3890251
0,0,0.0050482177
0,0,0.38289368
0,0,0.044751216
0,0,0.009841057
0,0,0.009888325
0,0,0.38377267
0,0,0.065928295
0,0,0.051902935
0,0,0.05490003
0,0,0.27463627
0,0,0.42239144
0,0,0.32529855
0,0,0.15276743
0,0,0.033086877
0,0,0.047401804
0,1,0.5584364
1,1,0.97918165
0,1,0.57154053
0,0,0.025948238
0,0,0.23162812
0,0,0.4935757
0,0,0.43134066
0,0,0.033576358
0,0,0.26812583
0,0,0.04337863
0,0,0.04923383
0,0,0.03710413
0,0,0.022326622
0,0,0.00021209578
0,0,0.30737492
0,0,0.16469684
0,0,0.1021694
0,0,0.006517925
0,0,0.00049613975
0,1,0.585623
0,0,7.0424976e-06
0,0,0.01254114
0,0,0.1796353
0,0,0.17092784
0,0,0.1439171
0,1,0.58558327
0,0,0.15355365
0,0,0.31034502
0,0,0.28703168
0,0,0.080902845
0,0,0.05490003
0,0,0.00023454693
0,0,0.10788878
0,0,0.18683676
0,0,0.359249
0,1,0.51015
0,0,0.047332082
0,0,0.07508004
0,0,0.11034645
0,0,0.023194121
0,0,0.018044032
0,1,0.5514316
0,0,0.19612338
0,1,0.72765857
0,0,0.4572511
0,0,0.05198931
0,0,0.10239403
0,0,0.0010118632
0,0,0.4408042
0,0,0.00032625315
0,0,0.09851445
0,0,0.00026673512
0,0,0.0022438734
0,0,0.0012969008
0,0,0.2084711
0,0,0.1352254
0,1,0.65310067
0,0,0.17286693
0,0,0.061921254
0,1,0.713088
0,1,0.52256054
0,0,0.03923731
0,1,0.73477614
0,1,0.63709944
0,0,0.28187406
0,0,0.018138206
1,0,0.17434937
0,0,0.3108762
0,0,0.0686516
0,0,0.0018905335
0,1,0.66473126
0,0,0.05002687
0,1,0.61922073
0,0,0.016902206
0,1,0.50836754
0,0,0.11294474
0,0,3.551433e-05
0,0,0.014121352
0,1,0.60214746
1,0,0.393844
0,0,0.004892212
0,0,0.31682295
0,0,0.2603042
0,0,0.09544946
0,0,0.07443184
0,0,2.875353e-05
0,0,0.002778127
1,0,0.14519861
0,0,0.017200988
0,1,0.65172553
0,0,0.34710643
0,0,0.0046445457
0,0,0.04006252
1,1,0.81984913
0,0,0.047765292
0,0,0.14722398
0,0,0.4024492
0,0,2.036767e-05
0,0,0.0060169445
0,0,0.030718723
0,1,0.5905325
0,1,0.669673
0,0,0.29676735
0,0,0.019779459
0,0,0.4678863
0,0,0.115836516
0,1,0.58065873
0,0,0.028960604
0,1,0.5689184
0,0,0.00448407
0,1,0.53916454
0,0,0.47137296
0,0,0.05490003
0,0,0.3326468
0,0,0.012370565
0,0,0.089774065
0,0,0.21837276
0,0,0.012649742
1,0,0.17373374
0,0,0.20386156
0,0,0.057483602
0,0,0.10829953
0,0,0.2652742
0,0,0.0043707616
0,0,0.00032118015
0,0,0.03700221
0,0,3.551433e-05
0,0,0.055714175
1,0,0.43627715
0,0,0.29119167
1,1,0.7510279
0,0,0.37140954
0,0,0.09361523
0,0,0.13095951
0,0,0.102279164
0,0,0.36760333
0,0,0.021985313
0,0,0.0909069
0,0,0.11608156
0,0,0.026228469
0,0,0.29734212
0,0,0.27873832
0,0,0.03901938
0,0,0.05040697
0,1,0.5046111
0,0,0.0011716947
0,0,0.013391471
0,1,0.6957574
0,1,0.6128769
0,0,0.1121
0,0,6.2989915e-05
0,0,0.16966501
0,1,0.6926335
0,0,0.025379302
0,0,0.4306176
0,0,0.21914162
0,0,2.036767e-05
0,1,0.64822906
0,0,0.33691555
0,0,2.036767e-05
0,0,0.28732935
0,0,0.00032118015
1,1,0.6061077
0,0,0.008496817
0,0,0.05389213
1,0,0.28327125
0,0,0.16597405
0,0,2.036767e-05
0,0,0.009066374
0,0,0.099331014
0,0,0.0015943297
0,0,0.10997318
0,0,0.014356484
0,1,0.7909364
0,0,0.020858277
0,0,0.02252108
0,0,3.4456782e-06
0,0,0.007763334
0,0,0.28849408
1,1,0.6671585
0,0,0.35050228
0,0,0.21211764
0,0,0.015488364
0,0,0.06312402
0,0,0.05621194
0,0,0.289137
0,0,0.0012969008
0,1,0.7946082
0,0,0.29675394
0,0,0.0031674046
0,0,0.024119442
0,1,0.73104084
0,0,0.16373758
0,1,0.661412
0,0,0.2776225
0,0,0.17406806
0,0,0.42815125
0,1,0.5913985
0,0,0.016526107
0,0,0.0034102823
0,0,0.11236565
0,0,0.0011515877
0,0,0.057483602
1,0,0.05556574
0,0,0.12892295
0,0,0.02662169
0,1,0.91938275
0,0,0.45893678
0,0,0.017742846
0,0,0.00015503366
0,0,0.25665978
0,0,0.32439536
0,1,0.7398553
0,0,0.05142792
0,0,0.0075867027
0,0,2.036767e-05
0,0,0.10429891
0,0,0.07707162
0,0,0.4789501
0,0,0.016557556
0,0,0.055851337
0,0,0.20925868
0,0,0.01307303
0,0,0.002833897
0,0,0.0030301851
0,0,0.007415884
0,0,0.1395647
0,1,0.80186546
0,0,0.015314046
0,0,0.47966248
0,0,0.00074302
0,0,0.025948238
0,0,0.0037102092
0,0,0.07537021
1,0,0.48423332
0,0,0.015250254
0,1,0.67712337
0,0,0.00011724277
0,0,0.09907458
1,0,0.28759137
0,0,0.31043312
0,0,0.19989735
0,0,5.49799e-05
0,1,0.55874175
1,1,0.66645026
0,0,0.010690363
0,1,0.8051172
0,0,0.00017512313
0,0,0.024102546
0,0,0.00015503366
0,0,0.008155103
0,0,0.37600687
0,0,0.48709625
0,0,0.035948884
0,0,0.0040784148
0,1,0.65095985
0,0,0.42641655
1,0,0.19829987
0,0,6.2989915e-05
1,0,0.055940032
0,0,0.45775077
0,0,0.08743154
0,0,0.061417058
0,0,0.0075566834
0,0,0.12982617
0,0,0.0066465475
0,0,0.2977563
0,0,0.010121694
0,0,0.03457474
0,0,0.0019007247
0,1,0.5251201
0,0,0.004390958
0,0,0.00572436
0,0,0.16236278
0,0,0.0371697
0,1,0.5052439
0,0,0.37958786
0,0,0.06748048
0,0,0.0008854163
0,0,0.06961001
0,0,0.015421424
0,0,0.071672775
0,1,0.89712083
0,0,0.28238872
0,0,7.0424976e-06
1,1,0.5122605
0,0,0.27940342
0,0,0.047330998
0,0,0.0009850506
0,0,0.27989757
1,0,0.31562644
0,0,0.03901938
0,0,0.064057484
0,1,0.906606
0,0,0.12970424
0,0,0.022326622
0,1,0.74054325
0,0,0.3157215
0,0,0.10868998
0,0,0.144205
0,0,0.0699063
0,0,0.11210271
0,0,0.19687897
0,0,0.0005968468
0,0,0.008312067
1,1,0.79766923
0,0,0.00010393337
0,0,0.00023454693
0,0,0.1343583
0,0,0.42412642
0,0,0.3687939
0,0,0.41738805
0,0,0.3562585
0,0,0.15417227
0,0,7.0424976e-06
0,0,0.23646091
0,0,0.17423217
0,1,0.86891663
0,0,0.10121454
0,0,0.00656
0,0,0.0053283777
0,1,0.7530361
0,0,1.7888606e-05
0,1,0.7086263
0,0,0.3731534
0,0,0.099264465
0,0,0.21040322
1,1,0.87548023
0,0,0.15008445
1,1,0.6714933
0,1,0.6582303
0,0,0.00051636086
1,0,0.47221756
0,1,0.7984431
1,1,0.9032395
0,0,0.29350874
0,0,0.35020286
0,0,0.4206188
0,0,0.003158618
0,0,0.463293
0,1,0.5152845
1,0,0.060310613
0,0,0.22218625
0,1,0.76980376
0,0,0.09285955
0,0,0.017018447
0,0,0.007989813
0,0,1.7396738e-05
0,0,0.17356355
0,0,0.0017276264
0,0,7.0424976e-06
0,0,3.4456782e-06
0,0,0.0015369569
0,1,0.7243935
0,0,0.08844242
0,0,0.06894078
0,0,3.4456782e-06
0,0,0.4477279
0,0,0.022326622
0,0,0.3712882
0,0,0.24712195
0,0,0.35375777
0,0,0.0059220907
0,1,0.801295
0,0,0.060148418
1,0,0.26134494
0,0,0.4190851
0,0,0.0133059835
0,0,0.24087733
0,1,0.8379917
0,0,0.24639018
0,0,0.031631574
0,0,0.16230273
0,0,0.39566034
0,0,0.049468964
0,0,0.055441678
0,0,0.1206579
0,0,0.13657019
0,0,0.053773187
0,1,0.72882146
0,1,0.7461138
0,0,0.40542036
0,1,0.516408
0,0,0.055388488
0,0,0.004758426
0,1,0.5072618
0,0,0.18209215
0,0,0.0021584241
0,0,0.43166065
0,1,0.74464935
0,0,0.005416735
0,0,0.4320886
0,0,0.17285891
0,0,0.0006524051
0,0,0.25763687
0,0,0.0010364723
0,1,0.65839016
0,0,0.015314046
0,0,0.0032694407
0,1,0.763238
0,1,0.58771056
0,0,0.29581425
0,0,0.032831125
0,0,0.03437939
0,0,0.02747703
0,0,0.0009928179
0,0,0.079791136
0,1,0.5981496
0,0,0.29392684
0,0,0.19468853
0,0,0.18875813
0,0,0.12798932
0,0,0.05490003
0,0,0.014075778
0,0,0.18987492
0,0,0.009326356
0,0,0.48029035
0,0,0.007716288
0,0,0.045277607
0,0,1.145519e-05
0,0,0.020992396
0,0,0.2316736
1,0,0.12615593
0,0,0.028138014
0,0,0.18694586
0,0,0.24623865
0,0,0.06513456
0,0,0.18695024
0,0,5.9880845e-06
0,0,1.145519e-05
0,0,0.27135026
0,0,0.0005403179
1,0,0.21187732
0,1,0.92583036
0,1,0.5432722
0,0,0.4210736
0,0,0.40978825
0,0,0.0030394502
0,0,0.055210155
0,0,0.010517036
0,0,0.2786225
0,0,0.422369
0,0,0.16528937
0,0,0.114030175
0,0,0.18595153
1,1,0.7575206
0,0,0.0075585106
0,0,0.10456558
1,1,0.60619825
0,0,0.22665161
0,0,0.38126782
0,0,3.551433e-05
1,0,0.34304717
0,0,0.04256398
0,0,0.013225286
0,0,0.31876117
0,0,0.0018951586
0,0,0.27144334
0,0,0.38743156
0,0,0.3391358
0,0,0.118134364
0,0,0.028259467
0,0,0.056505855
0,0,0.04597244
0,0,0.34543195
0,1,0.8234382
0,1,0.5437419
0,0,0.00028853683
0,0,0.00012098905
0,0,0.00019147676
0,0,0.18521911
0,0,0.3241255
0,0,0.15112121
0,0,0.00051636086
0,0,0.059700485
0,0,0.47048223
0,1,0.5230769
0,0,0.11507232
0,0,0.07677974
0,0,0.0014091443
0,0,0.12596987
0,0,0.24190125
0,1,0.5821609
0,0,0.38530925
0,0,0.4052495
0,0,0.06443498
1,0,0.41092598
0,0,6.721417e-06
0,1,0.65489376
0,0,0.24895386
0,0,0.12428472
0,0,0.22036542
0,1,0.6430463
0,0,0.033325702
0,0,0.14381562
0,0,0.0034102823
1,1,0.8753979
0,0,0.029239172
0,1,0.5520214
0,0,0.22120868
0,0,0.15293425
0,0,0.005416735
0,0,0.028507762
0,0,0.3671662
0,0,0.10853715
0,0,1.3664651e-05
0,1,0.84901255
0,1,0.72147816
0,0,0.010533932
0,1,0.89853877
0,0,0.11220819
0,0,0.36547077
0,0,0.16280144
0,0,0.44300583
0,0,0.08119872
0,1,0.7412718
0,0,0.2613888
0,0,0.20009224
0,0,2.1657976e-05
0,0,0.17652978
0,1,0.6748534
0,0,0.01513687
0,0,0.06904212
0,0,0.32638663
0,0,0.25962406
0,0,0.00042552038
0,0,0.18613897
0,1,0.5560482
0,0,0.07431327
0,0,0.022015918
0,0,0.35394752
0,0,0.20363483
0,0,0.33001134
0,1,0.6877951
0,0,0.025572063
1,1,0.7295721
1,1,0.71225697
0,0,0.13468602
0,0,0.39009073
0,0,0.005476033
0,0,0.12633695
0,0,0.002482945
0,0,0.015950676
0,0,0.038044263
0,0,0.03278989
0,0,0.19089213
0,0,0.017045174
0,0,0.00020900501
0,0,0.27212784
0,0,0.11880396
0,0,0.12442869
0,0,0.010508267
1,1,0.78423196
0,1,0.838442
1,0,0.41974026
0,0,0.099306084
0,1,0.66567457
0,0,0.4253746
1,1,0.8779839
0,0,0.03510056
0,1,0.55778915
0,0,0.18504813
0,0,0.11018244
0,0,0.13607022
0,0,0.4113519
0,0,0.0061194166
0,0,0.06761042
0,0,0.066475876
0,0,0.00032340197
1,0,0.15323147
0,0,2.036767e-05
1,1,0.8182503
0,0,0.2991979
0,0,0.393844
0,0,0.009510782
1,0,0.29646835
0,0,0.102234595
0,0,0.46455124
1,1,0.63445187
0,0,0.0026175154
0,0,0.09822568
0,0,0.00460352
0,0,0.16949144
0,1,0.7130489
0,0,0.055129297
0,0,0.23809446
0,0,0.18523674
0,0,0.30551246
0,0,0.05335703
0,0,0.0041584847
0,1,0.54402983
1,0,0.06102273
0,0,0.113337524
0,0,0.016023802
0,0,0.038700726
0,0,0.078211464
0,0,0.42936954
0,0,0.046678677
0,0,0.048467275
0,0,0.010972201
0,0,0.015947122
0,0,0.00047822864
0,0,0.30804455
0,0,0.2007782
0,0,0.0014212873
0,1,0.5898008
0,0,0.22348425
0,0,0.1728053
0,0,0.12325639
0,0,0.21971044
0,0,0.036403827
1,0,0.13226263
1,1,0.9097039
0,0,0.2138433
0,1,0.59817314
0,1,0.74681306
0,0,0.02240191
0,1,0.5900556
0,0,0.4317475
0,1,0.79298097
0,0,0.09414455
0,0,0.000120519944
0,0,0.1108516
0,1,0.83056414
0,0,2.036767e-05
0,0,0.21964557
0,0,0.39813834
0,1,0.56936765
1,1,0.59124374
0,0,0.24920443
0,0,0.033495862
0,0,0.170821
0,0,1.3664651e-05
0,0,2.036767e-05
0,0,0.001568548
0,0,0.06488136
0,0,0.3005187
0,0,0.30415583
0,0,0.033792276
0,0,0.3885924
0,0,0.10136584
0,0,0.0024133024
0,0,0.0134563185
0,0,0.21710159
0,1,0.57987577
0,0,0.28233293
0,0,0.0022552062
0,0,0.20738043
0,0,3.551433e-05
0,0,0.044808894
0,0,0.018453976
0,0,0.0006750874
0,0,0.31748205
0,0,0.20878956
0,0,0.00072164496
0,0,0.0946436
0,0,0.16562453
0,0,0.13433926
0,0,0.31385666
0,0,0.37640336
0,0,0.0422395
0,0,0.0011936079
0,0,0.4700737
0,1,0.69594973
0,0,0.041195218
0,0,0.20634428
0,0,0.3023695
0,1,0.6240092
0,1,0.9194674
0,0,0.005416735
0,1,0.738828
0,0,0.09629172
0,0,0.00572436
0,0,0.025948238
0,0,2.1657976e-05
0,0,0.22683962
0,0,0.06529806
0,0,0.015880296
0,0,0.24805427
0,0,0.0027763995
0,0,0.049412098
0,0,0.20425223
0,0,5.9880845e-06
0,0,0.12797256
0,0,4.2072647e-06
0,0,0.008033682
0,0,1.3664651e-05
0,0,0.11794111
0,0,0.019475114
0,0,0.30464506
0,0,0.0014893798
0,0,0.03067023
1,1,0.711162
0,0,0.15470822
0,0,0.0050812373
0,0,0.39956522
0,1,0.69493604
0,0,0.0005781557
0,0,0.44677514
0,0,0.029434789
0,0,0.040354792
0,0,0.013207003
0,0,0.24467957
0,0,0.047966804
0,0,0.30548406
0,0,0.019703027
0,0,0.39334753
0,0,0.12599072
0,0,0.018904174
0,0,0.050549056
0,0,0.20582101
0,0,0.17023839
0,0,0.035001617
0,0,0.047330998
0,0,0.18679854
1,1,0.9428164
0,0,0.2440685
1,0,0.47383147
0,0,0.47050092
0,0,0.022326622
0,0,3.3816465e-05
1,1,0.5281976
0,0,5.49799e-05
1,1,0.69529355
0,0,0.030921416
0,0,0.047593296
1,0,0.23792334
0,0,1.3664651e-05
0,0,0.12105548
0,0,0.09062313
0,0,1.3664651e-05
0,1,0.7723605
0,0,0.06630789
0,1,0.5916945
0,0,0.3545477
0,1,0.9056339
1,0,0.06751601
0,0,0.25396284
0,0,0.018684214
0,0,0.13832289
0,0,0.15229297
1,1,0.80194104
0,0,0.057483602
0,0,0.123725
0,0,0.04256023
1,1,0.8943666
0,0,0.3581723
0,0,0.07301631
1,0,0.08960915
0,1,0.5355205
0,0,0.40194568
0,0,0.0795968
0,0,0.38878563
1,1,0.98535085
0,1,0.85755366
0,0,0.48553523
0,0,0.0964128
0,1,0.5559347
0,1,0.59699106
0,0,0.11931442
0,0,0.283952
0,0,0.09128458
1,0,0.43468142
0,0,0.079068825
0,0,0.16436495
0,0,0.3806096
0,0,0.025150342
1,1,0.54274035
0,0,0.049183525
0,0,0.00938252
0,0,0.015514862
0,1,0.781505
0,1,0.56812584
0,0,0.14652829
0,1,0.50279015
0,1,0.65347546
0,1,0.63031846
0,1,0.87503767
0,0,0.01402843
0,0,0.463293
0,0,0.26806518
0,0,0.3493693
1,0,0.20837116
0,0,0.14329794
0,0,0.008700553
0,0,0.007585619
0,0,0.16556117
0,0,5.49799e-05
0,0,0.09881952
0,0,0.22797568
0,0,0.00036497173
0,1,0.6514936
0,1,0.79801273
0,1,0.92717063
0,0,0.017659148
0,0,0.27324805
1,0,0.46614337
1,1,0.5942199
0,1,0.6234929
0,0,0.030086454
0,0,0.1251932
0,0,0.1419315
0,0,0.15112121
0,0,0.028155036
1,1,0.9183345
0,0,0.033329558
0,0,0.021810045
0,0,0.4911088
0,0,0.020992396
0,0,0.004508855
0,1,0.60665375
1,0,0.2423523
0,0,0.00938252
0,0,0.060964875
0,0,0.0014349526
0,0,0.060325492
1,1,0.7406309
0,0,0.0123288585
0,0,0.445017
0,0,5.9880845e-06
0,0,2.3116956e-05
0,0,0.019840643
0,0,2.036767e-05
0,1,0.5218444
0,1,0.530145
0,0,0.0010118632
0,0,0.26845732
0,0,2.036767e-05
0,0,0.00023454693
1,1,0.6224706
0,1,0.60084283
0,1,0.5341984
0,0,0.2572063
0,0,0.037980504
0,1,0.6452267
0,0,0.2443782
0,0,0.1343583
0,0,0.000875044
0,0,0.091360845
0,0,0.027027264
0,0,0.18857455
1,0,0.40088585
0,0,0.07644277
1,0,0.048386026
1,1,0.7167467
0,0,0.00043824816
0,1,0.6871635
0,0,0.0057966593
0,0,0.11372805
0,0,0.08319898
0,0,0.40382832
0,0,0.0524348
1,1,0.6945685
0,0,0.036074307
0,0,0.065693535
0,0,0.11117996
0,1,0.59193224
1,1,0.53515893
0,0,0.00032118015
0,0,0.4519468
0,0,0.0063647106
0,0,0.3929045
0,0,0.001103926
0,0,0.0020172535
0,0,0.16226915
0,0,0.0032210785
0,1,0.7212607
0,0,0.025080355
0,0,0.066679336
0,0,0.19645743
0,0,0.040930547
0,1,0.5718243
0,0,0.14944367
0,0,0.21487059
0,0,0.008542271
0,1,0.61768854
1,0,0.36011586
0,0,0.005416735
0,0,0.13832289
0,0,0.1486913
1,1,0.9191737
0,0,0.031766154
0,0,0.05719802
0,0,0.00019916128
0,1,0.79858863
0,0,0.011711489
0,0,0.027107693
0,1,0.59918964
0,0,0.06805592
0,0,0.2516614
0,0,0.28574678
0,0,0.08285358
0,0,0.36001298
0,0,0.027843306
0,1,0.7228941
0,0,0.0011407172
0,0,0.3559526
0,0,0.29053542
0,0,0.4109609
0,1,0.6763227
0,0,0.3672191
0,1,0.5928693
0,1,0.72715163
0,0,0.0022337108
0,0,0.021374034
0,0,0.439119
0,0,0.023208255
1,0,0.099956036
0,0,0.09446112
0,0,0.055714175
0,0,0.021959793
1,1,0.7310241
1,0,0.16032174
0,1,0.5721832
0,0,3.0400648e-05
0,0,0.0025188841
0,0,0.02056101
0,0,0.08722482
0,0,0.31846666
0,0,0.056775395
0,0,0.22306126
0,1,0.5669252
0,0,0.24656051
0,0,0.24450225
0,0,0.034590077
0,0,0.00037273788
0,0,0.029040249
0,0,0.06481177
0,0,0.35708433
1,1,0.8605114
0,0,0.096025616
0,0,0.04383804
1,1,0.542477
0,0,0.054903843
0,0,0.080332994
0,0,0.011450096
1,1,0.8379555
0,1,0.5857231
0,0,0.0027620133
0,0,0.03594248
0,0,0.01600718
0,0,0.22824818
1,1,0.6438461
0,1,0.8012133
0,0,0.015775267
0,0,0.07225731
0,0,0.03504098
0,0,0.00033018232
0,0,0.016053434
0,0,0.047389578
0,0,0.32129183
0,0,0.026929755
1,0,0.20566082
0,1,0.50617003
0,0,0.001513274
0,0,0.017389396
0,0,0.15203387
0,0,0.48175594
0,0,0.43304893
0,0,0.34424677
0,0,0.00048613604
0,0,0.007824236
0,0,0.38808188
0,0,0.003921633
0,0,0.110153206
1,1,0.60157037
0,0,0.0006237318
0,0,2.036767e-05
0,0,0.36992928
0,0,0.0027742076
0,0,0.3929045
1,1,0.70749277
0,0,0.16341983
0,1,0.8149055
0,0,0.21935837
0,0,0.010651125
0,0,0.025948238
0,0,0.031479698
0,0,0.03901938
0,0,0.077370726
0,0,0.27660486
0,0,0.12263245
0,0,0.2699494
0,0,5.9880845e-06
0,0,0.16360639
0,1,0.6997776
0,0,0.09663538
0,0,0.057483602
0,0,0.20800185
0,0,0.13797644
0,0,0.0014164351
0,1,0.6584715
1,1,0.5949468
0,0,0.1493973
0,0,0.19188933
0,1,0.7415478
0,0,0.15565471
1,0,0.24360241
0,0,0.1184573
0,0,0.03560669
0,0,0.43372262
0,0,0.36012775
0,0,0.08220381
0,0,0.07269321
0,0,0.05475522
0,0,0.05260762
0,1,0.65974194
1,1,0.6611651
0,0,0.00018699675
0,0,0.47972777
0,0,0.015950676
0,0,0.1028474
0,0,0.24530466
1,0,0.1322622
0,0,0.007134543
0,0,0.14381562
0,0,0.2244801
0,0,0.01902709
0,0,1.5613889e-05
0,0,0.010779004
0,0,0.0117585
0,0,0.14007814
0,0,0.02553471
0,0,0.1538183
0,0,0.0016642958
0,0,0.0092030335
0,0,0.347221
0,0,0.0024935328
0,0,0.1120511
0,0,0.49159566
0,0,0.1387659
0,0,0.24539092
1,0,0.048812926
0,0,0.10971267
0,0,0.38547662
0,0,0.0003717269
0,0,0.08092146
0,0,0.0013542145
0,0,0.005416735
0,0,0.03504558
0,0,0.24805509
0,0,0.1793812
0,0,0.051881462
0,0,0.08470141
0,1,0.51977426
0,0,0.00014155125
0,0,0.03217309
0,0,0.1443616
0,1,0.5642765
0,0,0.30168495
0,0,0.050665446
0,0,0.015464823
0,0,0.023645988
0,1,0.8222261
0,0,0.33169398
0,0,0.05447838
0,0,0.09685526
0,0,0.024119442
0,0,0.012849925
1,0,0.3334404
0,1,0.64749026
0,0,0.07439121
0,0,0.08258365
0,0,0.005577288
0,0,0.07182854
0,0,0.42082602
0,0,0.14381562
0,0,0.07831197
0,0,0.06793017
0,0,0.25830224
0,0,0.28689188
0,0,3.3816465e-05
0,0,0.015445632
0,0,0.16132852
0,0,0.024192393
0,0,0.055842336
0,1,0.6039064
0,0,0.33371434
0,0,0.049692996
0,0,0.0065327105
1,0,0.46167088
0,0,0.06776825
0,0,0.045808006
0,1,0.6908329
1,1,0.7249886
0,1,0.6257639
0,0,0.03689184
0,0,0.10355675
0,0,0.15500173
0,0,0.046238743
0,0,0.49536523
0,0,0.40662858
0,1,0.78181064
0,0,0.40978825
0,1,0.582749
0,0,0.11628964
0,0,3.3816465e-05
0,0,0.0028887445
0,0,6.430666e-05
0,0,0.0070066806
0,0,0.017389396
0,1,0.5075986
0,0,5.9880845e-06
0,0,0.12950204
0,0,0.16743217
0,0,0.24606232
0,0,0.042405304
0,0,0.11956002
0,0,5.9880845e-06
0,0,0.22735147
0,0,0.04483766
0,0,0.04851521
0,0,0.3594777
0,0,0.0704242
0,0,0.029013596
0,0,0.119779654
0,1,0.54255044
0,0,0.38823882
0,0,0.28587314
0,0,0.16833614
0,0,0.11288269
0,1,0.8129448
0,1,0.5660789
0,1,0.5853487
0,1,0.6388394
1,0,0.45022798
0,1,0.5548774
0,0,0.12438459
0,0,0.0041792244
0,0,0.039406028
0,0,0.0021134869
0,1,0.66171795
0,0,0.1016912
0,0,2.4835883e-06
0,0,0.010329971
0,1,0.7940142
0,0,0.43819332
0,0,0.00958936
0,0,0.08758003
0,0,0.095770076
0,1,0.6233812
0,0,0.051590595
0,0,0.03232962
1,0,0.25655875
1,1,0.81537324
0,0,0.06277922
0,0,0.2528572
0,0,0.14705671
0,0,0.007415884
1,0,0.2822738
0,0,0.0058979816
0,0,0.043739617
0,0,0.180664
0,0,3.551433e-05
1,1,0.5738421
0,0,0.45219022
1,1,0.738109
0,1,0.5149508
0,1,0.7351849
0,0,1.5613889e-05
0,1,0.8686502
0,0,0.098042004
0,1,0.5494902
0,0,0.44756386
0,0,0.022213463
0,1,0.81759393
0,0,0.03034099
0,0,0.26023385
0,0,0.042719554
0,0,0.033106394
0,0,0.04473814
0,0,0.32218972
0,0,3.1536238e-05
0,0,0.0014747924
0,0,0.0052352496
0,0,0.3162868
0,0,0.0064280876
0,0,0.035948884
0,0,0.0035860792
0,0,0.0035969198
1,0,0.38232842
0,0,0.023100376
0,0,9.798787e-06
0,0,0.0021134869
0,0,0.101376764
0,0,0.02131531
0,0,0.09419757
0,0,0.10191583
1,0,0.36837426
0,0,0.0018676762
0,0,0.1636368
0,0,0.0028867961
0,0,0.0014349526
0,0,0.00020051413
0,0,0.39005286
0,1,0.56934303
0,0,0.01402843
0,0,0.23293816
0,0,0.035198405
0,0,0.20863704
1,1,0.74750704
0,0,0.2828163
0,1,0.90213126
0,1,0.73110014
0,0,0.38282868
0,0,0.034720145
0,0,0.37149578
0,1,0.654126
0,1,0.57808787
0,0,0.00015503366
0,0,0.20302527
0,1,0.5512476
0,0,0.073452316
1,0,0.056319207
1,1,0.8141053
0,0,0.037158225
0,0,0.022908064
0,0,0.26747587
0,0,0.31555286
0,0,0.13652302
0,0,1.64395e-05
1,0,0.32045794
0,1,0.5747172
0,1,0.5594679
0,0,0.05849964
0,1,0.52269316
0,0,0.007415884
0,0,7.0424976e-06
0,0,0.017806973
1,0,0.4890512
0,1,0.54834443
0,0,0.115762256
0,0,0.00495648
0,0,0.0016939765
0,0,0.10195265
0,0,0.02325864
0,0,0.019772254
0,1,0.592224
0,0,0.037498448
0,1,0.7467049
0,0,0.024119442
1,0,0.3293651
0,0,0.005650778
0,0,0.15157075
0,0,0.0047841524
0,0,7.677504e-06
0,1,0.6546671
1,0,0.39595965
0,0,0.00021072125
0,0,0.0038008995
0,0,0.27217042
0,0,0.006602964
0,0,0.043473735
1,0,0.2562086
0,0,0.20318037
1,1,0.6372896
1,0,0.38076535
0,1,0.71388346
0,0,0.010217186
0,0,0.034363918
0,1,0.8917238
1,1,0.68041724
0,0,0.0077994433
0,0,0.20705798
0,0,0.07256039
0,0,1.6639628e-06
0,1,0.7375957
0,0,0.032089584
0,0,0.10839459
0,0,0.00064612046
0,1,0.804929
0,0,0.036372192
0,0,0.054589372
0,0,0.0009824632
0,0,0.00051636086
0,0,0.03489643
0,0,0.16333531
0,1,0.7236729
0,0,0.4709633
0,0,1.7888606e-05
0,0,0.04341131
0,0,2.036767e-05
0,0,0.0026175154
0,0,0.04031468
0,0,0.21267648
0,0,0.21068163
0,0,0.13246441
0,0,0.00020900501
0,0,0.1462215
0,0,1.3664651e-05
0,0,0.0042408523
0,0,0.0010188037
0,0,0.004744101
0,0,0.062321186
0,0,0.091191135
0,0,0.011328554
0,0,0.09167642
0,0,0.04966859
0,0,0.03611727
0,0,0.13039215
0,0,0.019866569
0,0,0.015962731
0,0,0.1408513
0,0,0.076426275
0,0,0.082906745
0,0,0.2517188
0,0,0.028028222
0,0,0.35944197
0,1,0.628976
0,0,3.551433e-05
0,0,0.12944667
0,0,0.07202984
0,0,0.0910597
0,0,0.32778955
0,0,0.02729946
0,0,0.024974875
0,0,0.004670681
0,0,0.09379454
0,0,0.41460502
0,0,0.056008082
0,0,0.49744442
0,1,0.6156815
0,0,0.1490042
0,0,0.35352838
0,0,0.001602323
1,0,0.3540467
0,0,0.022922967
0,0,5.9880845e-06
0,0,0.0004800574
1,0,0.37868482
0,0,0.058967173
0,0,0.034496922
0,0,0.19048065
1,0,0.38860905
0,0,0.11323456
0,0,0.12219821
0,0,0.029261349
0,0,0.033417437
0,0,0.087468915
0,0,0.04031325
0,0,1.0856032e-06
0,0,0.45473838
0,0,0.057814714
0,0,0.21698377
0,1,0.70871615
0,1,0.59762996
0,0,0.007389795
0,0,0.11946093
0,0,0.24674897
0,0,0.46610308
0,0,0.017222911
0,0,0.008885341
0,0,0.013295914
0,0,0.34133807
0,1,0.6437502
0,0,0.42930576
0,0,0.1394397
0,0,0.013007744
0,0,0.07357826
0,1,0.653607
0,1,0.52127516
0,0,0.20458177
0,0,0.010218898
0,0,0.25597733
0,1,0.62169826
0,1,0.52962154
0,0,0.21507262
0,0,0.0038481823
0,0,0.3772234
0,0,0.099065386
0,0,0.058100596
0,0,0.0041488414
0,0,1.1252866e-05
0,0,0.10071657
0,0,0.084224306
0,0,0.3400777
0,0,0.33918115
0,0,0.29814142
0,0,0.10868688
0,0,0.046915874
0,0,0.01010189
0,0,0.21361156
0,0,0.13977304
0,0,0.28819042
0,0,0.04964652
0,0,0.2764272
0,0,0.036403827
0,0,0.08791256
0,0,0.12804557
0,0,0.16426666
0,0,0.026872447
0,0,0.00787138
0,0,0.016011603
0,0,0.08785221
0,0,0.022326622
0,1,0.65990984
0,0,2.036767e-05
0,0,0.017886829
0,1,0.69641495
0,0,0.339359
1,0,0.13352308
0,1,0.5196468
0,0,0.00010788709
0,0,0.3150547
0,0,0.35119578
0,0,0.005333108
1,1,0.89710486
0,0,0.31128287
0,1,0.64670146
0,0,0.057483602
0,0,0.0040127947
0,0,0.0001415032
0,0,0.22765654
0,0,0.042497437
0,0,0.07431327
0,0,0.40868473
0,1,0.7184922
0,0,0.19344479
0,0,0.11048435
0,0,0.3185127
0,0,0.18709219
0,0,0.0014556498
0,0,0.21482815
0,0,0.022326622
0,0,5.49799e-05
0,0,0.029827045
0,0,0.115255
1,1,0.5110756
0,0,0.2175218
0,0,0.0019468701
0,0,0.019925045
1,1,0.8785501
0,1,0.9493439
0,0,0.080818035
1,1,0.90094936
0,0,0.011974365
0,0,0.0069606965
0,0,0.20940137
0,0,0.09734218
0,0,0.0034393228
0,0,0.41307962
1,1,0.6095447
0,0,0.15705039
0,0,0.017389396
0,0,0.0027763995
0,0,0.03795916
0,0,0.015950676
0,0,0.09192104
0,0,0.00027818396
0,0,0.00021188495
0,1,0.5546155
1,1,0.74977803
0,0,0.026131604
1,0,0.05355317
0,0,0.092456535
0,0,0.20013401
0,0,0.00015503366
0,0,0.07125438
0,0,0.12093044
1,1,0.8414408
0,0,0.08526354
0,0,0.11048435
0,0,0.18809414
1,1,0.7184922
1,1,0.8455208
0,0,0.011973452
0,0,0.005057301
0,0,0.11436408
0,0,0.020345407
0,1,0.62451637
0,0,0.0068498827
0,0,4.8370366e-06
0,0,0.019866569
0,0,0.47059625
0,0,0.20531529
0,0,5.9880845e-06
0,0,0.1945036
0,0,0.032799944
0,0,0.1883159
1,1,0.6364995
0,0,0.00094669545
0,0,0.14773464
0,0,0.0013821259
0,0,0.0032278849
0,0,0.0015709223
0,0,2.036767e-05
0,0,0.29049903
0,1,0.66831136
1,1,0.7403943
0,0,0.34340933
0,0,0.0025117681
0,1,0.8242961
0,0,0.016857848
0,0,0.41796544
0,1,0.6917819
0,1,0.6435605
0,0,0.26605514
0,0,0.0509782
0,0,0.046503723
0,0,0.40731522
0,1,0.597791
0,0,0.46358767
0,0,0.0009087408
0,0,0.05985929
0,0,0.4454136
0,0,0.027814694
0,0,2.036767e-05
0,0,0.18502118
0,0,0.004041251
0,0,0.030616874
0,0,0.43087375
0,0,0.4395976
0,0,2.036767e-05
0,0,0.05957707
0,0,0.11035678
1,1,0.53768826
0,0,0.46242312
0,0,0.10748342
1,1,0.5428578
0,0,0.2696156
0,0,0.062555455
1,1,0.7409631
0,0,0.23011665
1,1,0.9128099
0,1,0.5596145
0,0,0.010299877
0,0,0.33927906
0,0,0.017494347
0,0,0.04011636
0,0,0.09285333
0,0,0.18247795
0,0,0.27437758
0,0,0.06447626
0,1,0.81931657
0,0,0.0013828679
1,0,0.24101068
1,1,0.7855962
0,0,0.25774986
0,0,0.015751112
0,0,2.5286936e-05
0,0,0.3831169
0,0,5.49799e-05
0,0,3.551433e-05
0,0,0.21041276
0,0,0.026423827
0,1,0.66841495
0,0,0.049490448
0,0,0.3524672
0,1,0.66628814
0,0,0.15797485
0,0,0.15645188
0,0,0.010127385
0,0,0.14509791
0,0,0.018714454
0,0,0.30512875
0,0,0.06981547
0,0,0.067172796
0,0,0.2377159
0,0,0.43920135
0,0,2.036767e-05
0,0,0.3543839
0,1,0.658416
0,0,0.061904687
0,0,0.001399481
0,0,0.39294496
0,0,0.21098952
0,0,0.0012939748
0,0,0.4713218
1,0,0.263665
1,0,0.45610905
1,0,0.4414675
0,0,0.022326622
1,0,0.48899457
0,0,0.35300174
0,0,0.39898413
0,0,0.47873345
0,0,0.11133242
0,0,0.19258353
0,0,0.020265883
0,0,0.06148812
0,0,0.019750012
0,0,3.551433e-05
0,0,0.42575145
0,0,0.10463862
0,0,0.025628306
1,0,0.4674011
0,0,0.020265883
0,0,0.40522876
0,0,0.26778084
0,0,0.0034917549
1,1,0.6427927
0,0,0.05490003
0,0,0.024239494
0,0,0.26019844
0,0,0.029422361
0,0,0.06669956
0,0,0.0038109096
0,0,0.00030029408
0,0,0.36330658
0,1,0.5869342
0,0,0.024746872
0,0,0.08181753
0,0,0.07214134
0,0,0.28656125
0,0,0.040661797
1,0,0.45949203
0,0,0.30669916
0,0,0.0077876924
0,0,0.055925433
0,0,0.07225731
1,0,0.015167402
0,0,0.48138824
0,0,0.02555703
0,0,0.003081793
0,0,0.37695125
1,1,0.9606575
1,1,0.59980845
1,0,0.2586165
0,0,0.25091863
0,0,0.11803333
0,0,0.3682417
0,0,0.09176066
0,0,0.01496687
1,1,0.5141751
0,0,0.06983322
0,0,0.16597405
0,0,0.18224669
0,0,0.31512412
0,0,0.07183591
0,0,0.34811437
0,0,0.38111418
1,1,0.8083244
0,0,2.036767e-05
0,0,0.008241666
0,0,0.11578321
0,0,0.00023995782
0,0,0.30056152
0,0,0.37771943
1,0,0.08888245
0,0,0.00023454693
0,1,0.5056511
0,0,0.25546756
0,0,0.09289115
0,1,0.6350809
0,0,0.3071738
0,0,0.036791436
0,0,0.008648453
0,0,0.2628635
0,0,0.047848485
0,0,5.49799e-05
0,0,0.066679336
1,1,0.71766615
0,0,0.05291966
0,0,0.36737683
0,0,0.21169753
0,0,0.055714175
0,0,0.016954899
0,0,0.0067154593
0,0,0.3231188
0,0,0.073278315
0,0,0.0014447296
0,0,0.26587826
0,0,0.045347627
1,0,0.44010356
0,0,0.10056389
0,0,0.33957693
0,0,0.3056034
1,0,0.31194875
0,0,0.022326622
0,1,0.7404413
0,1,0.712821
0,0,0.04164329
1,0,0.2641288
0,0,5.49799e-05
0,0,0.069324076
0,1,0.6188197
0,0,0.23311016
0,0,0.00094669545
0,0,5.49799e-05
0,0,0.0033641397
0,0,0.095195726
0,0,0.19670083
0,0,0.32979828
0,0,0.050980266
0,1,0.5546274
0,0,0.31971195
0,0,0.2251591
0,1,0.7081935
0,0,0.1677788
0,0,0.019305784
0,0,0.013979235
0,0,0.007408146
0,0,0.13416286
0,0,0.20546307
0,0,0.23461632
0,0,0.1094211
0,0,0.048049364
0,0,0.013849027
0,0,0.292045
0,0,0.38053742
0,0,0.03451228
0,0,0.00782475
0,0,0.39746922
0,0,0.28981525
0,0,0.022326622
0,0,0.00040617195
0,0,2.036767e-05
1,1,0.8508934
0,0,0.28735673
0,0,0.04567476
0,0,0.018967737
1,1,0.5712367
0,1,0.5731248
1,0,0.009480393
0,0,0.01738987
0,0,0.04520071
1,1,0.5917863
0,0,0.22827785
0,0,0.000393233
0,0,0.14298175
0,0,5.49799e-05
0,0,0.47477835
0,1,0.686973
0,0,0.2468104
0,0,3.0400648e-05
0,0,0.048727993
0,0,0.049310256
1,1,0.70822513
0,1,0.6844623
0,0,0.038645197
0,0,0.38570496
0,0,0.22265342
0,0,0.2969782
0,0,0.11871019
0,0,0.0014524596
1,1,0.917634
0,0,0.05984373
0,1,0.77534163
0,0,0.1343583
0,0,0.012674428
0,1,0.5705312
0,0,0.15160276
0,0,0.008022673
0,0,0.061713323
0,1,0.5958195
0,0,5.9880845e-06
0,0,0.109989166
0,0,0.11665029
1,0,0.39082804
0,0,0.018693957
0,0,0.1617538
0,0,0.2680925
0,0,0.07256039
0,0,0.0021134869
0,0,0.32380044
0,0,0.058237642
1,1,0.79696196
0,0,0.007716288
0,0,5.49799e-05
0,0,0.47048762
0,0,0.025948238
0,0,0.0071197194
0,0,0.00045215117
0,0,0.019080829
0,1,0.6686272
0,1,0.78068495
0,0,0.18582156
0,0,0.10427154
0,0,0.053292956
0,0,0.020952607
0,0,0.090867266
0,0,0.11648525
0,0,0.052583937
0,0,0.49175307
0,1,0.7508669
0,1,0.5531093
0,0,0.20079654
1,0,0.18788373
0,0,0.040265482
0,0,0.008775591
0,0,0.03393428
0,0,0.10612957
0,0,0.00096756016
0,1,0.704396
0,0,0.13658914
0,1,0.87119013
0,0,0.3152565
0,0,5.446899e-06
0,0,0.001209989
0,0,0.06742278
0,0,0.073862374
0,0,0.02944208
0,0,0.27594677
0,0,2.1657976e-05
0,0,2.036767e-05
0,0,0.38778633
0,0,0.10401196
0,0,3.6545491e-06
0,0,0.13030782
0,0,0.035785515
0,0,0.1097922
0,0,0.023583878
0,0,0.112057015
1,1,0.78886133
0,0,0.2327407
1,0,0.24279033
0,0,0.15176947
0,0,0.15335573
0,0,0.46410927
0,0,0.008474703
0,1,0.52264464
0,0,0.36561975
0,0,0.35777578
0,1,0.72321147
0,0,0.0064666998
0,1,0.6246885
1,0,0.3469638
1,1,0.52936834
0,1,0.73369414
0,0,0.09591584
0,0,0.0064280876
0,1,0.67976075
0,0,0.3216373
0,0,0.090648405
0,0,0.016371781
0,1,0.9193276
0,0,1.5613889e-05
1,0,0.24171013
0,0,0.30401686
0,0,0.043726847
0,0,0.011992324
0,0,0.20631221
1,1,0.88500065
0,0,0.004446186
0,0,0.048790284
0,0,0.022944156
0,0,0.041195218
1,1,0.80967313
1,1,0.89053094
0,0,0.059384495
0,0,0.017464228
0,0,0.4280144
0,0,0.23192427
0,0,0.10983886
0,0,0.016080853
0,0,0.06770884
0,1,0.72988975
0,0,0.001399481
0,1,0.6344767
0,0,0.165335
0,0,0.27572918
0,0,0.016191976
0,0,0.0019595155
0,0,0.057679225
0,1,0.6437247
0,1,0.57534105
0,0,0.0072912313
0,0,0.011170849
0,0,0.06694396
0,1,0.8265862
0,0,0.2608415
0,0,0.0007279037
0,0,0.03611727
0,0,0.33740345
0,0,0.0052352496
0,0,0.14638475
0,1,0.78337365
0,0,0.024059156
0,1,0.6902165
0,0,0.4796464
0,0,0.12603024
0,0,0.3436316
0,0,0.013184699
1,0,0.4100165
0,0,0.22495292
0,0,0.031191384
0,0,0.01773159
0,0,0.021814536
0,0,0.13020362
0,0,0.046003476
0,0,0.095281616
0,0,0.00016475943
0,1,0.5755855
0,0,0.05490003
0,0,0.08307177
0,0,0.3445578
0,0,3.3816465e-05
0,0,0.37206674
0,0,0.08249033
0,0,1.145519e-05
0,0,0.42558038
0,0,0.42315534
0,0,0.41776285
0,0,0.19226447
0,0,0.4754122
0,0,0.035540856
0,0,0.4805421
0,0,0.0023919097
0,0,0.3538929
0,0,0.48357725
0,0,0.08581645
0,0,0.007864259
0,0,0.048049364
0,1,0.5035155
0,0,0.116162896
0,1,0.6448916
0,0,0.3115315
0,0,2.1657976e-05
0,0,5.9880845e-06
0,1,0.78001606
0,0,0.00020739526
0,0,0.22596829
0,0,0.16389152
0,1,0.7477819
0,1,0.5012679
0,1,0.6503659
0,0,0.076206565
0,1,0.7536994
0,0,0.024602918
0,1,0.64044017
0,0,0.13064858
0,0,0.024845373
0,0,0.005416735
0,0,0.09798349
0,0,0.13986124
0,0,0.009896284
0,1,0.64536947
0,0,0.09647742
0,0,0.011109936
0,0,0.021518057
0,0,0.21193592
0,0,0.3628464
0,0,0.08696706
0,0,0.0027150048
1,0,0.33983743
0,0,0.001995342
0,0,1.2899287e-05
0,0,0.002411566
0,0,0.010608563
0,0,0.004110095
0,1,0.6688146
0,0,0.1128652
0,0,0.19125882
0,0,0.030850489
0,0,0.06418571
1,1,0.8887558
0,0,0.22255932
0,1,0.61613554
0,1,0.73038065
0,0,0.14657702
0,0,0.031191384
0,0,0.030611275
0,0,0.26035622
1,1,0.67610395
0,0,0.040730078
1,0,0.43255877
0,1,0.5286977
0,0,5.9880845e-06
1,1,0.7349753
0,0,0.055641394
0,0,0.04744655
0,0,0.24470675
0,1,0.5934097
0,0,0.025478896
0,0,0.45643157
0,0,0.02853065
0,0,0.24196972
0,0,0.022326622
0,0,0.00069067377
0,0,0.12448435
0,0,0.4057117
0,0,0.0021134869
0,0,0.08106608
0,0,0.019937783
0,0,0.40254486
0,0,0.28856054
0,1,0.6964425
0,0,0.3288324
0,0,2.036767e-05
0,0,0.0004800574
0,0,0.09306003
0,0,0.10823722
0,0,0.42786342
0,0,0.114527375
0,0,0.18625118
0,0,0.3744338
0,0,0.17151682
0,0,2.036767e-05
1,1,0.6792887
1,0,0.4204892
0,1,0.5182818
0,0,0.4451431
0,0,3.4456782e-06
0,0,0.10891769
0,0,0.13168354
0,0,0.090648405
0,0,0.34577796
0,0,0.002112381
0,0,0.19510859
0,0,0.07046688
0,0,0.09663209
1,1,0.88699067
0,0,0.02295987
0,0,0.40246913
1,0,0.29525477
0,0,0.47423616
0,0,0.022326622
0,0,0.17119105
0,0,0.22581758
0,0,0.37185547
0,0,0.020520173
0,1,0.6259363
1,1,0.67755723
0,0,0.30530655
0,0,0.07225731
0,1,0.8154139
0,0,0.024852423
0,0,0.27168566
1,0,0.15258145
1,1,0.79102844
1,0,0.060512103
0,1,0.61465603
0,0,0.05725485
0,0,0.103659965
0,0,0.07163011
1,1,0.6222256
0,0,0.4220887
0,0,0.02845851
1,1,0.60903335
0,0,0.12168633
0,0,0.1837943
1,0,0.47418588
0,0,0.16242157
0,0,0.13048147
0,0,0.00023675984
0,0,0.06699936
0,0,0.050256614
0,1,0.64748853
0,0,0.0013196114
1,1,0.70864046
0,1,0.5857231
0,0,0.2312434
0,1,0.7406845
0,1,0.57837623
0,0,0.3638569
0,0,0.041903935
0,0,0.17533065
0,0,0.4547524
0,0,0.22995852
0,0,0.0694225
0,1,0.7028671
0,0,0.0918962
0,1,0.53827894
0,0,0.0014349526
0,0,0.14373966
0,0,0.06939629
0,0,0.24967664
0,0,2.4835883e-06
0,0,0.1509436
0,0,0.0012704185
0,0,0.21492842
0,0,0.006102578
0,0,0.34706256
0,0,0.0039479183
0,0,4.151451e-05
0,0,0.0075045875
0,0,0.22099249
0,0,0.04387436
0,0,0.14637892
0,0,0.0028167325
0,0,0.48339918
0,0,0.007041516
0,0,0.018802928
0,0,0.24455422
1,1,0.6570211
0,1,0.9418728
0,0,0.4365968
0,0,0.19433811
0,0,0.09568352
0,0,0.20021048
0,0,0.001602323
0,0,0.0060678236
0,1,0.8362575
0,0,0.0077994433
0,0,0.013728084
0,0,0.035055593
0,0,0.013668183
1,1,0.5653563
0,1,0.5035205
0,0,0.13409944
0,0,0.16607238
0,0,0.36357853
0,0,0.4429571
0,0,0.40286607
0,1,0.7838869
0,0,0.09959804
0,0,0.34603664
0,0,0.42808756
0,0,0.06086872
1,0,0.39140895
0,0,0.27702454
0,0,0.026625305
0,0,0.20254992
0,0,1.5518703e-05
0,0,0.036975574
0,0,0.15451299
0,0,0.028972069
0,0,2.1342652e-05
0,1,0.5043688
0,0,0.13574323
0,0,0.0725964
0,0,0.0033826947
0,0,0.1955208
0,0,0.00031324115
0,0,0.4455174
0,1,0.61467767
0,0,0.12303162
0,0,0.08760418
0,0,0.30910012
0,1,0.65593684
0,0,0.2538611
0,1,0.82235515
0,0,0.15171336
0,1,0.50957644
0,0,0.22718872
0,0,0.019048428
0,0,0.02307147
0,0,0.0044921553
1,0,0.20261621
0,0,0.39056602
0,0,4.397811e-06
0,0,8.745862e-06
0,0,0.36671165
0,0,0.03797893
0,0,0.026513178
0,0,0.009914728
0,0,0.30189076
0,0,0.0032121134
1,1,0.8452843
0,0,0.042890783
1,1,0.71924144
0,0,0.0033778884
1,1,0.7777746
0,0,0.110037155
0,0,0.18771735
0,1,0.6504041
0,0,0.48227796
0,0,0.0047156694
0,0,0.080406725
0,0,0.018300228
0,0,3.894351e-05
0,0,0.23870622
0,0,0.06328557
0,0,0.2405749
0,0,0.10727523
0,0,0.025948238
1,1,0.9410792
1,0,0.44301182
0,0,0.05591702
0,0,0.41286418
0,1,0.5898385
1,0,0.13202967
0,0,0.002833897
0,0,0.041757286
0,0,0.28806442
0,1,0.52098316
0,0,0.2712407
0,0,0.0073986985
0,0,0.30044866
1,0,0.48102894
0,0,0.00018354344
1,1,0.7372679
0,0,0.0004800574
0,0,0.0930602
0,0,0.010777982
0,0,0.42229435
1,0,0.0864096
0,0,0.02933885
0,0,0.0013403
0,0,0.004155188
0,0,0.026586542
0,0,0.24577446
0,0,0.10662517
0,1,0.75300056
0,0,0.02729946
0,0,0.039540656
0,0,0.19104078
1,1,0.8930079
0,0,0.022015918
0,0,0.19848593
0,0,0.0728854
0,0,0.0219884
0,0,0.43344167
0,1,0.59425217
0,0,0.062547274
0,1,0.8085355
0,1,0.5807316
0,0,0.019247662
0,0,0.05773884
0,1,0.6129066
0,0,0.46358767
0,1,0.6572484
0,1,0.7598605
0,0,5.9880845e-06
0,0,0.41596586
0,1,0.62137383
0,0,0.09697627
0,0,0.39992028
0,1,0.92603016
0,0,0.025358237
0,0,0.3581723
0,0,0.2887213
0,0,0.055714175
0,0,0.0050051976
0,0,0.14109321
0,0,0.44231194
0,1,0.5078031
1,1,0.8089878
0,0,0.030377088
0,1,0.8186156
0,0,0.017566783
0,0,0.058237642
0,1,0.6761706
1,0,0.26476657
0,0,0.015479364
0,0,0.061771955
0,0,0.31346297
0,0,2.1657976e-05
0,1,0.6711056
0,0,0.19759221
0,0,0.4569182
0,0,3.4456782e-06
0,0,0.015197104
0,0,0.3139811
0,0,0.2997307
0,0,0.051278114
0,0,0.0040190276
0,0,0.4337711
1,0,0.15633938
0,0,0.20851977
0,0,0.21535484
0,0,0.08850682
1,1,0.72146827
0,0,0.2540318
1,0,0.43250415
0,1,0.7558991
0,0,0.009344619
0,0,0.19456024
0,0,3.4456782e-06
0,0,0.14901869
0,0,0.024119442
0,0,0.15069097
0,0,0.005416735
1,1,0.79515076
0,0,0.22184828
0,0,0.040238626
0,0,0.06690964
0,0,0.2534839
0,0,4.0524133e-06
0,1,0.61226237
0,0,0.0038879542
0,0,0.08447512
0,0,0.26772097
0,1,0.69020987
0,0,0.06856384
0,0,0.22496475
0,0,0.06697726
0,0,0.26284438
0,0,0.079498455
0,0,0.08546939
0,1,0.5053083
0,0,0.06456304
0,0,0.0022907679
0,0,0.15455459
0,1,0.534437
1,0,0.3942447
0,0,0.18356931
0,0,0.00027264236
0,0,0.38565636
0,0,0.004969785
0,0,0.35524842
0,0,0.11046582
0,0,0.015882017
0,0,0.010667558
0,0,0.47708726
1,0,0.15686305
1,1,0.68232846
0,0,0.0005086411
0,0,0.017389396
0,1,0.6427733
0,0,0.021919329
0,0,0.39249873
0,0,0.004837862
0,0,0.06967178
0,1,0.70650285
0,0,0.10710324
0,0,1.3664651e-05
0,0,0.13174184
0,0,8.48714e-05
1,0,0.48478892
0,0,0.08727128
0,1,0.5024207
0,0,0.25614354
0,1,0.7401715
0,0,0.032585084
0,1,0.5415917
0,0,0.001399481
0,0,2.4835883e-06
0,1,0.712739
0,0,0.26861763
1,0,0.27252343
0,0,0.0025371125
0,0,0.03736478
1,1,0.8319615
0,0,0.09178097
0,0,0.22719374
0,0,0.3067611
1,0,0.05689726
0,0,0.055714175
0,0,0.1738224
0,0,0.24456671
0,0,0.35973373
0,0,0.31426087
0,0,5.9880845e-06
0,0,0.15912683
0,0,0.07372313
0,1,0.6043112
0,1,0.6647461
0,0,0.024121184
0,0,0.37673658
0,0,0.27190337
0,0,0.46923107
0,1,0.69908184
0,0,0.19422503
0,0,0.2504165
0,0,0.024628107
0,1,0.88311267
0,0,0.002018061
0,1,0.5552472
0,1,0.5446625
0,0,0.0071525173
0,0,0.10206893
0,1,0.7180479
0,0,0.02894274
0,0,0.035589214
0,0,0.098987594
0,0,0.0740273
1,1,0.9584678
0,0,0.31915444
0,0,0.0429542
0,0,0.00026101008
0,0,0.05490003
0,0,0.0039961804
0,1,0.71357954
0,0,0.46402106
0,0,0.1450343
0,0,0.20273037
0,0,0.01254114
1,1,0.7154401
0,0,0.0066931713
0,0,0.095872164
0,0,0.10045461
0,0,0.00036497173
0,0,0.03720514
0,0,0.24788928
0,0,0.19932228
0,0,0.025948238
0,0,0.05933679
0,0,0.12481909
0,0,0.12621334
1,1,0.75951505
1,0,0.16353148
0,0,0.015775267
0,0,0.014325155
0,0,0.047406975
1,1,0.6440994
0,0,0.29522035
0,1,0.920748
0,0,0.013510943
0,0,0.02919837
0,0,0.21180265
0,1,0.55275744
0,0,0.008950441
1,0,0.40114677
0,0,0.022169324
0,1,0.587028
0,0,0.066679336
0,0,0.12768167
0,0,0.01513687
0,0,0.37230664
0,0,0.012374527
0,0,0.22361109
0,1,0.58843863
0,0,0.0077369474
0,1,0.6679111
0,1,0.8718496
0,0,0.48461145
0,1,0.6473572
0,0,0.35318872
0,0,0.012370384
0,1,0.5868534
0,0,0.032559954
0,0,0.21755068
0,0,0.13997042
0,0,0.019939963
0,0,1.5620873e-05
0,0,0.035008308
1,0,0.38762948
1,1,0.70287436
0,0,0.04326467
0,0,0.029054066
0,0,0.27202505
0,1,0.5442968
0,1,0.5961021
0,0,0.13848789
0,0,0.27916086
0,0,0.20480669
0,0,0.07028816
0,1,0.5910668
0,0,0.12007561
0,0,0.009436093
0,1,0.6002265
0,0,0.021374034
0,0,0.024119442
0,0,0.063030295
0,0,3.3816465e-05
0,0,0.0063647106
0,1,0.5652683
1,1,0.9235982
1,0,0.49987736
0,0,0.13982402
0,0,0.02714837
0,0,0.09258456
0,0,0.028215652
0,0,0.026230097
0,0,0.00082657614
0,0,0.0127583835
0,0,0.27691457
0,0,0.16557592
0,0,0.4052756
1,1,0.53447837
0,0,0.0009543489
0,0,0.021175064
0,0,0.06720398
0,0,0.0070981956
0,0,0.30450603
0,0,0.33194405
0,0,0.041301318
0,1,0.8135526
0,0,0.29238874
0,0,0.19219959
0,0,0.02459954
0,0,0.06563671
0,0,0.012783115
0,1,0.79242426
0,0,0.11273777
0,0,0.00048627722
0,0,4.0524133e-06
0,1,0.75117147
0,1,0.6653526
0,0,0.028953362
0,0,0.19546898
0,0,0.017208317
0,0,0.015455678
0,0,0.08505491
0,0,0.18072128
0,0,0.0034935838
0,0,0.04049245
0,1,0.5140268
0,1,0.52189696
0,0,0.24367389
0,0,0.21206428
0,1,0.6151506
0,0,0.052036542
0,0,0.08756315
0,0,0.004554373
0,0,0.0022738716
0,0,0.43379572
0,0,0.1997942
0,0,0.167426
0,0,0.4243172
0,0,0.1509929
0,0,0.1669202
0,0,0.057483602
0,0,0.04498288
0,0,0.29644763
0,0,0.075823024
0,1,0.77514786
0,1,0.90731144
0,0,0.4059478
0,0,0.06483742
0,0,0.10439881
0,0,0.041046243
0,0,0.024121184
0,0,0.058727324
0,0,8.9545765e-06
0,0,0.029931718
0,0,0.07039942
0,1,0.85264456
0,0,0.4969181
0,0,0.24842434
1,0,0.4944153
0,0,0.022229271
0,0,0.0010541657
0,0,0.00360585
0,0,0.007415884
0,0,0.06118109
0,1,0.6418364
1,1,0.58791834
0,0,0.25238293
0,0,0.010010555
0,0,0.23823614
0,0,0.3070808
0,0,8.745862e-06
0,1,0.9910749
0,0,0.05930718
0,1,0.54238784
0,0,0.05051567
0,0,0.042126253
0,0,0.009915463
0,0,0.44239587
0,0,0.40081388
0,0,0.0038158223
0,0,2.6174616e-06
0,0,8.860692e-05
1,1,0.6025814
0,0,0.015568037
0,0,0.010779725
1,1,0.8285667
0,0,0.025948238
0,0,0.32263917
0,0,0.41970035
0,0,0.053631663
0,0,0.06513456
0,0,0.029334536
0,0,0.0058366726
0,0,0.022326622
0,1,0.6093816
0,1,0.6726496
0,0,0.024119442
0,0,0.019142127
0,0,0.24707042
0,0,0.11752928
1,1,0.6058826
0,0,0.43154827
1,1,0.8496005
1,1,0.800888
0,1,0.5393399
0,1,0.8222602
0,0,0.0022319516
0,0,0.26094314
0,0,0.1210156
1,0,0.4120987
0,0,0.1935143
0,0,0.26893738
0,0,0.1306149
0,0,0.109494396
0,0,0.00041283807
0,0,0.01458018
0,0,2.4835883e-06
0,0,0.17851153
0,0,0.34645498
0,0,0.020612294
0,0,0.269345
0,0,0.0011793369
0,0,0.29332763
0,0,0.13578194
0,0,0.00017588773
0,0,0.001209989
1,1,0.9339238
0,1,0.5198283
1,1,0.83384246
0,1,0.5981343
0,1,0.62176514
0,0,0.1949394
0,0,0.3557773
0,0,0.008614261
0,0,0.19913511
0,0,0.058196794
1,1,0.8986053
0,0,0.0561442
0,0,0.02050488
0,0,0.030129932
0,0,0.37673658
0,0,0.0052093333
0,1,0.5674364
0,0,0.022326622
1,1,0.6845724
0,0,0.09459089
1,1,0.75175214
1,1,0.62691844
0,0,0.31971222
0,1,0.5971995
0,0,5.9880845e-06
0,0,0.12062267
0,0,0.0070181163
0,1,0.68260103
0,0,0.014110973
0,0,0.11207663
1,0,0.3947303
0,0,0.10169497
0,0,0.009814575
0,0,0.07855177
0,0,0.015946016
0,0,0.2163596
0,0,0.00023454693
0,0,0.27401236
0,0,0.021552337
0,0,0.0022201268
0,0,0.01765886
0,0,0.078095876
0,0,0.095513746
0,0,0.019099977
0,0,0.024270078
0,1,0.5700747
0,0,0.011136707
0,0,0.041876078
1,0,0.002011594
0,0,0.009972091
0,0,0.019546613
0,0,0.13429359
0,0,0.1094211
0,0,0.32881105
0,0,0.05644759
0,0,0.26609987
0,0,0.012449706
0,0,0.0006450502
0,0,0.14248098
0,0,0.3392601
0,0,0.22258268
0,0,5.49799e-05
0,0,3.894351e-05
0,0,0.024119442
0,0,0.028712336
0,1,0.60602087
0,0,0.16921748
1,0,0.018185154
0,0,0.008550319
0,0,0.22375609
0,0,0.00572436
0,0,0.4061403
0,0,0.014356484
0,0,0.060347892
0,0,0.2632291
0,0,0.05455681
0,0,0.24147367
0,0,0.14854644
0,0,0.011200817
0,0,0.22341572
0,1,0.5365342
1,1,0.5201505
0,0,0.0005887597
0,0,0.35968068
0,0,0.00051636086
0,1,0.76187223
0,0,0.4115125
0,0,0.011776644
0,0,0.16753629
0,0,0.0914381
0,0,0.17724067
0,0,0.31138507
0,0,0.047037464
0,0,0.037158225
0,0,0.005042629
0,0,0.005998928
0,0,0.015950676
0,0,0.16513102
0,1,0.66310275
0,0,0.009953025
0,0,0.15047558
0,0,0.0010096822
0,0,0.070253424
0,0,0.44578713
0,0,0.3495378
0,0,0.08658337
0,0,0.00196342
0,0,0.0028530348
0,0,0.02936017
0,0,0.006551929
0,0,0.0486285
0,0,0.14080636
0,0,0.03504098
0,0,0.032620557
0,0,0.419165
0,0,0.1965738
0,0,0.34158608
0,0,0.39562216
0,0,0.00077844865
1,0,0.28860483
0,0,0.032269966
0,0,0.327655
0,1,0.98392624
0,0,0.30162865
0,0,0.004517733
0,0,0.2411999
0,0,0.1348273
0,0,0.00043835092
1,0,0.3883112
0,0,0.30939177
1,1,0.832328
0,0,0.033715915
0,1,0.60134566
0,0,0.22300398
0,0,0.00081976334
0,0,0.017194709
0,0,0.12698215
0,0,7.0424976e-06
0,0,0.1915476
0,0,0.0069196504
1,1,0.69685215
0,1,0.5254801
0,0,0.025147548
0,0,0.070097044
0,0,0.28891668
0,0,0.32778955
0,0,0.03151519
0,0,0.021175064
0,0,0.1330039
0,0,0.10137081
0,0,0.014173179
0,0,0.03503248
0,1,0.5997444
0,0,0.029261496
0,0,0.19594288
0,0,0.35450068
0,0,0.31608218
0,0,2.4835883e-06
0,0,0.45639417
0,0,0.15349808
0,0,0.008263509
0,0,0.030724373
0,1,0.60074645
0,0,0.06924679
0,0,0.0014959301
0,1,0.56129193
1,1,0.7662803
0,0,0.08518694
0,0,0.0014164142
0,0,0.00089057884
0,0,0.025693491
0,0,0.00040063495
0,0,0.09113921
0,0,0.14209937
1,0,0.021916192
0,0,0.03210167
0,0,0.08688465
0,0,0.27135226
0,0,0.09308816
0,0,0.00965277
0,0,0.03204825
0,1,0.56192565
0,0,0.09141438
0,0,0.041301318
0,0,0.056319207
0,0,0.0015615306
0,0,0.06748167
0,0,0.008536473
0,0,0.0528906
1,1,0.97105026
0,0,0.15220425
0,0,0.028613996
0,0,0.21002999
0,0,0.15854353
0,0,0.0037675805
0,0,0.0861034
0,0,0.009896284
0,0,0.12283885
1,0,0.0004626929
0,0,0.059073687
0,0,0.0013287422
0,0,0.07209772
0,0,0.34603664
0,0,0.08322708
0,0,0.20869614
0,0,0.28357854
0,0,0.4800372
0,1,0.69025034
0,0,0.28446597
1,0,0.07462315
1,1,0.64501554
0,0,0.23443621
0,0,0.38197213
0,0,0.0892518
0,0,0.18951084
0,0,0.095770076
0,0,0.39746922
0,1,0.66814613
0,0,0.13181074
0,0,0.15070748
1,0,0.32824525
0,1,0.64450157
0,0,0.07153545
0,0,0.052614592
0,1,0.59836644
0,0,0.27696052
0,0,0.07945888
0,0,0.04637189
0,1,0.8334097
0,1,0.64974904
1,0,0.004274162
0,0,0.20414971
0,1,0.66715956
0,0,0.009249061
0,1,0.51181686
0,0,0.03775489
0,0,0.0702402
0,1,0.79148287
0,0,0.12283885
0,0,0.100775845
0,0,0.3243855
0,0,0.117663085
0,0,0.010290558
0,0,0.044146214
0,1,0.6173251
0,0,0.4602783
0,1,0.560599
0,1,0.64536846
0,0,0.017688861
0,0,0.13837777
1,1,0.84925723
0,0,0.001399481
1,1,0.83618766
0,0,0.055714175
0,0,0.032696087
0,0,0.009656408
0,0,0.14705671
0,1,0.6611315
0,1,0.66764224
0,0,0.13771825
0,0,0.09459089
0,0,0.09800138
0,1,0.58749145
0,1,0.716158
0,0,0.42902595
0,0,0.0028925282
0,0,0.0034909737
1,0,0.43035996
0,0,0.057928767
0,0,0.29915762
0,1,0.6276996
0,0,2.036767e-05
0,0,0.37714046
0,0,0.06734359
0,1,0.73625124
0,0,0.016157527
0,0,0.001209989
0,1,0.7920485
0,0,0.060923286
0,0,0.02459954
0,0,0.0049291463
0,1,0.5078736
0,0,0.2655483
0,0,0.007869503
0,1,0.65529335
0,1,0.5404339
0,1,0.85867614
1,1,0.7563388
1,0,0.31660968
0,0,0.16665915
0,1,0.888501
0,0,0.13656832
0,0,0.015723377
0,0,0.12956394
1,1,0.8850905
0,0,0.37997305
0,0,0.4096288
0,0,0.00020900501
0,0,0.0154770035
0,0,0.012808673
0,0,0.2621184
0,0,0.12032324
0,0,0.14247005
0,1,0.6318844
0,0,0.0011199302
0,0,0.36148557
0,0,0.31294367
0,0,0.01438627
0,0,0.13756868
0,0,0.0823146
0,0,0.019079678
0,0,0.041358914
0,1,0.8286442
0,0,0.0033641397
0,0,0.3026545
0,0,0.25311628
0,0,0.2699278
0,0,0.017104724
0,1,0.7916133
0,0,0.047330998
0,0,0.07045504
0,0,0.21672566
0,0,0.015297868
0,0,0.4442422
0,0,0.08408351
0,0,2.036767e-05
0,0,0.0014300627
0,0,0.024121184
0,0,0.001834135
0,1,0.7231107
0,1,0.5446625
0,0,0.14846197
0,0,0.18152657
1,1,0.5014284
0,0,0.003274187
0,0,0.00021209578
0,0,0.063566856
0,0,0.00033066585
0,0,0.08285166
0,1,0.59413135
0,0,0.022269769
0,0,0.17265193
0,0,0.13335325
0,1,0.90732557
0,0,0.37900665
0,0,0.315726
0,0,0.11736316
0,0,0.027668461
0,1,0.6814111
0,0,0.14555022
1,0,0.37747312
0,0,0.1575305
0,1,0.5205179
0,0,2.6174616e-06
0,0,0.39113513
0,0,0.34325188
0,0,0.49020725
0,0,0.092078716
0,1,0.8770522
0,0,0.21483907
0,0,0.36794156
0,0,0.0004800574
0,0,0.091967255
0,0,0.065296665
0,0,0.17220005
0,0,0.11338524
0,0,0.3984509
0,0,0.18625216
0,1,0.62533045
0,0,0.35986108
0,0,0.12513761
0,0,0.016477143
0,1,0.63074875
1,1,0.723635
0,0,0.054515626
0,0,0.0011561926
1,0,0.21797012
0,1,0.62039995
0,0,0.18538594
0,0,0.13239284
1,1,0.7467359
0,0,0.0033813333
0,1,0.5867208
0,0,0.408253
1,0,0.4529855
0,1,0.63733214
0,0,4.0465213e-05
1,1,0.77246344
0,0,0.08470141
0,0,0.1843472
0,0,0.24688107
0,0,0.39133823
0,0,0.12282171
0,0,0.028626231
0,0,0.016648099
1,0,0.08080566
0,0,0.006913672
0,0,0.14470392
0,0,0.00040617195
0,0,0.3078458
1,1,0.5604744
0,0,0.050114848
0,0,0.0023852217
0,0,0.083478324
0,0,0.085414656
0,0,0.014205035
0,0,0.3243144
0,0,0.015573131
0,0,0.034082532
0,0,0.22475095
0,0,0.40422136
0,0,0.25960425
0,0,0.111222036
0,0,0.45593888
0,0,0.3764291
0,0,3.551433e-05
1,0,0.34622028
0,0,0.41398504
0,0,0.036530275
0,0,0.35639125
0,1,0.8891282
1,1,0.5908328
0,0,0.20956063
0,0,0.3339407
0,0,0.0020572138
0,0,0.06708551
0,0,0.07191667
0,0,0.0561442
0,1,0.5506908
1,0,0.42954612
0,0,0.10916433
0,0,0.016617768
0,0,0.0686552
0,0,1.6639628e-06
0,0,0.07174183
0,0,0.025182137
0,0,0.091006115
0,0,0.05359715
0,0,0.11117689
0,0,0.054903843
0,0,0.10075828
0,0,0.00042925836
0,1,0.56449354
1,1,0.8915316
0,1,0.51979005
1,0,0.26455852
0,1,0.513125
0,0,0.18285522
0,0,0.07926493
0,0,0.01496822
0,0,0.06502105
0,0,0.043044943
0,0,0.23793721
0,1,0.60762393
0,0,0.15646121
0,0,0.02623701
0,0,0.016977763
0,0,0.1719131
0,0,0.07886277
0,1,0.7821449
0,0,0.11897559
0,0,0.02346875
0,0,0.0050909324
0,0,2.875353e-05
0,0,0.12414881
0,0,0.10492948
0,0,0.08024548
0,0,0.0183332
0,0,0.11806403
1,1,0.6250512
0,0,0.2768527
0,0,0.13175662
0,0,0.4908039
0,0,0.004745781
0,0,0.00010779434
0,0,0.00027363503
0,1,0.70988816
0,0,0.3212477
0,0,0.091161974
0,0,0.37968907
0,1,0.63803416
0,0,0.3038883
0,0,0.2367918
0,0,0.05305217
0,0,0.0097463345
1,1,0.8635516
0,0,0.114146784
0,0,0.3092592
0,0,0.2758192
0,0,1.3664651e-05
0,0,0.02541719
0,0,0.02109251
0,0,0.29328716
0,0,0.019526696
0,0,0.0022253671
0,0,0.02378748
0,0,0.001209989
0,0,2.036767e-05
0,0,0.056489892
0,0,0.21194884
1,0,0.05429568
0,0,0.11904195
0,0,0.03126253
0,0,0.17259808
0,1,0.5719244
0,0,0.00094669545
0,0,0.14332375
0,0,0.020055415
0,0,0.017430115
0,0,0.005848222
0,0,0.30900913
0,0,0.3109882
0,0,0.018474141
0,0,0.013072636
0,0,0.020469252
0,0,0.41972026
0,0,0.0002719401
0,0,0.04958517
0,0,0.4110268
1,0,0.0033826947
0,0,0.07226651
0,0,0.10779565
0,0,0.26122084
1,1,0.57461095
1,1,0.8764152
0,1,0.5052365
0,0,0.09511343
0,1,0.6636601
0,0,0.011449745
1,1,0.7051913
0,0,0.034366023
0,1,0.53186023
0,0,0.44923365
0,0,0.29679722
0,0,0.00061208394
0,0,0.3530594
0,0,0.0007835216
0,0,0.46614337
0,0,0.20475933
0,0,0.49762997
0,0,5.9880845e-06
0,0,0.037980877
0,1,0.6631614
0,0,0.00085021404
0,0,0.3059923
0,0,2.6174616e-06
0,0,0.007415884
0,1,0.62580407
0,0,0.07790903
0,0,7.0424976e-06
0,0,0.12428927
1,1,0.62490475
0,0,0.1644538
0,0,0.00010506596
0,0,0.22081983
0,0,0.08764115
0,1,0.6979476
0,0,0.10133129
0,0,0.015250254
0,0,0.15740122
0,0,0.18886545
0,0,0.0026175154
0,0,0.2066678
0,0,0.19670083
0,0,0.19964993
0,0,0.09203758
0,0,0.13899311
0,0,0.27271992
0,1,0.68210244
0,0,0.045954343
0,0,0.0751118
0,1,0.86361265
0,0,3.4456782e-06
0,1,0.5801463
1,0,0.17554691
0,0,0.11850119
0,0,0.019866569
0,1,0.64421105
0,0,0.030535137
0,0,0.00030618324
0,0,0.015775267
0,0,0.36370245
0,0,0.050981928
0,0,0.044391695
0,0,0.0902537
0,1,0.53730756
0,1,0.54440993
0,0,0.40410668
0,0,0.01604671
1,1,0.9663798
0,0,0.2288756
1,0,0.42857176
0,0,0.01819499
0,0,0.021004846
0,1,0.7282743
0,0,0.3619548
0,0,0.0028170124
0,0,0.0016233141
0,0,7.1251736e-05
0,0,0.013988971
0,0,0.020426774
1,1,0.7851577
0,0,0.00022609178
0,0,0.025948238
0,0,0.031316604
0,0,0.36285257
0,0,3.2141597e-05
0,1,0.8808188
0,0,0.04259836
0,1,0.65127975
0,0,0.078702606
0,0,0.0895238
0,0,0.3837158
0,1,0.7008783
0,0,0.19944984
1,0,0.4692459
0,0,0.21063077
0,0,0.13680139
0,0,0.12787792
0,0,0.00083359756
0,0,0.26609987
0,0,0.30116007
0,0,0.00059844373
0,0,0.008621378
0,0,0.081967875
0,0,0.010366254
0,0,0.02028852
0,0,0.0015414204
0,0,0.17094173
0,0,0.36511087
0,0,0.07492566
0,1,0.56106627
0,0,0.008033682
0,1,0.6545032
0,0,0.015250254
1,0,0.3673968
0,1,0.6795932
0,0,0.001209989
0,1,0.6094301
0,0,0.010258246
0,0,0.07790903
0,0,0.17054066
1,0,0.12344908
1,1,0.5868799
0,0,0.0019914622
0,0,0.06459499
0,0,0.031547196
0,0,0.19136672
0,0,0.0122391535
0,0,0.25587136
0,0,0.20647101
0,0,0.022639902
0,1,0.5025565
0,0,0.037507467
0,0,0.39732024
0,0,0.09997768
0,0,0.0006487435
0,0,0.14491378
0,0,0.18561243
1,0,0.38910398
1,1,0.77415806
0,0,0.22983886
0,0,0.016257552
0,0,0.07026134
0,0,0.22316238
0,0,0.14925541
0,0,0.00030253408
0,0,0.018545635
0,0,0.0047887973
0,0,0.16823122
0,0,0.4051385
0,1,0.5891457
0,0,0.34170276
0,0,0.0046861307
0,0,0.1950719
0,1,0.6622039
0,1,0.5457887
0,1,0.5858023
1,1,0.5466043
0,0,0.0021134869
0,0,0.035589214
0,0,0.08964323
0,1,0.5016815
0,0,0.34286287
0,0,0.22230342
1,0,0.32369342
0,0,0.0014033125
0,0,0.27105367
0,0,0.040601257
0,1,0.8637348
0,0,0.04959644
0,0,0.27463627
1,1,0.5805502
0,0,0.025948238
0,0,0.056145865
0,0,0.03228205
0,0,0.47989935
0,0,0.30129045
0,0,0.0005085221
0,0,0.10191583
0,1,0.52084583
0,0,0.08182027
1,0,0.45653015
0,0,0.048360083
0,0,0.34989274
0,0,0.0017598212
0,1,0.66257787
0,0,0.22945218
0,0,0.25797766
0,0,0.30978405
0,1,0.51656353
0,0,0.19883034
0,0,0.13008414
1,0,0.16155347
0,0,0.45791024
0,0,0.07652603
0,0,0.19197035
1,1,0.8053393
0,1,0.6792751
0,0,0.015689718
0,0,0.10191583
0,0,0.17800698
0,0,0.15753517
0,0,0.02459954
1,0,0.07708552
0,0,0.049290173
0,0,0.18328352
0,0,0.16007143
0,0,0.07188676
0,0,0.1419315
0,0,0.02041129
0,0,0.001399481
1,1,0.86793023
0,0,0.21628726
0,0,0.123751216
0,0,0.06568973
0,0,0.035589214
0,0,0.16015103
0,1,0.6215353
0,1,0.6399743
0,0,0.005099458
0,1,0.6148409
0,0,0.025948238
0,0,0.30967245
0,0,0.20084454
0,0,0.1793812
0,1,0.7259533
0,0,0.008717761
0,0,0.0038019938
0,1,0.6052201
0,1,0.6901031
1,0,0.30896607
1,1,0.67548454
0,0,0.051452514
0,0,0.07101018
0,0,0.046123598
0,0,0.0004175183
0,0,5.9880845e-06
0,0,0.13293934
0,1,0.5128814
0,0,0.015454286
1,1,0.96299756
0,0,0.019750012
1,0,0.041919578
0,1,0.67068166
0,0,0.23336917
0,0,0.08586173
0,0,0.07225731
0,1,0.8411053
0,0,0.2929064
0,0,0.18633527
1,0,0.012396908
0,0,0.008277279
0,0,0.17736514
0,0,0.32158926
0,1,0.67224914
0,0,0.06226762
0,0,0.023237422
0,1,0.52898854
0,0,0.045654144
0,0,0.3804916
0,0,0.19695957
0,0,0.09285955
1,0,0.46366528
0,0,0.009503377
0,0,0.41653407
0,0,0.051004034
1,1,0.64694524
0,0,0.009051855
0,1,0.7997922
0,0,0.0010118632
0,0,0.25410247
1,0,0.48593497
0,0,0.02799017
0,0,0.23151423
0,0,0.0598396
0,0,0.49613953
0,1,0.55753404
0,0,0.31995857
0,0,2.1657976e-05
1,1,0.7050171
0,0,0.060802862
0,0,0.1798293
0,0,0.016884549
0,0,0.067601115
0,0,0.2788416
0,0,0.025155134
0,0,0.152821
0,1,0.69629663
0,0,0.13460377
0,0,0.028505467
0,0,0.2869549
0,0,0.01254114
0,0,0.011548178
0,0,0.38089585
0,0,0.018248998
0,0,0.337745
0,1,0.7409497
0,0,0.48791078
1,0,0.36386046
0,1,0.5452642
0,0,2.4835883e-06
0,0,0.17717311
0,1,0.59235233
0,0,0.011440288
0,0,0.41406453
0,0,0.29447106
0,0,0.20268139
0,0,0.46666938
0,0,0.031547196
0,0,3.551433e-05
0,0,0.3650906
0,0,0.2003626
0,0,0.48494232
0,0,0.4337469
0,0,0.25144443
1,1,0.6972027
0,0,0.39300904
0,0,0.19165188
1,1,0.84767354
1,1,0.8384221
1,0,0.09285955
0,0,0.002601658
0,0,0.28209153
0,0,0.030236272
0,0,0.03901938
0,0,0.01819499
0,0,0.02562242
0,0,0.497471
1,1,0.8081511
0,0,0.022015918
0,0,0.389975
0,1,0.7692581
0,0,0.005416735
0,0,0.23017982
0,0,0.19112442
0,0,0.058308546
0,0,0.24897586
0,0,0.05573779
0,0,0.11118694
0,0,0.004515379
1,1,0.7804923
0,1,0.56393933
0,0,0.025572231
0,1,0.6831976
0,0,0.024270078
0,0,0.24002808
0,0,0.01445652
0,0,0.07225731
0,0,0.12044811
0,0,0.00080937444
0,0,0.28731462
0,0,0.012781648
0,0,0.060100384
0,0,0.08331734
0,1,0.6475207
0,0,0.0011477426
0,0,0.008310585
0,0,0.122624405
0,0,0.19372307
0,0,0.057483602
0,0,0.046730734
0,0,0.18766958
0,0,8.745862e-06
0,0,0.103836335
0,0,0.007415884
0,0,0.38840458
0,0,0.018146109
0,0,0.00027264236
0,0,0.053433783
0,0,0.22265342
0,0,0.2076542
0,0,2.1193759e-05
0,1,0.6382237
0,0,0.0038109096
0,0,0.09408479
0,0,0.260485
0,1,0.50279015
0,0,0.46164304
0,0,0.019487808
0,0,0.41134718
0,0,0.06614626
1,1,0.7449105
0,0,0.0039622476
0,0,0.17694989
0,0,0.18178271
1,1,0.64991707
0,0,0.059799053
0,0,0.3457975
0,1,0.8383397
0,0,0.017678315
0,0,0.0005965747
0,0,0.021175064
0,0,0.15484582
0,0,0.3078458
0,0,0.018396433
0,0,0.10169331
1,1,0.89873374
0,1,0.64232445
0,1,0.76592636
0,0,0.021968683
0,0,0.27328137
0,1,0.5741573
0,0,0.00094952784
0,1,0.653807
0,0,0.028084906
0,1,0.89508176
1,1,0.6865765
0,0,0.03209567
0,1,0.6910499
0,0,0.30014536
0,0,0.14116864
0,0,0.17509207
1,0,0.49076954
0,0,0.1381043
0,0,0.09663538
0,0,1.4763418e-05
0,0,0.11375419
0,0,0.16303943
0,0,0.333462
0,0,0.24611138
0,0,0.009795608
0,0,0.00040617195
0,0,0.044029497
0,1,0.5028956
0,0,0.11057297
0,0,0.05249324
0,0,0.002901295
0,1,0.695274
0,0,0.0036930146
0,0,0.004165006
0,0,0.043473735
0,0,0.038410004
0,0,5.789357e-06
1,1,0.71820974
0,1,0.7799831
0,0,0.013228846
0,0,0.1980493
1,1,0.84212345
0,0,0.26426247
0,0,0.0586149
0,0,0.40255004
0,0,0.005998928
0,0,0.19504534
0,1,0.73939204
0,0,0.021577807
0,0,0.32263917
0,0,0.10506032
0,0,0.012389017
0,0,5.9880845e-06
0,0,0.006180779
0,0,0.14149266
1,1,0.68359196
0,0,0.041645106
0,1,0.8699886
0,0,0.15868098
0,0,0.41864422
0,0,0.42976883
0,1,0.52130395
0,0,0.016995553
0,0,0.273331
0,1,0.5628161
0,0,0.49786758
0,1,0.8672521
0,0,0.30551836
0,0,0.06440419
0,1,0.6996091
0,0,0.49405912
0,0,0.0026175154
0,0,0.0019468701
0,0,0.48144904
0,0,0.00072323467
0,0,0.25930166
0,0,0.2179583
0,0,0.02588611
1,1,0.7867332
0,0,0.0029582304
0,0,0.009270615
0,0,0.21489005
0,0,0.26598886
0,0,0.005421328
0,0,0.0003597284
0,1,0.66287667
1,1,0.80828595
0,0,3.3816465e-05
0,0,0.065888695
0,0,0.43535724
0,0,0.17603776
0,0,0.07041788
0,1,0.67999166
0,1,0.55437845
0,0,0.124713436
0,0,0.07497135
1,1,0.91470134
0,0,0.00572436
0,0,0.47966248
0,0,0.0064097587
0,1,0.5800829
0,0,9.798787e-06
0,0,0.050305385
0,0,0.027984671
0,0,0.05621194
0,0,0.018118035
0,0,0.0034102823
0,0,0.1737168
0,0,0.024982987
0,1,0.77889466
0,0,0.03469875
0,0,0.20183504
0,0,0.28700945
0,1,0.5258582
0,0,0.0283105
0,1,0.72666603
0,1,0.61490476
0,0,0.14162725
0,0,0.011546579
0,1,0.60504395
0,1,0.8475921
0,0,0.030837482
0,1,0.78613734
0,0,0.18438275
0,0,0.23241386
0,0,0.03651269
0,0,0.009571421
0,0,0.0014051541
0,1,0.7814752
0,0,0.011845544
0,0,0.001413694
0,0,0.0007193071
0,0,0.23502927
0,0,0.046238743
0,1,0.67485696
0,0,0.43826652
0,0,0.036035363
0,1,0.6300291
0,0,0.00023140649
0,0,0.13305204
0,0,0.20999697
0,0,0.031189803
0,0,0.07725529
0,0,0.09556545
0,0,0.1997675
0,1,0.5291391
0,0,0.27882168
0,0,0.055714175
0,1,0.71794593
0,0,0.07977363
0,0,0.0001203626
1,1,0.88042665
0,0,0.005416735
1,0,0.33812895
0,0,0.49519482
0,0,0.098348364
0,0,0.05209938
0,0,0.058340106
0,0,0.050426796
0,0,0.07021052
0,0,0.06215212
0,0,0.03884317
0,0,0.28039578
0,0,0.10461843
0,0,0.17383382
0,0,0.3115021
1,0,0.4047512
0,0,0.18521911
0,0,0.19579205
1,0,0.40827748
1,1,0.9053344
1,0,0.4764432
0,0,0.44140625
0,0,0.00010506596
0,0,0.013720719
0,0,0.046521198
1,0,0.05981825
0,1,0.7412718
0,0,0.07225731
0,0,0.0064539555
0,0,0.025477167
0,1,0.56953514
0,1,0.8899416
0,0,0.014354555
0,0,0.048866577
0,0,0.35988718
0,1,0.5176641
0,0,0.0012969008
1,0,0.20188011
0,0,2.036767e-05
0,0,5.9880845e-06
0,0,0.034152143
0,0,0.29350227
0,1,0.89365536
0,0,0.1358917
1,0,0.0006015793
0,0,0.30804455
0,1,0.63059837
0,0,0.102338016
0,0,0.004917571
0,0,0.00015503366
0,0,0.3215727
0,0,0.06328573
0,0,0.096361466
0,1,0.5152845
0,0,0.18873672
0,0,0.25096133
0,0,0.00085717463
0,0,0.14623158
0,1,0.505903
0,0,0.032753546
0,0,0.073804595
0,0,0.03048364
0,0,0.0018751473
0,1,0.7055406
0,1,0.62565154
0,0,0.078130454
0,0,0.12044454
0,0,0.02142724
1,1,0.6743638
0,0,0.082756884
0,0,0.029582905
1,1,0.9225006
0,1,0.70982105
0,0,0.15570137
0,0,0.011527927
0,0,0.102678224
0,1,0.77859056
0,1,0.5023773
0,0,0.040765293
0,0,0.04783352
0,0,0.006156425
0,1,0.65630823
0,0,0.18152715
0,0,0.10401354
0,0,0.42466244
0,1,0.5063664
0,0,0.15484582
0,0,0.1029768
0,0,0.3424708
0,0,0.12692109
0,0,0.0025580346
0,0,0.01277245
0,0,0.3586653
1,1,0.60279113
0,0,0.14196752
0,0,0.07113583
0,0,0.25430664
0,0,0.22345972
0,0,0.3930066
0,1,0.8309816
0,1,0.66432786
0,0,0.07225731
0,0,1.4763418e-05
1,1,0.8663973
0,0,0.03623729
0,0,0.024247883
0,1,0.5373445
0,1,0.6447289
0,0,0.06760393
0,0,0.0020001326
0,1,0.6158796
0,1,0.82972085
0,0,0.0018875209
0,0,0.006697836
0,1,0.64130217
1,1,0.58471715
0,0,0.04841975
0,1,0.5390876
0,0,0.007581599
0,0,0.0059715523
0,0,0.010458727
1,1,0.74186426
0,0,0.4168708
0,0,0.2786225
0,0,0.0010931253
1,1,0.64572936
0,0,0.015950676
0,0,0.40635878
0,0,0.38707924
0,0,0.07938767
0,0,0.09815182
0,0,0.2631987
0,0,3.6702e-06
0,0,0.15634982
0,1,0.679213
0,0,0.31785884
0,0,0.47425213
0,0,0.054532453
0,0,0.20448369
0,0,0.091091536
0,0,0.017235968
1,0,0.4468499
0,0,0.07148918
0,1,0.528948
0,0,0.31025743
0,0,2.1657976e-05
0,0,0.0033710343
0,0,0.0048788264
0,0,0.00069067377
0,1,0.55144507
0,1,0.7879156
0,1,0.8805568
1,1,0.5135313
1,1,0.6809517
0,0,0.0057265013
0,0,0.4804688
0,0,5.49799e-05
1,1,0.8804477
0,0,0.18870933
0,0,0.18415436
0,0,0.009154437
0,0,0.07979236
0,0,0.12191913
0,0,0.48573384
0,0,0.14196461
0,0,0.0024097152
0,0,0.38764277
0,0,0.00026101008
0,0,0.1329891
0,0,0.13039114
0,0,0.30100933
0,0,0.028413106
0,0,0.1206579
1,0,0.03503901
0,0,0.02933885
0,0,0.022326622
0,0,0.06308011
0,0,7.0424976e-06
0,1,0.87708277
0,0,0.06551834
0,0,4.8370366e-06
0,0,0.0030168248
0,0,0.11987756
0,0,0.09011504
0,0,0.024119442
0,0,0.0003588808
0,0,0.45176065
0,0,0.35864422
0,0,0.079668395
0,0,0.32027745
0,0,0.0011561926
0,0,0.00088597706
0,0,0.008131371
0,0,0.30208153
0,0,0.23731412
0,0,0.22732261
1,1,0.61498505
0,0,0.27315015
1,0,0.37268195
0,0,0.10576455
1,1,0.58341855
0,0,0.3296694
0,0,0.025948238
0,0,0.15391141
0,0,0.041480053
0,1,0.5049064
0,0,0.0009951281
1,0,0.19880567
0,0,0.07883125
0,0,0.32319385
0,0,7.0424976e-06
0,0,0.039641075
1,1,0.59239334
0,0,0.42336416
0,0,0.32857242
0,0,0.006058694
0,0,0.02459954
1,1,0.8852336
0,0,0.047330998
0,0,0.0011155041
0,0,0.009902724
0,0,0.001890709
0,1,0.8869623
0,0,0.47800592
0,0,0.12820096
1,1,0.8891105
0,0,0.07225731
0,0,0.17641667
0,0,1.4770352e-06
0,0,0.15203387
0,0,0.001834135
0,0,0.06264017
0,0,0.006396359
0,0,0.25565785
0,1,0.80561393
0,0,0.027249737
0,0,0.045906316
0,0,0.30512667
0,1,0.5972426
0,0,0.09358966
0,0,0.036670104
0,1,0.6582338
0,0,0.013799335
0,0,0.123469315
0,0,0.095993705
1,0,0.4519468
0,0,0.44579914
0,0,0.009545842
0,0,0.01513687
0,0,0.00031599193
0,0,2.036767e-05
0,0,0.055686753
0,0,0.022264918
0,0,0.007785537
0,0,0.035885923
0,0,0.3098982
0,0,0.055714175
0,0,0.00029784316
0,0,0.004522969
0,0,0.026684329
0,0,0.11220819
0,0,0.38722706
0,0,0.44316822
0,1,0.5474215
0,1,0.6155113
0,0,5.49799e-05
0,1,0.6726793
0,0,0.02459954
0,0,0.41024253
0,0,0.0061723515
0,0,5.49799e-05
0,0,0.046093673
0,1,0.6883779
0,0,0.006455995
0,0,0.013207003
0,0,0.4984081
0,0,0.04098491
0,0,0.2875629
0,0,0.3322323
0,0,0.02623701
0,0,0.13752057
0,1,0.66691774
1,1,0.9065702
0,0,0.22375843
0,0,0.0067737726
0,0,0.001782595
0,0,0.00091010856
0,0,0.09536754
0,0,0.13461846
0,0,0.025948238
0,0,0.34545553
1,1,0.61200875
0,0,0.04748279
0,0,0.20852755
1,1,0.7661398
0,0,0.07938265
0,0,0.011170849
0,0,0.034152143
0,0,0.3006721
0,1,0.78050786
0,0,0.21598956
0,0,0.35599348
0,0,0.018925278
0,0,0.017034017
0,0,0.00820901
0,1,0.548159
0,0,0.34295633
0,1,0.68908167
1,0,0.03135756
0,0,0.22214787
1,1,0.5621391
0,0,0.057399582
1,1,0.7900157
1,1,0.78963906
0,0,0.0006750874
0,1,0.6883778
0,0,0.34450877
1,0,0.33284986
0,0,0.19492961
0,1,0.7280769
0,0,0.40917128
0,1,0.9227738
0,0,0.06516136
0,0,0.13961418
0,0,0.2415595
1,0,0.051902935
1,0,0.47201118
0,0,0.045707528
0,0,0.02641619
0,0,0.019363757
0,1,0.73263395
0,0,0.010883236
0,0,2.1657976e-05
0,0,0.23679397
0,0,0.29208696
1,1,0.58138776
0,0,0.3250824
0,0,0.096991204
0,0,0.31795365
0,0,0.3193851
0,0,0.14003344
0,0,0.038717505
0,0,0.16294606
0,0,0.011787475
0,0,0.42797703
0,0,0.0001415032
0,0,0.41064703
0,1,0.5774324
0,0,0.00015503366
0,0,0.024121184
0,0,0.19148326
0,0,0.40072718
0,0,0.007118988
1,1,0.69265187
0,0,0.43432817
0,0,0.0016808321
0,1,0.5739695
0,0,2.036767e-05
0,0,0.22685221
0,0,0.005110998
0,0,0.14055422
0,0,6.1644346e-06
0,0,0.00024296076
0,1,0.75825757
0,0,4.397811e-06
0,0,0.075044714
0,1,0.72062194
0,0,0.34307718
0,0,0.21348026
0,0,0.19548187
0,0,0.14555255
0,1,0.68934155
0,0,0.00015503366
1,0,0.27171642
0,0,0.0018355936
0,1,0.6621007
0,0,0.28429207
0,0,0.33087483
0,0,0.00021209578
0,0,0.29502407
0,0,0.2173464
0,0,0.14184237
0,0,0.0034102823
1,1,0.9355088
0,0,0.030898113
1,0,0.46473098
0,0,0.028282575
1,1,0.7727534
0,0,0.40500858
0,0,0.19830061
0,0,0.094462484
0,0,0.023702335
0,1,0.5435985
1,1,0.89153105
0,1,0.6043521
0,0,0.2708593
0,0,0.013589747
0,0,0.08759503
0,0,6.8506764e-05
1,0,0.46473098
0,0,0.17204274
0,1,0.9047962
0,0,0.40837067
0,0,0.21724384
0,0,1.5079799e-05
0,0,0.18768542
0,1,0.96678615
1,1,0.5145409
0,0,0.31906164
0,0,0.107474685
0,0,0.2014972
0,1,0.6714303
0,0,0.067776896
0,0,0.009663287
0,0,0.32867792
0,0,0.36781898
0,0,0.03456359
0,0,0.07879897
0,0,0.24991766
0,0,0.0021992433
0,1,0.6457086
0,0,0.00014356071
0,0,0.05329164
0,0,5.9880845e-06
0,0,0.33361146
0,0,0.41839716
0,0,0.06154447
0,1,0.89108
0,0,0.17749688
0,0,0.36017585
0,0,0.034695238
0,0,0.14451103
0,0,0.4749545
0,0,0.058252107
0,0,0.0056697386
0,0,0.22508599
0,1,0.5174277
0,0,0.06414574
0,0,0.08493167
0,0,0.014510288
0,0,0.04842174
0,0,0.09819933
0,0,0.02830532
0,0,0.092968486
0,0,0.12172442
0,0,0.011828773
0,1,0.91615206
0,1,0.60416913
0,0,0.39824155
1,0,0.42406252
0,0,0.15805738
0,0,0.051972132
0,0,0.28803378
0,0,0.09910817
0,1,0.75282013
1,1,0.5580316
0,0,0.026905024
0,0,0.031375445
0,0,0.020381017
0,0,0.019142723
0,0,0.31061757
0,1,0.7055828
0,0,0.01696622
0,0,0.0072367406
0,0,0.22748084
0,0,0.06503571
0,0,0.017103376
0,0,0.3167998
0,0,0.33652756
0,0,0.18223202
0,0,0.1321419
0,1,0.7542046
0,0,0.3334949
0,0,0.3232645
1,1,0.83790123
1,1,0.6467038
0,0,0.021004846
0,0,0.06981547
0,0,0.3518279
0,0,0.023537448
0,0,0.029261349
1,0,0.27825087
0,0,0.08594372
0,0,0.30758247
0,0,1.3664651e-05
0,0,0.19235383
0,0,0.2574361
0,1,0.6006254
1,0,0.13224117
0,1,0.8328875
0,0,0.20047024
0,0,0.32595828
0,1,0.5173672
0,0,0.12551142
0,1,0.7220792
0,0,0.001399481
0,0,0.02266557
0,0,0.035589214
0,0,0.05489026
0,0,0.22298574
0,0,0.36821142
0,0,0.10189766
0,0,0.36472577
0,0,0.28654012
0,0,0.036857232
0,0,0.10801356
0,0,0.01513687
0,0,0.40159708
0,0,0.33681682
0,0,0.002842761
0,0,0.28916597
0,0,0.035589214
0,0,0.25067273
0,0,0.25375557
1,0,0.2032939
0,0,0.1741734
0,0,0.34787393
0,0,0.020818342
0,0,0.2522516
0,0,0.15451299
0,0,0.00019035506
1,1,0.5588182
0,0,0.057303533
0,0,0.0056635886
0,0,0.021876125
0,0,0.330589
0,0,0.0050885035
0,0,0.32238463
1,1,0.6405446
0,0,0.15258145
0,0,0.1343583
0,0,0.028353544
0,0,0.01409854
0,0,0.12405669
0,0,0.071998924
0,0,2.036767e-05
1,0,0.34702545
0,1,0.6272203
0,1,0.5488139
0,0,0.18268603
0,0,0.16567409
0,0,0.008567459
0,0,0.02499978
0,0,0.007114524
0,0,0.00064160227
0,0,0.0010587813
0,0,0.10570362
0,0,0.14438385
0,0,0.03503456
0,0,0.13056786
0,0,0.1236358
0,0,0.13859591
0,0,0.4308221
0,0,0.005366581
0,0,0.025206367
0,0,0.046846543
0,0,0.00043805037
0,0,0.013443867
0,0,0.04078822
0,0,0.0008547311
0,0,0.1275282
0,0,0.007790526
0,0,0.091338105
0,0,0.0050619505
0,0,0.40676954
1,0,0.25479728
0,0,0.26865882
0,0,0.024495117
0,0,0.49745655
0,0,0.030086454
0,1,0.81883705
0,0,0.07233895
0,0,0.20554973
0,0,0.23316818
0,0,0.004809632
0,0,0.015357733
0,1,0.8735227
0,0,4.397811e-06
0,0,0.106832035
0,1,0.6633238
0,0,0.36933818
0,0,0.3571364
0,1,0.87125194
0,0,0.07691326
0,0,0.0089119105
0,0,0.001841324
0,0,0.033034366
0,0,0.1950441
0,0,0.2986415
0,0,0.38322628
0,0,0.05490003
0,0,0.08119872
0,0,0.24734055
0,0,0.052307993
0,0,0.36330658
0,0,0.103130944
0,0,0.11732715
0,1,0.79451
0,0,0.3475092
1,1,0.61768496
0,0,2.036767e-05
0,0,0.29733744
0,0,0.042617034
1,0,0.45444444
0,0,0.41141358
0,0,0.41786778
0,0,0.053287193
0,0,0.3854871
0,1,0.6520763
0,0,0.37901264
0,0,0.0006690597
0,0,0.40114677
0,0,0.056580998
0,0,0.11025862
0,0,0.36328393
0,0,2.036767e-05
1,0,0.3202111
1,0,0.22774322
0,1,0.5325548
0,0,0.0004010442
0,1,0.6425835
0,0,0.002482945
0,0,0.33093262
1,0,0.026075708
0,0,0.03445673
0,0,0.095770076
0,0,0.22346404
0,0,0.17331724
0,0,0.10370133
0,0,0.13399276
0,0,0.00094669545
0,0,0.24563378
0,0,0.0072976397
0,0,0.30664808
0,0,0.009128402
0,0,1.6639628e-06
0,0,0.0038188489
0,1,0.60223687
0,0,0.06720398
0,0,0.26011008
0,0,0.05558795
0,0,0.30623496
0,0,0.00066226395
0,0,0.08548433
0,1,0.71700937
0,0,0.16103941
0,1,0.7319148
0,0,0.0051848385
0,0,0.082230024
0,0,0.2536063
0,1,0.67952347
0,0,2.1657976e-05
0,0,0.006042107
0,0,0.088464506
0,0,0.023329709
0,0,0.025948238
0,0,0.14542747
0,0,0.020265883
0,0,0.03473759
0,0,0.08413674
1,1,0.7631348
0,1,0.63960004
1,0,0.26942426
0,0,0.005647087
0,0,0.16611384
0,0,0.12838426
1,1,0.5977782
0,0,0.017389396
0,0,0.06321225
0,0,0.15120177
0,0,0.20009224
1,0,0.42768446
0,0,0.15385337
0,0,0.41631827
0,0,0.14861631
0,0,0.0034102823
0,0,0.0035235405
1,0,0.43390128
0,0,0.0010221004
0,1,0.799814
0,0,0.024119442
0,0,0.09778763
0,0,0.29926
0,0,0.0015796934
0,0,0.22130826
0,0,5.763972e-05
0,1,0.6520405
0,0,0.41384703
0,1,0.65769583
0,1,0.5280238
0,0,0.0029160022
0,0,0.076585546
0,0,0.3118929
0,0,5.49799e-05
0,0,0.15709242
0,0,0.4458348
0,0,0.21002112
1,1,0.9548423
0,0,0.4956408
0,0,0.29177752
0,0,0.022326622
0,0,0.15538256
0,0,0.04994074
0,0,0.02600262
0,0,0.0061456016
0,0,0.24164045
1,1,0.8787053
0,0,0.323461
0,0,0.08688465
0,0,0.06250899
0,0,0.086058944
0,1,0.9661054
0,0,0.07250902
1,1,0.9836076
1,1,0.56812584
0,0,0.0011561926
0,0,0.0564055
0,1,0.58091795
0,0,0.36952
0,1,0.5778167
0,0,0.35276172
0,0,0.1376025
0,1,0.5108296
0,1,0.6302018
0,1,0.51404697
0,0,0.28887725
0,0,0.1284291
0,0,0.018808061
0,1,0.6226032
0,0,0.12025164
0,1,0.9613137
1,0,0.23884921
0,0,0.08753698
0,0,0.26689744
0,0,0.31204498
0,0,0.4626868
0,0,0.12341825
0,0,0.023329709
0,0,0.45819718
0,0,0.067633286
0,0,0.0019612936
0,0,0.005416735
0,1,0.82383
0,0,0.15677553
0,0,0.27297473
0,0,0.06626818
0,0,0.37272736
0,0,0.06893631
1,1,0.96025205
0,1,0.58543265
0,0,0.07571276
0,0,0.00017156811
0,0,9.8794435e-06
0,0,0.027390063
0,0,0.012083104
0,0,1.4450035e-05
0,0,0.1462558
0,0,5.49799e-05
0,0,0.029289339
0,0,0.00022941198
0,0,0.09827038
1,1,0.737414
0,0,0.060347892
0,0,0.058252107
0,1,0.8903892
0,0,0.29358464
1,0,0.15258682
0,0,1.2721912e-05
1,0,0.123966105
0,0,0.0040989965
0,0,3.551433e-05
0,0,0.041224778
0,0,0.0072403383
0,0,0.0022916934
0,0,0.05025984
0,0,0.03035916
1,0,0.42748204
0,0,0.064765364
1,1,0.78478694
0,0,0.08783446
0,0,0.03362229
1,0,0.3350795
0,0,0.120851524
0,0,0.07047035
0,0,0.012389017
0,0,0.4231348
0,0,0.14210984
0,0,0.008708568
0,0,0.0033435074
0,0,0.0001383063
1,0,0.066679336
0,0,0.23766622
0,0,0.17568003
0,0,0.0007193071
0,0,0.081383854
0,0,0.044597473
1,1,0.8311194
0,0,0.0014479499
0,0,0.22474921
0,0,0.24021408
0,1,0.7789185
0,0,0.01992243
0,0,0.047389578
0,1,0.7184466
0,0,2.036767e-05
1,1,0.57780063
0,1,0.50272125
0,0,0.27316776
0,1,0.9062219
0,0,0.017389396
0,0,0.0468621
0,1,0.70050824
0,0,0.036683634
0,1,0.55058974
0,1,0.5052737
0,1,0.76468724
0,0,0.020290386
0,0,0.082631394
0,0,0.033725556
0,0,0.25853303
0,1,0.78152543
1,1,0.62992674
0,0,0.03454466
0,0,0.093329825
0,0,0.074240856
0,0,0.0006882705
0,0,0.00014820714
0,0,0.11764757
1,1,0.7690363
0,0,0.01641156
0,1,0.7642334
0,0,0.18642402
0,0,0.19505902
0,0,0.042660937
1,0,0.4440966
0,0,0.06617633
0,0,0.33740345
0,1,0.5977572
0,1,0.5751194
1,0,0.32857752
0,0,0.05423763
0,0,0.15286814
0,0,0.029196277
0,0,0.17635794
0,0,0.4821314
0,0,0.029738512
0,0,0.06444898
0,1,0.68676835
0,0,0.27463627
0,0,0.4475248
0,0,0.45242932
0,0,0.40722445
0,0,0.095770076
0,0,0.07447999
0,0,0.48162484
0,0,0.31194553
1,0,0.43590537
0,0,0.37094507
0,0,0.017196184
0,0,0.49157435
0,0,5.9880845e-06
0,0,0.22444023
0,0,0.31010583
0,0,0.04483766
0,0,0.07129333
1,1,0.53336203
0,1,0.7637167
0,0,0.12411341
1,1,0.6041872
0,0,0.3927195
0,0,0.004986363
0,0,1.2899287e-05
0,0,0.119924985
1,1,0.5628161
0,0,0.045379765
0,0,0.07637174
0,0,0.047781195
0,0,0.0034102823
0,0,0.4451333
0,0,0.3178211
0,0,0.02559145
1,0,0.3093584
0,0,0.020265883
0,0,0.0015734357
0,0,0.0009843225
0,0,0.4721961
0,0,0.003180666
0,0,0.09308894
0,0,0.21810287
0,0,0.014238699
0,0,0.02933885
0,0,0.022398658
0,0,0.00051636086
0,0,0.005824326
0,0,0.3801018
0,0,0.0042013163
0,0,0.05662119
0,0,0.45560092
0,0,0.061743062
0,0,0.036615737
0,0,0.019445179
0,0,0.15794758
0,1,0.5811313
0,0,0.25886795
0,1,0.8336697
0,0,0.03901938
0,0,0.15674655
0,1,0.76722187
0,0,0.23292516
0,0,0.17272858
0,0,0.022822881
0,1,0.5059247
0,0,0.01008065
0,0,0.010227993
0,0,0.23012084
1,0,0.23317148
0,0,0.07898725
0,0,0.12730297
0,1,0.9495781
0,0,0.06603747
0,0,0.18206961
0,0,0.0010393289
0,0,0.09127896
0,0,0.32407916
0,0,0.060753047
0,1,0.60075563
1,1,0.8066126
0,1,0.9253835
0,0,0.14105481
0,0,0.022326622
1,0,0.48892
0,1,0.7384298
0,0,0.0001261661
0,0,0.06061641
0,0,0.38180482
0,0,0.011380808
0,0,0.45092517
0,0,0.009543696
0,1,0.55309606
1,1,0.60927236
0,0,0.01488229
0,0,0.27876505
0,0,0.24042806
0,1,0.76527834
0,0,0.009896284
1,0,0.1886791
1,1,0.8821273
0,0,0.004861547
0,0,0.11083783
0,0,0.22769055
0,1,0.67816764
1,1,0.81810033
0,0,0.034558482
1,0,0.47032675
0,0,0.025306547
0,0,0.053152643
0,0,1.64395e-05
0,1,0.5488158
0,0,0.09958217
0,1,0.6450154
1,0,0.08713518
0,1,0.54220504
0,1,0.88837916
0,1,0.7116081
0,0,0.0003508566
0,0,0.09755676
0,0,0.2590633
0,0,0.009816257
0,0,0.38452408
0,0,0.3916094
0,1,0.531619
0,0,0.05757945
0,0,0.073952384
0,0,0.39562216
0,0,0.001399481
0,1,0.8812324
0,0,0.43020937
0,0,0.03572117
0,0,0.13246441
0,1,0.58084446
0,0,0.23732911
0,0,6.2989915e-05
1,0,0.30111188
0,0,0.11208727
0,1,0.84817797
0,0,0.055714175
1,1,0.85755366
0,0,0.005416735
0,0,0.37477794
0,0,5.9880845e-06
0,0,5.49799e-05
0,0,0.09129116
0,0,0.30263084
0,0,0.12819806
0,1,0.81066096
0,0,0.013207003
0,0,0.43232992
0,0,0.15445818
0,0,0.04171479
0,0,3.4456782e-06
0,0,8.9545765e-06
0,0,0.10615189
0,0,0.08743154
0,0,0.34936735
0,0,0.0025641518
0,1,0.8868911
0,0,0.0010118632
0,0,0.18561836
0,0,0.13932383
0,0,0.40846866
0,0,0.022015918
0,1,0.52102077
0,0,0.13443428
0,0,0.21598956
0,0,0.38508046
0,0,0.06579164
0,0,0.009212081
1,1,0.54077077
0,0,0.28214383
0,0,5.49799e-05
0,0,0.02869005
1,1,0.7945503
0,0,0.347221
0,0,0.04031325
0,0,0.005416735
0,0,0.014054803
0,0,0.3517577
0,0,0.19388229
0,0,0.02729946
1,0,0.19007783
0,0,3.1191942e-06
0,0,8.940131e-06
0,0,0.008717761
0,0,0.120713815
1,1,0.8830324
1,1,0.5418107
0,0,0.062298976
1,1,0.6897385
0,0,0.032115243
0,0,0.043317735
1,0,0.35091013
0,0,0.038699858
0,0,0.0012969008
0,0,0.32480752
0,0,0.18648262
0,0,0.034534637
0,0,0.06312402
0,0,0.19150771
0,0,0.047781195
1,0,0.4831623
0,0,0.39901376
0,0,0.044900827
0,0,0.023561034
0,0,0.17327057
0,0,0.00802989
0,1,0.68143994
1,1,0.61538154
0,0,0.45130295
0,0,0.15392925
0,0,0.22241883
0,0,0.102541074
0,0,0.01520477
0,0,0.36283916
0,0,0.38830248
0,0,0.022326622
0,1,0.78481895
0,0,0.052251488
1,1,0.8982987
0,0,2.036767e-05
0,0,0.19303447
0,1,0.6007826
0,0,0.13209426
0,0,0.00051636086
0,0,0.033974722
0,0,0.02554219
0,0,0.018146109
0,0,0.04259203
0,0,0.04169634
0,0,0.24280906
0,0,0.12219821
1,1,0.68194586
0,0,0.06449267
0,0,0.44637156
0,1,0.82684886
1,0,0.3411517
0,0,0.040303152
0,0,0.3235791
0,0,0.3055954
0,1,0.54238486
0,0,0.0015018227
0,0,0.0003142018
0,0,0.38659874
1,0,0.087263584
0,0,1.7888606e-05
0,1,0.64617264
0,0,0.052614592
1,0,0.28887725
0,0,0.003512189
1,1,0.802588
0,1,0.9443588
0,1,0.64362967
0,0,9.059914e-07
0,0,0.003945343
0,0,0.33152682
0,0,0.22164783
0,0,0.039567064
0,0,0.14101487
1,0,0.1687754
1,1,0.63204724
0,0,0.08090151
0,0,3.6702e-06
0,0,0.1621377
0,1,0.5536421
0,0,0.06772702
0,0,0.030988097
0,0,0.08070131
0,1,0.72143793
0,0,0.01242306
0,0,0.2577509
0,0,0.16783354
0,0,0.02933885
0,0,0.12219821
0,0,0.008795041
0,0,0.0027912373
0,0,0.029616127
0,0,0.08439618
0,0,0.4355691
0,0,5.49799e-05
0,0,0.44792113
0,0,0.0006750874
0,0,0.007040272
1,1,0.73130196
0,0,0.015065629
0,0,0.25436637
0,0,0.12285131
0,0,0.00051636086
1,0,0.3734384
0,0,0.23103924
0,0,0.3027754
0,0,0.1656837
0,0,0.0017461193
0,1,0.5430153
0,1,0.53251594
0,0,0.31995857
0,1,0.8039938
0,0,0.0036539726
0,0,3.3816465e-05
0,0,0.27217042
0,0,0.034029905
0,1,0.5325996
0,0,0.006781245
0,1,0.65846384
0,0,0.027389595
0,0,0.02591691
0,1,0.7034871
0,0,0.42810026
0,0,0.0789366
0,0,0.009156003
0,0,0.46411958
0,0,0.22316955
0,1,0.5343255
0,0,0.27032882
0,0,6.2796476e-06
0,0,0.2329572
0,1,0.529509
0,0,0.048666373
0,0,0.05049206
0,1,0.9041653
0,0,0.005114278
1,1,0.66831475
0,0,0.045960072
0,0,0.014947627
0,1,0.5700855
0,0,5.789357e-06
0,0,0.0064280876
0,0,0.0012833916
0,0,0.014131845
1,1,0.8301964
0,0,0.009888325
0,0,0.05354301
0,1,0.5063596
0,0,0.4096584
0,0,0.46135288
0,0,0.009814575
0,0,0.0021834518
0,0,0.13526267
0,0,0.14755392
1,1,0.8345769
0,0,0.022326622
0,0,0.059176072
1,1,0.8720554
0,1,0.76001626
0,0,0.005410545
1,1,0.8305882
0,0,5.789357e-06
0,0,0.050981387
0,0,0.46917045
0,0,0.011893226
0,0,0.119645126
1,1,0.7885128
0,0,0.015197104
1,1,0.72763556
0,1,0.7328494
0,1,0.57808876
0,0,0.29231927
0,0,5.789357e-06
0,0,0.2078112
0,0,0.49609292
0,0,0.030100148
0,0,0.009543696
0,0,0.0008384442
0,0,0.2738494
0,1,0.63955235
0,0,0.024896158
0,0,0.0021134869
0,0,0.16690113
0,0,0.3253687
0,0,0.02059462
0,0,0.20167641
0,1,0.55123514
0,0,0.03242541
0,1,0.5741573
0,0,0.10519932
0,0,0.012609825
0,0,0.00023337138
1,1,0.87580276
0,0,0.029143065
0,0,0.124655634
0,0,0.30085114
0,0,3.905908e-06
0,0,0.030780893
0,0,0.3023695
0,0,0.14570938
1,0,0.43154827
0,1,0.59760755
0,0,0.02090981
0,0,0.08583115
0,0,0.01336879
0,0,0.0030956492
0,0,0.18735145
0,0,0.08512875
1,1,0.8797541
0,0,0.41548616
0,0,0.005366581
0,0,0.047634423
0,1,0.56284535
0,0,0.05127097
0,0,0.08231121
0,0,0.20560595
0,0,0.011512163
0,0,0.035176843
0,0,0.095770076
0,0,0.02347376
0,0,0.44409245
1,1,0.83288527
1,1,0.7519485
0,0,0.07357826
0,1,0.55122715
0,0,0.022403207
0,0,0.41060498
0,0,0.05080998
0,0,0.17975934
0,0,0.09404018
0,0,0.02180744
1,1,0.5310309
0,0,0.269345
0,0,0.07827736
0,0,1.64395e-05
0,1,0.7378618
0,0,0.15534884
0,0,0.41722438
0,0,0.007195344
0,0,0.17045829
0,0,0.08096573
0,0,0.05702397
1,1,0.96631694
0,1,0.5971146
0,0,0.009953729
0,1,0.5088317
0,0,0.036687706
0,0,0.03624177
0,0,0.106325775
0,1,0.5827216
0,1,0.87373096
0,0,0.45137948
0,0,0.39341107
1,1,0.8606936
0,0,0.0006818817
0,0,0.057483602
0,0,0.08844242
0,1,0.7810743
0,0,0.01207284
1,1,0.6232223
0,0,0.14967245
0,0,0.05080998
0,0,2.6174616e-06
0,0,0.49499458
0,0,0.0029335706
0,0,0.027870508
0,0,0.2328489
0,0,0.4938591
0,0,0.1203616
0,0,0.032794844
0,0,0.050364695
0,1,0.61692035
0,0,0.09645283
0,0,3.551433e-05
0,0,0.28343847
0,1,0.5889232
0,0,2.036767e-05
0,0,0.08656208
0,0,0.19054733
0,1,0.8710938
0,1,0.74249244
1,1,0.75467354
0,0,0.19717436
1,1,0.67163336
0,0,0.022124877
0,0,0.0045982986
1,1,0.5354076
0,0,0.05256092
0,0,0.17066866
0,0,0.49245995
0,0,0.0064539555
0,1,0.5366524
1,1,0.5853632
0,0,0.00032340197
1,0,0.042424425
0,0,0.49853387
0,0,0.085501716
0,0,0.035540394
0,0,0.07225731
1,1,0.86207014
0,0,0.2139067
1,0,0.15158682
0,0,0.0010730063
0,1,0.55715644
0,0,0.037583012
1,1,0.6076476
0,0,0.2847829
0,0,0.024198718
0,0,0.010779004
1,1,0.8303117
0,1,0.82083493
0,0,0.0077292453
1,1,0.71044123
0,0,0.48391214
1,1,0.61860913
0,0,0.012463445
0,0,0.38778853
0,1,0.83488965
0,1,0.5652345
0,0,2.036767e-05
0,0,0.056727737
0,0,0.0063471687
0,0,0.08776893
0,0,0.3280911
0,0,0.31655174
0,1,0.69120145
0,0,0.0012354696
0,0,0.00050955825
0,0,0.16050564
1,0,0.27525476
0,1,0.51963747
0,0,0.080158174
1,1,0.67191243
0,1,0.5054482
0,0,0.00015503366
0,1,0.8145632
0,0,0.08565876
0,0,0.0059563406
0,0,0.0049208873
0,0,0.43712083
0,1,0.8332479
0,0,0.05490003
0,1,0.8084048
0,0,0.036314823
0,0,0.043852814
0,0,2.036767e-05
0,0,0.049925514
0,0,0.002329904
0,0,0.003965896
0,0,0.18404864
0,1,0.8350393
0,1,0.7672264
0,0,0.0764236
0,0,0.07748856
0,0,0.14988865
0,0,0.010252196
0,0,0.012549139
0,0,0.3889553
1,0,0.07406321
0,0,0.32870385
1,1,0.9671522
1,1,0.9059243
0,0,0.0021134869
0,1,0.71779686
0,0,0.41560763
1,0,0.09733822
0,0,0.19633882
1,1,0.83630455
0,0,0.042248745
0,0,0.10816931
0,0,7.0424976e-06
0,1,0.65271777
0,0,3.3816465e-05
1,1,0.6156815
0,0,0.14939645
0,0,0.1130264
1,0,0.34120262
0,0,0.066099
0,1,0.7541105
1,0,0.42976883
1,0,0.39540413
0,0,0.074811995
1,0,0.093603194
0,0,0.35220924
0,0,0.16812405
0,0,0.21833569
0,0,0.1625249
0,0,0.10336937
0,0,0.015846431
0,0,0.033137195
0,0,0.113363124
0,0,0.036336724
0,0,0.012187529
0,0,0.3828977
0,0,0.1251932
0,0,0.30262843
1,1,0.60581523
0,0,0.20906296
0,0,0.024135113
0,0,0.07628705
0,0,0.17077892
0,0,0.09109422
0,0,0.025169047
1,0,0.10518805
0,0,0.028623097
0,0,0.065713115
0,0,0.13650976
0,0,0.0021498268
0,0,0.05080998
0,1,0.55509347
0,1,0.59477836
0,0,0.0041585653
0,0,5.9880845e-06
0,1,0.6624641
0,0,0.0117168
0,1,0.90775424
0,0,0.025299652
0,0,0.09803745
0,0,0.00093415275
0,0,0.001399481
0,0,0.42912266
0,0,0.01522609
0,0,0.24820852
0,0,0.062103163
0,0,0.040354792
0,0,0.36173826
0,1,0.88775283
0,0,0.49516955
0,0,0.31931788
0,0,0.014446014
0,0,0.015791629
0,0,0.0029710932
0,0,0.005416735
1,1,0.80404013
0,0,0.39667282
0,0,0.4206188
0,0,0.024007915
0,0,0.0893741
0,0,5.9880845e-06
0,0,0.15280835
0,0,0.071770795
0,0,0.25603777
0,0,0.0010393289
0,0,0.0014000895
0,0,4.0465213e-05
0,0,0.0056635886
0,0,0.01804153
0,0,0.002834161
1,1,0.5207258
0,1,0.7282655
0,1,0.8684893
0,0,0.057483602
0,0,2.8268183e-05
0,0,0.0026175154
0,0,0.1257237
0,0,0.018259294
0,0,0.18256278
0,0,0.03901938
0,0,0.18402658
0,1,0.52559596
0,1,0.57895887
0,1,0.6166028
1,1,0.91287917
0,1,0.8313301
0,0,0.06915351
0,0,0.011350771
0,0,7.0424976e-06
1,1,0.7778528
1,1,0.75537604
0,0,0.081420965
0,0,0.28494206
0,0,0.003986719
0,0,0.45189732
0,0,0.04886201
0,0,0.17134157
0,0,0.015109575
0,0,0.23150401
0,0,0.122997634
0,0,0.35091013
0,0,0.01413849
0,0,9.024114e-05
0,0,0.037095197
0,0,0.16106112
0,0,0.0799577
0,0,0.012882581
0,0,0.34389406
0,0,0.31421527
0,0,0.08951093
0,0,0.00061289687
0,0,0.006938385
0,0,0.0004821527
0,0,0.005162123
0,1,0.589765
0,0,0.0001725857
0,0,0.048859507
0,0,0.45446068
0,0,0.43921006
0,1,0.513125
0,1,0.69497347
0,0,0.025948238
0,1,0.63835955
0,0,0.013563706
0,0,0.011595099
0,0,0.027656903
0,0,3.8619022e-05
1,1,0.93573564
0,0,0.0113594225
0,0,0.05247093
0,1,0.5178355
0,0,0.080454834
0,0,0.12369633
0,0,0.23683284
0,0,0.023362141
0,0,0.013313291
0,0,0.019645642
0,1,0.80938107
0,0,3.0400648e-05
0,0,0.062177837
0,0,0.27668494
0,0,0.07152252
0,0,0.2912994
0,0,0.01915604
0,0,0.2651029
0,0,0.20447424
0,0,0.0151836
0,0,0.0017203154
0,0,0.003293452
0,0,0.051229432
0,0,0.46395028
0,1,0.5678398
0,0,0.044848494
0,0,0.055714175
0,0,0.013908289
0,0,0.16284357
0,0,0.049587112
0,1,0.7409044
0,0,0.025810167
0,1,0.567592
0,1,0.75943416
1,1,0.9573687
1,0,0.21167322
0,1,0.6235879
0,0,0.009359559
0,0,0.047283527
0,0,0.039263725
0,1,0.73642063
0,0,0.23364498
1,1,0.7149062
0,0,0.14418828
0,0,2.0870519e-05
0,0,0.102571055
0,1,0.7607098
0,0,0.07631207
0,1,0.6537333
0,0,0.00417678
0,0,0.007519608
0,0,0.49070445
1,1,0.8628045
0,0,0.020525688
0,0,0.035153806
0,0,0.001399481
1,1,0.6392842
0,0,8.940131e-06
0,0,0.47918913
0,0,0.028022414
0,0,1.3664651e-05
0,0,0.13518314
0,0,0.06968064
0,0,5.789357e-06
0,0,0.4763639
0,0,2.036767e-05
0,0,0.11968387
0,0,0.12368293
0,0,0.11283896
0,0,0.0034102823
0,0,0.08070814
0,0,0.122857116
1,0,0.29309145
0,0,0.35539404
1,0,0.08583995
0,0,0.02668403
1,1,0.61258096
1,0,0.30514336
0,1,0.7749868
0,0,0.32970554
0,0,0.033286158
1,0,0.2881251
0,0,0.02447061
0,0,0.09781126
0,0,0.046238743
0,0,0.39214885
0,0,0.1826426
0,0,0.2780749
0,1,0.5471709
0,1,0.67958796
0,1,0.7740406
0,0,0.022326622
0,0,0.08258365
0,0,5.339022e-05
0,0,0.08345361
0,0,0.48790106
0,0,0.18474214
0,0,0.22662593
1,0,0.3361477
0,0,8.940131e-06
0,0,0.050918564
0,0,0.0059964377
1,1,0.7730759
1,0,0.011320738
0,0,0.051637735
0,0,0.034146875
1,1,0.7981585
0,1,0.6059997
1,1,0.9777794
1,1,0.8577335
0,0,0.023329709
0,1,0.66801065
0,0,0.01402843
0,0,0.002833897
0,0,0.42621627
0,0,0.11346374
0,0,0.08173709
0,1,0.5148198
0,1,0.5768461
0,0,0.391775
0,0,0.029179202
0,0,0.13787459
0,1,0.554639
0,0,0.031485077
0,0,0.09283477
1,1,0.79974604
0,0,0.07250475
0,0,0.023645988
1,0,0.33098793
0,0,0.14614613
0,0,0.007136347
0,0,0.038436495
0,0,0.16299173
0,0,0.013035874
0,0,0.09211782
0,0,0.4771044
0,0,0.062734626
0,0,0.187624
0,1,0.6699909
0,0,0.0028757341
1,1,0.5802389
1,0,0.30266917
0,0,0.089305125
0,0,0.00085021404
0,0,0.288904
0,0,0.0058649713
0,1,0.50822055
0,0,0.05860027
0,0,0.44519055
0,0,0.09941947
0,0,0.005416735
0,0,0.0016443657
0,0,0.066679336
0,0,0.045737665
0,0,0.018999971
1,0,0.1766212
0,0,0.17494126
0,0,0.0145980315
0,1,0.6653051
0,0,0.0451395
0,0,0.2908758
0,0,0.09103457
0,0,0.09425614
0,1,0.7175561
0,0,0.0043382132
1,1,0.5850495
0,0,5.49799e-05
0,0,0.003140042
0,0,0.027422082
0,0,0.13704713
0,0,1.3664651e-05
0,0,0.1891291
0,0,0.22724597
0,0,0.48737314
0,0,0.3939968
0,0,0.009462292
0,0,0.06923662
0,0,0.060200658
0,0,0.15718196
0,0,0.021231536
0,0,0.08322097
0,0,0.22843653
0,0,0.39657447
0,0,0.17534219
0,1,0.9009754
0,0,0.25691748
0,0,0.096573524
0,0,0.4838466
0,0,0.20745434
0,0,0.35116705
0,0,0.21983187
0,0,0.07140823
0,1,0.7733707
0,1,0.550876
0,0,0.0027763995
0,1,0.8376463
0,1,0.6577032
1,0,0.33076707
0,1,0.6353228
0,0,2.036767e-05
1,0,0.36039588
0,0,0.014227521
0,0,0.1513279
0,0,0.08470141
0,0,0.014158882
0,0,0.079212725
0,0,0.014656353
0,0,0.12863769
0,0,0.16929942
0,0,0.07789001
1,1,0.5984774
0,0,0.33516434
0,1,0.52385974
0,0,0.0033460078
0,0,0.05865839
1,1,0.69217116
0,0,0.007874162
0,0,0.014197605
0,1,0.6537695
0,0,0.041714247
0,0,0.0026561741
0,1,0.76467645
1,1,0.6365569
0,1,0.6701865
1,1,0.7299961
0,0,0.13106713
0,0,0.49112365
0,0,0.0011185447
0,1,0.61333036
0,0,0.07972623
0,0,1.6639628e-06
0,0,0.27125692
1,1,0.6487077
0,0,0.0057757925
0,0,0.3036203
0,0,0.17749271
0,0,0.16061273
0,0,0.36614063
0,0,0.008004153
0,0,0.001602323
0,0,0.26137903
0,0,0.41853824
1,1,0.69217116
0,0,0.29112145
0,0,0.021617964
0,0,0.14833064
0,0,0.0074400017
0,0,0.022326622
0,0,0.09196819
0,0,0.08171832
0,0,0.0034102823
1,0,0.038167026
0,0,0.15097612
0,0,0.16949306
0,1,0.52062535
0,0,0.17767887
0,1,0.70457786
0,1,0.7266863
0,0,0.035589214
0,0,0.079678416
0,0,0.020894174
0,1,0.58592826
0,1,0.5982572
0,0,0.058319755
0,0,0.3583251
0,1,0.6142854
0,0,0.038286235
0,1,0.52633476
0,0,0.43132007
0,0,0.01610279
0,0,0.034163825
0,1,0.77014154
0,0,0.0064280876
0,0,0.29427123
0,0,0.02459954
0,0,0.17747463
1,0,0.2929609
0,0,0.12219821
0,0,0.43305367
0,0,0.09858246
0,0,0.024119442
0,0,0.22500853
0,1,0.6407837
0,0,2.1657976e-05
0,0,0.00075681496
0,0,0.12766661
0,0,0.02135001
0,0,0.006984719
0,0,0.4452587
0,0,0.009298989
0,0,0.01703404
0,0,0.06865755
0,0,0.07464245
0,0,0.32251522
0,0,0.20063311
0,0,0.25555164
1,1,0.5841383
0,0,0.36398044
0,1,0.9266602
0,0,1.5079799e-05
0,0,0.026625305
1,0,0.059227068
0,0,0.022326622
0,0,0.18364656
0,0,0.0143991085
0,0,0.063943535
0,0,0.13042621
0,0,0.0013385344
0,0,0.023657002
0,1,0.6090013
0,0,0.33404014
0,0,0.28689077
0,0,0.44948003
0,0,1.4763418e-05
1,1,0.7372213
0,0,0.05059044
0,0,0.0076434757
0,0,0.003221288
0,0,0.010676242
0,0,0.004435523
0,0,5.49799e-05
0,0,0.39915043
0,0,0.12033732
0,0,0.057639584
0,1,0.5785796
0,0,0.42334944
0,0,0.023953523
0,0,0.011814601
0,0,0.0023385677
0,0,0.064161226
0,0,5.49799e-05
0,0,0.024041187
0,0,0.41538218
0,1,0.5183677
0,0,0.045703884
1,0,0.4208353
0,0,0.013161467
0,0,0.18158141
1,1,0.7786368
0,0,0.0021117025
0,0,0.00795649
0,1,0.5279914
0,0,0.14204195
0,0,0.010461062
0,0,0.07748856
0,0,0.0036010735
0,0,0.40865973
0,0,0.023633001
0,0,0.0040922184
0,0,0.0385653
0,0,0.4648609
0,0,3.700918e-05
0,0,0.398457
0,0,0.45345816
0,0,0.14697392
0,0,0.025193095
0,0,0.052407183
0,0,0.0008084048
0,0,0.16754787
0,0,0.36080953
0,0,0.13267735
0,0,0.2364578
0,0,0.2306834
0,1,0.5504601
0,1,0.6466164
0,0,0.005000972
0,0,0.0028159663
0,1,0.6251378
0,0,0.011160441
0,0,0.04473814
0,0,0.24486007
0,0,0.0028302344
0,0,0.0093488395
0,0,2.036767e-05
0,0,0.012931102
0,1,0.5489721
0,0,0.10552951
1,0,0.44899282
0,0,0.025948238
0,0,0.11975689
0,0,0.04276924
0,0,0.3336041
0,0,0.07387506
0,0,0.10779565
0,0,0.43175468
1,0,0.26052326
0,0,0.03135965
1,0,0.26174828
0,0,0.057483602
0,0,0.05475275
0,1,0.56866395
0,0,0.2185941
0,0,0.20902257
0,0,0.060956165
0,0,0.42871827
0,0,0.004933196
0,0,0.0064539555
0,0,0.30483282
0,0,0.27581325
0,0,0.33966574
0,0,0.0004045461
0,0,0.29676735
0,0,0.2256021
0,1,0.6197854
0,0,0.33954206
0,0,0.0072670556
0,0,0.19074272
0,0,0.13899311
0,0,0.2947464
0,0,0.003110265
0,0,0.07225731
0,0,0.23369563
0,0,0.0090007065
0,0,0.002482945
0,0,0.35378692
0,1,0.52320266
0,0,0.1301946
0,0,0.09754845
0,0,0.029013596
1,0,0.35736185
0,1,0.8744667
0,0,0.0010118632
0,0,0.13199188
0,0,0.004686627
0,0,0.23128024
0,0,0.35740712
1,1,0.8031414
0,0,0.27134287
0,0,0.0495053
0,0,0.12046912
1,0,0.42603004
0,0,0.066956826
0,0,0.14807123
0,0,0.3644023
0,0,0.0406374
0,0,6.2796476e-06
0,0,0.14755479
0,0,0.11972112
1,1,0.6559178
0,0,0.20973004
0,0,0.04767739
1,1,0.6929802
0,0,1.64395e-05
0,0,0.06477771
0,0,4.397811e-06
0,0,0.08926833
0,0,0.44867423
0,1,0.5151518
0,0,0.10366716
0,0,0.43593615
0,0,0.007722187
0,0,0.3529649
0,0,0.015099119
1,1,0.85931146
0,1,0.666311
0,0,0.22933115
0,0,0.074628286
0,0,0.016678002
0,0,0.013240441
0,0,0.27275127
0,0,0.43997717
0,0,0.082909234
0,0,0.000407243
0,0,0.3079728
0,0,0.19596726
0,1,0.503859
0,0,0.00031208844
0,0,0.023349203
0,1,0.7417384
0,0,0.27064237
0,0,0.03399175
0,0,0.37673658
0,0,0.04900438
0,0,0.231358
0,0,0.010121694
0,0,0.000343308
0,0,5.49799e-05
0,0,0.010464019
0,0,0.11319758
0,1,0.92142457
0,1,0.64929503
0,0,0.09026425
0,0,0.010728369
0,0,0.036948625
0,0,0.3361348
0,0,0.007546227
0,0,0.007896391
0,0,0.28776085
0,0,0.05159991
0,0,0.23135841
0,1,0.5572967
0,0,0.04259203
0,0,0.0016233141
0,0,0.15946878
0,1,0.66514605
0,0,0.06258928
0,0,0.44825646
1,0,0.14097983
0,0,0.0051382678
1,0,0.37728503
0,0,0.025948238
0,0,0.2866593
0,0,0.23266174
0,0,0.3205125
0,0,0.22381118
0,0,0.17918478
0,0,0.041262243
0,1,0.8420067
0,0,0.42359167
0,0,5.49799e-05
0,1,0.73477614
0,0,0.15577652
1,1,0.98426235
0,0,0.019351318
0,0,0.028652886
0,0,0.06568509
0,1,0.7219583
0,0,0.2430206
0,0,0.079028174
0,0,0.13017502
0,1,0.5081145
0,0,0.16902706
1,1,0.76904166
1,1,0.69465804
0,0,0.3110951
0,0,0.17285058
0,1,0.9404072
0,0,0.007712171
0,0,0.42650193
0,0,0.001009345
0,0,0.04662193
0,0,0.0049295323
0,0,0.16647238
0,1,0.7788634
0,0,0.010802896
0,0,0.22551796
0,0,0.21044213
0,0,0.0043070535
0,0,0.023645988
0,1,0.58315617
1,0,0.3372758
0,1,0.56955856
0,1,0.8656894
0,0,0.26590505
0,0,0.037096668
0,0,0.052418124
0,0,0.03306485
0,0,0.054748997
0,0,0.32236886
0,0,0.113085695
0,1,0.7006603
0,0,0.022865271
0,0,0.015624899
1,1,0.86959803
1,0,0.40037096
0,0,0.30066213
0,0,0.021258209
1,0,0.44051847
0,0,0.28537148
0,1,0.5379247
0,0,0.17042749
0,0,0.050540306
0,0,0.0056247124
0,0,0.034181766
0,0,0.008821897
0,0,0.26648146
0,0,0.0271543
0,0,0.15796925
0,0,0.0015444359
0,0,0.23754998
0,0,0.00077844865
0,0,0.11499232
0,0,0.00014322886
0,1,0.7308038
0,0,0.16028705
0,0,0.3683844
0,0,0.06247401
0,1,0.68848664
0,0,0.32813516
0,0,0.0694225
1,0,0.23433502
0,0,0.005040263
0,0,0.29675394
0,0,0.0007193071
0,0,0.030546177
0,1,0.52908504
0,1,0.65538555
1,1,0.5239081
0,0,0.002966096
0,1,0.5591258
0,0,4.0465213e-05
1,0,0.4176531
1,0,0.2729867
1,0,0.31969246
0,0,0.17748702
0,0,0.49394137
0,1,0.52463305
0,0,0.114750594
0,0,0.052614592
0,0,0.043644544
0,0,0.4609414
0,0,0.12824044
0,0,0.0049291463
0,0,0.0042484687
0,0,0.3610234
0,0,0.31911337
0,0,0.0016488974
0,0,0.16965254
0,0,0.0076463767
0,0,0.12698215
0,0,0.053603027
0,0,0.16587603
0,0,0.025841102
0,0,0.37411946
0,0,0.20944427
1,0,0.32294402
0,0,0.00023140649
0,0,0.08555964
0,0,0.16233438
0,0,0.031889986
0,0,0.06226762
0,0,0.004165006
0,0,0.13181074
0,0,0.26573414
0,0,0.13795765
0,0,0.019872975
0,0,0.005742888
0,0,0.40491602
1,1,0.87123835
0,0,0.02307147
0,0,0.10627416
0,0,0.0016854063
0,0,0.28257945
0,0,0.021960607
0,0,0.2740674
0,0,0.41418582
0,0,0.051900063
0,0,0.014933262
0,0,0.0019401929
0,0,0.0069606965
0,0,0.38296452
0,1,0.61301684
0,1,0.59431803
0,0,0.00081976334
0,1,0.51015
0,1,0.8640692
0,0,0.105178244
0,1,0.71250767
0,0,0.025948238
0,0,0.18373834
1,0,0.37017727
0,0,0.24501717
0,1,0.8850405
0,0,0.26777035
0,0,0.03611727
0,0,0.29238853
0,0,5.49799e-05
0,0,0.2985352
0,0,0.14768904
0,0,0.4714817
0,0,0.10005912
0,0,0.1324582
0,0,0.01079048
0,0,0.010780254
0,1,0.5467512
0,0,0.16470046
0,0,0.29675394
0,1,0.59106094
0,0,0.33086443
0,1,0.70982766
0,0,0.2753116
0,0,0.08768114
0,0,0.027960153
0,0,0.4423731
0,0,0.170382
0,0,0.0013939562
0,0,0.0061270334
0,0,0.001851364
0,0,0.33270305
0,0,0.06728306
0,0,1.4030268e-06
0,0,5.3304193e-05
1,0,0.29765508
0,0,7.1251736e-05
0,0,0.47980326
0,1,0.67591447
0,0,0.07489062
0,0,0.20593937
0,1,0.8275679
0,0,0.0010920569
0,0,0.04307124
0,0,0.16470322
0,0,0.0035029175
0,0,0.45839807
0,0,1.4763418e-05
0,0,0.018684214
0,0,0.17391226
0,0,1.702936e-05
0,0,0.17318377
0,0,0.2241497
0,0,0.21660365
0,0,0.13615179
0,0,0.00027264236
0,1,0.7114397
0,1,0.5998696
0,0,0.13370794
0,0,0.0026175154
0,0,0.16764204
0,0,0.20749868
0,0,0.024119442
0,0,0.07710049
1,1,0.88833433
0,0,0.2261642
0,0,0.0984961
0,0,0.16258824
0,0,0.022135433
0,0,0.015297381
0,0,0.009663287
0,1,0.5839563
0,0,0.025378127
0,0,0.004509538
0,0,0.010780254
0,0,0.23548752
0,0,0.19161591
0,0,0.2865364
0,0,0.13388635
0,0,0.047185786
0,0,0.068831
0,0,0.23754998
0,0,0.13219765
0,0,0.32766083
0,0,0.220048
1,1,0.52901006
0,1,0.6717228
1,0,0.0544786
0,0,0.119137116
0,1,0.87843966
0,1,0.6277987
0,0,0.121321514
0,1,0.60764843
1,1,0.828564
0,1,0.9725549
0,0,0.24034762
0,0,0.03725899
0,0,0.3100162
0,0,0.0010118632
0,0,0.0017317703
1,1,0.767556
0,0,0.39516848
0,0,0.09798522
0,0,0.07433664
0,0,0.009270615
0,0,0.39792985
0,1,0.5520517
0,0,0.058821376
0,1,0.51220804
0,0,0.02459954
0,0,0.2776225
0,1,0.6909866
0,0,0.27466697
1,1,0.78308284
0,0,0.17876858
0,0,0.079135165
0,0,0.09285955
1,1,0.70763725
0,0,0.49596903
0,0,0.044344734
0,0,0.071998924
0,0,0.005217353
0,0,0.03830261
0,0,2.242733e-05
0,0,0.1962594
0,0,0.43243083
0,0,0.19490728
0,1,0.5506495
0,0,0.022326622
0,0,0.022326622
1,1,0.6784489
1,1,0.6917791
0,0,0.37175018
1,1,0.79914594
0,0,0.23636349
0,0,0.12166871
0,0,4.397811e-06
1,1,0.5654169
0,0,0.14024317
0,1,0.5255145
1,1,0.8036337
0,0,0.34261945
1,1,0.57161915
0,0,0.034355257
0,0,0.0063407063
0,0,0.1617538
0,0,0.34897617
0,0,0.27700308
0,0,0.13634048
0,1,0.55386055
0,0,0.017296294
0,1,0.7420109
0,0,1.0856032e-06
0,0,0.056402594
1,0,0.21886146
0,0,0.08901143
0,0,0.0587201
0,1,0.5983438
0,0,0.026888251
0,0,0.34536627
0,0,0.045623563
0,0,0.20159058
0,0,0.021548882
0,0,0.074527435
0,0,0.09235831
0,0,0.12892295
0,1,0.9627739
1,0,0.31288707
0,0,0.073283255
0,0,0.0013409428
0,0,0.32958388
0,0,0.10822002
0,0,0.015982023
0,0,0.08734788
0,0,0.18690643
0,0,0.059366204
1,1,0.527872
0,0,0.22255498
0,0,0.021998184
0,1,0.53710365
0,0,0.41106862
1,1,0.85508484
0,0,0.0048129675
0,0,0.46196336
0,0,0.057483602
0,0,0.46263945
0,0,0.15925612
0,0,0.41619167
0,0,0.005055108
1,1,0.86736476
0,0,0.3422915
0,1,0.6413049
0,0,0.47261563
0,0,0.25610706
0,0,0.05903369
0,0,0.21033894
0,0,0.0026175154
0,0,0.06209572
0,0,0.001781416
0,0,0.026661972
1,1,0.8915523
0,1,0.7617262
0,0,0.18420175
0,0,0.22679318
0,0,0.132056
0,1,0.50423837
0,0,0.022326622
0,0,0.035198405
0,0,0.120489
0,1,0.53223455
0,1,0.5467609
0,0,0.25978625
0,0,0.00859227
0,0,0.17725715
0,1,0.6475774
0,0,0.3573718
0,0,0.0038122912
0,0,3.551433e-05
0,0,0.019775817
0,0,0.09405944
0,0,0.069746606
0,0,0.12551887
0,1,0.7334766
0,0,0.16612044
0,0,0.40523943
0,0,0.0065306337
0,1,0.56457305
0,0,0.2268414
0,0,0.004173442
0,0,0.062312532
0,1,0.5046773
0,0,0.19218312
0,0,0.05490003
0,0,0.2917725
0,1,0.50901777
0,0,0.009994067
0,0,0.02758353
0,0,0.47840342
0,0,0.055714175
0,0,0.0020002811
0,0,0.235814
1,0,0.10963009
0,0,0.24577446
0,0,0.09285333
0,0,0.00033869114
0,0,0.18285693
0,0,0.18513401
0,0,0.04892178
1,0,0.23036435
0,1,0.53939617
0,0,0.12756689
0,1,0.5362249
0,0,0.002482945
0,0,0.15034318
0,1,0.89765775
0,0,0.36788824
0,0,0.040234122
0,0,0.021140313
0,0,0.0123288585
0,0,0.10891769
0,1,0.5496517
0,0,0.0071545024
0,0,0.11810385
0,0,0.010978542
0,0,0.07101339
0,0,0.1411825
0,0,0.006209361
1,1,0.79087156
1,0,0.3722196
0,0,0.022326622
0,0,0.3564238
0,0,0.025948238
1,1,0.8012133
0,0,0.005209467
0,0,0.21255769
0,0,0.065285765
0,0,0.022015918
0,0,0.002920545
0,1,0.8491286
0,0,0.03535178
0,0,0.28230003
0,0,0.07970569
0,0,0.065073594
0,1,0.5762556
0,0,0.41493294
0,0,0.00694393
0,0,0.15064067
0,0,0.024119442
0,0,0.25198722
0,0,0.0914145
0,0,0.025426965
0,0,0.1517063
0,0,2.6174616e-06
0,0,0.0013669077
1,1,0.5454747
0,0,0.21095043
0,0,0.040531874
0,1,0.5750186
0,0,0.05725485
0,1,0.58740157
0,0,0.23809446
0,0,0.022015918
0,0,0.00014356071
0,1,0.7608999
0,0,0.17583577
0,0,0.053512316
0,1,0.50911397
0,1,0.7280749
0,1,0.91693026
0,0,0.25608236
0,0,0.46717015
0,0,0.23311427
0,0,0.37745506
1,1,0.658538
0,0,0.022685993
0,0,0.035390995
0,0,0.1574051
0,0,0.0020001326
0,0,0.033118356
0,0,0.05479837
0,0,0.26942426
0,0,0.17441267
0,0,5.977165e-05
1,1,0.83122563
0,0,0.017451575
1,0,0.37343156
0,0,0.37390035
0,0,0.010408717
0,0,0.039844934
0,0,0.23766197
0,1,0.61527264
0,0,0.06683318
0,1,0.7867729
0,0,0.026962206
0,0,2.036767e-05
0,0,0.3202243
0,0,0.32136652
0,0,8.911169e-05
0,0,0.022015918
0,0,0.10024929
0,1,0.5086446
0,0,0.023112245
1,0,0.23214488
0,0,0.0019159355
0,0,0.4064096
0,0,0.083797224
0,0,0.3791729
0,0,0.46426934
1,0,0.121772
0,0,0.024734885
0,1,0.6742038
0,0,0.015887817
0,0,0.028505467
0,0,0.49169984
0,0,0.25511917
0,0,0.0016836678
0,0,0.0066561312
0,0,0.19007902
1,0,0.14607097
0,0,0.49716043
1,1,0.82570267
0,0,0.02140618
0,0,2.036767e-05
0,0,0.022326622
0,0,0.29941052
0,0,0.00021209578
0,0,0.0046019736
0,1,0.5915482
0,1,0.5445787
1,1,0.6097317
0,0,0.13194619
0,0,0.0021137774
0,0,0.10027133
0,0,0.24442473
0,0,0.00011634436
0,0,0.38116848
0,1,0.6212835
0,0,0.022326622
0,0,0.4110613
0,0,0.03901938
0,0,0.009896284
0,0,0.016946597
0,0,0.03225403
0,0,0.04152309
0,0,0.054682616
0,1,0.500775
0,0,0.29835734
0,0,0.3920184
0,0,0.1818902
1,1,0.55906075
0,0,0.33724165
0,0,3.631606e-05
0,0,0.47197464
0,0,0.0004796679
0,0,0.14263636
0,1,0.5959874
0,0,0.10529517
0,0,0.025414491
0,0,0.24361257
0,0,0.30777812
0,0,0.1476942
0,0,0.027128829
0,0,0.20134075
0,0,0.2973682
0,0,0.2393738
0,0,0.48850217
0,0,0.055559546
0,0,0.036245808
0,0,0.20936225
0,0,0.23925567
0,0,0.31203645
0,0,0.45098627
0,0,0.057483602
0,0,0.023667375
0,0,0.024948152
0,0,0.016221246
1,0,0.010121694
0,0,0.47021925
0,1,0.53871256
0,0,0.17194125
0,0,0.16346481
0,0,0.105638765
0,0,0.041630648
0,0,0.015775267
0,0,0.00017630213
1,1,0.58828807
0,0,0.24457313
0,0,0.22272559
1,1,0.56492454
0,0,0.00028045848
0,0,0.16944471
0,1,0.5237756
0,0,0.07945361
0,0,0.11618637
0,0,0.044476997
0,0,0.004504615
0,0,0.09285955
0,1,0.67510474
0,0,0.02079708
0,0,0.25946966
0,0,9.059914e-07
0,0,0.014411105
0,0,0.0018710766
0,0,0.36357853
1,1,0.83158755
0,0,0.018692277
0,0,0.06090453
0,0,0.23574883
0,0,0.0014753423
0,0,0.103745766
1,0,0.29108408
0,0,0.03877893
0,0,9.403742e-05
0,0,0.4861353
0,0,0.029602043
0,0,0.0004800574
1,1,0.7035673
0,0,0.014385446
0,1,0.74887955
1,0,0.4284901
0,0,0.479158
0,0,0.001159422
0,0,0.39132887
0,0,0.040148064
0,0,0.37050557
0,0,0.09338264
1,1,0.8846273
0,0,0.062242832
0,1,0.7284132
0,0,0.08154962
0,0,0.086492114
0,0,0.1646356
0,0,0.007415884
0,0,0.009888325
0,0,0.0014349526
0,0,0.0064280876
0,0,0.15782297
0,1,0.69752705
0,1,0.5138914
0,0,0.009896284
0,0,0.10716491
0,0,0.40437573
1,1,0.8593151
0,0,0.15612468
0,0,0.09782013
0,0,0.03766088
0,0,0.17465465
0,0,0.01488229
0,1,0.62962055
0,0,0.0561442
0,0,0.11342997
0,0,0.11718219
0,0,0.110473216
0,0,0.19645846
0,0,0.017389396
0,0,0.01690239
0,0,0.0006606889
0,0,0.12355748
0,0,0.24595678
0,0,0.119357154
0,0,0.0025630398
0,0,0.0090438165
1,1,0.6918128
0,0,0.2980259
1,1,0.55756074
0,1,0.67832947
0,0,0.24198884
0,0,0.15457183
0,0,0.1994044
0,1,0.67251664
1,1,0.58558327
0,0,0.056319207
0,0,0.17180037
0,0,0.0033697768
0,0,0.120722994
0,0,0.17194772
1,1,0.78552103
0,0,0.00076598144
0,0,0.17800266
0,0,0.21753936
1,0,0.4352033
0,1,0.62688476
0,0,0.005284348
0,0,0.015570881
0,0,0.021473851
0,0,0.00073874136
0,0,0.12050115
0,1,0.72519803
1,1,0.98806214
0,0,0.16009226
0,0,0.04031325
0,0,0.103950694
0,0,0.47380748
0,0,0.07630858
0,0,0.3435943
0,0,0.35179436
0,0,0.000113097434
0,1,0.68746156
1,0,0.46964282
0,0,1.7888606e-05
0,0,0.025315734
0,0,0.0019039987
0,0,0.0038048124
0,0,0.011562263
0,0,0.10405163
0,0,0.15118067
0,0,0.009344221
1,1,0.7564027
0,0,0.19516574
0,0,0.08478893
0,1,0.84581167
0,0,0.06669956
1,1,0.9094733
0,0,0.002922916
0,0,0.1442242
0,0,1.4763418e-05
0,0,0.001602323
0,0,0.07357826
0,0,0.17094387
0,0,0.18342528
0,1,0.62442243
0,0,0.003945343
0,0,0.23563233
0,0,0.35756147
0,0,0.1014062
0,0,5.9880845e-06
1,1,0.6527803
0,0,0.04672262
0,0,0.47548285
0,0,0.09541067
0,0,0.0022253671
0,0,0.19122627
0,0,0.19763759
0,0,0.015593306
0,0,0.38551426
0,0,0.15620092
0,0,0.002848766
0,0,0.18857455
0,0,0.20283629
0,0,0.20541649
0,0,0.3474633
0,0,0.005179885
0,0,0.0007386601
1,1,0.80477774
0,0,0.0032523044
0,0,0.25724193
1,1,0.5916644
0,0,0.019694896
0,1,0.68769145
0,0,0.22276251
0,0,0.14873172
0,0,0.36929572
0,0,0.47980988
0,0,0.015429499
0,0,4.476932e-05
1,0,0.22106293
0,1,0.5164795
0,1,0.78092563
0,0,0.00760979
0,0,8.940131e-06
0,0,0.010360625
0,0,0.0068338057
0,1,0.80985665
0,0,0.0026175154
0,0,0.105653614
0,0,0.099535905
0,0,0.054325595
0,0,0.0033376066
0,0,0.004765395
0,1,0.59893286
0,0,0.28766844
1,1,0.74905497
0,0,0.04363318
0,0,0.0034102823
0,0,0.23292455
0,0,0.003942908
0,0,0.10891769
0,0,0.059524097
0,0,0.45204952
0,0,0.192931
0,0,0.49421763
0,0,0.04020825
0,0,0.33542877
1,1,0.5588182
0,1,0.56297684
0,0,0.104419924
0,1,0.50850415
0,0,0.25111812
0,0,0.001360529
0,0,0.4751105
0,0,0.030459413
0,0,0.13306916
0,0,0.019076526
0,1,0.599902
0,0,0.12101167
0,0,0.012017734
0,0,0.00355991
0,0,0.23607947
1,0,0.49618027
0,0,0.0017177804
0,1,0.6974832
0,0,0.15024336
0,0,0.055480093
0,0,0.3297346
0,0,0.16805525
0,0,0.050188594
1,1,0.712821
0,0,0.31694207
0,0,0.1492997
1,1,0.63103104
0,0,0.24285392
0,0,0.073718876
0,0,0.14310035
0,0,0.00017630213
0,0,0.46868014
0,0,0.24482696
0,0,0.11828752
0,0,0.0028414922
0,0,0.1809179
0,0,0.16963005
0,0,0.39090532
0,0,0.086492114
0,0,0.04432542
0,1,0.7869157
1,1,0.6239097
1,1,0.65608525
0,0,0.0004796679
0,0,0.09331282
0,0,0.2595736
0,0,0.075987816
1,1,0.79337245
0,0,0.0012469853
0,0,0.13391659
0,0,0.006164407
0,0,0.38757998
0,0,0.27563798
0,0,0.022914127
0,1,0.5035828
0,0,3.8619022e-05
0,1,0.5454528
0,0,0.08823472
0,0,0.2621332
0,0,0.33308282
0,0,0.13101608
0,1,0.7599592
0,0,0.15149586
0,0,0.4396103
0,1,0.7317199
0,0,0.254123
0,0,0.2996432
1,1,0.75310206
0,0,0.018629454
1,1,0.50366855
0,0,0.332488
0,0,0.31974268
1,1,0.90876025
0,0,0.029899137
0,0,0.14196093
0,0,0.022326622
0,0,0.033945724
0,0,0.35127586
0,0,0.2918617
0,0,0.00023454693
0,1,0.65512705
0,0,0.0025223682
0,0,0.06879479
0,0,0.055714175
0,0,0.09256202
0,0,0.15234865
0,0,0.014749262
0,1,0.8426358
0,0,0.38112086
0,1,0.560585
0,0,0.36831436
0,0,0.006171021
0,0,0.3878874
0,0,0.00040617195
0,0,0.09353687
0,0,0.0008656415
0,0,0.34005937
0,0,0.03492591
1,1,0.73395985
0,0,0.044678874
0,0,0.12444795
0,0,1.64395e-05
0,0,0.036221363
0,0,0.24699348
1,1,0.84257954
0,0,0.0020282653
0,0,0.013184699
0,0,0.38693622
0,0,0.3944387
1,1,0.584435
0,0,0.32462767
0,0,0.13181074
0,1,0.69100386
0,0,0.022326622
0,0,0.024119442
0,0,0.14040095
0,0,0.0010118632
0,0,0.0049719145
0,0,0.19836132
0,1,0.5151048
0,0,0.34503016
0,0,0.12272234
0,0,0.0038560887
0,1,0.6388943
1,1,0.69838846
0,0,0.04055763
0,0,0.10516738
0,0,0.00051636086
0,0,0.023953523
0,0,0.38066617
0,0,0.29581976
0,0,0.3185464
0,0,0.019051585
0,0,0.30493814
0,0,0.035789654
0,0,0.12612727
0,0,0.011512163
0,0,0.41769102
1,1,0.7905218
0,0,0.029608523
0,0,0.022490434
0,0,0.35400975
0,0,5.49799e-05
0,0,0.001024611
0,0,0.2621159
1,1,0.78788704
0,0,0.03901938
0,0,0.4634323
0,1,0.5258471
0,0,0.1576711
0,0,0.0030401626
0,1,0.575919
0,1,0.86230177
0,0,0.0024935328
0,0,0.20463187
0,0,0.022326622
0,1,0.7530377
0,0,5.49799e-05
0,0,0.10331063
0,0,0.055714175
0,0,0.15472423
0,0,0.05474026
0,0,0.00031007943
0,0,2.036767e-05
0,0,0.16850136
0,0,0.09660685
0,1,0.5571434
0,0,0.011381028
1,0,0.10263456
0,0,0.1449528
0,1,0.6354304
0,0,0.00049877615
0,0,0.36344868
0,0,0.42111197
0,1,0.51777434
0,0,0.024119442
0,0,0.042362876
0,0,0.058229998
0,0,0.05482158
0,0,0.138236
0,0,0.37368602
0,0,0.3959823
0,0,0.027154736
0,1,0.5369921
0,0,0.004396538
1,1,0.52674466
0,0,0.13312599
0,0,0.076206565
0,1,0.6547765
0,1,0.5476027
0,0,0.012002662
0,0,0.026614117
0,0,0.4012392
0,0,0.0479593
0,0,0.31889588
0,0,0.04641191
0,0,0.44362837
0,0,0.0039839046
0,1,0.65068257
0,0,0.04397133
0,0,0.036104914
0,0,0.18530841
0,1,0.69759494
0,0,0.37098446
0,0,0.095635116
0,0,0.046126485
0,0,0.0036910342
0,0,0.009251714
0,0,0.008058019
0,0,0.0017739697
0,0,0.03951472
0,0,0.17185868
0,0,0.043888696
0,0,0.12800674
0,0,0.10198285
0,0,0.45609626
0,0,0.0066573103
0,0,1.5613889e-05
0,0,0.4823088
0,0,0.107836865
0,0,0.1206579
0,1,0.766003
0,0,2.4835883e-06
0,0,0.20260166
0,0,0.02527218
0,0,0.47175485
0,0,0.17292388
0,0,0.07194349
1,1,0.90670395
1,1,0.57591915
0,0,0.0144280745
0,0,0.4237298
0,0,0.019646121
0,0,0.008039395
0,0,0.007415884
0,0,0.005416735
0,0,0.024568522
0,0,0.00077844865
0,0,0.08166411
0,0,0.34428865
0,0,0.39670485
0,0,0.07306369
0,1,0.5136067
0,0,0.11780744
0,1,0.74656093
0,0,0.15649155
0,0,0.21160355
0,1,0.5499351
0,0,0.023790363
0,0,0.0078045926
0,0,0.07225731
0,0,0.022326622
0,0,0.0037845368
0,0,0.018602828
0,1,0.72550064
0,0,0.00013937335
0,1,0.6166655
0,1,0.6965276
0,1,0.55185854
0,0,3.551433e-05
0,0,0.00863921
0,0,0.074900396
0,1,0.5469867
0,1,0.76833045
0,1,0.55967104
0,0,0.0052352496
0,0,0.33572954
0,0,8.9545765e-06
0,1,0.72443646
0,0,0.011916061
0,0,0.306011
0,0,0.07171949
0,0,0.007415884
0,0,2.036767e-05
0,1,0.56441945
0,1,0.5450788
0,0,0.07358163
0,0,0.09639428
0,0,0.022832299
0,0,1.2721912e-05
0,0,0.073060766
0,0,0.32124987
0,0,0.029577835
0,0,0.13975924
0,0,0.00040063495
1,1,0.89246386
1,0,0.29272974
0,0,0.017815199
0,1,0.6010002
0,0,0.0430779
0,0,0.008120687
0,0,0.03894687
0,1,0.59897
0,0,0.12502305
0,0,0.0011429236
0,1,0.6845446
1,0,0.23972021
0,0,0.48391056
0,1,0.77782226
0,0,0.017389396
0,0,0.013416648
0,0,0.35307443
0,0,0.0004800574
0,0,0.27956212
0,0,0.2280075
0,0,0.29772267
0,0,0.057483602
0,0,0.35983828
1,0,0.35299638
0,0,0.0032282483
0,0,0.033511873
0,0,0.08960915
0,0,0.058767945
1,1,0.7347174
1,0,0.24258375
0,0,0.02464095
0,0,0.06150954
0,0,0.45968702
0,0,8.9545765e-06
0,0,0.40248498
0,0,0.0073924754
0,0,0.16402411
0,0,3.3816465e-05
0,0,0.06410927
0,1,0.71257305
1,0,0.29427442
0,0,0.22255932
0,1,0.54725504
0,0,0.053967338
0,0,0.01774013
1,1,0.7807129
0,0,0.40082088
1,1,0.81890637
0,0,0.0002971307
0,1,0.82889843
0,0,0.40712598
0,0,0.26718777
0,0,0.20658901
0,0,0.0010756457
0,0,0.13489157
0,1,0.5982572
1,1,0.9327488
0,0,0.0019873995
0,0,0.15246344
1,1,0.6396906
0,0,0.3093053
0,0,0.0021011322
0,0,0.067391016
0,1,0.5085454
0,0,0.010651125
0,0,0.0038158223
0,0,0.2854411
0,1,0.6159034
0,1,0.578464
0,0,0.27679014
0,1,0.6399788
1,0,0.36248288
0,0,0.03901938
0,0,0.19919404
0,0,0.16794193
0,0,0.07179897
0,0,0.00039278826
0,0,0.03935949
1,1,0.5335369
0,1,0.7752008
0,0,0.04174131
0,0,0.1352387
0,0,0.34502143
0,0,0.0063977684
0,0,0.18638599
0,0,0.0315526
0,0,0.3888181
0,0,5.49799e-05
0,1,0.74656093
0,0,0.000986362
0,0,0.2092892
0,0,0.034870084
0,0,0.022326622
0,0,0.03258855
0,0,0.09804697
0,0,0.111889064
0,0,0.13423721
0,1,0.90215015
0,0,0.17312008
0,0,0.08448187
0,0,0.44331142
0,0,0.027681362
0,0,0.055692017
0,1,0.5410386
0,0,0.07225731
0,0,0.17933573
0,0,0.069054924
0,0,0.076832585
0,0,0.0843424
0,0,0.015454286
0,0,5.9880845e-06
0,0,0.21570632
0,0,0.36376604
0,0,0.0023588717
0,0,0.057483602
0,1,0.6800564
1,1,0.6243965
0,0,0.17863463
0,0,0.44906473
0,0,0.0114604905
0,0,0.11959282
1,1,0.56402487
0,0,0.2690866
0,0,0.016933486
0,0,0.008058019
0,0,0.037159033
1,0,0.016955217
0,1,0.59431803
1,1,0.76486796
0,1,0.6902165
0,0,0.046759963
0,1,0.6488701
0,0,0.071542785
0,0,0.04540348
0,0,0.34309795
0,0,0.0056635886
0,1,0.63647556
0,0,2.036767e-05
0,0,0.29147416
0,0,0.058237642
0,0,0.090648405
0,0,0.013143419
0,0,1.7888606e-05
0,0,0.44131884
0,0,0.011120738
0,0,0.02729946
0,0,0.016316485
0,0,3.551433e-05
0,0,0.0740273
0,1,0.77534163
0,0,0.007415884
0,1,0.5005872
0,0,0.034207176
0,1,0.82783216
0,0,0.052614592
0,0,0.19886488
0,0,0.008579213
0,0,0.0007193071
0,0,0.010108668
0,0,0.014037463
0,0,0.041946772
0,0,0.018694416
0,0,0.0010242396
0,0,0.043700594
0,0,0.13847698
0,1,0.561106
0,0,0.18498401
0,0,0.041301318
0,0,0.04651204
0,1,0.71626806
0,0,0.18325427
0,0,0.40038016
0,1,0.5698688
0,0,0.0019491628
0,0,0.0070951316
0,0,0.11834643
0,1,0.83018136
0,0,0.042994704
0,1,0.50811684
0,0,0.0015725986
0,0,0.057842225
1,0,0.28958747
0,0,2.1657976e-05
0,0,0.30910012
0,0,0.19892201
0,0,0.04898122
0,0,0.33451378
0,0,0.45643157
0,0,5.49799e-05
0,1,0.55753404
1,0,0.04922082
0,0,0.005892898
0,0,0.006632329
0,1,0.58169353
0,0,0.37081543
0,0,0.0003717269
0,0,0.22091441
0,0,0.0061456016
0,0,0.090648405
0,0,0.17155604
0,0,0.2182744
0,0,0.0694766
0,0,0.33747303
0,1,0.6910653
1,1,0.8562874
0,1,0.56881243
0,0,0.015041506
1,1,0.587528
0,0,0.27985808
0,1,0.697424
0,0,0.19811271
0,0,8.9545765e-06
0,0,0.46473098
0,0,0.16189589
0,0,0.067266285
0,0,0.08511028
0,0,0.014342341
0,0,0.007415884
0,0,0.39935803
0,0,0.23181029
0,0,0.24503481
0,0,0.26689807
0,0,0.0057573714
1,0,0.306832
0,0,0.33099785
0,0,0.0048545212
0,0,0.33775094
0,0,0.38232842
0,0,0.08603817
0,0,0.032277986
1,1,0.7040583
0,0,0.4112185
0,0,0.009888325
0,0,0.15616238
0,0,0.06956562
0,0,0.40822446
0,0,0.00076598144
1,1,0.56649613
0,0,0.2732867
0,0,0.360156
0,0,2.1657976e-05
0,0,0.01488229
0,0,0.47307727
0,0,0.021374034
0,0,0.014563863
0,0,0.124878004
0,1,0.58230865
0,0,0.0091021815
0,0,0.062321186
0,1,0.60988116
0,0,0.29224053
0,0,0.08584721
0,0,0.15905254
0,0,0.069573976
0,0,9.059914e-07
0,0,0.00055386533
0,0,0.4197735
0,0,0.02056529
0,1,0.544803
0,0,0.29686758
0,1,0.73685527
0,0,0.32832843
0,0,0.061201967
0,0,0.00258012
0,0,0.05490003
0,0,0.05631529
0,0,0.42951274
0,0,0.15526393
0,1,0.6709894
0,0,0.007226542
0,1,0.74725884
0,0,0.48112485
0,1,0.601974
0,0,0.022832299
0,0,0.48907587
0,0,0.14493045
0,0,0.04443772
0,0,0.025948238
0,0,0.20871602
0,0,0.017389396
0,0,0.08435369
1,0,0.3616459
0,0,0.053052936
0,0,0.022326622
0,0,0.029314736
0,0,0.14207888
0,0,0.047344923
0,0,4.2072647e-06
1,1,0.8997658
0,0,0.10075828
0,0,0.04332879
0,0,0.0050816713
1,0,0.38188452
0,0,0.055714175
0,0,0.17583577
0,1,0.82036453
1,0,0.36063913
0,1,0.6982152
0,0,0.013668183
0,0,0.050298825
1,0,0.43321854
0,0,0.28647885
0,1,0.5058391
0,1,0.8241314
0,0,0.0007879865
0,0,0.28789482
0,0,0.21274637
0,0,0.072002225
0,0,0.48145875
0,0,0.06494887
0,0,0.057699367
0,1,0.6468706
0,1,0.8186483
0,0,0.2384834
0,0,0.09873566
0,1,0.5005383
0,0,0.0053052227
0,0,0.001258722
0,0,0.01819499
0,0,0.059498183
0,1,0.56042933
0,0,0.0029943176
0,0,0.3900483
0,0,0.19071671
0,0,0.49714383
0,0,0.00048240324
1,0,0.07053063
0,0,5.9880845e-06
0,0,0.022015918
0,0,0.012398367
0,0,0.042221252
1,1,0.5540028
0,0,0.099265166
0,0,0.04122263
0,0,0.07989003
0,0,0.057483602
0,0,0.2503322
0,0,0.023318077
0,0,0.4181943
1,0,0.4569506
0,0,0.00911483
0,1,0.65172553
0,1,0.7115754
0,0,0.0044114175
1,1,0.79215914
0,0,0.4776918
1,1,0.51069206
1,1,0.6288826
0,1,0.55045944
0,1,0.68280035
0,0,0.2028673
0,0,0.100753844
0,0,0.25976053
0,0,0.093476355
0,0,0.27210775
0,0,0.15761046
0,0,0.020482996
0,0,0.091282256
0,0,0.47388285
0,0,0.033284947
0,0,0.3939279
0,0,0.03223928
0,0,0.012134497
0,1,0.6166547
0,0,0.36501294
0,0,0.0133837415
0,0,0.060956165
0,0,0.011088289
0,0,0.22634391
0,0,0.20803668
0,0,0.4764144
0,0,0.024121184
0,0,0.29669198
0,0,0.04840475
0,0,0.20680813
0,0,5.9880845e-06
0,0,0.068805404
0,0,0.23209439
0,0,0.034152143
0,0,0.09795332
0,0,0.035531495
0,0,0.06503246
0,0,0.0010640272
0,0,0.17098694
0,0,5.446899e-06
0,0,0.16917104
0,0,0.012002662
0,0,0.17793986
0,0,0.2502028
0,0,0.100898825
0,0,0.118042804
0,0,0.0022528588
0,0,0.2993639
1,1,0.7785756
0,0,0.08743154
0,0,0.006634293
0,0,0.2434364
0,0,0.038811408
0,1,0.88029635
0,0,0.016071718
0,0,0.22657515
0,0,0.0010606839
0,0,2.036767e-05
0,1,0.84422815
0,0,0.035151113
0,0,0.05075469
0,0,0.016008126
0,0,0.025378115
0,0,0.006320603
0,0,0.10144319
0,0,5.9880845e-06
0,0,0.018258406
1,0,0.13238178
0,0,2.036767e-05
0,0,9.059914e-07
0,0,0.2737411
0,0,0.21253565
0,1,0.626433
0,1,0.5514316
0,0,0.22479716
1,1,0.6480144
0,1,0.61922073
1,1,0.79536945
0,0,0.01723591
0,0,0.053064555
0,0,0.07734443
0,0,0.047956765
0,0,0.0327161
0,0,0.094899006
1,1,0.5741573
0,1,0.7099229
0,0,0.37548742
0,0,0.014707869
0,0,0.091937
0,0,5.49799e-05
0,0,0.11650785
0,0,0.038587317
0,0,0.28651726
0,1,0.6453301
0,0,0.08498936
0,0,0.061524127
0,0,0.48526123
0,0,0.05089365
0,1,0.71568227
0,0,0.18623142
1,1,0.8912161
1,1,0.84010416
0,0,0.40905237
0,0,0.022724953
0,0,0.497505
0,0,0.32528794
0,0,0.064765364
0,1,0.714911
0,0,0.19219959
0,0,0.20791565
0,0,0.030686004
0,0,0.00081976334
0,0,0.0969707
0,0,0.21153484
0,0,0.16126822
0,0,0.02893523
0,0,0.022326622
0,0,0.4521857
0,0,0.21755059
0,0,0.0042470666
0,0,0.16816932
0,0,0.04453294
0,0,0.0015595915
0,0,7.0424976e-06
1,0,0.39574316
0,0,0.03680369
0,0,0.11893272
0,0,0.06999782
0,0,0.09285955
0,0,0.13656832
0,0,0.005416735
0,0,0.25388086
0,0,3.3816465e-05
0,0,0.000814898
0,0,0.087091215
0,0,0.00069067377
0,0,0.06633182
0,0,0.017498503
0,0,0.06622451
0,0,0.0025906812
0,0,0.10891769
0,0,0.09527032
0,0,0.3523995
0,0,0.018780885
0,0,0.0048623644
1,1,0.69893473
0,0,0.056359466
0,1,0.6525567
1,1,0.5497709
1,1,0.63059837
0,0,0.07953837
0,0,0.021207975
0,0,0.11901192
0,0,0.43332836
0,0,0.033039607
0,0,0.010182746
0,0,0.022326622
0,0,3.551433e-05
0,0,0.04500719
0,0,0.17098694
0,0,0.09334885
0,0,0.0930758
0,0,0.24094284
0,0,0.36536714
1,1,0.88670367
0,0,0.02933885
0,0,0.021652434
0,0,0.42733088
0,0,0.37653258
0,0,0.16389152
0,1,0.8837689
1,1,0.9011585
0,0,0.05210587
0,1,0.70304173
0,0,0.04709213
0,0,0.0669289
0,0,0.042050246
0,0,0.001399481
0,1,0.5907106
0,0,0.2401308
0,0,0.44962054
0,0,0.040448137
0,0,0.00050311926
1,0,0.4356862
0,0,0.0049719145
0,0,0.34385416
0,0,0.48744574
1,0,0.14445439
0,0,0.25835815
0,0,0.0002278464
0,0,0.22696504
0,0,0.000108058324
0,0,1.2899287e-05
0,0,0.079149656
0,0,0.008407729
0,0,0.018066028
1,1,0.62428707
0,0,0.49786758
0,0,0.06315422
0,0,0.11919406
0,1,0.6446279
0,0,0.021345496
0,0,0.047169432
0,1,0.61514515
0,0,0.10250497
0,0,2.036767e-05
0,0,0.467195
0,0,0.018163694
0,0,0.3280911
0,0,0.020793438
0,0,0.038597297
0,0,0.012286745
1,1,0.86188936
0,1,0.54403216
0,0,0.3709608
0,0,0.10674177
0,0,0.15844956
0,0,0.014372727
1,1,0.5908744
0,0,0.047607172
0,0,0.12167882
0,0,0.01929423
0,0,0.20456216
0,1,0.87495434
0,0,0.0027763995
0,1,0.5157623
0,0,0.025948238
0,1,0.53486
0,0,0.24788591
0,0,0.17854303
0,0,0.11905917
0,0,0.04475421
0,0,0.32414374
0,0,0.04833744
0,0,2.036767e-05
0,0,0.03700221
0,0,0.10512064
0,0,0.024252433
0,0,0.27351224
0,0,0.13174184
0,0,0.02933885
0,0,0.005416735
1,0,0.017397678
0,0,0.20100296
0,0,0.0931286
1,1,0.6699845
0,0,0.2075377
0,0,0.2779383
0,0,0.2630895
0,0,0.42571294
0,0,0.4521155
0,0,0.004288096
0,0,0.2940347
0,0,0.44311386
0,0,7.0424976e-06
0,0,0.061272204
0,0,0.05699418
1,0,0.33200768
0,0,0.09884864
0,0,0.12094492
1,1,0.8684976
0,0,0.0017978128
0,1,0.5277493
0,0,2.8268183e-05
0,0,0.0017965826
1,0,0.24608403
0,1,0.73625124
0,0,0.26867503
0,1,0.9753255
0,0,0.033799976
0,0,0.3814529
0,0,0.30797267
0,0,0.36354962
1,1,0.7879156
0,0,5.49799e-05
0,0,0.39150545
0,0,0.014354149
0,0,0.20355456
0,1,0.93548125
0,0,0.27123925
0,1,0.89532465
0,1,0.6681145
0,0,0.00965277
0,0,0.28473234
0,0,0.0042299903
0,0,0.20556565
0,0,0.17298506
0,0,3.8619022e-05
0,0,0.023828823
0,0,0.026416337
1,1,0.8926103
0,0,0.035589214
0,0,0.33589798
0,0,0.035584256
0,0,0.034225
0,1,0.5169078
0,1,0.56927973
0,1,0.86653894
0,0,0.13965583
1,1,0.68518376
0,0,0.21247216
0,0,0.07760025
0,1,0.6591229
0,0,0.006156425
0,1,0.9866862
0,0,0.018130148
0,0,0.093051486
0,1,0.59432894
1,0,0.41983616
0,0,0.068013094
1,0,0.29863137
0,0,0.02610936
0,0,0.08584131
0,0,0.05088376
0,1,0.5634176
0,0,0.0071545024
0,1,0.6385935
0,0,0.05424541
0,0,0.21054593
0,0,0.08438977
0,0,0.00012098905
0,0,0.05529644
0,0,0.16109172
0,0,0.24898683
0,0,0.10858998
0,0,0.007415884
0,1,0.6961096
0,1,0.81148267
0,0,0.04867401
0,0,0.23840792
0,0,0.010954492
0,0,0.049268886
0,0,0.07225786
0,0,0.15184219
0,0,0.06312402
0,0,0.026656348
0,0,0.025063144
0,0,0.09651163
0,0,0.057483602
0,0,0.013207003
1,0,0.057483602
0,1,0.528209
0,0,0.048017956
0,0,0.13805974
0,0,0.0144258905
0,0,0.011512163
0,0,0.46504256
0,0,0.015689718
0,0,0.009888325
1,0,0.4059868
0,0,0.017355673
0,0,0.49107534
0,0,2.1657976e-05
0,1,0.6602596
0,0,0.056380175
1,1,0.65071267
0,0,4.0524133e-06
0,0,0.12439334
0,0,3.551433e-05
0,0,0.10993719
0,0,0.011466731
0,0,0.0014660752
0,0,0.0014436843
0,0,0.2893882
0,0,0.017656742
0,0,0.420954
0,0,0.11294474
0,0,0.055419274
0,0,0.11304968
0,0,0.22211942
0,0,0.49146587
1,0,0.4056052
0,0,0.1150387
1,1,0.9278013
0,1,0.57442105
0,0,0.16454768
0,0,0.0069695786
0,1,0.6344019
0,0,0.25288612
1,0,0.33439112
0,1,0.7747703
0,0,0.0712178
1,0,0.07226651
0,0,0.17800698
0,0,0.007415884
0,1,0.58335507
0,0,0.040531874
0,0,0.0016885888
0,0,0.0009697788
0,0,0.05985929
1,1,0.76090854
1,1,0.80574536
1,0,0.45247793
0,1,0.55651724
0,0,0.019885166
0,0,0.018295303
1,1,0.7429818
0,1,0.7868164
0,0,0.03601661
0,0,0.00040617195
0,0,0.45912704
0,1,0.60982627
0,1,0.5850495
1,1,0.69020987
0,0,0.012294717
0,0,0.059212744
0,0,0.0030511417
0,1,0.8786874
0,0,0.33641705
0,0,2.1657976e-05
0,0,0.4159749
0,0,0.40619943
0,0,0.019780355
0,0,0.3392634
0,1,0.80039084
0,0,0.02364738
0,0,0.30716422
0,1,0.7091058
0,0,0.15437052
0,0,0.066678606
0,0,0.4796434
0,0,0.009458999
0,0,0.220821
0,0,0.1614055
0,0,0.0007164641
0,0,0.37660313
0,0,0.035419665
0,1,0.64650023
0,0,0.0034102823
0,0,0.0020005354
0,0,0.013069752
0,0,0.22120014
0,0,0.022015918
0,0,0.00059372257
0,0,0.28335384
0,0,0.007869667
1,1,0.6810761
0,0,0.20643318
0,0,0.005437258
0,0,0.28400013
0,0,0.00068958924
0,0,0.402204
0,0,0.07609512
0,0,0.21198854
0,0,0.10491781
1,1,0.5917863
0,1,0.79508275
0,0,0.041649494
0,1,0.5898385
0,0,0.015226433
0,1,0.83660066
0,1,0.7083896
0,0,0.0004866187
0,0,0.48339918
0,1,0.67068183
0,0,0.24769446
0,0,0.0043960223
0,0,5.9880845e-06
0,0,0.08225522
0,0,0.42078787
0,0,0.00072567275
0,0,0.05333568
0,0,0.02180744
0,1,0.8504342
0,0,0.11149852
0,1,0.5961021
1,1,0.98775685
0,0,0.33158547
0,0,0.0033102462
0,1,0.51316804
0,0,0.061302107
0,0,0.002214209
0,0,0.087278515
0,0,0.00039869756
0,1,0.67269427
0,0,0.15617098
0,0,0.073762685
0,0,0.39994195
0,0,0.14342196
0,0,0.14920312
0,0,0.009896284
0,1,0.6815019
0,0,0.028237626
0,0,0.15166982
0,0,0.0005500121
0,0,0.2814556
0,0,0.045081142
0,0,0.11609423
0,0,0.46005607
0,0,0.46497455
0,0,0.029990371
0,0,5.49799e-05
0,0,0.14253253
0,0,0.042050842
0,0,0.025948238
0,0,0.029871322
0,0,0.022326622
0,0,0.15646039
0,0,0.00017936064
0,1,0.6607283
0,0,0.001399481
0,0,0.11696557
1,1,0.7267449
0,0,2.036767e-05
0,0,0.040765293
0,0,0.18530841
0,0,0.079603866
0,0,0.015070463
0,0,0.05584804
0,1,0.7934515
0,1,0.7095659
0,0,0.41915727
0,0,0.0803501
0,0,0.0689518
1,0,0.090931736
0,0,0.035562094
0,1,0.5192289
0,0,0.13614342
0,1,0.6690114
0,0,0.043742362
1,0,0.39632833
0,0,0.40886915
0,0,0.08964323
0,0,0.22196749
0,0,0.41016728
0,0,0.0021134869
1,0,0.09455872
0,0,0.10701816
0,0,0.44386435
0,1,0.6630508
0,1,0.5105376
1,1,0.97332585
0,0,0.41974026
0,0,0.16666454
0,0,0.06149404
0,1,0.76902896
0,0,0.035875015
0,0,0.09394528
0,0,0.4604317
0,0,0.44375294
0,0,0.2718949
0,1,0.6156603
0,0,0.17717311
0,0,0.19065559
0,0,0.20931977
0,0,0.4696525
0,0,0.10984869
0,0,0.2467561
0,0,0.43037775
0,0,5.9880845e-06
1,1,0.53565514
0,0,0.44996783
0,0,0.086535655
0,0,0.01359201
0,0,0.36132145
0,0,0.010121694
0,0,0.19707714
1,1,0.5961223
0,1,0.60076535
0,0,0.09285955
0,0,0.3340869
1,1,0.7952099
0,0,0.4293655
0,0,0.16808835
0,0,0.34318554
1,0,0.48928568
1,1,0.57534105
0,0,0.23487332
1,0,0.3888181
0,0,0.031547196
0,0,0.043016706
0,0,0.24482033
0,1,0.56593764
0,0,0.20058213
0,0,0.0012969008
1,1,0.7329943
0,0,0.16044624
0,0,0.00081976334
0,0,0.27439526
0,0,0.08052505
1,1,0.6973464
0,0,0.09465273
0,0,0.20136091
0,0,0.0011199302
0,0,0.20575552
0,0,0.14570731
0,0,0.29080722
0,0,0.12073254
1,1,0.9254939
0,0,0.002214209
0,0,0.025948238
0,0,7.0424976e-06
0,0,0.40519267
0,0,0.24839938
0,0,0.35461852
0,0,0.38465884
0,0,0.0010118632
0,0,0.38691536
0,0,0.29311585
0,0,0.008427999
0,1,0.8316917
0,0,0.0048309113
0,0,0.007415884
0,0,0.25369507
0,0,0.015837086
0,0,0.08994878
0,0,0.0515697
0,1,0.5952559
0,0,0.048252724
0,0,0.11250284
0,0,0.25793836
0,0,0.1343583
1,0,0.31630296
0,1,0.64101064
0,0,0.0890879
0,0,0.02642647
0,0,0.036010142
0,0,0.13431944
0,0,0.3257634
0,0,0.00020739526
0,0,0.35607037
1,1,0.7321428
0,0,0.05526994
0,1,0.51331955
0,0,0.023528079
0,0,0.09533022
0,0,0.31088254
0,0,0.3771879
0,1,0.66800636
0,0,0.040503595
1,1,0.92223704
0,0,0.21953565
0,0,0.03385395
0,0,0.3344141
0,0,3.551433e-05
0,0,0.18287309
0,1,0.5463592
0,0,0.0023035093
0,0,0.028607039
1,1,0.93250614
0,0,0.25117186
0,0,0.3543258
0,0,0.022326622
0,0,0.044371694
0,0,0.0042484687
0,0,0.08215275
0,1,0.6370655
0,0,0.07187167
0,0,0.057483602
0,0,0.27014044
0,0,0.12848602
0,0,0.3613151
0,0,0.008913726
0,0,0.058237642
1,0,0.09927361
0,0,0.00062206894
0,1,0.63186896
0,0,0.015951164
0,0,0.04879596
0,0,0.4197735
0,0,0.2581244
0,0,0.43725502
0,0,0.31995857
0,0,0.069481865
0,1,0.5931683
0,1,0.52208906
0,0,0.043626353
0,0,0.32065365
0,0,6.668657e-05
0,0,0.0011508014
0,0,0.024564533
0,0,0.1411928
0,0,0.06805052
0,0,0.011468732
0,1,0.6977935
0,1,0.62533045
0,0,0.05960125
0,0,0.022326622
0,0,0.34784195
0,0,0.03459515
0,0,0.016855918
0,0,0.042402435
0,0,0.010651125
1,1,0.54205555
0,0,0.42257372
0,0,0.04410237
0,1,0.7065933
0,0,0.0012969008
0,0,0.19655338
0,0,3.551433e-05
0,0,0.030252075
0,1,0.5994225
0,0,0.027812881
0,0,0.49076575
0,1,0.6693384
0,0,0.24748588
0,0,0.49301112
0,0,0.23007253
0,0,0.02927869
0,0,0.2892174
0,0,0.028341256
0,0,0.0387307
1,0,0.08062074
0,0,0.20802516
0,0,0.15017615
0,0,0.273331
0,0,0.08416504
0,0,0.0031665508
0,0,0.08922692
0,0,0.022096235
0,1,0.94262487
0,0,0.19698225
0,0,0.043951407
0,1,0.6721451
0,0,0.12442529
0,0,0.12596987
1,1,0.7354925
1,0,0.44316822
0,0,0.11080444
0,0,0.024491938
0,1,0.5265643
0,0,0.28616875
0,1,0.6731725
0,0,0.42929307
0,0,0.12411184
0,0,0.022326622
0,0,0.2721102
0,0,0.017986597
1,1,0.8429545
0,0,0.008319861
0,0,0.005000972
0,0,0.19028425
0,0,0.01701252
0,0,5.9880845e-06
0,0,0.0005729268
0,0,0.43331647
0,1,0.60100925
0,1,0.6249805
0,0,0.4391945
0,0,0.37673658
0,0,0.20696288
0,0,0.1451457
0,0,0.05558795
0,1,0.7928261
0,0,0.48450017
0,0,0.18287309
0,0,0.025069742
0,1,0.7830725
0,0,0.3454063
0,0,0.06860337
0,0,0.029067216
0,0,8.2087055e-05
0,0,0.15986593
1,1,0.68472564
0,0,0.025048433
0,0,0.20365936
1,1,0.81809914
0,0,0.49535254
0,0,0.12622187
0,0,0.020431159
0,0,0.057770375
0,0,0.0023385677
0,0,0.23568171
0,0,0.46141887
0,0,0.12499234
0,0,0.2236184
0,0,0.21053866
0,0,0.4048347
1,0,0.13198666
0,0,0.2139067
1,1,0.7742098
0,0,0.16560206
0,0,0.06392173
0,0,0.18808077
0,0,0.012687378
0,0,0.029627215
0,0,0.41575283
1,1,0.82399756
0,0,0.00094669545
0,0,0.20351471
0,0,0.15079626
0,0,0.15214677
0,0,0.009567136
0,0,0.008913726
1,1,0.81163776
0,0,0.24521448
0,1,0.87925446
0,0,0.2844537
0,0,0.27546898
0,0,0.24893382
0,0,0.08546939
0,0,0.43010217
0,0,0.18772061
0,0,0.19024721
0,0,0.068309486
0,1,0.56769747
0,0,0.11890294
0,0,0.11450574
0,0,0.08647872
0,0,0.020379765
0,0,0.047142155
0,1,0.91171336
0,0,0.002833897
0,0,0.014557146
0,0,0.1284639
0,0,0.17781737
0,0,0.00012372826
0,0,0.19975425
0,0,0.0009824632
0,0,0.2468279
0,0,0.019996699
0,0,0.002460329
0,0,0.01513687
0,0,0.42091903
0,1,0.6032287
0,0,0.23369908
0,1,0.798734
0,0,0.11582956
0,0,0.10971267
0,0,0.18219148
0,0,0.006180908
1,1,0.966286
0,1,0.6222256
0,0,8.860692e-05
1,0,0.41872826
0,1,0.54844403
1,1,0.7569491
0,0,0.17514342
0,0,0.0011561926
0,0,0.24832873
0,1,0.55122715
0,0,0.1315752
0,0,0.026315542
0,1,0.5700747
1,0,0.33099785
0,0,0.09078837
0,0,0.16431859
0,1,0.5063943
0,0,0.1727336
0,0,0.32202926
0,0,0.009896284
0,0,0.2881677
1,1,0.79938424
0,1,0.63497216
0,0,0.1044426
0,0,0.2219022
0,1,0.7591781
0,0,0.108340114
0,0,0.29799044
0,0,0.2998974
0,0,0.42786342
0,1,0.6842522
0,0,0.0041488414
0,0,0.025948238
0,0,0.077392146
0,1,0.686332
0,0,0.06423866
0,1,0.8650466
0,1,0.74001825
0,0,0.073045224
0,0,0.13049355
0,0,0.0046155467
0,0,0.024121184
0,0,0.42575806
1,1,0.89947885
0,0,0.00023454693
0,0,3.551433e-05
0,0,0.21827766
0,0,0.0025689332
0,0,0.19002904
0,0,0.3517948
0,0,0.24591693
0,0,0.075781845
0,1,0.71792054
0,0,0.00028799515
0,0,0.03303943
0,0,0.37531927
0,0,0.49516553
0,0,0.11586834
0,0,0.08337475
0,0,0.0737758
0,1,0.7786368
0,0,0.02997957
0,0,3.551433e-05
0,0,0.21303025
0,0,0.10214914
0,0,0.28293502
0,0,0.006089597
1,1,0.9284261
0,1,0.60994846
0,0,0.42352495
0,0,0.054386575
1,0,0.29547742
0,0,0.0009232501
0,0,0.20146371
0,0,0.10508832
0,0,0.09454
0,0,0.27822807
0,0,0.0018751473
0,0,0.045279942
0,0,0.15134615
0,0,0.029261349
0,0,0.013184699
0,1,0.6382733
0,0,0.0071398984
0,0,0.10768052
0,0,0.053239316
0,0,0.091946706
0,1,0.7533868
0,0,0.36726955
0,0,0.2503314
0,0,0.32790506
0,0,0.28700674
0,0,0.0021133188
0,1,0.6446101
0,0,0.004676777
0,0,0.014093888
0,0,0.004784157
0,0,0.013097385
0,0,0.27369043
0,0,0.06904231
1,1,0.94111353
0,0,0.10195992
0,0,0.17151558
0,0,0.054903843
0,0,0.042987015
0,0,0.04279441
0,0,0.06645926
0,0,0.00032497325
0,0,0.011473755
0,0,1.7888606e-05
0,0,0.20783171
0,0,0.00024909902
0,1,0.90612215
0,0,0.067435354
1,1,0.8477032
0,1,0.5052365
0,0,0.38784996
0,0,0.004563672
0,0,0.38082093
0,0,0.24116577
0,0,0.20184794
0,0,0.002833897
0,0,0.2595241
0,0,0.0037845368
0,0,0.0026175154
0,1,0.9041887
0,0,0.44294092
0,0,0.30207297
0,0,0.07308496
0,0,0.040085305
0,0,0.25699118
0,0,0.10033112
0,0,0.03937948
0,0,0.41723517
0,0,0.04349848
0,0,0.0007479032
0,0,0.056820355
0,0,0.0052870736
0,0,0.0069606965
0,0,0.025948238
1,0,0.38146842
0,1,0.8643781
0,0,0.0042630434
0,0,0.22899148
0,0,0.035194553
1,0,0.49441007
0,0,0.4388803
0,0,0.00023454693
0,0,0.0026798116
0,0,0.024119442
0,0,4.718085e-05
0,0,0.26283497
0,0,0.004450758
0,0,0.023645988
0,0,9.578979e-05
0,1,0.5848145
0,0,0.04502125
0,0,0.21068163
0,0,0.057584736
0,0,0.04307124
0,0,0.005214226
0,0,0.15042405
0,0,0.0060000797
0,0,0.43714592
0,0,0.037750266
0,1,0.5154119
1,1,0.73050344
0,0,0.30975816
1,0,0.17493111
0,0,0.15563218
0,0,0.20271927
0,0,0.03875034
0,0,2.6174616e-06
0,1,0.6342035
0,0,0.28892282
0,0,0.09277313
0,0,0.32582328
0,0,0.34722802
0,0,0.16450065
0,1,0.7407518
0,0,0.013427024
0,0,0.39667574
0,0,0.043903645
0,0,0.4116419
0,0,0.09973013
0,0,0.008754392
0,0,0.3380227
0,0,1.7888606e-05
1,0,0.10389308
0,0,0.12771161
0,1,0.9288379
0,0,0.0058837063
0,0,0.10890116
0,0,9.024114e-05
0,0,0.196986
0,0,0.015849654
0,0,0.1956941
0,0,0.1548683
0,0,0.14651908
1,1,0.7078942
0,0,0.09452191
0,0,0.09271002
0,0,0.04450341
0,0,0.019223154
0,0,0.19272673
0,0,0.46743378
0,1,0.50243896
0,0,0.35639963
0,0,0.080490805
0,0,0.00013280073
0,0,0.0010221004
0,0,0.48106512
1,1,0.5270436
0,1,0.5277493
0,0,0.00040063495
0,1,0.7563613
0,1,0.53853744
0,0,0.2564082
0,0,0.02499978
0,0,0.007415884
1,0,0.47078055
0,0,0.41096017
0,0,0.16369054
0,0,0.07273795
0,0,0.058272306
0,0,0.18402484
0,0,0.13603781
0,0,0.0020599342
0,0,0.0106562255
0,1,0.64130217
0,0,3.551433e-05
0,0,0.2688635
0,0,0.011409192
0,0,0.002833897
0,0,0.05148095
0,0,0.14105655
0,0,0.41302162
0,0,0.113980494
1,1,0.8428423
0,1,0.52616525
0,0,0.03901938
0,0,0.18414712
0,0,0.28354537
0,0,0.28467715
0,0,0.04686182
0,0,0.022741023
0,0,0.0020790454
0,0,0.13694397
0,1,0.50682455
0,0,0.19510911
1,0,0.071409695
0,0,0.010252042
0,0,0.031547196
0,0,0.04419469
0,0,0.24430744
0,1,0.97271687
0,0,0.0014436843
0,0,0.3136162
0,0,0.39191312
0,0,0.03885135
1,1,0.97243065
0,0,0.029013596
0,0,1.3664651e-05
0,1,0.9525693
0,0,0.021374034
0,0,0.34158424
1,1,0.8921615
0,1,0.78101945
0,0,0.070402324
0,0,0.023735361
0,0,0.17571111
0,0,0.21525143
0,0,1.6639628e-06
0,0,0.030593622
0,0,0.0021134869
0,0,0.02468383
0,0,0.16471404
0,0,0.0012169401
0,0,0.00021422758
0,0,0.21012457
0,0,0.026876263
0,0,0.16137092
0,0,0.034720145
0,0,0.34404096
0,0,0.050683495
0,0,0.013741746
0,0,0.25660557
0,1,0.5674364
0,0,0.020094099
0,0,0.31655416
0,0,0.29154775
0,0,0.49647462
0,0,0.07627783
0,0,0.06032338
0,0,0.034152143
0,0,0.19133388
1,1,0.7098672
0,0,0.07125544
0,0,0.16237517
0,0,0.00017956975
1,1,0.5889107
0,0,1.3664651e-05
0,0,0.006209361
0,0,0.44328237
0,0,0.0010815612
0,0,0.4448289
0,0,0.1745017
1,1,0.6938651
0,0,0.006927712
0,0,3.551433e-05
0,0,0.03065719
0,0,0.057483602
0,0,0.010512075
0,0,0.00077649165
0,0,0.23571467
0,0,0.24922049
0,0,0.030157125
0,0,0.0019612936
0,1,0.579612
0,0,0.28532627
0,0,0.11747624
0,1,0.69311386
0,0,0.1420719
1,1,0.656543
0,0,0.05725485
0,0,0.024546938
0,0,0.007349604
0,0,0.42579284
0,0,0.48097378
0,1,0.5333017
0,0,0.10409958
0,0,0.32728115
0,0,0.22499338
0,0,0.33969194
0,1,0.5052439
0,1,0.70524067
0,0,0.027413964
0,0,0.12848559
0,1,0.5327071
0,0,0.06519932
0,0,0.109669775
0,0,0.0062647234
0,1,0.73408127
0,0,0.0052958378
0,0,0.079678416
0,0,0.10371522
0,0,0.10389308
0,0,0.47064045
0,0,0.005416735
0,0,0.0016233141
0,0,0.001209989
1,0,0.36403865
0,0,0.039189126
0,0,2.7717953e-05
0,0,0.09907688
0,0,0.02286744
1,1,0.52130395
0,1,0.63260996
0,0,0.23324843
0,0,0.066748895
0,0,0.02729946
0,0,0.19978331
1,1,0.74920535
0,0,0.057693753
0,0,0.27006373
0,0,0.04912025
0,0,0.001399481
0,0,0.101875104
0,0,0.019438583
1,1,0.8098693
0,0,0.32021016
0,0,0.014098295
0,0,0.0289567
0,0,0.18279184
0,0,0.037232514
0,0,0.021672107
0,0,0.006064408
0,0,0.0111740995
0,0,0.39441597
0,0,0.13220885
0,0,0.035479795
0,0,0.1830952
0,0,0.29146424
0,0,0.04273668
0,0,0.30366397
0,0,0.41538218
0,1,0.5690745
0,0,0.0015734357
0,0,0.21484174
0,0,0.49225459
0,0,0.008706366
0,0,0.03043176
0,0,0.0026175154
0,0,0.01513687
0,0,0.009482439
0,0,0.0021137774
0,0,0.00027818396
0,0,0.077650465
0,0,0.2325881
0,1,0.8735275
0,0,0.10531577
0,0,3.551433e-05
0,0,0.19570264
0,1,0.7514259
0,0,0.012498489
0,0,0.013988971
0,0,0.010227993
0,0,0.37996075
0,0,0.4038578
0,0,0.0004010442
0,1,0.5965133
0,0,0.20284963
0,0,2.1657976e-05
0,0,0.11704383
0,1,0.53785205
0,0,0.011953335
0,0,9.230636e-05
1,0,0.355098
0,0,0.0009604695
0,0,0.3661495
0,0,0.121967226
1,1,0.7650276
0,0,0.017981663
1,0,8.745862e-06
0,0,0.3372758
0,0,0.024612533
0,0,0.011932899
0,0,0.342368
0,0,0.018153204
0,0,0.0010393289
0,0,0.09633857
0,0,0.022326622
0,0,0.022015918
0,0,4.2072647e-06
0,0,0.054626793
0,0,0.071469404
0,0,0.00053629786
0,0,0.0011518785
0,0,0.023777269
0,0,0.01804153
0,0,0.23704192
0,1,0.76971126
0,0,0.0034102823
1,0,0.23413658
0,0,0.32397172
0,0,0.052398268
0,0,0.013246946
0,0,0.07725529
0,0,0.0026175154
0,0,0.032093428
0,0,2.036767e-05
0,0,0.008120606
0,0,0.043799073
0,0,0.0021134869
0,0,0.17813906
0,0,5.49799e-05
0,0,0.1384302
0,1,0.5392342
0,0,0.015704807
0,0,0.080902845
0,0,0.098902486
0,1,0.6999326
0,1,0.5398671
0,0,0.015509413
0,0,0.0052319425
0,0,0.37426713
0,0,0.018349674
0,0,0.01513687
0,0,0.40457678
0,0,0.011488172
0,1,0.5283028
0,0,0.07523906
0,0,0.05285028
0,0,0.0703943
0,1,0.9322877
0,0,0.41295356
0,0,0.0902026
0,1,0.7397364
0,0,0.08907286
1,0,0.26040176
0,0,0.032615192
0,0,0.1815017
0,0,0.36607844
0,0,0.024119442
0,0,0.098338135
0,0,0.02662169
0,0,3.3816465e-05
0,0,0.020124057
0,0,0.46955523
0,0,0.00069067377
0,0,0.0034102823
0,0,0.0014349526
0,0,0.05131711
0,0,0.0013669077
0,1,0.50126415
0,0,0.16513053
0,0,0.23393051
0,0,0.4157834
0,0,0.017720945
0,0,6.2796476e-06
0,0,0.22063658
0,0,0.0010118632
0,0,0.05204429
0,0,0.021957468
0,0,0.030242663
0,0,0.062647626
0,0,0.13866143
0,0,0.15706508
0,0,0.05490003
1,0,0.09274811
0,0,0.26368442
0,1,0.67456704
0,0,0.06758513
0,0,0.06708606
0,0,0.28819996
0,0,0.034385454
0,0,0.20050113
0,0,0.28796333
0,0,0.1610824
0,0,0.17718384
0,0,0.0060954127
0,0,0.39581534
0,1,0.7541942
0,0,7.0424976e-06
0,0,0.35324264
0,0,0.05468825
0,1,0.5048624
0,0,0.26123616
0,0,0.14912105
0,1,0.8254636
0,0,0.00037503347
0,0,0.09814376
0,1,0.6183191
1,0,0.20662296
1,0,0.33157918
0,0,0.02639459
0,0,0.3815252
0,0,0.44238785
0,0,0.3539282
0,0,0.3258533
0,0,0.0044443207
0,1,0.585623
0,0,0.20586471
0,0,0.032867484
0,0,0.3717925
0,1,0.78360087
0,0,0.108363375
0,0,0.40712884
0,1,0.6076922
0,0,0.39144543
0,0,0.08576157
0,0,0.07542286
0,0,2.036767e-05
0,0,0.01583019
0,1,0.5152845
0,0,0.09047618
0,1,0.5708116
0,0,0.23424219
0,0,0.29590884
1,1,0.74541247
0,0,0.007081577
0,0,0.07013042
0,1,0.689614
0,0,0.09851445
0,0,0.00020900501
0,0,0.27761528
0,0,0.0853194
0,0,0.0008320315
0,0,0.0054072924
0,0,0.1855672
0,0,0.29581976
0,0,0.101034865
0,0,0.011600127
0,0,0.3837904
0,0,0.27910072
0,0,0.1408344
0,0,5.446899e-06
0,0,0.10498672
0,0,0.16128664
0,0,0.4160613
0,0,0.45854902
0,0,0.06943406
0,0,0.045136772
0,0,0.010651125
0,0,0.0019213432
0,0,0.012389017
0,0,0.34989274
0,0,0.05013201
0,0,0.11084866
0,0,0.05490003
1,1,0.6083384
0,0,0.029565088
0,0,0.016694415
0,0,0.14710107
0,0,0.30463606
0,1,0.7586093
0,1,0.633361
0,1,0.5097289
1,1,0.5549554
0,0,0.010106393
0,0,0.2251591
0,1,0.791196
0,0,0.014236974
0,0,0.4944786
0,0,0.34689194
0,0,0.04007843
1,0,0.25530675
0,1,0.8010307
0,0,0.2590314
0,0,0.30847293
0,0,0.3554348
1,0,0.3503517
0,0,0.04231942
0,0,0.09086104
1,1,0.5521332
0,0,0.00026101008
0,0,0.014356484
1,0,0.3766766
0,0,0.46053448
0,0,0.10188631
1,1,0.8346419
0,0,0.11360082
0,0,0.066679336
0,1,0.6973053
0,0,3.3816465e-05
0,0,0.085846305
0,0,0.079498455
0,0,0.0006336585
1,1,0.64091474
0,0,0.4630439
0,0,0.41630957
0,1,0.7388019
0,0,0.14854626
0,1,0.53447837
0,0,0.0033918635
0,0,0.0053383717
0,0,0.035696127
0,0,0.024807664
0,0,0.114040084
0,1,0.7734183
0,0,0.03778308
0,1,0.7531151
0,0,0.03783558
0,0,0.06742622
0,0,0.23102224
0,0,0.017699618
0,0,0.37731108
1,0,0.055493843
0,0,0.15112121
0,0,0.1079985
0,0,0.4114304
0,0,0.282544
0,0,0.39739996
0,0,0.024121184
1,1,0.80555093
0,0,0.069323875
0,0,2.036767e-05
0,1,0.7699856
0,1,0.9322449
0,0,0.30089527
0,0,0.3383324
0,0,0.01910887
0,0,0.19453172
0,1,0.6385935
0,0,0.019866569
1,1,0.77228796
0,0,0.21658318
0,1,0.8046844
1,0,0.20575745
0,0,0.49244282
0,0,0.18807025
0,0,0.31799385
0,1,0.5257535
0,0,0.00040686797
0,1,0.68703604
0,1,0.94796795
0,0,0.40471312
1,1,0.8419905
0,0,0.025034696
0,1,0.68496525
0,0,0.07359081
0,0,0.0007795247
0,0,0.027053114
0,0,0.4718972
0,0,0.00013074411
0,0,0.023640363
0,0,0.04570894
0,0,0.0003832414
0,0,0.4794538
0,0,0.008158798
0,0,0.135658
0,0,0.027958767
0,1,0.7321741
0,0,0.13894482
0,0,0.020581365
0,0,0.3489955
0,0,0.008793495
0,1,0.50367296
0,0,0.003272068
0,0,0.028949387
0,0,0.34689194
0,0,0.1293989
0,0,0.007529147
0,0,0.07226651
0,0,0.07077594
0,1,0.6374034
1,1,0.85404205
0,0,0.00046201504
0,0,0.24275456
0,0,0.09495028
0,0,0.12797567
0,0,0.012832602
0,1,0.53449804
0,0,0.3923032
0,0,0.04235097
0,0,0.057483602
0,1,0.783365
0,1,0.53563434
0,1,0.9559642
0,0,0.038979437
0,1,0.6122017
1,1,0.87332773
0,0,0.038430255
0,0,0.07926769
0,0,0.12602831
0,1,0.5980868
0,0,0.33376053
0,0,0.49618143
0,0,0.005000972
0,0,0.040765293
0,0,0.009659263
0,1,0.5654599
0,0,0.39024368
0,0,1.64395e-05
0,0,0.06309703
0,0,0.11725434
1,0,0.4924371
0,0,3.1536238e-05
0,0,0.0032824837
0,0,0.11507232
0,0,0.08308848
0,0,0.21866426
0,0,0.08812705
0,0,0.058427237
0,0,2.036767e-05
0,0,0.0003025765
0,0,0.4458236
0,0,0.34870154
0,0,0.15363738
0,0,0.03008354
0,0,0.46426934
0,0,2.8094306e-05
0,0,0.30066994
0,1,0.5247503
0,0,5.49799e-05
0,0,6.2796476e-06
0,0,0.017886795
0,0,0.011419356
0,0,0.032781113
1,1,0.72103363
0,0,0.081764534
1,0,0.4894521
1,1,0.57070696
0,0,0.11687369
0,0,0.034646347
0,0,0.0017882115
1,0,0.27311882
0,0,0.1442228
0,0,5.9880845e-06
0,1,0.6055897
1,0,0.37919664
0,0,0.04581876
0,1,0.7828806
1,1,0.8323801
0,0,0.07996942
0,0,0.45426986
0,0,0.02011639
0,0,0.12786877
0,1,0.5008527
0,0,0.011684526
0,0,0.14326802
0,0,0.030580629
0,0,0.18577616
0,0,0.056319207
0,0,0.00026101008
0,0,0.123420894
0,0,0.057483602
0,0,0.15950695
0,0,0.020843653
0,0,0.39469576
0,0,0.043401085
1,1,0.7522047
0,0,0.05230578
0,0,0.13078009
0,0,0.012692096
0,0,0.06569055
0,0,0.02682111
0,0,0.057778332
1,1,0.6246726
0,0,0.0075196754
0,0,0.24035372
0,0,0.009888325
0,0,0.04691097
0,0,0.001710703
0,0,0.00014356071
0,0,0.0019325782
0,0,0.04912025
0,0,0.022316279
0,0,0.0049146153
0,0,0.0038421843
0,0,0.17480502
0,0,0.17098694
0,0,0.0113134505
0,0,0.012583948
0,1,0.75395435
1,1,0.5961021
0,0,0.03901938
0,1,0.8876516
0,0,0.045764633
0,0,0.3878211
0,0,0.3227199
0,0,0.0023187855
1,0,0.40798208
0,0,0.2005804
0,1,0.65489376
0,1,0.90905106
0,0,0.022326622
0,0,0.39851612
1,1,0.9206131
0,0,0.04871597
1,1,0.80686426
0,0,0.0156065365
0,0,0.006844432
1,1,0.6153247
0,0,0.20237134
0,0,0.12945612
0,0,0.078494236
0,0,0.12031756
1,0,0.28562582
0,0,0.40673584
1,0,0.07101339
0,0,0.00069629896
0,0,0.13108005
0,0,0.06430219
0,0,0.01187213
0,1,0.64637876
0,0,0.04272248
0,1,0.6143258
0,0,0.0047251456
0,0,0.37138137
0,0,0.035124138
0,0,0.021175064
0,1,0.57315356
0,0,5.9880845e-06
0,0,0.060020547
0,0,0.03779719
0,0,1.8666697e-06
0,0,0.018135726
0,0,0.16032174
0,0,0.008767005
0,1,0.6986076
0,0,0.33340788
0,0,0.00093248626
0,0,0.0031521523
0,0,0.14670749
0,0,0.056631815
1,0,0.19374478
0,0,0.014780413
0,0,0.0023968609
0,0,0.0010118632
1,1,0.6920525
0,0,3.0703777e-05
1,1,0.5642422
0,0,0.010252196
0,1,0.82235235
0,0,0.0004888328
1,1,0.68661433
0,0,0.010044561
0,1,0.7160706
0,1,0.7928468
0,0,0.09632631
0,0,0.024498591
0,0,0.086867325
0,1,0.83039564
0,0,0.09785166
0,0,0.06521785
1,1,0.78169364
0,0,0.07459054
0,0,0.053522605
0,0,0.0024729432
0,0,0.069647305
0,1,0.8615535
0,0,0.002482945
0,0,0.12213223
0,0,0.2236564
0,0,0.21011059
0,0,0.24950074
0,1,0.9174084
0,0,0.35941303
0,0,0.031025313
0,0,0.046072982
0,0,0.44632772
0,0,0.29519883
0,1,0.6452604
1,1,0.6437492
0,1,0.840882
0,0,0.09575085
0,0,0.009298989
0,0,0.1804292
0,0,0.18307737
0,0,0.06811808
0,0,0.14705671
0,0,0.21917872
0,1,0.571902
0,1,0.7021289
0,0,0.0015413661
0,0,0.0018410805
0,0,0.0010000212
0,1,0.85178787
0,0,0.21463917
0,0,0.01484741
0,0,0.26354107
0,0,0.042376276
0,0,0.22383718
0,0,0.2775569
0,0,0.2622388
0,0,0.10401354
0,0,0.010822674
0,0,0.00023454693
0,0,0.04448878
0,0,0.053282034
0,0,0.03901938
0,0,0.0010118632
0,0,0.046633385
0,0,0.0007766145
0,0,1.8666697e-06
0,0,0.1093798
0,0,0.005200556
0,1,0.7183747
1,1,0.52845085
0,0,0.2989315
0,0,0.00572436
0,0,0.04308905
0,1,0.64141315
1,1,0.9013301
0,0,0.31172395
0,0,0.18299173
0,1,0.6534375
0,0,0.26539016
0,0,0.27850506
0,0,0.23180625
1,0,0.41542083
0,1,0.6830254
0,0,0.040872693
1,1,0.6038457
0,0,0.11880396
1,1,0.87595946
0,0,0.13168354
0,0,1.7888606e-05
0,0,0.49774855
0,0,0.39075947
0,0,0.0016260792
0,0,0.09052634
1,1,0.7448327
0,0,0.060300346
0,0,0.046296638
0,0,0.019392842
1,1,0.71339273
0,0,0.17654072
0,0,0.007415884
0,0,0.15247823
0,0,0.1505052
0,0,0.41541937
0,0,0.016709553
1,1,0.93579984
0,1,0.50423837
0,0,0.007979437
0,0,0.049650252
0,0,0.014888191
0,0,0.022326622
0,0,0.124187924
0,0,0.0020001326
0,0,0.116960324
0,1,0.73414147
0,0,0.40952817
0,0,0.022326622
0,0,0.019996904
0,1,0.7691668
0,0,0.0039096223
0,0,0.022859732
0,0,0.1526503
0,0,0.08760202
0,0,0.053020954
0,1,0.5457959
1,0,0.49020725
1,0,0.3074327
0,0,0.06524828
0,0,0.26718777
0,0,0.004368303
0,1,0.87058896
0,1,0.6645736
0,1,0.5152845
1,1,0.9267896
0,0,3.0400648e-05
0,1,0.59094274
0,1,0.55857486
0,0,0.42271608
0,0,0.001995342
0,0,0.11184742
0,0,0.02933885
0,0,0.0037214698
0,0,0.06673856
0,0,0.007540793
0,0,0.1343583
0,0,0.17791875
0,0,0.09982706
0,0,0.0045105247
0,0,0.25983155
0,1,0.5534166
0,0,0.47992125
0,0,0.2516016
0,0,0.14367278
0,0,0.017631905
0,0,0.07456935
0,1,0.89256626
0,1,0.74044853
1,0,0.39480847
0,1,0.5669067
0,0,0.35757765
0,1,0.94118196
0,1,0.60145706
0,0,0.15989195
1,1,0.94248843
0,0,0.46396568
0,0,0.008884819
0,1,0.57018054
0,0,0.33222604
0,0,0.13429421
0,0,0.00032364903
0,0,0.009888325
0,0,0.41159472
0,0,0.24040198
0,0,0.26621383
0,0,0.09444491
0,0,0.2180719
0,0,0.022727214
0,0,0.036403827
0,0,0.34261945
1,1,0.7707119
0,0,0.00023454693
0,0,0.38929355
0,1,0.5570628
0,1,0.5780769
0,1,0.545701
0,0,0.02323171
0,0,0.09601717
0,0,0.41998437
0,0,0.06762459
0,0,0.034375925
0,0,0.28962862
0,0,0.002833897
1,0,0.17838077
0,1,0.72120875
0,0,0.07319116
0,0,0.2106392
0,0,0.09088879
0,0,0.39176562
0,0,0.033280246
0,0,0.016359422
1,1,0.7718047
0,1,0.5574759
0,0,0.05851157
0,0,0.17220342
0,0,0.0016233141
0,1,0.8167957
0,0,0.0014349526
0,0,0.29360428
0,0,2.036767e-05
1,1,0.50836307
1,1,0.6798333
0,0,0.02933885
0,0,0.052675113
0,0,0.018808061
0,0,0.4078491
0,0,0.19594942
0,0,2.036767e-05
1,1,0.72120875
0,0,0.20353572
0,1,0.6514606
0,0,0.056319207
0,0,0.0005254115
0,0,0.013295483
1,1,0.5418077
1,0,0.32443354
0,1,0.7274652
1,1,0.66756356
0,0,0.18264513
0,1,0.9049503
0,0,0.04307124
0,0,0.22575581
0,0,0.011863384
0,0,0.24332963
0,0,0.19514123
0,1,0.5210603
0,1,0.92683405
0,0,0.0014027434
0,1,0.8925425
0,0,0.24703142
0,0,0.12575169
0,0,0.018808061
0,0,0.26580277
0,1,0.60060257
0,0,8.911169e-05
0,1,0.5327904
0,0,0.055028964
0,0,0.123844676
0,0,0.2578023
0,0,0.1719056
0,0,0.4733732
0,0,0.28413838
0,0,0.25809672
0,0,0.00045483786
0,0,7.135508e-06
0,0,5.9880845e-06
0,1,0.6852599
0,0,0.14829323
0,0,0.047956765
0,0,0.0051339823
0,0,0.09285333
0,1,0.55362254
0,0,0.43893376
0,0,0.16864844
0,0,0.041070424
0,0,0.009814575
0,0,0.0017619015
1,1,0.9270663
0,0,0.03787059
0,0,0.022326622
0,1,0.55575275
0,1,0.6375677
0,0,0.056375496
0,0,0.00074748317
0,0,0.23810196
0,0,0.002833897
0,0,0.0012099405
0,0,0.10087579
0,0,0.09827779
0,0,0.0068381503
0,0,0.026650928
0,0,0.47320408
0,0,0.019866569
0,0,0.022326622
0,0,0.26450902
0,1,0.74016386
0,0,0.07846427
0,0,0.030439768
0,0,0.15811147
0,1,0.8600796
0,0,0.009175365
0,0,0.0015855416
1,1,0.5059457
0,1,0.6904936
0,0,0.072562896
0,1,0.8695399
0,0,0.0019830586
0,0,0.040967334
0,0,0.049650252
0,0,0.176823
0,0,0.018808061
0,0,0.04774003
0,0,0.022326622
0,0,0.0951847
0,1,0.6935002
0,1,0.78515804
0,0,0.01868359
0,0,0.28507197
0,0,0.011856701
1,1,0.6727635
0,0,0.18093553
0,0,0.05306302
0,0,0.34740096
0,1,0.7149126
0,0,0.056276128
0,0,0.001399481
0,0,0.022326622
1,0,0.24549358
0,1,0.81116825
0,1,0.7779481
0,0,0.05976563
0,0,0.17663321
0,0,0.041301318
0,0,0.007251201
0,0,0.20171617
0,1,0.6641633
0,0,0.052407183
0,0,0.30517486
0,0,0.18252148
1,0,0.31901404
0,0,0.02011639
0,0,0.098116174
0,0,0.0123685375
0,0,0.165105
0,0,0.49818864
0,1,0.6480631
0,1,0.5673506
0,0,0.27837488
1,1,0.5015904
1,1,0.62355036
0,0,5.49799e-05
0,0,0.040023994
0,0,0.017502734
0,0,0.07831631
0,0,0.025948238
0,1,0.570823
1,1,0.5052
0,1,0.5353929
1,0,0.3368924
1,0,0.2503337
0,0,0.018714454
0,0,0.49499458
1,1,0.72392803
0,1,0.5655325
0,0,0.04333661
0,0,0.0066465824
0,0,0.084934466
0,0,0.47584033
0,0,0.33944866
0,0,0.027724987
0,0,0.28284216
0,0,0.36755997
0,0,0.15841255
0,0,0.17414054
0,0,0.00565744
0,0,0.031066429
0,0,0.013611685
0,0,0.26051947
0,0,0.0020967748
0,0,0.04477251
0,1,0.5668581
0,0,0.4519468
0,0,0.018529903
0,0,0.0069949497
0,0,0.007379669
0,1,0.903045
0,0,0.49351767
0,0,0.44095406
0,0,0.2551958
0,0,0.0017850888
0,0,0.3799847
0,0,0.010121694
0,0,0.30623496
1,1,0.80170804
0,0,0.49702236
0,0,0.00076598144
0,0,0.0043382132
1,0,0.4351427
0,0,0.14769007
0,0,0.10210136
0,0,0.09755676
0,0,0.0034102823
0,0,0.4679177
0,0,0.00093415275
0,0,0.040544126
1,1,0.67692655
0,0,0.023032162
0,0,0.49774855
0,1,0.6508958
0,0,0.21550101
0,0,0.09642026
0,0,0.49937946
0,0,0.060512103
0,0,0.041578837
0,0,0.20400572
0,0,0.35128677
0,0,0.031547196
0,0,2.6174616e-06
0,0,0.11637415
0,0,0.1332334
0,0,0.33604792
0,0,0.02792715
0,0,0.0054488145
0,1,0.71850926
0,0,0.001209989
1,1,0.6143258
0,1,0.5294379
0,0,0.065345354
0,0,0.1495229
0,0,0.34728137
0,0,0.04598745
0,0,0.0049899984
0,0,0.0006974423
0,0,0.46641314
0,0,0.020770524
0,0,0.24924679
0,0,0.24475268
0,0,0.05462658
0,0,0.13374086
0,1,0.57257575
0,0,0.009853033
0,1,0.60339123
0,0,0.3603697
0,0,0.057483602
0,0,0.012376525
0,0,0.48660213
0,0,0.010306004
0,0,0.100840054
0,0,0.022326622
0,0,0.21798138
0,0,0.39516437
0,0,0.08460551
0,0,0.45005333
0,0,0.0090779485
0,0,0.09848555
0,1,0.79974604
0,0,0.35105482
0,0,4.0465213e-05
0,0,0.43255877
0,0,2.1193759e-05
0,0,0.13011089
0,0,0.006180908
0,1,0.67576647
0,0,5.9880845e-06
0,0,0.46211138
0,0,0.009841057
0,0,0.151606
0,0,0.38428843
0,0,0.00014356071
0,0,0.044082303
0,1,0.7158334
0,0,0.009660321
0,0,0.22199619
0,1,0.8619931
0,1,0.7247938
0,0,0.12053925
1,0,0.38752887
0,0,0.03190518
0,0,0.29236326
0,0,0.17385355
0,0,0.0054366295
0,1,0.83558184
0,0,0.07173613
0,0,2.036767e-05
0,0,0.0004194761
1,0,0.19047944
0,0,0.2405041
1,1,0.78501
0,0,0.018886229
0,0,0.0090007065
0,0,0.0035709538
0,0,0.07790903
0,0,0.0004240284
0,0,0.12122221
0,1,0.52864844
0,1,0.50297636
0,0,0.1206579
0,0,0.35155532
0,0,0.0949844
0,0,7.198351e-05
0,0,0.009888325
0,0,0.014049491
0,0,7.0424976e-06
0,0,0.031626694
0,0,0.026388213
0,0,0.22360593
0,0,0.024236552
0,0,0.3502968
0,0,0.25033975
0,0,0.06693541
0,0,0.2677137
0,0,0.12105077
0,0,0.0024176156
0,0,0.4951955
0,0,0.07239909
0,0,0.442312
0,0,0.052600477
0,0,0.38354087
0,0,0.16584294
0,0,0.0010118632
0,0,0.10072321
0,0,0.1509436
0,0,0.25018284
0,0,0.009888325
0,0,0.29210195
0,0,0.037220877
0,0,0.16146477
0,0,0.022326622
0,0,0.0017739697
0,0,5.977165e-05
0,0,0.21074897
0,0,0.0049757
0,0,0.16077994
0,0,0.02783137
0,0,0.0055488856
0,0,1.64395e-05
1,1,0.8857649
0,0,0.04641191
0,0,0.29627812
0,0,2.4835883e-06
0,0,0.0042013163
0,1,0.6976542
0,0,0.07021768
0,0,1.6639628e-06
0,0,0.014037463
0,0,0.2396989
1,1,0.5315197
0,0,0.18664838
0,0,0.029179202
0,0,0.025414491
0,0,0.47057146
0,1,0.5837636
0,0,0.055547602
0,0,0.19476183
0,0,0.017222911
0,0,0.005146777
0,0,0.48386484
0,1,0.8708223
0,0,0.14226387
0,0,8.940131e-06
0,0,0.48615402
0,0,0.018808061
0,0,0.032758746
1,1,0.7547532
0,0,0.22050643
0,1,0.52175295
0,0,0.36127046
0,0,0.49169984
0,1,0.53783643
0,0,0.08221738
0,0,0.032640725
0,0,0.3179803
0,0,0.028096994
0,0,0.0027620133
0,0,8.8557335e-06
0,0,0.0015318869
0,1,0.57070696
0,0,0.0014436843
0,0,0.0012799083
0,0,0.22287567
0,0,0.032861773
0,0,0.00027237058
1,0,0.34543195
0,1,0.5533015
0,0,0.106067136
0,0,0.27487457
0,0,0.0049995584
0,0,0.15528809
0,0,0.11331096
0,1,0.774736
0,0,0.090648405
0,0,0.46419206
1,1,0.5557326
0,0,0.09544987
0,0,0.009503202
1,1,0.5319345
0,0,0.13475716
0,0,0.44652063
0,0,0.07833061
0,0,0.09789828
0,0,0.16944471
0,1,0.60553384
0,1,0.5703351
1,0,0.042376276
0,0,0.18455273
0,0,0.34712794
0,0,0.0022004794
0,0,0.19698225
0,0,0.0038109096
1,0,0.46302274
0,0,0.013207003
0,0,0.0013165133
0,0,0.069305494
0,0,0.04577864
0,1,0.6032686
0,0,0.25960425
0,1,0.70477223
0,1,0.55185854
0,0,0.004758426
0,0,0.025948238
0,0,0.002778127
0,0,0.2596471
0,0,0.23496753
0,0,0.43563992
0,0,0.040085305
0,0,0.2740674
0,0,0.4161953
0,0,0.45144814
0,0,0.28422278
0,0,0.061193146
0,1,0.5560482
0,0,0.47211397
0,1,0.5528791
0,0,0.262318
0,0,0.14408667
0,0,0.4805575
1,1,0.70845896
0,0,0.10598276
0,0,0.0053020483
0,0,0.099149324
0,0,0.29335395
0,0,9.230636e-05
0,0,0.002638666
0,0,0.25040573
0,1,0.84860337
1,0,0.10327423
0,0,0.106527895
0,1,0.5432151
0,0,0.4785918
0,0,0.007415884
0,1,0.51112276
0,0,0.012240319
0,0,0.00050677045
0,0,0.112537675
0,0,0.10337204
1,0,0.014283035
1,0,0.3027754
0,0,0.0043545645
0,0,0.029240483
0,0,0.024369987
0,0,0.041712586
0,0,0.0033060703
1,0,0.09471999
0,0,0.0521311
0,0,0.08070814
0,0,0.42810026
0,0,0.03783736
0,1,0.6080774
0,0,0.07571819
0,1,0.68143046
0,0,0.2242626
0,1,0.5830797
0,1,0.5306531
0,0,0.114219464
0,0,0.004461932
0,0,0.038874596
0,0,0.16090597
0,0,0.31570232
0,0,0.10120546
0,0,0.06855474
0,1,0.6124239
0,0,0.18120855
0,0,0.0075449203
0,0,0.0007999132
0,0,0.04475105
1,1,0.7293162
0,1,0.8052495
0,0,0.03901938
0,0,0.039773647
0,0,0.0015331251
0,0,0.117075585
0,0,0.17192115
1,1,0.57609487
0,0,0.14455774
0,0,0.042523455
0,1,0.7409756
1,0,0.32640833
0,0,0.06499784
1,0,0.4809012
0,0,0.010121694
0,0,0.11512482
0,0,0.12400695
0,1,0.73783433
0,0,0.42117557
0,0,2.036767e-05
0,0,0.34367046
0,1,0.58895373
0,0,0.08929966
0,0,0.026411153
0,0,0.37010142
0,0,0.48552153
0,0,0.022326622
0,0,0.0026175154
0,0,0.39085656
0,0,0.0034102823
0,0,0.29422632
0,0,1.5613889e-05
0,0,0.4337711
0,0,0.29482305
0,1,0.57051694
0,0,0.04686519
0,0,0.057483602
0,0,0.0048005222
1,0,0.49774855
0,1,0.51589274
0,0,0.033064645
1,0,0.15439978
0,0,0.09695975
1,1,0.6836944
0,1,0.91742676
0,0,0.011433334
0,0,0.0026628305
0,0,0.22593002
0,0,5.9880845e-06
0,0,0.13783963
0,0,0.17499389
0,0,0.3372758
0,0,0.11928952
0,1,0.79938424
0,0,0.028149271
0,0,0.23229806
0,0,0.42879543
0,0,0.018619945
0,0,0.39898273
0,0,0.12364183
0,0,0.27463627
0,0,0.103709616
0,0,0.020233426
0,0,5.339022e-05
0,0,0.0012511035
0,0,0.37512735
1,1,0.7364284
0,0,0.006464222
0,0,0.12605101
0,0,0.26700497
0,0,0.00038760173
0,1,0.6149832
0,1,0.55756074
0,1,0.7584516
0,0,0.49396056
0,0,0.0512034
0,0,0.11961539
0,0,0.19044209
0,1,0.81898326
0,0,0.0007024726
0,0,0.06993077
0,0,0.17406106
0,0,0.20430665
1,1,0.7363333
1,1,0.8322455
0,0,1.5305148e-05
0,0,0.0007708465
0,0,0.055714175
1,0,0.30695036
0,1,0.8951088
0,0,0.2663939
0,0,0.00050677045
0,0,0.10611363
0,1,0.6396378
0,0,0.0012538127
1,1,0.8383517
0,1,0.8114555
0,0,0.17122221
1,0,0.024497071
0,0,0.005416735
0,0,0.001602323
0,0,0.008717761
0,1,0.57534105
0,0,0.0064044823
0,0,1.3664651e-05
0,0,0.013426449
1,0,0.007928219
0,1,0.74068546
0,0,0.005416735
0,0,0.3949615
0,1,0.7967193
0,0,0.4229667
0,0,0.18373561
0,0,0.036550924
0,0,0.022326622
0,1,0.7146417
0,0,0.041556753
0,0,0.0006809348
0,0,0.11438992
0,0,0.010252196
0,0,0.0068008774
0,1,0.94568115
0,0,0.0021134869
0,0,0.0017888347
0,0,0.0007193071
0,0,0.02295844
0,1,0.6464235
0,0,0.2561834
0,0,0.26792887
0,0,0.07357826
0,1,0.5678239
0,0,0.2785255
0,0,0.39026648
1,1,0.97982603
0,0,0.0025277475
0,0,0.037306607
0,0,0.02459954
0,0,0.3634266
1,0,0.3680003
0,0,0.17180607
0,1,0.7543928
0,0,0.0032516103
1,1,0.92133117
1,1,0.74471897
0,0,0.15709242
0,0,0.41114214
0,0,0.004506978
0,0,0.3314391
0,0,0.21211764
0,0,0.0058684866
1,0,0.35415864
0,0,0.3186343
0,0,0.16153859
0,0,0.21752599
0,0,0.027084686
0,0,0.13095951
0,0,0.4903022
1,1,0.6842409
0,0,0.3459702
0,0,0.17554691
0,0,0.3086509
0,0,0.021011028
0,0,0.12945612
1,1,0.6913973
0,0,0.025948238
0,0,0.39113513
0,0,5.49799e-05
0,0,0.45469332
0,0,0.17145522
0,1,0.50728154
0,0,0.086058944
0,0,0.07321639
0,0,0.08996033
0,0,0.44362837
0,1,0.62977093
0,0,0.44282773
1,0,0.30381685
0,0,0.49219528
1,1,0.8754497
1,1,0.5369921
1,1,0.8087525
0,0,0.013405665
0,0,0.01960188
0,0,0.03569973
1,1,0.79029214
0,0,0.0036988736
0,0,0.090886034
0,1,0.7117107
0,1,0.6092116
0,1,0.63769895
0,0,0.0060165087
1,1,0.57233864
0,0,0.0151651455
0,1,0.7532952
1,0,0.11048435
0,0,0.015802305
0,0,0.1868929
0,0,0.0038158223
0,0,0.002460329
0,0,0.07250475
0,0,5.49799e-05
0,0,0.2170312
0,0,0.034201086
0,1,0.5695276
0,0,0.25311482
0,0,0.051902935
1,1,0.6102316
0,0,0.13667992
1,0,0.23056039
0,0,0.13743547
0,0,0.12941755
0,0,0.1394925
0,0,0.030034611
0,0,0.11818917
0,0,0.00051636086
0,0,0.031988647
0,0,0.054697506
1,1,0.531374
0,0,0.08280377
0,1,0.50753343
0,1,0.5289642
0,0,0.017690368
1,1,0.8981129
0,0,0.025453951
0,0,0.22362289
0,0,0.007415884
0,0,0.49223882
0,0,0.47483823
0,1,0.8584562
1,0,0.4361377
0,0,0.0002673538
0,1,0.66277665
0,0,0.09614635
0,0,0.0005305654
0,0,0.4464643
1,1,0.85587454
0,0,0.3106393
0,0,4.0465213e-05
0,0,1.7888606e-05
0,0,0.375695
0,0,0.0005086411
0,1,0.682187
0,0,0.055340208
0,0,0.04404897
0,0,0.10709656
0,0,0.17914775
0,0,0.16530722
0,0,0.022274142
0,0,0.03415012
0,0,0.035390995
0,0,0.029239137
0,0,0.38975883
0,0,0.3314391
0,0,0.44087538
0,0,0.45336947
1,0,0.28435764
1,1,0.9444583
0,0,0.051822666
0,1,0.7342015
0,0,0.02018068
0,0,0.33523688
0,0,0.34722802
0,1,0.9221704
0,0,0.1742454
0,0,0.0586656
0,1,0.70350456
0,1,0.6685689
1,1,0.7479204
0,0,0.453884
0,0,0.26343283
0,0,0.49792203
0,0,1.5620873e-05
0,0,2.036767e-05
0,0,0.0047703325
0,0,0.020279502
0,0,0.082453094
0,0,0.034917183
0,1,0.88973504
0,0,0.09599327
0,0,0.47217968
1,0,0.007956276
0,0,0.4819715
0,0,0.015567994
0,1,0.74575406
0,0,0.068834476
0,1,0.6357503
0,0,0.055714175
0,0,0.007932664
0,0,0.0055362512
0,0,0.00023454693
0,0,0.3700109
1,1,0.65374726
0,0,0.40922138
1,1,0.59870356
0,1,0.5970837
0,0,0.15311007
0,0,0.030580629
0,0,0.36788824
0,0,0.03196514
1,1,0.62094545
0,0,0.05167337
0,0,0.340057
0,0,0.0791154
0,1,0.83142716
0,0,0.19916748
0,0,0.0010556872
0,1,0.54350865
0,0,0.06604473
0,0,0.034265645
0,0,0.032954536
0,1,0.5782261
1,1,0.597562
0,0,0.055625893
0,0,0.03905886
0,0,0.3189869
0,0,0.0006868951
0,0,0.34045568
0,1,0.75801843
0,0,0.017389396
0,0,0.0015615306
1,1,0.50448763
0,1,0.7797913
0,0,0.026650928
1,0,0.43593615
0,0,0.23921467
0,0,0.05238559
0,0,0.01923711
0,0,0.05363269
0,0,0.00032340197
0,0,0.00014356071
0,1,0.65639967
0,0,0.005033591
0,0,0.09843417
0,0,0.010550698
0,0,0.24503481
0,1,0.5210378
1,0,0.3521374
0,1,0.7116302
0,0,0.041048393
0,0,0.035589214
0,1,0.54964715
0,0,0.0596296
0,0,0.14876321
0,0,0.034081772
0,0,0.048726004
0,0,0.15503396
0,0,0.03901938
0,0,0.037564244
0,0,0.04460499
0,0,0.024929529
0,0,0.40953234
0,0,0.047922462
1,1,0.94644845
0,0,0.002148895
0,0,0.2788245
0,0,0.21084835
0,0,0.00171098
0,0,0.23646012
0,0,0.32744554
0,0,0.41567618
0,0,0.27601022
0,0,0.030699646
1,0,0.40107328
0,1,0.91329944
1,0,0.2599783
0,0,0.46388507
0,0,0.018144066
1,0,0.43914565
0,0,0.34514776
0,0,0.34998664
0,0,0.052614592
0,0,0.022326622
0,1,0.6427135
0,0,0.22826947
0,0,0.10196883
0,1,0.6379358
0,1,0.7965286
0,0,0.00011497712
0,0,0.012191405
1,1,0.62533045
0,1,0.93499005
0,0,0.36370245
0,0,0.009131874
0,0,0.009970335
1,0,0.45205134
0,0,0.09587158
0,0,7.135508e-06
0,0,0.32835713
0,0,2.036767e-05
0,0,0.27282473
0,1,0.530972
0,0,0.0006003699
0,0,0.0034393228
0,0,0.10001006
0,0,0.120742165
1,0,0.0010118632
1,0,0.30335295
0,0,5.9880845e-06
0,1,0.866942
0,0,0.23181029
0,0,0.040597152
0,0,0.25027695
0,1,0.7553022
0,0,0.020198932
0,0,0.12822682
0,0,0.29745874
0,0,0.2480334
0,0,0.33674824
0,1,0.5939689
0,0,0.15259145
0,0,0.061087944
0,0,0.0909367
1,0,0.48418087
0,0,0.010535005
0,0,0.008803645
0,0,0.09718752
0,0,0.11809134
0,0,0.21255748
0,0,0.29983437
0,0,0.14480107
0,0,0.010106393
0,0,0.26508343
0,0,0.00406261
0,0,0.017601082
0,0,0.0024318716
0,0,0.01513687
0,0,0.36116362
0,0,0.016019741
1,0,0.34415027
0,0,0.4507485
0,0,0.099292174
0,0,0.013225286
0,0,0.0060485946
0,0,0.2782786
0,1,0.7961284
0,0,0.006688982
0,0,0.33588228
0,1,0.6286626
0,0,0.022326622
0,0,0.17717311
1,0,0.41643465
0,1,0.5876681
0,0,0.13744144
0,1,0.66574454
0,0,0.06280316
0,0,0.43906248
0,0,1.5518703e-05
0,1,0.53368783
0,0,0.025351387
0,0,0.4374773
0,0,0.11140896
0,0,0.0016233141
0,0,0.17608696
0,0,0.2177373
0,0,0.007827749
1,1,0.90701383
0,0,0.020042941
0,0,0.03620918
0,0,0.009559084
0,0,0.008717761
0,0,0.285377
0,0,0.049713615
0,0,0.09128228
0,0,0.006089808
0,0,0.10707983
0,0,0.1628327
0,0,7.0424976e-06
0,0,0.039406966
0,0,0.18447575
0,0,0.0038134812
0,0,0.10191583
0,1,0.87493336
0,0,0.007109759
0,0,0.3225311
0,0,0.046936423
0,0,0.077940844
0,0,0.022326622
0,1,0.54419935
0,0,0.013668183
1,1,0.5801242
0,0,0.047270477
0,0,0.021488767
0,0,0.12518983
0,0,0.036342572
0,0,0.024503687
0,0,0.00029465609
0,0,0.0004546645
0,0,0.026367996
0,0,0.3153802
0,0,0.04134433
0,0,1.2721912e-05
1,1,0.62124306
0,1,0.57315356
0,0,0.22249165
0,1,0.72348046
0,0,0.13800694
1,1,0.9011932
0,0,0.07064251
0,0,0.00094669545
0,0,0.056610174
0,0,0.28106102
1,1,0.80186546
0,1,0.5578352
0,0,0.0021944833
1,1,0.76208544
0,0,0.3493693
1,0,0.46566415
0,0,0.13226263
0,1,0.6475514
0,1,0.71456325
0,0,0.22226912
0,0,0.1842266
0,0,0.08996994
0,0,0.046640426
0,0,0.018037708
0,0,0.031003479
0,0,0.36829945
0,0,0.049890526
0,0,0.4396111
1,0,0.29106218
0,0,0.037731994
0,0,0.05247093
1,1,0.73076373
0,1,0.722474
0,0,0.010482001
0,0,0.03329428
0,0,0.069073826
0,0,2.6174616e-06
1,1,0.795388
0,0,0.48331496
0,0,0.044326086
0,1,0.79114276
0,0,0.07142072
0,0,0.034458634
0,0,4.0072253e-05
1,0,0.1288515
0,0,0.47503108
1,1,0.86251056
0,0,3.6702e-06
0,1,0.6363216
0,1,0.513125
0,0,0.029054066
0,0,0.2726316
0,1,0.93506134
0,1,0.7344907
0,0,0.09973013
0,0,0.0033116608
0,0,0.21299398
0,0,0.0068520084
0,0,0.009896284
0,0,0.0040412527
0,0,0.004878926
0,0,0.4980495
0,0,0.055581972
0,0,0.46029654
0,0,0.0009921805
0,0,0.1565888
0,0,0.15256257
0,0,0.00014322886
0,0,0.29861906
0,0,0.09935659
0,0,0.32928443
0,0,0.10704707
0,0,0.15358576
0,0,0.2612332
0,0,0.27284902
0,0,0.1572074
0,0,0.09743356
0,0,0.018926682
0,0,0.122032344
0,0,0.05953447
0,1,0.8829493
0,0,0.29466102
0,0,0.19817202
0,0,0.05490003
0,0,0.0035699678
0,0,0.3111535
0,0,0.30244628
0,0,0.045241818
0,0,0.0008837525
0,0,0.04295751
0,0,0.27838472
0,1,0.54111177
0,0,0.007182238
1,0,0.37515062
0,0,7.0424976e-06
0,0,0.08246069
0,1,0.78592044
0,0,0.07701119
0,0,3.551433e-05
0,1,0.52672243
0,1,0.594911
1,1,0.6750377
0,0,0.0011561926
0,0,0.04166638
0,0,0.13515101
0,0,0.45991704
0,0,1.6639628e-06
0,1,0.6916167
1,1,0.61504173
0,1,0.77330035
0,0,0.0134668695
0,0,0.032060686
0,0,0.002833897
0,0,0.19055127
0,0,0.46413
0,0,0.02049393
0,0,0.031536825
0,0,0.08867666
0,0,0.008977195
0,0,0.32608542
1,1,0.73319036
0,0,0.02256838
1,1,0.64153475
0,0,0.08959155
1,1,0.81625336
0,0,0.251214
0,0,0.040064972
0,0,0.08757668
0,0,0.011886396
0,0,0.023726417
0,0,0.035198405
0,0,2.036767e-05
0,1,0.62685895
0,0,0.108111165
0,0,5.49799e-05
0,0,0.27879187
1,1,0.5064028
0,0,0.00764366
0,0,0.24104996
1,0,0.06080471
1,1,0.85908186
0,0,0.13442375
0,0,0.03904423
0,0,0.20144667
0,1,0.68195105
0,0,0.2896139
0,0,0.12531255
0,0,0.1599079
0,0,0.23069923
0,0,0.4841023
0,0,0.017131552
0,0,0.4100165
1,0,0.33889645
0,0,0.02798844
0,0,0.021175064
0,0,0.024121184
1,0,0.21569711
0,0,0.49472994
1,0,0.40003762
0,0,0.07790903
0,0,0.00024285862
0,0,1.6639628e-06
0,0,0.20789135
0,0,0.27311638
0,0,0.09008703
1,0,0.068945326
0,0,0.010670728
0,0,0.05162066
0,0,0.1125678
0,0,0.22065073
0,0,0.3629771
0,0,5.9880845e-06
0,1,0.6949992
0,1,0.66869515
0,0,0.01918619
1,1,0.7619694
0,0,0.49311465
0,0,0.35025215
0,0,0.020469252
0,1,0.7849917
0,0,0.002889434
0,0,0.06748578
0,0,0.47256365
0,0,0.4287611
0,0,0.013295914
0,0,0.21639208
0,0,0.29187343
0,0,0.24503481
0,0,0.028488023
0,0,0.20458694
0,0,0.09918966
0,0,0.33118686
0,0,0.36386046
1,1,0.8368866
0,0,0.21546537
0,0,0.0043382132
0,0,1.145519e-05
0,1,0.5322759
0,0,0.118517525
0,0,0.00064160227
0,0,0.38923192
0,0,0.049458906
0,0,0.41621912
0,0,0.19518957
0,0,0.40818068
0,0,0.00068071915
0,0,0.010452117
1,0,0.2829667
0,0,0.37152106
0,0,9.798787e-06
0,0,0.053102866
0,1,0.53811544
0,0,0.0010501442
0,0,0.022326622
0,0,0.13680139
0,0,0.2937495
0,1,0.6453829
0,0,0.031536825
0,0,0.0053914622
0,0,0.03433058
0,0,0.05227568
0,0,0.13597186
0,0,0.00360585
0,0,0.033620935
1,1,0.90227365
0,0,0.00774125
0,0,0.27014044
0,0,0.057433624
0,0,0.22757679
0,0,0.05889836
0,0,0.06089702
0,1,0.5268989
0,1,0.8072076
0,0,0.18285693
0,0,0.046072982
0,0,0.3966386
0,1,0.648631
0,0,0.05694104
0,1,0.7740862
0,0,0.014153704
0,0,0.32211345
0,1,0.8382418
0,0,0.11988138
0,0,0.005416643
0,0,0.05561383
0,0,0.07345651
0,0,0.034534637
0,0,0.0149851935
0,0,0.020852394
0,0,0.0021584241
0,1,0.5693375
1,1,0.66462183
0,0,0.3403993
1,1,0.93904793
0,0,0.020175764
0,0,0.065864734
0,0,0.17063789
0,0,0.25223747
1,1,0.82367647
0,0,0.105417766
0,0,0.4806726
1,1,0.5785333
0,0,0.023262518
0,0,0.048979778
0,0,0.28135157
0,0,0.011440665
0,0,0.3113902
0,0,5.9880845e-06
0,0,0.45387936
0,0,0.1097922
0,0,0.070769705
0,1,0.6036382
1,1,0.7165496
0,0,0.03409153
0,0,0.00075737626
0,0,0.39860663
0,0,0.41338667
0,0,0.49785572
1,1,0.50886124
0,1,0.85409635
0,0,0.44161785
0,0,0.02180744
0,0,0.17973392
0,0,0.05092146
0,0,0.013353709
0,0,0.035562094
0,0,0.29774505
0,0,0.40757114
0,0,0.045445193
0,1,0.70615286
1,1,0.7929303
0,0,0.3499741
1,0,0.3224925
0,0,0.31896248
0,0,0.007910453
0,0,0.12296961
0,0,0.017389396
0,0,0.32876882
1,0,0.33120036
1,1,0.6000076
0,0,0.00572436
0,0,0.017363962
