Actual,Predicted,Probability
0,1,0.514487
0,0,0.27884445
0,0,0.27479926
1,1,0.68566793
0,0,0.23663488
0,0,0.22352155
0,0,0.369696
1,1,0.7553079
0,0,0.27191758
0,0,0.27253017
0,0,0.22352155
0,0,0.23663488
0,0,0.27253017
0,1,0.50973296
0,1,0.5167175
1,1,0.6714837
0,0,0.27402416
0,1,0.70561004
0,0,0.22352155
0,1,0.68515724
0,0,0.22352155
0,0,0.4614411
0,1,0.7148688
0,0,0.37753072
0,1,0.653424
0,1,0.6623071
0,0,0.27915356
0,0,0.374651
1,1,0.70715034
0,1,0.61860955
0,1,0.50081056
0,0,0.30727026
0,1,0.66746587
0,0,0.29368457
0,1,0.50708336
0,0,0.23663488
0,0,0.36699393
0,1,0.5913222
0,0,0.27253017
0,0,0.26418066
0,0,0.4621392
0,0,0.3907484
0,0,0.3693636
0,0,0.3827811
0,1,0.6714837
0,0,0.32949528
0,1,0.65660673
0,0,0.3693636
0,1,0.5093154
1,1,0.56728554
0,1,0.57589346
0,1,0.6804456
0,1,0.6764136
0,0,0.3827811
0,1,0.6804456
0,0,0.49942672
0,0,0.29199886
0,1,0.524219
0,1,0.6738546
0,0,0.27402416
0,1,0.6915149
0,1,0.70715034
0,0,0.3110743
0,0,0.23663488
0,0,0.449247
0,1,0.5805488
0,0,0.3799738
0,0,0.2972195
1,1,0.7407198
0,1,0.5184412
0,0,0.27402416
0,0,0.32166192
0,0,0.3252809
0,0,0.29044458
0,1,0.632786
0,1,0.7177878
0,1,0.7177878
0,0,0.29482833
0,1,0.50990427
0,1,0.57589346
0,1,0.6946434
0,0,0.22352155
0,0,0.22352155
0,1,0.7167051
0,0,0.45460963
1,0,0.34788674
0,1,0.50990427
0,1,0.7167051
0,1,0.7553079
0,1,0.6825408
0,1,0.50708336
1,1,0.5093154
0,0,0.27402416
0,0,0.27673075
0,0,0.27253017
0,0,0.23663488
0,1,0.6451371
0,1,0.5167175
0,1,0.71559936
1,1,0.6117166
0,0,0.22352155
1,1,0.7086748
0,0,0.23663488
0,1,0.54905933
0,0,0.3728784
0,0,0.23663488
0,0,0.24673557
0,1,0.7062911
1,1,0.514487
0,1,0.653107
0,0,0.28151074
0,1,0.66746587
0,1,0.5246491
0,1,0.59966695
0,0,0.34514794
0,1,0.5195196
0,1,0.70010626
0,1,0.5121358
0,1,0.57589346
0,0,0.23663488
0,0,0.23663488
0,0,0.38037723
0,0,0.27402416
0,1,0.5094867
0,0,0.22352155
0,0,0.3101964
1,1,0.7002684
0,0,0.374651
0,1,0.5184412
0,1,0.64017934
0,0,0.22352155
0,1,0.70564365
0,0,0.38355657
0,0,0.2791036
0,0,0.37054166
0,1,0.5783442
0,0,0.45188826
0,0,0.34788674
1,1,0.7553079
0,1,0.65248054
1,0,0.27938464
0,1,0.6508567
0,0,0.27612507
0,1,0.67714906
1,1,0.6759232
0,0,0.27402416
0,0,0.2921197
1,1,0.6566141
1,1,0.7407198
0,0,0.22352155
0,0,0.27690387
0,1,0.6029069
0,1,0.70010626
0,0,0.37742835
0,0,0.3907484
0,0,0.2941492
0,0,0.27479926
0,0,0.23663488
0,1,0.7148688
0,1,0.52540183
0,0,0.44994757
1,1,0.5783442
0,1,0.70895296
1,1,0.7177878
0,1,0.6915149
0,1,0.56104434
0,1,0.5581958
0,0,0.37254
1,1,0.5428373
0,0,0.2930631
0,1,0.632786
0,0,0.27402416
0,1,0.71959937
1,1,0.5393229
1,1,0.7553079
0,0,0.22461239
0,0,0.26418066
0,0,0.23663488
0,0,0.3101964
0,1,0.6202088
0,0,0.26584342
0,0,0.40352222
0,1,0.522615
0,0,0.22352155
0,1,0.653424
0,0,0.24869893
0,1,0.54987216
0,1,0.6715822
0,0,0.3659904
0,0,0.27809605
0,0,0.23663488
0,1,0.64017934
0,0,0.4617027
0,0,0.27253017
0,0,0.23719393
0,1,0.56728554
0,0,0.369696
0,0,0.32757616
0,1,0.66746587
1,1,0.7177878
0,1,0.62451947
0,1,0.5093154
0,0,0.3052992
0,1,0.5039632
0,1,0.7524008
0,1,0.6563319
0,1,0.70640695
1,1,0.6821899
0,1,0.6623071
0,0,0.27253017
0,1,0.57589346
0,1,0.6700025
0,1,0.71559936
0,0,0.32607767
0,1,0.7177878
0,0,0.23663488
0,1,0.70564365
0,0,0.27253017
0,0,0.23663488
0,1,0.70977575
0,0,0.22352155
0,1,0.5952556
0,1,0.5581958
1,1,0.7177878
1,1,0.7177878
0,0,0.29058883
0,0,0.3728784
0,1,0.6566141
0,1,0.5393229
0,0,0.3052992
1,1,0.5428373
0,1,0.5553718
0,0,0.22352155
0,0,0.22352155
0,0,0.27253017
1,1,0.6821899
0,1,0.6764136
0,0,0.27673075
0,0,0.29220703
1,1,0.74465495
0,0,0.27402416
0,1,0.508599
0,1,0.7078185
0,0,0.23663488
0,0,0.28923473
1,1,0.56728554
0,0,0.27402416
0,0,0.29442897
0,1,0.5184412
0,1,0.61488
0,0,0.3728784
0,0,0.27253017
0,1,0.5581958
0,1,0.6532314
0,0,0.22352155
0,1,0.7413494
0,1,0.6860525
0,0,0.38896495
0,1,0.70079464
0,0,0.23663488
0,1,0.5195196
0,1,0.5093154
0,0,0.44577476
0,0,0.26584342
0,0,0.24673557
0,0,0.45857
0,1,0.5581958
0,1,0.508599
1,0,0.4617027
0,0,0.34788674
0,0,0.34788674
0,0,0.44577476
0,0,0.22352155
0,1,0.55237377
0,0,0.23663488
1,1,0.68515724
0,1,0.6309326
0,0,0.27479926
0,0,0.36699393
0,0,0.38822806
0,1,0.5195196
0,0,0.38523713
0,1,0.6764136
0,0,0.44321102
0,0,0.24616136
0,0,0.3299918
0,0,0.24616136
1,0,0.3890418
0,1,0.55237377
0,0,0.27402416
0,0,0.44994757
1,1,0.6724418
0,0,0.29368457
0,0,0.45110276
0,0,0.28114653
0,0,0.24673557
0,1,0.6821899
0,0,0.23663488
0,1,0.6117166
0,0,0.28974444
0,0,0.27402416
0,0,0.23663488
1,1,0.5094867
0,0,0.29222676
0,0,0.23663488
0,0,0.34514794
0,0,0.3693636
0,0,0.4617027
0,1,0.6829867
0,0,0.22352155
0,1,0.61702013
0,0,0.27402416
0,1,0.50990427
0,0,0.3827811
1,1,0.64020544
0,0,0.27612507
0,1,0.6372103
0,1,0.5568373
0,0,0.29501593
1,1,0.75431997
0,1,0.5512695
0,0,0.23663488
0,0,0.38523713
0,0,0.23663488
0,0,0.26584342
0,1,0.51622486
1,1,0.7176312
0,0,0.44646883
0,0,0.27402416
0,0,0.23663488
0,0,0.2930631
0,1,0.57589346
0,1,0.5568373
0,1,0.7086748
0,0,0.30727026
0,1,0.7078185
0,1,0.70564365
1,1,0.7466139
1,1,0.67714906
0,0,0.45460963
0,1,0.6806587
1,1,0.6332873
1,1,0.507501
0,1,0.5134132
0,0,0.27253017
0,0,0.3101964
0,0,0.2767697
0,1,0.50990427
0,0,0.2733318
0,1,0.52540183
1,1,0.70715034
0,0,0.37753072
1,1,0.72007704
0,1,0.56104434
0,1,0.50973296
0,0,0.44728908
0,0,0.27673075
0,1,0.6117166
0,1,0.6809742
0,1,0.57589346
0,0,0.23663488
0,0,0.24673557
0,1,0.6158789
0,0,0.29199886
0,0,0.22352155
0,1,0.5119959
0,1,0.5258316
0,1,0.6041236
1,0,0.27612507
0,1,0.54905933
0,1,0.55237377
0,1,0.6318166
0,0,0.23663488
1,1,0.7177878
0,1,0.6482373
0,1,0.675137
0,0,0.3645191
0,0,0.23663488
0,1,0.5765037
0,1,0.5258316
0,1,0.55237377
0,1,0.54905933
1,1,0.66882646
0,0,0.23663488
0,1,0.514487
1,1,0.7177878
0,0,0.27612507
0,1,0.62457997
0,1,0.70640695
0,1,0.6803607
0,0,0.27402416
0,0,0.27938464
1,0,0.29058883
0,1,0.7078185
0,1,0.5195196
0,1,0.5553718
0,1,0.55237377
0,0,0.3134368
0,1,0.5430983
0,0,0.27402416
0,0,0.3728784
1,1,0.70561004
0,0,0.31367224
0,0,0.23663488
1,0,0.38523713
0,1,0.63806
0,1,0.74465495
0,1,0.56104434
0,1,0.64017934
0,0,0.37640238
0,1,0.5257564
0,1,0.5512695
0,0,0.27612507
0,1,0.6720032
1,1,0.7452783
0,1,0.65039515
0,0,0.31367224
0,1,0.551201
0,0,0.38924125
0,0,0.27612507
0,1,0.56104434
0,0,0.4614411
0,0,0.27377596
0,0,0.27938464
0,0,0.23663488
1,1,0.62451947
0,0,0.28045055
0,0,0.45419538
0,1,0.62457997
0,1,0.5512695
0,0,0.27253017
0,1,0.70564365
0,1,0.50973296
0,0,0.2902773
0,1,0.50636685
0,1,0.59249556
0,0,0.27832934
1,1,0.51699495
0,0,0.27479926
1,1,0.56728554
0,0,0.38822806
1,1,0.71559936
0,1,0.7044788
0,0,0.4748112
0,0,0.27402416
1,1,0.72420883
0,0,0.38523713
0,0,0.3101964
0,1,0.5428373
0,0,0.27673075
0,1,0.6346973
0,0,0.37216923
0,0,0.34788674
0,1,0.55237377
0,1,0.5581958
0,0,0.38392705
0,1,0.6837627
0,0,0.27253017
0,0,0.27402416
0,0,0.3907484
0,1,0.75431997
1,1,0.71668464
0,0,0.34788674
0,0,0.23663488
0,0,0.24673557
0,1,0.5142297
0,1,0.5195196
0,1,0.7553079
0,0,0.2930631
0,1,0.5039114
0,0,0.38711917
0,1,0.61702013
0,1,0.6158789
0,0,0.4617027
0,1,0.5553718
0,1,0.5512695
0,1,0.6398188
0,1,0.6029069
0,0,0.23663488
0,0,0.22352155
0,0,0.274624
0,1,0.6689234
0,0,0.27832934
0,0,0.22352155
0,0,0.32245407
0,0,0.374651
0,0,0.22352155
0,1,0.7140855
1,1,0.5258316
0,0,0.22352155
0,1,0.68566793
0,0,0.23663488
0,0,0.31367224
0,0,0.27479926
0,1,0.5311881
0,0,0.27402416
0,0,0.22352155
0,0,0.22352155
0,0,0.29296818
0,0,0.37753072
0,1,0.5901387
0,1,0.5568373
1,1,0.65248054
0,0,0.27402416
0,1,0.5796532
0,0,0.23663488
1,1,0.62457997
0,0,0.36503965
0,1,0.6563319
0,0,0.37753072
0,0,0.2791036
1,1,0.7177878
1,1,0.6654817
0,1,0.52828306
0,0,0.36596867
0,1,0.6837627
1,1,0.7433737
0,0,0.24616136
0,0,0.37117597
1,0,0.24869893
0,0,0.27832934
1,1,0.6886639
0,1,0.50973296
0,0,0.27479926
0,0,0.4519824
0,1,0.514487
0,1,0.5093154
0,1,0.70010626
0,0,0.22773209
1,1,0.6915149
0,0,0.27253017
0,1,0.59032154
0,1,0.70640695
0,0,0.3862981
0,0,0.37742835
0,1,0.7177878
0,0,0.27253017
1,1,0.514487
0,1,0.6532314
0,0,0.33172613
0,1,0.54905933
0,0,0.3052992
0,0,0.3827811
0,0,0.22352155
0,1,0.63806
0,1,0.5074327
0,0,0.31367224
0,0,0.38355657
0,0,0.22352155
0,1,0.51699495
0,1,0.65735024
0,0,0.32166192
0,0,0.27938464
0,0,0.27253017
0,0,0.23663488
0,0,0.2941492
0,0,0.27402416
0,1,0.507501
0,0,0.29199886
0,0,0.27612507
0,0,0.24869893
0,1,0.6825408
0,1,0.6857851
0,0,0.31080067
0,0,0.36730266
0,1,0.63806
0,1,0.63276154
0,1,0.56104434
0,1,0.6915149
0,1,0.62457997
0,0,0.27938464
1,1,0.55531543
0,1,0.5134132
0,0,0.26564702
0,0,0.27690387
0,0,0.45873654
1,1,0.7407198
0,0,0.27690387
0,0,0.30603415
0,0,0.22352155
0,0,0.29643974
0,1,0.5553718
0,0,0.27402416
1,1,0.7167051
0,0,0.32166192
0,0,0.34514794
0,0,0.38523713
0,0,0.45419538
0,0,0.38711917
0,1,0.6213134
0,0,0.35359046
1,1,0.72420883
0,1,0.5783442
0,0,0.3827811
0,0,0.37742835
0,0,0.369696
0,0,0.3592257
0,0,0.27253017
1,1,0.62457997
0,1,0.6346973
1,1,0.6764136
0,0,0.22352155
0,1,0.70564365
0,0,0.3056526
0,0,0.22352155
0,0,0.374651
0,0,0.23663488
0,1,0.5120848
0,0,0.22352155
0,1,0.64237183
0,0,0.27402416
0,1,0.67182213
0,0,0.27938464
0,1,0.50708336
0,0,0.23663488
0,1,0.57589346
0,0,0.22352155
0,1,0.55237377
0,1,0.5117183
0,1,0.56104434
0,0,0.38822806
0,0,0.27809605
0,0,0.23663488
0,1,0.5001195
1,1,0.66733605
0,0,0.22352155
0,0,0.23663488
0,0,0.2733318
0,1,0.66746587
0,1,0.61249936
0,0,0.23663488
0,0,0.24616136
0,1,0.65361536
0,1,0.71559936
0,1,0.50990427
0,0,0.27938464
0,1,0.7177878
0,1,0.5094867
0,0,0.37992215
0,0,0.3827811
1,0,0.44661373
0,0,0.36503965
0,0,0.46480638
0,1,0.7078185
0,0,0.27253017
0,0,0.27809605
0,1,0.67714906
0,0,0.37791744
1,1,0.7524008
0,0,0.27673075
0,1,0.75431997
1,1,0.74465495
0,0,0.37742835
0,0,0.27253017
0,1,0.68515724
1,1,0.62457997
0,0,0.22352155
0,1,0.59249556
0,0,0.27612507
0,0,0.27612507
0,0,0.38392705
1,1,0.5039831
0,0,0.46522206
0,1,0.57589346
0,0,0.29405573
0,1,0.72007704
0,1,0.5195196
0,1,0.74465495
1,1,0.7524008
0,1,0.6915149
0,1,0.5568373
0,1,0.55237377
0,0,0.38392705
0,0,0.3890418
0,1,0.5121358
0,0,0.38896495
0,0,0.27253017
0,0,0.27690387
0,0,0.47636715
0,1,0.6094584
0,1,0.5094867
0,0,0.29220703
0,1,0.5553718
0,0,0.27402416
0,1,0.72007704
0,1,0.70010626
0,0,0.43286443
0,0,0.4617027
0,1,0.7148688
1,1,0.7553079
0,0,0.44889247
0,0,0.274624
0,1,0.5094867
0,0,0.34514794
0,0,0.27402416
0,0,0.22352155
0,1,0.5117183
0,0,0.22352155
0,1,0.55237377
0,0,0.27191758
0,0,0.23663488
0,1,0.7063247
0,0,0.27612507
1,1,0.6623071
0,0,0.433153
0,1,0.5195196
0,0,0.29827735
0,1,0.72301775
0,0,0.27612507
1,1,0.6821899
1,1,0.57589346
0,0,0.24673557
1,1,0.5529751
0,0,0.27402416
0,0,0.23663488
1,0,0.38711917
0,0,0.22352155
0,0,0.23663488
0,0,0.33000532
0,0,0.23663488
0,0,0.22352155
0,0,0.23663488
0,1,0.57589346
0,0,0.37117597
0,1,0.61702013
0,0,0.34514794
0,1,0.70079464
0,0,0.38037723
0,0,0.29220703
0,1,0.6041236
0,0,0.27673075
0,0,0.34514794
0,0,0.27253017
0,1,0.7078185
0,0,0.23663488
1,1,0.7176312
0,1,0.64017934
0,0,0.27479926
0,1,0.6356391
0,0,0.23854336
0,0,0.22352155
1,1,0.7524008
0,0,0.2921197
0,1,0.5512695
0,1,0.66746587
0,1,0.6621066
0,0,0.23663488
0,0,0.26564702
0,0,0.37054166
0,0,0.37180638
0,1,0.57589346
0,1,0.6532314
1,1,0.6821899
0,1,0.68566793
0,0,0.22352155
0,0,0.32585293
0,0,0.27690387
0,1,0.50708336
0,0,0.27253017
0,0,0.3298584
0,0,0.27402416
0,0,0.27402416
0,1,0.5177644
0,1,0.5195196
0,1,0.7167051
0,1,0.50990427
0,0,0.3862981
0,0,0.27402416
0,0,0.22352155
0,0,0.29044458
0,0,0.28045055
0,1,0.62753165
0,0,0.37890336
0,1,0.6683016
0,0,0.22352155
0,0,0.22352155
0,0,0.48427978
0,0,0.4657613
0,0,0.34514794
0,0,0.22352155
0,0,0.27938464
0,1,0.5195196
0,0,0.27253017
0,0,0.24673557
0,0,0.27832934
0,1,0.74465495
0,0,0.4748112
0,0,0.27253017
0,1,0.67132527
0,0,0.3885752
0,1,0.6200328
0,0,0.369696
0,0,0.3728784
0,0,0.27402416
0,1,0.50990427
0,1,0.5121358
0,0,0.3101964
0,1,0.6041236
0,0,0.27479926
0,1,0.6729633
0,0,0.37753072
1,1,0.5258316
0,0,0.27253017
0,0,0.29199886
1,1,0.7177878
0,0,0.23663488
0,0,0.45239633
0,0,0.37117597
0,1,0.5532324
0,1,0.514487
0,0,0.3668573
0,1,0.63981473
0,0,0.3052992
0,0,0.24616136
0,1,0.6715822
0,1,0.71517426
0,1,0.50636685
0,0,0.29274946
0,0,0.3786706
0,0,0.3112821
1,0,0.49426743
0,0,0.27402416
0,0,0.23663488
0,1,0.5430983
0,0,0.27479926
0,1,0.66746587
0,1,0.6350832
1,1,0.6821899
0,0,0.27253017
0,0,0.27253017
0,1,0.5177644
0,0,0.27479926
0,0,0.29044458
0,0,0.3112952
0,1,0.534711
0,1,0.6915149
0,0,0.22352155
0,0,0.45857
0,1,0.7177878
0,0,0.23663488
0,0,0.27253017
0,0,0.46702865
0,0,0.3436558
0,1,0.6372104
0,0,0.37117597
0,0,0.38523713
0,0,0.29199886
1,1,0.72007704
0,0,0.29199886
0,0,0.38822806
0,1,0.508599
0,0,0.4390347
0,0,0.27938464
1,1,0.56728554
0,0,0.27612507
1,1,0.66746587
0,0,0.44889247
0,0,0.27402416
0,1,0.5093154
0,1,0.63369876
0,1,0.5081295
0,1,0.68135697
0,0,0.29044458
1,1,0.5119959
0,0,0.27330264
0,0,0.29721892
0,1,0.57589346
0,0,0.24673557
0,1,0.72373545
0,1,0.61249936
0,0,0.2941492
0,0,0.23663488
0,0,0.24869893
0,0,0.38523713
0,0,0.45873654
0,0,0.22352155
0,0,0.25067553
1,1,0.5568373
0,1,0.7407198
0,1,0.61249936
0,0,0.27191758
0,0,0.23663488
1,1,0.7177878
0,1,0.6346973
0,1,0.5124586
0,0,0.37742835
0,0,0.25212696
0,0,0.23965682
0,0,0.38523713
0,1,0.5167175
0,0,0.23663488
0,1,0.6029069
0,0,0.27402416
0,1,0.6525909
0,0,0.27612507
0,0,0.36323994
0,0,0.2930631
0,0,0.38523713
0,1,0.50990427
0,0,0.27402416
0,1,0.5124586
1,0,0.36489978
0,0,0.4488412
0,1,0.670961
0,1,0.753394
0,0,0.46205884
1,1,0.6683016
0,1,0.55237377
0,0,0.45495138
0,0,0.38392705
0,0,0.38523713
0,0,0.27884445
0,0,0.2921197
1,1,0.590403
0,1,0.70715034
0,1,0.6829867
0,1,0.5258316
0,0,0.3848155
0,0,0.22352155
0,1,0.55531543
0,1,0.6041236
0,1,0.5430983
0,1,0.5724597
0,1,0.67714906
0,1,0.5001195
0,1,0.6041236
0,0,0.27191758
0,1,0.6922143
0,0,0.2930631
0,1,0.71715105
0,1,0.65124595
0,0,0.23663488
0,1,0.57589346
0,0,0.27690387
0,0,0.32949528
0,0,0.27479926
0,1,0.5134132
0,0,0.37640238
0,0,0.30727026
0,0,0.24673557
1,1,0.74377966
0,1,0.50636685
0,1,0.5195196
0,1,0.6753706
0,0,0.22352155
0,0,0.27253017
0,0,0.23663488
0,1,0.60567075
0,1,0.522615
0,0,0.38822806
1,1,0.7205877
0,1,0.6117166
0,0,0.2733318
0,1,0.57589346
0,0,0.28045055
0,0,0.2952521
0,1,0.6504526
0,1,0.72373545
0,0,0.36323994
0,1,0.50708336
0,0,0.274624
1,1,0.66746587
0,1,0.7524008
1,1,0.6829867
1,0,0.45239633
0,1,0.6821899
0,0,0.27253017
0,0,0.27402416
0,0,0.23663488
0,0,0.46480638
0,0,0.4748112
0,1,0.50636685
0,1,0.507501
0,0,0.23663488
0,0,0.22352155
0,0,0.3728784
1,1,0.6504526
0,1,0.5553718
0,0,0.27253017
0,1,0.56104434
1,1,0.7524008
0,1,0.70715034
0,0,0.2941492
0,0,0.2930631
0,1,0.7176312
0,0,0.27938464
0,0,0.37753072
0,0,0.27253017
0,0,0.4330291
1,0,0.26418066
1,1,0.70010626
0,1,0.6809742
0,1,0.5105326
0,1,0.56957436
0,0,0.26418066
0,0,0.22352155
0,1,0.6821899
0,1,0.66746587
0,1,0.70564365
1,1,0.6356391
0,0,0.37992215
0,0,0.46276256
0,0,0.22352155
0,1,0.7553079
0,0,0.23663488
0,0,0.3110743
0,1,0.6420329
0,1,0.71959937
0,0,0.23663488
0,1,0.7167051
0,0,0.27253017
0,1,0.7177878
0,0,0.27938464
0,1,0.50750065
0,0,0.23663488
0,1,0.5167175
0,1,0.5568373
1,1,0.6832502
0,1,0.62457997
0,1,0.50990427
0,0,0.38230938
0,0,0.30961823
0,0,0.27938464
0,0,0.369696
0,1,0.7148688
1,1,0.74465495
0,1,0.5553718
0,1,0.5532324
0,1,0.5135772
0,0,0.22352155
1,1,0.7222054
0,0,0.3885752
1,1,0.6801899
0,1,0.5895629
1,1,0.7553079
0,0,0.26352033
1,1,0.6837627
0,0,0.3693636
0,0,0.27253017
0,0,0.27938464
0,0,0.32585293
0,0,0.22352155
0,0,0.27612507
0,0,0.24673557
0,0,0.3817478
0,0,0.36596867
0,1,0.5895629
0,0,0.27809605
0,1,0.530508
0,0,0.29044458
0,1,0.696687
0,1,0.59249556
0,0,0.4617027
0,0,0.27612507
0,0,0.37179986
0,0,0.27253017
0,0,0.22352155
0,1,0.632786
0,0,0.36503965
0,1,0.5805488
0,0,0.32585293
0,1,0.5195196
0,1,0.62753165
0,0,0.27612507
0,1,0.6117166
0,1,0.56104434
0,0,0.27612507
0,1,0.66746587
0,1,0.50990427
0,0,0.37706155
0,0,0.27673075
1,1,0.74465495
0,1,0.63276154
0,1,0.57589346
0,1,0.5553718
0,0,0.26418066
0,1,0.6331694
0,0,0.27253017
0,1,0.5094867
0,1,0.6623071
0,1,0.5064442
0,1,0.6372104
0,0,0.3855155
0,0,0.34514794
1,1,0.70895296
0,0,0.27253017
0,0,0.23663488
1,1,0.74274737
0,1,0.7177878
0,0,0.30423892
0,1,0.522615
0,1,0.5121358
1,1,0.7177878
0,1,0.5117183
1,1,0.7553079
1,1,0.7524008
0,0,0.26564702
0,1,0.5039632
0,0,0.46276256
0,1,0.5258316
0,0,0.22352155
0,0,0.27479926
0,0,0.38523713
0,1,0.51422703
0,1,0.65399593
0,0,0.27253017
0,0,0.23663488
0,0,0.22352155
0,1,0.7524008
0,1,0.6041236
1,1,0.6915149
0,0,0.46744463
0,1,0.71715105
0,1,0.62457997
0,0,0.46480638
0,0,0.48427978
0,1,0.6623071
1,1,0.63421005
0,0,0.22352155
0,1,0.5466774
0,0,0.37890336
1,0,0.27759105
0,1,0.60567075
0,0,0.37753072
0,1,0.5210767
0,1,0.6764136
0,0,0.23663488
0,0,0.23854336
1,0,0.45419538
0,0,0.23663488
0,0,0.38822806
0,1,0.56104434
0,0,0.28974444
0,0,0.23663488
0,0,0.2948783
0,1,0.55531543
0,1,0.57589346
0,1,0.5094867
0,0,0.27402416
0,0,0.23663488
1,1,0.7177878
0,1,0.6200328
0,1,0.71559936
0,0,0.23663488
0,1,0.6623071
0,1,0.5845223
1,1,0.7167051
0,0,0.46702865
0,0,0.36503965
1,1,0.65361536
0,1,0.5195196
1,1,0.5428373
0,0,0.34340915
0,0,0.24616136
0,1,0.632786
0,1,0.6138901
0,1,0.6309326
0,0,0.27253017
0,0,0.3101964
0,1,0.56104434
0,1,0.51422703
0,0,0.38355657
0,0,0.45239633
0,0,0.3665972
0,0,0.27938464
0,1,0.70715034
0,0,0.2952521
0,0,0.38355657
0,1,0.507501
0,1,0.5195196
0,1,0.5195196
0,0,0.36057633
0,0,0.3799738
1,1,0.7140855
0,0,0.3728784
0,1,0.7176312
0,0,0.27402416
0,0,0.2902773
1,1,0.6724418
0,1,0.62457997
0,0,0.46205884
0,0,0.45886186
0,1,0.57589346
0,1,0.50990427
0,0,0.3112952
0,0,0.38822806
0,0,0.34514794
0,0,0.27832934
0,1,0.7002684
0,1,0.551201
0,1,0.508599
0,0,0.23663488
0,1,0.6746474
0,0,0.46480638
0,1,0.65361536
0,1,0.62741196
1,1,0.66746587
0,0,0.43816018
0,0,0.3827811
0,0,0.2930631
0,1,0.5553718
0,0,0.23663488
1,1,0.50990427
0,0,0.24673557
0,0,0.4617027
0,0,0.22352155
1,1,0.67956036
0,1,0.5074327
0,0,0.4620231
0,0,0.34514794
0,0,0.37220713
0,0,0.22352155
0,1,0.55237377
0,1,0.5121358
0,1,0.5124586
1,1,0.5980373
0,0,0.27612507
0,0,0.27888358
0,0,0.27402416
0,0,0.36503965
0,1,0.6741273
0,1,0.66746587
0,0,0.29058883
0,1,0.70561004
0,1,0.5162113
0,1,0.74274737
0,0,0.37753072
0,1,0.62457997
0,0,0.38355657
0,0,0.3862981
0,0,0.46744463
0,1,0.6753706
0,0,0.22352155
0,0,0.24673557
0,1,0.5121358
0,1,0.7167051
0,1,0.57589346
1,0,0.23663488
0,0,0.23663488
0,1,0.7082755
0,0,0.3134368
0,0,0.27253017
1,1,0.68515724
0,0,0.36699393
0,1,0.69718724
0,1,0.70010626
0,1,0.524219
0,1,0.5121358
0,1,0.56104434
0,1,0.5081295
0,1,0.5119959
0,1,0.5162113
0,0,0.37753072
0,1,0.70715034
0,0,0.3907484
0,1,0.6759232
0,0,0.29058883
0,1,0.68515724
0,0,0.22352155
0,1,0.7177878
0,1,0.57589346
0,1,0.5512695
0,0,0.274624
0,1,0.7407198
0,0,0.3885752
0,0,0.3885752
0,0,0.36019763
1,1,0.7222054
0,1,0.6041236
0,0,0.4621392
0,1,0.55531543
0,1,0.50990427
0,0,0.2930631
0,0,0.27253017
0,1,0.56728554
0,1,0.5568373
0,0,0.37753072
0,1,0.6615479
0,1,0.7167051
0,0,0.27673075
0,1,0.5512695
0,1,0.57676554
0,0,0.22352155
0,0,0.27690387
0,1,0.5783442
1,1,0.70977575
0,1,0.6724418
0,0,0.46702865
0,1,0.5167175
0,0,0.47682053
0,1,0.68566793
0,0,0.29044458
0,1,0.6809742
0,0,0.24616136
0,1,0.594647
0,0,0.22352155
0,0,0.22352155
0,0,0.28974444
0,1,0.6654817
0,0,0.3645191
0,0,0.34788674
0,0,0.46194944
0,0,0.27191758
0,0,0.23663488
0,0,0.38822806
0,0,0.374651
1,1,0.67714906
0,1,0.6623071
0,1,0.70561004
0,1,0.53170615
0,0,0.23663488
0,1,0.63679814
0,0,0.22352155
0,0,0.27938464
0,0,0.27402416
0,0,0.3101964
0,0,0.25276852
0,1,0.7167051
0,0,0.29220703
0,0,0.312294
0,0,0.26584342
0,1,0.7177878
0,0,0.29044458
0,1,0.5428373
0,0,0.27402416
0,1,0.56104434
0,0,0.4658477
0,1,0.50990427
0,0,0.31367224
0,0,0.27191758
0,0,0.32245407
0,1,0.6117711
0,1,0.55531543
1,1,0.70782936
0,0,0.27673075
0,1,0.507501
0,0,0.22352155
0,0,0.37117597
0,0,0.27612507
0,0,0.274624
0,1,0.6623071
0,1,0.57589346
0,1,0.5093154
1,1,0.75431997
0,0,0.3645191
0,1,0.7411695
0,0,0.46276256
0,0,0.3641887
0,0,0.46702865
0,0,0.22352155
0,0,0.2919226
0,0,0.36503965
0,1,0.7207411
0,1,0.50636685
1,1,0.5703376
0,0,0.38822806
0,0,0.24673557
0,1,0.57589346
0,1,0.5568373
0,1,0.5529751
0,0,0.36214003
0,0,0.37706155
0,0,0.27253017
0,0,0.36768293
0,0,0.27938464
0,1,0.55237377
0,1,0.7140855
1,1,0.67012393
1,1,0.55531543
0,0,0.27673075
0,0,0.24616136
1,1,0.6623071
0,0,0.23663488
0,1,0.6624212
0,1,0.6563319
0,1,0.5796532
0,0,0.2807106
1,1,0.62457997
0,0,0.3101964
0,0,0.27479926
1,1,0.6714837
0,1,0.72007704
0,1,0.6182148
0,1,0.50973296
0,1,0.5195196
0,1,0.6829867
1,1,0.66746587
0,0,0.27938464
1,1,0.67714906
0,0,0.27479926
0,1,0.5248473
0,0,0.28974444
0,1,0.6504526
0,1,0.62753165
0,0,0.27612507
0,0,0.23663488
0,1,0.51422703
0,0,0.29058883
0,0,0.3110743
0,0,0.3855155
0,1,0.5167175
0,0,0.27612507
1,1,0.65361536
0,0,0.29220703
0,0,0.28974444
0,1,0.6623071
0,1,0.6200328
0,0,0.37742835
0,1,0.5195196
0,0,0.46702865
0,1,0.5345831
0,1,0.67132527
1,1,0.7524008
0,1,0.5553718
0,0,0.45771372
0,0,0.32949528
1,1,0.71559936
0,0,0.3641887
0,1,0.7082755
0,0,0.3093793
0,0,0.3827811
1,1,0.66900945
0,1,0.5783442
0,1,0.56271434
0,1,0.74465495
0,1,0.6532314
0,1,0.55237377
0,1,0.5195196
0,1,0.6654817
0,1,0.6821899
0,0,0.29044458
0,0,0.2921197
0,0,0.3641887
0,0,0.28974444
0,0,0.27253017
0,0,0.23663488
0,1,0.6303069
0,1,0.55237377
0,1,0.50636685
1,1,0.70977575
0,0,0.27253017
0,0,0.27938464
0,0,0.29058883
0,1,0.653424
0,1,0.5428373
0,1,0.524219
0,0,0.2930631
0,0,0.2424773
0,1,0.62457997
0,0,0.369696
0,1,0.5512695
0,0,0.38392705
0,1,0.71559936
0,1,0.5512695
0,1,0.61111194
0,1,0.54728246
0,1,0.63215643
0,1,0.70782936
0,0,0.27402416
0,0,0.29354733
0,0,0.23663488
0,1,0.632786
1,1,0.5393229
0,1,0.62457997
0,1,0.7167051
0,1,0.5121358
0,1,0.5195196
0,0,0.26418066
0,1,0.6532314
1,1,0.67956036
0,1,0.7082755
0,1,0.51422703
0,1,0.6623071
0,0,0.24926515
0,1,0.64341
1,1,0.72007704
0,0,0.26584342
0,0,0.27402416
0,1,0.55237377
1,1,0.74465495
0,1,0.7148688
0,0,0.27191758
0,0,0.449327
0,0,0.27253017
0,1,0.66746587
0,0,0.2902773
0,1,0.7151889
0,1,0.6414813
0,0,0.25274482
0,1,0.74465495
0,0,0.38355657
0,1,0.74465495
0,0,0.27402416
0,1,0.56728554
1,1,0.50973296
0,1,0.6714837
0,1,0.6821899
0,0,0.3862981
0,1,0.66746587
0,0,0.472271
0,0,0.27612507
0,0,0.34514794
0,0,0.22352155
1,1,0.62451947
0,0,0.2791036
1,1,0.65773195
0,0,0.38230938
0,1,0.66746587
0,1,0.6182148
0,1,0.50973296
0,0,0.23663488
0,0,0.27253017
0,0,0.38523713
0,1,0.50990427
0,0,0.23663488
0,1,0.58795536
0,0,0.23663488
0,0,0.23663488
0,0,0.36699393
0,0,0.37117597
0,0,0.27402416
0,0,0.27884445
0,0,0.38822806
0,1,0.5428373
0,0,0.27759105
0,0,0.37992215
0,1,0.6734675
0,0,0.27612507
0,1,0.50990427
1,1,0.68566793
0,0,0.24616136
0,0,0.27253017
0,0,0.22352155
0,0,0.23663488
0,0,0.29482833
1,1,0.71517426
0,0,0.27479926
0,1,0.61306226
1,1,0.7177878
0,1,0.50990427
1,1,0.72007704
0,1,0.6041236
0,0,0.27402416
0,0,0.38523713
0,1,0.5553718
0,0,0.22352155
0,1,0.6418711
1,1,0.5121358
1,0,0.37742835
0,0,0.46744463
0,0,0.3298584
0,0,0.28974444
0,0,0.26584342
0,0,0.27402416
0,1,0.6821899
0,1,0.5121358
0,0,0.26584342
0,1,0.5345831
0,1,0.59966695
0,0,0.23663488
1,1,0.522615
0,1,0.5050291
0,0,0.38355657
0,1,0.7177878
0,1,0.6094584
0,1,0.70564365
0,1,0.55237377
0,1,0.5860117
0,1,0.6886639
0,1,0.72007704
0,0,0.27690387
0,1,0.6451371
0,0,0.3623845
0,0,0.37117597
0,0,0.27938464
0,1,0.6689234
0,0,0.29044458
0,0,0.2930631
0,1,0.6508567
1,1,0.753394
0,1,0.55237377
0,0,0.31631708
0,1,0.67012393
0,0,0.27612507
0,1,0.753394
0,1,0.62451947
0,1,0.63803923
0,1,0.592297
0,1,0.55237377
0,0,0.3134368
0,0,0.26564702
0,0,0.37640238
0,0,0.29220703
0,0,0.29482833
0,1,0.7524008
0,0,0.27402416
0,0,0.27402416
0,0,0.29058883
0,0,0.2919226
0,1,0.5119959
0,1,0.63276154
0,1,0.70895296
1,1,0.696687
0,0,0.37706155
0,0,0.22535543
0,0,0.27479926
0,1,0.68515724
0,0,0.4742086
0,1,0.54728246
0,1,0.5032144
0,0,0.22352155
0,1,0.675137
0,0,0.46392292
0,1,0.70895296
0,0,0.37117597
0,0,0.27402416
0,0,0.3110743
0,1,0.57589346
0,1,0.5162113
0,0,0.27938464
1,1,0.55237377
1,0,0.46702865
0,1,0.56728554
0,0,0.27938464
0,0,0.45268318
1,1,0.68692714
0,0,0.23663488
0,1,0.57589346
0,1,0.72007704
0,0,0.3799738
1,1,0.7182988
0,0,0.3101964
0,0,0.38264126
0,0,0.27666658
0,1,0.66746587
0,1,0.51422703
0,1,0.75431997
0,1,0.70010626
0,1,0.63595676
0,1,0.50081056
0,0,0.22352155
1,1,0.64017934
0,0,0.27253017
0,0,0.3645191
0,1,0.6448233
0,0,0.38822806
0,0,0.3827811
0,0,0.29220703
0,0,0.24673557
1,1,0.6837627
1,1,0.62365687
0,0,0.4519824
0,1,0.70010626
0,0,0.3624071
0,1,0.7177878
0,0,0.47293952
0,0,0.29199886
0,0,0.37117597
0,0,0.22352155
0,0,0.24869893
0,0,0.28974444
1,0,0.37362358
0,0,0.29058883
0,0,0.3728784
0,0,0.27938464
0,1,0.5581958
0,1,0.50636685
0,0,0.23663488
0,0,0.23663488
0,1,0.66746587
0,1,0.634049
0,1,0.5361166
0,0,0.37753072
0,1,0.5529751
0,1,0.670961
0,0,0.38523713
0,0,0.24059731
0,1,0.62881863
0,0,0.3885752
0,0,0.28067133
1,1,0.5703376
0,1,0.6158789
0,0,0.22352155
1,1,0.5783442
0,1,0.67714906
0,1,0.6041236
1,1,0.6837627
0,1,0.5553718
0,1,0.6532314
0,0,0.23663488
0,0,0.36489978
0,0,0.37992215
0,1,0.53170615
1,1,0.5195196
1,1,0.7177878
0,1,0.5553718
0,0,0.3641887
0,1,0.51431584
1,1,0.753394
0,1,0.5039632
0,0,0.24926515
0,0,0.29044458
0,0,0.27728578
1,1,0.6041236
0,0,0.22352155
0,0,0.29274946
0,0,0.23663488
1,1,0.7177878
0,0,0.37640238
1,1,0.7078185
1,1,0.6489391
0,1,0.5805488
0,0,0.2930631
0,1,0.6741273
0,0,0.22352155
1,1,0.69718724
0,0,0.23719393
0,0,0.3645191
0,0,0.27253017
0,0,0.23663488
0,0,0.22352155
1,1,0.66746587
0,0,0.3252809
0,0,0.374651
1,1,0.664662
0,1,0.7222054
0,1,0.753394
0,1,0.6117166
0,1,0.55531543
0,1,0.5195196
0,0,0.27402416
0,1,0.6308236
0,0,0.30970234
0,0,0.3641887
0,0,0.38230938
0,0,0.27402416
0,0,0.37742835
0,0,0.46165118
0,0,0.3827811
0,0,0.45719597
0,0,0.27479926
0,1,0.6356391
0,1,0.6158789
0,0,0.29058883
1,1,0.72349185
0,0,0.27402416
0,0,0.23663488
0,0,0.4748112
0,1,0.6623071
0,1,0.7140855
0,0,0.23842315
1,1,0.67012393
0,0,0.3827811
1,1,0.6714837
0,1,0.6837627
0,0,0.22352155
0,0,0.37640238
0,0,0.3436558
0,0,0.27402416
0,1,0.67714906
0,0,0.3110743
0,0,0.23663488
0,0,0.3907484
0,0,0.32492575
0,0,0.3728784
0,0,0.3659904
0,1,0.67132527
0,1,0.6821899
0,1,0.63135433
0,0,0.30642313
0,1,0.6041236
0,0,0.2930631
0,1,0.50708336
0,1,0.71959937
0,1,0.514487
1,1,0.61702013
0,0,0.31367224
0,0,0.44889247
0,0,0.4459405
0,1,0.70640695
0,0,0.34788674
0,1,0.6837627
0,1,0.7140855
0,0,0.45857
0,0,0.3436558
0,0,0.27938464
1,1,0.61702013
0,1,0.5195196
0,0,0.27612507
0,0,0.37890336
0,1,0.6339236
0,0,0.22352155
0,0,0.27253017
0,1,0.66746587
0,0,0.36648747
0,0,0.27888358
1,1,0.7177878
0,1,0.54905933
0,1,0.5105326
0,0,0.27402416
0,0,0.3852884
0,0,0.27253017
0,0,0.46702865
0,0,0.3827811
0,1,0.7167051
0,1,0.6182148
0,1,0.72373545
0,1,0.71559936
0,0,0.4614411
0,0,0.274624
0,1,0.675137
0,0,0.31367224
0,0,0.28974444
0,0,0.38523713
0,1,0.5111819
0,0,0.24616136
0,0,0.27253017
0,0,0.2807106
0,0,0.449247
1,1,0.6504526
0,1,0.7177878
0,0,0.27673075
0,0,0.45857
0,0,0.23663488
0,0,0.24616136
0,1,0.65303993
1,1,0.67711276
0,1,0.7078185
0,1,0.5952556
1,1,0.7078185
0,0,0.22352155
0,1,0.5098642
0,0,0.22352155
0,0,0.31367224
1,1,0.70715034
0,0,0.34788674
1,0,0.23663488
1,1,0.66746587
0,0,0.23663488
0,0,0.23663488
0,1,0.5032144
0,0,0.46702865
0,0,0.3740395
0,1,0.5119959
1,1,0.70640695
0,0,0.29199886
0,1,0.5532324
0,0,0.27402416
0,1,0.6341408
0,1,0.54427475
0,0,0.29044458
0,0,0.3659904
0,1,0.57589346
0,0,0.22352155
0,0,0.24616136
0,0,0.24673557
0,1,0.70561004
0,0,0.23663488
0,1,0.7205877
1,1,0.7452783
0,1,0.62457997
0,0,0.464525
0,0,0.22352155
0,0,0.3659904
0,0,0.24673557
0,1,0.6764136
0,0,0.27402416
1,1,0.5119959
0,1,0.70640695
0,0,0.23663488
0,0,0.27253017
1,1,0.6724418
0,0,0.27402416
0,0,0.29482833
0,0,0.46480638
0,1,0.71959937
0,0,0.3827811
0,1,0.5162113
0,1,0.5553718
0,1,0.52540183
0,0,0.23663488
1,1,0.74465495
0,0,0.49691707
0,0,0.23663488
0,1,0.633011
0,0,0.29058883
0,0,0.23663488
0,1,0.57589346
0,0,0.27402416
0,0,0.2535085
1,1,0.51422703
1,1,0.70895296
1,1,0.7452783
0,0,0.29058883
0,1,0.7553079
0,0,0.4620231
0,0,0.24673557
0,0,0.2921197
0,1,0.6890273
0,0,0.27253017
0,1,0.64628094
0,0,0.27402416
0,1,0.61249936
0,0,0.29220703
0,0,0.27402416
0,1,0.51622486
0,1,0.75431997
0,1,0.53170615
0,1,0.57589346
0,1,0.5195196
0,0,0.39193264
1,1,0.7078185
0,1,0.6346973
0,1,0.5980373
1,1,0.69718724
0,0,0.23663488
0,1,0.71668464
0,0,0.3907484
0,1,0.61249936
0,0,0.27919272
0,0,0.28974444
1,1,0.72349185
0,1,0.514487
0,0,0.40080371
1,1,0.71668464
0,1,0.5802166
0,1,0.5428373
0,1,0.62457997
0,1,0.5167175
0,0,0.27253017
0,0,0.2941492
0,1,0.597249
0,1,0.5581958
0,0,0.36489978
0,0,0.3728784
0,0,0.27253017
0,0,0.22352155
0,0,0.27402416
0,1,0.522615
0,1,0.54905933
0,0,0.24616136
0,0,0.37753072
0,0,0.27253017
0,1,0.6444348
0,0,0.36619404
1,0,0.46702865
0,0,0.27402416
0,1,0.7082755
0,1,0.64017934
0,0,0.35972443
0,1,0.7167051
0,0,0.27253017
0,1,0.53170615
0,1,0.51422703
1,1,0.68566793
1,1,0.7553079
0,0,0.27915356
0,1,0.70782936
0,1,0.514487
0,0,0.38822806
0,0,0.4460652
0,1,0.6809742
0,0,0.36671716
1,1,0.7553079
1,0,0.27253017
0,0,0.3623845
0,0,0.28151074
0,1,0.66746587
0,1,0.5210767
1,1,0.70564365
0,1,0.51711893
0,0,0.44889247
0,1,0.5796532
1,1,0.68515724
1,1,0.5261864
0,0,0.45857
0,0,0.27938464
0,0,0.22352155
0,0,0.29058883
0,0,0.23663488
0,0,0.36354208
0,0,0.2941492
0,0,0.27253017
0,1,0.50990427
0,1,0.7177878
0,0,0.23663488
0,0,0.23663488
0,0,0.24673557
0,1,0.5121358
0,0,0.3299918
0,1,0.74274737
0,1,0.50973296
0,0,0.27938464
0,0,0.22352155
0,1,0.74465495
0,0,0.3641887
0,1,0.5512695
0,0,0.23663488
0,0,0.3728318
0,0,0.27612507
0,1,0.65399593
0,0,0.27888358
0,0,0.3645191
0,1,0.57589346
0,0,0.46392292
0,0,0.29058883
0,0,0.25076014
0,1,0.74274737
0,0,0.46165118
0,0,0.29199886
0,0,0.2785721
1,0,0.45857
0,1,0.6902399
0,1,0.6915149
0,0,0.27402416
0,0,0.28974444
0,0,0.23854336
1,1,0.6821899
0,0,0.24673557
0,0,0.36648747
0,0,0.27612507
0,1,0.5553718
0,1,0.5121358
0,1,0.5873184
1,1,0.7177878
0,0,0.22352155
0,0,0.27402416
1,1,0.72106427
1,1,0.7553079
0,0,0.23663488
0,0,0.27690387
0,0,0.38523713
0,0,0.27690387
0,0,0.29058883
0,0,0.28067133
0,0,0.23854336
0,1,0.57589346
0,1,0.64017934
0,1,0.67511725
0,0,0.27832934
0,0,0.24673557
0,1,0.67714906
0,1,0.7167051
0,0,0.22352155
0,0,0.22352155
0,0,0.27253017
1,1,0.59032154
0,1,0.56728554
0,0,0.44661373
0,1,0.74274737
0,0,0.3235214
0,1,0.6829867
0,0,0.37640238
0,1,0.64341
0,0,0.3890418
0,0,0.274624
0,0,0.34514794
0,1,0.7524008
0,0,0.3693636
0,0,0.38230938
1,1,0.753394
0,1,0.5050291
0,0,0.26564702
0,0,0.46480638
0,1,0.60567075
0,1,0.670961
0,0,0.24673557
0,1,0.65594935
0,0,0.27253017
0,0,0.22352155
0,0,0.23663488
0,0,0.29220703
0,0,0.38924125
0,1,0.66746587
0,0,0.27410567
1,1,0.67012393
0,1,0.5142297
0,0,0.46165118
0,0,0.2930631
0,0,0.36503965
0,1,0.551201
1,0,0.27479926
1,1,0.7524008
0,1,0.5895629
0,1,0.7086748
0,1,0.65594935
1,0,0.369696
0,1,0.6830538
0,1,0.590403
0,1,0.6657076
0,1,0.68566793
0,0,0.37937343
0,1,0.72007704
0,1,0.6158789
1,1,0.670961
0,1,0.5121358
0,0,0.24869893
0,0,0.37992215
0,0,0.4785889
0,0,0.46392292
1,1,0.57589346
0,1,0.63806
0,1,0.55531543
0,0,0.45419538
0,0,0.27938464
0,1,0.70782936
0,1,0.6200328
1,1,0.5882094
0,1,0.66746587
0,0,0.45873654
0,1,0.54905933
0,0,0.24616136
0,0,0.3827811
0,0,0.22352155
0,1,0.7452783
0,0,0.29058883
0,1,0.6915149
0,0,0.27253017
0,1,0.70640695
0,0,0.23663488
0,0,0.22352155
0,1,0.50990427
0,0,0.3728784
0,1,0.7140855
1,1,0.75253874
0,0,0.2930631
1,1,0.7553079
0,1,0.6158789
0,1,0.54905933
0,0,0.24869893
0,0,0.23965682
0,1,0.7167051
0,1,0.51101065
0,0,0.27479926
0,1,0.62457997
0,1,0.62457997
0,0,0.29044458
0,1,0.632786
1,1,0.7167051
0,0,0.2930631
0,0,0.3052992
0,0,0.22352155
0,0,0.3101964
0,0,0.3827811
0,1,0.6297667
1,1,0.6158789
0,1,0.50973296
0,0,0.23663488
0,1,0.5195196
0,0,0.3052992
0,1,0.6915149
0,0,0.22352155
1,1,0.7505316
0,0,0.464525
0,1,0.50990427
0,1,0.51711893
0,0,0.3645191
1,1,0.7524008
1,1,0.6683016
0,0,0.27402416
0,1,0.71559936
0,0,0.369696
0,0,0.22352155
0,0,0.23663488
0,0,0.27938464
0,1,0.50636685
0,1,0.65303993
0,1,0.65045273
0,1,0.61249936
0,0,0.38355657
0,0,0.27402416
0,0,0.22352155
0,0,0.36671716
0,0,0.36354208
0,0,0.27402416
0,0,0.36214003
0,1,0.70895296
0,0,0.44889247
0,0,0.28974444
0,0,0.27938464
0,1,0.62451947
0,0,0.29559794
0,0,0.38523713
0,1,0.6623071
0,1,0.54905933
1,1,0.57948744
0,1,0.6532314
0,1,0.57589346
0,1,0.50636685
0,1,0.5532324
0,1,0.66477436
0,0,0.27809605
0,0,0.3890418
0,1,0.5195196
0,0,0.2952521
0,0,0.24041347
0,1,0.62927336
0,1,0.5093154
0,0,0.374651
0,0,0.28021613
0,1,0.551201
0,0,0.24673557
0,0,0.38822806
0,0,0.29044458
0,0,0.23663488
0,1,0.551201
1,1,0.6404527
0,1,0.64017934
0,0,0.27253017
0,0,0.3907484
0,0,0.2941492
0,0,0.27479926
0,1,0.7452783
0,0,0.36730266
0,1,0.70640695
1,1,0.6758897
0,0,0.24673557
0,1,0.7037272
0,1,0.7524008
0,0,0.22352155
0,0,0.29405573
0,0,0.36503965
0,0,0.22352155
0,1,0.70715034
0,0,0.312294
0,0,0.38230938
0,0,0.36503965
0,1,0.6423617
0,0,0.23663488
0,1,0.50708336
0,0,0.38822806
0,1,0.63276154
0,1,0.6117166
0,1,0.632786
0,1,0.5121358
0,1,0.51711893
0,1,0.508599
0,0,0.27673075
0,0,0.32166192
0,0,0.22352155
0,1,0.71715105
0,1,0.72007704
0,1,0.57549274
0,1,0.6829867
0,0,0.3663357
0,0,0.27888358
0,1,0.57589346
0,1,0.65124184
0,0,0.27673075
0,0,0.32245407
0,1,0.59249556
0,0,0.38523713
0,0,0.3740395
0,0,0.3101964
0,0,0.27479926
0,1,0.6809742
0,1,0.68566793
0,0,0.27402416
0,0,0.449247
0,1,0.7411695
0,0,0.4488412
0,0,0.27673075
0,1,0.7070869
0,1,0.5119959
0,1,0.5050291
0,0,0.23663488
0,1,0.696687
0,0,0.23663488
0,0,0.26174045
0,0,0.27402416
0,0,0.27253017
0,1,0.62457997
0,0,0.22352155
0,1,0.7086748
0,1,0.56728554
0,0,0.23663488
0,1,0.6825408
0,0,0.22352155
0,1,0.7177878
0,0,0.38523713
0,0,0.27884445
0,1,0.5581958
0,0,0.23663488
0,0,0.22352155
0,0,0.23663488
0,0,0.23663488
0,1,0.62457997
0,0,0.46194944
0,1,0.66733605
0,1,0.5258316
0,1,0.5121358
0,0,0.24616136
1,1,0.5167175
0,1,0.67511725
0,0,0.45857
0,0,0.4617027
0,0,0.36503965
0,0,0.3110743
0,0,0.35359046
0,1,0.5195196
0,0,0.27253017
0,1,0.508599
0,0,0.23663488
0,0,0.3659904
0,0,0.38822806
1,1,0.6117166
0,0,0.27253017
0,1,0.68515724
0,0,0.369696
0,0,0.38230938
0,1,0.7177878
0,0,0.29482833
1,1,0.70561004
0,1,0.72420883
0,1,0.7177878
0,0,0.27938464
0,0,0.37640238
0,0,0.36503965
0,0,0.27479926
0,0,0.27832934
0,0,0.48543152
0,0,0.3827811
0,0,0.27612507
0,0,0.24616136
0,0,0.3645191
1,1,0.7167051
0,1,0.6117166
0,1,0.68566793
0,1,0.5162113
1,1,0.50990427
0,1,0.7407198
0,0,0.23663488
0,1,0.52885574
0,1,0.57589346
0,1,0.551201
0,0,0.27253017
0,1,0.7452783
0,0,0.38173616
0,1,0.5202155
0,0,0.23663488
0,0,0.45857
0,0,0.38822806
0,1,0.6623071
0,0,0.34340915
0,0,0.3659904
0,0,0.23663488
0,0,0.2930631
0,0,0.24869893
0,0,0.38523713
0,1,0.72420883
0,1,0.68566793
0,0,0.23663488
0,0,0.23663488
1,1,0.66746587
0,1,0.67714906
0,1,0.60109264
1,1,0.67714906
0,1,0.66746587
0,0,0.36354208
0,0,0.27253017
0,1,0.51422703
0,0,0.3827811
0,0,0.27253017
1,1,0.5074327
0,0,0.38230938
1,1,0.64017934
0,0,0.36619404
0,0,0.22352155
1,1,0.7553079
0,1,0.753394
0,0,0.23663488
0,1,0.6513967
0,0,0.34788674
0,0,0.29199886
0,1,0.6829867
0,0,0.22352155
0,1,0.63276154
0,1,0.6041236
0,0,0.27884445
0,0,0.36019763
0,1,0.632786
0,1,0.7524008
0,0,0.23663488
1,1,0.67956036
0,1,0.5162113
0,0,0.24673557
0,1,0.5845223
1,1,0.6700025
0,0,0.27673075
0,0,0.27612507
1,1,0.7177878
0,1,0.65361536
1,1,0.5167175
0,1,0.62451947
0,0,0.24869893
0,0,0.25217617
0,1,0.51422703
0,0,0.27253017
0,1,0.5783442
0,1,0.5258316
0,0,0.27402416
0,1,0.70715034
0,1,0.5195196
0,1,0.6915149
0,0,0.27673075
1,1,0.65303993
0,0,0.26418066
0,1,0.5501163
0,1,0.51369077
1,1,0.62457997
0,1,0.56104434
0,0,0.44577476
0,0,0.34788674
0,0,0.29199886
0,1,0.71715105
0,0,0.40080371
0,0,0.3110743
0,0,0.28045055
0,0,0.34788674
0,0,0.32949528
1,1,0.57589346
0,0,0.22352155
0,1,0.6779525
0,1,0.72349185
0,0,0.27479926
0,1,0.5039632
1,1,0.65911853
0,0,0.23719393
0,0,0.22352155
0,1,0.6821899
0,1,0.70782936
0,1,0.5195196
0,0,0.22352155
0,1,0.5074327
0,1,0.514487
0,1,0.66746587
0,1,0.74274737
0,0,0.23663488
0,1,0.62457997
0,1,0.6829867
0,1,0.56728554
0,1,0.7524008
1,1,0.7177878
0,1,0.632786
0,0,0.37640238
0,1,0.6372103
0,0,0.29199886
1,1,0.7553079
0,1,0.51422703
0,0,0.3042258
0,1,0.56728554
0,1,0.63041466
0,1,0.5119959
0,0,0.38523713
0,0,0.24673557
0,1,0.6041236
0,0,0.27612507
0,0,0.29199886
0,1,0.56728554
0,1,0.5512695
0,0,0.27191758
1,1,0.7177878
0,0,0.27612507
0,1,0.5119959
0,0,0.29044458
0,0,0.27253017
0,0,0.27253017
0,1,0.5195196
1,1,0.7524008
0,1,0.50990427
0,0,0.30788615
0,0,0.2733318
0,0,0.38847753
0,0,0.27402416
0,1,0.6451371
0,0,0.23663488
0,0,0.27253017
0,0,0.38230938
0,1,0.6372103
0,0,0.36487228
0,0,0.2930631
0,0,0.22352155
0,1,0.6623071
0,1,0.72281516
0,1,0.66746587
0,1,0.70079464
0,1,0.5873184
1,1,0.6372103
0,1,0.70561004
0,0,0.24869893
0,0,0.3645191
0,0,0.29044458
0,1,0.6623071
0,0,0.3848155
0,0,0.36699393
0,1,0.632786
1,1,0.7553079
0,1,0.54905933
1,1,0.56728554
0,1,0.5246491
1,1,0.7182988
0,0,0.27253017
0,0,0.37753072
0,0,0.27253017
0,0,0.32757616
0,0,0.27253017
0,0,0.3907484
0,1,0.50708336
1,1,0.5121358
1,1,0.7078185
0,0,0.4925565
0,1,0.5195196
0,1,0.5581958
0,0,0.27402416
0,1,0.66746587
1,0,0.36596867
0,0,0.27253017
0,0,0.26584342
0,0,0.29107323
0,1,0.55531543
0,0,0.23663488
0,0,0.3235214
0,1,0.6346973
0,0,0.22352155
0,1,0.58795536
0,0,0.27919272
0,1,0.5061956
0,0,0.38523713
0,0,0.27884445
0,1,0.66746587
0,0,0.27612507
0,0,0.3827811
0,0,0.22588451
0,0,0.29058883
0,1,0.51422703
0,1,0.52885574
1,1,0.68566793
0,1,0.67956036
0,1,0.533241
0,0,0.46522206
0,0,0.2807106
0,0,0.28021613
0,0,0.46480638
0,0,0.4617027
1,1,0.6566141
0,0,0.27253017
1,1,0.6809742
0,0,0.27938464
0,0,0.2930631
0,0,0.27938464
0,0,0.3299918
0,0,0.27253017
0,0,0.37362358
0,0,0.32166192
0,0,0.22352155
0,0,0.27253017
0,0,0.4658477
0,0,0.4617027
0,0,0.45719597
0,0,0.3623845
0,1,0.5512695
0,0,0.46638143
0,0,0.22352155
0,1,0.67511725
0,1,0.63318616
0,0,0.23663488
0,0,0.38395742
0,0,0.23663488
0,1,0.6400621
0,0,0.38822806
0,0,0.29442897
0,0,0.29058883
0,1,0.6117166
0,0,0.22352155
0,0,0.27402416
0,0,0.22352155
0,0,0.27253017
0,1,0.5802166
0,0,0.3907484
0,0,0.22352155
0,0,0.3827811
0,0,0.32827556
0,0,0.27938464
0,0,0.2941492
0,1,0.55531543
1,1,0.5783442
1,1,0.74465495
0,0,0.28045055
0,0,0.29482833
0,0,0.38523713
0,1,0.5581958
0,1,0.5001195
0,0,0.23663488
0,0,0.23663488
0,0,0.3088179
1,1,0.75120264
0,0,0.27253017
0,0,0.29058883
0,0,0.3827811
0,1,0.68566793
0,1,0.5184412
1,1,0.633011
0,0,0.27253017
0,0,0.27479926
0,0,0.22352155
1,1,0.7177878
0,0,0.38822806
0,1,0.5345831
0,0,0.26564702
0,0,0.449327
0,0,0.277552
0,1,0.66882646
0,0,0.23663488
1,1,0.63275486
0,0,0.26352033
0,0,0.22352155
0,0,0.2919226
0,0,0.27938464
0,0,0.27479926
0,0,0.22352155
0,1,0.696687
0,1,0.7553079
0,1,0.5361166
0,0,0.3110743
0,1,0.66477436
0,0,0.27253017
0,1,0.70640695
1,1,0.65773195
1,1,0.7466139
0,1,0.7553079
0,1,0.5074327
1,1,0.62457997
0,1,0.514487
0,1,0.6737591
1,1,0.60567075
1,1,0.70010626
0,1,0.5093154
0,1,0.71959937
0,1,0.6683016
0,0,0.28974444
0,0,0.27253017
0,0,0.37117597
0,0,0.27612507
0,1,0.62457997
0,0,0.2791036
0,0,0.26564702
0,0,0.3848155
0,0,0.3659904
0,0,0.27253017
1,1,0.67132527
0,1,0.74465495
0,0,0.3088179
0,0,0.27938464
0,0,0.22352155
0,0,0.37117597
0,0,0.23663488
0,1,0.68515724
0,1,0.5121358
0,0,0.45239633
0,1,0.5258316
0,1,0.5195196
0,0,0.27605146
0,1,0.632786
0,0,0.3907484
0,1,0.62457997
0,1,0.6830538
1,1,0.74465495
0,0,0.2921197
0,0,0.26352033
0,1,0.6837627
0,0,0.4460652
0,0,0.23663488
0,0,0.22535543
0,0,0.27402416
1,1,0.61249936
0,1,0.66746587
0,0,0.28974444
0,0,0.38355657
0,1,0.5393229
0,1,0.67399687
0,0,0.30961823
0,0,0.32949528
0,0,0.27253017
0,0,0.27479926
0,1,0.63595676
0,1,0.5162113
0,0,0.27690387
0,1,0.514487
0,1,0.508599
0,1,0.52885574
0,1,0.6401472
0,1,0.68515724
0,0,0.37054166
0,1,0.62457997
0,1,0.5348114
0,0,0.23663488
0,1,0.5050291
0,1,0.70640695
0,0,0.24869893
0,0,0.24616136
0,0,0.23663488
0,0,0.2941492
0,1,0.5167175
1,1,0.7070869
0,0,0.23663488
0,0,0.27938464
0,1,0.50973296
0,0,0.37753072
0,1,0.508599
0,0,0.3907484
0,0,0.37937343
1,1,0.70564365
0,0,0.29501593
0,1,0.6821899
0,0,0.24869893
0,0,0.22352155
1,1,0.74274737
0,0,0.27253017
0,0,0.2526598
0,0,0.27402416
0,0,0.22352155
0,0,0.27402416
0,0,0.29199886
0,1,0.5001195
0,0,0.27253017
0,1,0.69788283
0,0,0.27479926
0,1,0.7524008
0,0,0.27673075
0,0,0.38822806
0,0,0.27612507
1,0,0.4303173
0,0,0.23663488
0,1,0.6915149
0,0,0.36596867
1,1,0.6915149
0,0,0.23663488
0,0,0.46480638
0,0,0.23663488
0,1,0.5183358
0,1,0.7078185
0,0,0.27612507
1,1,0.61249936
0,0,0.46702865
0,1,0.50990427
0,1,0.57589346
0,0,0.3907484
0,0,0.24869893
0,1,0.57589346
0,0,0.24616136
0,1,0.522615
0,0,0.38822806
0,1,0.5512695
0,0,0.3855155
0,0,0.27938464
0,0,0.27673075
0,1,0.50973296
0,1,0.64020544
0,0,0.23663488
0,1,0.68515724
0,1,0.5111819
0,0,0.22352155
0,0,0.46194944
1,1,0.7177878
1,0,0.27253017
0,1,0.54905933
0,0,0.4658477
0,0,0.4748112
0,1,0.7413494
0,1,0.67206824
0,1,0.551201
0,1,0.5802166
0,0,0.2921197
1,1,0.753394
0,1,0.6821899
0,0,0.29220703
0,0,0.27402416
0,0,0.27612507
0,0,0.22352155
0,1,0.51711893
0,0,0.27612507
0,1,0.6628003
0,0,0.24869893
0,0,0.3299918
0,1,0.56104434
0,1,0.5553718
0,0,0.3907484
0,0,0.3907484
0,1,0.632786
0,1,0.54905933
0,0,0.22352155
0,0,0.22352155
0,1,0.63224167
1,1,0.75431997
0,0,0.3298584
1,0,0.27884445
0,1,0.6117711
1,1,0.6837627
0,0,0.37640238
0,0,0.23663488
0,0,0.22352155
0,1,0.54905933
0,0,0.23663488
0,1,0.55237377
0,1,0.7078185
0,0,0.2921197
0,1,0.6318166
0,1,0.60567075
0,0,0.36214003
0,0,0.27191758
0,0,0.23663488
0,0,0.27832934
1,1,0.7078185
1,0,0.46702865
0,0,0.38711917
0,1,0.5134132
0,0,0.26564702
0,0,0.22352155
0,0,0.27673075
0,0,0.37220713
0,1,0.6915149
0,0,0.38523713
1,1,0.72007704
0,1,0.56728554
0,1,0.55237377
0,0,0.27253017
0,0,0.37640238
0,1,0.62927336
0,1,0.6372103
0,1,0.551201
0,0,0.2921197
1,1,0.507501
0,0,0.24673557
0,1,0.58795536
1,1,0.5074327
0,0,0.34514794
0,0,0.27402416
0,1,0.5119959
0,0,0.22352155
0,0,0.24616136
0,0,0.22352155
0,0,0.27253017
0,0,0.23663488
0,0,0.27612507
0,0,0.47597617
0,0,0.27402416
0,0,0.23663488
0,0,0.27253017
0,1,0.51622486
0,1,0.5512695
1,1,0.7515432
0,1,0.66746587
0,0,0.40352222
0,0,0.36768293
0,0,0.45857
0,1,0.57589346
0,1,0.63276154
0,0,0.2930631
1,1,0.6418711
0,0,0.27253017
0,1,0.62457997
0,0,0.3862981
1,1,0.6041236
0,0,0.34426954
0,1,0.68515724
1,1,0.74274737
0,1,0.70564365
1,1,0.74377966
0,0,0.29368457
0,0,0.27809605
0,0,0.23663488
0,0,0.23910545
0,0,0.30240172
0,1,0.7167051
1,1,0.57589346
0,1,0.57589346
0,0,0.22352155
0,0,0.4519824
0,0,0.23663488
0,0,0.3827811
1,1,0.6821899
0,1,0.71959937
0,0,0.38355657
0,1,0.66746587
0,0,0.37753072
0,0,0.38392705
0,0,0.23663488
0,0,0.23663488
0,0,0.28947642
0,1,0.56728554
0,0,0.37362358
1,1,0.7063247
0,1,0.7167051
0,1,0.63369876
0,1,0.66746587
0,0,0.31296405
0,0,0.23663488
0,1,0.5393229
0,0,0.27809605
0,0,0.3693636
0,0,0.23663488
0,0,0.3641887
1,1,0.7078185
0,1,0.61249936
0,1,0.67132527
1,1,0.55237377
0,0,0.27191758
0,0,0.28974444
0,0,0.26584342
0,0,0.46480638
0,1,0.5568373
0,0,0.23663488
0,1,0.6809742
0,1,0.5093154
0,1,0.5501163
0,1,0.5512695
0,0,0.22352155
1,1,0.7407198
0,0,0.24673557
1,1,0.7148688
0,0,0.22352155
0,1,0.63429904
0,1,0.6809742
0,1,0.63806
0,0,0.25217617
0,1,0.62457997
0,1,0.65399593
0,0,0.3734243
0,0,0.27612507
0,0,0.30254936
0,0,0.29827735
0,0,0.27938464
0,0,0.23663488
0,1,0.6326541
0,1,0.60567075
0,1,0.66746587
0,0,0.22352155
0,0,0.27673075
0,1,0.5119959
0,1,0.6041236
0,1,0.6837627
0,1,0.57589346
0,1,0.5261864
0,1,0.508599
0,0,0.37117597
0,0,0.24869893
1,1,0.66733605
0,1,0.5167175
0,0,0.44994757
0,0,0.28045055
0,0,0.3862981
1,1,0.6532314
0,0,0.28045055
0,0,0.29044458
0,0,0.4658477
1,1,0.72301775
0,1,0.74465495
0,0,0.27402416
0,1,0.64020544
0,0,0.27402416
0,1,0.6886639
0,1,0.54905933
0,1,0.62741196
0,1,0.50636685
0,0,0.46702865
0,0,0.4621392
0,1,0.50636685
0,0,0.27253017
1,1,0.7553079
0,0,0.38523713
0,0,0.3862981
0,0,0.27938464
0,0,0.3298584
0,1,0.7177878
1,1,0.66746587
0,0,0.27832934
0,0,0.45857
0,0,0.45460963
0,0,0.45886186
0,1,0.6117166
0,0,0.27809605
0,0,0.23663488
0,0,0.23663488
0,1,0.7177878
1,1,0.7407198
1,1,0.6764136
1,1,0.597249
0,0,0.22352155
0,0,0.23663488
1,1,0.70895296
0,0,0.33122832
0,0,0.27759105
0,1,0.6372103
0,0,0.37117597
0,1,0.5895629
0,1,0.5532324
1,1,0.50636685
0,1,0.5121358
1,1,0.696687
0,1,0.61249936
1,1,0.66477436
1,1,0.6657076
0,0,0.3907484
0,1,0.5428373
1,1,0.5783442
0,0,0.36699393
0,0,0.3827811
0,1,0.5094867
0,0,0.26418066
0,1,0.5952556
0,0,0.36671716
0,1,0.59031594
1,0,0.45857
0,1,0.5587883
0,0,0.28021613
0,0,0.28974444
0,1,0.5093154
0,1,0.7524008
0,0,0.22352155
0,0,0.3862981
0,0,0.27253017
1,1,0.71201515
0,0,0.37117597
0,1,0.62365687
0,1,0.56728554
0,0,0.22352155
0,0,0.38523713
0,0,0.37742835
0,1,0.5050291
0,1,0.71559936
0,0,0.36057633
0,1,0.64017934
1,1,0.7177878
0,0,0.23663488
0,1,0.57589346
0,0,0.30254936
0,0,0.3907484
0,0,0.27402416
0,0,0.27402416
0,0,0.4459405
0,1,0.6715822
0,1,0.5111819
0,1,0.62451947
0,0,0.27938464
0,0,0.45857
0,0,0.3827811
0,0,0.27673075
0,0,0.27253017
0,1,0.66746587
0,0,0.3645191
0,0,0.27938464
0,0,0.27759105
0,0,0.27479926
0,0,0.29482833
0,0,0.38523713
1,1,0.6654817
0,1,0.5258316
0,1,0.5167175
0,0,0.23663488
1,0,0.3827811
0,0,0.38523713
0,0,0.34514794
0,0,0.23663488
0,0,0.27938464
0,1,0.6764136
1,1,0.6764136
0,1,0.6703456
0,0,0.23663488
0,1,0.6311095
0,0,0.24869893
0,1,0.6821547
0,1,0.5261864
0,0,0.29274946
0,0,0.23663488
0,0,0.40080371
0,1,0.5184412
1,1,0.74559665
0,1,0.753394
1,1,0.62457997
0,0,0.29240337
0,0,0.29044458
0,0,0.27402416
0,0,0.36503965
0,0,0.3907484
0,0,0.3659904
0,0,0.36057633
0,0,0.27612507
0,1,0.74465495
0,1,0.56728554
0,1,0.5121358
0,0,0.32827556
0,1,0.6829867
0,1,0.5802166
0,1,0.68307126
0,0,0.29199886
1,1,0.6029069
1,1,0.6821547
0,0,0.34788674
1,1,0.7167051
0,0,0.27330264
0,0,0.27884445
0,0,0.27673075
0,1,0.6915149
0,0,0.29368457
0,0,0.22352155
0,0,0.23663488
0,0,0.27402416
0,0,0.46392292
0,0,0.36730266
0,0,0.37497976
0,1,0.62457997
0,0,0.27402416
0,0,0.3799738
0,0,0.36768293
0,1,0.6915149
0,0,0.22352155
0,1,0.67132527
0,0,0.27191758
0,0,0.3134368
0,0,0.26437783
0,1,0.6563319
0,1,0.5802166
0,1,0.5512695
0,0,0.29058883
0,0,0.22352155
0,0,0.32949528
0,1,0.66746587
1,1,0.5119959
1,1,0.66428393
0,0,0.27612507
0,0,0.27253017
0,0,0.27402416
0,0,0.27253017
0,0,0.27479926
1,1,0.56271434
0,0,0.23663488
0,0,0.27938464
0,1,0.74723405
0,0,0.2930631
1,1,0.5286728
0,0,0.27402416
0,0,0.45886186
1,1,0.7148688
1,0,0.29058883
0,0,0.30971655
0,0,0.22352155
0,1,0.6809742
0,0,0.22352155
0,0,0.27402416
0,0,0.34514794
0,1,0.5553718
0,0,0.23663488
1,1,0.7524008
0,0,0.45448348
0,0,0.3728784
0,0,0.23663488
0,0,0.23663488
0,1,0.653107
0,0,0.27938464
0,0,0.23663488
0,0,0.23663488
0,1,0.7177878
0,0,0.27612507
0,1,0.6738546
0,1,0.5167175
0,1,0.67132527
0,1,0.6158789
1,1,0.6890273
0,1,0.5345831
0,0,0.3409329
1,1,0.7177878
0,0,0.37640238
0,0,0.374651
0,1,0.5074327
0,0,0.27253017
0,0,0.27690387
0,1,0.5532324
0,0,0.22352155
0,0,0.27402416
1,1,0.7553079
0,1,0.56104434
0,1,0.7177878
1,1,0.6915149
0,0,0.29058883
0,0,0.44994757
1,0,0.27906445
0,1,0.70010626
0,0,0.48543152
0,1,0.6041236
0,0,0.27612507
0,0,0.34514794
0,1,0.5039114
1,1,0.7505316
0,1,0.69788283
0,1,0.66746587
0,0,0.36671716
0,0,0.34514794
0,1,0.5261864
0,1,0.632786
0,0,0.3827811
0,1,0.5184412
0,0,0.22352155
0,0,0.26584342
0,1,0.6738546
0,0,0.38355657
0,1,0.63276154
0,0,0.27612507
0,0,0.27832934
0,0,0.38711917
0,0,0.38230938
0,1,0.57589346
0,1,0.61702013
0,1,0.71668464
1,1,0.56728554
0,0,0.2921197
0,0,0.29199886
0,0,0.23663488
0,1,0.6809742
0,1,0.71559936
0,1,0.50990427
0,0,0.24869893
0,0,0.3827811
0,1,0.67956036
0,0,0.27402416
0,0,0.22352155
0,1,0.6821899
0,0,0.29806337
0,0,0.36019763
0,1,0.54141706
0,1,0.71517426
0,1,0.58795536
0,0,0.27479926
0,0,0.27253017
0,0,0.38822806
0,0,0.23663488
0,0,0.27479926
0,1,0.5258316
0,0,0.369696
0,0,0.27479926
0,1,0.71559936
0,1,0.67956036
0,0,0.46165118
0,0,0.45857
1,1,0.54987216
0,1,0.70564365
1,1,0.7063247
0,1,0.6623071
0,0,0.29058883
0,1,0.70782936
0,0,0.2930631
0,0,0.36323994
0,1,0.64017934
0,1,0.5428373
0,1,0.6563319
0,0,0.27253017
0,1,0.5037
1,1,0.51422703
1,1,0.75431997
0,0,0.38523713
0,0,0.3728318
0,0,0.29199886
0,0,0.24041347
0,0,0.22352155
0,1,0.61249936
1,1,0.66733605
0,0,0.22352155
0,1,0.5783442
0,1,0.55237377
0,1,0.6342306
0,1,0.5490953
0,1,0.67012393
0,0,0.2541682
0,1,0.6915149
0,1,0.508599
0,0,0.35020128
0,1,0.70715034
0,0,0.23663488
1,1,0.6821899
0,1,0.5195196
0,0,0.37992215
0,1,0.67012393
0,0,0.38822806
0,0,0.22352155
0,0,0.36489978
0,0,0.29827735
0,0,0.44889247
0,0,0.35892507
0,0,0.27253017
0,0,0.24673557
0,1,0.6507978
0,1,0.5783442
1,1,0.6759232
0,0,0.28974444
0,1,0.5664128
0,1,0.5532324
0,0,0.27253017
0,1,0.66641295
0,0,0.23663488
1,1,0.7177878
0,0,0.27253017
0,1,0.66746587
0,0,0.45857
0,0,0.3409329
0,0,0.27253017
0,0,0.24673557
0,0,0.34788674
0,0,0.27759105
1,1,0.70640695
0,0,0.23719393
0,1,0.75431997
0,0,0.23663488
0,0,0.37220713
0,0,0.23663488
0,0,0.4617027
0,1,0.5094867
0,0,0.27402416
0,1,0.6799304
0,0,0.22352155
1,1,0.6094584
0,1,0.6451371
0,0,0.29199886
0,0,0.31080067
0,0,0.24616136
0,0,0.27938464
0,0,0.29058883
0,0,0.38523713
0,0,0.30712733
0,1,0.5167175
0,0,0.2975936
0,0,0.25002187
0,0,0.27402416
1,0,0.37753072
0,0,0.32607767
0,1,0.5050291
0,0,0.22352155
0,0,0.22352155
1,1,0.7413494
0,0,0.3862981
0,1,0.70010626
0,1,0.5581958
0,1,0.66746587
0,0,0.34514794
0,1,0.51268953
1,1,0.5980373
0,0,0.22352155
0,1,0.66712284
0,1,0.54905933
0,1,0.7078185
0,1,0.62457997
0,1,0.70561004
0,1,0.51431584
0,0,0.46480638
0,0,0.46744463
0,0,0.27673075
0,0,0.35542798
0,0,0.3101964
0,1,0.64017934
0,1,0.6414813
0,0,0.34514794
0,0,0.46744463
0,1,0.74465495
0,1,0.5074327
0,0,0.37362358
0,0,0.44577476
0,1,0.5805488
0,1,0.6508567
0,1,0.7407198
0,1,0.51337725
0,1,0.70715034
0,0,0.38355657
0,0,0.3907484
0,0,0.22352155
0,1,0.64017934
0,1,0.7062911
0,1,0.70715034
0,0,0.29044458
0,1,0.7177878
0,0,0.38523713
0,0,0.27253017
0,1,0.6804456
1,1,0.71668464
0,1,0.72007704
1,0,0.38822806
0,0,0.25419343
0,0,0.23663488
0,0,0.27402416
0,0,0.369696
1,1,0.74377966
0,0,0.27479926
1,1,0.68515724
1,1,0.66746587
0,0,0.36596867
0,0,0.22352155
0,0,0.27884445
0,0,0.3052992
0,1,0.72420883
1,1,0.7078185
0,1,0.5783442
0,1,0.5184412
1,1,0.74465495
0,0,0.44889247
0,0,0.27402416
0,1,0.66746587
0,1,0.6915149
0,0,0.34514794
0,1,0.6860525
0,0,0.2733318
0,0,0.3645191
0,0,0.24926515
0,0,0.27253017
0,0,0.29220703
0,0,0.23663488
1,1,0.5581958
0,0,0.28974444
0,0,0.4653487
0,1,0.5195196
0,0,0.23663488
1,1,0.66746587
0,0,0.2767697
0,0,0.38896495
0,0,0.35892507
0,0,0.374651
0,1,0.70715034
0,0,0.45110276
0,1,0.63806
0,0,0.24673557
0,1,0.70010626
0,0,0.27330264
0,0,0.27479926
0,1,0.7148688
1,0,0.27832934
0,1,0.6331694
0,0,0.22352155
0,0,0.36354208
0,0,0.23663488
0,1,0.51422703
0,0,0.24673557
0,0,0.22352155
0,1,0.56104434
0,1,0.51922464
0,1,0.54905933
0,0,0.37742835
0,0,0.27728578
1,1,0.70715034
0,1,0.54905933
0,0,0.3101964
0,1,0.675137
0,1,0.6414813
0,0,0.23663488
0,1,0.70564365
0,0,0.27402416
0,0,0.2921197
0,0,0.3299918
0,0,0.3693636
0,0,0.29274946
0,0,0.29119283
0,1,0.7078185
0,1,0.59249556
0,0,0.27479926
1,1,0.74465495
0,0,0.23663488
1,1,0.7205877
0,0,0.369696
0,1,0.61615086
0,1,0.5724597
0,1,0.6623071
0,1,0.63276154
1,1,0.5428373
0,1,0.56728554
0,0,0.40080371
0,0,0.3436558
0,0,0.2941492
0,0,0.29058883
0,1,0.5117183
0,0,0.27402416
0,0,0.30881038
0,0,0.34514794
0,0,0.22352155
0,0,0.23663488
0,1,0.5581958
0,1,0.6915149
0,0,0.37117597
0,0,0.22352155
0,0,0.29405573
0,0,0.3641887
0,0,0.3112821
0,0,0.24673557
0,0,0.22352155
0,1,0.50636685
0,0,0.38711917
0,0,0.22352155
0,0,0.27402416
0,0,0.26564702
0,0,0.27253017
0,1,0.5105326
1,1,0.7505316
1,1,0.7505316
0,0,0.32757616
0,1,0.5119959
0,0,0.32949528
0,0,0.3728784
0,1,0.664662
0,1,0.63369876
0,0,0.37640238
0,0,0.22352155
0,1,0.66746587
1,1,0.71559936
0,1,0.5117183
0,0,0.3052992
0,1,0.7167051
0,1,0.7177878
0,1,0.5553718
0,0,0.25438428
0,1,0.66746587
0,0,0.22352155
0,0,0.27253017
0,0,0.27673075
1,0,0.43591198
0,0,0.27673075
0,0,0.37992215
0,1,0.633011
0,0,0.38523713
0,0,0.26418066
0,0,0.23663488
0,0,0.27906445
0,1,0.56728554
0,1,0.5162113
0,0,0.37710786
0,1,0.61702013
0,0,0.34001234
1,1,0.6830538
0,0,0.24673557
0,0,0.23663488
0,1,0.6825408
0,0,0.33122832
1,1,0.72420883
0,1,0.5162113
0,0,0.34788674
0,0,0.27253017
0,1,0.55531543
0,0,0.3855155
0,0,0.24673557
0,0,0.27938464
0,0,0.29058883
0,0,0.38230938
0,0,0.3890418
0,0,0.27884445
0,1,0.6946434
0,1,0.514487
1,1,0.6902399
0,0,0.27253017
0,0,0.44321102
0,1,0.5184412
0,1,0.508599
0,0,0.24673557
0,0,0.27253017
0,0,0.38523713
0,0,0.27612507
0,0,0.38392705
0,1,0.6915149
0,1,0.61249936
0,1,0.7167051
0,1,0.522615
0,1,0.6372104
0,1,0.7151889
0,0,0.29044458
1,0,0.37117597
0,0,0.27253017
0,0,0.32166192
0,0,0.26564702
0,0,0.35972443
0,0,0.29058883
0,0,0.38924125
0,1,0.6508567
0,1,0.6264767
0,0,0.27402416
0,1,0.7078185
0,0,0.23663488
0,0,0.34340915
0,1,0.62457997
0,1,0.5980373
0,0,0.33000532
0,0,0.22352155
0,1,0.6829867
0,0,0.23663488
0,0,0.23663488
0,1,0.61702013
0,1,0.5094867
1,1,0.61702013
0,0,0.23663488
0,0,0.27479926
1,1,0.6915149
0,1,0.720384
1,0,0.28479087
0,0,0.23663488
0,0,0.22352155
1,1,0.7553079
0,0,0.27402416
0,0,0.49520597
0,0,0.23663488
0,0,0.27938464
0,1,0.56104434
0,1,0.6117166
0,0,0.4460652
0,0,0.28974444
0,1,0.57589346
1,1,0.7543141
0,1,0.57589346
0,1,0.6504526
0,0,0.38392705
0,0,0.46480638
0,1,0.64017934
0,1,0.5195196
0,0,0.22352155
0,0,0.28974444
0,0,0.3641887
0,0,0.45239633
0,0,0.32827556
0,1,0.70640695
0,1,0.50750065
0,0,0.46522206
0,1,0.6804456
1,1,0.5553718
1,1,0.6809742
0,1,0.57589346
0,1,0.54905933
0,1,0.70715034
0,0,0.46480638
0,1,0.6829867
0,0,0.36648747
0,0,0.36354208
0,1,0.5074327
0,0,0.374651
0,0,0.3052992
0,0,0.22352155
0,0,0.22352155
0,0,0.23663488
0,1,0.6029069
0,0,0.24673557
0,0,0.38523713
0,0,0.27884445
0,0,0.46522206
0,0,0.23663488
0,0,0.31367224
0,1,0.65155846
0,0,0.24673557
0,0,0.47682524
0,1,0.51268953
1,1,0.74465495
0,0,0.27673075
0,1,0.6714837
0,0,0.38230938
0,0,0.36503965
0,1,0.74274737
0,0,0.24673557
0,0,0.27253017
0,0,0.23663488
0,1,0.514487
0,0,0.36596867
0,1,0.5210767
0,1,0.7063247
0,1,0.70640695
0,0,0.30423892
0,0,0.23663488
0,0,0.24673557
0,0,0.23663488
0,0,0.3101964
0,1,0.6541368
0,1,0.7205877
0,0,0.3641887
1,1,0.7553079
0,0,0.2921197
0,1,0.63154286
0,0,0.27253017
1,1,0.6915149
0,0,0.29199886
0,0,0.449247
1,1,0.7553079
0,1,0.507501
0,1,0.5246491
0,1,0.5553718
0,0,0.23663488
0,1,0.5258316
0,1,0.5094867
0,1,0.65248054
0,0,0.22352155
1,1,0.6801899
0,1,0.6837627
0,0,0.26564702
0,1,0.670961
0,0,0.25124198
0,1,0.72301775
0,0,0.3827811
0,0,0.37117597
0,1,0.6821899
0,1,0.5393229
0,0,0.27191758
0,1,0.5121358
0,0,0.27809605
0,1,0.6352412
0,0,0.36354208
0,0,0.45239633
0,0,0.27402416
0,0,0.27402416
0,1,0.66746587
1,1,0.6830538
0,0,0.3436558
0,1,0.5512695
0,1,0.5258316
0,0,0.25067553
0,1,0.632786
1,1,0.66746587
0,1,0.5184412
0,1,0.5061956
0,1,0.5553718
0,0,0.27253017
0,0,0.38230938
1,1,0.530508
0,0,0.28067133
0,1,0.6356391
0,0,0.29058883
0,1,0.56728554
0,0,0.27253017
0,0,0.38523713
0,1,0.5184412
0,0,0.27915356
0,1,0.5162113
0,1,0.50610375
0,0,0.24673557
0,0,0.27253017
1,0,0.39546454
0,0,0.2930631
0,0,0.46522206
1,1,0.6922143
0,0,0.2526598
0,0,0.27832934
0,0,0.37706155
0,0,0.23663488
0,0,0.23663488
1,1,0.71559936
0,1,0.70079464
0,1,0.66477436
1,1,0.69344896
0,0,0.35972443
0,0,0.27402416
0,0,0.23663488
0,1,0.753394
0,0,0.27938464
1,1,0.6372103
0,0,0.29044458
0,1,0.61249936
0,0,0.27402416
0,0,0.27402416
0,0,0.27938464
0,0,0.38643712
0,1,0.6563319
0,0,0.3728318
0,0,0.27253017
0,0,0.27253017
0,0,0.23663488
0,0,0.22352155
0,1,0.57589346
0,0,0.3409329
1,1,0.71959937
0,1,0.670961
0,0,0.24059731
1,1,0.753394
0,0,0.28045055
0,1,0.50990427
0,0,0.29220703
0,0,0.44577476
0,1,0.67956036
1,1,0.57589346
0,0,0.27402416
1,0,0.3890418
0,0,0.27673075
0,1,0.6829867
0,0,0.312294
0,1,0.74465495
0,1,0.55237377
0,0,0.38392705
0,0,0.27253017
0,0,0.38523713
0,0,0.31080067
0,0,0.45110276
0,0,0.25217617
0,0,0.37117597
0,1,0.5105326
0,0,0.29643974
1,1,0.63041466
0,1,0.5703376
0,1,0.63596815
0,0,0.27402416
0,0,0.27938464
0,0,0.24673557
0,0,0.27253017
0,1,0.670961
0,0,0.25067553
0,0,0.32827556
0,0,0.29482833
0,1,0.6352412
0,0,0.29827735
0,1,0.52252674
0,0,0.37706155
0,0,0.34514794
0,0,0.27479926
0,0,0.27402416
0,0,0.44577476
0,0,0.27253017
0,0,0.27402416
0,0,0.23663488
0,1,0.5167175
0,0,0.23663488
0,0,0.38822806
0,0,0.34514794
0,0,0.27253017
0,1,0.7148688
0,0,0.23663488
0,1,0.51422703
1,1,0.6700025
0,1,0.62451947
0,0,0.2941492
0,1,0.5783442
0,0,0.23663488
0,1,0.514487
0,1,0.6915149
0,0,0.3862981
0,0,0.3112952
0,0,0.46702865
0,0,0.36489978
0,0,0.37117597
0,1,0.7078185
0,1,0.50636685
0,0,0.29374227
0,0,0.22352155
1,1,0.7524008
0,0,0.3885752
0,0,0.28045055
0,1,0.5783442
0,0,0.29199886
0,0,0.27673075
0,0,0.27253017
0,0,0.27612507
0,0,0.27253017
1,1,0.70441085
0,0,0.306193
0,1,0.6830538
0,1,0.6915149
0,0,0.29619974
0,1,0.68515724
0,1,0.70561004
1,1,0.5105326
0,1,0.5553718
0,0,0.2930631
0,0,0.37954313
0,0,0.369696
0,0,0.23663488
1,1,0.6202088
0,1,0.5094867
0,0,0.27253017
0,0,0.27479926
0,0,0.3042258
0,1,0.7148688
0,0,0.45857
0,0,0.24673557
0,1,0.56104434
0,1,0.65361536
0,0,0.40080371
0,0,0.27253017
0,1,0.6683016
0,0,0.3110743
0,0,0.449327
0,0,0.22352155
0,0,0.3623845
0,0,0.46276256
0,1,0.75120264
0,0,0.29044458
0,0,0.27253017
0,0,0.3907484
0,1,0.5094867
0,0,0.37071064
0,0,0.3827811
0,0,0.29044458
0,0,0.3693636
0,0,0.44271827
0,0,0.27330264
0,0,0.29058883
0,1,0.52669746
0,1,0.6821899
0,1,0.70640695
1,1,0.61702013
0,1,0.66746587
0,1,0.65248054
0,0,0.22352155
0,1,0.7086748
0,1,0.62457997
0,0,0.22352155
0,0,0.33122832
0,0,0.27253017
0,1,0.63501537
0,1,0.62365687
0,1,0.53039163
0,1,0.6683016
0,1,0.5428373
0,1,0.6821899
0,1,0.67594445
0,1,0.5195196
0,1,0.55237377
0,0,0.29058883
1,0,0.27402416
0,0,0.374651
0,0,0.35441002
1,1,0.6316233
0,0,0.28974444
0,1,0.51386154
0,0,0.23663488
0,0,0.27253017
0,0,0.22352155
0,1,0.6829867
1,1,0.7177878
0,0,0.27253017
0,1,0.57589346
0,1,0.57589346
0,0,0.4614411
0,1,0.57589346
0,0,0.38711917
1,1,0.63981473
0,0,0.32949528
0,0,0.27402416
0,0,0.28045055
0,0,0.22352155
0,1,0.70561004
0,0,0.3110743
0,0,0.22352155
0,0,0.3641887
0,0,0.27253017
0,0,0.27253017
0,0,0.3728784
0,1,0.52406466
0,1,0.5553718
0,0,0.44006574
0,0,0.46744463
0,0,0.27809605
0,1,0.74465495
0,1,0.72301775
0,0,0.23663488
0,1,0.66746587
0,1,0.6158789
0,0,0.36596867
1,1,0.5248473
1,1,0.51622486
0,0,0.27479926
0,0,0.27809605
0,1,0.51711893
0,1,0.5121358
0,0,0.23663488
0,0,0.38822806
0,0,0.23663488
0,0,0.27253017
0,1,0.6158789
0,1,0.63041466
0,0,0.36503965
0,0,0.3827811
0,0,0.37054166
0,0,0.27330264
1,1,0.7148688
0,0,0.46165118
1,1,0.70715034
0,0,0.22352155
0,0,0.29827735
0,0,0.3088179
0,0,0.3641887
0,1,0.6902399
0,0,0.27612507
0,0,0.23842315
0,0,0.37117597
0,0,0.3885752
0,1,0.653424
0,0,0.24673557
0,1,0.6738546
0,1,0.71715105
0,0,0.23663488
0,1,0.7524008
0,0,0.27330264
0,0,0.3728318
0,0,0.36323994
0,0,0.27690387
1,0,0.49691707
0,0,0.46480638
0,0,0.29806337
0,0,0.23663488
0,0,0.38230938
0,0,0.27402416
0,0,0.46205884
1,1,0.7086748
0,0,0.38822806
0,0,0.27253017
0,0,0.3101964
0,0,0.22352155
1,1,0.7167051
0,0,0.27402416
0,0,0.27402416
1,1,0.6689234
0,0,0.23663488
0,0,0.37640238
0,0,0.36503965
0,1,0.52330965
0,0,0.24673557
0,0,0.38663536
0,0,0.46702865
0,0,0.3740395
1,1,0.6654817
0,0,0.22352155
0,0,0.29058883
0,1,0.62457997
0,0,0.23663488
0,1,0.74465495
1,1,0.65097094
0,0,0.27253017
0,0,0.26564702
0,0,0.3827811
0,1,0.57589346
0,0,0.4977156
0,0,0.23663488
0,1,0.6117166
0,1,0.70564365
0,1,0.5121358
0,1,0.63596815
0,0,0.4748112
0,0,0.22352155
0,1,0.7505316
0,1,0.5162113
0,1,0.5205651
0,1,0.6117166
0,0,0.32166192
0,1,0.50708336
0,0,0.37890336
0,1,0.57589346
0,0,0.27884445
0,1,0.6566141
0,0,0.22352155
0,1,0.55237377
0,0,0.23663488
0,1,0.6915149
0,0,0.3663357
1,1,0.6714837
0,1,0.507501
0,0,0.38822806
0,0,0.27938464
0,1,0.74274737
1,1,0.6829867
0,0,0.23663488
0,0,0.28864628
0,1,0.7553079
0,0,0.3728784
0,1,0.50708336
0,0,0.23663488
0,0,0.27402416
0,1,0.67132527
0,0,0.23663488
0,1,0.675137
0,1,0.6420329
0,0,0.2791036
0,0,0.38523713
0,1,0.653107
0,1,0.55237377
0,0,0.27253017
0,1,0.66882646
1,1,0.71559936
1,1,0.7078185
0,1,0.62457997
0,0,0.37890336
0,0,0.28974444
0,0,0.29296818
0,0,0.2494545
0,0,0.36489978
1,0,0.4620231
0,0,0.27479926
1,1,0.74274737
0,0,0.3299918
0,1,0.50990427
0,0,0.46702865
0,1,0.6623071
0,0,0.4614411
0,1,0.66746587
0,0,0.46392292
0,1,0.6764136
0,0,0.36071548
0,1,0.6759232
0,0,0.23663488
0,1,0.634049
0,1,0.7086748
0,1,0.6623071
0,0,0.38896495
0,1,0.72349185
0,1,0.6902399
1,1,0.69788283
0,0,0.23663488
1,1,0.7167051
0,0,0.37117597
0,0,0.43286443
0,0,0.34514794
0,0,0.27938464
0,0,0.22352155
0,0,0.36596867
0,0,0.22352155
0,0,0.38355657
0,0,0.38896495
0,0,0.22352155
0,1,0.5195196
0,0,0.37640238
0,1,0.7176312
0,1,0.5061956
1,1,0.50990427
0,1,0.7553079
0,1,0.50636685
0,0,0.3827811
0,1,0.5177644
0,0,0.3110743
0,1,0.5018763
0,1,0.6759232
0,1,0.51711893
0,1,0.5258316
0,1,0.5553718
0,0,0.46165118
0,1,0.5210767
0,0,0.23663488
0,1,0.6508567
0,1,0.51422703
0,0,0.2450694
0,0,0.3827811
0,0,0.46532112
0,1,0.6341408
0,1,0.57589346
0,1,0.6915149
0,1,0.54427475
0,1,0.6821547
0,0,0.24616136
0,0,0.2902773
0,1,0.50708336
0,0,0.38711917
0,1,0.6799304
0,1,0.51431584
0,0,0.27402416
0,1,0.7553079
0,0,0.27330264
0,0,0.27479926
0,0,0.27673075
0,1,0.55531543
0,0,0.34788674
0,1,0.7167051
1,1,0.68515724
0,0,0.27402416
0,0,0.30971655
0,1,0.5553718
0,0,0.28045055
0,1,0.70895296
0,1,0.5568373
0,1,0.5568373
0,0,0.27884445
0,1,0.70561004
0,1,0.64017934
0,0,0.25124198
0,0,0.23663488
0,1,0.50708336
0,1,0.7177878
0,0,0.26584342
0,1,0.71502846
0,0,0.27402416
0,0,0.27612507
0,0,0.27612507
0,1,0.50708336
0,0,0.22352155
0,1,0.7140855
0,1,0.6264767
0,0,0.24616136
1,1,0.69090754
0,1,0.5952556
0,1,0.5805488
0,0,0.37742835
0,0,0.38523713
1,1,0.632786
1,1,0.6738546
0,0,0.29199886
0,1,0.7177878
0,0,0.38822806
0,0,0.27759105
0,1,0.74465495
0,1,0.7177878
0,1,0.7222054
0,1,0.66746587
0,1,0.70561004
0,1,0.7524008
0,0,0.23663488
0,0,0.22352155
0,1,0.68566793
1,0,0.27612507
0,0,0.3110743
0,0,0.27253017
0,0,0.24673557
0,0,0.36671716
0,1,0.5512695
1,1,0.65361536
0,0,0.23663488
0,0,0.23663488
0,0,0.22352155
0,0,0.34514794
0,0,0.27612507
0,0,0.27402416
0,0,0.3855155
0,0,0.26564702
0,1,0.5428373
1,0,0.37117597
0,1,0.66477436
0,1,0.7167051
0,0,0.27479926
0,1,0.66746587
0,1,0.5258316
0,0,0.374651
1,1,0.67393833
0,0,0.23663488
0,0,0.449327
0,0,0.3641887
0,0,0.24616136
0,0,0.27612507
0,0,0.45110276
0,0,0.3539609
0,0,0.28045055
1,1,0.6821899
0,0,0.27809605
0,0,0.27253017
0,1,0.6654817
0,1,0.6424225
0,1,0.66746587
0,1,0.6466378
0,0,0.3862981
0,1,0.5061956
0,0,0.24673557
0,1,0.57589346
0,1,0.51101065
0,1,0.50990427
0,0,0.23663488
0,0,0.37071064
0,0,0.27253017
0,0,0.22352155
0,0,0.22352155
0,1,0.5074327
0,0,0.34192944
0,0,0.3907484
0,0,0.24673557
0,1,0.6821899
1,1,0.5361166
0,1,0.65399593
0,1,0.51711893
0,0,0.3101964
0,0,0.22352155
0,0,0.24616136
0,0,0.37937343
0,0,0.45857
0,1,0.71559936
0,1,0.6117166
0,0,0.27253017
1,1,0.514487
0,0,0.34788674
0,0,0.29643974
0,0,0.38822806
0,1,0.64017934
0,0,0.23663488
0,0,0.2733318
0,1,0.5121358
0,0,0.3134368
0,1,0.5512695
0,1,0.508599
0,0,0.46392292
1,1,0.67294645
0,0,0.38355657
0,0,0.27612507
0,0,0.374651
0,1,0.72373545
0,0,0.27402416
0,0,0.22352155
0,0,0.27253017
0,0,0.22352155
0,0,0.23663488
1,1,0.65594935
0,1,0.54905933
0,1,0.6725732
1,1,0.6041236
0,0,0.27191758
0,1,0.6764136
0,1,0.61615086
1,1,0.74377966
0,1,0.50973296
0,0,0.274624
0,0,0.3907484
0,1,0.5050291
0,0,0.27253017
0,0,0.34514794
0,1,0.7452783
0,0,0.27612507
0,0,0.2767697
0,1,0.7524008
0,1,0.6158789
0,1,0.70715034
0,0,0.24616136
0,0,0.30970234
0,0,0.23663488
0,1,0.63679814
0,1,0.7086748
0,0,0.22535543
0,0,0.3885752
0,0,0.22352155
0,0,0.27402416
0,1,0.75120264
1,1,0.6904015
0,1,0.5553718
0,1,0.6801748
0,0,0.29044458
0,1,0.6504526
0,1,0.5124586
1,1,0.6821899
1,1,0.7553079
0,1,0.5783442
0,1,0.66746587
0,0,0.38392705
0,1,0.522615
0,0,0.3740395
0,0,0.3436558
1,1,0.56104434
0,1,0.50990427
0,0,0.27479926
0,0,0.27938464
0,1,0.70715034
0,1,0.66746587
1,1,0.7082755
0,0,0.29044458
0,0,0.464525
0,1,0.6318166
0,0,0.22352155
0,1,0.6821899
0,0,0.22352155
0,0,0.22352155
0,0,0.27884445
0,1,0.63135433
0,1,0.5093154
0,0,0.27673075
0,1,0.6829867
1,0,0.46744463
0,0,0.27253017
0,1,0.59249556
0,1,0.66746587
0,1,0.64017934
0,0,0.27612507
0,1,0.70715034
0,0,0.27253017
0,1,0.507501
0,0,0.22352155
0,0,0.28045055
0,0,0.46480638
0,1,0.6114966
0,0,0.34788674
1,1,0.71332777
0,0,0.24869893
0,0,0.22352155
0,1,0.65124184
0,1,0.6041236
0,1,0.50636685
0,0,0.3799738
0,1,0.69718724
1,1,0.61702013
0,0,0.3641887
0,0,0.37890336
0,0,0.23663488
0,0,0.37362358
1,1,0.67956036
0,0,0.22352155
0,0,0.38822806
1,0,0.2941492
1,1,0.7078185
0,1,0.61249936
0,1,0.71959937
0,0,0.3110743
0,0,0.3409329
0,0,0.22352155
0,1,0.75431997
0,0,0.3827811
0,0,0.27402416
0,0,0.27759105
0,0,0.27673075
0,0,0.3088179
0,0,0.27402416
0,1,0.50708336
0,0,0.23663488
0,0,0.27673075
0,0,0.27253017
0,0,0.29199886
0,0,0.23663488
0,0,0.27479926
0,0,0.28151074
0,0,0.3752838
0,0,0.30894026
0,0,0.3663357
1,1,0.6764136
0,1,0.55237377
0,0,0.38822806
0,0,0.3728784
0,0,0.3855155
0,1,0.62457997
1,1,0.7553079
0,1,0.5074327
0,0,0.36503965
0,0,0.2921197
0,0,0.3683082
0,0,0.24673557
0,0,0.22352155
0,1,0.61249936
0,1,0.66746587
0,0,0.3827811
0,0,0.29058883
0,0,0.30961823
0,0,0.23854336
0,0,0.27542943
0,0,0.27728578
0,1,0.71559936
0,1,0.68515724
0,1,0.5184412
0,0,0.27612507
0,1,0.63093287
0,0,0.27191758
0,1,0.71959937
0,1,0.57676554
1,1,0.5913222
0,0,0.27612507
0,0,0.32757616
1,1,0.57589346
0,1,0.6657076
0,0,0.38523713
0,0,0.28151074
0,1,0.5039632
0,0,0.32827556
0,1,0.66695946
0,1,0.6825408
0,0,0.24869893
0,0,0.23663488
0,1,0.5074327
0,1,0.5023521
0,1,0.6504526
0,0,0.32949528
0,1,0.54905933
0,1,0.5952556
1,1,0.7524008
0,0,0.38395742
0,0,0.38822806
0,1,0.5195196
0,1,0.5210767
0,0,0.24158187
0,0,0.2526598
0,1,0.6837627
0,0,0.3693636
0,1,0.67072755
0,0,0.27457985
0,0,0.4748112
1,1,0.5167175
0,0,0.23663488
0,0,0.27938464
0,0,0.3436558
0,0,0.22352155
0,0,0.2941492
0,1,0.5195196
0,1,0.5895629
0,0,0.37117597
0,1,0.508599
1,1,0.66746587
0,1,0.70715034
0,1,0.5167175
0,0,0.3623845
0,1,0.63369876
0,0,0.27402416
0,0,0.29199886
0,1,0.5507744
0,1,0.64255446
0,0,0.23663488
0,0,0.27253017
0,1,0.7167051
0,0,0.27253017
0,0,0.24673557
0,0,0.22352155
1,1,0.7078185
0,0,0.37890336
0,0,0.23663488
0,0,0.4459405
0,1,0.7553079
0,0,0.37791744
0,0,0.39259186
0,1,0.6821899
1,1,0.70561004
0,0,0.3641887
0,0,0.47791517
0,1,0.70715034
0,1,0.6508567
0,0,0.29107323
0,1,0.68135697
0,0,0.37254
0,0,0.27673075
0,1,0.6158789
0,0,0.46276256
0,0,0.2767697
0,0,0.27938464
0,0,0.27253017
0,1,0.7553079
0,0,0.23663488
0,1,0.7167051
0,0,0.23663488
0,0,0.3052992
0,0,0.3252809
0,1,0.6158789
0,0,0.39259186
0,0,0.33172613
0,0,0.37117597
0,1,0.66746587
0,0,0.22352155
0,0,0.27402416
0,1,0.6821899
0,1,0.72007704
0,1,0.5094867
0,0,0.24673557
0,0,0.46392292
1,1,0.68515724
0,0,0.27402416
0,0,0.29058883
0,1,0.57589346
0,0,0.27673075
0,0,0.46276256
0,0,0.23663488
0,0,0.38355657
1,1,0.71559936
0,0,0.44577476
0,1,0.61488
0,1,0.5117183
0,1,0.50631505
0,0,0.27612507
0,1,0.5428373
0,1,0.5162113
1,1,0.7553079
0,1,0.66686577
0,1,0.50990427
1,1,0.6338867
0,1,0.6623071
0,1,0.70782936
0,0,0.3862981
1,1,0.7140855
0,1,0.5119959
0,0,0.38822806
0,0,0.27253017
0,0,0.35892507
1,1,0.6451371
0,0,0.23663488
0,1,0.6623071
0,1,0.7524008
0,0,0.23842315
0,1,0.6623071
0,1,0.66746587
0,1,0.71559936
1,1,0.5258316
0,0,0.29058883
0,1,0.62881863
0,0,0.23663488
0,1,0.6117711
0,0,0.36503965
0,1,0.5393229
0,0,0.28974444
0,1,0.5195196
0,0,0.46744463
0,1,0.6094584
0,0,0.23663488
0,1,0.5119959
0,1,0.5167175
0,1,0.6117166
0,0,0.26352033
0,0,0.22352155
0,1,0.5167175
0,1,0.64017934
0,1,0.5050291
0,1,0.67714906
0,0,0.27938464
0,0,0.3299918
0,0,0.35820284
0,1,0.5167175
0,1,0.68515724
0,0,0.4617027
0,0,0.27809605
1,1,0.70895296
1,0,0.38711917
0,0,0.27479926
0,1,0.6804456
0,1,0.5121358
0,0,0.3683082
0,1,0.7177878
1,1,0.62457997
0,1,0.62457997
0,1,0.5581958
0,0,0.46276256
0,0,0.22352155
0,0,0.23663488
0,1,0.71668464
0,0,0.22352155
0,0,0.23663488
0,1,0.50973296
0,0,0.22352155
1,1,0.51422703
0,0,0.27906445
0,1,0.7177878
0,1,0.5980373
0,0,0.3848155
0,0,0.24673557
0,1,0.6821899
0,1,0.696687
0,0,0.36448273
0,1,0.5133242
0,0,0.27402416
0,0,0.27253017
0,0,0.29827735
0,1,0.7062911
0,0,0.3101964
0,0,0.4617027
0,1,0.63276154
0,0,0.28151074
0,0,0.26418066
1,1,0.74465495
0,1,0.7413494
0,0,0.22352155
0,1,0.5428373
0,0,0.22352155
0,1,0.6158789
0,0,0.27253017
0,1,0.5895629
0,1,0.6182148
0,1,0.68566793
0,1,0.514487
1,1,0.6623071
0,0,0.23663488
0,0,0.3827811
0,1,0.5261864
0,1,0.66746587
0,1,0.63369876
0,0,0.25076014
0,1,0.6809742
0,1,0.5039114
0,1,0.6318166
0,1,0.7167051
0,1,0.7444044
0,1,0.66746587
0,0,0.36489978
0,0,0.27884445
0,1,0.6420329
0,1,0.6418903
0,1,0.522615
0,0,0.24616136
1,1,0.72373545
0,1,0.52885574
0,1,0.50990427
0,1,0.66746587
0,1,0.68566793
0,1,0.6783991
0,0,0.27402416
0,0,0.38822806
0,1,0.7167051
0,1,0.632786
0,0,0.3855155
0,0,0.23663488
0,1,0.6915149
0,0,0.46165118
0,1,0.50990427
0,1,0.70561004
0,0,0.23719393
0,1,0.7515432
0,1,0.5581958
0,1,0.6746474
0,1,0.52762824
0,0,0.24673557
0,0,0.32166192
0,0,0.27253017
0,1,0.66746587
0,0,0.27479926
0,0,0.27673075
0,0,0.22352155
0,1,0.5553718
1,1,0.55237377
0,0,0.23663488
0,0,0.49691707
0,0,0.23663488
0,0,0.2930631
0,1,0.71559936
0,0,0.37753072
0,0,0.22352155
0,1,0.753394
0,0,0.29044458
0,0,0.22352155
0,1,0.514487
1,1,0.72349185
0,1,0.75120264
0,0,0.46480638
0,0,0.449327
0,0,0.34514794
0,1,0.70895296
0,0,0.37054166
0,0,0.29374227
1,1,0.7524008
0,1,0.6041236
0,0,0.2807106
0,0,0.37054166
1,1,0.55237377
0,0,0.37362358
0,0,0.28067133
0,0,0.23663488
0,1,0.507501
0,1,0.65660673
0,0,0.37753072
0,0,0.23663488
0,0,0.22352155
0,0,0.27759105
0,0,0.3827811
0,0,0.44577476
0,1,0.50708336
0,0,0.22352155
0,0,0.29643974
0,0,0.29107323
0,1,0.5248473
0,1,0.590403
0,1,0.522615
0,1,0.7407198
1,1,0.6654817
0,0,0.369696
0,0,0.37742835
0,1,0.6200328
0,1,0.63599473
0,1,0.6509898
1,1,0.5783442
1,1,0.67714906
0,0,0.43286443
0,0,0.29827735
0,0,0.27612507
0,0,0.27612507
0,1,0.7078185
0,0,0.3409329
0,1,0.7167051
0,0,0.27612507
1,1,0.6372104
0,1,0.51689214
0,0,0.24673557
0,1,0.6623071
0,0,0.27612507
0,0,0.29220703
1,1,0.7086748
0,0,0.27402416
0,0,0.3827811
0,1,0.6623071
0,0,0.27673075
0,0,0.44577476
1,1,0.71559936
1,1,0.71559936
0,0,0.29199886
0,1,0.5094867
0,1,0.5094867
0,0,0.37706155
0,0,0.38523713
0,0,0.3862981
1,1,0.6825408
0,1,0.5208041
0,0,0.30240172
0,1,0.57589346
1,1,0.6696042
0,1,0.65039515
0,0,0.23663488
0,0,0.27832934
0,0,0.369696
0,1,0.64017934
0,0,0.38355657
0,1,0.63276154
0,0,0.4359629
0,0,0.3299918
0,0,0.23663488
0,1,0.7078185
0,0,0.27612507
0,0,0.32245407
0,0,0.3663357
0,0,0.27402416
0,1,0.54905933
0,0,0.23663488
0,0,0.37992215
0,1,0.5121358
0,0,0.27919272
0,1,0.5553718
0,0,0.37071064
0,1,0.514487
0,0,0.38643712
0,1,0.5094867
0,0,0.29058883
0,0,0.36066073
0,0,0.27253017
0,1,0.7413494
0,0,0.3110743
1,1,0.6420329
0,1,0.56271434
0,0,0.27253017
1,1,0.72007704
0,0,0.38523713
0,0,0.3298584
0,1,0.54905933
0,1,0.57589346
0,0,0.29058883
0,0,0.27253017
0,0,0.2930631
1,0,0.46350828
0,0,0.23719393
0,1,0.7213093
0,0,0.23663488
0,1,0.72281516
0,0,0.27253017
0,0,0.27253017
0,1,0.6117166
0,0,0.27253017
0,0,0.24616136
0,1,0.5195196
0,0,0.46522206
0,0,0.22352155
0,1,0.6864176
1,1,0.522615
0,1,0.5121358
0,1,0.70715034
0,0,0.22352155
0,0,0.3252809
0,1,0.56104434
0,0,0.23663488
0,0,0.29405573
0,0,0.4617027
0,1,0.64017934
0,1,0.52252674
1,1,0.51422703
0,0,0.38924125
0,1,0.70561004
0,0,0.23663488
0,0,0.24673557
0,1,0.65361536
1,0,0.4614411
0,0,0.27938464
0,0,0.3693636
0,1,0.5105326
0,1,0.6809742
0,1,0.65399593
0,0,0.36699393
0,1,0.6117166
0,0,0.29482833
0,0,0.3267093
0,0,0.46702865
0,0,0.22352155
0,1,0.6623071
0,0,0.27402416
0,0,0.27884445
0,1,0.68515724
1,1,0.7177878
0,0,0.23663488
0,0,0.27809605
0,1,0.57589346
0,0,0.27809605
0,0,0.44577476
0,1,0.6714837
0,0,0.23663488
0,0,0.27402416
0,0,0.23663488
0,1,0.67393833
0,0,0.27253017
0,0,0.27330264
0,1,0.6829867
0,0,0.464525
0,1,0.5845223
1,1,0.7413494
0,0,0.29199886
0,1,0.70715034
0,1,0.70564365
0,0,0.3641887
0,1,0.56728554
0,1,0.5195196
0,1,0.68566793
0,1,0.6890273
0,0,0.27253017
0,1,0.5111819
0,1,0.7553079
0,1,0.6922143
0,0,0.3641887
0,0,0.38355657
0,1,0.66955245
0,0,0.3890418
0,0,0.27612507
0,1,0.5117183
0,0,0.23854336
0,1,0.70895296
0,0,0.38924125
0,1,0.6764136
0,1,0.51711893
0,1,0.5246491
0,0,0.24673557
0,1,0.5068006
0,0,0.3885752
0,0,0.3907484
0,1,0.6332667
0,1,0.5121358
0,1,0.6398188
0,1,0.66746587
0,0,0.3645191
0,0,0.27938464
0,1,0.5195196
0,1,0.5061956
0,0,0.36057633
0,1,0.5208041
0,0,0.38523713
0,1,0.56271434
0,0,0.22352155
0,0,0.24869893
0,0,0.27402416
0,1,0.5553718
0,0,0.22352155
0,1,0.5258316
0,0,0.23663488
1,1,0.7062911
0,1,0.5568373
0,0,0.27612507
0,0,0.32949528
0,0,0.38822806
0,0,0.29058883
0,1,0.66746587
0,0,0.27673075
0,0,0.27612507
0,0,0.2941492
1,1,0.7167051
0,1,0.5134132
0,1,0.66746587
0,1,0.50636685
0,0,0.3693636
0,1,0.61702013
0,1,0.7148688
0,1,0.57589346
0,0,0.27253017
1,1,0.70715034
0,0,0.46702865
1,1,0.63806
0,0,0.27253017
0,0,0.22352155
0,1,0.5282341
0,1,0.6724418
0,1,0.68566793
1,0,0.32757616
1,1,0.7177878
0,1,0.50990427
0,1,0.5553718
0,0,0.31367224
0,1,0.50636685
0,1,0.5581958
0,0,0.27673075
1,1,0.6683016
0,1,0.71559936
0,0,0.45110276
0,0,0.312294
0,0,0.369696
0,0,0.27191758
0,0,0.3693636
0,0,0.3890418
0,0,0.38822806
1,1,0.7167051
0,1,0.57589346
0,1,0.5195196
0,0,0.369696
0,1,0.64017934
0,1,0.55237377
0,0,0.48549327
0,0,0.34788674
0,0,0.2930631
0,1,0.70715034
0,0,0.3641887
0,1,0.67511725
0,1,0.6829867
0,1,0.6783991
0,0,0.24926515
0,1,0.5121358
0,0,0.3052992
0,1,0.508599
0,1,0.63369876
0,1,0.5512695
0,0,0.27612507
1,1,0.7177878
0,0,0.4748112
0,0,0.23663488
0,0,0.27253017
0,1,0.50973296
0,1,0.6715822
0,0,0.22352155
0,0,0.3101964
0,0,0.26584342
0,1,0.7177878
0,0,0.23663488
0,1,0.7177878
0,0,0.36671716
0,1,0.65399593
0,0,0.46276256
0,0,0.38822806
0,0,0.29220703
0,1,0.5119959
0,1,0.56728554
0,1,0.50636685
0,1,0.5581958
0,1,0.71559936
0,0,0.23663488
0,0,0.46702865
0,1,0.5162113
0,0,0.43440458
0,0,0.23663488
0,0,0.3052992
0,1,0.63981473
0,0,0.47293952
0,1,0.63806
0,1,0.6117166
0,1,0.6041236
0,0,0.27612507
0,1,0.7037272
0,0,0.22352155
0,0,0.36699393
0,1,0.5119959
0,0,0.464525
0,0,0.38822806
0,0,0.22352155
0,1,0.6029069
0,1,0.56104434
0,0,0.3110743
0,1,0.5512695
0,0,0.23663488
0,0,0.27938464
0,0,0.22352155
0,1,0.5119959
0,0,0.2767697
0,1,0.514487
0,0,0.24673557
0,0,0.27253017
0,0,0.3101964
0,0,0.27402416
0,0,0.22352155
0,1,0.6158789
0,1,0.551201
0,0,0.23663488
0,1,0.5162113
0,1,0.7407198
0,0,0.27612507
1,1,0.70564365
0,0,0.38822806
0,0,0.27402416
0,0,0.2921197
0,1,0.6623071
0,1,0.5184412
0,1,0.51711893
0,0,0.27938464
0,1,0.59249556
0,0,0.22352155
0,0,0.23663488
0,0,0.28923473
0,0,0.3645191
0,1,0.66746587
0,1,0.5093154
0,0,0.3101964
0,0,0.22352155
0,0,0.37753072
0,1,0.55237377
0,0,0.44889247
0,0,0.37054166
1,1,0.7002684
1,0,0.38355657
0,0,0.3436558
0,0,0.27402416
0,0,0.385396
0,1,0.7524008
0,1,0.7177878
0,0,0.23663488
0,1,0.514487
0,0,0.38523713
0,1,0.7553079
0,0,0.27759105
0,0,0.38822806
0,1,0.6041236
0,1,0.53039163
0,1,0.62457997
0,0,0.27253017
0,1,0.7177878
0,1,0.6317091
0,0,0.27884445
0,0,0.37937343
0,0,0.23663488
0,0,0.4460652
0,0,0.29058883
1,0,0.35359046
0,1,0.66746587
0,1,0.56104434
0,1,0.5805488
0,0,0.27479926
0,0,0.36673987
0,0,0.23663488
0,0,0.3728318
0,0,0.3641887
0,1,0.6504526
0,0,0.3855155
0,0,0.23663488
0,1,0.50081056
0,1,0.55237377
0,1,0.6720032
0,0,0.38822806
0,0,0.27832934
0,1,0.70640695
0,0,0.22352155
0,0,0.22352155
0,0,0.23663488
0,0,0.3728318
0,1,0.5184412
0,0,0.27612507
0,1,0.6563319
0,0,0.29296818
0,0,0.3645191
0,0,0.46522206
0,1,0.70895296
1,1,0.6628003
1,1,0.68566793
0,1,0.7037272
0,0,0.23663488
0,1,0.5805488
1,1,0.7167051
0,1,0.6737591
0,1,0.70564365
0,0,0.38924125
0,0,0.27809605
0,0,0.2975936
0,0,0.29107323
0,0,0.24616136
1,1,0.69989395
0,1,0.62457997
0,0,0.27884445
0,1,0.5195196
0,1,0.5167175
0,1,0.5490953
0,0,0.27884445
0,0,0.3786706
0,1,0.6915149
0,1,0.7524008
0,1,0.70715034
0,1,0.50990427
0,1,0.5184412
0,0,0.24616136
0,0,0.4617027
1,1,0.5796532
0,0,0.38523713
0,0,0.27402416
0,0,0.3088179
0,1,0.6158789
0,0,0.3641887
0,1,0.56271434
0,0,0.23663488
0,0,0.27253017
0,0,0.34514794
0,0,0.28045055
1,1,0.7148688
0,1,0.57589346
0,1,0.6915149
0,1,0.67132527
0,0,0.22352155
0,0,0.24673557
0,0,0.37753072
0,0,0.4330291
0,1,0.68515724
0,0,0.2975936
0,0,0.28974444
0,1,0.5512695
0,1,0.58795536
0,0,0.27253017
0,0,0.22352155
0,0,0.23663488
0,0,0.45419538
0,1,0.7182988
0,1,0.67594445
0,0,0.27402416
0,0,0.29058883
0,1,0.63276154
0,1,0.62457997
1,1,0.7524008
0,1,0.5184412
1,1,0.6753706
0,0,0.34514794
0,0,0.23663488
1,1,0.7553079
0,1,0.70640695
0,0,0.449247
0,0,0.4390347
0,0,0.30894026
0,0,0.27479926
0,1,0.6779525
0,0,0.27479926
0,1,0.5553718
0,0,0.27479926
0,1,0.68515724
1,1,0.54987216
0,1,0.7407198
1,1,0.6895346
0,0,0.3645191
0,0,0.27884445
1,0,0.27809605
0,1,0.68566793
0,1,0.61249936
1,1,0.6779525
0,1,0.50708336
0,0,0.24616136
0,1,0.5345831
0,0,0.22352155
0,0,0.3728318
0,1,0.5195196
0,0,0.23663488
0,0,0.4617027
0,1,0.71559936
0,0,0.45460963
1,1,0.65929705
1,1,0.6117166
0,1,0.5016594
1,1,0.6563319
0,1,0.6790369
0,1,0.70010626
0,0,0.22535543
1,1,0.6532314
0,0,0.28045055
0,0,0.23663488
0,0,0.2952521
0,0,0.36283854
0,0,0.22352155
0,0,0.23663488
0,1,0.6623071
0,1,0.6029069
0,1,0.66428393
0,1,0.7176476
0,0,0.46702865
0,0,0.23663488
0,1,0.7177878
0,1,0.5195196
0,1,0.5512695
0,1,0.6451371
0,0,0.37706155
0,0,0.26418066
0,1,0.5121358
0,0,0.25076014
0,0,0.24673557
0,0,0.29220703
0,0,0.27402416
0,1,0.6902399
0,1,0.5195196
0,1,0.6041236
0,1,0.7167051
0,0,0.23663488
0,0,0.22352155
0,0,0.27253017
1,0,0.3409329
1,1,0.5581958
0,0,0.45549792
0,1,0.7167051
0,0,0.29058883
0,0,0.32166192
0,1,0.7167051
0,1,0.62457997
0,0,0.27612507
0,0,0.22352155
0,0,0.37992215
0,0,0.27402416
0,0,0.3683082
0,1,0.66686577
0,0,0.23663488
0,1,0.670961
0,0,0.27479926
0,1,0.5195196
1,1,0.5581958
0,0,0.27479926
0,0,0.27253017
0,1,0.69788283
0,0,0.4459405
0,0,0.23663488
0,1,0.508599
0,1,0.70715034
0,1,0.74465495
0,0,0.27402416
0,1,0.5581958
0,0,0.37054166
0,0,0.22352155
0,1,0.5195196
0,1,0.65124184
0,0,0.4617027
0,1,0.5258316
0,0,0.29237172
0,1,0.5553718
0,1,0.60109264
0,1,0.5581958
0,0,0.3728784
1,1,0.69788283
1,1,0.74465495
0,1,0.70895296
0,1,0.507501
0,0,0.27673075
0,1,0.5093154
0,0,0.23663488
0,0,0.23663488
0,0,0.3728784
0,1,0.6764136
0,0,0.27479926
0,1,0.5512695
0,1,0.7177878
0,0,0.27253017
0,0,0.23663488
1,1,0.696687
0,0,0.36503965
0,1,0.65045273
0,0,0.36214003
0,1,0.5246491
0,0,0.24673557
0,1,0.70782936
0,0,0.3862981
1,1,0.7524008
0,0,0.27919272
0,1,0.50973296
0,0,0.27884445
0,0,0.29058883
0,0,0.23663488
0,0,0.23663488
0,0,0.22352155
0,0,0.2952521
0,0,0.36071548
0,1,0.61249936
0,1,0.61860955
0,0,0.22352155
0,0,0.3827811
0,1,0.5119959
0,1,0.54987216
0,0,0.37362358
0,0,0.23663488
0,0,0.27612507
0,0,0.23663488
0,0,0.23663488
0,0,0.28067133
0,1,0.6915149
0,0,0.27402416
0,1,0.56104434
0,0,0.3848155
0,1,0.5568373
1,1,0.6714837
0,0,0.38523713
0,1,0.71559936
0,0,0.27402416
1,0,0.37937343
0,0,0.27253017
1,1,0.71332777
0,1,0.67714906
0,0,0.3827811
0,1,0.71715105
0,0,0.27938464
0,1,0.75253874
0,1,0.50081056
0,1,0.5895629
0,0,0.27479926
0,1,0.63595676
0,0,0.22352155
0,0,0.3110743
0,0,0.274624
0,0,0.3409329
0,1,0.70782936
0,1,0.6451371
0,0,0.312294
0,0,0.29220703
0,1,0.6829867
1,1,0.5167175
0,0,0.35639623
0,1,0.7222054
0,0,0.29482833
0,1,0.6902399
0,0,0.46480638
0,0,0.22352155
0,0,0.34788674
1,1,0.70782936
0,1,0.6623071
0,0,0.29058883
0,1,0.57589346
1,1,0.63679814
0,0,0.37216923
0,1,0.56104434
0,0,0.3890418
0,0,0.2930631
0,0,0.22352155
1,1,0.6714837
0,1,0.5195196
0,1,0.52406466
0,0,0.26352033
0,0,0.27479926
0,0,0.4748112
1,0,0.3042258
0,1,0.5162113
0,1,0.5345831
0,0,0.24869893
0,0,0.37117597
0,0,0.22352155
0,1,0.55237377
0,1,0.5258316
1,1,0.7553079
0,1,0.597249
0,1,0.66746587
1,0,0.4925565
0,0,0.23663488
1,1,0.6741273
0,1,0.65773195
0,0,0.3409329
0,1,0.5246491
0,1,0.66686577
1,0,0.3827811
0,0,0.24673557
0,0,0.22352155
0,0,0.46702865
0,0,0.27402416
0,1,0.632786
0,1,0.7177878
0,0,0.23663488
0,0,0.23663488
0,0,0.23663488
0,1,0.68515724
0,1,0.68566793
0,0,0.3693571
0,0,0.31367224
0,1,0.7167051
0,1,0.6651041
0,0,0.27809605
0,1,0.6029069
0,0,0.38822806
0,0,0.38822806
0,1,0.65361536
0,0,0.27479926
0,0,0.26418066
0,1,0.70561004
0,0,0.37071064
0,0,0.23663488
0,0,0.29044458
0,0,0.38173616
0,0,0.29058883
0,1,0.55237377
0,0,0.24673557
0,0,0.29058883
0,1,0.51622486
0,1,0.5581958
0,0,0.23663488
0,1,0.6737591
0,1,0.56104434
0,1,0.6117166
1,1,0.514487
0,1,0.6829867
1,1,0.62457997
0,0,0.38711917
0,1,0.70010626
0,0,0.38711917
0,1,0.6724418
0,1,0.5111819
0,0,0.27919272
0,1,0.65399593
0,0,0.2733318
0,0,0.24673557
0,0,0.312294
0,0,0.22352155
0,0,0.4617027
1,1,0.75431997
0,1,0.6809742
1,1,0.5895629
0,0,0.27402416
0,1,0.70010626
0,1,0.6821899
0,1,0.590403
0,0,0.29220703
0,1,0.7063247
0,1,0.6213134
0,0,0.40352222
0,1,0.5121358
0,0,0.37710786
0,0,0.46702865
0,1,0.5195196
0,1,0.6683016
0,0,0.23663488
0,0,0.22352155
1,1,0.75120264
0,0,0.28974444
0,1,0.61249936
0,0,0.4459405
0,0,0.22352155
0,0,0.27884445
0,1,0.66477436
0,1,0.6821899
0,0,0.23663488
0,0,0.3848155
0,1,0.5167175
0,0,0.22352155
0,0,0.37117597
1,1,0.72373545
0,0,0.27479926
1,1,0.71332777
0,1,0.5553718
0,1,0.51422703
0,0,0.27402416
0,0,0.23663488
0,0,0.29721892
1,1,0.74465495
0,1,0.66746587
0,0,0.29044458
0,1,0.5553718
0,1,0.7082755
0,0,0.2717194
0,1,0.57589346
0,1,0.70715034
1,1,0.68515724
0,0,0.38822806
0,1,0.6738546
0,1,0.6182148
0,0,0.27479926
0,0,0.23663488
0,0,0.22352155
0,0,0.30853638
0,0,0.27479926
1,1,0.68515724
0,0,0.36323994
0,1,0.55237377
0,0,0.23663488
0,0,0.44271827
0,0,0.38822806
0,0,0.2541682
0,0,0.37179986
0,0,0.22352155
1,1,0.675137
1,1,0.6809742
0,1,0.7232895
0,0,0.29119283
0,1,0.67132527
0,0,0.27479926
0,0,0.29044458
0,1,0.5361166
0,0,0.27253017
0,0,0.28045055
0,1,0.5050291
0,1,0.508599
0,0,0.36354208
1,1,0.75120264
1,1,0.7177878
0,1,0.522615
0,0,0.4558934
0,0,0.28045055
0,0,0.27479926
0,0,0.46392292
0,0,0.46392292
0,0,0.31367224
0,0,0.27938464
0,0,0.27253017
0,0,0.3693636
0,0,0.27938464
1,1,0.64815605
0,0,0.30727026
0,0,0.27673075
1,1,0.67132527
0,0,0.45857
0,1,0.5050291
1,1,0.6318166
0,1,0.6041236
0,1,0.6372103
0,0,0.33000532
0,0,0.37117597
0,1,0.66746587
0,0,0.27402416
0,0,0.27612507
1,1,0.67436934
0,1,0.590403
0,0,0.27612507
0,0,0.3907484
1,1,0.66695946
0,1,0.65155846
0,0,0.46165118
0,1,0.5553718
1,1,0.7515432
0,0,0.22535543
0,0,0.45419538
0,1,0.64321613
0,0,0.31080067
0,0,0.27253017
0,0,0.30894026
0,1,0.7148688
0,0,0.23663488
0,1,0.5195196
0,0,0.27402416
1,1,0.63595676
0,0,0.29274946
1,1,0.68566793
0,0,0.45873654
0,0,0.38822806
0,1,0.6563319
0,0,0.34514794
0,1,0.7505316
0,0,0.27612507
0,1,0.62457997
0,0,0.34514794
0,0,0.27673075
0,1,0.6504526
0,1,0.6804456
0,1,0.70561004
0,0,0.29058883
0,1,0.7182988
0,0,0.277552
0,1,0.7082755
0,0,0.27253017
1,1,0.70895296
1,1,0.7407198
0,0,0.23842315
0,1,0.6829867
0,0,0.37992215
0,1,0.66695946
0,0,0.23663488
0,0,0.29058883
0,1,0.6915149
0,0,0.3786706
0,0,0.23663488
0,0,0.22352155
0,0,0.27612507
0,1,0.52406466
1,1,0.6029069
0,0,0.46702865
0,0,0.22352155
0,0,0.37992215
0,1,0.54728246
1,1,0.7167051
0,0,0.4460652
0,0,0.22352155
1,1,0.7167051
0,0,0.27612507
0,1,0.62457997
0,1,0.6714837
0,0,0.3862981
0,1,0.6837627
0,1,0.6915149
0,0,0.27884445
0,0,0.3299918
0,1,0.67132527
0,0,0.38822806
0,1,0.5195196
0,1,0.7148688
0,1,0.5177644
0,0,0.36699393
0,1,0.50973296
0,0,0.27938464
0,1,0.67714906
0,0,0.3663357
0,0,0.27402416
0,0,0.22352155
0,0,0.38523713
0,1,0.6683016
0,0,0.27253017
0,0,0.22352155
1,1,0.6821899
0,1,0.63806
0,1,0.5553718
0,1,0.64017934
0,0,0.22352155
1,1,0.72373545
0,0,0.4857929
0,0,0.38822806
1,1,0.653424
1,1,0.68515724
0,0,0.23663488
0,1,0.56104434
0,0,0.27253017
0,0,0.22535543
0,1,0.61249936
0,0,0.2733318
0,0,0.29721892
0,1,0.55237377
0,1,0.7411695
0,0,0.3853356
1,1,0.7524008
0,0,0.24616136
0,1,0.5167175
1,1,0.664496
0,0,0.23663488
0,0,0.3665972
1,1,0.55531543
0,0,0.23663488
0,0,0.2733318
0,1,0.56104434
0,1,0.6783991
1,0,0.29482833
0,0,0.27253017
0,1,0.5952556
0,0,0.3620049
0,1,0.70640695
0,1,0.5568373
0,0,0.34514794
0,0,0.22352155
0,0,0.29827735
0,1,0.5195196
0,0,0.37180638
0,1,0.6764136
0,1,0.6444348
0,1,0.64341
0,1,0.6779525
0,0,0.29044458
0,1,0.5248473
0,1,0.5195196
0,0,0.24616136
0,1,0.71668464
0,1,0.6825408
0,0,0.38822806
0,1,0.69788283
0,1,0.66695946
0,0,0.27330264
0,1,0.5103213
0,1,0.66746587
0,1,0.533241
0,0,0.27402416
0,0,0.29044458
0,0,0.29058883
0,0,0.4614411
0,0,0.3101964
0,0,0.34514794
0,1,0.69360965
0,0,0.27938464
0,1,0.6041236
0,0,0.45110276
0,0,0.23663488
0,1,0.5120848
0,1,0.66955245
0,0,0.46522206
0,1,0.50631505
0,0,0.29058883
0,0,0.27253017
0,0,0.22352155
0,1,0.62239563
0,1,0.70564365
0,0,0.2941492
0,0,0.46744463
0,0,0.3645191
1,1,0.55237377
0,0,0.36503965
0,0,0.32827556
0,1,0.55237377
0,0,0.22352155
0,1,0.6158789
0,0,0.29044458
0,0,0.27253017
1,1,0.68566793
0,0,0.29044458
0,1,0.7177878
0,0,0.38392705
0,0,0.23663488
0,0,0.3110743
0,0,0.22352155
0,0,0.34514794
0,0,0.45239633
0,1,0.71559936
1,1,0.72007704
1,1,0.7078185
0,0,0.2767697
0,1,0.5195196
0,1,0.6213134
0,0,0.34514794
0,0,0.3907484
0,0,0.27612507
0,0,0.27479926
0,0,0.27402416
0,0,0.369696
0,0,0.34514794
0,1,0.62451947
1,1,0.7167051
0,0,0.2826694
0,0,0.45857
0,1,0.7417984
1,1,0.5183358
0,0,0.2733318
0,0,0.27402416
1,1,0.7407198
0,1,0.67206824
0,1,0.6809742
0,1,0.5184412
0,1,0.6809742
0,0,0.22352155
0,1,0.6915149
0,0,0.29199886
0,0,0.3641887
0,0,0.27938464
0,0,0.29058883
0,0,0.27402416
0,0,0.34514794
0,0,0.22352155
0,1,0.7086748
0,1,0.57589346
0,0,0.27253017
0,1,0.57589346
0,1,0.7082755
0,1,0.5783442
0,0,0.3827811
0,1,0.72106427
0,0,0.24869893
1,1,0.70715034
0,1,0.6623071
0,1,0.5121358
0,0,0.36673987
0,1,0.70010626
0,0,0.3645191
0,0,0.3885752
0,1,0.63679814
1,1,0.632786
0,1,0.67714906
0,1,0.7002684
0,0,0.49426743
0,1,0.5162113
0,1,0.5074327
0,1,0.5081295
0,0,0.27938464
1,1,0.7086748
0,0,0.46276256
0,0,0.374651
0,0,0.3641887
0,1,0.5258316
0,1,0.6829867
0,0,0.3052992
0,0,0.45857
0,0,0.23663488
0,0,0.29643974
0,1,0.6843361
0,0,0.27402416
1,1,0.6029069
0,1,0.5121358
0,0,0.44889247
0,1,0.6821899
1,0,0.44889247
0,1,0.632786
0,0,0.2807106
0,0,0.27673075
0,0,0.3052992
0,0,0.449247
0,0,0.27253017
0,0,0.3728318
0,0,0.37314558
0,0,0.3409329
0,1,0.68135697
0,0,0.45873654
1,1,0.75431997
1,0,0.45110276
0,0,0.34514794
0,0,0.3641887
0,1,0.74465495
0,1,0.6029069
0,0,0.27402416
0,1,0.70640695
0,0,0.27402416
0,1,0.62753165
0,1,0.670961
0,1,0.74274737
0,0,0.3052992
0,0,0.33172613
0,0,0.23663488
0,1,0.6563319
0,1,0.6764136
0,0,0.3088179
1,1,0.7177878
1,0,0.28974444
0,0,0.33159238
0,1,0.5121358
0,1,0.5093154
0,0,0.40352222
0,1,0.7524008
0,1,0.5581958
0,1,0.5105326
0,1,0.57589346
0,0,0.22352155
0,1,0.63806
0,0,0.27479926
0,1,0.5105326
0,0,0.2952521
0,1,0.50990427
0,0,0.23663488
1,0,0.3827811
1,1,0.7148688
0,1,0.6915149
0,0,0.36057633
1,1,0.612206
0,1,0.6331694
0,0,0.29044458
0,0,0.29199886
0,0,0.29220703
0,0,0.306193
1,1,0.6753706
0,0,0.27673075
0,1,0.71559936
0,1,0.69718724
0,0,0.38711917
0,1,0.7407198
0,0,0.24869893
1,1,0.66695946
0,1,0.68566793
0,0,0.27612507
0,0,0.44577476
0,1,0.5428373
0,1,0.50973296
0,0,0.29220703
0,0,0.27253017
0,0,0.2975936
0,0,0.2921197
0,1,0.72007704
0,1,0.5119959
0,0,0.38822806
0,0,0.22352155
0,1,0.5532324
0,1,0.634049
0,1,0.66695946
0,1,0.5428373
0,1,0.71559936
0,1,0.71559936
0,1,0.61488
0,0,0.3728318
0,1,0.6759232
1,1,0.5581958
0,1,0.5512695
0,1,0.66746587
0,1,0.5805488
0,0,0.3907484
0,0,0.30953363
0,0,0.3659904
0,1,0.50708336
0,1,0.7177878
0,0,0.22352155
0,0,0.26352033
0,1,0.7553079
0,1,0.56728554
0,1,0.56104434
0,0,0.3848155
0,0,0.45419538
0,0,0.30894026
0,0,0.32949528
1,1,0.753394
0,0,0.37753072
1,1,0.71715105
0,1,0.54905933
0,0,0.27479926
0,0,0.38523713
0,1,0.5167175
0,0,0.369696
0,0,0.23663488
0,0,0.27253017
0,0,0.4621392
0,0,0.26418066
0,0,0.27479926
0,1,0.5023521
0,1,0.70715034
0,0,0.27612507
0,1,0.52885574
0,1,0.6182148
0,0,0.22352155
0,1,0.507501
0,0,0.32949528
0,0,0.44889247
0,0,0.26584342
1,0,0.29377422
1,0,0.4359629
1,1,0.753394
0,1,0.65399593
0,0,0.27690387
1,1,0.70564365
0,0,0.22352155
0,1,0.52252674
0,0,0.27479926
0,1,0.51422703
1,0,0.38822806
1,1,0.7524008
0,1,0.70010626
0,0,0.38230938
0,0,0.374651
0,0,0.3101964
0,1,0.5119959
0,0,0.32245407
0,1,0.6714837
0,1,0.51422703
0,0,0.29044458
0,1,0.72373545
0,0,0.31269324
0,0,0.3641887
0,0,0.4748112
0,0,0.27884445
0,1,0.55531543
0,1,0.70715034
1,0,0.3728784
0,0,0.24673557
0,0,0.36354208
0,1,0.70715034
0,1,0.52234256
0,0,0.26418066
0,0,0.32827556
0,0,0.24673557
0,0,0.23854336
0,0,0.3862981
0,1,0.6915149
0,0,0.38711917
0,0,0.45873654
0,1,0.70010626
0,0,0.35972443
1,1,0.5553718
0,0,0.3252809
1,1,0.70895296
0,1,0.551201
0,0,0.36503965
0,0,0.27690387
0,0,0.27809605
0,0,0.3907484
0,1,0.52252674
0,0,0.27402416
0,1,0.5703376
0,0,0.38822806
0,0,0.3068052
0,0,0.32166192
0,0,0.27479926
0,1,0.5532324
0,1,0.6821899
0,1,0.56104434
0,0,0.23663488
0,1,0.5532324
0,0,0.44889247
0,0,0.23663488
0,1,0.5581958
0,0,0.22352155
0,0,0.23663488
0,0,0.27938464
0,0,0.27402416
0,1,0.55237377
0,0,0.22352155
0,0,0.29058883
0,1,0.50990427
0,0,0.36699393
1,1,0.62457997
0,0,0.38643712
0,0,0.2902773
0,0,0.22352155
0,0,0.27402416
0,0,0.27402416
0,1,0.57589346
0,1,0.6504526
0,1,0.74465495
0,0,0.23663488
0,0,0.23663488
1,1,0.7177878
1,0,0.3252809
0,1,0.69718724
0,0,0.29058883
0,1,0.7177878
0,1,0.61053073
0,0,0.22352155
0,1,0.5037
0,1,0.6724418
0,1,0.6182148
0,0,0.27479926
0,1,0.50990427
0,1,0.69718724
0,1,0.65773195
0,1,0.6420279
0,1,0.66746587
0,1,0.66882646
0,0,0.29044458
0,1,0.7524008
0,1,0.675137
1,1,0.5568373
0,1,0.70010626
0,1,0.5952556
0,1,0.50708336
0,0,0.46522206
0,1,0.6651041
0,1,0.7524008
0,0,0.4925565
0,1,0.5074327
0,0,0.22352155
1,1,0.6764136
0,0,0.27479926
1,1,0.7524008
0,0,0.2902773
0,0,0.23663488
0,1,0.6332873
0,0,0.38523713
0,0,0.38264126
0,1,0.52406466
0,0,0.47567734
0,0,0.45268318
0,1,0.7086748
0,0,0.22352155
1,1,0.71559936
0,1,0.5805488
0,1,0.5581958
0,0,0.2921197
0,0,0.27884445
0,0,0.27253017
0,0,0.27253017
0,0,0.29119283
0,1,0.57589346
0,0,0.24616136
1,0,0.26635537
0,0,0.27832934
0,1,0.56728554
0,0,0.274624
0,1,0.72373545
0,0,0.3728784
0,1,0.7212175
0,1,0.50990427
0,1,0.6372104
0,1,0.5512695
1,1,0.6331694
0,0,0.22352155
0,1,0.61249936
0,0,0.3885752
1,1,0.7177878
0,0,0.4620231
0,1,0.6117166
0,0,0.3299918
1,1,0.6264767
0,0,0.3885752
0,0,0.27673075
0,0,0.2897524
0,1,0.5913222
0,0,0.37117597
0,0,0.27479926
0,1,0.70561004
0,0,0.46480638
0,0,0.27402416
0,1,0.6821899
0,0,0.38355657
1,1,0.7177878
0,0,0.38822806
0,0,0.3848155
0,1,0.56271434
1,1,0.5105326
0,1,0.5121358
0,0,0.24790362
1,1,0.6810161
0,0,0.3907484
0,1,0.55531543
0,0,0.44889247
0,0,0.26352033
1,1,0.74723405
0,0,0.4294976
0,0,0.27938464
0,0,0.38896495
0,1,0.69718724
0,1,0.74274737
0,1,0.66746587
0,0,0.3645191
0,1,0.70561004
0,1,0.7177878
0,0,0.27884445
0,1,0.66955245
0,0,0.38822806
0,0,0.25124198
0,1,0.653107
0,1,0.65594935
1,1,0.70640695
0,1,0.753394
0,1,0.7167051
0,0,0.34788674
0,1,0.70561004
0,0,0.36214003
0,0,0.27402416
0,0,0.27402416
0,0,0.27402416
0,0,0.27402416
0,1,0.57589346
0,0,0.27253017
0,0,0.3862981
0,0,0.23663488
0,1,0.72301775
0,0,0.38392705
0,0,0.29274946
0,0,0.37179986
0,1,0.7062911
1,1,0.7407198
0,0,0.22352155
0,0,0.4460652
0,0,0.27402416
0,1,0.675137
0,1,0.6700025
0,1,0.74274737
0,1,0.7407198
0,1,0.67714906
0,0,0.3101964
0,0,0.22352155
0,0,0.23663488
0,1,0.5980373
0,0,0.32166192
1,1,0.70564365
0,1,0.50636685
0,1,0.75431997
0,1,0.5532324
0,0,0.46522206
0,0,0.23663488
0,1,0.71559936
0,0,0.27253017
0,1,0.7177878
0,0,0.28045055
0,0,0.46702865
1,1,0.70977575
1,1,0.6789156
0,0,0.23663488
0,1,0.54905933
0,1,0.6821899
0,0,0.27479926
0,0,0.3645191
0,1,0.7177878
0,0,0.27938464
0,1,0.62451947
0,0,0.27612507
0,1,0.6474291
0,1,0.6117166
1,0,0.27479926
0,1,0.7048456
0,0,0.26564702
0,1,0.70715034
0,1,0.5121358
0,0,0.27759105
0,1,0.62457997
0,0,0.2930631
1,1,0.6508567
0,0,0.45886186
0,0,0.27612507
0,0,0.30894026
0,0,0.37742835
0,0,0.22352155
0,1,0.70640695
0,1,0.68515724
0,1,0.5961642
0,0,0.3645191
0,1,0.70715034
0,0,0.22352155
0,0,0.27253017
0,1,0.6915149
0,1,0.5195196
0,1,0.6915149
0,0,0.37071064
0,1,0.5121358
0,1,0.5553718
0,1,0.72373545
0,0,0.27938464
0,0,0.29482833
0,1,0.51711893
0,0,0.2952521
0,1,0.5428373
0,0,0.27330264
0,0,0.27612507
1,1,0.6922143
0,1,0.5167175
0,1,0.6790055
0,1,0.63429904
0,0,0.22352155
0,0,0.27612507
0,0,0.28974444
0,1,0.7048456
0,1,0.5093154
0,0,0.28974444
0,1,0.51659083
1,1,0.54905933
0,0,0.38523713
0,1,0.5553718
0,0,0.3085567
0,0,0.37362358
0,0,0.27402416
0,0,0.23663488
0,1,0.57589346
0,0,0.46744463
0,0,0.4752265
0,0,0.38392705
0,0,0.27612507
0,0,0.27253017
0,1,0.6946434
0,0,0.23663488
0,0,0.32827556
0,1,0.5258316
1,1,0.7151889
0,1,0.50636685
0,1,0.54905933
0,0,0.22352155
1,1,0.7002684
0,0,0.29044458
0,0,0.34514794
0,0,0.37640238
0,1,0.66746587
0,0,0.3907484
0,0,0.4653487
0,0,0.32715118
0,0,0.22535543
0,0,0.22352155
0,0,0.24673557
0,0,0.2921197
0,1,0.6117166
0,1,0.5428373
0,1,0.632786
0,0,0.38822806
0,1,0.6890273
0,1,0.62457997
0,1,0.6764136
0,1,0.62927336
0,0,0.27612507
0,1,0.6341408
0,1,0.632786
0,0,0.23663488
0,1,0.7167051
0,0,0.37742835
1,0,0.37791744
0,1,0.6158789
0,0,0.43816018
1,1,0.68515724
1,1,0.7177878
0,0,0.22352155
0,0,0.3659904
0,1,0.5581958
1,1,0.6801899
0,0,0.37117597
0,1,0.5135772
0,1,0.5393229
0,0,0.23910545
0,1,0.70715034
0,0,0.27253017
1,1,0.7466139
0,1,0.71959937
0,1,0.62457997
0,0,0.23663488
0,0,0.24616136
0,1,0.71559936
0,0,0.23663488
0,1,0.6041236
0,0,0.43591198
0,0,0.23663488
0,0,0.2952521
0,1,0.5119959
0,0,0.26418066
0,0,0.22352155
0,1,0.75431997
0,0,0.23663488
0,1,0.6352412
0,0,0.27330264
0,0,0.2733318
0,0,0.45460963
0,0,0.44994757
0,1,0.5246491
0,1,0.533241
0,0,0.36503965
0,1,0.5258316
0,0,0.3725857
0,0,0.27253017
0,0,0.2941492
0,0,0.34514794
0,0,0.27938464
0,1,0.57749414
0,0,0.3885752
0,0,0.27253017
0,0,0.27938464
1,1,0.67294645
0,1,0.5121358
0,0,0.27402416
0,1,0.6372103
0,1,0.6624212
0,1,0.54905933
0,0,0.32585293
0,1,0.5568373
0,1,0.61860955
0,1,0.5094867
0,0,0.27402416
0,1,0.56728554
0,1,0.6837627
0,1,0.6902399
0,0,0.36673987
0,0,0.46744463
1,1,0.6815304
0,0,0.27915356
0,0,0.27612507
1,1,0.59032154
0,0,0.4421984
0,0,0.22352155
1,1,0.65361536
0,0,0.34788674
0,0,0.3693636
0,0,0.2921197
0,1,0.6799304
0,0,0.45110276
0,0,0.28045055
0,0,0.27479926
0,0,0.34788674
0,0,0.27690387
1,0,0.3112821
0,0,0.27759105
0,0,0.37753072
0,0,0.27253017
0,0,0.23663488
0,0,0.29240337
0,1,0.67714906
1,1,0.507501
0,0,0.22352155
0,0,0.43631527
0,0,0.4628128
0,0,0.24673557
0,1,0.52669746
0,1,0.57589346
1,1,0.6825408
0,0,0.2975936
0,1,0.5862223
0,1,0.7151889
0,0,0.34514794
0,1,0.50636685
0,0,0.45873654
0,1,0.5183358
0,0,0.22352155
0,0,0.3298584
0,0,0.35972443
0,0,0.27402416
0,1,0.7524008
0,0,0.28021613
0,0,0.3088179
0,1,0.6532314
1,1,0.59032154
1,1,0.6809742
1,1,0.66746587
0,0,0.27938464
0,0,0.34514794
0,1,0.5093154
0,1,0.5258316
0,1,0.6041236
0,0,0.24673557
1,1,0.7177878
0,0,0.25076014
0,1,0.50636685
0,1,0.70564365
0,0,0.27253017
0,0,0.22352155
1,1,0.7524008
0,0,0.27884445
0,0,0.28974444
0,0,0.38523713
0,1,0.5345831
0,0,0.24673557
1,1,0.6915149
1,1,0.70849663
0,1,0.70564365
0,0,0.27253017
1,1,0.5568373
1,1,0.65163094
0,1,0.55237377
0,0,0.23663488
0,0,0.3641887
0,0,0.27612507
0,1,0.6303069
1,1,0.64017934
0,1,0.70715034
0,1,0.5553718
0,1,0.64628094
0,1,0.6829867
0,0,0.3110743
0,1,0.54427475
1,1,0.55531543
0,0,0.27253017
0,1,0.6372103
0,0,0.30970234
0,0,0.38392705
0,0,0.3827811
0,0,0.4488412
0,0,0.27402416
0,0,0.29442897
0,1,0.56104434
0,1,0.6437869
0,0,0.28974444
1,1,0.62457997
0,0,0.22352155
0,0,0.23663488
0,0,0.27612507
0,0,0.3693636
0,0,0.23663488
1,1,0.75431997
0,1,0.57589346
1,1,0.6915149
0,1,0.6890273
0,0,0.29058883
0,1,0.50990427
1,0,0.27253017
1,1,0.68695533
0,0,0.36503965
0,1,0.5703376
0,1,0.5162113
0,0,0.3299918
0,1,0.6657076
0,1,0.5121358
0,1,0.5195196
0,0,0.27402416
0,1,0.7148688
0,0,0.27673075
0,1,0.632786
0,1,0.71559936
0,0,0.32827556
0,1,0.6158789
0,1,0.6915149
0,0,0.27884445
0,1,0.55531543
1,1,0.68515724
0,0,0.27402416
0,0,0.27253017
0,0,0.35892507
0,1,0.5134205
0,0,0.23663488
0,1,0.6864176
0,0,0.46276256
0,0,0.22352155
0,0,0.38523713
0,0,0.24616136
0,1,0.5039632
0,1,0.6029069
0,1,0.6764136
0,1,0.71559936
0,0,0.37640238
0,0,0.27253017
0,0,0.27938464
0,0,0.27938464
0,0,0.3862981
0,1,0.6200328
0,1,0.6563319
0,0,0.23663488
0,1,0.5532324
0,1,0.6837627
0,1,0.74465495
1,1,0.5120848
0,1,0.66746587
1,1,0.7553079
0,1,0.5796532
0,1,0.74465495
0,0,0.26352033
0,1,0.7148688
0,0,0.37216923
0,1,0.55237377
0,0,0.29220703
0,1,0.6657076
0,0,0.46480638
0,1,0.71559936
1,1,0.68566793
0,0,0.45857
0,0,0.38355657
0,0,0.22352155
1,0,0.3728784
0,0,0.23663488
0,0,0.36503965
0,0,0.29222676
0,0,0.26564702
0,1,0.7082755
1,1,0.5195196
0,1,0.522615
0,1,0.5195196
0,0,0.4359629
0,1,0.50973296
0,0,0.3235214
1,1,0.71559936
0,0,0.3409329
0,1,0.5553718
0,0,0.3690479
0,0,0.22352155
0,0,0.2733318
0,0,0.27884445
0,1,0.5195196
0,1,0.63981473
0,0,0.27884445
0,0,0.25212696
0,0,0.23663488
0,1,0.57589346
0,1,0.5345831
1,1,0.70010626
0,0,0.274624
0,0,0.3827811
1,1,0.71569973
0,1,0.5094867
0,1,0.5195196
1,1,0.72007704
0,0,0.45857
0,1,0.74465495
0,0,0.27612507
0,1,0.55531543
0,0,0.27479926
0,0,0.29482833
0,0,0.38822806
1,1,0.62457997
0,0,0.22352155
0,1,0.6821899
0,0,0.46194944
0,0,0.46522206
0,1,0.5553718
0,0,0.23663488
0,0,0.28045055
0,1,0.62451947
0,0,0.22352155
0,1,0.70715034
1,1,0.70561004
0,1,0.5068006
1,1,0.6372103
0,1,0.57589346
0,0,0.37117597
0,0,0.23663488
0,1,0.5121358
0,0,0.27673075
0,0,0.29619974
0,1,0.57589346
0,0,0.37890336
0,1,0.50636685
0,0,0.37706155
1,1,0.75431997
0,1,0.5805488
0,0,0.27832934
0,1,0.6338867
0,0,0.28067133
0,0,0.34788674
0,0,0.43816018
0,0,0.2975936
0,1,0.54905933
0,0,0.29220703
0,1,0.6504526
0,0,0.2785721
0,0,0.37742835
1,1,0.7407198
0,1,0.50990427
1,1,0.6829867
0,0,0.34514794
1,1,0.7177878
0,1,0.71762604
0,0,0.3862981
0,1,0.50636685
0,1,0.69718724
0,0,0.27402416
0,0,0.27253017
0,1,0.71517426
0,0,0.29274946
0,1,0.5202155
0,1,0.5553718
0,1,0.6738546
0,1,0.6624212
0,0,0.3827811
0,0,0.26174045
0,0,0.27402416
0,0,0.27402416
0,1,0.514487
0,0,0.37753072
1,1,0.5203865
0,1,0.5393229
0,1,0.66900945
0,0,0.29368457
0,0,0.37992215
0,0,0.3862981
0,0,0.23663488
0,0,0.27253017
0,0,0.27884445
0,1,0.57589346
0,0,0.23663488
0,1,0.5195196
0,1,0.50973296
0,0,0.27253017
0,0,0.37742835
0,0,0.35020128
0,0,0.23663488
0,0,0.32166192
0,1,0.66746587
0,0,0.24869893
0,0,0.3728784
0,0,0.22352155
0,0,0.24869893
1,1,0.7167051
1,1,0.7524008
0,0,0.32949528
1,1,0.634049
0,0,0.3409329
0,1,0.56104434
0,0,0.3101964
0,0,0.44732463
0,0,0.23663488
1,1,0.62457997
0,0,0.34514794
0,1,0.5428373
0,1,0.5121358
0,1,0.5553718
0,0,0.3299918
0,1,0.5532324
0,1,0.66746587
0,0,0.38660273
0,0,0.3827811
0,0,0.2941492
0,1,0.63276154
0,1,0.55531543
0,1,0.70561004
1,1,0.7082755
0,0,0.27612507
1,1,0.5121358
0,1,0.7167051
0,1,0.6326541
0,1,0.66746587
0,0,0.22352155
0,1,0.50081056
0,1,0.54905933
0,0,0.37117597
0,1,0.66746587
0,1,0.50636685
0,1,0.66695946
0,1,0.66695946
0,0,0.3827811
1,1,0.68566793
0,0,0.45857
0,0,0.22352155
0,0,0.44577476
0,1,0.50990427
0,0,0.24616136
0,0,0.27253017
0,0,0.23663488
0,0,0.29827735
0,0,0.46392292
0,1,0.6532314
0,1,0.67012393
0,0,0.3693636
0,0,0.45857
0,1,0.5258316
0,0,0.27253017
0,0,0.27612507
0,0,0.38230938
0,0,0.38523713
0,0,0.37753072
0,1,0.5074327
0,1,0.5195196
0,0,0.3827811
0,1,0.5195196
1,1,0.61702013
0,1,0.5117183
0,0,0.3436558
0,1,0.6783393
0,1,0.5428373
1,1,0.56104434
0,0,0.22352155
0,0,0.25276852
0,0,0.3134368
0,0,0.23663488
0,1,0.6451371
0,0,0.4658477
0,1,0.592297
0,0,0.23663488
0,0,0.37753072
0,0,0.27888358
0,1,0.5119959
0,0,0.27884445
0,0,0.22352155
0,0,0.27612507
1,1,0.71517426
0,1,0.67714906
0,1,0.57589346
0,0,0.38523713
0,1,0.50990427
0,0,0.38711917
0,0,0.34788674
1,1,0.7553079
0,0,0.32757616
0,1,0.6809742
0,0,0.27832934
0,1,0.7553079
0,0,0.3827811
0,0,0.23663488
0,0,0.27253017
0,0,0.36057633
0,1,0.5195196
1,1,0.72173
0,0,0.3409329
0,1,0.50973296
0,0,0.29442897
0,1,0.7082755
0,0,0.3728318
0,0,0.26564702
0,1,0.5553718
0,1,0.63007605
1,1,0.5184412
0,0,0.4658477
1,1,0.7524008
0,0,0.4614411
0,0,0.28974444
0,0,0.27938464
0,1,0.6825408
0,0,0.22352155
1,0,0.29374227
0,1,0.508599
0,1,0.67714906
0,0,0.27938464
0,1,0.6876357
1,1,0.55237377
0,1,0.61488
1,1,0.7177878
0,0,0.3663357
0,0,0.22352155
0,0,0.22352155
0,0,0.23663488
0,0,0.23663488
0,1,0.514487
1,1,0.7177878
1,1,0.670961
0,0,0.36354208
0,0,0.30961823
0,0,0.46522206
0,1,0.68515724
0,0,0.23663488
0,0,0.27612507
0,1,0.6372103
0,1,0.6821899
0,0,0.27888358
0,0,0.22352155
0,0,0.29044458
1,0,0.28974444
0,0,0.382466
0,0,0.23663488
0,0,0.27612507
0,0,0.3110743
0,1,0.7177878
0,0,0.46702865
0,0,0.38822806
0,1,0.50990427
1,1,0.70977575
0,0,0.23663488
0,1,0.5258316
0,0,0.22352155
0,1,0.5428373
0,0,0.29058883
0,0,0.38355657
0,1,0.61249936
0,0,0.274624
0,0,0.3645191
0,1,0.5195196
0,1,0.57589346
0,1,0.62457997
1,1,0.5783442
0,1,0.5512695
0,0,0.38924125
0,1,0.70561004
0,0,0.374651
0,1,0.7167051
0,0,0.22352155
0,0,0.35972443
0,0,0.37742835
0,0,0.28947642
0,1,0.59273493
0,0,0.36354208
0,1,0.54905933
0,0,0.38230938
0,0,0.23663488
0,1,0.6332667
0,0,0.23663488
0,1,0.7505316
0,1,0.5081295
0,0,0.48668167
0,0,0.36730266
0,0,0.27938464
0,0,0.27253017
0,1,0.7082755
0,0,0.27884445
0,0,0.27402416
0,0,0.24616136
0,0,0.23663488
0,0,0.3101964
0,0,0.36503965
0,1,0.6605597
0,0,0.46522206
0,0,0.38924125
0,0,0.46480638
0,0,0.27402416
0,0,0.24673557
0,0,0.3827811
0,0,0.22352155
0,0,0.3693636
0,1,0.5258316
0,0,0.27612507
0,1,0.7140855
0,0,0.27402416
0,1,0.57589346
0,0,0.3110743
0,0,0.29044458
0,0,0.3088179
1,1,0.70977575
1,1,0.64321613
0,1,0.70010626
0,0,0.382466
0,0,0.3052992
0,0,0.27402416
0,0,0.37710786
0,1,0.6158789
0,1,0.6420329
0,1,0.5105326
1,1,0.64156616
0,0,0.29058883
0,1,0.5093154
0,0,0.34788674
0,0,0.27479926
0,0,0.22352155
0,0,0.23663488
0,0,0.27884445
1,1,0.67294645
0,1,0.6628003
0,0,0.43816018
0,0,0.38711917
0,1,0.68515724
0,1,0.65361536
0,1,0.61860955
0,1,0.5512695
0,0,0.27253017
0,0,0.27938464
0,1,0.70010626
0,1,0.7177878
0,1,0.522615
0,0,0.46522206
0,0,0.24673557
0,0,0.24616136
0,1,0.67714906
0,0,0.37992215
0,0,0.46522206
0,1,0.5093154
0,0,0.3728318
0,0,0.37706155
0,0,0.37054166
0,0,0.3641887
0,1,0.63429904
0,0,0.38822806
0,1,0.5361166
0,0,0.23663488
0,0,0.27253017
0,1,0.67012393
0,1,0.7212175
0,1,0.6372103
0,0,0.27253017
0,1,0.71668464
0,0,0.3728318
1,1,0.57589346
0,1,0.5195196
1,1,0.70640695
0,0,0.38230938
0,1,0.6566141
0,1,0.514487
0,1,0.7553079
0,0,0.23663488
0,1,0.7167051
0,1,0.7205877
0,1,0.57948744
0,1,0.5105326
0,1,0.5195196
0,0,0.23663488
0,0,0.38264126
1,1,0.7063247
0,0,0.46276256
0,1,0.5050291
0,0,0.44577476
0,1,0.67206824
0,0,0.35972443
0,0,0.27402416
1,1,0.63655084
0,0,0.28045055
0,1,0.67132527
0,1,0.5393229
0,1,0.57589346
0,0,0.24869893
0,0,0.27253017
0,0,0.27479926
0,1,0.66351396
0,1,0.56104434
0,1,0.54905933
0,0,0.34788674
0,0,0.38523713
1,1,0.7524008
0,1,0.51422703
0,1,0.5167175
0,0,0.29058883
1,1,0.7177878
0,0,0.29867294
0,1,0.5184412
0,0,0.39259186
0,0,0.37117597
0,1,0.6158789
0,0,0.36214003
0,0,0.37992215
0,0,0.22352155
0,1,0.7078185
0,0,0.22352155
0,1,0.7063247
0,0,0.29220703
0,1,0.56104434
0,1,0.50750065
0,1,0.54905933
0,1,0.6182148
0,0,0.23663488
1,1,0.65361536
0,0,0.30727026
0,0,0.37753072
0,0,0.44577476
0,1,0.50973296
0,0,0.27884445
1,1,0.7553079
0,0,0.29058883
0,0,0.22352155
0,1,0.5121358
0,1,0.61249936
0,1,0.7177878
0,1,0.6158789
0,0,0.27402416
0,1,0.70715034
1,1,0.6764136
1,1,0.50636685
0,0,0.22352155
0,0,0.22352155
0,0,0.45460963
0,0,0.2785721
0,1,0.7524008
0,0,0.23663488
0,1,0.5195196
0,1,0.753394
0,1,0.74559665
1,1,0.70715034
0,0,0.44321102
0,1,0.7524008
0,1,0.69989395
0,0,0.27253017
0,1,0.72007704
0,1,0.514487
0,0,0.3799738
1,1,0.7524008
0,0,0.27253017
0,1,0.5121358
0,0,0.27938464
0,0,0.4614411
0,1,0.5117183
0,1,0.67012393
0,0,0.24616136
0,0,0.24616136
0,1,0.56271434
0,0,0.23663488
0,1,0.55531543
0,0,0.27253017
1,1,0.71959937
0,0,0.4459405
1,1,0.5086069
0,1,0.5195196
0,1,0.5195196
0,0,0.29058883
0,0,0.3641887
0,0,0.4614411
0,1,0.7167051
0,0,0.27253017
0,0,0.27253017
0,0,0.3907484
1,1,0.670961
1,0,0.3042258
0,1,0.72313493
0,0,0.22352155
0,1,0.50708336
0,0,0.43642423
0,0,0.27253017
0,0,0.23663488
0,1,0.7141186
0,0,0.3855155
0,0,0.3088179
0,1,0.5094867
0,1,0.70640695
0,1,0.62457997
0,0,0.3855155
0,0,0.2921197
0,1,0.5393229
0,1,0.57589346
0,0,0.37992215
0,0,0.36671716
0,0,0.22352155
0,0,0.37640238
0,1,0.5553718
0,0,0.38711917
0,1,0.7082755
0,1,0.5039831
0,1,0.5120848
0,1,0.66882646
0,1,0.71223485
0,1,0.6897541
0,1,0.6158789
0,1,0.5428373
0,0,0.37254
0,0,0.36214003
0,0,0.38924125
0,0,0.3118751
0,0,0.2941492
0,1,0.6504526
0,1,0.5093154
1,1,0.56104434
0,0,0.27253017
0,1,0.6915149
0,0,0.3827811
1,1,0.7553079
1,1,0.71959937
0,1,0.6790055
0,1,0.74465495
0,1,0.6372104
0,1,0.65773195
0,0,0.48543152
0,0,0.36214003
0,0,0.24673557
1,1,0.66882646
0,0,0.27673075
0,1,0.7167051
1,1,0.5183358
0,1,0.5261864
0,0,0.27673075
0,1,0.5167175
0,0,0.2930631
0,0,0.27377596
0,1,0.590403
0,1,0.670961
0,0,0.23663488
0,1,0.55237377
0,1,0.5121358
0,0,0.43631527
0,1,0.50636685
0,1,0.66733605
1,1,0.71559936
0,0,0.36768293
0,0,0.23663488
0,1,0.51922464
0,0,0.27253017
0,1,0.50708336
0,0,0.23663488
0,0,0.27253017
0,0,0.37314558
0,0,0.23663488
0,0,0.3641887
0,1,0.6563319
0,0,0.44994757
0,1,0.5195196
0,0,0.38392705
1,1,0.70561004
0,1,0.53310806
0,1,0.72106427
0,0,0.28045055
0,1,0.6864176
0,0,0.27479926
0,0,0.22352155
0,0,0.37314558
0,0,0.24869893
0,1,0.5195196
0,0,0.34788674
0,1,0.6623071
0,0,0.23663488
0,0,0.24869893
1,1,0.7177878
0,1,0.6657076
0,1,0.66477436
0,0,0.37742835
0,0,0.3299918
0,0,0.27253017
0,0,0.27938464
0,1,0.514487
0,0,0.27253017
0,0,0.32286906
0,0,0.37117597
0,1,0.632786
0,1,0.6651041
0,0,0.23663488
0,0,0.24673557
0,1,0.5068006
0,1,0.5093154
0,0,0.27253017
0,0,0.36854684
0,0,0.23663488
0,1,0.5074327
1,0,0.3907484
0,0,0.27191758
0,1,0.5246491
0,0,0.23663488
0,0,0.3252809
0,0,0.29107323
0,0,0.27402416
0,1,0.66746587
0,1,0.71332777
0,0,0.27759105
0,1,0.52234256
0,1,0.50973296
0,0,0.24673557
0,0,0.38711917
0,1,0.67956036
0,1,0.5805488
0,1,0.50973296
0,1,0.62457997
0,1,0.5568373
1,1,0.5428373
0,0,0.27253017
0,1,0.56728554
0,1,0.63154286
1,1,0.6563319
0,0,0.24926515
0,1,0.56271434
0,0,0.3848155
0,1,0.6829867
0,0,0.27253017
0,0,0.23663488
1,1,0.7078185
1,1,0.508599
0,1,0.61702013
0,0,0.4459405
0,0,0.49691707
0,0,0.27884445
0,0,0.48278442
0,1,0.50708336
0,1,0.5050291
0,1,0.7524008
0,1,0.69788283
0,1,0.50990427
0,0,0.36489978
0,0,0.46480638
0,0,0.38392705
0,1,0.50990427
0,0,0.23663488
0,0,0.27402416
0,0,0.23663488
0,0,0.38847753
0,1,0.50081056
0,1,0.74465495
1,1,0.6326745
0,1,0.5553718
1,1,0.51422703
0,1,0.5512695
0,0,0.2919226
1,0,0.27479926
0,0,0.3827811
0,0,0.47790515
0,0,0.29220703
0,0,0.3799738
0,0,0.22352155
0,0,0.27690387
0,1,0.5167175
0,0,0.22352155
0,1,0.5195196
0,0,0.22352155
0,1,0.753394
1,0,0.46744463
0,1,0.6764136
0,1,0.70564365
0,1,0.50708336
1,1,0.7048456
0,1,0.5895629
0,1,0.68566793
0,0,0.23663488
0,1,0.65361536
0,1,0.52252674
0,0,0.22352155
0,1,0.5553718
0,0,0.24869893
0,0,0.29044458
0,1,0.5261864
0,0,0.46480638
0,0,0.36214003
0,0,0.27253017
0,1,0.67714906
1,1,0.70782936
0,0,0.4933986
0,0,0.3827811
0,0,0.46276256
0,1,0.57589346
0,0,0.23663488
0,0,0.3907484
0,0,0.274624
0,1,0.5195196
0,0,0.46702865
0,0,0.23663488
0,0,0.22352155
0,0,0.38355657
0,1,0.6829867
0,1,0.63596815
0,1,0.74465495
0,1,0.5783442
0,0,0.3728784
0,0,0.23663488
0,0,0.37254
0,1,0.51711893
0,1,0.5428373
0,1,0.71559936
0,1,0.7177878
0,0,0.24041347
0,0,0.46702865
0,0,0.27938464
0,1,0.6420279
0,0,0.40080371
0,1,0.6623071
0,1,0.507501
0,1,0.6606169
1,1,0.7177878
0,1,0.74465495
0,0,0.27253017
0,0,0.23663488
0,0,0.4675254
0,1,0.70564365
0,0,0.27253017
0,1,0.75431997
0,0,0.27253017
0,1,0.6764136
0,0,0.38822806
1,1,0.6804456
1,0,0.4614411
1,1,0.68566793
0,1,0.50636685
0,1,0.7413494
1,1,0.62457997
0,1,0.6821899
1,1,0.6783393
0,1,0.56104434
0,0,0.36768293
0,1,0.66746587
0,1,0.50990427
0,0,0.38523713
1,1,0.66746587
0,1,0.6372103
0,0,0.27253017
0,0,0.37117597
0,1,0.6158789
0,1,0.66733605
0,1,0.5094867
0,1,0.7407198
0,0,0.27612507
0,1,0.62457997
0,0,0.37640238
0,1,0.70715034
0,1,0.68566793
0,0,0.35972443
0,0,0.26352033
0,0,0.34514794
0,0,0.3728784
0,0,0.27612507
0,0,0.45857
0,1,0.70010626
0,1,0.6213134
0,0,0.23663488
0,1,0.7524008
0,1,0.6832502
0,0,0.27402416
0,1,0.5119959
0,0,0.30853638
0,0,0.23663488
0,0,0.27479926
0,0,0.22352155
0,0,0.22352155
0,1,0.7452783
0,0,0.27479926
0,1,0.50990427
0,1,0.61249936
0,0,0.23663488
0,0,0.22352155
0,0,0.38822806
0,1,0.5094867
0,1,0.5581958
0,0,0.23663488
0,0,0.22352155
0,0,0.27479926
0,0,0.3907484
0,0,0.38822806
1,1,0.7433737
0,0,0.23663488
0,0,0.3101964
0,1,0.7167051
0,1,0.5121358
0,0,0.27253017
0,1,0.57589346
0,0,0.23663488
0,0,0.24869893
0,0,0.24616136
0,1,0.675137
0,0,0.24673557
0,0,0.3799738
0,0,0.36768293
1,1,0.70715034
0,1,0.57589346
0,1,0.6764136
0,0,0.2791036
0,1,0.6915149
0,1,0.6615479
0,0,0.2941492
0,1,0.5039114
0,0,0.3752838
1,1,0.71559936
0,1,0.50631505
0,1,0.508599
0,0,0.3890418
1,1,0.64017934
0,0,0.22352155
0,1,0.6311095
1,1,0.5261864
0,1,0.6830538
0,0,0.32166192
0,1,0.5061956
0,0,0.37753072
0,1,0.71559936
0,1,0.508599
0,0,0.23663488
0,0,0.27938464
0,0,0.27402416
0,0,0.22352155
0,0,0.32585293
1,1,0.6815304
0,1,0.63135433
0,1,0.514487
0,1,0.632786
1,1,0.6837627
0,0,0.27402416
0,1,0.5195196
0,0,0.3907484
0,0,0.37640238
0,0,0.37706155
0,0,0.27253017
0,0,0.3112821
0,1,0.5802166
0,0,0.3885752
0,0,0.22352155
0,1,0.5873184
0,1,0.54905933
0,0,0.3827811
0,0,0.22352155
0,0,0.27191758
0,0,0.29119283
0,1,0.592297
0,0,0.27253017
0,1,0.51922464
1,1,0.50636685
0,1,0.6764136
0,1,0.5061956
0,0,0.23663488
0,0,0.37314558
0,0,0.23663488
0,0,0.46276256
0,0,0.36323994
0,0,0.37742835
0,0,0.45857
0,0,0.34788674
0,1,0.56104434
0,1,0.66746587
0,0,0.37742835
0,1,0.71559936
1,1,0.5805488
0,0,0.34788674
0,0,0.28974444
1,1,0.70076525
1,1,0.56104434
0,1,0.5184412
0,0,0.29058883
0,0,0.2941492
0,1,0.6764136
0,1,0.6830538
0,1,0.522615
0,0,0.22352155
1,1,0.71668464
0,1,0.5258316
0,1,0.5167175
0,0,0.2785721
0,1,0.62457997
0,1,0.5553718
0,0,0.27612507
0,1,0.63806
0,0,0.35972443
0,0,0.37753072
0,0,0.23663488
0,0,0.2807106
0,0,0.27402416
0,1,0.7176312
0,1,0.5162113
0,0,0.23663488
1,1,0.5532324
0,1,0.66746587
0,0,0.27612507
0,0,0.22352155
0,0,0.37117597
1,1,0.6563319
0,1,0.70564365
0,1,0.6683016
1,1,0.7082755
1,1,0.61860955
1,1,0.7177878
0,0,0.27612507
0,1,0.6821899
0,1,0.6158789
0,0,0.37742835
0,1,0.65399593
0,1,0.6350832
0,1,0.6915149
1,1,0.7407198
0,0,0.38663536
0,1,0.508599
0,0,0.27832934
0,0,0.27809605
0,0,0.46744463
0,1,0.5195196
0,1,0.5105326
1,1,0.67714906
0,0,0.27253017
0,1,0.5553718
0,0,0.23663488
0,0,0.46522206
0,0,0.3827811
0,0,0.29058883
0,0,0.36323994
0,0,0.22352155
0,0,0.3436558
0,1,0.5093154
0,0,0.44577476
0,1,0.50990427
0,0,0.38822806
0,0,0.24673557
0,0,0.3855155
0,0,0.3907484
0,1,0.55237377
0,0,0.3885752
0,1,0.69989395
0,1,0.56271434
1,1,0.7553079
0,0,0.22352155
1,1,0.6829867
0,1,0.68515724
0,1,0.5553718
0,0,0.38523713
1,0,0.3907484
0,0,0.2733318
0,0,0.29058883
0,0,0.385396
1,1,0.6200328
0,1,0.50708336
0,1,0.64017934
0,0,0.23663488
0,0,0.24926515
0,0,0.27673075
0,0,0.4359629
0,0,0.27612507
0,0,0.36057633
0,0,0.22352155
1,1,0.70010626
0,1,0.6746474
0,0,0.27402416
0,1,0.7177878
0,1,0.5167175
0,1,0.51711893
0,1,0.50636685
0,0,0.27253017
0,0,0.22352155
0,1,0.67294645
0,1,0.6041236
1,1,0.75431997
0,0,0.23663488
0,1,0.5512695
0,0,0.31367224
0,1,0.71559936
0,0,0.24869893
0,1,0.5162113
0,0,0.3645191
0,1,0.5532324
0,1,0.6764136
1,1,0.670961
0,0,0.3885752
0,0,0.2948783
0,0,0.38230938
0,0,0.27253017
1,1,0.5980373
0,1,0.6338867
1,1,0.57589346
0,1,0.5093154
0,1,0.71559936
0,0,0.22352155
0,1,0.5162113
0,1,0.50990427
0,0,0.23663488
0,1,0.6041236
0,1,0.70715034
0,0,0.2941492
0,1,0.55237377
1,0,0.23663488
0,0,0.27402416
0,1,0.5553718
0,1,0.62457997
0,0,0.27253017
0,1,0.5553718
0,1,0.74465495
0,1,0.68692714
0,0,0.3625239
0,0,0.27884445
0,0,0.2948783
0,0,0.37180638
0,1,0.50841963
0,0,0.34788674
0,0,0.27612507
0,0,0.27402416
0,1,0.6764136
1,1,0.63806
0,1,0.7082755
0,1,0.6339236
1,1,0.6837627
0,0,0.24616136
0,0,0.23663488
0,0,0.23663488
0,0,0.34788674
0,0,0.27402416
0,0,0.44994757
0,0,0.3827811
0,1,0.66746587
1,1,0.50636685
0,0,0.22352155
1,1,0.6902399
0,0,0.36673987
1,1,0.68376255
0,1,0.6491113
1,1,0.6508567
1,1,0.6029069
0,1,0.61249936
1,0,0.3728784
0,0,0.4460652
1,1,0.64017934
1,1,0.71223485
0,1,0.5094867
0,1,0.65399593
0,1,0.5039114
0,0,0.27673075
0,1,0.54905933
0,0,0.27884445
0,1,0.5208041
0,0,0.29058883
0,0,0.2952521
0,0,0.27402416
0,0,0.38711917
0,1,0.6825408
0,0,0.29277536
0,0,0.44553027
0,1,0.70640695
0,1,0.7037272
0,1,0.5167175
0,1,0.6563319
0,1,0.62451947
0,0,0.22352155
0,1,0.5001195
0,0,0.23663488
0,1,0.632786
0,0,0.46165118
0,1,0.6890273
0,1,0.7063247
0,0,0.37890336
0,0,0.44889247
0,0,0.27253017
0,1,0.63595676
1,1,0.70715034
0,0,0.45110276
0,0,0.36071548
0,0,0.22352155
0,0,0.28974444
0,0,0.27479926
1,1,0.7524008
0,1,0.71442467
0,1,0.50990427
1,1,0.66537374
1,1,0.57694983
0,0,0.45857
0,0,0.27479926
0,0,0.22352155
0,0,0.23663488
0,1,0.50636685
0,0,0.24673557
0,1,0.7177878
0,1,0.66746587
1,1,0.74377966
0,1,0.64017934
0,0,0.4617027
0,1,0.5094867
0,0,0.22352155
0,0,0.3110743
0,0,0.35775164
1,1,0.7505316
0,0,0.3693636
0,0,0.37640238
0,1,0.62457997
0,0,0.27253017
0,1,0.5117183
0,1,0.5094867
0,0,0.27253017
0,0,0.27402416
0,0,0.3885752
0,0,0.2930631
0,0,0.27479926
0,0,0.3782328
0,0,0.27402416
0,1,0.514487
0,1,0.5553718
1,1,0.61249936
1,1,0.62881863
0,0,0.3645191
0,1,0.7553079
0,1,0.5553718
0,1,0.51422703
0,0,0.22352155
0,0,0.27402416
0,0,0.44978532
0,0,0.27690387
0,1,0.5081295
0,0,0.28974444
0,0,0.38711917
0,0,0.23663488
0,0,0.22352155
0,0,0.27832934
0,1,0.514487
1,1,0.6425055
0,0,0.27402416
0,1,0.70715034
0,1,0.69989395
0,1,0.59018
0,0,0.30361947
0,0,0.27673075
0,0,0.27253017
0,0,0.27479926
0,1,0.6890273
0,1,0.56104434
0,1,0.5553718
0,0,0.24673557
0,0,0.22352155
0,1,0.5119959
0,1,0.65911853
0,0,0.24616136
0,1,0.51431584
0,1,0.66746587
0,1,0.6689234
0,0,0.24673557
0,1,0.70564365
0,1,0.7167051
0,0,0.37753072
0,1,0.5895629
0,1,0.66882646
0,0,0.2921197
0,0,0.27612507
0,0,0.27938464
0,1,0.6764136
0,0,0.3659904
0,0,0.27479926
0,0,0.3848155
0,0,0.27253017
0,0,0.24869893
1,1,0.6809742
0,0,0.23663488
0,0,0.32585293
0,1,0.5119959
0,0,0.27402416
0,1,0.5581958
0,1,0.50708336
0,0,0.46522206
0,0,0.38355657
0,1,0.51431584
0,1,0.55237377
0,0,0.37753072
0,0,0.27402416
0,1,0.7177878
0,0,0.2972195
0,1,0.7148688
0,0,0.3110743
0,0,0.47567734
0,0,0.27402416
0,0,0.27479926
0,1,0.52666676
1,1,0.7466139
0,0,0.3592257
0,0,0.22352155
0,1,0.670961
0,0,0.3409329
0,0,0.27402416
1,0,0.3827811
0,0,0.23663488
0,1,0.5195196
0,1,0.57589346
0,1,0.592297
0,1,0.5195196
0,0,0.34514794
1,1,0.66882646
0,0,0.27809605
1,1,0.6532314
0,0,0.4488412
1,1,0.68515724
0,1,0.5258316
0,1,0.6623071
0,0,0.36768293
0,0,0.23663488
0,0,0.27253017
0,0,0.3663357
0,0,0.24926515
0,1,0.6507978
0,0,0.4653487
0,0,0.37992215
1,0,0.37937343
0,1,0.632786
1,1,0.6837627
0,1,0.5167175
0,1,0.6309326
0,0,0.38822806
0,0,0.22352155
0,1,0.6581347
0,0,0.27253017
0,0,0.38924125
0,0,0.32585293
0,1,0.6418903
0,0,0.32949528
0,1,0.5532324
0,0,0.27884445
0,0,0.29199886
1,1,0.68566793
0,0,0.27253017
0,0,0.4460652
0,1,0.50973296
0,0,0.36503965
0,0,0.3855155
0,1,0.5976941
0,0,0.3862981
0,0,0.4617027
1,1,0.6451371
0,0,0.45857
0,0,0.27330264
0,0,0.25067553
0,0,0.3693636
0,0,0.22352155
0,0,0.27690387
0,0,0.22352155
0,0,0.23663488
0,0,0.28067133
0,1,0.670961
0,0,0.22352155
1,1,0.7407198
0,0,0.32166192
0,0,0.29827735
0,0,0.23663488
0,0,0.23663488
0,0,0.24673557
0,1,0.62457997
0,1,0.70564365
0,0,0.23663488
0,0,0.27673075
0,1,0.68515724
0,0,0.23663488
0,0,0.31367224
0,1,0.68692714
0,0,0.24673557
0,0,0.38643712
0,0,0.27938464
0,0,0.38643712
0,1,0.6764136
0,0,0.23663488
1,1,0.66746587
0,1,0.66746587
0,1,0.68515724
0,1,0.51622486
1,1,0.71559936
0,0,0.27479926
0,1,0.7055278
0,0,0.32585293
1,1,0.6837627
0,0,0.23663488
0,0,0.30727026
1,1,0.7177878
0,0,0.27612507
0,1,0.5532324
0,1,0.6117166
0,1,0.57676554
0,0,0.3827811
0,0,0.24616136
0,0,0.24616136
0,0,0.34001234
0,0,0.22352155
0,0,0.3645191
0,0,0.22352155
0,0,0.44440234
0,1,0.60567075
0,0,0.22352155
0,1,0.5093154
0,1,0.66746587
1,1,0.65248054
0,1,0.5023521
0,0,0.22352155
0,1,0.61249936
0,0,0.3862981
0,0,0.29058883
0,0,0.23663488
0,0,0.37640238
0,1,0.6809742
0,1,0.5121358
0,0,0.3827811
0,0,0.40080371
0,0,0.29044458
0,0,0.3827811
0,1,0.5121358
0,1,0.7553079
0,0,0.46702865
0,0,0.3827811
0,1,0.70640695
0,1,0.551201
1,1,0.6829867
0,0,0.27377596
1,1,0.74898547
0,0,0.38523713
0,0,0.27253017
0,1,0.51431584
0,1,0.6566141
0,1,0.5050291
0,1,0.50708336
0,0,0.36503965
0,0,0.27253017
0,0,0.2785721
0,1,0.5428373
0,0,0.38822806
0,0,0.23663488
0,1,0.55237377
0,0,0.27938464
0,0,0.27938464
0,1,0.5121358
0,0,0.3645191
0,1,0.6504526
0,1,0.5195196
0,0,0.32827556
0,0,0.36671716
0,1,0.5167175
0,0,0.23663488
0,0,0.24673557
0,1,0.5195196
0,0,0.3645191
0,1,0.62457997
1,1,0.72420883
0,0,0.33690384
0,0,0.3728784
0,1,0.7553079
0,0,0.24673557
0,0,0.23663488
1,1,0.6158789
0,1,0.61488
0,1,0.507501
0,1,0.56728554
0,0,0.32585293
0,1,0.70715034
0,0,0.3907484
0,1,0.7177878
0,1,0.5093154
0,1,0.6613686
0,0,0.3645191
0,0,0.45110276
0,0,0.3645191
1,1,0.6821899
1,1,0.696687
0,0,0.46392292
0,0,0.24869893
0,1,0.56104434
0,0,0.32585293
0,1,0.68566793
0,1,0.66746587
0,1,0.63275486
0,0,0.38523713
0,1,0.5167175
1,0,0.28974444
0,0,0.30712733
1,1,0.7177878
0,0,0.23663488
0,1,0.55531543
1,1,0.70715034
0,0,0.23663488
0,0,0.22352155
0,1,0.50973296
1,1,0.5796532
0,0,0.38523713
0,0,0.38711917
0,0,0.2930631
0,1,0.5119959
0,0,0.23663488
0,1,0.6829867
0,0,0.4519824
0,0,0.37117597
0,0,0.27479926
1,0,0.45419538
0,0,0.4519824
0,0,0.27612507
1,1,0.70977575
0,1,0.5117183
0,1,0.70039123
0,1,0.6915149
0,0,0.36503965
1,1,0.6623071
0,0,0.3641887
1,1,0.5117183
0,1,0.61249936
0,1,0.5568373
0,0,0.22352155
0,1,0.57589346
0,1,0.5167175
0,1,0.6200328
0,1,0.64017934
0,0,0.28021613
0,1,0.5783442
0,0,0.27253017
1,1,0.7413494
1,1,0.7553079
0,1,0.50990427
0,0,0.22352155
0,1,0.5512695
1,1,0.66477436
0,1,0.5195196
0,1,0.5119959
0,1,0.5117183
1,1,0.7433737
1,1,0.7553079
0,0,0.29044458
0,0,0.36854684
0,0,0.29220703
0,0,0.374651
0,0,0.22352155
0,1,0.6714837
0,1,0.70895296
0,1,0.5195196
0,0,0.27253017
0,1,0.5167175
0,0,0.27402416
0,0,0.23663488
0,1,0.5018307
0,1,0.632786
0,0,0.29470915
0,0,0.27938464
0,0,0.27402416
0,0,0.3683082
0,1,0.72301775
0,0,0.27402416
0,0,0.23663488
0,0,0.27612507
0,0,0.46702865
0,0,0.36489978
0,1,0.51422703
0,1,0.7524008
1,1,0.65911853
0,0,0.48052883
0,0,0.27809605
0,0,0.22352155
0,0,0.45549792
0,1,0.5039632
0,1,0.62451947
0,0,0.3641887
0,1,0.5074327
0,1,0.5117183
0,0,0.23663488
1,1,0.7524008
0,1,0.69718724
0,0,0.27938464
0,0,0.2975936
0,1,0.6764136
1,1,0.71559936
0,0,0.27402416
0,0,0.24869893
0,0,0.23663488
0,0,0.27479926
0,0,0.46480638
0,1,0.62457997
1,1,0.7452783
0,0,0.36019763
1,1,0.70564365
0,0,0.3641887
0,0,0.29044458
0,1,0.6815304
0,0,0.28974444
0,1,0.65045273
0,1,0.6138901
0,1,0.5512695
0,0,0.23663488
0,0,0.3728784
0,0,0.27612507
0,0,0.45110276
0,0,0.22352155
0,1,0.6041236
0,0,0.37054166
0,1,0.5195196
0,0,0.43944624
0,1,0.5512695
0,0,0.38355657
0,0,0.3252809
0,0,0.28045055
0,0,0.46522206
0,0,0.4519824
0,0,0.22352155
1,1,0.6915149
0,1,0.5568373
1,1,0.7063247
0,1,0.6508567
0,0,0.27330264
0,1,0.7177878
0,1,0.7524008
0,0,0.27832934
0,0,0.31367224
0,1,0.6213134
0,0,0.37640238
0,0,0.24616136
0,0,0.23663488
0,0,0.23663488
0,1,0.75120264
0,0,0.23663488
0,1,0.57589346
0,1,0.70977575
0,0,0.27253017
0,1,0.6158789
0,1,0.5098642
0,0,0.23663488
0,0,0.32949528
0,1,0.65399593
0,0,0.24616136
0,1,0.5553718
0,0,0.22352155
0,1,0.633011
0,1,0.7148688
0,1,0.6764136
0,1,0.70561004
1,1,0.56728554
0,1,0.74274737
0,0,0.26418066
0,1,0.66746587
0,0,0.27402416
0,0,0.24869893
0,0,0.27330264
0,1,0.52406466
1,1,0.5805488
0,0,0.2733318
0,0,0.36503965
0,0,0.46702865
0,0,0.49520597
0,0,0.37706155
0,1,0.56104434
0,0,0.38822806
0,1,0.5428373
0,1,0.5553718
0,1,0.5050291
0,1,0.6623071
0,0,0.4748112
0,1,0.62457997
0,0,0.27402416
0,0,0.23663488
0,0,0.3623845
1,1,0.675137
1,1,0.753394
0,1,0.6264767
0,1,0.5117183
1,1,0.72106427
0,1,0.6821547
0,1,0.5258316
0,1,0.7553079
0,0,0.37054166
0,1,0.6927477
0,0,0.312294
0,1,0.72007704
0,1,0.74274737
0,0,0.27673075
1,1,0.74274737
0,0,0.22352155
0,0,0.29405573
0,1,0.6764136
0,0,0.22352155
0,1,0.6316233
0,1,0.7177878
0,0,0.23663488
0,0,0.3799738
0,0,0.3862981
0,1,0.55237377
1,1,0.7205877
0,1,0.51431584
0,0,0.27673075
0,0,0.23663488
0,0,0.27253017
0,0,0.22352155
0,0,0.29827735
0,0,0.44889247
0,0,0.27673075
1,1,0.7452783
0,1,0.72007704
0,0,0.3907484
1,1,0.7177878
0,0,0.27330264
0,0,0.23663488
0,1,0.6563319
0,0,0.27191758
0,1,0.6689234
0,1,0.507501
0,0,0.27479926
0,0,0.34788674
0,0,0.4653487
0,0,0.2975936
1,1,0.7524008
0,0,0.38523713
1,1,0.68515724
0,0,0.27402416
0,0,0.4363948
0,0,0.43286443
0,0,0.29220703
1,1,0.74465495
0,0,0.37753072
0,0,0.26584342
1,1,0.5532324
0,0,0.27759105
0,1,0.54987216
1,1,0.50708336
0,0,0.36503965
0,0,0.32949528
0,0,0.26206294
0,0,0.27479926
0,1,0.64020544
0,1,0.7177878
0,0,0.3623845
0,0,0.33122832
1,1,0.6336185
0,1,0.7176312
0,0,0.23663488
0,1,0.508599
0,0,0.27612507
0,1,0.6474291
0,1,0.71223485
0,0,0.38711917
0,0,0.4530193
0,0,0.22352155
0,0,0.289428
0,0,0.27938464
0,1,0.60109264
0,1,0.5553718
0,1,0.6741273
0,1,0.5553718
0,0,0.34514794
0,1,0.50990427
0,1,0.6985358
0,1,0.7553079
0,0,0.3728784
0,1,0.66746587
0,1,0.64020544
0,1,0.7553079
0,0,0.27402416
0,1,0.6316233
0,0,0.43440458
0,0,0.29643974
0,1,0.6720032
0,1,0.5167175
0,1,0.51268953
0,0,0.23663488
0,1,0.50990427
0,1,0.5081295
0,0,0.23663488
0,0,0.29044458
0,0,0.3641887
0,1,0.5393229
0,0,0.22352155
0,0,0.27253017
0,0,0.22352155
0,0,0.3827811
0,0,0.3907484
1,1,0.66695946
0,0,0.27479926
0,1,0.68566793
0,0,0.28045055
0,0,0.2952521
0,1,0.5512695
0,1,0.5039114
0,1,0.70640695
0,0,0.3890418
0,1,0.6029069
1,1,0.6158789
0,0,0.4530193
0,0,0.27253017
0,0,0.24673557
0,1,0.6837627
0,0,0.33122832
0,1,0.5195196
0,1,0.5093154
0,1,0.54905933
0,0,0.30894026
0,0,0.37640238
0,0,0.38711917
1,1,0.7553079
0,0,0.38822806
0,1,0.5783442
0,0,0.27884445
0,1,0.70564365
0,1,0.50973296
0,0,0.23663488
0,0,0.27542943
0,0,0.22352155
0,1,0.67132527
1,0,0.34514794
0,0,0.27410567
0,0,0.27402416
0,0,0.29107323
1,1,0.5393229
0,1,0.7452783
0,1,0.50990427
0,1,0.65361536
0,0,0.24869893
0,1,0.67714906
0,0,0.37753072
0,0,0.27832934
0,0,0.24673557
0,0,0.4614411
0,1,0.6117166
0,0,0.23663488
0,1,0.68515724
0,1,0.57589346
0,0,0.23663488
0,0,0.23663488
0,0,0.37992215
0,1,0.50990427
1,0,0.37753072
0,0,0.3693636
0,0,0.2930631
0,1,0.5111819
0,1,0.7176312
0,0,0.27479926
0,0,0.40080371
0,0,0.23663488
0,1,0.7167051
0,0,0.3848155
0,0,0.45140398
0,1,0.5117183
0,0,0.27673075
0,1,0.632786
0,0,0.23663488
0,0,0.22352155
0,1,0.7177878
0,0,0.22352155
0,0,0.22352155
0,1,0.6341408
0,0,0.27832934
1,1,0.7148688
0,0,0.27402416
0,0,0.23663488
0,1,0.6615479
0,1,0.7413494
0,0,0.22352155
0,0,0.22352155
0,0,0.3827811
0,1,0.52234256
1,1,0.7205877
0,0,0.44889247
0,0,0.3693636
1,1,0.70715034
0,0,0.27884445
0,1,0.7177878
0,0,0.44889247
0,1,0.55237377
1,1,0.5512695
0,0,0.24616136
1,1,0.6623071
0,1,0.56728554
0,0,0.4657613
0,0,0.24616136
0,1,0.56104434
0,0,0.22352155
0,1,0.5952556
0,0,0.32166192
0,1,0.57589346
0,0,0.3134368
0,1,0.7524008
1,1,0.753394
0,0,0.27884445
0,0,0.2767697
0,1,0.68515724
0,0,0.38523713
0,0,0.27402416
0,1,0.514487
0,1,0.5258316
1,1,0.7553079
0,0,0.27612507
0,0,0.38711917
0,0,0.23663488
0,0,0.4460652
0,1,0.50990427
0,1,0.50990427
0,0,0.27191758
0,0,0.27236676
0,0,0.23663488
0,1,0.65163094
0,0,0.27938464
0,1,0.522615
0,1,0.7524008
0,1,0.65361536
0,1,0.5393229
1,1,0.7082755
0,0,0.27673075
0,0,0.37742835
0,0,0.3728784
0,0,0.22352155
0,0,0.29044458
0,1,0.5121358
0,0,0.3293754
0,0,0.38822806
0,1,0.5805488
0,1,0.7413494
1,1,0.68566793
0,0,0.32949528
1,1,0.69838196
0,1,0.6504526
0,0,0.27402416
0,1,0.5167175
0,1,0.753394
1,1,0.65361536
0,0,0.23663488
0,0,0.22352155
1,1,0.70715034
0,0,0.27915356
0,1,0.5121358
0,0,0.23663488
0,1,0.65303993
0,1,0.70564365
0,0,0.45873654
0,0,0.29482833
0,1,0.62457997
0,0,0.22352155
0,1,0.69718194
0,1,0.5805488
0,1,0.6525909
1,1,0.65006703
0,1,0.54905933
0,1,0.514487
0,0,0.3645191
0,1,0.7082755
0,1,0.54905933
0,1,0.67132527
0,0,0.3827811
0,1,0.6809742
0,1,0.70640695
0,1,0.52885574
0,1,0.54905933
0,0,0.29119283
0,1,0.7177878
1,0,0.46480638
0,0,0.27253017
0,0,0.37753072
0,0,0.27253017
0,0,0.3862981
0,0,0.23663488
0,0,0.22352155
0,1,0.5068006
0,0,0.27673075
0,0,0.32176247
0,0,0.27809605
1,1,0.7524008
0,0,0.44577476
0,1,0.5311881
0,0,0.3890418
0,1,0.66746587
0,0,0.38822806
0,0,0.23663488
1,1,0.74465495
0,0,0.27402416
0,0,0.37254
0,0,0.38523713
0,0,0.3683082
0,0,0.24616136
0,1,0.507501
0,0,0.23663488
0,0,0.29058883
0,1,0.70715034
0,0,0.27253017
0,1,0.50708336
0,0,0.38822806
0,1,0.7140855
0,1,0.6734818
0,0,0.38037723
0,0,0.26418066
0,1,0.5094867
0,1,0.70715034
0,0,0.3728784
0,1,0.7177878
0,1,0.5120848
0,1,0.75431997
0,0,0.38711917
0,0,0.4519824
0,0,0.24059731
0,0,0.27253017
0,1,0.6657076
0,0,0.3641887
0,1,0.71559936
0,0,0.3101964
0,1,0.5050291
0,0,0.24673557
0,0,0.27253017
0,1,0.6623071
0,0,0.37640238
1,1,0.6764136
0,0,0.37640238
0,0,0.37117597
1,0,0.29274946
0,0,0.23663488
0,0,0.27938464
0,0,0.31080067
0,0,0.27690387
0,0,0.22352155
1,1,0.7177878
0,1,0.62646145
1,0,0.32166192
0,0,0.24673557
0,0,0.38523713
0,0,0.23663488
0,1,0.6623071
0,0,0.27919272
0,0,0.27690387
0,0,0.22352155
0,0,0.27253017
0,0,0.3645191
0,0,0.38355657
0,0,0.27832934
1,1,0.6915149
0,1,0.5167175
1,1,0.7524008
0,1,0.6451371
1,1,0.7002684
0,0,0.32949528
0,1,0.63215643
0,0,0.23663488
0,1,0.52885574
0,0,0.27253017
0,0,0.37180638
0,1,0.632786
0,1,0.66746587
0,1,0.508599
0,0,0.37992215
0,0,0.22352155
1,1,0.53039163
0,1,0.69018316
0,1,0.5119959
0,0,0.2921197
0,0,0.29222676
0,0,0.23663488
0,0,0.29058883
0,0,0.23854336
0,1,0.6158789
0,1,0.5553718
0,0,0.27402416
0,0,0.3683082
0,0,0.27253017
0,0,0.3645191
0,0,0.36648747
0,0,0.36730266
1,1,0.6714837
0,1,0.5121358
0,0,0.23663488
1,1,0.5074327
0,0,0.2921197
0,0,0.3112952
1,0,0.48549327
0,0,0.33000532
0,0,0.27253017
0,1,0.68515724
0,0,0.26584342
1,0,0.26352033
1,1,0.6029069
0,1,0.5094867
0,1,0.6117166
0,0,0.3855155
0,1,0.75431997
0,0,0.23663488
0,1,0.72373545
1,1,0.55237377
0,0,0.27919272
0,1,0.50636685
0,0,0.27253017
0,1,0.6915149
0,1,0.57589346
0,0,0.31080067
1,1,0.64017934
1,1,0.5553718
0,1,0.56104434
0,0,0.28974444
0,0,0.3885752
1,1,0.56957436
0,0,0.22352155
0,0,0.46392292
0,0,0.23663488
0,0,0.369696
0,1,0.6829867
0,1,0.6803607
0,0,0.22352155
0,1,0.54905933
0,1,0.61488
0,0,0.31080067
0,0,0.29199886
0,1,0.70895296
0,0,0.27884445
0,1,0.7177878
0,0,0.34514794
0,0,0.29482833
0,0,0.374651
0,0,0.32723758
0,0,0.27253017
0,1,0.6829867
0,0,0.27479926
0,1,0.68566793
0,0,0.3799738
1,1,0.7524008
0,0,0.27402416
0,0,0.45873654
0,0,0.38230938
0,0,0.27402416
1,1,0.6902399
1,1,0.6799304
0,0,0.34514794
0,1,0.62451947
1,1,0.65124184
1,0,0.45488575
1,1,0.72007704
0,1,0.5428373
0,0,0.38924125
0,0,0.24616136
0,1,0.55237377
0,0,0.374651
1,0,0.38392705
0,0,0.45857
0,0,0.27253017
0,0,0.27402416
1,1,0.55531543
0,0,0.24673557
0,1,0.6338867
0,1,0.66351396
0,0,0.38355657
0,0,0.23854336
0,0,0.46392292
0,1,0.5532324
0,1,0.63318616
0,1,0.5195196
0,0,0.23663488
0,0,0.46702865
0,0,0.27253017
0,0,0.3110743
1,1,0.70715034
0,0,0.29643974
1,1,0.5205651
0,1,0.7177878
0,0,0.4748819
0,1,0.5895629
0,1,0.50990427
0,0,0.4617027
0,1,0.522615
1,1,0.7524008
1,0,0.3728784
0,0,0.27253017
0,0,0.37753072
0,0,0.22352155
0,1,0.54905933
0,0,0.23663488
0,0,0.27253017
1,1,0.63369876
0,0,0.45857
0,0,0.27253017
0,0,0.28974444
0,0,0.22352155
0,1,0.50990427
1,1,0.6810161
0,1,0.6200328
0,1,0.66746587
0,1,0.69718724
0,0,0.29044458
0,0,0.45857
0,0,0.29220703
0,1,0.63276154
0,1,0.65660673
0,1,0.63276154
1,1,0.62646145
0,1,0.6041236
0,1,0.51422703
0,1,0.7086748
0,0,0.22535543
0,0,0.29044458
0,0,0.37640238
0,0,0.27253017
0,1,0.57589346
0,1,0.5117183
0,0,0.46194944
0,0,0.2921197
0,0,0.3827811
0,0,0.36648747
0,0,0.34788674
0,0,0.27673075
0,1,0.6829867
0,0,0.3101964
0,0,0.27402416
0,0,0.27479926
0,1,0.632786
0,1,0.50636685
0,1,0.5094867
0,0,0.3852884
1,1,0.66007674
0,1,0.55237377
0,0,0.2930631
0,1,0.55531543
0,1,0.51422703
0,0,0.36730266
0,1,0.54905933
0,1,0.5512695
0,1,0.5532324
0,0,0.26352033
0,0,0.3852884
0,0,0.22352155
1,1,0.70640695
0,1,0.50990427
0,1,0.7524008
1,1,0.7177878
0,1,0.5428373
1,1,0.72007704
0,0,0.22352155
0,1,0.6837627
0,0,0.3659904
0,1,0.6543383
0,1,0.7177878
0,0,0.22352155
0,1,0.56104434
0,0,0.3728318
0,0,0.36619404
0,1,0.7086748
0,1,0.61249936
1,0,0.46744463
0,0,0.44415918
0,0,0.24616136
0,1,0.5568373
0,1,0.72373545
1,1,0.50973296
0,0,0.27402416
0,0,0.27938464
0,0,0.27402416
0,0,0.23663488
0,0,0.27253017
0,0,0.22352155
0,0,0.22352155
0,1,0.551201
0,1,0.6804456
0,1,0.62457997
0,1,0.7070869
0,1,0.50990427
0,0,0.27191758
0,1,0.66746587
0,1,0.6596505
1,1,0.7177878
0,0,0.27832934
0,0,0.3890418
0,0,0.34788674
0,1,0.56104434
0,0,0.24059731
0,0,0.37742835
1,1,0.5976941
0,0,0.49691707
0,0,0.27253017
0,0,0.22352155
0,0,0.3728784
0,0,0.23663488
0,0,0.22352155
0,0,0.27253017
0,1,0.5805488
0,1,0.653424
0,1,0.5512695
0,0,0.27253017
0,0,0.24673557
0,1,0.67522186
0,1,0.50990427
0,1,0.52252674
0,1,0.6809742
0,0,0.22352155
0,1,0.522615
0,0,0.27253017
0,0,0.27938464
0,0,0.27402416
0,0,0.449247
0,1,0.70561004
0,0,0.36768293
0,1,0.5195196
0,0,0.2541682
0,0,0.36699393
1,1,0.5195196
0,0,0.27402416
0,1,0.6451371
0,1,0.6915149
0,0,0.24673557
0,0,0.38230938
0,1,0.6029069
0,1,0.5512695
0,1,0.6623071
0,0,0.4460652
0,1,0.67714906
0,0,0.40352222
0,1,0.6821547
0,1,0.50708336
0,0,0.449247
0,0,0.24673557
0,1,0.5195196
0,0,0.22352155
0,1,0.62451947
0,0,0.3659904
0,0,0.3663357
0,0,0.22352155
0,1,0.696687
0,0,0.36489978
0,0,0.27330264
0,1,0.67714906
0,0,0.36489978
0,0,0.45857
0,1,0.54427475
0,0,0.36596867
0,0,0.3299918
1,1,0.7553079
0,1,0.66746587
0,0,0.27479926
0,0,0.38822806
0,0,0.24673557
0,1,0.62927336
0,0,0.23663488
0,0,0.46480638
0,0,0.27938464
0,1,0.62451947
0,0,0.23663488
0,0,0.45857
0,1,0.66746587
0,1,0.7177878
0,0,0.4748112
0,0,0.36730266
0,1,0.5195196
0,1,0.72007704
0,0,0.27253017
0,1,0.6158789
0,0,0.3890418
0,1,0.5184412
0,0,0.46276256
0,0,0.29058883
0,1,0.69718724
0,1,0.6825408
1,1,0.7063247
0,0,0.27253017
0,0,0.27402416
0,0,0.38173616
0,0,0.30727026
0,0,0.29827735
1,1,0.74397236
0,0,0.27402416
0,0,0.29827735
0,0,0.27612507
0,0,0.23663488
0,0,0.23663488
0,1,0.7086748
0,0,0.2767697
0,0,0.38392705
0,1,0.64017934
0,1,0.5162113
0,1,0.6200328
0,0,0.38711917
0,1,0.5553718
0,1,0.5553718
0,0,0.4488412
0,0,0.23663488
0,0,0.23663488
0,0,0.23663488
1,1,0.670961
0,1,0.5119959
0,1,0.5167175
0,1,0.5783442
0,0,0.32827556
0,1,0.5195196
0,0,0.2930631
0,0,0.29220703
0,0,0.23663488
0,0,0.23663488
0,0,0.29044458
0,0,0.25212696
0,0,0.27191758
0,0,0.22352155
0,1,0.6615479
0,0,0.46276256
0,0,0.22352155
0,1,0.6158789
0,1,0.65149146
0,1,0.5512695
0,0,0.27253017
0,1,0.5512695
0,1,0.522615
0,0,0.24673557
0,1,0.71559936
1,1,0.675137
0,0,0.45857
0,0,0.27938464
1,1,0.6783393
0,0,0.27253017
0,1,0.5162113
1,1,0.70715034
0,0,0.22535543
1,1,0.7433737
0,1,0.5121358
0,0,0.22352155
1,1,0.522615
0,0,0.23663488
0,1,0.51422703
0,0,0.3827811
0,1,0.71559936
0,0,0.24616136
0,0,0.38924125
0,1,0.51659083
1,1,0.70640695
0,0,0.36671716
0,0,0.29087654
0,0,0.36019763
1,1,0.61702013
0,0,0.27612507
1,1,0.6623071
0,0,0.22352155
0,0,0.23663488
0,1,0.5896046
0,0,0.32757616
0,0,0.22352155
0,0,0.22352155
0,0,0.24673557
0,0,0.27253017
0,0,0.27253017
0,0,0.23663488
0,1,0.52828306
0,1,0.6809742
0,0,0.23663488
0,0,0.29442897
0,0,0.24616136
0,0,0.34514794
0,1,0.5119959
0,0,0.27402416
0,1,0.7167051
0,0,0.3786706
1,1,0.7524008
0,1,0.63806
0,0,0.28021613
0,1,0.61860955
0,0,0.28974444
0,1,0.7407198
0,0,0.33159238
0,0,0.34514794
0,0,0.38643712
0,1,0.69854116
0,1,0.51711893
1,1,0.6041236
0,0,0.38230938
0,0,0.24616136
0,0,0.3693636
0,1,0.70715034
0,0,0.2930631
0,0,0.23663488
0,0,0.27884445
0,1,0.5074327
1,1,0.5565853
0,1,0.6764136
0,1,0.6372103
0,0,0.22352155
0,0,0.36648747
0,1,0.72301775
0,1,0.6041236
0,1,0.6783991
0,0,0.2941492
0,0,0.23663488
0,0,0.27253017
0,0,0.27253017
0,0,0.22352155
0,1,0.6041236
0,1,0.50973296
0,0,0.3885752
1,1,0.6624212
0,0,0.48652852
0,1,0.6741273
0,0,0.27690387
0,0,0.23663488
0,1,0.71559936
0,1,0.54728246
0,0,0.3862981
0,0,0.312294
0,0,0.23663488
0,0,0.24673557
0,0,0.23663488
0,0,0.38822806
0,1,0.50990427
0,0,0.26418066
0,0,0.24059731
0,0,0.23663488
0,1,0.753394
0,1,0.6628003
0,1,0.63981473
0,0,0.23663488
0,0,0.37706155
0,1,0.5568373
0,1,0.524219
0,0,0.40080371
0,1,0.74465495
0,0,0.2930631
0,1,0.6200328
0,0,0.23663488
0,0,0.27402416
0,1,0.60567075
0,1,0.6759232
0,0,0.27402416
0,0,0.27402416
0,1,0.7167051
0,1,0.55531543
1,1,0.7433737
0,0,0.44577476
0,1,0.6311095
0,0,0.27690387
0,1,0.6837627
0,0,0.27690387
0,0,0.24616136
0,0,0.22352155
0,1,0.57589346
0,1,0.63276154
0,0,0.46276256
0,0,0.28045055
0,0,0.27479926
1,1,0.6623071
0,1,0.7452783
0,1,0.6563319
0,1,0.670961
1,1,0.6764136
0,1,0.67132527
0,1,0.5162113
0,1,0.696687
0,0,0.27479926
0,1,0.6372104
0,0,0.3827811
0,1,0.61249936
0,1,0.5501163
0,0,0.23663488
0,0,0.3907484
0,0,0.274624
0,1,0.6715822
0,1,0.5258316
0,0,0.2767697
0,1,0.5162113
0,0,0.24616136
0,1,0.61860955
0,0,0.45460963
0,0,0.25276852
0,0,0.3645191
1,1,0.65594935
1,1,0.7082755
1,1,0.50610375
0,1,0.6041236
0,1,0.6825408
0,1,0.51422703
0,0,0.30894026
0,0,0.2952521
0,0,0.3110743
1,1,0.7177878
0,1,0.56104434
0,0,0.27612507
0,1,0.64017934
0,0,0.44889247
0,0,0.29058883
0,1,0.64628094
0,0,0.22352155
0,1,0.6508567
0,0,0.46744463
0,0,0.32585293
0,1,0.70564365
0,0,0.36648747
0,1,0.5512695
0,1,0.70076525
0,1,0.5311881
0,0,0.36768293
0,0,0.29044458
0,1,0.63276154
1,1,0.7524008
0,1,0.7148688
0,1,0.52762824
0,1,0.6623071
1,1,0.62457997
0,1,0.6829867
0,0,0.3855155
0,1,0.57589346
0,0,0.22352155
0,1,0.68566793
0,1,0.6372103
0,1,0.7177878
0,0,0.38230938
0,0,0.29199886
1,1,0.5553718
0,1,0.632786
0,1,0.56104434
0,1,0.6482373
0,1,0.6158789
0,1,0.632786
0,0,0.27479926
0,1,0.5074327
0,0,0.45857
0,1,0.6946434
0,0,0.27253017
0,1,0.56104434
0,1,0.66746587
0,0,0.37117597
0,0,0.274624
0,0,0.44889247
0,0,0.23663488
0,1,0.66834325
0,0,0.3693636
0,0,0.24673557
0,1,0.6309326
0,0,0.37117597
0,1,0.6764136
0,1,0.5258316
1,0,0.45857
1,1,0.70849663
0,0,0.29274946
0,1,0.6372104
0,0,0.27402416
1,1,0.7177878
0,1,0.632786
0,0,0.27402416
0,1,0.6504526
0,0,0.3862981
0,0,0.24790362
0,1,0.6829867
0,0,0.27402416
0,0,0.27938464
0,1,0.6504526
0,1,0.52252674
0,0,0.31523335
0,0,0.27612507
1,1,0.74363256
0,0,0.22352155
0,0,0.27457985
1,1,0.5121358
1,1,0.70010626
0,0,0.28974444
0,1,0.5512695
0,0,0.24869893
0,0,0.26352033
0,1,0.66746587
1,1,0.70715034
0,0,0.32166192
0,1,0.5895629
0,1,0.70715034
0,1,0.6737591
0,1,0.5068006
0,0,0.27479926
0,1,0.6038324
0,1,0.5783442
0,1,0.68566793
1,1,0.633011
0,1,0.5703376
1,1,0.7078185
0,1,0.7177878
0,1,0.509204
0,1,0.50750065
0,0,0.3728318
0,0,0.28479087
0,0,0.3728784
0,1,0.5183358
0,1,0.533241
0,0,0.29220703
1,1,0.65124184
0,0,0.46744463
1,1,0.7082755
0,1,0.56104434
0,0,0.22352155
0,0,0.37753072
0,0,0.32286906
0,0,0.27938464
0,0,0.38523713
0,0,0.3134368
0,0,0.3885752
1,1,0.70561004
0,1,0.64017934
0,0,0.464525
0,0,0.27253017
0,0,0.23663488
0,0,0.29044458
0,1,0.5895629
0,0,0.3799738
0,1,0.5093154
0,0,0.45110276
0,1,0.70010626
0,0,0.23663488
0,1,0.6158789
0,0,0.32949528
0,1,0.63975656
0,1,0.7524008
0,0,0.3862981
0,0,0.29827735
0,1,0.7177878
0,1,0.6563319
0,1,0.5119959
0,1,0.6158789
1,1,0.5361166
0,1,0.70010626
0,0,0.27673075
0,0,0.26272097
0,1,0.5901387
1,1,0.6821899
0,1,0.6041236
0,1,0.50636685
0,0,0.3134368
0,1,0.5195196
0,0,0.449327
0,0,0.27479926
0,0,0.43973154
0,0,0.29058883
0,0,0.38822806
0,1,0.7148688
0,0,0.27253017
0,1,0.66746587
0,1,0.61249936
0,0,0.38822806
0,1,0.5512695
0,0,0.3641887
0,0,0.23663488
1,1,0.50708336
0,1,0.6117711
0,0,0.27612507
0,1,0.6356391
0,0,0.27402416
0,0,0.34514794
0,0,0.32245407
0,0,0.27253017
0,1,0.66746587
0,1,0.5553718
0,1,0.514487
0,1,0.56104434
0,1,0.514487
0,0,0.27884445
0,0,0.22352155
0,0,0.27402416
1,1,0.67012393
0,1,0.72301775
0,1,0.5111819
0,1,0.7167051
0,1,0.55531543
0,0,0.27479926
0,0,0.23663488
0,1,0.6117166
0,0,0.22352155
0,0,0.2733318
0,1,0.71959937
0,1,0.63275486
0,1,0.5117183
0,1,0.70715034
0,1,0.57589346
0,0,0.369696
0,0,0.374651
0,1,0.6720032
0,1,0.70782936
0,1,0.5282341
0,0,0.23663488
0,0,0.374651
0,0,0.23663488
1,1,0.65006703
0,0,0.38822806
0,0,0.27832934
0,0,0.27402416
0,0,0.23663488
0,1,0.6821899
0,0,0.27253017
0,0,0.27253017
0,1,0.65248054
0,1,0.6623071
0,1,0.50081056
0,1,0.50990427
0,1,0.5195196
0,0,0.27884445
0,0,0.23663488
1,1,0.5976941
0,1,0.630408
0,1,0.5553718
0,1,0.514487
1,0,0.29721892
0,0,0.3623845
0,0,0.38355657
0,0,0.46744463
0,1,0.55531543
0,0,0.3110743
1,1,0.72281516
0,1,0.5529751
0,0,0.24158187
0,0,0.23663488
0,1,0.71959937
0,0,0.3799738
0,1,0.70640695
0,1,0.70561004
0,0,0.29044458
0,0,0.27253017
1,0,0.374651
0,0,0.27253017
0,1,0.50990427
0,0,0.4621392
0,1,0.5512695
0,0,0.3409329
0,1,0.522615
0,0,0.24673557
0,1,0.7167051
1,1,0.57948744
0,0,0.37117597
0,0,0.37071064
0,0,0.24673557
1,1,0.69718724
0,1,0.62796
0,1,0.6444348
0,0,0.23663488
0,1,0.5428373
0,0,0.28045055
0,0,0.4617027
0,0,0.28067133
0,0,0.27402416
0,1,0.70561004
0,0,0.27402416
0,1,0.57176244
1,0,0.27253017
0,0,0.3110743
0,1,0.54905933
0,1,0.55237377
0,1,0.7167051
0,1,0.57589346
0,1,0.5162113
0,1,0.5195196
0,1,0.6825408
0,1,0.5553718
0,0,0.48543152
0,0,0.27253017
0,0,0.27253017
0,1,0.66746587
0,0,0.28974444
0,1,0.5581958
1,1,0.55237377
0,0,0.22352155
0,0,0.27253017
0,1,0.675137
0,0,0.37180638
0,0,0.37753072
0,1,0.7078185
0,1,0.70715034
0,0,0.23663488
0,1,0.6829867
0,0,0.27938464
0,1,0.5117183
0,1,0.5121358
0,0,0.27612507
1,1,0.51922464
0,0,0.23663488
0,1,0.6332667
0,1,0.6915149
0,1,0.7148688
0,0,0.29222676
0,1,0.57589346
0,1,0.5466774
0,1,0.55237377
1,1,0.62457997
0,1,0.6158789
0,1,0.522615
0,1,0.63275486
0,1,0.5162113
0,0,0.27253017
0,1,0.6117166
0,0,0.22352155
0,1,0.6336185
0,0,0.38822806
0,1,0.5195196
1,1,0.653107
0,0,0.27479926
0,0,0.32827556
0,0,0.27938464
0,0,0.27402416
0,1,0.5167175
1,1,0.5093154
0,1,0.5553718
0,0,0.37753072
0,0,0.24869893
0,1,0.5581958
0,1,0.5195196
1,1,0.6117711
0,0,0.4519824
0,1,0.5074327
0,1,0.7070869
0,1,0.5345831
0,0,0.23663488
1,0,0.43631527
0,1,0.5037
0,0,0.29199886
0,0,0.22352155
0,1,0.51422703
0,1,0.508599
0,1,0.5117183
0,0,0.3855155
0,1,0.5119959
0,1,0.55531543
0,1,0.66746587
0,0,0.4330291
0,0,0.27253017
0,1,0.74274737
1,1,0.68692714
1,1,0.66746587
0,1,0.65361536
1,1,0.5796532
0,0,0.44123533
0,1,0.5167175
0,0,0.3855155
0,1,0.67714906
0,0,0.24673557
0,0,0.27479926
0,1,0.7177878
0,0,0.34514794
0,0,0.23663488
0,0,0.24616136
0,1,0.56104434
0,0,0.2930631
0,1,0.6117166
0,0,0.27253017
0,1,0.56922984
0,1,0.71668464
0,0,0.22352155
0,1,0.5195196
0,0,0.27938464
0,0,0.23663488
0,0,0.38230938
1,1,0.5553718
0,0,0.4460652
0,0,0.37640238
0,0,0.23663488
1,1,0.70715034
0,1,0.5050291
0,1,0.65220636
0,1,0.5393229
0,0,0.4620231
0,1,0.66746587
0,1,0.5568373
0,1,0.7148688
0,0,0.27402416
0,0,0.27759105
0,0,0.22352155
1,1,0.6809742
0,1,0.6654817
0,0,0.3668573
1,1,0.64017934
0,0,0.30727026
0,1,0.6309326
0,1,0.634049
0,0,0.27479926
0,1,0.75120264
0,0,0.23663488
0,0,0.27759105
0,1,0.6830538
0,0,0.22352155
0,0,0.27191758
0,0,0.24616136
0,0,0.24673557
0,1,0.5098642
0,0,0.24673557
0,0,0.23663488
0,1,0.67714906
0,0,0.27402416
0,0,0.34788674
0,0,0.27938464
0,1,0.56104434
0,0,0.23909378
1,1,0.68515724
0,0,0.3101964
0,1,0.5805488
0,1,0.5167175
1,1,0.66746587
0,0,0.23663488
0,1,0.7505316
0,0,0.37179986
0,0,0.23663488
0,0,0.27612507
0,0,0.24869893
0,0,0.2930631
0,1,0.5706536
0,0,0.4614411
0,1,0.50636685
0,1,0.696687
0,1,0.5050291
0,1,0.6915149
0,0,0.36854684
0,0,0.30712733
0,1,0.6563319
0,0,0.37706155
1,1,0.670961
0,0,0.37753072
0,0,0.27612507
0,1,0.5167175
0,1,0.6332873
0,1,0.522615
0,0,0.3645191
0,0,0.27938464
0,0,0.27402416
1,1,0.6915149
0,1,0.65660673
0,1,0.61249936
0,0,0.36503965
0,1,0.70564365
0,0,0.27402416
0,0,0.37054166
1,1,0.67132527
0,1,0.66746587
0,0,0.24616136
0,0,0.27253017
0,0,0.3693636
0,0,0.36489978
0,1,0.6318166
0,1,0.5119959
0,0,0.27253017
0,0,0.23663488
0,1,0.68515724
0,0,0.37992215
0,0,0.35972443
0,0,0.27402416
0,1,0.7063247
0,0,0.23663488
1,1,0.6489391
0,1,0.5177644
0,0,0.27809605
0,0,0.23663488
1,0,0.3068052
1,1,0.70895296
0,0,0.45110276
0,0,0.24673557
1,1,0.551201
0,1,0.5901387
0,0,0.3101964
0,0,0.37640238
0,1,0.5428373
0,0,0.46276256
0,0,0.27884445
0,1,0.74274737
0,0,0.22352155
0,0,0.27612507
0,1,0.68515724
0,0,0.2930631
0,0,0.23663488
1,1,0.70715034
0,1,0.5039632
0,0,0.22352155
0,1,0.522615
0,0,0.27253017
0,1,0.70010626
0,1,0.56728554
0,1,0.71959937
0,0,0.26352033
0,0,0.23663488
0,0,0.3641887
0,1,0.51711893
0,0,0.27253017
1,1,0.6041236
0,1,0.6041236
0,0,0.24616136
0,0,0.22352155
0,0,0.46744463
0,0,0.22352155
0,0,0.30970234
0,0,0.27884445
0,0,0.22352155
0,0,0.29374227
0,0,0.4617027
1,1,0.7177878
0,0,0.2941492
0,0,0.23663488
0,1,0.5976941
0,0,0.27479926
1,1,0.5208041
0,0,0.28151074
0,0,0.29107323
1,1,0.75120264
1,1,0.6532314
0,0,0.45495138
0,1,0.7082755
0,1,0.5805488
0,1,0.6398188
0,0,0.22352155
0,0,0.27938464
0,0,0.22352155
0,0,0.3101964
0,0,0.29044458
0,0,0.27402416
0,0,0.27253017
0,1,0.5121358
0,0,0.23663488
0,0,0.4530193
0,1,0.70895296
0,1,0.68515724
1,1,0.5094867
0,0,0.23663488
0,0,0.2648865
0,0,0.3641887
0,0,0.35972443
0,1,0.7177878
0,0,0.23663488
1,1,0.51369077
1,1,0.7177878
0,1,0.507501
0,1,0.57536346
0,1,0.507501
0,1,0.670961
0,0,0.27938464
0,0,0.3728784
0,0,0.27884445
0,1,0.61249936
0,1,0.56728554
0,0,0.27612507
0,1,0.50708336
0,1,0.7082755
0,0,0.4488412
0,1,0.5195196
0,1,0.67511725
0,0,0.27253017
0,0,0.30712733
0,0,0.32827556
0,1,0.7167051
0,1,0.6200328
0,1,0.51422703
0,1,0.7217851
0,0,0.27253017
0,1,0.6117166
0,1,0.68515724
0,1,0.56271434
0,1,0.6775365
0,0,0.22352155
0,0,0.27253017
0,1,0.54905933
0,1,0.6029069
0,1,0.50990427
0,0,0.27884445
0,0,0.22352155
0,1,0.5205651
0,1,0.72106427
0,0,0.27253017
1,1,0.68515724
0,0,0.37179986
0,0,0.38523713
0,1,0.6446297
0,0,0.36057633
1,1,0.71559936
0,0,0.29482833
0,1,0.6830538
0,1,0.51711893
0,1,0.63135433
0,1,0.696687
1,1,0.6829867
0,0,0.23663488
0,1,0.7070869
0,0,0.3799738
0,0,0.27673075
0,0,0.3907484
0,1,0.57589346
0,1,0.5121358
0,0,0.4617027
0,0,0.27253017
0,0,0.37179986
0,0,0.29482833
0,0,0.27402416
0,1,0.63275486
0,0,0.35359046
0,0,0.27402416
0,0,0.3740395
0,0,0.23663488
0,0,0.45886186
0,0,0.22352155
1,1,0.69838196
0,0,0.22352155
0,0,0.3827811
0,1,0.5512695
0,0,0.3827811
0,0,0.34788674
0,1,0.7177878
0,1,0.5121358
0,0,0.3088179
0,0,0.27673075
0,0,0.24673557
0,0,0.44577476
0,1,0.6532314
0,0,0.23663488
0,1,0.72420883
0,0,0.24869893
1,1,0.6029069
0,0,0.32585293
0,0,0.27253017
0,1,0.71559936
0,0,0.3101964
0,0,0.274624
0,0,0.22352155
0,0,0.3862981
0,0,0.32585293
0,1,0.6801899
0,0,0.3299918
0,0,0.3645191
0,0,0.23663488
0,0,0.36503965
0,0,0.3885752
0,0,0.30674502
0,0,0.3862981
0,0,0.23663488
0,1,0.71559936
0,1,0.50990427
0,1,0.5917638
0,0,0.25076014
0,1,0.63655084
0,1,0.6651041
0,0,0.46611348
0,0,0.27938464
1,1,0.63501537
0,1,0.6398188
0,0,0.36768293
0,0,0.3645191
0,1,0.5783442
0,0,0.36699393
0,0,0.27938464
0,0,0.44889247
0,0,0.36671716
0,0,0.27191758
0,1,0.5074327
0,1,0.5050291
0,1,0.7177878
0,0,0.27253017
0,0,0.22352155
0,0,0.23663488
0,0,0.4440209
0,0,0.22352155
0,1,0.6779525
0,1,0.5050291
1,1,0.5980841
0,0,0.47790515
0,0,0.29058883
0,1,0.5393229
1,1,0.6809742
0,1,0.68515724
0,0,0.37117597
0,0,0.3728318
0,0,0.36768293
0,0,0.22352155
0,1,0.57589346
0,1,0.6117166
0,1,0.5184412
0,0,0.22352155
0,0,0.22352155
0,0,0.22352155
0,0,0.3827811
0,1,0.65045273
0,1,0.5195196
0,1,0.70010626
0,0,0.2941492
0,0,0.44994757
0,1,0.50636685
0,0,0.37071064
0,1,0.6372103
0,0,0.27253017
0,0,0.274624
0,0,0.44889247
0,0,0.46276256
0,0,0.37117597
0,0,0.3827811
1,0,0.4594131
0,0,0.22352155
0,1,0.7176312
0,0,0.24616136
0,0,0.22352155
0,1,0.7177878
1,1,0.72420883
0,0,0.22352155
1,1,0.7177878
0,1,0.6829867
0,1,0.5895629
0,0,0.22352155
0,0,0.3752838
0,0,0.23854336
0,0,0.38924125
0,1,0.5512695
0,0,0.38355657
0,0,0.27253017
0,1,0.53170615
0,0,0.27938464
1,1,0.67072755
0,1,0.6837627
0,0,0.27253017
0,0,0.23663488
0,0,0.22352155
1,1,0.75120264
0,1,0.62457997
0,0,0.27402416
0,0,0.3827811
0,0,0.38523713
0,1,0.67499876
0,0,0.4617027
0,1,0.6372103
0,1,0.70079464
0,1,0.54427475
0,0,0.27253017
1,1,0.7553079
0,1,0.5553718
0,0,0.28974444
0,1,0.5093154
0,0,0.37180638
0,1,0.6604571
1,1,0.6825408
0,1,0.5195196
0,1,0.5553718
0,0,0.37753072
0,0,0.22352155
1,1,0.51431584
0,1,0.5282341
1,1,0.50610375
0,0,0.27253017
0,1,0.5568373
0,1,0.71559936
0,0,0.27253017
0,1,0.62457997
1,1,0.7205877
0,1,0.7444044
1,1,0.6508567
0,0,0.27253017
1,1,0.57589346
0,0,0.27402416
1,1,0.6746474
0,1,0.5581958
0,1,0.66746587
0,1,0.6352412
0,1,0.70715034
0,1,0.7070869
0,0,0.3101964
1,1,0.5120848
0,0,0.27402416
0,1,0.61249936
0,0,0.23663488
0,1,0.5703376
0,1,0.68566793
0,0,0.26584342
0,0,0.27759105
0,0,0.2921197
0,1,0.633011
0,1,0.5039632
0,1,0.70715034
0,0,0.27479926
0,0,0.27330264
1,0,0.38924125
0,0,0.23663488
0,0,0.46276256
1,1,0.51369077
0,1,0.6117166
0,1,0.5037
0,0,0.22352155
0,1,0.5195196
0,1,0.55237377
0,0,0.37054166
0,0,0.3110743
0,1,0.67714906
0,0,0.3134368
1,1,0.72173
0,0,0.22352155
1,0,0.24673557
1,1,0.7553079
0,0,0.22352155
0,1,0.6138153
0,0,0.44889247
0,0,0.3623845
0,0,0.3862981
0,1,0.7167051
0,0,0.27253017
0,1,0.70895296
0,0,0.38230938
0,0,0.2733318
0,1,0.70715034
0,0,0.29044458
1,1,0.5428373
0,1,0.71517426
0,1,0.5093154
0,1,0.62457997
0,0,0.38230938
0,1,0.632901
0,1,0.56104434
0,1,0.6915149
0,1,0.5512695
0,1,0.6623071
0,1,0.6759232
0,0,0.27612507
1,1,0.7553079
0,0,0.22352155
0,1,0.7177878
0,0,0.25438428
0,0,0.23663488
0,0,0.2785721
0,1,0.6821899
0,0,0.27832934
0,1,0.50708336
0,0,0.4748112
1,1,0.70782936
0,0,0.3827811
0,1,0.65361536
0,0,0.27690387
1,0,0.49691707
0,1,0.7176312
0,0,0.374651
0,1,0.5119959
1,1,0.70640695
0,0,0.37753072
0,0,0.22352155
0,0,0.3827811
0,1,0.55531543
0,0,0.27191758
0,1,0.5845223
0,0,0.23663488
0,1,0.64020544
0,1,0.634049
0,1,0.5117183
0,0,0.23663488
0,0,0.36503965
0,0,0.3827811
0,1,0.71559936
0,0,0.22352155
0,0,0.23663488
0,0,0.23663488
0,1,0.753394
0,1,0.634049
0,0,0.23842315
0,1,0.6418903
0,0,0.29058883
0,0,0.27253017
0,0,0.27253017
0,0,0.4460652
1,1,0.7086748
1,0,0.3728784
0,0,0.24673557
0,0,0.22352155
0,0,0.29058883
0,0,0.27884445
0,1,0.5393229
0,0,0.27253017
0,0,0.22352155
0,0,0.22352155
0,0,0.369696
0,0,0.38392705
0,1,0.50081056
1,1,0.74465495
0,0,0.34514794
0,1,0.66428393
1,0,0.27402416
0,1,0.6158789
0,0,0.45857
0,0,0.27253017
0,1,0.66746587
0,0,0.38822806
0,1,0.7086748
0,0,0.27402416
0,0,0.37071064
0,1,0.67714906
0,0,0.24869893
0,0,0.23663488
0,0,0.26564702
0,1,0.507501
0,1,0.5895629
0,1,0.72349185
0,0,0.23663488
0,1,0.6876357
0,0,0.2975936
0,1,0.5162113
0,1,0.6372103
0,1,0.5039632
0,1,0.62655205
0,1,0.5195196
0,0,0.3885752
0,0,0.3907484
0,0,0.22352155
0,1,0.62451947
0,1,0.70715034
0,1,0.66746587
0,0,0.3134368
0,0,0.27253017
0,0,0.27402416
0,0,0.45110276
0,1,0.5417654
0,0,0.45857
0,1,0.61615086
0,0,0.38523713
0,1,0.6633248
0,0,0.4614411
0,1,0.6829867
0,0,0.25076014
0,1,0.6779525
0,1,0.5119959
0,1,0.5039632
0,1,0.6563319
0,1,0.65086836
1,1,0.6860525
0,1,0.522615
0,1,0.5162113
1,1,0.7444044
0,0,0.29044458
0,0,0.29482833
1,1,0.62365687
0,0,0.27402416
0,0,0.38924125
0,0,0.27253017
0,0,0.27479926
0,1,0.52252674
0,1,0.74465495
0,1,0.6783393
0,1,0.71559936
0,0,0.32827556
0,1,0.66641295
0,0,0.29058883
0,1,0.5512695
0,1,0.67714906
1,1,0.70561004
0,0,0.27253017
0,0,0.37054166
0,1,0.6332667
0,0,0.3907484
0,0,0.3827811
0,0,0.27938464
0,0,0.27253017
0,0,0.24673557
0,1,0.6922143
0,0,0.29119283
0,0,0.27402416
0,1,0.5428373
0,1,0.5802166
0,1,0.6837627
0,0,0.3907484
0,1,0.5532324
1,0,0.46480638
0,1,0.5553718
0,1,0.5581958
0,1,0.50636685
0,0,0.23663488
0,1,0.63262415
0,1,0.522615
0,0,0.34514794
1,1,0.5093154
0,1,0.5105326
0,0,0.3885752
0,0,0.24673557
0,1,0.7082755
0,1,0.5050291
1,1,0.7177878
0,1,0.5895629
1,1,0.5119959
0,1,0.5512695
0,1,0.71559936
0,1,0.6915149
0,1,0.66746587
1,1,0.6837627
0,0,0.27479926
0,1,0.6830538
0,1,0.7524008
0,1,0.62875825
0,0,0.46702865
0,0,0.38711917
0,0,0.26564702
1,1,0.7505316
0,0,0.27253017
0,0,0.27402416
0,0,0.27938464
0,0,0.22352155
0,1,0.5553718
1,1,0.508599
0,1,0.5120848
0,1,0.5553718
0,0,0.46194944
0,0,0.36673987
1,1,0.66746587
0,0,0.25217617
0,0,0.3436558
0,1,0.6837627
0,0,0.3862981
0,0,0.28045055
0,0,0.27402416
0,0,0.3740395
1,1,0.6158789
0,1,0.6182148
0,0,0.3110743
0,0,0.36730266
0,1,0.71559936
0,0,0.45857
1,1,0.72007704
0,0,0.32827556
0,0,0.24616136
0,1,0.56728554
0,0,0.3728784
0,1,0.7140855
0,0,0.26584342
0,1,0.7177878
0,0,0.3728784
0,1,0.5428373
0,1,0.5512695
0,1,0.592297
0,1,0.6915149
0,0,0.27612507
0,0,0.23663488
0,1,0.62457997
0,1,0.5845223
0,1,0.6902399
0,1,0.5093154
0,1,0.63806
0,0,0.374651
0,1,0.6041236
0,0,0.22352155
1,1,0.75120264
0,0,0.27402416
0,0,0.24673557
0,0,0.37117597
0,0,0.23663488
0,0,0.27612507
0,0,0.23663488
0,0,0.3848155
1,1,0.71442467
0,1,0.5581958
0,1,0.57589346
0,1,0.5142297
0,0,0.38822806
0,1,0.61028624
0,0,0.22352155
0,0,0.28045055
0,0,0.27612507
0,0,0.22352155
0,0,0.25217617
0,0,0.24673557
0,0,0.23663488
0,0,0.24673557
0,1,0.7145456
0,0,0.27612507
0,0,0.23965682
0,1,0.5428373
0,0,0.29058883
0,1,0.5121358
0,0,0.3110743
0,0,0.32757616
0,0,0.37179986
0,1,0.507501
1,1,0.62457997
0,0,0.38392705
0,0,0.22352155
1,1,0.7553079
0,1,0.56728554
0,0,0.4658477
0,1,0.55237377
0,0,0.26584342
0,0,0.23663488
0,0,0.27832934
0,1,0.5553718
0,0,0.29199886
0,0,0.26564702
0,0,0.40352222
0,0,0.2930631
0,1,0.5805488
0,1,0.6724418
0,1,0.5121358
0,0,0.27402416
0,1,0.5179861
1,1,0.50636685
0,0,0.24673557
0,0,0.38523713
0,0,0.30894026
0,0,0.35972443
0,0,0.27402416
0,0,0.374651
0,0,0.3110743
0,1,0.5121358
0,0,0.24673557
0,1,0.62451947
0,1,0.514487
0,1,0.57589346
0,0,0.23663488
0,0,0.38822806
0,1,0.51711893
0,1,0.670961
0,0,0.22352155
0,1,0.5568373
0,1,0.54728246
0,0,0.22352155
0,1,0.66746587
0,1,0.6094584
0,1,0.6915149
0,1,0.54905933
0,1,0.6623071
0,0,0.2941492
0,1,0.66746587
0,0,0.46276256
0,1,0.57894933
0,1,0.6623071
0,1,0.55531543
0,1,0.51622486
0,0,0.29199886
0,1,0.6200328
0,0,0.3592257
1,0,0.35972443
1,1,0.7205877
0,0,0.27253017
0,0,0.3848155
0,1,0.5179861
0,1,0.7176312
0,1,0.61249936
0,1,0.664662
0,1,0.60109264
0,0,0.22352155
0,1,0.7177878
0,1,0.62365687
0,0,0.45268318
0,0,0.22352155
0,0,0.27612507
0,1,0.522615
0,0,0.24673557
0,0,0.44895014
1,1,0.647816
0,0,0.23663488
0,1,0.64628094
0,1,0.55237377
0,1,0.5094867
0,0,0.29368457
0,0,0.23663488
0,0,0.3855155
0,1,0.66746587
0,1,0.68566793
0,0,0.38523713
0,1,0.6029069
0,1,0.5553718
0,1,0.6352412
1,1,0.7086748
0,1,0.66733605
0,0,0.22352155
1,1,0.7078185
1,1,0.70079464
0,0,0.22352155
0,0,0.3885752
0,0,0.27612507
1,1,0.7177878
1,1,0.67132527
0,1,0.66882646
0,1,0.70715034
0,0,0.30894026
0,0,0.44577476
0,1,0.5952556
0,0,0.27479926
0,0,0.4617027
1,0,0.27612507
0,1,0.5162113
0,1,0.6623071
0,0,0.26272097
0,0,0.29643974
0,0,0.22352155
0,0,0.22352155
0,0,0.27938464
0,1,0.54905933
0,0,0.27253017
0,0,0.27612507
0,1,0.5282341
1,1,0.7082755
0,0,0.22352155
0,1,0.6332873
1,1,0.6309326
0,1,0.5119959
1,1,0.74465495
0,1,0.52252674
0,1,0.6825408
0,1,0.6746474
0,1,0.5039114
0,0,0.23663488
0,0,0.27479926
0,0,0.2930631
0,1,0.61702013
0,1,0.54905933
0,1,0.65594935
1,1,0.6821899
0,1,0.70715034
0,0,0.22352155
1,1,0.7148688
0,1,0.61702013
0,1,0.6915149
0,0,0.31367224
0,0,0.34001234
0,1,0.55531543
0,0,0.27191758
0,0,0.29643974
1,1,0.6623071
0,0,0.28974444
0,0,0.27253017
0,0,0.27479926
1,1,0.66746587
0,0,0.24869893
0,0,0.27191758
0,0,0.46702865
0,0,0.46702865
0,0,0.36354208
0,1,0.5512695
0,0,0.27612507
0,0,0.27402416
1,1,0.7177878
0,0,0.23663488
0,0,0.27690387
0,0,0.3052992
0,0,0.23663488
0,0,0.31367224
0,1,0.55531543
0,0,0.36214003
0,1,0.50636685
0,0,0.24926515
0,1,0.7177878
0,1,0.5195196
0,1,0.5050291
0,0,0.34953192
0,1,0.55237377
0,0,0.4748112
1,1,0.6915149
0,0,0.3620049
0,1,0.6809742
0,1,0.5512695
0,0,0.2921197
1,0,0.4298278
0,0,0.3728784
0,0,0.32949528
0,0,0.27690387
0,1,0.5121358
0,0,0.3855155
0,1,0.6764136
0,0,0.27673075
0,1,0.5081295
0,0,0.36214003
0,0,0.22352155
0,0,0.37117597
0,1,0.50973296
0,0,0.27479926
0,0,0.27612507
0,0,0.22352155
0,0,0.23663488
0,1,0.5039632
0,1,0.5074327
0,0,0.2921197
0,1,0.7177878
0,0,0.45857
1,1,0.75431997
0,1,0.6623071
0,0,0.27402416
0,0,0.29827735
0,0,0.27402416
1,1,0.55531543
0,0,0.23663488
0,1,0.5167175
1,1,0.66746587
1,1,0.6596778
1,1,0.68394977
0,0,0.3827811
0,0,0.3907484
0,0,0.22352155
0,0,0.27253017
0,1,0.56104434
0,0,0.22352155
0,1,0.6605597
0,1,0.56728554
0,1,0.7078185
0,0,0.27402416
1,1,0.7177878
1,1,0.74363256
0,1,0.50636685
0,0,0.32827556
0,0,0.38523713
0,0,0.23663488
0,0,0.26564702
0,1,0.63276154
0,1,0.6809742
0,0,0.24616136
0,0,0.27253017
1,1,0.61028624
0,0,0.35972443
1,0,0.382466
0,1,0.7524008
0,1,0.62451947
0,1,0.7078185
0,0,0.38264126
1,1,0.51699495
0,1,0.62457997
0,1,0.6563319
0,0,0.37742835
1,1,0.6213134
0,1,0.5121358
1,1,0.62451947
0,0,0.3052992
0,0,0.27479926
1,0,0.34514794
0,1,0.522615
0,0,0.22352155
1,1,0.72420883
0,1,0.514487
0,0,0.24673557
0,1,0.6202088
0,0,0.23663488
0,1,0.6829867
0,0,0.3827811
0,1,0.5980373
0,1,0.6821547
0,0,0.27759105
0,1,0.60109264
0,1,0.5119959
0,1,0.64020544
0,0,0.27253017
0,1,0.5512695
0,1,0.74465495
0,1,0.632786
0,1,0.5261864
0,1,0.6825408
1,1,0.5567663
0,1,0.61702013
0,0,0.23663488
0,0,0.37753072
0,1,0.5050291
0,0,0.3252809
0,0,0.30843443
0,0,0.37753072
0,0,0.27253017
0,0,0.36503965
0,0,0.38924125
0,0,0.24616136
0,0,0.27479926
0,1,0.675137
0,1,0.7177878
0,1,0.6837627
0,1,0.61488
0,0,0.37640238
0,1,0.57589346
1,1,0.71715105
0,1,0.62451947
0,0,0.24673557
0,0,0.45857
0,0,0.27253017
1,1,0.7452783
0,1,0.56728554
0,0,0.35020128
0,1,0.67294645
0,0,0.3110743
0,1,0.7063247
0,0,0.24673557
0,1,0.6420329
0,1,0.67132527
0,0,0.22352155
0,0,0.23663488
0,0,0.22352155
0,1,0.5195196
1,1,0.71559936
0,0,0.3827811
0,1,0.57589346
0,0,0.27402416
0,0,0.27938464
0,0,0.46522206
0,0,0.2921197
0,0,0.36214003
0,0,0.27832934
0,1,0.7177878
0,1,0.55531543
0,1,0.508599
0,1,0.7167051
0,1,0.67714906
0,1,0.5094867
0,1,0.57589346
0,0,0.37071064
0,1,0.507501
0,1,0.5512695
0,1,0.5428373
0,1,0.6338867
0,1,0.6202088
0,0,0.27402416
0,0,0.28974444
0,1,0.5512695
0,1,0.6764136
0,1,0.6809742
0,1,0.5037
0,1,0.57589346
0,0,0.23663488
0,1,0.597249
1,1,0.6418903
0,0,0.29199886
0,0,0.4359629
1,1,0.66746587
0,1,0.64628094
0,0,0.24869893
0,0,0.29058883
0,1,0.67132527
0,0,0.27253017
0,0,0.27938464
0,0,0.3728318
0,0,0.25217617
0,1,0.6825408
0,1,0.6264767
0,0,0.28923473
1,0,0.47132763
0,1,0.63806
0,1,0.56104434
1,1,0.70561004
0,1,0.61249936
0,0,0.23663488
0,1,0.66746587
0,1,0.6200328
0,1,0.5553718
0,0,0.464525
0,1,0.7177878
0,0,0.27253017
0,0,0.27402416
0,0,0.29643974
0,0,0.22352155
0,1,0.67499876
0,1,0.6799304
0,1,0.58795536
0,0,0.2975936
0,0,0.3862981
1,1,0.5980373
0,0,0.24616136
0,0,0.28067133
0,1,0.56104434
0,0,0.27690387
0,0,0.24616136
0,0,0.43591198
0,1,0.5246491
0,1,0.70441085
0,1,0.50636685
0,1,0.75431997
0,0,0.29220703
1,1,0.5796532
0,1,0.56728554
0,0,0.27253017
1,1,0.6727459
0,1,0.63041466
0,0,0.27191758
0,0,0.28974444
0,0,0.22352155
0,0,0.45857
0,1,0.7213093
0,0,0.27832934
0,1,0.634049
0,1,0.57589346
0,0,0.4621392
0,0,0.27253017
0,0,0.23663488
0,1,0.70715034
1,1,0.74465495
1,1,0.7177878
0,1,0.56104434
0,0,0.31367224
0,0,0.23663488
0,0,0.46702865
0,1,0.5581958
0,0,0.23663488
0,0,0.274624
0,1,0.70715034
1,1,0.5532324
0,0,0.3855155
0,1,0.7062911
0,1,0.5184412
0,0,0.3827811
0,0,0.28974444
0,1,0.5117183
0,0,0.27884445
0,0,0.29058883
0,0,0.45419538
0,0,0.29044458
0,1,0.522615
0,1,0.6318166
0,1,0.6837627
1,1,0.56728554
0,0,0.38822806
1,1,0.59032154
0,0,0.23663488
0,1,0.70561004
1,1,0.63135433
0,1,0.50636685
0,0,0.34192944
0,0,0.22728172
0,0,0.4653487
0,0,0.27673075
0,1,0.7177878
1,1,0.6764136
0,1,0.52330965
0,0,0.27402416
0,0,0.3885752
0,0,0.29058883
0,0,0.22352155
1,1,0.6372103
0,0,0.28151074
0,0,0.24059731
0,1,0.7433737
0,0,0.24869893
0,0,0.29199886
0,1,0.6764136
0,0,0.38822806
0,0,0.27253017
0,0,0.27938464
0,1,0.5195196
0,1,0.7167051
0,0,0.3827811
0,0,0.32827556
0,1,0.6915149
0,1,0.5093154
0,0,0.23663488
0,0,0.27919272
0,1,0.70010626
0,0,0.3827811
0,1,0.6825408
0,0,0.23663488
1,1,0.6327424
0,0,0.22352155
0,0,0.38173616
0,1,0.54098624
0,0,0.23663488
0,0,0.27402416
0,0,0.46480638
0,1,0.5162113
0,0,0.3885752
0,0,0.22352155
0,0,0.23663488
0,0,0.23663488
0,0,0.4460652
0,0,0.22352155
0,1,0.6737591
1,1,0.6504526
0,0,0.46702865
0,1,0.63135433
0,0,0.44321102
0,1,0.7167051
0,1,0.5074327
0,0,0.46702865
0,0,0.38355657
1,1,0.65045273
0,0,0.28974444
0,1,0.54905933
1,1,0.7177878
0,0,0.24673557
1,1,0.7452783
0,1,0.70564365
0,1,0.5068006
0,0,0.37706155
0,0,0.2952521
0,0,0.34788674
0,1,0.5094867
0,1,0.7078185
0,1,0.51422703
1,1,0.6809742
0,1,0.62457997
0,1,0.61702013
0,0,0.23663488
0,1,0.6651041
0,1,0.522615
0,0,0.27479926
0,0,0.27253017
0,1,0.69718724
0,0,0.3110743
0,0,0.22352155
0,0,0.4617027
0,0,0.23663488
0,0,0.34788674
0,1,0.50990427
0,1,0.64017934
0,0,0.4303173
0,0,0.3728784
0,0,0.45886186
1,1,0.74465495
0,0,0.36323994
0,0,0.23663488
0,0,0.23663488
0,0,0.34788674
0,0,0.27253017
0,0,0.22352155
0,1,0.7062911
0,0,0.24869893
0,1,0.7167051
0,0,0.3848155
0,0,0.24673557
0,0,0.27402416
0,1,0.62457997
0,0,0.46522206
0,0,0.22352155
0,1,0.65006703
0,1,0.57589346
0,0,0.22352155
0,0,0.27938464
0,0,0.3641887
0,0,0.433153
0,1,0.70564365
0,0,0.22352155
0,1,0.50081056
0,0,0.3728784
0,0,0.3907484
0,1,0.50636685
0,1,0.71332777
1,1,0.6821899
0,1,0.68515724
0,0,0.449247
0,1,0.57589346
0,1,0.5074327
0,0,0.2941492
0,1,0.50990427
0,0,0.24616136
0,1,0.632786
0,0,0.4460652
0,0,0.26564702
1,0,0.35972443
0,1,0.6764136
0,0,0.22352155
1,1,0.7177878
0,1,0.632786
0,1,0.67714906
0,0,0.30961823
0,0,0.27253017
0,0,0.27402416
0,1,0.6651041
0,1,0.63803923
1,1,0.7413494
0,0,0.28151074
0,0,0.2948783
0,0,0.46392292
0,1,0.50990427
1,1,0.7177878
0,1,0.55237377
0,1,0.5261864
0,1,0.63276154
0,0,0.27402416
0,0,0.3827811
0,0,0.37742835
1,1,0.72007704
0,1,0.632786
0,1,0.5111819
0,0,0.29119283
0,0,0.27938464
0,1,0.66882646
0,0,0.4421984
0,0,0.2526598
0,0,0.37710786
0,0,0.38822806
0,0,0.2921197
0,0,0.3862981
1,1,0.5428373
0,1,0.7167051
1,1,0.720384
0,0,0.27759105
0,0,0.27612507
0,0,0.29044458
0,0,0.3641887
0,1,0.62451947
0,0,0.23663488
0,0,0.3885752
0,0,0.38230938
0,1,0.5873184
0,1,0.7002684
0,0,0.29058883
0,1,0.51711893
0,0,0.4620231
0,1,0.6821899
0,1,0.55237377
0,0,0.24673557
0,1,0.5018307
0,1,0.74465495
0,0,0.36730266
0,0,0.22352155
0,1,0.70782936
0,1,0.66746587
0,1,0.7177878
0,0,0.2785721
0,1,0.7037272
0,1,0.6117166
0,1,0.7177878
0,1,0.7048456
0,0,0.37117597
0,0,0.3641887
0,1,0.7177878
1,1,0.7553079
0,1,0.61702013
0,0,0.35441002
0,1,0.6508567
0,1,0.5553718
0,0,0.29044458
0,1,0.5162113
0,0,0.22461239
0,0,0.22352155
0,0,0.3539609
0,1,0.75431997
0,1,0.5184412
0,1,0.72349185
0,1,0.6264767
0,0,0.24673557
0,1,0.7177878
0,0,0.27402416
1,1,0.7177878
0,1,0.5039632
0,1,0.6837627
0,1,0.5248473
0,0,0.27253017
0,1,0.59966695
0,0,0.27253017
1,1,0.6451371
0,1,0.5428373
0,0,0.29199886
0,1,0.530508
0,1,0.6114966
0,1,0.70598984
0,0,0.34514794
0,1,0.71559936
1,1,0.7553079
0,0,0.22352155
0,0,0.36699393
0,0,0.22352155
0,1,0.70715034
0,0,0.23663488
0,1,0.634049
0,1,0.653424
1,1,0.65361536
0,0,0.29044458
0,0,0.24869893
0,1,0.54905933
0,0,0.23663488
0,1,0.6825408
0,1,0.6504526
0,1,0.5134132
0,0,0.274624
0,0,0.27690387
0,1,0.5117183
0,0,0.34426954
1,1,0.7553079
0,1,0.66955245
0,1,0.6669392
0,0,0.29058883
0,0,0.34788674
0,1,0.6342306
0,1,0.61702013
0,0,0.23663488
0,1,0.7177878
0,0,0.22352155
0,1,0.64628094
0,1,0.5553718
1,1,0.7524008
0,0,0.27191758
0,0,0.3728318
0,1,0.7452783
0,0,0.24673557
0,1,0.70010626
0,1,0.65163094
0,0,0.35972443
0,1,0.70715034
0,0,0.29482833
0,1,0.68515724
0,0,0.28974444
0,1,0.6801748
0,0,0.27253017
0,1,0.74274737
0,0,0.23663488
0,0,0.37742835
0,0,0.34514794
0,0,0.23663488
0,0,0.36768293
0,0,0.46522206
0,1,0.66477436
0,0,0.274624
0,1,0.6809742
0,0,0.29058883
0,0,0.23663488
0,0,0.29643974
0,0,0.22352155
0,1,0.5428373
0,1,0.55531543
0,0,0.27479926
0,0,0.44123533
0,0,0.27253017
0,1,0.6605597
0,0,0.27938464
0,1,0.66746587
0,1,0.6837627
0,0,0.24869893
0,0,0.3645191
0,1,0.6799304
0,0,0.29482833
0,0,0.38896495
0,0,0.27402416
0,0,0.38355657
0,1,0.5202155
0,1,0.6352412
0,1,0.50973296
0,0,0.27479926
0,1,0.69788283
0,1,0.5001195
0,0,0.23663488
0,0,0.45873654
0,0,0.22352155
1,1,0.6398188
0,0,0.28974444
0,0,0.23663488
0,0,0.27402416
0,0,0.26564702
0,0,0.27402416
0,0,0.28045055
0,1,0.6821899
0,1,0.66695946
0,0,0.27253017
0,0,0.29827735
0,1,0.6623071
0,0,0.23663488
0,1,0.6821899
0,0,0.22352155
0,0,0.38924125
0,1,0.551201
0,0,0.47293952
0,1,0.6566141
0,1,0.6308404
0,0,0.4614411
0,1,0.6915149
0,1,0.63369876
0,1,0.7140855
0,1,0.57589346
0,0,0.29442897
0,1,0.6581347
0,0,0.31367224
0,0,0.2791036
0,1,0.7444044
0,0,0.27191758
0,1,0.6815304
0,1,0.6623071
0,1,0.7553079
1,1,0.68566793
0,1,0.66746587
0,0,0.27690387
0,0,0.27479926
0,0,0.38822806
0,0,0.27673075
0,1,0.74465495
0,1,0.50973296
0,1,0.75120264
0,1,0.6372103
0,1,0.670961
0,0,0.22352155
0,0,0.27253017
0,1,0.55237377
0,0,0.27479926
0,1,0.5094867
0,0,0.3298584
0,0,0.37742835
1,1,0.68515724
1,1,0.5061956
0,0,0.46480638
0,0,0.27915356
0,0,0.27402416
0,0,0.3641887
0,1,0.50990427
0,1,0.61702013
0,0,0.22352155
0,0,0.23663488
0,0,0.28045055
0,0,0.27253017
0,0,0.37071064
0,1,0.61860955
0,1,0.6041236
0,1,0.5167175
0,0,0.27673075
0,1,0.5553718
0,1,0.57589346
0,0,0.22352155
0,1,0.57589346
0,1,0.5703376
0,1,0.6623071
1,0,0.3298584
0,1,0.6915149
0,0,0.48668167
0,0,0.27402416
0,0,0.29107323
0,1,0.66477436
0,0,0.29044458
0,1,0.70715034
0,1,0.508599
0,0,0.4359629
0,0,0.37117597
0,1,0.51659083
0,1,0.57589346
0,1,0.56104434
0,0,0.46276256
0,1,0.5581958
0,1,0.6342306
0,1,0.5074327
0,1,0.52252674
0,0,0.44889247
0,1,0.68515724
0,0,0.37753072
0,0,0.29044458
0,0,0.3752838
0,1,0.5345831
0,0,0.23663488
0,0,0.37753072
0,0,0.3093793
0,0,0.4748112
0,0,0.37071064
0,0,0.27832934
0,1,0.6803607
0,1,0.5119959
0,1,0.6764136
0,1,0.5512695
1,1,0.522615
0,0,0.23663488
1,1,0.66746587
0,1,0.5064442
0,0,0.3728318
0,0,0.44661373
0,0,0.2767697
0,0,0.23663488
0,0,0.27402416
0,1,0.71559936
0,0,0.44577476
1,1,0.6764136
0,0,0.3827811
0,0,0.27673075
0,0,0.2952521
0,0,0.27673075
0,1,0.5428373
0,0,0.38523713
0,0,0.27612507
0,0,0.27938464
1,1,0.6654817
0,0,0.27809605
0,0,0.27612507
0,0,0.31080067
0,0,0.29044458
0,0,0.27612507
0,0,0.2785721
0,0,0.46165118
0,0,0.32827556
0,0,0.23719393
0,0,0.23663488
0,1,0.5124586
0,0,0.27402416
0,0,0.23663488
0,0,0.29827735
0,0,0.32827556
0,1,0.61249936
0,1,0.50973296
1,1,0.62457997
0,1,0.5039114
0,0,0.3862981
0,0,0.47702736
0,0,0.36768293
0,0,0.30423892
0,0,0.40352222
0,0,0.3101964
0,0,0.46165118
0,0,0.27253017
0,1,0.54905933
0,0,0.27402416
0,0,0.27253017
0,0,0.22352155
0,1,0.5162113
1,1,0.5167175
0,0,0.27253017
0,0,0.23663488
0,0,0.36323994
0,0,0.38392705
0,0,0.26418066
0,0,0.27479926
0,0,0.24616136
0,0,0.32245407
0,0,0.22352155
0,0,0.27253017
0,1,0.5074327
0,1,0.5553718
0,0,0.28974444
0,0,0.3645191
0,0,0.27832934
0,1,0.53039163
0,0,0.2941492
0,0,0.23663488
0,0,0.27884445
0,0,0.36648747
0,0,0.3752838
0,1,0.67511725
0,1,0.6182148
0,0,0.3862981
0,0,0.2975936
0,1,0.61249936
0,0,0.37640238
0,1,0.54905933
0,1,0.72373545
0,1,0.522615
0,1,0.52885574
0,0,0.2921197
0,0,0.29044458
0,1,0.55237377
0,1,0.57589346
0,1,0.522615
0,0,0.23663488
0,0,0.22352155
0,0,0.23663488
0,1,0.55237377
0,1,0.7140855
0,1,0.507501
0,1,0.71559936
0,0,0.38924125
0,0,0.26584342
0,0,0.3252809
0,0,0.23663488
0,0,0.36489978
0,0,0.3827811
0,0,0.4370117
0,0,0.27253017
0,1,0.65303993
0,0,0.2975936
1,1,0.61702013
0,1,0.6317091
0,1,0.6821547
0,1,0.6738546
0,1,0.6623071
0,0,0.23663488
0,0,0.24616136
0,1,0.50750065
0,1,0.632786
0,1,0.57589346
0,1,0.7177878
0,0,0.22352155
0,0,0.27612507
0,0,0.22352155
0,0,0.22352155
0,0,0.3052992
0,1,0.508599
0,1,0.57589346
0,1,0.59966695
0,0,0.23663488
0,1,0.62753165
0,0,0.27402416
0,1,0.66746587
0,1,0.5805488
0,0,0.27759105
1,1,0.5581958
0,1,0.5393229
0,1,0.53170615
0,0,0.29044458
0,1,0.54905933
0,0,0.25217617
0,0,0.374651
0,0,0.3728784
0,0,0.23663488
0,0,0.23663488
0,0,0.3885752
0,1,0.66746587
0,0,0.23663488
0,0,0.38822806
0,0,0.369696
0,1,0.5074327
0,1,0.5195196
0,0,0.37992215
0,1,0.5117183
0,0,0.37640238
0,0,0.22352155
1,1,0.7145456
0,0,0.38822806
0,0,0.27884445
0,0,0.22352155
0,1,0.50990427
0,0,0.3827811
0,1,0.6527228
0,1,0.72173
0,0,0.46392292
0,0,0.4460652
1,1,0.70715034
0,0,0.29827735
1,1,0.56104434
1,1,0.7524008
0,1,0.57176244
0,1,0.753394
0,0,0.3827811
0,0,0.3093793
0,1,0.5952556
0,0,0.4444076
0,0,0.32585293
0,1,0.67012393
0,0,0.464525
0,0,0.43286443
0,1,0.65361536
1,1,0.6623071
0,1,0.5184412
0,0,0.27253017
0,0,0.36699393
0,1,0.5952556
0,0,0.27253017
0,1,0.551201
0,0,0.27253017
0,1,0.65399593
0,1,0.61702013
0,0,0.29442897
0,1,0.551201
0,0,0.23663488
0,1,0.7177878
0,1,0.5081295
0,1,0.71517426
0,1,0.70010626
0,1,0.5581958
0,0,0.22352155
0,0,0.24673557
0,1,0.60567075
0,1,0.60109264
0,0,0.29806337
0,1,0.65660673
0,1,0.50990427
0,0,0.37753072
0,1,0.696687
1,1,0.5553718
0,0,0.22352155
0,1,0.55237377
0,0,0.27253017
0,0,0.27479926
0,1,0.62457997
0,0,0.3659904
0,1,0.67012393
1,0,0.26418066
0,1,0.66746587
1,1,0.70640695
0,0,0.27253017
0,0,0.23663488
0,0,0.27253017
0,0,0.3134368
0,0,0.3827811
0,0,0.22352155
0,1,0.5037
0,1,0.6700025
0,0,0.3799738
0,1,0.5162113
0,0,0.43112183
0,0,0.37706155
1,1,0.7082755
0,0,0.27402416
0,0,0.27938464
0,1,0.6821899
0,1,0.51422703
0,1,0.56728554
0,1,0.675137
0,0,0.29107323
0,1,0.6138901
0,1,0.70895296
0,0,0.27402416
0,1,0.71559936
0,0,0.22352155
0,1,0.50990427
0,0,0.3101964
0,0,0.22352155
0,1,0.66746587
0,1,0.5802166
0,0,0.27612507
0,1,0.5195196
0,0,0.22352155
0,0,0.23663488
0,1,0.69788283
0,0,0.38523713
1,1,0.7063247
0,0,0.49426743
0,1,0.50081056
0,1,0.5050291
0,1,0.62365687
0,0,0.27809605
0,0,0.2975936
0,1,0.6041236
0,0,0.27479926
0,0,0.29044458
1,1,0.7086748
0,1,0.5167175
0,0,0.24673557
0,0,0.27402416
1,1,0.75120264
0,0,0.31080067
0,0,0.24869893
0,0,0.4363948
0,0,0.27402416
0,1,0.62457997
0,0,0.29296818
0,1,0.5568373
0,0,0.23663488
1,1,0.6915149
0,0,0.38924125
1,1,0.72301775
0,0,0.3890418
0,1,0.62457997
0,0,0.27832934
0,1,0.7070869
0,0,0.22352155
0,0,0.36699393
0,1,0.70564365
0,0,0.27938464
0,0,0.23663488
0,0,0.27479926
0,0,0.2897524
0,1,0.5980373
0,0,0.40080371
0,0,0.37890336
0,1,0.54728246
0,1,0.5167175
1,1,0.6346973
1,1,0.50990427
0,1,0.66746587
0,1,0.6837627
0,1,0.63275486
1,1,0.7078185
0,0,0.27253017
0,0,0.3907484
1,1,0.7452783
0,0,0.29058883
0,1,0.65660673
0,0,0.40080371
0,1,0.5581958
0,0,0.22352155
0,1,0.7167051
0,0,0.37362358
0,0,0.22352155
0,1,0.57589346
0,0,0.45857
0,1,0.6200328
0,1,0.5111819
0,1,0.6158789
0,0,0.3728784
0,0,0.28045055
0,0,0.38711917
1,1,0.62457997
0,1,0.50990427
0,1,0.50990427
0,1,0.50990427
0,1,0.5098642
0,0,0.46522206
0,0,0.29619974
0,0,0.38822806
0,0,0.38711917
0,0,0.38230938
0,0,0.3052992
0,0,0.2930631
0,0,0.27253017
0,0,0.23663488
0,1,0.51431584
0,1,0.6821899
1,1,0.5257564
0,1,0.65045273
0,0,0.38523713
0,0,0.27402416
0,0,0.3110743
0,0,0.27402416
0,0,0.26564702
0,0,0.46522206
1,0,0.46522206
1,1,0.71959937
0,1,0.63276154
0,1,0.55237377
1,1,0.7553079
0,1,0.63275486
0,0,0.4977156
0,0,0.27402416
0,0,0.3862981
0,1,0.63806
0,1,0.670961
0,0,0.274624
0,0,0.27938464
0,0,0.27673075
0,0,0.23663488
0,0,0.23663488
1,1,0.74465495
0,1,0.5120848
0,0,0.29058883
0,1,0.5124586
0,1,0.56728554
0,0,0.27938464
0,0,0.37742835
0,1,0.70564365
0,0,0.27612507
0,1,0.5783442
0,1,0.70715034
0,0,0.27938464
0,0,0.37791744
0,1,0.5203865
0,0,0.27938464
0,1,0.6922143
0,1,0.7140855
0,0,0.24673557
0,0,0.3799738
0,1,0.6821899
0,1,0.70782936
1,1,0.68692714
0,1,0.66746587
0,1,0.5184412
0,1,0.6309326
0,0,0.23663488
1,1,0.592297
1,1,0.61249936
0,0,0.27479926
0,0,0.3298584
0,0,0.24869893
0,0,0.23663488
0,1,0.6821899
0,0,0.4617027
0,1,0.57589346
1,1,0.6821899
0,0,0.48543152
0,0,0.23663488
0,0,0.28974444
1,1,0.6094584
0,0,0.23663488
0,0,0.23663488
0,1,0.68135697
0,1,0.5050291
0,1,0.52330965
0,1,0.6308404
0,0,0.29199886
0,0,0.37753072
0,1,0.5895629
0,1,0.59966695
0,1,0.57589346
0,0,0.3728318
0,1,0.70715034
0,0,0.3645191
0,0,0.44994757
0,1,0.5061956
1,0,0.27884445
0,1,0.57589346
0,0,0.24616136
0,1,0.514487
0,1,0.70010626
0,1,0.64017934
0,0,0.38392705
0,1,0.6821899
0,0,0.36768293
0,0,0.26352033
0,1,0.70010626
0,0,0.2921197
0,0,0.24059731
0,0,0.3799738
0,1,0.50406325
0,0,0.22352155
1,1,0.75431997
0,0,0.29119283
0,1,0.60109264
1,1,0.7181058
0,1,0.6482373
0,0,0.3690479
1,1,0.6624212
0,0,0.23663488
0,1,0.5195196
1,1,0.71517426
0,0,0.36448273
0,0,0.27832934
0,0,0.22352155
0,0,0.27612507
0,0,0.22352155
0,0,0.23663488
0,0,0.3799738
0,1,0.51337725
0,1,0.5345831
0,1,0.63596815
0,1,0.5093154
0,0,0.23663488
0,0,0.3827811
0,0,0.45239633
0,1,0.72007704
0,0,0.38523713
1,1,0.5553718
1,1,0.5901387
0,0,0.27938464
0,1,0.5361166
0,0,0.22352155
0,1,0.7207411
0,0,0.22352155
0,1,0.52885574
0,1,0.7177878
0,0,0.3409329
0,1,0.5895629
0,0,0.464525
0,0,0.36768293
0,1,0.5119959
0,1,0.70561004
0,1,0.507501
0,0,0.22352155
0,0,0.27938464
0,0,0.3862981
1,1,0.64628094
1,1,0.6605597
0,0,0.30971655
0,0,0.27253017
0,1,0.7177878
0,1,0.6041236
0,1,0.6158789
0,1,0.71559936
0,0,0.46744463
0,1,0.55237377
0,1,0.6331694
0,0,0.23663488
0,0,0.274624
0,0,0.3885752
0,1,0.70977575
0,1,0.71559936
0,1,0.6724418
0,0,0.29199886
0,0,0.22352155
0,0,0.27253017
0,1,0.52762824
0,0,0.22352155
0,0,0.23663488
0,1,0.66746587
0,0,0.23663488
0,1,0.6829867
0,1,0.63806
0,0,0.38711917
0,1,0.64017934
0,0,0.22352155
0,1,0.6915149
0,0,0.24673557
1,1,0.67393833
0,1,0.5121358
0,1,0.5093154
0,0,0.27253017
0,1,0.7553079
1,1,0.753394
0,0,0.27253017
0,1,0.5111819
0,1,0.5785038
0,0,0.24869893
0,0,0.29482833
0,0,0.32585293
0,0,0.32166192
0,0,0.27402416
0,1,0.5913222
0,1,0.5001195
0,1,0.6372103
0,1,0.5094867
0,1,0.6182148
0,0,0.449247
0,0,0.27253017
0,1,0.5553718
0,1,0.64017934
0,0,0.29482833
0,0,0.3907484
0,0,0.3740395
0,0,0.3827811
0,0,0.27253017
1,1,0.7140855
0,0,0.24869893
0,1,0.63041466
0,1,0.70010626
0,0,0.44271827
0,1,0.70715034
0,0,0.27402416
0,0,0.27402416
0,0,0.38822806
0,1,0.5553718
1,0,0.36699393
0,0,0.36648747
0,0,0.27938464
0,0,0.27253017
0,0,0.27253017
1,1,0.753394
0,0,0.3645191
0,0,0.34788674
0,0,0.22352155
0,0,0.22352155
0,1,0.57589346
0,0,0.3409329
0,0,0.27253017
0,1,0.5893397
0,1,0.5162113
1,1,0.72007704
0,1,0.71559936
0,0,0.26352033
0,0,0.37742835
0,0,0.3827811
1,1,0.6563319
0,1,0.5120848
0,1,0.7148688
0,0,0.45857
0,0,0.28067133
1,1,0.51711893
0,0,0.46702865
0,0,0.22352155
0,0,0.22352155
1,1,0.670961
1,1,0.5976941
1,1,0.7222054
0,0,0.3907484
0,0,0.27479926
1,1,0.59233826
0,1,0.508599
0,1,0.70715034
1,1,0.64783686
0,0,0.22352155
0,1,0.5162113
1,1,0.7177878
0,1,0.5512695
0,1,0.5393229
0,0,0.31046948
0,1,0.56271434
0,0,0.22352155
0,1,0.5093154
0,1,0.7177878
1,1,0.72373545
0,0,0.23663488
0,0,0.3409329
0,1,0.6437869
0,0,0.27191758
0,1,0.55531543
0,1,0.6700025
0,0,0.3693636
0,1,0.57589346
0,1,0.69718724
0,0,0.27832934
0,0,0.27253017
1,1,0.72373545
0,1,0.5428373
0,1,0.5195196
1,0,0.27884445
0,0,0.22352155
0,0,0.27253017
0,0,0.36648747
1,1,0.5553718
0,0,0.44577476
0,0,0.28974444
0,0,0.22352155
0,0,0.45110276
0,0,0.29119283
1,1,0.6420329
0,1,0.55531543
0,1,0.5529751
0,0,0.32757616
0,1,0.6615479
0,1,0.5703376
0,0,0.27938464
0,0,0.26352033
0,1,0.7078185
0,1,0.70715034
0,0,0.32585293
0,1,0.56104434
0,0,0.27479926
0,1,0.6700025
0,1,0.6829867
0,0,0.23663488
0,0,0.23663488
0,1,0.5177644
0,0,0.31367224
0,1,0.5119959
0,0,0.23663488
0,1,0.70561004
0,0,0.36503965
0,0,0.37117597
0,1,0.57589346
0,1,0.70564365
0,0,0.29044458
0,1,0.6451371
0,0,0.27402416
0,1,0.68515724
0,1,0.6809742
0,1,0.50973296
0,1,0.6200328
0,1,0.597249
0,0,0.38924125
1,1,0.68566793
1,1,0.7553079
0,0,0.27330264
0,0,0.23663488
0,0,0.27612507
1,1,0.65149146
0,0,0.24869893
0,0,0.22352155
0,0,0.37753072
0,0,0.27402416
0,1,0.5167175
0,0,0.29199886
0,0,0.29643974
0,0,0.306193
0,0,0.34514794
0,1,0.5081295
0,0,0.37220713
0,0,0.46276256
0,0,0.23663488
0,0,0.34788674
0,0,0.27612507
1,1,0.6683016
0,1,0.51422703
1,1,0.7140855
0,0,0.45488575
0,1,0.62457997
1,1,0.5512695
0,0,0.27832934
0,0,0.27253017
1,0,0.28067133
0,1,0.6724418
0,0,0.3728784
0,0,0.23910545
0,1,0.653424
0,1,0.50636685
0,0,0.27253017
1,1,0.6864176
0,1,0.670961
0,1,0.6094584
0,0,0.23663488
0,0,0.23663488
0,0,0.22352155
0,0,0.30254936
0,0,0.23663488
0,0,0.37753072
0,1,0.67012393
0,1,0.65399593
0,1,0.5581958
0,0,0.26418066
1,1,0.551201
0,1,0.72301775
0,0,0.28045055
0,1,0.5393229
0,0,0.26564702
0,1,0.7086748
0,0,0.27402416
0,1,0.55237377
0,0,0.4617027
0,0,0.24673557
0,1,0.522615
0,1,0.50636685
0,1,0.63318616
0,1,0.6508567
0,1,0.7213093
0,1,0.66746587
0,0,0.30727026
0,1,0.5094867
0,1,0.6825408
0,0,0.34788674
0,1,0.507501
1,1,0.75431997
1,1,0.7433737
0,0,0.3101964
0,1,0.6623071
0,0,0.27884445
0,1,0.57589346
0,1,0.62457997
0,1,0.7177878
0,1,0.522615
0,0,0.24616136
0,0,0.36323994
0,1,0.66746587
0,0,0.24673557
0,0,0.28974444
1,1,0.6331694
0,0,0.37753072
0,1,0.5195196
0,0,0.29619974
0,1,0.6741273
0,0,0.38822806
0,1,0.70564365
0,0,0.2919226
0,0,0.27612507
0,0,0.26174045
0,0,0.27673075
0,1,0.70564365
0,1,0.50636685
0,0,0.22352155
0,0,0.3827811
0,0,0.38523713
0,0,0.38355657
1,1,0.6543383
0,0,0.27253017
0,0,0.36854684
0,0,0.23663488
0,0,0.45239633
0,1,0.5805488
0,1,0.5361166
0,1,0.5094867
0,1,0.5980841
0,0,0.2941492
1,1,0.6915149
0,0,0.24041347
0,0,0.3799738
0,1,0.72301775
0,0,0.29199886
0,1,0.6327578
1,1,0.70010626
0,1,0.51711893
0,1,0.53089756
1,1,0.7082755
0,1,0.5121358
0,0,0.38822806
0,0,0.46480638
0,0,0.33159238
0,0,0.2921197
0,0,0.39159483
0,1,0.6041236
0,1,0.50610375
0,0,0.3088179
0,0,0.27612507
0,0,0.3645191
0,0,0.23663488
0,1,0.5581958
0,0,0.22352155
0,0,0.36768293
0,0,0.27673075
1,1,0.6821899
0,1,0.7553079
0,0,0.2733318
0,1,0.54987216
0,1,0.5195196
1,1,0.68566793
1,1,0.70561004
0,1,0.50708336
0,1,0.5568373
0,0,0.27253017
0,0,0.4617027
0,1,0.7167051
0,0,0.46480638
0,0,0.46480638
0,0,0.27330264
0,0,0.3693636
0,0,0.27884445
0,1,0.753394
0,1,0.5117183
0,0,0.3693636
0,1,0.57589346
0,1,0.7452783
0,1,0.5282341
0,1,0.6623071
1,1,0.65006703
0,1,0.5074327
0,1,0.54905933
0,1,0.5167175
0,1,0.72420883
0,1,0.5037
0,1,0.70715034
0,1,0.5882094
0,0,0.27884445
0,0,0.23663488
0,0,0.23663488
1,1,0.7182988
0,1,0.59031594
0,1,0.65006703
1,1,0.67511725
0,0,0.46276256
0,1,0.70715034
0,0,0.22352155
1,1,0.551201
0,0,0.36019763
0,1,0.6093729
0,1,0.7176312
0,0,0.46702865
0,0,0.23663488
0,0,0.37706155
0,1,0.6623071
0,0,0.29058883
0,0,0.27809605
0,0,0.24869893
0,1,0.6724418
0,0,0.26437783
0,1,0.5195196
0,0,0.2921197
0,0,0.37706155
0,0,0.27330264
0,1,0.74465495
0,0,0.27673075
0,0,0.27253017
0,1,0.6821899
1,1,0.7553079
0,0,0.3436558
0,0,0.23663488
0,0,0.23663488
0,1,0.5553718
0,0,0.36323994
0,1,0.70640695
0,0,0.28151074
0,1,0.72373545
0,0,0.27253017
0,0,0.23663488
0,1,0.72007704
0,1,0.612206
0,0,0.27479926
0,1,0.6829867
0,1,0.5195196
0,1,0.6654817
0,0,0.29442897
0,0,0.24673557
0,0,0.22352155
0,0,0.23663488
0,0,0.2902773
0,1,0.5428373
0,0,0.27402416
0,1,0.5553718
0,0,0.369696
0,1,0.65594935
0,0,0.26564702
0,0,0.23663488
0,0,0.23663488
0,1,0.5553718
0,0,0.3101964
0,0,0.23663488
1,1,0.72301775
0,0,0.28151074
0,1,0.6623251
0,0,0.27832934
0,0,0.27253017
0,0,0.23663488
0,1,0.5553718
1,0,0.46480638
0,1,0.6922434
0,1,0.63085324
1,1,0.6809742
0,0,0.27253017
0,1,0.5873184
0,0,0.34788674
0,0,0.26418066
0,0,0.46480638
0,0,0.37753072
0,0,0.27884445
0,1,0.5553718
0,1,0.64017934
0,1,0.6759232
1,1,0.69838196
0,1,0.7167051
1,1,0.6847
0,0,0.24673557
0,0,0.27612507
0,0,0.29044458
0,1,0.65006703
0,0,0.27253017
0,0,0.27612507
0,1,0.6764136
0,0,0.38523713
0,1,0.6830538
0,0,0.23663488
0,1,0.6876357
0,0,0.369696
0,0,0.45857
0,1,0.7177878
0,1,0.55237377
0,0,0.27253017
1,1,0.66882646
1,1,0.66746587
0,0,0.4335541
0,1,0.7167051
1,1,0.6398188
0,0,0.23663488
0,1,0.71559936
0,0,0.38822806
0,1,0.6398188
0,0,0.30894026
0,0,0.37992215
1,1,0.71959937
0,0,0.2941492
0,1,0.6623071
0,1,0.54905933
0,0,0.38822806
0,1,0.62457997
0,0,0.27330264
0,0,0.3862981
1,1,0.6158789
0,1,0.57589346
0,1,0.50990427
0,1,0.5121358
1,0,0.37180638
0,0,0.27673075
0,0,0.31367224
0,1,0.57589346
1,1,0.66746587
0,0,0.32585293
0,0,0.27402416
0,0,0.27479926
0,1,0.66882646
1,1,0.66428393
0,1,0.7002684
0,1,0.65361536
0,1,0.6372103
0,1,0.62365687
0,1,0.66746587
0,0,0.27402416
0,0,0.25438428
0,0,0.37117597
0,1,0.74274737
0,1,0.61702013
0,0,0.27612507
0,0,0.44577476
0,1,0.5074327
0,0,0.27402416
0,0,0.4617027
0,0,0.22352155
0,0,0.23663488
0,0,0.38711917
0,1,0.70564365
0,1,0.50990427
1,1,0.70782936
0,1,0.64341
0,1,0.67012393
0,0,0.4748112
0,1,0.7407198
0,0,0.37937343
0,1,0.6683016
0,1,0.6309326
1,1,0.71559936
0,1,0.7167051
0,0,0.27253017
0,1,0.5195196
0,1,0.5195196
1,1,0.66746587
0,1,0.68515724
0,1,0.6654817
0,0,0.27402416
0,1,0.7148688
0,1,0.6623071
0,1,0.51711893
0,0,0.22352155
0,0,0.23663488
0,1,0.6309326
0,0,0.46522206
0,1,0.514487
0,0,0.22352155
0,1,0.52669746
0,0,0.22352155
0,1,0.70010626
0,1,0.57589346
0,1,0.66900945
0,0,0.24673557
0,0,0.24673557
0,1,0.56271434
1,1,0.72007704
0,0,0.30894026
0,1,0.71715105
0,1,0.6764136
0,1,0.6724418
0,1,0.55237377
0,0,0.3862981
0,0,0.37216923
0,1,0.7177878
1,1,0.5121358
0,1,0.5895629
1,1,0.6737591
0,1,0.74465495
0,1,0.5980373
0,0,0.46392292
0,1,0.7148688
0,1,0.70640695
0,0,0.27938464
0,1,0.66746587
0,0,0.27253017
1,1,0.7524008
0,0,0.27612507
0,0,0.36619404
1,0,0.45771372
1,1,0.66882646
0,0,0.23663488
0,0,0.23663488
0,1,0.62457997
0,0,0.4977156
1,1,0.70561004
0,0,0.24673557
0,1,0.7078185
0,1,0.5195196
0,1,0.5195196
1,0,0.3134368
0,1,0.6821899
0,1,0.63805974
0,0,0.27809605
0,1,0.5121358
0,0,0.27253017
0,1,0.71959937
0,0,0.374651
0,1,0.632786
0,0,0.23663488
0,1,0.7553079
0,0,0.37706155
1,1,0.7082755
0,0,0.23663488
0,1,0.63262415
0,0,0.22352155
1,1,0.70010626
1,1,0.58795536
0,1,0.62457997
1,1,0.5980373
0,0,0.27938464
0,0,0.23663488
0,0,0.3409329
1,1,0.71517426
0,1,0.5195196
0,0,0.27253017
0,1,0.5162113
0,0,0.28067133
0,0,0.27402416
0,0,0.36673987
0,0,0.3752838
0,1,0.66746587
0,0,0.30727026
0,0,0.24673557
0,1,0.5162113
1,1,0.7553079
0,0,0.27253017
0,0,0.34514794
0,1,0.5177644
0,1,0.51422703
1,1,0.70564365
0,0,0.23663488
0,1,0.5361166
1,1,0.7553079
0,0,0.31080067
0,0,0.23663488
0,0,0.27253017
0,1,0.57589346
0,0,0.27884445
0,1,0.514487
0,1,0.72373545
0,1,0.57589346
0,0,0.34514794
1,1,0.5081295
0,0,0.2930631
0,1,0.56104434
0,1,0.5074327
0,1,0.5001195
0,1,0.7177878
0,1,0.61860955
1,1,0.7407198
0,0,0.3093793
0,1,0.5208041
0,1,0.632786
0,0,0.27253017
0,1,0.5258316
0,1,0.68566793
0,1,0.7148688
1,0,0.38355657
0,0,0.37216923
0,0,0.32949528
0,1,0.5512695
0,1,0.5393229
0,1,0.5882094
1,1,0.71559936
0,1,0.7177878
0,1,0.6623251
0,1,0.50708336
0,0,0.23663488
0,0,0.369696
0,1,0.65911853
0,0,0.4642934
1,0,0.30727026
0,1,0.5121358
0,1,0.50708336
0,1,0.70715034
0,0,0.23663488
0,0,0.28045055
0,1,0.57589346
0,1,0.62457997
1,1,0.6764136
0,1,0.5115379
0,0,0.37254
0,0,0.27191758
0,1,0.55237377
0,0,0.38230938
0,1,0.6332873
0,0,0.24158187
0,1,0.6264767
0,1,0.70715034
0,0,0.23663488
0,0,0.2919226
1,1,0.71715105
1,1,0.71715105
0,1,0.5195196
0,1,0.5195196
0,0,0.27884445
0,1,0.5195196
0,0,0.23663488
0,1,0.7148688
0,1,0.50990427
0,0,0.27938464
0,1,0.6504526
0,0,0.32757616
0,1,0.61249936
0,1,0.50708336
0,1,0.5162113
0,0,0.3885752
0,1,0.5195196
0,1,0.67511725
0,0,0.27402416
0,0,0.29058883
0,1,0.6898773
0,1,0.6753706
0,1,0.6922143
0,0,0.4294976
0,0,0.23663488
0,0,0.2733318
0,1,0.675137
0,0,0.27402416
1,1,0.7444044
0,1,0.74465495
0,1,0.6764136
0,1,0.51699495
0,0,0.26352033
0,0,0.45549792
0,0,0.2952521
0,0,0.29199886
0,0,0.27377596
0,0,0.29199886
0,0,0.22535543
0,0,0.3088179
1,1,0.7407198
0,1,0.57589346
0,0,0.29107323
0,0,0.24869893
0,0,0.3235214
0,1,0.6200328
0,0,0.27479926
0,1,0.56728554
1,0,0.36487228
0,1,0.5183358
0,0,0.27938464
0,0,0.46522206
0,0,0.3112821
0,1,0.66746587
1,1,0.5167175
0,1,0.514487
0,1,0.5177644
1,1,0.5258316
0,1,0.5039632
0,1,0.59249556
0,0,0.27191758
1,0,0.38822806
0,0,0.29058883
0,1,0.6566141
0,0,0.27479926
0,1,0.57589346
0,0,0.2930631
0,0,0.3085567
0,0,0.2921197
0,0,0.29058883
1,1,0.70715034
0,1,0.5167175
0,0,0.27673075
0,0,0.27253017
0,0,0.4459405
0,1,0.6720032
1,1,0.7553079
0,1,0.6683016
0,1,0.5282341
0,1,0.62457997
0,1,0.74274737
0,0,0.24869893
0,0,0.27402416
0,0,0.24926515
0,0,0.24673557
1,0,0.37753072
0,0,0.27253017
0,0,0.22352155
0,1,0.6117166
0,0,0.24673557
0,0,0.37117597
0,0,0.29044458
1,0,0.46702865
0,0,0.32757616
1,1,0.7452783
0,0,0.3298584
0,1,0.52406466
0,0,0.25274482
0,0,0.33159238
1,1,0.66746587
1,1,0.69788283
0,0,0.35972443
0,1,0.7553079
0,1,0.64341
0,0,0.46205884
1,1,0.70715034
0,1,0.6117166
0,0,0.22352155
0,0,0.23663488
0,0,0.3755774
0,1,0.50990427
0,0,0.22352155
0,0,0.3827811
0,0,0.27612507
0,1,0.57589346
0,0,0.45857
0,0,0.4459405
1,1,0.6563319
0,0,0.29564905
0,1,0.62753165
0,1,0.5553718
0,0,0.23663488
0,0,0.29058883
0,0,0.3298584
0,0,0.23663488
0,1,0.50636685
0,0,0.37216923
0,0,0.27253017
0,1,0.6821547
0,1,0.6350832
0,0,0.22352155
0,1,0.70564365
0,0,0.34514794
0,0,0.2941492
0,0,0.27809605
0,0,0.23663488
0,0,0.22352155
0,0,0.27402416
0,0,0.23663488
0,1,0.551201
0,1,0.5050291
0,1,0.5785038
0,0,0.37992215
0,0,0.3659904
0,1,0.5121358
0,0,0.24616136
0,1,0.62457997
0,1,0.70782936
0,0,0.44577476
0,0,0.27884445
0,1,0.70079464
1,1,0.6623071
0,1,0.5094867
0,0,0.23663488
0,0,0.32166192
0,0,0.23663488
0,0,0.27402416
0,0,0.22352155
0,1,0.6810161
0,0,0.274624
0,0,0.38822806
0,1,0.5553718
0,0,0.4359629
1,1,0.5581958
0,0,0.3728784
0,0,0.27690387
0,1,0.5568373
0,1,0.6803607
0,1,0.56728554
0,1,0.67132527
0,1,0.634049
0,1,0.7167051
0,0,0.27690387
0,1,0.66477436
0,0,0.46480638
0,0,0.37640238
0,0,0.22352155
0,1,0.5039632
0,0,0.27402416
1,1,0.6890273
0,1,0.6915149
0,1,0.71502846
0,0,0.3862981
0,0,0.27690387
0,1,0.70564365
0,0,0.23663488
0,1,0.5074327
1,0,0.2930631
0,1,0.66428393
0,1,0.632786
0,0,0.27612507
0,0,0.27402416
0,0,0.27402416
0,0,0.27479926
0,1,0.6532314
0,0,0.27253017
1,1,0.6494611
0,1,0.7413494
0,0,0.29044458
0,0,0.22352155
0,0,0.22352155
1,1,0.71959937
1,1,0.54905933
0,0,0.31367224
0,0,0.27479926
0,1,0.6809742
0,1,0.5039632
0,0,0.3862981
1,1,0.68566793
0,0,0.3235214
1,1,0.7407198
0,1,0.7078185
0,0,0.29044458
0,0,0.27402416
0,1,0.70561004
0,0,0.4488412
0,0,0.27402416
0,1,0.57589346
0,1,0.6628003
0,0,0.27402416
0,0,0.38037723
0,1,0.6902399
0,1,0.51711893
0,1,0.71332777
0,0,0.23663488
0,0,0.45110276
0,0,0.24673557
0,0,0.34514794
0,0,0.33159238
0,1,0.5802166
0,0,0.30347148
0,1,0.63222504
0,0,0.27479926
0,0,0.23719393
0,0,0.23663488
0,0,0.34514794
0,0,0.27612507
0,0,0.29199886
0,0,0.27673075
0,0,0.3799738
0,0,0.37706155
0,0,0.3110743
0,1,0.57589346
0,0,0.3663357
0,0,0.36503965
0,1,0.50990427
1,1,0.6821899
1,1,0.6821899
0,1,0.62365687
0,1,0.5783442
0,0,0.37791744
0,0,0.45239633
0,0,0.4459405
0,0,0.3645191
0,0,0.27253017
0,1,0.75431997
0,1,0.66746587
1,1,0.6915149
0,1,0.72373545
0,0,0.3827811
0,0,0.35542798
0,0,0.22352155
1,0,0.35972443
0,1,0.633011
0,0,0.22352155
0,0,0.22352155
0,0,0.28974444
0,0,0.22352155
0,0,0.38523713
0,1,0.50636685
0,0,0.27479926
0,0,0.23663488
0,0,0.37753072
0,0,0.3693636
0,1,0.7078185
0,1,0.5162113
0,0,0.3728318
0,0,0.2952521
0,0,0.23663488
0,0,0.22352155
0,0,0.23663488
0,0,0.27759105
1,1,0.63369876
0,0,0.29220703
0,1,0.5121358
1,1,0.522615
0,0,0.27479926
0,1,0.65594935
0,0,0.34514794
0,1,0.71559936
0,0,0.27479926
1,1,0.74465495
1,1,0.6837627
1,1,0.7177878
0,1,0.5074327
0,0,0.34514794
0,0,0.4617027
0,1,0.70010626
0,0,0.27938464
1,1,0.69838196
0,0,0.3827811
0,0,0.23663488
0,0,0.22352155
1,1,0.56104434
1,1,0.66746587
0,0,0.37742835
0,1,0.70782936
0,0,0.27402416
0,1,0.6418903
0,1,0.653424
0,0,0.27612507
0,1,0.62365687
1,1,0.7070869
0,1,0.5195196
0,0,0.3693636
1,1,0.68135697
0,0,0.27253017
0,1,0.5167175
0,1,0.6864176
0,0,0.36503965
0,0,0.27938464
0,0,0.37753072
0,1,0.6623071
0,1,0.7167051
0,1,0.7167051
1,1,0.6746474
1,1,0.7167051
0,0,0.23663488
1,1,0.6829867
0,1,0.50990427
0,0,0.3693636
0,0,0.3101964
0,1,0.514487
0,1,0.7177878
0,0,0.23663488
0,0,0.24673557
0,1,0.51422703
0,0,0.2930631
0,0,0.22352155
0,1,0.51422703
0,0,0.23663488
0,0,0.34788674
0,0,0.27402416
1,1,0.5553718
0,1,0.6825408
1,1,0.7553079
0,0,0.22352155
0,0,0.23663488
0,0,0.29274946
0,1,0.6563319
0,1,0.5111819
0,1,0.63369876
0,1,0.70561004
0,0,0.27690387
0,1,0.74274737
0,1,0.64020544
0,0,0.27402416
0,0,0.22352155
0,0,0.22352155
0,0,0.27402416
0,0,0.45239633
0,0,0.45460963
0,0,0.34514794
0,0,0.27915356
0,0,0.36648747
0,0,0.27402416
0,1,0.62457997
0,0,0.38392705
0,0,0.23663488
0,1,0.5159215
1,1,0.5952556
0,0,0.3645191
0,0,0.44577476
0,0,0.2941492
0,0,0.3641887
0,0,0.23663488
1,1,0.51622486
1,1,0.6158789
0,1,0.632901
0,0,0.29199886
1,1,0.6504526
0,0,0.38230938
0,0,0.23663488
0,0,0.37706155
0,0,0.28045055
0,0,0.27809605
1,1,0.5094867
0,1,0.5568373
0,0,0.36808679
0,1,0.5873184
0,0,0.26352033
1,1,0.65361536
0,1,0.5802166
0,0,0.23663488
1,1,0.67375463
1,1,0.5512695
0,0,0.27479926
0,0,0.3827811
0,0,0.22352155
0,0,0.27253017
0,1,0.5428373
0,0,0.3663357
0,0,0.22352155
0,0,0.3101964
0,0,0.4488412
0,0,0.26564702
1,1,0.62457997
0,0,0.46480638
0,0,0.23663488
1,1,0.6158789
0,0,0.22352155
0,0,0.25124198
1,1,0.68566793
0,0,0.27673075
0,1,0.7177878
0,1,0.5248473
0,1,0.66746587
0,1,0.6041236
1,1,0.70561004
0,0,0.3052992
0,0,0.29643974
0,0,0.38523713
0,0,0.2930631
0,0,0.27402416
0,0,0.23663488
0,1,0.632786
1,1,0.52406466
0,0,0.44889247
0,1,0.5553718
1,0,0.24616136
0,0,0.23663488
0,0,0.23663488
1,1,0.65086836
0,0,0.28045055
0,0,0.29199886
0,0,0.35441002
0,1,0.514487
1,1,0.74465495
0,1,0.74274737
0,1,0.6829867
1,1,0.5428373
0,0,0.27253017
0,0,0.45857
0,0,0.46276256
0,0,0.23663488
0,1,0.54905933
0,0,0.22352155
0,1,0.64017934
0,0,0.29044458
0,1,0.7524008
0,1,0.5121358
1,1,0.72420883
0,1,0.6915149
0,1,0.72349185
0,0,0.27612507
1,1,0.68515724
0,1,0.72373545
0,0,0.27191758
0,0,0.3799738
0,0,0.2807106
0,0,0.23663488
0,0,0.27253017
0,1,0.6915149
0,0,0.37742835
0,0,0.27402416
0,0,0.27673075
0,1,0.74465495
0,1,0.57589346
1,1,0.7177878
0,0,0.22352155
0,1,0.6915149
1,1,0.72007704
0,0,0.24616136
0,0,0.2941492
0,1,0.51622486
0,1,0.65361536
0,1,0.5568373
0,1,0.66746587
0,1,0.6825408
1,1,0.63275486
0,0,0.38230938
0,0,0.36699393
0,0,0.22352155
0,0,0.27402416
0,1,0.62457997
0,1,0.51369077
0,0,0.37179986
0,0,0.29107323
0,0,0.23663488
0,0,0.3101964
0,0,0.3690479
1,1,0.7177878
0,0,0.22352155
0,1,0.7553079
0,1,0.6741273
1,1,0.71517426
0,0,0.22352155
0,1,0.5952556
0,0,0.22352155
0,0,0.29107323
0,0,0.22352155
0,0,0.26352033
0,0,0.27253017
0,0,0.23663488
0,0,0.4617027
0,1,0.5393229
0,0,0.27253017
0,1,0.5094867
0,0,0.369696
0,0,0.43816018
1,0,0.4460652
0,1,0.74377966
0,0,0.306193
0,1,0.5466774
0,1,0.6829867
0,0,0.36730266
0,1,0.64341
0,1,0.6821547
0,0,0.3740395
1,1,0.50990427
0,0,0.37890336
1,1,0.7553079
1,1,0.7167051
0,1,0.6946434
0,0,0.274624
1,1,0.75431997
0,0,0.27915356
0,1,0.6764136
0,0,0.27479926
1,0,0.46480638
0,0,0.46702865
0,0,0.27402416
0,0,0.22352155
0,1,0.74274737
0,0,0.27884445
0,0,0.36019763
0,0,0.4459405
1,1,0.56104434
0,0,0.27612507
0,0,0.27479926
0,0,0.27690387
0,0,0.3663357
0,1,0.5428373
0,1,0.6563319
0,0,0.4614411
0,0,0.27809605
0,0,0.2921197
0,0,0.27938464
1,1,0.5512695
0,1,0.60567075
0,1,0.5980373
0,0,0.27253017
0,0,0.27191758
0,1,0.6821899
1,1,0.753394
0,0,0.24616136
0,0,0.274624
0,1,0.66746587
0,0,0.27253017
0,0,0.27253017
1,1,0.597249
0,1,0.5061956
0,1,0.514487
0,0,0.23663488
0,0,0.23663488
0,1,0.56104434
0,0,0.26352033
0,0,0.26418066
0,0,0.27915356
0,0,0.30853638
0,1,0.70564365
0,1,0.6451371
1,1,0.7177878
0,0,0.27402416
0,1,0.62457997
0,0,0.35972443
0,0,0.27612507
1,1,0.6350832
0,0,0.3907484
0,0,0.46480638
0,1,0.6623071
0,1,0.5121358
0,1,0.7407198
0,1,0.56271434
0,1,0.70715034
0,0,0.4614411
0,0,0.24673557
0,0,0.37742835
0,1,0.5873184
0,0,0.3252809
0,0,0.25217617
0,0,0.3659904
0,0,0.2941492
0,0,0.23663488
0,1,0.72007704
0,0,0.30727026
0,0,0.37362358
0,0,0.23663488
0,0,0.44577476
1,1,0.5845223
0,0,0.27253017
0,1,0.5553718
0,0,0.22352155
0,0,0.27479926
0,0,0.27479926
0,0,0.36323994
0,1,0.6915149
0,0,0.3623845
0,1,0.51422703
0,1,0.6741273
0,0,0.36214003
0,1,0.653424
0,1,0.60567075
1,1,0.6789156
0,1,0.5167175
0,0,0.27479926
0,1,0.51422703
0,0,0.22352155
0,0,0.34001234
0,0,0.3384877
0,0,0.37054166
0,1,0.72007704
0,0,0.29199886
0,1,0.62457997
0,0,0.27253017
0,0,0.29058883
0,1,0.6158789
0,0,0.28974444
0,0,0.27402416
0,0,0.27809605
1,1,0.61249936
0,1,0.6041236
1,1,0.7553079
1,0,0.4614411
1,1,0.6734818
0,1,0.5553718
0,0,0.23663488
0,0,0.34788674
0,1,0.6117166
0,0,0.23663488
0,1,0.5553718
0,0,0.37071064
0,0,0.46165118
0,1,0.71223485
0,1,0.6829867
0,0,0.27809605
0,0,0.22352155
0,1,0.5512695
0,1,0.7140855
0,0,0.27402416
0,0,0.27402416
1,1,0.664662
0,1,0.7177878
0,1,0.6902399
0,1,0.597249
0,0,0.27612507
0,1,0.63276154
0,1,0.71559936
0,0,0.3645191
0,0,0.29058883
0,0,0.27938464
0,0,0.45460963
0,0,0.45110276
0,0,0.46702865
0,0,0.27330264
0,0,0.36283854
1,1,0.66746587
0,1,0.71959937
0,0,0.3752838
0,0,0.2941492
0,1,0.5121358
0,1,0.5195196
0,0,0.23663488
0,1,0.61702013
0,0,0.385396
0,0,0.27330264
0,0,0.22352155
0,0,0.22352155
0,1,0.68515724
1,1,0.6821899
0,0,0.22352155
1,1,0.7063247
0,0,0.27402416
0,1,0.508599
0,0,0.36503965
0,0,0.3409329
0,0,0.37362358
0,0,0.22352155
0,0,0.4621392
1,1,0.65361536
0,1,0.59018
0,1,0.6825408
0,0,0.36057633
0,0,0.27253017
0,0,0.38523713
0,0,0.4614411
0,1,0.71559936
0,0,0.3624071
0,0,0.24616136
0,1,0.67206824
0,1,0.7177878
0,1,0.5177644
0,1,0.5512695
0,0,0.29058883
0,0,0.449247
0,1,0.50708336
0,0,0.312294
0,0,0.27673075
0,0,0.36699393
1,1,0.70715034
0,0,0.37753072
0,0,0.27402416
0,0,0.23663488
0,0,0.3827811
0,0,0.22352155
0,1,0.5805488
0,1,0.5119959
1,1,0.50708336
1,1,0.70715034
0,0,0.27402416
1,1,0.61249936
0,1,0.51711893
0,1,0.66007674
0,1,0.56104434
0,0,0.23663488
0,1,0.55531543
0,0,0.2930631
0,1,0.514487
0,0,0.27673075
0,0,0.38822806
0,1,0.522615
0,0,0.38822806
0,0,0.27253017
0,1,0.54905933
0,1,0.70564365
0,0,0.24673557
0,1,0.67714906
0,0,0.23854336
0,0,0.3663357
0,1,0.64017934
0,0,0.37710786
0,0,0.2941492
0,0,0.27402416
1,1,0.7177878
0,1,0.7177878
0,1,0.6041236
0,0,0.274624
0,1,0.5428373
0,1,0.61249936
0,1,0.5162113
0,1,0.6342306
0,0,0.24616136
0,0,0.24673557
1,0,0.46522206
0,0,0.23663488
0,0,0.22352155
0,0,0.26564702
1,1,0.62457997
0,1,0.5195196
0,1,0.68566793
0,0,0.3885752
0,0,0.46480638
0,1,0.5121358
0,1,0.6654817
0,0,0.2948783
0,1,0.64321613
0,0,0.3827811
0,1,0.50990427
0,1,0.5195196
0,1,0.6451371
0,1,0.6623071
0,1,0.50990427
1,1,0.59249556
0,0,0.28974444
0,1,0.5111819
0,0,0.27612507
0,0,0.38822806
0,1,0.66733605
0,0,0.37742835
0,0,0.38264126
0,0,0.38711917
1,1,0.5093154
0,1,0.50636685
0,1,0.50990427
0,0,0.449247
0,1,0.5553718
0,0,0.3728784
0,0,0.3740395
0,0,0.3728784
1,1,0.7177878
0,0,0.27253017
0,0,0.33347327
0,0,0.26437783
0,0,0.23663488
0,1,0.54905933
0,1,0.68515724
0,0,0.274624
0,1,0.5553718
0,1,0.71559936
0,0,0.32949528
0,1,0.6683016
1,1,0.66882646
0,0,0.4488412
0,0,0.38924125
1,1,0.60109264
0,0,0.3728784
0,1,0.68062526
0,1,0.67956036
0,1,0.62753165
0,1,0.6623071
1,0,0.306193
0,0,0.22535543
0,1,0.5568373
0,1,0.5039632
0,0,0.29827735
0,0,0.22352155
0,1,0.7086748
0,1,0.70715034
0,1,0.68135697
0,1,0.5037
1,1,0.5512695
0,1,0.6318166
0,1,0.630408
0,0,0.32607767
1,1,0.6864176
0,1,0.51422703
0,1,0.50708336
0,0,0.27402416
0,0,0.3752838
0,0,0.23663488
0,1,0.70564365
0,1,0.7148688
1,1,0.65361536
0,0,0.24616136
0,1,0.70977575
1,1,0.6728274
0,1,0.5428373
0,0,0.27938464
0,0,0.24869893
0,1,0.5162113
0,1,0.6158789
1,1,0.68019927
0,0,0.27884445
0,0,0.27673075
1,1,0.7553079
1,1,0.6372103
0,0,0.32757616
0,0,0.23663488
0,0,0.3885752
0,0,0.4748819
0,0,0.24869893
0,1,0.69718724
0,0,0.27402416
0,0,0.39546454
0,1,0.7063247
0,0,0.23719393
0,0,0.27832934
0,0,0.38392705
0,0,0.27809605
0,1,0.66746587
0,0,0.3101964
0,1,0.5802166
0,0,0.31367224
0,0,0.27402416
0,1,0.62457997
0,1,0.5258316
0,1,0.5162113
0,1,0.66746587
0,0,0.25212696
0,0,0.3093793
0,1,0.5428373
0,0,0.46276256
0,1,0.630408
0,1,0.55531543
0,0,0.23663488
0,0,0.29753765
0,1,0.5117183
0,0,0.369696
0,1,0.7177878
0,0,0.24673557
0,1,0.6915149
0,0,0.29119283
0,0,0.45886186
0,1,0.71668464
0,0,0.23663488
0,0,0.37117597
0,0,0.37791744
0,1,0.7177878
0,0,0.24616136
0,0,0.27938464
0,1,0.5428373
0,1,0.6809742
0,1,0.5553718
0,1,0.670961
0,0,0.22352155
1,1,0.6837627
0,0,0.4748112
0,0,0.23663488
0,1,0.5512695
0,1,0.51431584
0,1,0.753394
0,0,0.32757616
0,0,0.26584342
0,1,0.70782936
0,0,0.24673557
0,0,0.22352155
0,0,0.38822806
0,0,0.27191758
0,1,0.5124586
1,1,0.6532314
1,1,0.56728554
0,0,0.3862981
1,1,0.61249936
1,1,0.61249936
0,0,0.29044458
1,1,0.70564365
0,0,0.27253017
0,0,0.27938464
0,0,0.25124198
0,0,0.22352155
0,0,0.46480638
0,0,0.27809605
0,0,0.27884445
1,1,0.74465495
0,0,0.27938464
0,0,0.23663488
0,1,0.6829867
0,1,0.72373545
0,0,0.3659904
0,0,0.2807106
0,0,0.33122832
0,1,0.65124184
0,1,0.5261864
0,0,0.2930631
0,1,0.66746587
0,0,0.27884445
0,0,0.24869893
0,1,0.7063247
0,1,0.66746587
0,0,0.22352155
0,0,0.3101964
0,0,0.34514794
0,0,0.30347148
0,0,0.22352155
1,0,0.4617027
0,0,0.45857
0,0,0.24673557
0,1,0.70715034
0,0,0.29220703
0,1,0.6837627
0,1,0.696687
0,1,0.63806
0,0,0.27253017
0,0,0.46480638
0,0,0.27253017
0,1,0.5195196
0,1,0.5094867
0,0,0.38822806
0,0,0.32827556
1,1,0.5361166
0,0,0.37992215
0,0,0.27673075
0,1,0.65911853
1,1,0.64628094
0,0,0.3827811
0,1,0.6829867
0,1,0.522615
0,0,0.4294976
0,0,0.23663488
0,0,0.26584342
0,0,0.27938464
0,0,0.35972443
0,0,0.48668167
0,1,0.6398188
0,0,0.22352155
0,0,0.23663488
0,0,0.24616136
0,0,0.24673557
0,0,0.29044458
1,1,0.50081056
0,0,0.38523713
0,1,0.5361166
0,0,0.26564702
0,0,0.46702865
0,1,0.6700025
0,1,0.5093154
0,0,0.23663488
0,0,0.27479926
0,0,0.31367224
0,0,0.27402416
0,0,0.3110743
0,0,0.3042258
0,0,0.22352155
0,1,0.62753165
0,0,0.27253017
0,1,0.5195196
1,1,0.67294645
0,0,0.22352155
0,0,0.3298584
0,0,0.27884445
1,1,0.7177878
0,1,0.514487
0,0,0.23663488
0,1,0.6532314
0,1,0.5625872
1,1,0.70715034
0,1,0.514487
0,0,0.3907484
0,0,0.23663488
0,0,0.3827811
0,0,0.22352155
0,0,0.27253017
0,0,0.23663488
0,0,0.30894026
0,0,0.38523713
0,1,0.6451371
0,1,0.6922143
0,0,0.23663488
0,1,0.5039632
0,0,0.28045055
0,0,0.38822806
0,0,0.27253017
0,1,0.51622486
0,0,0.385396
1,1,0.71517426
0,1,0.7140855
0,0,0.3728318
1,1,0.7070869
0,0,0.27832934
0,0,0.36489978
0,1,0.6158789
0,0,0.35020128
0,1,0.5121358
0,0,0.4614411
0,0,0.37742835
0,0,0.27479926
0,0,0.27402416
0,0,0.27809605
0,0,0.29643974
0,0,0.3110743
0,1,0.6158789
0,0,0.27884445
0,0,0.29368457
0,0,0.3112821
0,1,0.514487
0,1,0.6508567
0,1,0.66746587
0,0,0.29058883
0,0,0.37706155
0,1,0.71502846
0,1,0.5195196
0,1,0.5581958
0,0,0.36768293
0,0,0.22352155
0,1,0.72007704
0,0,0.27690387
1,1,0.6623071
0,0,0.48543152
0,0,0.27612507
0,0,0.3668573
0,0,0.29222676
0,0,0.23663488
0,0,0.27884445
0,0,0.4519824
0,1,0.522615
0,1,0.5023521
0,1,0.70715034
1,1,0.74465495
0,0,0.36596867
0,1,0.5162113
0,1,0.70715034
0,0,0.36854684
0,1,0.6738546
0,1,0.6946434
0,1,0.72007704
0,0,0.36057633
0,1,0.71559936
0,1,0.6158789
0,1,0.6623071
1,0,0.3827811
0,0,0.382466
0,1,0.50990427
0,0,0.38355657
0,0,0.2921197
0,0,0.27938464
0,0,0.45549792
0,0,0.24869893
0,0,0.24616136
0,0,0.3641887
0,1,0.6623071
0,0,0.382466
0,0,0.22352155
0,0,0.3728784
0,1,0.5167175
0,1,0.6809742
0,1,0.71959937
0,0,0.24616136
0,0,0.35972443
0,1,0.6654817
0,0,0.3827811
0,1,0.633011
0,1,0.522615
0,0,0.22352155
0,0,0.27253017
0,1,0.6117166
0,0,0.2941492
0,0,0.2948783
0,0,0.27884445
1,1,0.75431997
0,0,0.36214003
0,0,0.3252809
0,0,0.27402416
1,1,0.71959937
0,0,0.22352155
0,0,0.49691707
