Actual,Predicted,Probability
0,0,0.30527055
0,0,0.26379064
0,0,0.1586984
0,0,0.17558454
0,0,0.16061647
0,1,0.50059265
0,0,0.27788496
0,0,0.23666425
0,0,0.2907304
0,0,0.14336596
0,0,0.24326076
0,0,0.4048123
0,0,0.40231887
0,0,0.13457337
0,0,0.46879688
0,0,0.17585297
0,0,0.17160562
0,0,0.15425007
0,0,0.15390366
0,0,0.14225946
1,1,0.59958327
0,0,0.14029317
0,0,0.28014615
0,0,0.36798105
0,1,0.5106942
0,1,0.6276004
0,1,0.60856074
0,0,0.30361313
0,0,0.15329732
1,1,0.5376638
0,0,0.21685714
0,0,0.17202345
0,0,0.16631411
0,0,0.36420172
0,0,0.2754535
0,0,0.14544481
0,0,0.27788496
0,0,0.15398891
0,0,0.17285681
0,0,0.30311805
0,0,0.36809668
0,0,0.27623862
0,0,0.2054041
0,1,0.5364157
1,1,0.5282448
0,0,0.17398593
0,0,0.25981292
0,0,0.33437237
0,0,0.43128434
0,1,0.5242719
0,0,0.36798105
0,0,0.15374804
0,0,0.34086144
0,0,0.3388671
0,0,0.3018265
0,0,0.17087731
0,0,0.29677874
0,1,0.5182773
0,0,0.29801083
0,0,0.37065178
0,0,0.15643035
0,0,0.1381636
0,0,0.17487293
0,0,0.4776201
1,1,0.5990174
0,1,0.5307504
0,0,0.31552935
0,0,0.14458273
0,0,0.43466344
0,1,0.62350464
0,0,0.3540201
0,0,0.13387601
0,0,0.17092863
0,0,0.13799985
1,0,0.39420417
0,0,0.1485933
0,0,0.17656519
0,0,0.47109047
0,0,0.15297061
0,0,0.25555947
0,0,0.32550788
0,0,0.16087902
0,0,0.4564873
0,0,0.16655618
0,0,0.293435
0,0,0.15862244
0,0,0.28065708
0,0,0.43897814
0,0,0.3979642
0,0,0.24095164
0,0,0.31155008
0,0,0.16823412
0,0,0.17365769
0,0,0.23225455
0,0,0.4331651
0,1,0.5157349
0,0,0.32800543
0,0,0.1785498
0,1,0.59703785
0,0,0.479432
0,0,0.14743125
0,0,0.22461437
0,0,0.21197154
0,0,0.4718859
0,0,0.15440866
0,0,0.16988325
1,0,0.40915447
0,0,0.15273103
1,0,0.3285494
0,0,0.4048123
0,0,0.16717164
0,0,0.15268628
0,0,0.15190884
0,0,0.4782284
0,0,0.17826086
0,0,0.37160966
1,0,0.35391095
0,0,0.22770761
0,1,0.5151245
0,0,0.13426013
0,0,0.15633422
0,1,0.5472152
0,0,0.15390366
0,0,0.47488803
0,0,0.3724602
0,0,0.1419098
0,0,0.20548008
0,0,0.3381556
0,0,0.27503553
0,0,0.1381636
0,0,0.4782284
0,1,0.51323223
0,0,0.15659001
0,0,0.13653375
0,0,0.17499068
0,0,0.13371655
0,0,0.15221623
0,0,0.20871231
0,0,0.15632083
0,0,0.47122353
1,1,0.51647854
0,1,0.58089757
0,1,0.51462543
0,0,0.17238781
0,0,0.1683691
0,0,0.46362767
0,0,0.24863522
0,0,0.14116007
0,0,0.32818913
0,0,0.20601185
0,0,0.30314764
0,0,0.13387601
1,0,0.3684916
0,0,0.20872763
0,0,0.1521307
0,0,0.15220644
0,0,0.21807359
0,0,0.17705089
0,1,0.5176888
0,0,0.33010638
0,0,0.43639317
0,0,0.34346113
0,0,0.151431
0,0,0.23139688
0,0,0.2343598
0,0,0.14511313
0,0,0.1611331
0,0,0.20189823
0,1,0.5004708
0,0,0.31678894
1,0,0.36187845
0,0,0.16912542
0,0,0.16655618
1,0,0.3384188
0,0,0.17853338
0,0,0.13387601
0,0,0.16010892
0,0,0.15374804
0,0,0.19702385
0,0,0.2603526
1,0,0.327235
0,0,0.46999553
0,0,0.43183395
0,0,0.23088554
0,1,0.51445526
0,0,0.17453921
0,0,0.17039171
0,0,0.23623493
0,1,0.58173954
0,0,0.20666729
0,0,0.17222169
0,0,0.13776991
0,0,0.1537525
0,0,0.16168228
0,0,0.15329732
0,0,0.15063229
0,0,0.21617779
0,0,0.20036899
0,0,0.4631633
0,0,0.13972762
0,0,0.37850893
0,0,0.2814106
0,0,0.31709546
0,0,0.43847507
1,1,0.589675
0,0,0.25698733
1,1,0.5970572
0,0,0.46072307
0,1,0.5269825
0,0,0.17637503
0,0,0.3713952
0,0,0.3540201
0,0,0.17398593
1,1,0.50879407
0,0,0.16790324
0,0,0.1713938
0,0,0.2839285
0,0,0.4318839
1,1,0.569954
0,0,0.17461026
0,0,0.21512927
0,0,0.4651982
0,1,0.5690575
0,0,0.15340701
0,1,0.5990174
0,0,0.40627047
0,0,0.47607657
0,0,0.4357922
0,0,0.27582976
0,0,0.48252547
0,1,0.6078641
0,0,0.47163004
0,1,0.5667683
0,0,0.1780481
0,0,0.17626548
1,1,0.65798545
0,0,0.17307134
0,0,0.38022488
0,0,0.15596826
0,0,0.298872
0,0,0.36403245
1,0,0.43493596
0,0,0.15391934
1,1,0.6431078
0,0,0.15251733
0,0,0.4599005
0,0,0.2101361
0,0,0.17426941
0,0,0.31745508
0,0,0.3787532
0,0,0.1521307
0,0,0.29712692
0,1,0.58078223
0,0,0.1381636
0,0,0.15927719
0,0,0.4327587
0,0,0.3775451
0,0,0.17590225
0,0,0.36798105
0,0,0.15352117
0,1,0.5170736
0,0,0.44696295
0,0,0.36785126
0,0,0.27960542
0,0,0.15398891
0,0,0.20583497
0,1,0.5493762
0,0,0.40299946
0,0,0.15571007
1,0,0.2345827
0,0,0.13387601
0,0,0.17437798
1,1,0.59778106
0,0,0.16445392
0,0,0.40627047
1,0,0.32164532
0,1,0.51093185
0,0,0.48094168
0,0,0.15296616
0,0,0.1349078
0,1,0.52947634
0,0,0.35332504
0,0,0.14225946
0,0,0.17199506
0,0,0.18360485
1,1,0.54423946
0,0,0.42530566
0,0,0.16027454
0,0,0.46356514
1,1,0.59543097
0,0,0.4745005
0,0,0.1357884
0,0,0.13776991
0,0,0.3715014
0,0,0.27775627
0,1,0.6173835
0,0,0.41656643
1,1,0.6588808
0,0,0.15632083
0,0,0.15659001
0,0,0.45264256
0,0,0.46128428
0,0,0.21882808
0,0,0.17441574
0,0,0.16742364
0,0,0.18570411
1,1,0.55552673
0,0,0.1521307
1,1,0.59392655
0,0,0.23099995
0,0,0.14077355
0,0,0.48989114
0,0,0.21059091
0,0,0.15340701
0,0,0.15320605
0,0,0.3724602
0,0,0.36403245
0,0,0.45594895
0,0,0.17085661
0,0,0.20678057
0,0,0.42025992
0,0,0.21036215
0,0,0.18411282
0,1,0.6352496
0,1,0.53052837
0,1,0.5545578
0,1,0.6181556
0,1,0.5370779
0,0,0.38595426
0,0,0.1727694
0,0,0.27463785
0,0,0.14179422
0,0,0.23589937
0,0,0.33862495
0,0,0.31138736
0,0,0.32550788
0,1,0.6270677
1,0,0.49042055
0,0,0.16362816
0,0,0.417959
0,0,0.23609029
0,0,0.4327587
0,0,0.32818913
0,0,0.1519845
0,0,0.15439638
0,0,0.1785498
0,0,0.43361884
0,0,0.24259831
0,0,0.3009584
0,0,0.47960335
0,0,0.2778462
0,0,0.2770853
0,0,0.17935951
0,0,0.13776991
0,0,0.25453734
0,0,0.3375067
0,1,0.5990174
0,0,0.15862244
0,0,0.13371655
0,0,0.17437798
0,0,0.25181323
0,0,0.16102222
0,0,0.2169356
0,0,0.13387601
0,0,0.2774647
0,0,0.19387338
1,0,0.22423956
0,0,0.39690337
0,0,0.15686029
0,0,0.15374804
0,0,0.13594994
0,0,0.21037734
0,0,0.14709172
0,0,0.14325237
0,0,0.15589191
0,1,0.53627884
0,0,0.23438628
0,0,0.24854355
0,0,0.14535324
0,0,0.35017374
1,0,0.2927112
0,0,0.28065708
0,0,0.48857033
0,0,0.21253638
0,0,0.15220644
0,0,0.20472
0,0,0.17064606
0,0,0.29965132
0,0,0.208813
0,0,0.21628681
0,0,0.16607529
0,0,0.17370036
0,0,0.21527839
0,0,0.17987387
0,0,0.15121
0,0,0.14561486
0,0,0.28192523
0,0,0.32818913
0,0,0.14458273
0,0,0.18026395
0,0,0.22228299
0,0,0.4148744
0,0,0.37744597
0,0,0.34472775
1,1,0.5980943
0,0,0.2561029
0,0,0.2236888
0,0,0.14207743
0,0,0.33551013
0,0,0.21621698
0,0,0.15251733
0,0,0.33164608
0,0,0.24429952
0,1,0.5752103
0,0,0.33780596
0,0,0.25251216
0,0,0.13371655
0,0,0.367027
0,0,0.16765507
0,0,0.43639317
0,0,0.14865598
0,0,0.33344465
0,0,0.367027
0,0,0.21104541
0,0,0.15392873
0,0,0.16420719
0,0,0.24936709
0,0,0.17060384
0,0,0.42813018
0,0,0.17629504
0,0,0.1742533
0,0,0.24436238
0,0,0.34932178
1,1,0.50264996
0,0,0.30155897
0,0,0.37559283
0,0,0.16860354
0,0,0.15659001
0,0,0.21744367
0,0,0.22286674
0,0,0.16314404
0,0,0.16925089
0,0,0.3780991
0,0,0.16883527
0,0,0.1450485
0,0,0.15391934
0,0,0.15956014
0,0,0.13601595
0,0,0.15297061
0,0,0.16607529
0,0,0.33923915
0,0,0.14310533
0,0,0.1349078
0,0,0.2230371
0,0,0.19798957
0,0,0.25916377
0,1,0.59958327
0,0,0.39106965
0,0,0.13371655
1,0,0.25418243
0,0,0.18990995
0,0,0.14094006
0,0,0.4682715
0,0,0.2663012
0,0,0.32117298
0,0,0.1435871
0,0,0.3923417
0,0,0.3715014
0,0,0.46506932
0,0,0.44143012
1,0,0.48273596
0,0,0.19761366
0,0,0.23880836
0,0,0.17335735
0,1,0.52585936
0,0,0.2231187
0,0,0.36561894
0,1,0.5119291
0,0,0.13944197
0,0,0.47054034
0,0,0.15340701
0,0,0.15622501
0,0,0.4950335
0,0,0.47500193
0,0,0.34256575
0,0,0.16696578
0,1,0.5123653
0,0,0.1534661
0,0,0.20492016
0,0,0.15642552
1,0,0.33862495
0,0,0.30203742
0,0,0.15956014
0,0,0.1521307
1,1,0.5700326
0,0,0.24891202
0,0,0.3780991
0,0,0.13387601
0,0,0.17532612
0,0,0.30113682
1,1,0.59824085
0,1,0.5839718
0,0,0.27870673
0,0,0.42470843
0,0,0.46487728
0,0,0.33022985
0,0,0.29212034
0,0,0.45694304
0,0,0.17010489
0,0,0.15632083
0,0,0.1673938
0,0,0.43128434
0,0,0.42530566
0,1,0.5286811
0,0,0.15485764
0,0,0.24021105
0,0,0.14225946
0,0,0.30343086
0,0,0.14780803
0,0,0.13733988
0,0,0.3684864
0,0,0.14487796
0,0,0.24983753
0,0,0.13944197
0,0,0.20178245
0,0,0.13371655
0,0,0.16717164
0,0,0.1673938
0,0,0.15546311
0,0,0.15622869
0,0,0.14077355
0,0,0.23944156
0,1,0.5350813
0,0,0.13960716
0,0,0.20649284
0,0,0.37200877
0,0,0.17697355
0,0,0.22253662
1,0,0.36798105
0,0,0.41250494
0,0,0.20467
0,0,0.17472258
0,0,0.46171027
0,1,0.5878332
0,0,0.2230371
0,0,0.367027
0,0,0.37966308
0,0,0.18185638
0,0,0.24191819
0,0,0.45908466
0,0,0.15907872
0,0,0.15630749
0,0,0.1604576
1,1,0.52325785
0,0,0.3627412
0,1,0.5170736
0,0,0.17521831
0,0,0.34932178
0,0,0.44261035
0,0,0.17235531
0,0,0.17554961
0,0,0.4648105
0,0,0.19857946
0,0,0.13371655
0,0,0.34672007
0,0,0.1485933
0,0,0.17716062
0,0,0.16765507
0,0,0.14094006
0,0,0.26050544
0,0,0.16823412
0,0,0.21818063
0,0,0.20315236
0,0,0.1633824
0,1,0.51922125
0,1,0.6672231
0,0,0.13960716
1,1,0.52653736
0,1,0.5097497
0,0,0.1734139
0,0,0.3416115
0,0,0.17820913
0,0,0.14241391
0,0,0.3724602
0,1,0.5183801
0,0,0.43897814
0,0,0.3285494
0,1,0.5315493
0,0,0.32509664
0,0,0.22953361
0,0,0.15290906
0,0,0.16765507
1,0,0.4319491
0,0,0.28211975
0,0,0.22860706
0,0,0.1519845
0,0,0.35017374
0,0,0.43128434
0,0,0.13776991
1,0,0.454856
0,0,0.4729694
0,0,0.14511313
0,0,0.15319254
0,0,0.15340701
0,0,0.15390366
0,0,0.2694398
0,0,0.15714476
0,0,0.17854398
1,0,0.30126843
0,0,0.13505553
0,0,0.34932178
0,0,0.17160562
0,0,0.32509664
0,0,0.15815343
1,0,0.2778462
0,1,0.54337037
0,0,0.15704401
0,0,0.15297061
0,0,0.15398891
0,1,0.5958295
0,0,0.43892252
0,1,0.57821053
0,0,0.39050856
1,1,0.52165985
1,0,0.32880253
0,0,0.16688387
0,0,0.42813018
1,0,0.37580198
0,1,0.5407543
0,0,0.17124523
1,0,0.41029486
1,1,0.6104476
0,0,0.13989311
0,0,0.4611246
0,0,0.15320605
0,1,0.5178706
0,1,0.50559086
0,0,0.1742533
0,0,0.49797052
1,0,0.47939298
0,0,0.41751808
0,0,0.15329732
0,0,0.17210966
0,0,0.4150254
0,1,0.5953312
0,0,0.20853916
0,0,0.1557311
0,0,0.15392427
0,0,0.15538289
0,0,0.41176316
0,0,0.3136982
0,0,0.25561613
0,0,0.32818913
0,0,0.13893119
0,0,0.1519845
1,0,0.2607677
0,0,0.1749917
1,1,0.66056466
0,0,0.26033428
0,0,0.27507403
0,0,0.16655618
0,0,0.4739129
0,1,0.509886
0,0,0.47427857
0,0,0.2058312
1,1,0.55288893
0,0,0.23234549
0,0,0.34456164
0,0,0.13371655
0,0,0.13371655
0,0,0.2525009
0,0,0.38146707
0,0,0.4299357
0,0,0.14511313
0,0,0.13733988
0,0,0.2995808
0,0,0.16420719
0,0,0.14336738
1,0,0.4802133
1,0,0.1401273
0,0,0.32818913
0,0,0.33862495
0,1,0.55533373
1,0,0.35431513
0,0,0.15606539
0,0,0.3156832
0,1,0.5058062
0,0,0.14358038
0,0,0.16361775
0,0,0.24408083
0,0,0.1771761
0,0,0.1585256
0,1,0.60872424
0,0,0.29965922
0,1,0.6315133
0,0,0.1581392
0,0,0.47104284
0,0,0.15930808
0,0,0.37529254
1,0,0.3650725
0,0,0.2754535
1,0,0.42049122
0,0,0.14094006
0,0,0.27788496
0,0,0.23530795
0,1,0.57690203
0,0,0.14458273
0,1,0.54138196
0,0,0.25786698
0,0,0.15220644
0,0,0.43639317
0,0,0.15580216
0,0,0.21887963
0,0,0.1349078
0,1,0.6572159
0,0,0.1582449
0,1,0.52947634
0,0,0.1547429
0,0,0.15678674
0,0,0.15329732
0,1,0.63986695
0,0,0.2773749
0,0,0.15633422
0,0,0.15632083
0,0,0.18279202
0,0,0.45243558
0,0,0.32968593
0,0,0.1673938
0,0,0.1521307
1,0,0.30669197
0,0,0.15668626
0,0,0.13960716
0,0,0.4147808
0,0,0.17694679
0,0,0.1537525
0,0,0.34023696
0,0,0.15654676
0,0,0.13756476
0,0,0.2871149
0,0,0.4711275
0,0,0.4318839
0,0,0.41168606
0,0,0.15273103
0,0,0.20156415
0,0,0.27677348
0,0,0.37910822
0,0,0.30274597
0,0,0.4812073
0,0,0.15398891
0,0,0.367027
0,1,0.52485967
0,0,0.16691096
0,0,0.2884281
0,0,0.15606539
0,0,0.30740094
0,0,0.4357922
0,0,0.14077355
0,0,0.15862244
0,1,0.5166923
0,0,0.40976322
0,0,0.1779263
0,0,0.15221623
0,0,0.17160562
0,1,0.58710384
0,0,0.17124523
0,0,0.367027
0,0,0.15633422
0,0,0.40627047
0,0,0.32810917
1,0,0.47607657
1,0,0.43511003
0,0,0.25467613
0,0,0.3442372
0,1,0.5990174
0,0,0.16036971
0,0,0.14315324
0,0,0.13799985
0,0,0.1519845
0,0,0.15533741
0,0,0.1749917
0,0,0.21816263
0,1,0.52879065
0,1,0.5190225
0,0,0.48105592
0,0,0.32818913
0,0,0.33598575
0,0,0.44738325
0,0,0.1673938
0,0,0.13756476
0,0,0.46969464
0,0,0.13756476
0,0,0.1452839
1,0,0.36798105
0,0,0.16765507
0,0,0.28649676
0,0,0.32797432
0,0,0.43832076
0,0,0.1521307
0,0,0.1789189
0,0,0.32818913
0,0,0.16065449
1,0,0.47012964
1,1,0.664657
0,1,0.59958327
0,0,0.18252014
0,0,0.22344114
0,0,0.45536014
0,0,0.3724602
0,0,0.25085673
1,0,0.47509816
0,0,0.28156826
0,0,0.1749917
0,0,0.13756476
0,0,0.47427857
0,0,0.1732316
0,0,0.16761337
0,0,0.36036643
0,0,0.15390366
0,0,0.15290906
0,0,0.43704462
1,1,0.57568645
0,0,0.1573095
0,0,0.2995808
0,0,0.33598575
0,0,0.15251733
0,1,0.5097553
1,0,0.46371633
0,0,0.15659001
0,0,0.13371655
0,0,0.13387601
0,0,0.13756476
1,0,0.3045894
0,0,0.2839285
0,0,0.27970192
0,0,0.4532265
0,0,0.13387601
0,0,0.2805471
0,0,0.26079348
0,0,0.16655618
0,0,0.18932854
0,0,0.49564445
0,0,0.3388671
0,0,0.18218057
0,0,0.21088481
0,1,0.57893497
0,1,0.5286811
0,0,0.31564087
0,0,0.22056928
0,0,0.32550788
0,0,0.25545177
0,1,0.5010818
0,0,0.32836044
0,0,0.41813534
0,0,0.29043123
0,0,0.22089733
1,0,0.32797432
0,0,0.17651711
0,1,0.5852633
0,0,0.13387601
0,0,0.27363518
0,0,0.43128434
0,0,0.15596826
0,0,0.38272947
0,0,0.14258204
0,0,0.14100954
0,0,0.28190964
0,1,0.63832575
0,0,0.24985968
0,1,0.5438909
0,1,0.52653736
0,0,0.16765507
0,0,0.16909027
0,0,0.2816803
0,0,0.14207743
0,1,0.5987778
0,0,0.17732838
0,0,0.14923275
0,0,0.15331517
0,0,0.29914135
0,0,0.30016407
0,0,0.30881667
0,0,0.49770412
0,0,0.15275663
0,0,0.18262471
0,0,0.40528083
1,0,0.3198513
0,0,0.14552425
0,0,0.16018791
0,0,0.16386381
0,0,0.3018265
0,0,0.14112088
0,0,0.4318839
0,0,0.476183
0,0,0.15416537
0,0,0.15701629
0,0,0.16436285
0,0,0.16545019
0,0,0.37069696
0,0,0.32550788
0,0,0.13387601
0,0,0.4125934
0,0,0.32818913
0,0,0.19967705
0,0,0.1682357
1,0,0.43440324
0,0,0.15320605
0,0,0.4415107
0,1,0.5129023
0,0,0.4782284
0,0,0.1547429
0,0,0.24989961
0,0,0.15251733
0,0,0.16947882
0,0,0.37381104
0,0,0.15297061
0,0,0.16519162
0,0,0.15659001
0,0,0.15659001
0,0,0.3462282
0,1,0.5134911
0,0,0.15121
0,0,0.45918876
0,0,0.37296808
0,0,0.3182249
0,0,0.16607529
0,0,0.151431
0,0,0.2091487
0,0,0.3182249
0,0,0.15862244
0,1,0.5988175
1,0,0.47151965
0,0,0.15681359
0,0,0.16865163
0,0,0.41097972
0,0,0.13371655
0,0,0.3716123
0,0,0.15596826
0,0,0.26842538
0,1,0.5265816
0,0,0.15389499
0,0,0.16714086
0,0,0.43128434
0,0,0.17307134
0,0,0.29043123
0,0,0.16687025
0,0,0.44386467
0,0,0.15606539
0,0,0.30740094
0,1,0.5987778
0,0,0.34932178
0,0,0.16655618
0,0,0.43639317
0,0,0.41114902
0,0,0.1750566
0,0,0.45855275
0,0,0.15121
0,0,0.15678674
0,0,0.15251733
0,0,0.47962508
0,0,0.15486658
0,0,0.16655618
0,0,0.13776991
0,0,0.14487796
1,1,0.5242719
0,0,0.13387601
0,0,0.2229507
0,0,0.3156832
0,0,0.17514113
0,0,0.15340701
0,0,0.15190884
0,0,0.23222043
0,0,0.17328277
0,0,0.15765877
0,0,0.13388954
0,0,0.14094006
0,0,0.351265
0,0,0.2585223
0,0,0.15320605
0,0,0.15794413
0,0,0.29918185
0,0,0.17220049
0,0,0.15370429
0,1,0.5364157
0,0,0.20144771
0,0,0.17160562
0,0,0.2149579
0,0,0.15546311
1,0,0.2930612
0,0,0.1749917
0,0,0.13387601
0,0,0.17160755
0,0,0.37947488
0,0,0.16420719
0,0,0.2023933
0,1,0.5969924
0,0,0.16726844
0,0,0.24123113
0,0,0.15296616
0,0,0.25834733
0,0,0.17160562
0,0,0.3650725
0,0,0.14729854
0,0,0.23644263
1,1,0.512717
0,0,0.1534661
1,0,0.44474286
0,0,0.1525651
0,0,0.25383067
0,0,0.17656519
0,1,0.5265263
0,0,0.23112704
0,0,0.27031648
0,0,0.3187807
1,0,0.4331583
0,0,0.17348523
0,1,0.51052636
0,0,0.2376554
0,0,0.35978773
0,1,0.5756692
0,0,0.14241391
0,0,0.34726435
0,0,0.15340701
0,0,0.21138456
0,0,0.46089712
0,0,0.39420417
0,0,0.23753545
0,1,0.52653736
0,1,0.5178706
0,0,0.22015572
0,0,0.21556924
0,0,0.16765507
0,1,0.597567
0,1,0.51748985
0,0,0.16977394
0,0,0.35051724
0,0,0.15717046
0,0,0.15136668
0,0,0.36827272
0,0,0.15364295
0,0,0.31783894
0,0,0.42470843
0,0,0.20467304
0,0,0.15320605
0,0,0.4896087
0,0,0.14468925
0,0,0.16886559
0,0,0.22582223
0,0,0.2774647
0,0,0.32550788
1,0,0.49605444
0,0,0.28088623
0,0,0.16746403
0,0,0.14077355
0,1,0.54529536
0,0,0.47082245
0,0,0.33989662
0,0,0.4657564
0,0,0.20119688
0,1,0.52619004
0,0,0.1992344
0,1,0.55533373
0,0,0.14965999
0,0,0.46456206
0,1,0.53994924
0,0,0.46006283
1,0,0.38066956
0,0,0.20002022
0,1,0.56462026
0,0,0.35944673
0,0,0.4674793
0,0,0.15220644
0,0,0.1347473
1,1,0.53699064
0,0,0.34639063
0,0,0.25570244
0,0,0.13387601
1,1,0.5096861
0,0,0.15370429
0,0,0.13776991
0,0,0.2215743
0,1,0.59958327
0,1,0.63395584
0,0,0.30618978
0,0,0.21924318
0,0,0.17752726
0,0,0.17564797
0,0,0.44120046
0,0,0.32744992
0,0,0.13994588
0,0,0.23395002
0,0,0.4477838
0,0,0.13371655
0,0,0.24953443
0,0,0.15319254
0,0,0.1729634
0,0,0.2593682
0,0,0.40627047
0,0,0.2662378
1,1,0.59958327
0,0,0.15942016
0,0,0.35391095
0,0,0.4318839
0,0,0.21492612
0,1,0.5097553
1,1,0.5561086
0,0,0.39420417
0,0,0.21713461
0,0,0.13960716
0,1,0.5266191
0,0,0.28237757
1,1,0.52737725
0,0,0.14272386
0,0,0.22718349
0,0,0.47962508
0,0,0.18400155
0,0,0.16436285
0,0,0.32550788
0,0,0.40801638
0,1,0.5302292
0,1,0.5421154
0,0,0.16464439
0,1,0.6489319
0,0,0.45485446
0,0,0.46646956
1,0,0.4318839
1,0,0.49178886
0,0,0.3147896
0,0,0.17160562
0,0,0.4318839
1,0,0.4299357
0,0,0.2782668
0,1,0.5533285
0,0,0.17479101
1,1,0.5969924
0,0,0.17366321
0,0,0.16790324
1,0,0.41089523
0,0,0.28689992
0,0,0.16823412
1,0,0.28234962
0,1,0.5792733
0,0,0.17402494
0,0,0.1711129
0,1,0.5150615
0,0,0.21449323
0,1,0.5129023
1,0,0.38977295
0,0,0.2550648
0,0,0.43639317
0,0,0.36798105
0,0,0.37500122
0,0,0.32550788
0,1,0.509886
1,0,0.39364153
0,0,0.43335873
0,1,0.57711333
0,0,0.16663113
0,0,0.32797432
0,0,0.3780991
0,0,0.17901738
0,0,0.15364295
0,1,0.5134911
0,0,0.1785498
0,0,0.2995808
0,1,0.5976743
0,0,0.15633422
0,0,0.17520373
0,0,0.20186058
0,0,0.47253418
0,0,0.46335742
0,0,0.17441574
0,0,0.43450946
0,0,0.13371655
0,0,0.14293668
0,0,0.15425007
0,0,0.2512445
0,0,0.34297144
0,0,0.14077355
0,0,0.1734139
0,0,0.43506488
0,0,0.15925056
0,0,0.16655618
0,0,0.2879648
1,0,0.33010638
0,0,0.1537525
0,0,0.1758378
1,0,0.46567732
0,1,0.55631393
0,0,0.49377993
0,0,0.34144795
0,0,0.21606465
0,0,0.45424855
0,0,0.2182294
0,0,0.4762955
0,0,0.3715014
0,0,0.15398891
0,0,0.13371655
1,0,0.2830847
1,0,0.21946998
0,0,0.17522126
0,0,0.13776991
0,0,0.23212136
0,0,0.32818913
1,0,0.41784766
0,0,0.46829972
0,0,0.1519845
1,1,0.5103212
0,1,0.59723794
1,0,0.15769252
0,1,0.59958327
0,0,0.14511313
0,1,0.5334181
0,0,0.14258204
0,0,0.16655618
0,0,0.15756659
0,0,0.27960542
0,0,0.15854406
0,0,0.15854406
0,0,0.42976135
0,1,0.6543291
0,0,0.18658955
0,1,0.5027308
0,0,0.13914254
0,0,0.19699803
0,0,0.37235388
0,0,0.1781624
0,0,0.13776991
0,0,0.17210966
0,0,0.46171027
0,0,0.28430519
0,0,0.13371655
0,0,0.17612343
0,0,0.26165804
0,0,0.15704617
0,0,0.16996412
0,1,0.5928175
0,0,0.37842584
0,0,0.15646915
0,0,0.15451251
0,0,0.18184078
0,0,0.36798105
0,0,0.17637503
0,0,0.23225923
0,0,0.33047676
0,0,0.2971401
0,0,0.26586384
0,0,0.15632083
0,0,0.3725797
0,0,0.37574103
0,0,0.4782284
0,0,0.17835088
0,0,0.16696578
0,1,0.5317734
0,0,0.30361313
0,0,0.27465644
0,0,0.1548957
0,0,0.45781118
1,0,0.34456164
0,0,0.23167129
0,1,0.5008015
0,0,0.17160562
0,0,0.28078088
0,0,0.32550788
0,0,0.30025193
0,0,0.18413186
0,0,0.42677486
0,0,0.43897814
0,0,0.21450782
1,1,0.51995313
0,0,0.34456164
0,0,0.16172962
1,1,0.5272282
0,0,0.13617772
0,0,0.37235388
0,0,0.13944197
0,0,0.15297061
0,0,0.36827272
0,0,0.2175222
0,0,0.33885038
0,0,0.33124343
0,0,0.37499863
0,0,0.1732242
0,0,0.3397263
0,0,0.3775451
0,0,0.15251733
0,0,0.3388671
0,0,0.2290488
0,0,0.43036035
0,0,0.33935395
0,0,0.15912361
0,0,0.2766616
0,0,0.44833183
1,0,0.49030724
0,0,0.13521634
0,0,0.26219928
1,1,0.52100176
0,0,0.17497551
0,1,0.6373174
0,0,0.2966406
0,0,0.15740164
0,0,0.1768277
0,0,0.3934783
0,0,0.39430547
0,0,0.15320605
0,0,0.1732316
0,0,0.21664907
1,1,0.5364157
0,0,0.21989729
1,0,0.47609827
0,0,0.3524696
0,1,0.58404076
0,0,0.15415598
0,0,0.4364811
1,1,0.59835446
0,0,0.28034267
1,0,0.33175424
0,0,0.16765507
1,0,0.32968593
0,0,0.34932178
0,0,0.22412731
0,0,0.22662254
0,0,0.30218935
1,1,0.51592463
0,0,0.4729694
0,0,0.16883527
0,0,0.15895733
0,0,0.1732316
0,0,0.3934783
1,0,0.4627242
0,1,0.5316637
0,0,0.20040768
0,0,0.16655618
0,0,0.13637161
0,0,0.17082559
0,0,0.27507403
1,0,0.46801955
1,1,0.5478762
0,0,0.17656519
0,0,0.30018744
0,0,0.25141522
0,0,0.1537525
0,0,0.35136887
0,0,0.13776991
0,0,0.4318839
1,1,0.5778255
0,0,0.19517536
0,0,0.16630426
1,0,0.43897814
0,0,0.45101342
1,0,0.26344755
0,0,0.1772502
0,0,0.376482
0,0,0.32550788
0,0,0.19743052
0,0,0.14511313
0,0,0.14077355
0,0,0.17368142
0,0,0.13371655
0,0,0.15740164
0,0,0.15485764
0,0,0.1481261
0,0,0.32550788
0,0,0.48028257
0,0,0.367027
0,0,0.4325584
0,0,0.15740164
0,0,0.45431292
0,0,0.3425974
0,0,0.44401324
0,0,0.1749917
0,0,0.18436697
0,0,0.4203311
0,0,0.1579314
0,0,0.48673674
1,1,0.50117385
0,0,0.16495444
0,0,0.17229265
0,0,0.1519845
0,0,0.15425007
1,1,0.579768
0,0,0.15063229
0,0,0.47621623
0,0,0.4141877
0,0,0.14179422
0,0,0.19712026
0,0,0.42677486
0,1,0.5418467
0,0,0.3724602
0,0,0.19115439
0,1,0.58387005
0,1,0.5098328
0,0,0.17993948
0,0,0.15340701
0,0,0.14643721
0,0,0.2262912
0,0,0.14258204
0,0,0.17453921
0,1,0.51770586
0,0,0.28562647
0,0,0.17060384
0,0,0.1557311
0,0,0.21088852
0,0,0.43096066
0,0,0.43335873
0,0,0.19457474
0,0,0.47570765
0,0,0.42481273
0,0,0.15441735
0,0,0.25135332
0,0,0.4561511
1,1,0.657528
0,0,0.16508144
0,0,0.1452839
0,0,0.44016886
0,0,0.14511313
0,0,0.16463996
0,0,0.29918185
0,0,0.24432239
0,0,0.1581392
0,0,0.17236531
0,0,0.27634516
0,1,0.51363075
0,0,0.267805
0,0,0.16988325
0,0,0.20363384
0,0,0.16250017
0,0,0.1452839
0,0,0.13473369
0,0,0.28002763
0,0,0.29461968
0,1,0.5990174
0,0,0.15829329
0,0,0.4691993
0,0,0.14552425
0,0,0.1347473
0,1,0.6148442
0,0,0.15220644
0,0,0.22759235
0,0,0.22597969
0,0,0.14780803
0,0,0.16897745
0,0,0.47246695
0,0,0.32818913
0,0,0.17062557
0,0,0.24911119
0,0,0.31709546
0,0,0.19538686
0,0,0.13776991
0,0,0.34932178
0,0,0.1519845
0,0,0.17890087
0,0,0.15856038
0,0,0.13793343
0,0,0.15329732
0,0,0.3724602
0,0,0.4318839
0,0,0.47795984
0,0,0.4627715
0,0,0.31182405
0,1,0.52213377
0,0,0.20703791
0,0,0.43128434
0,0,0.46436998
0,0,0.24430047
0,0,0.15251733
1,1,0.5334181
0,0,0.32509664
0,0,0.33047676
0,0,0.14204296
0,0,0.2597938
0,0,0.16883527
0,0,0.36798105
0,1,0.502039
0,0,0.1965129
0,0,0.47985762
0,0,0.332267
0,0,0.15268628
0,0,0.43386236
1,0,0.32037592
0,0,0.20858893
0,0,0.1547429
0,0,0.44117764
0,0,0.24936709
0,0,0.20533109
0,0,0.2665342
0,0,0.24597345
0,1,0.55590004
0,0,0.13404918
0,0,0.34707654
0,0,0.42813018
0,0,0.24722712
0,0,0.361444
0,0,0.3713952
0,0,0.169616
0,0,0.15632083
0,0,0.33124343
0,0,0.44820192
0,0,0.17459272
0,0,0.32901558
0,0,0.45485446
0,0,0.24230364
0,0,0.26004642
0,0,0.17087731
0,0,0.13776991
0,0,0.34023696
0,0,0.18241364
0,0,0.27487352
0,0,0.29914135
0,1,0.5178706
0,0,0.22853616
0,1,0.5064135
0,0,0.17109932
0,0,0.18218057
0,0,0.1775476
0,0,0.13793343
0,0,0.16714086
0,0,0.15320605
0,0,0.32818913
0,0,0.17654318
0,0,0.1417911
0,0,0.15297061
0,0,0.21991666
0,0,0.40528083
0,0,0.17222169
0,0,0.17744818
0,0,0.3380952
0,0,0.15296616
0,0,0.15295266
0,0,0.15340701
0,0,0.13989441
0,0,0.15633422
0,0,0.13371655
0,1,0.5990174
0,0,0.25813106
0,0,0.15963277
0,0,0.22056928
0,0,0.43658742
0,0,0.25707722
0,0,0.17659874
0,0,0.4318839
0,1,0.5104855
0,0,0.32901558
0,0,0.15329732
0,0,0.25549746
1,1,0.5393122
0,0,0.34999663
0,1,0.5333618
0,0,0.43639317
0,0,0.41948158
0,0,0.1785498
0,0,0.15814836
0,1,0.50866205
0,0,0.2453807
0,0,0.13944197
0,0,0.22481185
0,0,0.17053819
0,1,0.62094736
0,0,0.26155812
0,0,0.45914564
0,0,0.2995808
0,0,0.15632083
0,0,0.28562647
0,0,0.37559283
0,0,0.23530257
0,1,0.5319805
0,0,0.36120015
0,0,0.216958
0,0,0.48348635
0,0,0.15351191
0,0,0.14077355
0,0,0.28302556
0,0,0.18176301
0,0,0.16655618
0,0,0.16717164
0,0,0.2313581
0,0,0.17377265
0,0,0.4147808
0,0,0.15606539
0,0,0.21040656
0,0,0.24842992
0,0,0.4725659
0,0,0.43128434
0,0,0.49159694
0,0,0.27968264
0,0,0.36172768
0,0,0.14435196
1,1,0.52668655
0,1,0.5334181
0,0,0.32818913
0,0,0.3425974
0,1,0.55552673
0,0,0.15498056
0,0,0.43938902
1,0,0.15320605
0,0,0.17160562
0,0,0.13799985
0,0,0.157139
1,0,0.20816353
0,0,0.2075012
0,0,0.17216282
0,0,0.34932178
0,0,0.45483285
0,0,0.20774508
0,0,0.20250638
0,0,0.31745508
0,0,0.15616137
0,0,0.2468962
0,0,0.45161855
0,0,0.33416498
1,1,0.5472152
0,0,0.13989441
0,0,0.24096183
0,0,0.20145561
0,0,0.34932178
0,0,0.18294455
0,0,0.19795415
0,0,0.21618563
0,0,0.14405784
0,0,0.15452689
0,1,0.51358855
0,0,0.24830498
0,0,0.15425007
0,0,0.34822565
0,0,0.13793343
0,0,0.4717704
0,0,0.3649832
0,0,0.318336
0,0,0.15390366
0,1,0.55084586
1,0,0.41640845
0,0,0.13793343
0,0,0.15851653
0,0,0.33164608
0,0,0.17383415
1,1,0.5235304
0,0,0.31647414
0,0,0.14077355
0,0,0.22454487
0,0,0.33971313
1,1,0.6091869
0,0,0.1738184
0,0,0.15441735
0,0,0.15367104
0,0,0.15320605
0,0,0.2782668
0,0,0.20886423
0,0,0.2751675
0,0,0.2778462
0,0,0.42530566
0,0,0.13521574
0,0,0.15221623
0,0,0.13799985
0,0,0.37529254
0,0,0.16869634
0,0,0.13371655
0,0,0.13994588
0,0,0.48046762
0,0,0.21924269
0,1,0.5865324
0,0,0.43128434
0,0,0.17199506
0,0,0.23855342
0,0,0.46154356
1,0,0.43897814
0,0,0.20824905
0,0,0.47305432
0,0,0.1559263
0,0,0.37629402
0,0,0.15957654
0,1,0.5568859
0,0,0.43128434
0,1,0.58130556
0,0,0.16888827
0,1,0.5750734
0,0,0.15220644
0,0,0.4318839
0,0,0.20688653
0,1,0.5869915
0,0,0.24222413
0,0,0.1521307
0,0,0.1534661
0,0,0.16545019
0,0,0.3488025
0,0,0.2001377
1,1,0.55216897
0,0,0.13653375
0,0,0.43036035
0,0,0.351265
1,0,0.4722391
0,0,0.16276823
0,0,0.1435871
0,0,0.47570765
0,0,0.15320605
0,0,0.30780604
0,0,0.34932178
0,0,0.3780991
0,0,0.33050662
0,1,0.58063
0,0,0.15251733
0,0,0.29546577
0,0,0.16012536
1,0,0.43730265
0,0,0.16980429
0,0,0.2282946
0,0,0.24523076
0,0,0.47163004
1,1,0.6152668
1,1,0.53985935
0,0,0.37744597
0,0,0.30301362
0,0,0.19853683
0,0,0.42872867
0,1,0.5535217
0,1,0.57821053
0,0,0.40732133
0,0,0.15488233
1,0,0.47548872
0,0,0.17365769
0,0,0.47985762
1,1,0.5200383
0,0,0.16909027
0,0,0.21291302
0,0,0.26430148
0,0,0.45252314
0,0,0.14987913
0,0,0.1966175
0,1,0.51728076
0,0,0.4633825
0,0,0.15648508
0,0,0.2587539
0,0,0.22007114
0,0,0.33344465
0,0,0.2996108
0,0,0.20155497
0,0,0.34665203
0,0,0.22098075
0,0,0.16655618
0,1,0.50343794
0,0,0.3381556
0,0,0.33933723
0,0,0.2652002
0,0,0.17322366
1,1,0.61500555
0,0,0.26807854
0,0,0.39364153
0,0,0.14403494
0,0,0.32509664
0,1,0.5252342
0,0,0.15198143
0,0,0.13985205
1,1,0.5366932
0,0,0.29464832
0,0,0.3488025
0,0,0.21286345
0,0,0.13387601
0,0,0.4657564
0,0,0.16655618
0,0,0.20946556
0,0,0.24597345
0,0,0.15798548
0,0,0.29918185
0,0,0.23821619
0,0,0.15391934
0,0,0.39430547
0,0,0.4907878
0,0,0.2538578
0,0,0.15340701
0,0,0.13756476
0,0,0.17629504
0,0,0.35372835
1,0,0.45796764
0,0,0.34707654
0,0,0.31631535
0,0,0.15190884
0,0,0.1785498
0,1,0.52936673
0,0,0.26047254
0,0,0.21915343
0,0,0.16102222
0,0,0.15297061
0,0,0.14511313
0,0,0.13387601
0,0,0.13387601
0,0,0.13776991
0,0,0.15704401
0,0,0.14617379
0,0,0.1347473
0,0,0.43828765
0,0,0.34707654
0,0,0.40559924
1,1,0.5455458
0,0,0.16087902
0,0,0.15320605
0,0,0.16469054
0,0,0.1595007
0,0,0.1534661
0,0,0.21644585
0,0,0.43036035
0,0,0.16977394
0,0,0.2778462
0,0,0.18398741
0,0,0.244583
0,0,0.15251733
0,0,0.20649284
0,0,0.16977394
0,0,0.16909027
0,0,0.1480565
0,0,0.33923915
0,0,0.14293668
0,0,0.17378986
0,0,0.21004663
0,0,0.13387601
1,0,0.43639317
0,0,0.13994588
0,0,0.34665203
0,0,0.3649832
0,0,0.13408673
0,0,0.3542424
0,0,0.4775211
0,1,0.6325594
0,0,0.23678738
0,0,0.40695322
1,0,0.1347473
0,0,0.34995416
0,0,0.21359116
0,0,0.17194642
0,0,0.43446273
0,0,0.30486733
0,0,0.15576042
0,0,0.37536743
0,0,0.29914135
0,0,0.15042491
1,1,0.5155304
0,0,0.32818913
0,0,0.21816418
1,1,0.5096091
0,0,0.13387601
0,0,0.1377281
1,1,0.6234243
0,0,0.2242833
1,0,0.38272947
0,0,0.17784072
0,0,0.13937497
0,0,0.2553762
0,0,0.16765507
0,0,0.1581392
0,0,0.14606796
1,0,0.37926206
0,0,0.13371655
0,0,0.15329732
0,0,0.1534661
0,1,0.50680405
0,1,0.510809
0,0,0.26487002
0,0,0.3560949
0,0,0.2774647
0,0,0.47881648
0,0,0.21239297
0,0,0.37403718
0,0,0.24661097
0,0,0.46439186
0,0,0.14928205
0,0,0.15579535
0,0,0.13387601
0,0,0.13776991
1,0,0.32818913
0,0,0.16386381
0,0,0.15524629
0,0,0.15398891
0,0,0.45246428
0,0,0.13371655
0,0,0.24483582
1,0,0.15391934
0,0,0.3649832
0,0,0.40424463
1,0,0.3639072
0,1,0.5209728
0,0,0.20178245
0,0,0.2119395
0,0,0.31979007
0,1,0.5309075
1,0,0.3637013
0,0,0.28350273
0,0,0.23233172
0,0,0.1785498
0,0,0.16765507
0,0,0.45694304
0,0,0.13371655
1,0,0.46590307
0,0,0.39414155
0,0,0.20749798
0,0,0.36798105
0,0,0.20649284
0,0,0.25918946
0,0,0.15641694
0,0,0.40962157
0,0,0.15120693
0,0,0.14796233
0,0,0.20628223
0,1,0.5482881
1,1,0.5869915
0,0,0.42470843
0,0,0.16724458
0,0,0.15398891
0,0,0.22723852
0,1,0.5242719
0,1,0.52947634
0,0,0.259964
0,0,0.37065178
0,0,0.13793343
0,0,0.14207743
0,0,0.25473747
0,0,0.15452689
0,1,0.5299553
1,0,0.3326355
0,0,0.3388671
0,0,0.17559592
0,0,0.15762506
0,0,0.13776991
0,0,0.13371655
0,0,0.34932178
0,0,0.14386539
0,1,0.6122513
0,0,0.27507403
0,0,0.34932178
0,0,0.48613667
0,0,0.22106662
0,0,0.22396487
0,0,0.17109138
0,0,0.22478221
1,1,0.5795824
0,0,0.2450221
0,0,0.17558876
0,0,0.37381104
1,1,0.5149669
0,1,0.5114722
0,0,0.24114075
0,0,0.43128434
0,0,0.13617772
0,0,0.23762421
0,0,0.3423144
0,0,0.32797432
0,0,0.32409018
0,0,0.14141095
0,0,0.14572562
0,0,0.43096066
0,0,0.406482
0,1,0.58472824
0,0,0.13793343
0,0,0.230049
0,0,0.14094006
0,0,0.37235388
0,0,0.15632083
0,0,0.31154197
0,0,0.1416412
0,0,0.26957366
0,0,0.48360118
0,0,0.15551396
0,0,0.17721862
0,0,0.13387601
1,1,0.54365486
0,0,0.16436285
0,0,0.351265
1,1,0.53259665
0,0,0.15632083
0,0,0.2543516
0,1,0.63538635
0,1,0.5298827
0,0,0.21653034
1,1,0.5933626
0,0,0.43128434
0,0,0.42470843
0,0,0.15950257
1,0,0.42872867
0,1,0.5491911
0,0,0.15329732
0,0,0.4643483
0,0,0.26563483
1,1,0.65947914
1,0,0.4357922
0,0,0.15888998
0,0,0.13944197
1,0,0.38017222
0,0,0.13387601
0,1,0.5536003
0,0,0.13799985
0,0,0.15398891
0,0,0.41863602
0,0,0.2102556
0,0,0.26716626
0,1,0.5960991
0,0,0.13387601
0,0,0.15297061
0,0,0.40721953
1,0,0.4835789
0,0,0.21096683
0,0,0.25246465
0,0,0.13371655
0,0,0.25878066
0,0,0.21340925
0,0,0.42530566
0,0,0.23385665
0,0,0.32550788
0,0,0.16952209
1,1,0.63891804
0,0,0.1673938
0,0,0.16032192
0,1,0.59824085
0,0,0.1452839
0,0,0.15524629
0,0,0.4765928
0,0,0.46969604
0,0,0.13750297
0,0,0.37235388
0,0,0.30028585
0,0,0.15870616
0,0,0.20467275
0,0,0.27788496
0,0,0.15956014
0,0,0.28065708
0,1,0.5098319
0,0,0.22653072
0,0,0.15778755
0,0,0.15220644
0,0,0.28350273
0,0,0.2774647
0,0,0.41546783
0,0,0.47795984
0,0,0.2561511
0,0,0.1703174
0,0,0.21244977
0,0,0.29108346
1,1,0.5990174
0,0,0.23595434
0,0,0.17343974
0,0,0.14924452
0,1,0.5976743
0,0,0.15606539
1,0,0.2017569
0,0,0.20492227
0,0,0.27724728
1,0,0.33047676
0,0,0.376482
0,0,0.15546311
0,0,0.4074473
1,0,0.4691128
1,1,0.5253942
0,0,0.36187845
0,0,0.3715014
1,1,0.6097867
0,0,0.32124743
1,1,0.5942918
0,0,0.17582783
0,1,0.51149404
0,0,0.21361661
0,0,0.2971753
0,0,0.36335322
0,0,0.16740184
0,0,0.33780596
1,0,0.31647414
0,0,0.13387601
0,0,0.43183395
0,0,0.25130537
0,0,0.15340701
0,0,0.2512445
1,0,0.47570765
0,0,0.37625527
0,0,0.37694684
0,0,0.18014832
0,0,0.1598319
0,0,0.23893487
0,0,0.20499599
0,0,0.1521307
0,0,0.14077355
0,0,0.34053376
0,0,0.2098223
0,0,0.43183395
0,0,0.3488025
0,0,0.17960246
0,0,0.17591847
0,0,0.45776802
0,0,0.13387601
0,0,0.20399013
0,0,0.14124398
0,0,0.25783268
0,0,0.2990613
0,0,0.43631926
0,0,0.25247568
0,1,0.55052954
0,1,0.53474206
1,0,0.28237757
0,0,0.38066956
0,0,0.13793343
0,0,0.41740572
0,0,0.20088029
0,1,0.51052636
0,0,0.14241391
0,0,0.15390366
0,0,0.25994933
0,0,0.46797848
0,0,0.4350177
1,1,0.5892392
0,0,0.17795914
0,0,0.3684864
0,0,0.3542424
1,0,0.33047676
0,0,0.15472725
0,0,0.20242865
0,0,0.17987387
0,0,0.36914462
0,0,0.43646485
0,1,0.59543097
0,1,0.51141405
0,0,0.20137738
0,1,0.5988175
0,0,0.24167302
0,0,0.1735744
0,0,0.4318839
0,1,0.5706101
0,0,0.43440324
0,0,0.2563188
0,0,0.22424148
1,0,0.38403568
0,0,0.13387601
0,0,0.13756476
0,0,0.15296616
0,0,0.17721862
0,0,0.24793433
0,0,0.4633161
0,0,0.15525888
0,0,0.15659001
0,0,0.15606539
0,1,0.5421154
0,0,0.15896603
0,0,0.37381104
0,1,0.52797556
0,0,0.15290906
0,0,0.4691128
0,1,0.659579
0,1,0.5210936
0,0,0.2778462
0,0,0.16655618
1,1,0.54505134
0,0,0.32420236
0,0,0.16708831
0,0,0.16888374
0,1,0.59958327
0,0,0.2460056
0,0,0.43639317
0,0,0.21758185
0,0,0.1521307
0,0,0.13371655
0,0,0.48402923
0,0,0.3285494
1,0,0.4775211
1,1,0.59082633
0,0,0.24558502
0,1,0.51748985
0,0,0.13799985
1,0,0.4372262
0,0,0.15668626
1,0,0.4711915
0,0,0.1534661
0,0,0.22216739
0,0,0.15549298
1,0,0.3188068
0,0,0.13601595
0,0,0.32591903
0,0,0.31406376
0,1,0.53009075
0,0,0.25643596
0,0,0.32813618
0,0,0.15161267
0,0,0.4583962
0,0,0.3190794
0,0,0.16607529
0,0,0.17196871
0,1,0.51113707
0,0,0.15449867
0,0,0.13473369
0,0,0.1519845
0,0,0.15251733
0,1,0.5879692
1,0,0.43897814
0,0,0.30263582
0,1,0.5617163
0,0,0.30546573
0,0,0.23144561
0,0,0.20244177
0,0,0.14077355
0,0,0.26115224
0,1,0.5334181
0,0,0.42047182
0,0,0.2995808
1,0,0.35311672
1,1,0.5097553
1,1,0.5104855
0,0,0.14386539
0,0,0.14535324
0,0,0.28606865
0,0,0.13371655
0,1,0.51730245
0,0,0.14780803
0,0,0.15329732
0,0,0.15756144
0,0,0.38147447
0,0,0.2072959
0,1,0.583895
0,0,0.13601595
0,0,0.3027052
0,0,0.14077355
0,0,0.32435608
0,1,0.51822567
0,0,0.30515593
0,0,0.2957245
0,0,0.21061787
0,0,0.45431292
0,0,0.28383216
0,0,0.33110043
0,0,0.14263579
0,0,0.25006357
0,1,0.5099875
0,0,0.29874274
0,0,0.367027
0,0,0.16655618
0,0,0.25602904
0,0,0.17987387
1,0,0.43153873
0,1,0.5284738
0,0,0.16349247
0,0,0.17410702
0,0,0.16631411
0,0,0.36991996
0,0,0.14879078
0,0,0.19501448
0,0,0.13371655
0,0,0.14077355
1,0,0.17658538
0,0,0.21061897
0,0,0.13653375
0,1,0.5080648
0,0,0.42849794
0,0,0.17307802
0,0,0.3271803
0,1,0.5180968
0,0,0.16977394
0,0,0.15471151
0,0,0.3724602
0,0,0.48683402
0,0,0.15485397
0,0,0.16765507
0,0,0.367027
1,1,0.5227703
0,0,0.48890954
0,0,0.45429134
0,0,0.15632083
0,0,0.2230371
0,0,0.17221355
0,0,0.3823003
0,0,0.2557861
0,0,0.13944197
1,0,0.22635888
0,0,0.2546781
0,0,0.16909027
0,0,0.27676436
0,0,0.41029486
0,0,0.33514005
0,0,0.17902723
0,1,0.5671774
1,1,0.5163764
0,0,0.22971638
0,0,0.22354004
0,0,0.16815998
0,0,0.16412662
0,0,0.17189573
0,0,0.15320605
0,0,0.1670756
0,0,0.32818913
1,0,0.37625527
0,0,0.15329732
0,1,0.55591565
0,0,0.24096255
0,0,0.34297144
0,1,0.516543
0,0,0.15659001
0,0,0.15319254
0,0,0.14945443
0,0,0.15352811
0,1,0.59543097
0,0,0.48416406
1,1,0.57902503
0,0,0.15005918
0,0,0.28192523
0,0,0.22787353
0,0,0.37966308
0,0,0.3741594
0,0,0.151431
0,0,0.16558203
0,1,0.5817121
0,0,0.4357922
1,0,0.37574103
1,0,0.49966654
0,0,0.15425007
0,0,0.15329732
0,1,0.51056594
0,0,0.43128434
0,0,0.35944673
0,0,0.3923417
0,0,0.13371655
0,0,0.4748049
1,1,0.55990887
0,0,0.13944197
0,0,0.16436285
0,1,0.5306481
0,0,0.24055605
0,0,0.26108855
0,0,0.15788135
0,0,0.15340701
0,0,0.37505656
0,0,0.43335873
0,0,0.43450946
0,0,0.32961687
1,1,0.58417386
0,0,0.14077355
0,0,0.15470392
0,0,0.15732592
0,0,0.21362711
0,0,0.2782668
0,0,0.23696919
0,0,0.13387601
0,0,0.17128389
0,0,0.15251733
1,1,0.55022144
0,1,0.52712476
0,0,0.36561894
0,0,0.15297061
0,0,0.1758104
0,1,0.52319014
0,0,0.15822892
0,1,0.58482033
0,0,0.1368188
1,1,0.53474206
0,0,0.36265326
0,0,0.16655618
0,0,0.3450099
1,0,0.48909608
0,0,0.25255045
0,1,0.53500944
0,0,0.3380952
0,0,0.45447963
0,0,0.15352117
0,0,0.47163004
0,0,0.15340701
0,0,0.13968661
0,0,0.18343735
0,0,0.19928756
0,0,0.32872674
0,1,0.5787852
0,0,0.17987387
0,0,0.16655618
0,0,0.16655618
0,0,0.486381
1,1,0.6654227
0,0,0.13387601
0,0,0.18761653
0,0,0.21341915
0,0,0.16011646
0,0,0.1947882
0,0,0.36798105
0,0,0.488998
1,0,0.3724602
0,0,0.23731321
1,0,0.3375067
0,0,0.16655618
0,0,0.42470843
0,0,0.46879256
1,0,0.34707654
0,0,0.4357922
0,0,0.14780803
0,1,0.59703785
1,1,0.6592977
0,0,0.15659001
0,0,0.34707654
0,1,0.5242728
0,0,0.3440296
0,0,0.15374804
0,0,0.1782313
0,0,0.14310533
0,0,0.17335735
0,0,0.15351191
0,0,0.13594994
0,1,0.5319242
0,1,0.52653736
1,0,0.23731321
0,0,0.1673938
0,0,0.32818913
0,0,0.17350416
0,0,0.15641694
0,0,0.47082245
1,0,0.17141497
0,0,0.15061021
0,0,0.46497807
0,0,0.15704401
0,0,0.17585297
0,1,0.5990174
1,0,0.20391405
0,0,0.34885705
1,0,0.4768218
0,0,0.24715148
0,0,0.34434116
0,0,0.25382203
0,0,0.34144795
0,0,0.2084398
0,0,0.13756476
0,0,0.247238
0,0,0.20812376
0,0,0.13371655
0,0,0.1452839
1,0,0.49147654
0,0,0.26033428
0,0,0.28202298
0,0,0.1570767
0,0,0.17788687
0,1,0.5974743
1,0,0.49450508
0,0,0.29918185
0,0,0.43128434
0,1,0.51529515
0,0,0.17758742
0,0,0.17826086
0,0,0.15144075
0,0,0.17651711
0,0,0.13594994
0,0,0.34487545
0,0,0.37744597
0,0,0.47547567
1,0,0.46749252
1,1,0.652612
0,0,0.17472258
0,0,0.15788135
0,0,0.34707654
0,0,0.2056377
0,0,0.13387601
0,0,0.30138516
0,0,0.23821141
0,0,0.16956693
0,0,0.28350273
0,0,0.49608108
0,0,0.17479101
0,0,0.25980198
1,0,0.3684864
0,0,0.44659704
0,0,0.16065449
0,0,0.13793343
1,0,0.40732133
0,0,0.23262241
0,0,0.1460225
0,0,0.24834102
0,1,0.519566
0,0,0.2975727
0,0,0.1377281
0,0,0.15320605
0,0,0.48035344
0,0,0.13944197
0,0,0.13408673
0,0,0.1537525
0,1,0.5375967
0,1,0.5116345
0,0,0.17036276
0,0,0.43938902
0,0,0.20649284
0,0,0.41331998
0,0,0.46852592
0,0,0.21560673
0,0,0.34665203
1,0,0.42470843
0,0,0.44266602
0,1,0.50106007
0,0,0.2778462
0,0,0.1779263
0,0,0.15524308
0,0,0.3724602
0,1,0.5231812
0,1,0.55552673
0,0,0.47109047
0,1,0.59642524
0,0,0.14450791
0,0,0.29170564
1,0,0.46687093
0,0,0.27507403
0,0,0.40048215
0,0,0.15038714
0,0,0.3380472
0,1,0.5522847
0,1,0.51831603
0,0,0.23027214
0,0,0.31728506
0,0,0.15708347
0,0,0.16717164
0,0,0.37226728
1,1,0.56245846
0,0,0.27955925
0,0,0.14153273
0,0,0.25851312
1,1,0.5182649
0,0,0.17832036
0,0,0.13387601
1,0,0.23179768
0,0,0.17478353
0,0,0.15659001
0,0,0.14263579
1,0,0.46945485
0,0,0.49267572
0,0,0.1771761
0,0,0.3271803
0,0,0.34932178
0,0,0.37662008
0,0,0.15524308
0,0,0.35377786
0,0,0.1452839
0,0,0.37393767
0,0,0.23607533
0,0,0.17659874
1,1,0.5653399
0,1,0.58387005
0,0,0.15956014
0,0,0.3715014
0,0,0.33864442
1,0,0.4657564
0,0,0.23951513
0,0,0.15320605
0,0,0.26018113
1,1,0.5128369
1,1,0.66581994
0,1,0.5990174
0,0,0.46415123
0,0,0.20513755
0,0,0.1521307
0,0,0.47236025
0,1,0.59695035
0,0,0.36753187
0,0,0.4729694
0,0,0.39694577
0,0,0.16860354
0,0,0.13371655
0,0,0.14094006
0,0,0.39420417
0,0,0.25418243
0,0,0.4805538
0,0,0.15175977
0,0,0.13388954
0,0,0.16717164
0,0,0.15579535
0,0,0.14094006
0,0,0.31610078
0,0,0.19662565
0,0,0.1779263
0,0,0.18546227
0,0,0.13457337
0,0,0.405588
0,0,0.15633422
0,0,0.4529975
0,1,0.58710384
0,0,0.33130613
0,0,0.17946622
0,0,0.15391934
0,0,0.14124398
0,0,0.14099336
1,0,0.49009985
0,0,0.39106965
0,0,0.15442677
0,0,0.29874274
0,1,0.52501464
1,1,0.60862994
0,0,0.29914135
0,0,0.3244732
0,0,0.28947622
0,0,0.16915295
1,0,0.41250494
1,0,0.16714086
0,0,0.22789954
1,0,0.38403568
0,0,0.46439186
0,0,0.20824905
0,0,0.27038464
0,0,0.15473595
0,0,0.37393767
0,0,0.15450232
0,0,0.3724602
0,0,0.13960716
0,0,0.45447963
0,0,0.45485446
0,0,0.43036035
0,0,0.3320142
0,0,0.15251733
0,0,0.367027
0,0,0.20554459
0,0,0.41250494
0,0,0.21924269
0,0,0.13750297
0,0,0.36403245
0,0,0.16740184
0,1,0.53006345
0,1,0.5319805
0,0,0.40732133
0,0,0.33109236
0,1,0.59829426
0,0,0.15719974
0,0,0.14077355
0,0,0.17426941
0,0,0.3724602
0,0,0.17903085
0,0,0.46749252
0,0,0.2452019
0,0,0.15688246
0,0,0.31647414
0,1,0.52947634
0,0,0.22986619
0,0,0.13776991
0,0,0.15243843
0,0,0.20825306
0,0,0.15802066
0,0,0.15340701
0,0,0.13793343
0,0,0.36798105
0,0,0.17460273
0,0,0.2812143
0,0,0.14145711
0,1,0.5392487
0,0,0.3770224
0,0,0.2819532
0,0,0.20803122
0,1,0.57864064
1,0,0.47570765
0,0,0.4141877
1,0,0.46860015
0,0,0.15957654
1,0,0.4399696
0,0,0.14614032
0,0,0.1570767
0,0,0.21830791
0,0,0.14944668
0,0,0.37947488
0,0,0.14965999
0,0,0.17835088
0,1,0.5299847
1,1,0.5263777
0,0,0.15390366
0,0,0.22213589
0,0,0.367027
0,0,0.15098621
0,1,0.5055568
0,0,0.1547429
0,0,0.13387601
0,0,0.17908297
0,0,0.15633422
0,0,0.47560668
1,1,0.52712476
0,0,0.25332603
0,0,0.15215907
0,0,0.16143589
0,0,0.15239102
0,0,0.15351191
0,0,0.21980384
0,0,0.16436285
0,0,0.14607736
0,0,0.3647476
1,1,0.5364157
0,0,0.15220644
0,0,0.26036707
1,1,0.5242719
0,0,0.13960716
1,1,0.52576834
0,0,0.49188346
0,0,0.27894142
0,0,0.15275663
0,0,0.3724602
0,0,0.1589651
0,0,0.32800543
1,1,0.6570837
0,0,0.31647414
0,1,0.52485967
0,0,0.14272386
0,0,0.29761308
0,0,0.29763922
0,0,0.29652745
0,0,0.1530011
0,0,0.18337105
0,1,0.5160899
0,0,0.15268628
0,0,0.3649832
0,0,0.47172785
1,1,0.5818017
0,0,0.44060415
0,0,0.27493903
0,1,0.51761466
0,0,0.16655618
0,0,0.1521307
0,0,0.1519845
0,0,0.43917263
0,0,0.13371655
0,0,0.3283711
0,0,0.42470843
0,0,0.13371655
0,1,0.58262604
0,0,0.23937921
0,0,0.16641572
0,0,0.24293905
0,0,0.15425007
0,1,0.58710384
0,0,0.14757465
0,0,0.26047254
0,0,0.20815615
0,1,0.5930525
0,0,0.25456908
0,1,0.6342582
0,0,0.15524308
0,0,0.20474058
0,0,0.27799937
0,0,0.13989441
0,1,0.57771766
1,0,0.49788243
0,0,0.1729634
0,0,0.27497756
0,0,0.27554703
0,0,0.3153202
0,0,0.13962403
0,0,0.22707863
0,0,0.14077355
0,0,0.16607529
1,1,0.52819455
1,1,0.5166923
0,0,0.17160562
0,0,0.14568448
0,0,0.4357922
1,1,0.6148442
0,1,0.5976743
0,0,0.1729634
0,0,0.2533417
0,0,0.1785498
0,1,0.5975277
0,0,0.15452689
1,1,0.57858723
0,0,0.13371655
0,0,0.47965452
1,0,0.29160804
0,0,0.17013226
0,0,0.13960716
1,1,0.51764685
0,0,0.15524308
0,0,0.25674763
0,0,0.14386539
0,0,0.15351191
0,0,0.15546311
0,0,0.31647414
0,0,0.17013226
0,0,0.15320605
0,0,0.15042491
0,0,0.3923417
0,0,0.16495444
0,0,0.23102443
1,0,0.26069802
0,0,0.16655618
0,0,0.26070756
1,0,0.33862495
0,0,0.16765507
0,0,0.1633824
0,0,0.15546311
0,0,0.13387601
0,0,0.2782668
0,0,0.27908924
0,0,0.25280753
0,0,0.17322366
0,0,0.1733058
0,0,0.49009985
0,0,0.14336738
0,0,0.13653375
0,0,0.19743052
0,0,0.23287928
0,0,0.13793343
0,0,0.35372835
0,0,0.13733988
0,0,0.20572968
0,0,0.15524308
0,0,0.13799985
0,0,0.34932178
0,1,0.53415567
0,1,0.58440346
0,0,0.23173998
0,1,0.55569273
0,0,0.43128434
0,0,0.34207082
0,0,0.16906847
0,0,0.13387601
0,0,0.13793343
0,0,0.42470843
0,0,0.27788496
0,0,0.20122755
0,0,0.4657564
0,0,0.15290906
0,0,0.32509664
0,0,0.1673938
0,0,0.14404425
0,0,0.19743052
1,0,0.47668612
0,0,0.27788496
0,0,0.48141024
0,0,0.367027
0,0,0.23625728
0,0,0.13750297
0,0,0.13387601
0,0,0.20750728
0,0,0.22999214
0,0,0.20983346
0,0,0.15340701
0,0,0.367027
0,0,0.15495719
0,1,0.5256023
0,0,0.14511313
0,0,0.43128434
0,0,0.15319254
0,0,0.2995808
0,0,0.42976135
0,0,0.15894693
0,0,0.23680584
0,0,0.1347473
0,0,0.14726606
0,0,0.26632133
0,0,0.15441735
0,0,0.16977394
0,0,0.17280196
0,0,0.2134511
0,0,0.15742847
0,0,0.13793343
0,0,0.15894827
0,0,0.3317326
0,0,0.47883824
0,0,0.1785498
0,0,0.16362816
0,0,0.15268628
1,1,0.50844723
0,0,0.15398239
0,0,0.19991377
0,0,0.16765507
0,0,0.30569282
0,0,0.21432967
0,0,0.4788343
0,1,0.6093236
0,0,0.17946622
0,0,0.22923337
0,0,0.22921814
0,0,0.30005065
0,0,0.13371655
1,1,0.57920665
0,1,0.5972143
0,0,0.34707654
1,1,0.5152747
0,0,0.4565134
0,0,0.24291153
0,0,0.4318839
0,0,0.33514005
1,1,0.54016906
1,0,0.37308764
0,0,0.15268628
0,0,0.22197914
1,1,0.5946421
0,0,0.27301583
0,0,0.4318839
0,0,0.2758118
0,0,0.46452263
0,0,0.16691096
0,0,0.13960716
0,0,0.4548972
0,0,0.24738875
0,1,0.525994
0,0,0.38651294
0,0,0.28181413
1,0,0.3787532
1,0,0.40330613
0,0,0.15273103
0,0,0.14719152
0,0,0.16630426
0,0,0.17171752
0,0,0.4774083
0,0,0.15329732
0,0,0.15273103
0,0,0.23748197
1,0,0.4372701
0,0,0.24133506
0,0,0.43511003
0,0,0.17039438
0,0,0.37448955
0,1,0.5364157
0,0,0.17327283
0,0,0.23844522
0,0,0.18268465
0,0,0.2334537
0,0,0.20598494
0,1,0.51644087
0,0,0.33862495
0,0,0.4154019
0,1,0.50139064
0,0,0.1771761
0,1,0.6297776
0,0,0.47560668
0,0,0.15340701
0,0,0.1995519
0,0,0.15296616
0,0,0.16172962
0,0,0.22657007
1,0,0.25889057
0,0,0.16824482
0,0,0.4672654
0,0,0.1525651
0,0,0.3381556
1,1,0.57085246
0,0,0.32797432
0,0,0.45406464
0,1,0.6400041
0,0,0.15340701
0,0,0.25809842
0,0,0.15464067
1,0,0.43128434
0,0,0.23631735
0,0,0.3375067
0,0,0.15251733
0,0,0.21141566
0,0,0.16412662
0,0,0.2497081
0,0,0.2223793
0,0,0.15740164
0,0,0.15398891
0,0,0.13387601
1,0,0.17400117
0,0,0.15580216
0,0,0.16863051
0,0,0.3713952
0,0,0.48132694
0,0,0.2774647
0,1,0.5026531
0,0,0.19559667
0,0,0.13601595
1,0,0.49087495
0,0,0.13387601
0,0,0.2773749
0,0,0.15273103
0,0,0.14094006
0,0,0.2754535
0,0,0.14780803
0,1,0.5498809
0,0,0.36753187
0,0,0.15659001
0,0,0.4130973
0,1,0.5857022
0,0,0.32369074
0,0,0.14145711
0,0,0.2514746
0,1,0.525542
0,0,0.34932178
0,0,0.13776991
0,0,0.47469658
1,1,0.5156839
0,0,0.17488407
0,0,0.4086294
0,0,0.2223239
0,0,0.17470725
0,0,0.17952265
0,0,0.13799985
0,0,0.16860342
0,0,0.46850425
0,0,0.43036035
0,0,0.1547429
0,0,0.22635888
0,0,0.17612343
0,0,0.31647414
0,0,0.25519088
0,0,0.46761024
0,0,0.3187807
0,0,0.22603346
0,0,0.15236777
0,0,0.4729694
0,0,0.16740184
1,1,0.5240021
0,0,0.26682037
0,0,0.47109047
0,1,0.50022495
0,0,0.16015795
0,0,0.22856675
0,1,0.52248865
0,0,0.17520373
0,0,0.1782764
0,0,0.34166923
0,0,0.39404088
0,0,0.2649711
0,0,0.27493903
1,1,0.5862377
0,0,0.26165804
0,0,0.1547429
0,0,0.17152858
0,0,0.37574103
0,0,0.13387601
0,0,0.24447261
0,0,0.44761917
1,0,0.4954762
0,0,0.38347834
0,0,0.2574776
0,1,0.53715384
0,1,0.5524084
0,0,0.29623887
0,0,0.3381556
0,0,0.1574061
0,0,0.15268628
0,0,0.15042797
0,0,0.35944673
0,0,0.30511868
0,0,0.13960716
0,1,0.51728076
0,0,0.1749917
0,0,0.411277
0,0,0.33551013
1,1,0.5814156
0,0,0.24513718
1,1,0.5334181
1,1,0.59958327
0,0,0.24537374
0,0,0.34901536
0,0,0.24499696
0,0,0.45161855
0,0,0.17169613
0,0,0.15681359
0,0,0.4739129
0,0,0.16988325
0,0,0.1534661
0,0,0.24023312
0,0,0.17826086
0,0,0.47163004
0,0,0.47548872
0,0,0.15251733
0,0,0.47509816
0,0,0.22925061
0,0,0.17644888
1,1,0.5217035
0,0,0.14796233
0,0,0.2993406
0,0,0.25574067
0,1,0.5401098
0,0,0.1521307
0,0,0.14383407
1,0,0.36827272
0,0,0.3780991
0,0,0.2839285
1,0,0.34541425
0,0,0.13793343
0,0,0.45264256
0,0,0.15320605
0,0,0.26967457
0,0,0.16691096
0,0,0.4290965
0,0,0.13776991
0,0,0.2710124
0,0,0.43639317
0,0,0.15320605
0,0,0.2560915
0,0,0.1673938
0,1,0.5677559
0,1,0.55785096
0,0,0.4327587
1,0,0.15320605
0,0,0.23579179
0,1,0.5110856
0,0,0.34932178
0,0,0.13505553
0,0,0.1381636
0,1,0.5027308
0,0,0.16420391
0,0,0.13944197
0,0,0.15441735
0,0,0.30780604
0,0,0.3156832
0,0,0.1762055
0,0,0.48044586
0,0,0.13570586
0,0,0.16617826
1,1,0.519158
0,0,0.17795914
0,0,0.2814106
0,0,0.14077355
0,0,0.2525009
0,0,0.18198341
0,0,0.3684916
0,0,0.21965235
0,0,0.13371655
0,0,0.1377281
1,1,0.51421946
0,0,0.2962439
0,1,0.5722698
0,0,0.14258204
0,0,0.21110898
0,0,0.13653375
0,0,0.25572935
0,0,0.259969
0,0,0.37625527
0,0,0.15597345
0,0,0.44738325
0,0,0.13371655
0,0,0.34456164
0,0,0.21800302
0,0,0.23476973
0,0,0.25987032
0,0,0.1548957
0,0,0.43128434
0,0,0.4799406
0,0,0.4299357
1,1,0.5154812
0,0,0.3787532
0,0,0.17736955
0,0,0.29801083
0,0,0.15329732
0,0,0.3134545
0,0,0.315675
0,0,0.17311507
0,0,0.15399732
0,0,0.15166204
0,0,0.15059476
0,1,0.5990174
0,0,0.45568883
0,0,0.43782705
0,0,0.36798105
0,0,0.48423788
0,0,0.14858618
0,0,0.32818913
0,0,0.1673938
0,0,0.2594732
0,0,0.35478172
0,0,0.20123674
0,0,0.22440487
0,0,0.15239102
0,0,0.13371655
0,0,0.15570779
0,0,0.4261771
0,0,0.1745312
0,0,0.21576709
0,0,0.15329732
0,0,0.17659874
0,0,0.16900124
0,0,0.13387601
0,0,0.21012972
0,0,0.1749917
0,0,0.43335873
0,0,0.23074056
0,0,0.31602082
1,0,0.34707654
0,0,0.31784162
0,0,0.2171226
0,0,0.13972762
0,0,0.29212034
0,1,0.5333618
0,0,0.40528083
1,1,0.6186918
1,1,0.5481012
0,0,0.41176316
0,0,0.1673938
0,0,0.2612401
0,0,0.13793343
0,0,0.20522653
0,0,0.15525888
0,0,0.18175
0,0,0.14505696
0,0,0.37500122
0,0,0.24949218
0,0,0.15425007
0,1,0.547423
0,0,0.13617772
0,0,0.4299357
0,0,0.24944405
0,0,0.15389499
0,1,0.6248742
0,0,0.15950257
0,0,0.22611876
0,0,0.26597974
0,0,0.3649832
1,1,0.53256726
0,0,0.45940885
0,1,0.5786847
0,0,0.15551396
0,1,0.5723053
0,0,0.23512074
0,0,0.28350273
0,0,0.18014832
0,1,0.5687965
1,1,0.5226022
0,0,0.47547567
0,0,0.1874449
0,1,0.5026923
0,0,0.1349078
0,0,0.25916377
1,1,0.6581434
0,0,0.21628387
0,0,0.22737834
0,0,0.28251588
0,0,0.17554961
0,0,0.14750442
0,1,0.51858413
0,0,0.15340701
0,0,0.14116007
1,1,0.5101637
0,0,0.20234552
0,0,0.13387601
0,0,0.15704401
0,0,0.27507403
0,0,0.16655618
1,0,0.37200877
1,0,0.4314089
0,1,0.5307504
0,0,0.224124
0,0,0.13387601
0,0,0.15425007
0,0,0.15398891
1,1,0.5202293
0,0,0.1785498
0,0,0.17437798
0,0,0.36891988
0,0,0.24992551
0,0,0.33309537
0,0,0.15846682
0,0,0.16744341
0,1,0.5148959
0,0,0.2812542
0,0,0.14258204
0,1,0.55048573
0,1,0.59507936
0,0,0.3868425
0,0,0.25981292
0,1,0.5990174
0,0,0.17122881
0,0,0.17250721
0,1,0.5854701
0,0,0.15416537
0,0,0.15786785
0,0,0.19833475
0,0,0.367027
0,0,0.17472258
0,0,0.19768555
0,0,0.16607529
0,0,0.47587433
0,0,0.27300403
1,0,0.46980315
0,1,0.54374504
0,0,0.30233422
0,0,0.3724602
0,0,0.1779263
0,0,0.36827272
0,0,0.16977394
0,0,0.4445101
0,0,0.15668987
0,0,0.20334125
0,0,0.22142833
0,0,0.15473595
0,0,0.13944197
0,0,0.25571588
0,0,0.13371655
0,0,0.26470914
0,0,0.14200526
0,0,0.15297061
1,1,0.5926288
0,0,0.1403984
1,0,0.38066956
0,0,0.14551318
0,0,0.15319254
0,0,0.16194285
0,1,0.66056466
0,0,0.21518989
0,0,0.1470395
0,0,0.153643
0,0,0.30780604
0,0,0.32818913
0,0,0.13893569
0,0,0.30780604
0,0,0.2761919
0,0,0.4147808
0,0,0.1381636
0,0,0.27301583
0,0,0.247238
0,0,0.37744597
0,0,0.22178207
0,0,0.42956495
0,0,0.22572838
0,0,0.17368142
0,0,0.25105074
0,1,0.57742935
0,0,0.28219867
0,0,0.41141853
0,0,0.23324493
0,0,0.15524308
0,0,0.1758104
0,0,0.47355685
0,0,0.19826986
0,1,0.59829426
0,0,0.17644793
0,0,0.16519162
0,0,0.15297061
0,1,0.59958327
0,0,0.16860354
0,0,0.1749917
0,0,0.43128434
0,1,0.5411415
0,0,0.43985617
0,0,0.21820077
0,0,0.13392706
0,0,0.17902723
0,0,0.41980183
0,0,0.14487796
0,0,0.49195614
0,0,0.31182405
0,0,0.1525651
0,0,0.14077355
0,0,0.27300403
1,1,0.63395584
1,0,0.2792563
1,1,0.5651014
0,0,0.1537525
0,0,0.14987913
1,1,0.6390384
0,0,0.1429462
0,0,0.13793343
0,0,0.1611331
0,0,0.13960716
0,0,0.15766966
1,0,0.15888262
0,0,0.3225191
0,0,0.17426941
0,0,0.22181475
0,0,0.4357922
0,0,0.16436285
1,0,0.24942519
0,0,0.15208118
0,0,0.31457195
0,0,0.37281817
0,0,0.13387601
0,0,0.16446403
0,0,0.13387601
0,0,0.47104284
0,0,0.20326078
0,0,0.15398891
0,0,0.23683156
0,0,0.16266227
0,0,0.14341798
0,0,0.21276778
0,0,0.36036643
0,0,0.46072307
0,0,0.17053819
0,1,0.55077106
0,0,0.45112208
0,0,0.1381636
0,0,0.13665639
0,0,0.35093093
0,0,0.43440324
0,0,0.33025214
0,0,0.43335873
0,0,0.18578188
0,0,0.31263795
0,0,0.20292331
0,0,0.25452265
0,0,0.34550098
0,0,0.15296616
0,0,0.17437798
0,0,0.25453734
0,0,0.15788135
0,0,0.47540465
0,0,0.31678894
0,0,0.43769324
0,0,0.16980429
0,0,0.1377281
0,1,0.5102557
0,1,0.50461465
0,1,0.6395746
0,1,0.50090617
0,0,0.46266344
0,0,0.32818913
0,0,0.3775451
0,0,0.31227386
0,0,0.30695477
0,0,0.36335322
0,0,0.1537525
0,1,0.52485967
0,0,0.32124743
1,1,0.55511224
0,0,0.1673938
0,1,0.5281773
0,0,0.16558203
0,0,0.37601903
0,0,0.2738056
0,1,0.53415567
0,1,0.5341719
0,0,0.36798105
0,0,0.17786199
0,0,0.324896
0,0,0.16883527
0,0,0.24021201
0,0,0.29874274
0,0,0.29914135
0,0,0.13371655
0,0,0.20812376
0,1,0.5299553
0,1,0.5246549
0,0,0.4567358
0,0,0.17335735
1,0,0.2778462
0,0,0.1673938
0,0,0.34593797
0,0,0.16765507
0,1,0.55835384
1,0,0.4762955
0,0,0.2160633
0,0,0.2854886
0,1,0.5033199
0,0,0.14225946
0,0,0.13371655
0,0,0.32818913
1,0,0.48012123
0,0,0.13594994
0,0,0.14965999
0,0,0.4318839
0,0,0.23792739
0,0,0.2754535
0,1,0.6154359
0,1,0.50425166
0,0,0.2754535
0,0,0.47761813
0,0,0.47599736
0,0,0.30284342
0,0,0.2754535
0,0,0.26017877
0,0,0.17598075
0,0,0.17820913
0,0,0.15251733
1,0,0.16655618
0,1,0.5561086
0,1,0.5178706
0,0,0.15632083
0,0,0.30214167
0,0,0.40695322
0,0,0.23603284
0,0,0.41393885
0,0,0.25670874
1,0,0.4318839
0,0,0.43128434
0,0,0.15416537
0,0,0.2782668
0,0,0.1519845
0,0,0.22468445
0,0,0.16631411
0,0,0.15425007
0,1,0.52653736
0,0,0.14077355
0,0,0.32880253
0,0,0.43972147
0,0,0.33047676
0,0,0.17662984
0,0,0.15340701
0,0,0.13944197
0,0,0.3649832
0,0,0.1749917
0,0,0.15370429
0,0,0.16774818
0,0,0.24222443
1,0,0.4415107
0,0,0.16607529
0,0,0.17780824
0,0,0.21968764
0,0,0.39364153
0,0,0.15606539
0,0,0.27775627
0,0,0.20291908
0,0,0.2108083
0,0,0.16655618
0,0,0.23225923
0,0,0.25834733
0,0,0.21005002
0,0,0.23519218
0,0,0.3026106
0,1,0.5305693
0,0,0.15912361
1,1,0.66264904
0,0,0.22741427
0,0,0.20796043
1,1,0.58530635
0,0,0.3724602
0,1,0.5177872
0,0,0.17749852
0,0,0.36753187
0,0,0.26857966
0,0,0.15121
0,0,0.4318839
0,0,0.20733166
0,0,0.43868595
1,0,0.40627047
0,0,0.39430547
0,0,0.16765507
0,0,0.2606798
0,0,0.16691096
0,0,0.4996447
0,0,0.2754535
0,0,0.25226256
0,0,0.42677486
0,0,0.20598494
0,0,0.13960716
1,1,0.51966804
0,0,0.36798105
0,1,0.5246549
0,0,0.46851575
0,1,0.5161043
0,0,0.3740697
0,0,0.22106662
0,0,0.14733149
0,0,0.1673938
0,0,0.23435254
0,0,0.23597528
0,0,0.17007153
0,0,0.14758493
0,0,0.15731922
0,0,0.15389499
1,0,0.2851664
0,0,0.18038861
0,0,0.1357884
0,0,0.14094006
0,1,0.5655646
0,0,0.14077355
0,0,0.17091307
0,0,0.15398891
0,0,0.15144075
0,0,0.13387601
0,0,0.18026395
0,0,0.17108011
0,0,0.1772502
0,0,0.13387601
0,0,0.16869634
0,0,0.17585297
0,0,0.28383216
0,0,0.48344076
0,0,0.13387601
0,1,0.5227877
0,0,0.34932178
0,1,0.5411415
0,0,0.22661638
0,0,0.13387601
0,0,0.215227
0,0,0.15486658
1,1,0.5976743
0,0,0.1669642
0,0,0.25246465
0,0,0.20406707
0,0,0.15220644
0,0,0.13521634
1,0,0.32901558
0,0,0.28199232
1,1,0.59958327
0,1,0.5988175
1,1,0.5660253
0,0,0.25918275
0,0,0.15251733
0,0,0.15297061
0,0,0.16977394
0,0,0.14094006
1,0,0.43892252
0,0,0.15632083
0,0,0.22838454
0,0,0.31457195
0,0,0.169616
0,0,0.3540201
0,0,0.40772408
0,0,0.1547429
0,0,0.22553606
0,0,0.2782668
0,0,0.26718235
0,0,0.13637161
0,1,0.51492774
0,1,0.58130556
0,0,0.37110513
0,0,0.13404918
0,0,0.3412348
0,0,0.27870673
0,0,0.3650725
0,0,0.17616343
0,0,0.26033428
0,0,0.31457195
0,0,0.15788135
0,0,0.20636617
0,0,0.36798105
0,0,0.29623887
0,0,0.42530566
1,0,0.4764782
0,0,0.15802066
0,0,0.1541518
1,0,0.34166923
0,0,0.15616524
0,1,0.5738158
0,0,0.2099595
0,0,0.17470725
0,0,0.46253076
0,1,0.54055583
0,0,0.13637161
0,0,0.28602606
0,0,0.32124743
0,0,0.17427266
1,1,0.5980943
0,0,0.47570765
0,0,0.22653565
0,1,0.59181833
0,0,0.21231371
0,0,0.13776991
0,0,0.17722723
0,0,0.13473369
0,0,0.2091122
0,0,0.25642884
0,0,0.30121744
0,0,0.2759261
0,0,0.3725797
0,0,0.28045052
0,0,0.14112088
1,0,0.34932178
0,1,0.504226
1,1,0.59408534
0,0,0.26324266
0,0,0.14787436
0,1,0.52556175
0,0,0.16003647
0,0,0.23336501
0,0,0.17109932
0,0,0.31145555
0,0,0.21249515
0,0,0.22031726
0,0,0.37574103
0,1,0.5852633
0,0,0.13799985
0,1,0.5264961
1,0,0.20598687
1,0,0.1673938
0,0,0.16724458
0,1,0.5237998
0,1,0.5036924
0,1,0.55591565
0,0,0.28012437
0,0,0.47509816
1,0,0.30274597
0,0,0.22146297
0,0,0.31949022
0,0,0.1673938
0,0,0.21002509
0,0,0.18053275
0,1,0.5311563
0,0,0.15740164
0,0,0.17558454
0,0,0.16691096
0,0,0.2305751
0,1,0.5472974
0,0,0.13387601
0,1,0.59723794
1,0,0.259969
0,0,0.29914135
0,1,0.5450175
0,0,0.18241364
0,0,0.13371655
1,1,0.662983
0,0,0.15190884
0,0,0.24564357
0,0,0.23276298
0,0,0.17160755
0,0,0.15894693
0,1,0.64535934
0,1,0.66139865
0,0,0.18400155
1,0,0.17721862
0,0,0.20873211
0,1,0.5729871
0,1,0.51845896
0,0,0.17189573
0,0,0.2778462
0,0,0.17174238
0,0,0.1557311
1,0,0.22349922
0,0,0.3425974
1,0,0.17694679
0,0,0.43128434
0,0,0.31182405
0,0,0.17169823
0,0,0.28154036
0,0,0.1357884
0,1,0.5238693
0,0,0.4733986
0,1,0.5786538
0,0,0.41751808
0,0,0.17368987
1,0,0.45527917
0,0,0.351265
0,0,0.16726844
0,0,0.3038739
0,0,0.23699027
0,0,0.29043123
0,0,0.1745312
0,0,0.28192523
0,0,0.34995416
1,0,0.4959672
0,1,0.5667683
0,0,0.1347473
0,0,0.14505696
0,0,0.367027
0,0,0.3715014
1,1,0.52773166
0,0,0.31552935
0,0,0.14077355
0,0,0.48441076
0,0,0.170565
0,0,0.367027
0,0,0.15732592
0,0,0.15398891
0,0,0.17721862
0,0,0.15268628
0,0,0.15729605
0,0,0.32818913
0,0,0.17034227
0,0,0.4851368
1,0,0.47713196
0,0,0.43335873
0,0,0.21800302
0,0,0.13893119
1,0,0.4327587
1,1,0.529325
0,0,0.47311717
0,0,0.13799985
0,0,0.2830847
0,0,0.22489662
0,0,0.15251733
0,0,0.13387601
0,0,0.43639317
1,0,0.45161855
0,1,0.50167096
0,0,0.22891179
1,0,0.41930485
0,0,0.2084398
0,0,0.17629504
0,0,0.17629504
0,0,0.26033428
0,1,0.5297626
0,0,0.20433024
0,1,0.5723053
1,0,0.28249305
0,0,0.25394228
0,0,0.32818913
0,0,0.28237757
0,0,0.15985614
0,0,0.2046299
0,0,0.24384873
0,0,0.18281208
0,0,0.17715949
0,0,0.36991724
0,0,0.14225946
0,0,0.367027
0,0,0.3715014
0,0,0.1713938
0,0,0.4318839
0,0,0.22833028
0,0,0.20954476
0,0,0.17307134
0,0,0.13473369
0,0,0.1521307
0,0,0.13601595
0,0,0.15633422
0,0,0.13799985
0,0,0.367027
0,1,0.65939456
0,0,0.45592877
0,0,0.13756476
0,0,0.3713952
0,0,0.15768655
0,0,0.1825913
1,1,0.5561086
0,0,0.20486774
0,0,0.16902122
0,0,0.46799174
0,0,0.2293833
0,0,0.14403494
1,1,0.6588808
0,0,0.16860354
1,0,0.46495622
0,0,0.23867899
1,1,0.66056466
0,1,0.50000346
0,0,0.47621623
0,1,0.5776208
0,0,0.4736076
0,0,0.21813476
0,0,0.23386855
0,0,0.23173998
0,0,0.36561894
0,0,0.23614508
0,0,0.47598428
0,0,0.13552488
0,0,0.3923417
0,0,0.48132694
0,0,0.24021201
1,1,0.5990174
0,0,0.1521307
0,0,0.33885038
1,0,0.38631693
0,0,0.44720113
0,0,0.17160562
0,0,0.26209354
0,0,0.22354004
0,0,0.16770305
0,0,0.13799985
0,0,0.21584398
0,0,0.34290928
0,0,0.1537525
0,0,0.45308843
0,0,0.16934128
0,0,0.376482
0,0,0.24293905
0,1,0.5074901
0,0,0.4337934
0,0,0.23005424
0,0,0.36439505
0,0,0.13473369
0,0,0.170565
0,0,0.2231187
0,0,0.28083372
0,0,0.13371655
0,0,0.3775451
0,0,0.27507403
0,0,0.1534661
0,0,0.27724186
1,0,0.19617426
0,0,0.3392098
0,0,0.34346113
0,0,0.15678674
0,0,0.1451021
0,1,0.52554476
0,0,0.4318839
0,1,0.61274123
0,0,0.1484035
0,0,0.21449123
0,0,0.37353963
0,0,0.3005851
0,0,0.25131518
1,0,0.49943897
0,0,0.37011492
0,0,0.49959704
0,0,0.43446273
0,0,0.31714842
0,0,0.3724602
0,0,0.47960335
1,1,0.5561086
0,0,0.15340701
0,0,0.13371655
0,0,0.4357922
0,0,0.13371655
0,0,0.4793471
0,0,0.3923417
0,1,0.52653736
0,0,0.15524308
0,0,0.32550788
1,0,0.24942501
0,0,0.27908924
0,0,0.34932178
1,0,0.17470725
0,1,0.53006345
0,0,0.153643
0,0,0.47370464
0,0,0.1713938
0,0,0.37744597
0,0,0.17987387
0,0,0.23374222
0,0,0.15219453
0,0,0.29757243
0,0,0.16714086
0,1,0.5427855
0,0,0.41139996
0,0,0.38392803
0,1,0.51667047
0,0,0.31786478
0,0,0.1366047
0,0,0.14458273
1,0,0.39364153
0,0,0.17773661
0,0,0.15378165
0,0,0.18361121
0,0,0.36798105
0,0,0.1779263
0,0,0.16087902
0,0,0.16617826
1,0,0.27646545
0,0,0.31330773
0,0,0.21956299
0,0,0.2755856
0,0,0.13944197
0,0,0.169616
0,0,0.20270208
1,1,0.51669276
0,0,0.3317326
0,1,0.52653736
0,0,0.28196436
0,0,0.15351191
1,0,0.43639317
0,0,0.17522377
0,0,0.41912043
0,0,0.13473369
0,0,0.28192523
0,0,0.43658742
0,0,0.4350177
0,0,0.37947488
0,0,0.37353963
0,0,0.49691018
0,0,0.1347473
0,0,0.13371655
0,0,0.1357884
0,0,0.20268258
0,0,0.13617772
0,0,0.3018265
0,0,0.14858618
0,1,0.5125179
0,0,0.20757003
1,0,0.3425974
0,0,0.17458647
0,0,0.46515113
0,0,0.17644793
0,0,0.46638003
0,0,0.1537525
0,0,0.41751808
0,1,0.6075329
0,0,0.22099002
0,0,0.14077355
0,0,0.1519845
0,1,0.59824085
0,0,0.4627715
0,0,0.15829329
0,0,0.15370429
0,0,0.16299644
0,0,0.20208241
1,0,0.34707654
0,0,0.15390366
0,0,0.28219867
0,0,0.17602785
1,0,0.40813732
0,0,0.29914135
1,0,0.40528083
0,0,0.49338675
0,1,0.5253826
0,0,0.46335742
0,0,0.17402494
0,0,0.17629504
0,0,0.16883527
0,0,0.16617826
0,0,0.15064803
0,0,0.4318839
0,0,0.13404918
0,0,0.35901543
1,0,0.37296808
0,0,0.13505553
0,0,0.34665203
0,0,0.15374804
0,1,0.5988605
1,0,0.28234962
0,0,0.15329732
0,0,0.16746403
0,0,0.16655618
0,0,0.38651294
0,0,0.47621623
0,0,0.38479218
0,0,0.2447599
0,0,0.33061948
0,0,0.15632083
0,0,0.22889817
0,0,0.22253662
0,0,0.27659598
0,0,0.1558254
0,0,0.17199506
0,0,0.15329732
0,0,0.14336596
0,0,0.2204819
0,0,0.14209165
0,0,0.16630426
0,0,0.15061021
0,0,0.15621604
0,0,0.37717354
0,0,0.4318839
1,0,0.242976
0,0,0.37448955
0,0,0.15452689
0,0,0.13776991
0,0,0.15251733
0,1,0.5193592
0,0,0.27973
0,1,0.5306626
0,0,0.26927125
1,0,0.32703117
0,0,0.32964298
0,0,0.1729634
0,0,0.32810917
0,0,0.13387601
0,0,0.43787155
1,0,0.41811252
0,0,0.48035344
0,0,0.2754535
0,0,0.17629504
1,1,0.5953312
0,0,0.30309448
0,0,0.30527055
0,0,0.16714086
0,0,0.3725797
0,1,0.5561086
0,0,0.32744992
0,0,0.37200877
1,1,0.59958327
0,0,0.153643
0,0,0.16790324
1,0,0.36753187
1,0,0.47942638
0,1,0.5189496
0,0,0.31127852
0,0,0.21663171
0,0,0.20951729
0,1,0.52309835
0,0,0.18344069
0,0,0.21793361
0,0,0.22345184
0,0,0.32818913
0,0,0.17235531
0,0,0.17873135
0,0,0.15740164
0,0,0.2782668
0,0,0.33780596
0,0,0.15374804
0,0,0.13473369
0,0,0.16765507
1,1,0.53225046
0,0,0.17210966
0,0,0.17407425
0,0,0.23832802
0,0,0.13371655
1,0,0.46759728
0,0,0.4773299
0,0,0.15166204
0,0,0.16860354
0,0,0.25368628
0,0,0.14336596
0,0,0.13371655
0,0,0.14094006
0,0,0.16985644
0,1,0.5242719
0,0,0.3198513
0,0,0.18003015
0,0,0.20344755
0,0,0.15329732
0,0,0.15642552
0,0,0.1349078
0,0,0.14332815
0,0,0.47478706
1,0,0.49404103
0,0,0.15398891
0,0,0.1648325
0,0,0.2342067
0,0,0.34665203
0,0,0.1357884
0,0,0.37926206
0,0,0.32818913
0,0,0.1357884
0,0,0.15390366
0,0,0.21135506
0,0,0.13387601
0,1,0.51489013
0,0,0.16206464
0,0,0.40664953
0,1,0.5072113
0,0,0.30926406
0,0,0.367027
0,0,0.21685714
0,0,0.1633824
0,1,0.57579994
0,0,0.2289581
0,0,0.13371655
0,0,0.4062816
0,0,0.19424668
0,0,0.20498814
0,0,0.157461
0,0,0.15963277
1,0,0.2962036
0,0,0.28482488
0,0,0.15398891
0,0,0.1368188
0,0,0.2000603
0,0,0.2772203
0,1,0.59824085
0,0,0.15425007
0,0,0.16410695
0,0,0.17152122
0,0,0.1576619
0,0,0.36403245
0,0,0.1377281
0,0,0.36798105
0,0,0.13944197
0,0,0.38595426
0,0,0.19570252
0,0,0.1381636
0,0,0.3185431
0,0,0.13387601
0,0,0.24784783
0,0,0.2754535
0,0,0.34215802
0,0,0.14780803
0,0,0.47104284
0,0,0.1729634
0,0,0.4716518
0,0,0.14029317
0,0,0.15567377
0,0,0.43446273
1,0,0.230049
0,0,0.26020905
0,0,0.18188901
1,0,0.4318839
0,0,0.14511313
1,0,0.3388671
0,0,0.1555112
1,1,0.664657
0,0,0.13756476
0,0,0.23544337
0,0,0.15769252
0,1,0.61542064
0,0,0.367027
0,0,0.15659001
0,0,0.15786785
0,0,0.3505083
0,0,0.42530566
0,1,0.5308747
1,0,0.35541853
0,0,0.4608383
0,0,0.15668626
0,0,0.2305751
0,0,0.15593967
0,0,0.15319331
1,0,0.4939758
0,0,0.17903085
0,0,0.151431
0,0,0.14719152
0,0,0.31647307
0,0,0.20399797
0,0,0.40992194
0,0,0.17662984
0,0,0.4882289
0,0,0.16655618
0,0,0.13601595
0,0,0.4873587
0,0,0.13594994
0,0,0.35688016
0,0,0.16469054
1,1,0.58199847
0,0,0.16087902
0,0,0.43128434
0,0,0.1611331
0,0,0.41980183
1,1,0.54003406
0,0,0.4762955
0,0,0.37296808
0,0,0.3724602
0,0,0.28048903
1,0,0.34166923
0,0,0.17335735
0,0,0.28606865
0,0,0.37725198
0,0,0.17087731
0,1,0.51994586
1,0,0.4782284
0,0,0.15175977
0,1,0.52219653
0,0,0.15251733
0,0,0.23112047
0,0,0.48350397
0,0,0.14987913
0,0,0.15724196
0,0,0.16869634
0,0,0.15390366
0,0,0.4318839
0,1,0.6099611
1,0,0.47163004
0,0,0.16328259
0,0,0.367027
0,0,0.13633905
0,0,0.34707654
0,0,0.43128434
0,0,0.37014517
0,0,0.15585627
0,1,0.51599
0,0,0.16714086
1,0,0.34932178
0,1,0.5232119
0,0,0.17199506
1,0,0.28894177
0,0,0.2782668
0,0,0.16276823
0,0,0.13756476
0,0,0.23824003
0,0,0.13371655
0,0,0.14386539
0,0,0.4074473
0,0,0.30076036
0,1,0.5237441
0,0,0.32550788
0,0,0.27493483
0,0,0.4318839
0,0,0.3775451
0,0,0.14949346
0,0,0.17335735
0,0,0.37926206
1,1,0.6555903
0,0,0.39364153
0,0,0.3380952
0,0,0.2774647
0,0,0.39290375
0,0,0.3102932
0,0,0.14743125
0,0,0.1581392
0,0,0.4318839
0,0,0.1732316
0,0,0.33551013
0,0,0.31227386
0,0,0.13387601
0,0,0.37926206
0,0,0.49174505
0,0,0.13387601
0,1,0.625547
0,0,0.2543447
0,0,0.4357922
0,0,0.17470725
1,0,0.24633892
0,0,0.16988325
0,0,0.13776991
0,0,0.27999246
0,0,0.19893175
0,0,0.1673938
1,0,0.43639317
0,0,0.16655618
0,0,0.23289806
0,0,0.15632083
0,0,0.36420172
0,0,0.37381104
0,0,0.1502051
0,0,0.1519845
0,0,0.4331932
0,0,0.13473369
0,0,0.21971454
0,0,0.21183608
0,1,0.5151245
0,1,0.5104855
0,0,0.1547429
0,0,0.4318839
0,0,0.42849794
0,0,0.13733988
0,0,0.25026423
0,0,0.34166923
0,1,0.66084146
0,0,0.43837637
0,0,0.23908797
0,0,0.13985205
0,1,0.5591992
0,0,0.43285978
0,0,0.1678383
0,0,0.15299965
0,0,0.13371655
0,1,0.5232414
0,0,0.29874274
0,0,0.2842326
0,0,0.37947488
0,0,0.15894693
0,1,0.5247732
0,0,0.20222645
0,0,0.13371655
0,0,0.15850294
0,0,0.17656519
0,0,0.22734316
0,0,0.2587873
0,0,0.15329732
0,0,0.15389499
0,0,0.15251733
1,0,0.37842584
0,1,0.52712476
0,0,0.15251733
0,0,0.15569994
0,0,0.4357922
0,0,0.2774647
0,0,0.17564797
0,0,0.1779263
0,0,0.29857048
0,0,0.24815935
0,0,0.23306933
0,1,0.59618294
0,0,0.39290375
0,0,0.14094006
0,1,0.59626806
0,0,0.1534661
0,0,0.16792338
0,0,0.15659001
0,0,0.34297144
1,1,0.6576122
1,1,0.5307504
0,0,0.2215664
0,0,0.15524308
0,0,0.17954467
1,0,0.48287606
0,0,0.36561894
1,1,0.5945901
0,0,0.13594994
0,0,0.13505553
0,0,0.40290737
0,0,0.28469077
0,0,0.2763929
0,0,0.13937497
1,1,0.65947914
0,0,0.14077355
1,1,0.5990174
0,0,0.3649832
0,0,0.14209165
0,1,0.51909316
0,0,0.3187807
0,0,0.1534661
0,0,0.1673938
0,0,0.32509664
0,0,0.38392803
0,0,0.1368188
0,0,0.31169933
0,0,0.15251733
0,0,0.13371655
0,0,0.2281482
0,0,0.41617352
1,0,0.47027567
0,0,0.15485764
0,0,0.15942016
0,1,0.5671473
0,0,0.17453921
0,0,0.1483552
0,1,0.50688285
0,0,0.32818913
0,0,0.3724602
0,0,0.15521474
1,1,0.55454624
0,0,0.13371655
0,0,0.4890743
0,0,0.3713952
0,0,0.25251216
1,0,0.34932178
0,0,0.13799985
0,0,0.47570765
0,0,0.17191513
0,0,0.14552425
1,0,0.49045873
0,1,0.52788645
0,0,0.16705467
0,0,0.13617772
1,0,0.30393955
0,0,0.43704462
0,0,0.35017374
0,0,0.16607529
0,0,0.1673938
0,0,0.14511313
0,0,0.1452839
0,0,0.303286
0,0,0.13371655
0,0,0.30218935
0,0,0.15268628
0,1,0.50078887
0,1,0.5241854
0,0,0.1459139
0,0,0.22132479
0,0,0.33862495
0,0,0.22602193
0,0,0.15425007
0,0,0.44720113
0,0,0.23447633
0,0,0.13387601
0,0,0.224124
0,0,0.30780604
0,0,0.31602082
0,1,0.5351258
0,0,0.17427495
0,0,0.17092863
0,0,0.4136241
0,0,0.36882117
0,0,0.17711842
0,0,0.16607529
0,0,0.23236148
0,1,0.57821053
0,1,0.5406952
0,0,0.15275663
0,0,0.1673938
0,1,0.5814924
0,0,0.15659001
1,0,0.31785676
0,0,0.4101396
0,0,0.14535324
1,0,0.17514051
1,0,0.17355555
0,0,0.40915447
0,0,0.15827109
0,0,0.16765507
0,0,0.31999975
0,0,0.32797432
0,0,0.15377446
0,0,0.14969938
0,0,0.19943467
0,0,0.1713938
0,0,0.15374804
0,0,0.15390366
0,0,0.32637385
0,0,0.36492458
0,0,0.15204771
0,0,0.21548423
0,0,0.30780604
0,0,0.20719467
0,0,0.2735232
0,0,0.43020087
0,0,0.15605666
0,0,0.4357922
0,0,0.16829807
0,0,0.3724602
0,0,0.4722391
0,0,0.367027
0,0,0.39420417
0,0,0.30361032
0,0,0.36753187
1,0,0.46568787
0,0,0.3724602
0,0,0.198286
0,0,0.13371655
0,1,0.5970572
0,0,0.15678674
0,0,0.14315324
0,1,0.51728076
0,0,0.37625527
0,0,0.4147808
0,0,0.13387601
0,0,0.13387601
0,0,0.46791747
0,1,0.5216816
1,0,0.3923417
0,0,0.4673188
0,0,0.4130973
0,0,0.14112088
0,0,0.21097599
0,0,0.37744597
1,1,0.5621463
0,0,0.4584522
0,0,0.13371655
0,0,0.13371655
0,0,0.17160562
0,0,0.49009985
0,0,0.24870574
0,1,0.5207811
0,0,0.39600697
0,0,0.17878434
0,0,0.16860342
0,0,0.22552383
0,0,0.17629504
0,0,0.20910598
0,0,0.3394644
0,0,0.13793343
0,0,0.24989961
0,1,0.5288818
0,0,0.1785498
0,0,0.2754535
0,0,0.198286
0,0,0.15868376
1,0,0.3198513
0,0,0.14511313
0,0,0.33093533
0,0,0.34932178
0,0,0.15121
0,1,0.5771611
0,1,0.5265028
0,0,0.2000635
0,0,0.21965235
0,0,0.1557866
0,0,0.21294035
0,0,0.1771761
0,0,0.47568592
0,0,0.22354004
0,0,0.3271803
1,0,0.37281817
0,0,0.4626936
1,1,0.64462787
0,0,0.1534661
0,0,0.174298
0,0,0.21034345
0,0,0.21795867
0,0,0.1537525
1,0,0.32818913
0,0,0.45212364
0,0,0.14917518
0,0,0.28256693
0,0,0.13505553
0,0,0.14943808
0,0,0.15320605
0,1,0.5175646
0,0,0.25879875
0,0,0.23823602
1,0,0.39050856
0,0,0.3724602
0,0,0.16898645
0,0,0.32813618
0,0,0.13521634
0,0,0.17368142
0,0,0.13972762
0,0,0.17141497
1,0,0.22181475
0,0,0.13457337
1,0,0.2427978
0,0,0.43511003
1,0,0.47942638
0,0,0.15251733
0,0,0.27964434
0,0,0.47488803
1,0,0.46376222
0,0,0.22480617
0,0,0.4357922
0,0,0.15063229
0,0,0.1537525
0,0,0.43972147
0,0,0.1617062
0,1,0.5521562
0,0,0.13521634
0,0,0.3168708
0,0,0.2101361
0,1,0.5010818
1,0,0.2661364
0,0,0.13617772
1,0,0.258326
0,0,0.28065708
0,0,0.14505696
0,0,0.4515342
0,0,0.15659001
0,1,0.53277516
0,0,0.37102157
0,1,0.5004404
0,0,0.45634472
0,0,0.42530566
0,0,0.17036276
0,0,0.37359333
0,0,0.14802971
0,0,0.13637161
0,0,0.4785051
1,1,0.53406626
0,0,0.25509912
0,0,0.22941482
0,0,0.15329765
0,0,0.3388671
1,0,0.4582024
0,0,0.29043123
1,0,0.48446986
0,0,0.1534661
0,0,0.13776991
0,0,0.42470843
0,0,0.13387601
0,1,0.51619387
1,1,0.5969073
0,0,0.1555152
1,1,0.53277516
0,1,0.51460177
0,0,0.23197824
0,0,0.4261771
1,0,0.34640113
0,0,0.15351191
0,1,0.5708919
0,0,0.13371655
0,0,0.28508216
0,0,0.37819883
0,0,0.47486624
0,0,0.37744597
0,1,0.5081009
0,0,0.17795914
0,0,0.21816418
1,0,0.20493709
0,0,0.43527293
0,0,0.1357884
0,0,0.32550788
0,0,0.15398891
0,0,0.20221858
0,0,0.26044112
1,1,0.6246381
0,0,0.14505696
0,0,0.21782166
0,0,0.16717164
0,0,0.24929129
1,1,0.5990174
0,1,0.508513
0,1,0.5170736
0,0,0.29651034
0,0,0.4782284
0,0,0.15571329
1,0,0.49108213
0,0,0.33885038
0,0,0.13776991
0,0,0.43273064
0,0,0.17368142
0,1,0.57900804
0,0,0.2679656
0,0,0.15391934
0,0,0.15794413
0,0,0.4130973
0,0,0.26205292
0,0,0.15098621
0,0,0.43128434
0,0,0.3728617
0,0,0.41716963
0,0,0.14011157
0,0,0.23136762
0,0,0.15925477
0,0,0.15296616
0,0,0.20300971
0,0,0.17909646
0,0,0.15370429
0,0,0.24331369
0,0,0.31647414
1,1,0.5325681
0,0,0.44040665
0,0,0.13776991
0,0,0.15633422
0,0,0.15329732
0,0,0.46497807
0,0,0.3271803
0,0,0.47597548
0,0,0.18383752
0,0,0.1722094
0,0,0.20040716
0,0,0.48243907
0,0,0.2557039
1,0,0.45464885
1,0,0.15327755
0,1,0.61603147
0,0,0.17612343
0,0,0.2839285
0,0,0.4682715
0,0,0.15633422
0,0,0.16691096
1,1,0.65587884
0,0,0.13521634
0,0,0.3725797
0,0,0.2839285
0,0,0.15320605
0,0,0.4093022
1,0,0.43639317
0,0,0.15190884
0,0,0.2204819
0,0,0.15606539
0,0,0.19827756
0,0,0.46768472
0,0,0.2754535
0,0,0.17453921
0,0,0.29623312
0,0,0.15659001
0,0,0.13960716
0,0,0.24057882
0,0,0.34932178
1,0,0.47761813
0,0,0.33862495
0,0,0.13387601
0,0,0.13828158
0,0,0.14263579
1,0,0.41446745
0,1,0.5892244
0,0,0.1749917
0,0,0.17711842
0,0,0.20458762
0,0,0.21596088
0,0,0.15347312
0,0,0.43639317
0,0,0.4318839
0,0,0.20736101
0,0,0.45918876
0,0,0.36561894
0,0,0.17082958
0,0,0.31602082
1,0,0.39364153
0,0,0.13387601
1,1,0.53415567
0,0,0.17007567
0,0,0.32550788
0,0,0.2649711
0,0,0.22114767
0,0,0.17062557
0,0,0.1532259
0,0,0.32744992
0,0,0.17786199
1,1,0.55288893
0,0,0.37200877
0,0,0.21029375
0,0,0.15930808
0,0,0.15251733
0,0,0.17687099
0,0,0.36798105
0,1,0.5988605
1,0,0.1779263
0,0,0.31182405
0,0,0.47570765
0,1,0.5889631
1,0,0.48613667
0,1,0.558233
1,0,0.44187832
0,0,0.15425007
0,0,0.33207378
0,1,0.5299553
0,0,0.45431292
0,1,0.5291305
0,0,0.20959224
0,0,0.1557311
0,0,0.15681359
0,0,0.2774647
0,1,0.5299847
0,0,0.3713952
0,0,0.46572235
0,1,0.6146756
0,1,0.5243646
0,1,0.51111525
0,0,0.45992434
1,1,0.5857318
0,0,0.34186736
0,0,0.17959836
0,0,0.15136668
1,0,0.49763703
0,0,0.16809735
0,0,0.33047676
0,1,0.5155164
0,0,0.14943808
0,0,0.45765358
0,0,0.15320605
0,0,0.16714086
0,1,0.57821053
0,0,0.15374804
0,0,0.13521634
0,0,0.43493596
1,1,0.59570056
0,0,0.13733988
0,0,0.4141877
0,1,0.5104968
0,1,0.51411027
0,0,0.17283471
0,0,0.1749917
0,0,0.14535324
0,0,0.15320605
1,1,0.6609648
0,0,0.4633301
0,0,0.16717164
0,0,0.23065397
0,0,0.15190884
0,0,0.1749917
0,0,0.29717582
0,0,0.34707654
0,0,0.4926766
0,0,0.14606425
1,0,0.13793343
0,0,0.3725797
0,0,0.221156
0,0,0.46110466
0,1,0.56220144
0,0,0.15659001
0,0,0.2324727
0,0,0.31647414
0,0,0.28196436
0,0,0.3715014
1,0,0.36492458
0,0,0.4739129
0,0,0.17400117
0,0,0.22113693
1,0,0.3388671
0,0,0.18198341
0,0,0.18196732
0,0,0.31412038
0,0,0.2778462
0,0,0.49858543
0,0,0.13864224
0,0,0.3271803
0,0,0.13944197
0,1,0.50634164
0,0,0.42470843
0,0,0.1534661
0,0,0.15729605
0,0,0.351265
0,0,0.16765507
0,0,0.33061948
0,0,0.16821428
0,0,0.14207743
0,0,0.2602563
0,0,0.3140695
0,0,0.27503553
0,0,0.14116007
0,0,0.40315905
0,0,0.16420719
0,0,0.37232184
0,0,0.21698141
0,0,0.40627047
0,0,0.20678057
0,0,0.22056928
0,0,0.34715778
1,1,0.63458186
1,1,0.5771283
0,1,0.5990174
0,0,0.17687099
0,0,0.15516576
0,0,0.3715014
1,1,0.59507936
0,0,0.42872867
0,0,0.14029317
1,0,0.28808957
0,0,0.17041917
0,0,0.15320605
0,0,0.24059466
0,0,0.29914135
0,0,0.3009795
0,0,0.30155897
0,0,0.15222844
0,0,0.14325237
0,0,0.16821428
0,0,0.3271803
0,0,0.13371655
0,0,0.15794253
0,1,0.51093185
0,0,0.22936694
0,0,0.23752466
0,0,0.14729854
0,0,0.29914135
0,0,0.45654207
0,0,0.43128434
0,1,0.50706035
0,0,0.28649676
0,0,0.25085697
0,0,0.43511003
0,1,0.5098473
0,0,0.15571007
0,0,0.25093234
1,0,0.30397072
0,0,0.4148881
0,0,0.28350273
0,0,0.47942638
0,0,0.13371655
0,0,0.3488025
0,0,0.13994588
0,0,0.1485933
0,0,0.15319254
0,0,0.1537525
0,0,0.17664519
0,0,0.16361775
0,1,0.5256502
0,0,0.13387601
0,0,0.3649832
0,0,0.18262471
1,0,0.46857375
1,0,0.21011464
0,0,0.48909608
1,1,0.59364647
0,0,0.15297061
0,1,0.55026275
0,1,0.5274499
0,0,0.15329732
0,1,0.58404136
0,0,0.15063229
0,0,0.18098028
0,0,0.25910908
0,0,0.30142584
0,0,0.1745312
0,0,0.14316402
0,0,0.14552425
0,0,0.31227386
0,0,0.13601595
0,0,0.16655618
0,0,0.32818913
0,0,0.16740184
0,0,0.43639317
0,0,0.13776991
0,0,0.1574319
1,0,0.22412731
0,1,0.5205888
0,0,0.16630426
0,0,0.37296808
0,0,0.3734188
0,0,0.32550788
1,1,0.52621156
0,0,0.43892252
0,1,0.5160819
0,0,0.13371655
0,0,0.13371655
0,0,0.36561894
0,0,0.15524308
0,0,0.32550788
0,0,0.37308764
1,0,0.15826724
0,0,0.15771909
0,0,0.16996412
0,0,0.15221623
1,0,0.49158552
0,1,0.5256023
0,0,0.14316402
0,0,0.16655618
0,0,0.42530566
0,0,0.47427857
0,0,0.16010892
0,0,0.4337934
0,0,0.18196732
0,0,0.15220644
0,0,0.16121252
1,0,0.47801808
0,0,0.3027052
0,0,0.25583383
0,0,0.13404918
0,0,0.1732316
0,0,0.42470843
0,0,0.14077355
1,0,0.36798105
0,1,0.52788645
0,0,0.15539299
0,0,0.16545019
0,0,0.30527055
0,0,0.20215997
0,0,0.13521574
0,0,0.36798105
0,0,0.15208118
0,0,0.3187412
0,0,0.2806961
0,0,0.18262471
0,0,0.33173054
0,0,0.47440347
0,0,0.34822565
1,0,0.21841101
0,0,0.22286674
0,0,0.3684916
1,0,0.43639317
0,0,0.15320605
0,0,0.17704359
0,0,0.34707654
0,0,0.40528083
0,0,0.14077355
0,0,0.41273987
0,0,0.36798105
1,0,0.45533848
0,0,0.23933479
1,1,0.5482881
0,0,0.15251733
1,0,0.39430547
0,0,0.28363085
0,1,0.55552673
0,1,0.53614914
0,1,0.5975277
0,0,0.20636617
0,0,0.27716255
0,1,0.50857496
0,0,0.15251733
0,0,0.25105074
0,0,0.2966406
0,0,0.17514534
0,0,0.3134545
0,0,0.15340701
0,0,0.20088029
0,1,0.52712476
0,0,0.35481834
0,0,0.46781808
0,1,0.61845285
0,0,0.15329732
0,1,0.5055974
0,0,0.20483324
0,0,0.2171226
0,0,0.367027
0,0,0.21919213
0,0,0.3724602
0,0,0.4522976
0,0,0.23623802
0,0,0.16607529
0,0,0.13799985
0,0,0.37403977
0,1,0.59703785
0,0,0.13387601
0,0,0.2279823
0,0,0.1403984
0,0,0.13387601
1,1,0.5969924
0,0,0.3380785
0,0,0.15886447
0,0,0.15391934
0,0,0.351265
0,0,0.16765507
0,0,0.25786698
0,0,0.25477037
0,0,0.20554857
0,0,0.14336596
0,0,0.2290548
0,0,0.31602082
0,0,0.18294455
0,1,0.5577511
0,0,0.17269674
0,0,0.15351191
0,0,0.29914135
0,0,0.28177053
0,0,0.17721862
0,0,0.15604901
0,0,0.2139033
0,0,0.1673938
0,1,0.5854666
0,1,0.61681026
0,0,0.24597369
0,0,0.43897814
0,0,0.4745523
0,0,0.17365769
0,0,0.1721057
0,0,0.33274853
0,0,0.2754535
0,0,0.30314764
0,1,0.60068905
0,0,0.44266602
0,0,0.21845451
1,0,0.45634472
0,0,0.21852809
0,0,0.20985074
0,0,0.13617772
0,0,0.2774647
0,0,0.38347834
0,0,0.26074803
0,0,0.299788
0,0,0.17182969
0,0,0.2151182
0,0,0.14316402
0,0,0.15391934
0,0,0.43665722
0,0,0.23087026
0,0,0.17872086
0,0,0.1808724
0,0,0.32818913
0,0,0.3488025
0,0,0.3107187
0,0,0.15544409
0,0,0.1368188
0,0,0.20098776
0,0,0.1364425
0,0,0.1347473
0,0,0.2810424
0,0,0.23698686
0,0,0.15963894
0,0,0.20757633
0,1,0.50081414
0,0,0.24431038
0,0,0.1521307
0,0,0.17643893
0,0,0.15296616
0,0,0.27682763
0,0,0.46745402
0,0,0.23028237
0,0,0.3724602
0,0,0.20354502
0,0,0.45883596
0,0,0.43639317
1,0,0.41089523
1,1,0.6184957
0,0,0.42530566
0,0,0.23681225
0,0,0.15319254
0,0,0.13793343
0,0,0.23771693
0,0,0.48117828
0,0,0.46969464
1,0,0.4706043
0,0,0.46517
0,0,0.15329732
0,0,0.16765507
0,0,0.19652127
0,0,0.4415107
0,0,0.25154024
0,0,0.3531898
0,0,0.25211686
0,1,0.5307504
0,0,0.15710476
0,0,0.2231187
0,0,0.15329732
0,0,0.34932178
1,0,0.30274597
0,0,0.17627431
0,0,0.47488803
0,0,0.17659658
0,0,0.41811252
0,0,0.13793343
0,1,0.51128316
0,1,0.55990887
0,0,0.34120238
0,0,0.17040525
0,1,0.51674443
1,0,0.48125336
0,0,0.22219051
0,0,0.17782657
0,0,0.25993955
0,0,0.15320605
0,0,0.22367598
0,0,0.43511003
1,0,0.27503553
0,0,0.17671828
0,0,0.34932178
0,0,0.22253662
0,0,0.27906212
0,1,0.5788615
0,0,0.37529254
0,0,0.22440776
0,0,0.17470725
0,0,0.27465644
0,0,0.16823412
0,0,0.1685162
0,0,0.42530566
0,1,0.52995515
0,0,0.2783033
0,0,0.39364153
0,0,0.13387601
0,0,0.4046101
0,0,0.4153082
0,0,0.15329732
0,1,0.5959999
0,0,0.30618978
0,0,0.1435871
0,1,0.6282322
0,0,0.15329732
0,0,0.1785498
0,0,0.16849475
0,0,0.16740184
0,0,0.3684864
0,1,0.561001
0,0,0.2976525
0,0,0.2826842
0,0,0.15251733
0,1,0.58161473
0,0,0.1452839
0,0,0.17853338
0,0,0.3713952
0,0,0.20751746
0,0,0.15391934
0,0,0.13387601
0,0,0.2570974
0,1,0.53277516
0,0,0.15606539
0,0,0.2778462
0,0,0.17437798
1,1,0.5988605
0,0,0.47703022
0,0,0.33862495
0,0,0.43787155
0,0,0.33274853
0,0,0.32818913
0,0,0.1683691
0,0,0.29918185
0,0,0.15708347
0,0,0.16087902
1,1,0.51602083
0,0,0.45796764
0,0,0.16883527
0,0,0.17378075
0,0,0.48319894
0,1,0.59829426
0,1,0.5102333
0,0,0.3406038
0,0,0.48846108
0,1,0.5292691
1,0,0.17527686
1,0,0.42530566
1,0,0.33027378
0,0,0.15390366
0,0,0.15561672
1,0,0.30780604
0,0,0.17656519
0,0,0.17070255
0,0,0.2996873
0,1,0.6617254
0,0,0.15703502
0,1,0.5990174
0,0,0.23265566
0,0,0.14359881
0,0,0.23173998
0,0,0.15019283
0,0,0.17363682
0,0,0.22181475
0,0,0.17447901
0,0,0.16519162
1,0,0.23250765
1,0,0.47807544
0,0,0.14310533
0,0,0.13601595
0,0,0.15659001
0,0,0.21447957
1,1,0.6288921
0,0,0.13601595
0,0,0.30735955
0,0,0.32818913
0,0,0.30253148
0,0,0.15643026
1,0,0.17903085
0,0,0.15659001
0,0,0.16630426
1,0,0.36882117
0,0,0.351265
1,1,0.5364305
1,0,0.33599463
0,0,0.27206752
0,1,0.5988605
0,0,0.16555831
0,0,0.31145555
0,1,0.52917176
0,0,0.27870673
1,1,0.5776208
0,0,0.13387601
1,1,0.5988175
0,0,0.43639317
0,0,0.32550788
0,1,0.5013999
0,0,0.16717164
0,0,0.21729635
0,1,0.53397745
0,0,0.22098075
0,1,0.55084586
0,0,0.13960716
1,1,0.6410676
0,0,0.24445961
0,0,0.15329732
0,0,0.2778462
0,0,0.1683691
0,0,0.15098621
0,0,0.2242279
0,0,0.16420719
0,0,0.15464067
0,0,0.3775451
0,0,0.27799937
0,0,0.2505623
0,0,0.2782668
0,1,0.58718646
0,0,0.15887365
0,0,0.19088317
0,1,0.5013999
0,0,0.3524696
0,0,0.2966406
0,0,0.18281208
0,0,0.20383969
0,0,0.4415107
0,0,0.44833183
0,0,0.48033166
0,0,0.15802066
0,0,0.31299487
1,0,0.24484679
0,0,0.15251733
0,0,0.37014773
0,0,0.18540116
0,0,0.16641572
0,0,0.32633084
0,0,0.3724602
0,0,0.13637161
1,1,0.5206856
0,0,0.2783033
0,0,0.24370903
0,0,0.15606539
0,0,0.20876715
1,0,0.44474286
0,0,0.37694684
0,0,0.45543885
0,0,0.2995808
0,0,0.14316402
0,0,0.15633422
0,0,0.17124939
0,0,0.26288757
0,1,0.5266543
1,1,0.50106007
0,1,0.59626806
0,0,0.33022985
0,0,0.29918185
0,0,0.38436437
0,0,0.46415123
0,0,0.15854406
1,1,0.55247414
0,0,0.20967059
0,0,0.3649832
0,0,0.4357922
0,0,0.18242285
0,1,0.509553
0,0,0.16691096
0,0,0.3724602
0,0,0.1782764
0,0,0.16917884
0,0,0.15498056
0,0,0.1381636
0,0,0.13756476
0,0,0.43588006
0,0,0.25349873
0,0,0.1614808
0,0,0.4420926
0,0,0.47537473
0,1,0.5839718
0,0,0.24536298
0,0,0.16740184
0,0,0.17160755
0,1,0.51599
0,0,0.13371655
0,0,0.3684864
0,1,0.56947523
0,0,0.16744341
0,1,0.6587853
0,0,0.41250494
0,0,0.15144075
0,0,0.4141877
0,0,0.17160562
0,0,0.17160562
0,0,0.14011157
0,0,0.17160562
0,0,0.16508
0,0,0.13665639
1,0,0.38977295
0,0,0.23333152
0,0,0.34932178
0,0,0.22345184
0,0,0.13371655
0,0,0.33437237
0,0,0.2990474
0,0,0.28074723
0,0,0.21057864
0,0,0.13387601
0,0,0.3649832
0,0,0.33862495
0,0,0.24293905
0,0,0.4702222
0,0,0.1537525
0,1,0.5294914
0,0,0.15351191
0,0,0.31227386
0,0,0.43639317
0,0,0.27620378
0,0,0.14293668
0,0,0.24972996
0,0,0.13594994
0,0,0.22011612
0,0,0.15275663
0,0,0.37397042
0,0,0.28154036
0,0,0.43533877
1,1,0.53277516
0,0,0.13776991
0,0,0.315471
0,0,0.27957022
0,0,0.13776991
0,0,0.17368142
0,0,0.14263579
0,0,0.26254684
0,0,0.21565299
0,0,0.4357922
0,0,0.15320605
1,1,0.5250522
0,1,0.546608
0,0,0.31182405
0,0,0.13457337
0,0,0.45781118
1,1,0.5540452
1,0,0.31599873
0,1,0.654659
0,0,0.2148584
1,1,0.5301125
0,0,0.13387601
0,0,0.32176632
0,0,0.31647414
1,0,0.28251076
0,0,0.15593967
0,0,0.15374804
0,0,0.36403245
1,1,0.5142797
0,0,0.16519162
1,1,0.50778013
0,1,0.6326749
0,0,0.13750297
0,0,0.224124
0,0,0.15251733
0,1,0.5561086
0,1,0.5138447
0,0,0.47537473
0,0,0.15740164
0,0,0.15273103
0,0,0.45568883
0,0,0.15390366
0,0,0.25224578
0,0,0.14336596
0,1,0.6592895
0,0,0.27371907
0,0,0.15275663
0,0,0.16436285
0,0,0.44659704
0,0,0.3271803
1,0,0.47860613
0,0,0.3104475
0,0,0.31756607
0,0,0.4768218
0,0,0.2561029
0,0,0.17664614
0,0,0.25981292
0,0,0.16443332
1,1,0.5980943
0,0,0.1537525
1,0,0.3636024
0,0,0.13994588
0,0,0.45752794
0,0,0.23071682
0,1,0.51591223
1,1,0.5873952
0,0,0.15320605
0,0,0.15441735
1,1,0.5368784
0,1,0.6645754
0,0,0.23173998
0,1,0.5121125
0,0,0.35688016
0,0,0.43753132
0,0,0.24985442
0,0,0.21987723
0,1,0.5699912
0,0,0.37829632
0,0,0.16714086
0,0,0.2995808
0,0,0.1785498
0,0,0.20702828
0,1,0.50341463
0,0,0.28037605
0,0,0.15398891
1,0,0.33828673
1,1,0.66056466
0,0,0.15210164
1,1,0.5574975
0,0,0.48586848
0,0,0.16936165
0,0,0.2173275
1,1,0.6609648
0,0,0.47570765
0,0,0.22397664
0,0,0.42933685
0,0,0.4837972
0,0,0.23667905
0,0,0.14094006
0,0,0.15788135
0,0,0.16765507
0,0,0.37226728
0,0,0.2995808
0,0,0.17694679
0,0,0.14006005
0,0,0.13776991
0,0,0.36798105
0,0,0.367027
0,0,0.41978243
0,0,0.4610439
0,0,0.15121
0,1,0.5561086
0,1,0.580745
0,0,0.13776991
0,0,0.14221072
0,0,0.15297061
0,0,0.26339227
0,0,0.37296808
0,0,0.40990216
0,0,0.45815974
0,0,0.13387601
1,0,0.24670345
0,0,0.17426941
0,0,0.17662984
0,0,0.22702323
0,0,0.20704879
0,1,0.50515926
0,0,0.32818913
0,1,0.58811617
0,1,0.5192166
1,0,0.3271803
0,0,0.13505553
0,0,0.15840563
1,0,0.15441735
0,0,0.2528222
0,1,0.52653736
0,0,0.30740094
0,0,0.4845088
0,0,0.1771761
0,0,0.18023053
0,0,0.1419098
1,0,0.29712805
0,0,0.22056928
0,0,0.13457337
0,0,0.1734139
0,0,0.34932178
0,0,0.2182294
0,0,0.1734139
0,0,0.24936709
0,0,0.13473369
0,0,0.14094006
0,0,0.40887693
0,0,0.15268628
0,0,0.14552425
0,0,0.43511003
0,0,0.2782668
1,1,0.58484066
0,0,0.20722339
0,0,0.14549845
0,1,0.55247414
0,1,0.5276575
1,0,0.3649832
0,0,0.367027
0,0,0.17687099
0,0,0.13536377
1,1,0.5392487
0,0,0.21492612
0,0,0.16909027
0,0,0.17694679
0,0,0.1452839
0,0,0.19430828
0,0,0.13371655
0,0,0.16908638
0,1,0.5978047
0,0,0.2582412
0,0,0.15786526
0,0,0.29821017
0,0,0.3584235
0,0,0.1347473
1,0,0.3384713
0,0,0.28219867
0,1,0.52653736
0,1,0.5384206
0,0,0.16823412
1,1,0.51856625
0,0,0.13426013
0,0,0.20824905
0,1,0.5218352
1,0,0.34822565
1,1,0.5873952
0,0,0.47668612
0,0,0.15251733
0,0,0.13387601
0,0,0.24805324
0,0,0.21844374
0,0,0.17751381
0,0,0.30289117
0,0,0.15174936
0,1,0.595712
0,0,0.31647414
0,0,0.24748398
0,0,0.45632306
0,0,0.15862244
0,0,0.15275663
0,0,0.17453921
0,1,0.51919943
0,0,0.42530566
0,0,0.35311672
0,0,0.14504229
0,0,0.17320731
0,0,0.4139023
0,0,0.13793343
0,0,0.22078426
0,0,0.36798105
0,0,0.17453921
0,0,0.17239775
0,0,0.34822565
0,0,0.47932535
0,0,0.32818913
0,0,0.2773749
0,0,0.13371655
1,1,0.52653736
0,0,0.43639317
0,0,0.2778462
0,0,0.15190884
0,0,0.180214
1,1,0.5970572
0,1,0.52653736
0,0,0.25638735
0,0,0.15144075
0,0,0.17849573
0,1,0.5248065
1,1,0.53985935
0,0,0.17365769
0,0,0.43036035
0,0,0.21488456
1,1,0.583199
1,1,0.5160819
0,0,0.15529919
0,0,0.18218057
0,0,0.3167794
0,0,0.14858618
0,0,0.47560668
0,0,0.4318839
0,0,0.22106662
0,0,0.27578512
0,0,0.4420113
0,0,0.48589477
0,0,0.21782166
0,0,0.21729635
0,1,0.5651154
0,0,0.16607529
0,1,0.533395
1,0,0.330483
0,0,0.15290906
0,0,0.15774094
0,0,0.2059261
0,0,0.13388954
0,0,0.17470725
0,0,0.15351191
0,0,0.21818063
0,0,0.18987973
0,0,0.19229302
0,1,0.54428184
0,0,0.46774635
0,0,0.30735955
1,0,0.34932178
0,0,0.2532561
1,0,0.34707654
0,0,0.4477838
1,1,0.66056466
0,0,0.13371655
0,0,0.15176123
0,0,0.28298637
0,1,0.5237053
0,0,0.15990785
0,0,0.296689
0,0,0.15761036
0,0,0.37725198
0,0,0.15285218
0,0,0.3197981
0,0,0.15130627
1,0,0.3407466
0,1,0.58820486
0,0,0.17119613
0,0,0.15251733
0,0,0.15713024
0,0,0.1665935
0,0,0.17331646
0,0,0.25451145
1,0,0.43639317
0,0,0.16915897
0,0,0.22354004
0,0,0.1534661
0,0,0.13371655
0,0,0.20634349
0,0,0.37529254
1,0,0.27232647
0,0,0.13371655
0,0,0.24532254
0,0,0.1377281
0,0,0.42813018
0,0,0.15829329
0,0,0.15794253
0,0,0.16696578
0,0,0.40627047
0,0,0.20325767
0,0,0.17788687
1,0,0.46445438
0,0,0.16960527
0,0,0.25153267
0,0,0.15340701
0,0,0.21801972
0,0,0.18098028
0,0,0.258326
0,0,0.32550788
0,0,0.44262806
0,0,0.25372255
0,0,0.43704462
0,0,0.3549665
1,0,0.45730543
0,0,0.16899495
0,0,0.1683691
0,0,0.15823622
0,0,0.24332303
0,0,0.2995808
0,1,0.51705116
0,0,0.28196436
0,0,0.4633301
0,0,0.32509664
0,0,0.3724602
0,0,0.1476348
0,0,0.16715077
0,0,0.13387601
0,0,0.2701146
0,1,0.55084586
0,0,0.28377584
0,0,0.2610371
0,0,0.3271803
0,0,0.3780991
1,0,0.22872739
0,0,0.28204128
0,0,0.46899125
0,0,0.13392706
0,1,0.51345825
0,0,0.4318839
0,0,0.30270708
0,0,0.15290906
0,0,0.37296808
0,0,0.13404918
1,1,0.5981713
0,0,0.13637161
0,0,0.14782621
0,0,0.36403245
0,1,0.51490164
0,0,0.1673938
0,0,0.4327587
1,0,0.44933903
0,0,0.4762955
0,0,0.22114767
0,0,0.15488233
0,0,0.28382877
0,0,0.2774647
0,0,0.16691096
0,0,0.17199506
0,0,0.1673938
0,0,0.17514113
1,0,0.36798105
0,0,0.15632083
0,0,0.15320605
0,1,0.51113707
0,1,0.5793971
0,0,0.17035148
0,0,0.34923705
0,0,0.17259765
0,0,0.15251733
0,0,0.16742364
0,0,0.13799985
0,0,0.23225923
0,1,0.5419331
0,0,0.14023241
0,0,0.2006495
0,0,0.24195339
0,0,0.43134955
0,0,0.14555441
0,0,0.13653375
0,0,0.36753187
0,0,0.47547567
0,0,0.16545019
0,0,0.2529519
0,0,0.13371655
0,0,0.27301583
0,0,0.49591818
0,0,0.166973
0,0,0.16960527
0,1,0.59958327
1,1,0.64560926
1,0,0.24936709
0,0,0.3008499
0,0,0.32179102
0,0,0.17368142
0,0,0.33772373
0,0,0.1673938
0,0,0.20315236
0,0,0.28383216
0,0,0.17952119
0,0,0.16495444
0,0,0.13387601
0,0,0.14961933
0,0,0.41029486
0,0,0.14124398
0,0,0.1534661
0,0,0.17307134
0,1,0.522252
0,0,0.16607529
0,0,0.15273103
0,0,0.1683691
0,0,0.17514113
1,0,0.43704462
0,0,0.36991996
0,0,0.43036035
0,0,0.4350038
0,0,0.15329732
0,1,0.5160021
0,0,0.1670756
0,0,0.15297061
0,0,0.37819883
0,0,0.43639317
0,0,0.13960716
0,0,0.17557275
0,0,0.15390366
0,0,0.4357922
0,0,0.32550788
0,0,0.1673938
0,0,0.1537525
0,0,0.29860836
0,0,0.37235388
0,0,0.43658742
0,0,0.3724602
0,0,0.23978199
0,0,0.27788267
0,0,0.26008058
0,0,0.1476348
0,0,0.3724602
0,0,0.25913236
0,0,0.29607993
0,0,0.26329517
1,1,0.6581434
0,0,0.16775784
0,0,0.1377281
1,0,0.34932178
1,1,0.5795994
1,0,0.22098075
0,0,0.15963894
0,0,0.17522377
0,0,0.2444823
0,0,0.16303463
0,0,0.1525651
0,0,0.21857241
0,0,0.42071936
0,0,0.2600749
0,0,0.43285978
0,0,0.28385863
0,0,0.21284796
0,0,0.17694679
1,0,0.460685
0,0,0.34629205
0,1,0.5078507
0,0,0.2792563
0,0,0.14316402
0,1,0.52259326
0,0,0.29918185
0,0,0.15517351
0,1,0.51845896
0,0,0.17365769
0,0,0.4722391
0,0,0.3715014
1,0,0.26036707
0,0,0.30018744
0,0,0.21074495
0,0,0.24057023
0,0,0.4323609
0,0,0.1581392
0,0,0.1435871
0,1,0.56180453
0,0,0.15994588
0,0,0.15461199
0,0,0.28027326
0,0,0.20935644
0,0,0.32818913
0,0,0.14505696
0,0,0.1557311
0,0,0.15275663
0,0,0.4350038
0,0,0.1755685
0,0,0.1349078
0,0,0.36335322
0,1,0.52216053
0,0,0.42956495
0,0,0.3474766
0,0,0.13776991
0,0,0.153643
0,0,0.22023
0,0,0.42470843
0,0,0.34877217
0,0,0.28350273
0,0,0.13828158
0,0,0.30098483
1,1,0.5990174
0,0,0.21376462
1,1,0.5934157
0,0,0.17437798
0,0,0.15166204
0,0,0.34465742
1,1,0.5784825
0,0,0.21403258
1,1,0.576349
0,0,0.21924269
0,0,0.46533778
0,0,0.32031032
0,0,0.2520541
0,0,0.15732592
0,0,0.25099546
0,0,0.32818913
0,0,0.17307134
0,0,0.1627618
0,0,0.27260014
0,0,0.1570767
0,0,0.29075068
0,0,0.13387601
0,0,0.22213589
0,0,0.34932178
0,0,0.3027052
0,0,0.4950335
0,0,0.3494669
1,1,0.5299121
0,0,0.15377446
0,0,0.24222443
0,0,0.37580198
0,0,0.15425007
0,0,0.28363085
0,0,0.1673938
0,0,0.21361269
0,0,0.43285978
0,0,0.23164406
0,0,0.22028328
0,0,0.1732316
1,0,0.3775451
0,0,0.1547837
1,0,0.47053424
0,0,0.20816371
0,0,0.14639167
0,0,0.13371655
0,0,0.15251733
0,0,0.1535608
0,0,0.4603315
0,1,0.5170736
0,0,0.18241364
0,0,0.15320605
0,0,0.13387601
0,0,0.43802062
0,0,0.1521307
1,1,0.6095709
0,0,0.4058861
0,0,0.2995808
0,0,0.13776991
0,1,0.5786321
0,0,0.3724602
0,0,0.18058418
0,0,0.35135072
0,0,0.1782764
1,0,0.46888
0,0,0.17415549
0,0,0.4716518
0,1,0.65969026
0,0,0.28430519
0,0,0.40627047
0,0,0.16950092
1,0,0.36914462
0,0,0.179222
0,0,0.2568924
0,0,0.38347834
1,0,0.35311672
0,0,0.14094006
0,0,0.26072863
0,0,0.16408275
0,0,0.28999963
0,0,0.2000026
0,0,0.21550278
0,0,0.27304238
0,0,0.13371655
0,1,0.5364157
0,0,0.15390366
0,0,0.27788496
0,0,0.22803994
0,0,0.20406707
0,0,0.23951513
0,0,0.27634493
0,0,0.25180417
0,0,0.3542424
0,0,0.13387601
0,0,0.48360062
0,0,0.32245246
0,0,0.1557311
0,0,0.15030344
0,0,0.16666903
0,0,0.32818913
0,0,0.49174505
0,0,0.31182405
0,0,0.1550613
0,0,0.15708347
0,0,0.17383415
0,0,0.24134368
0,0,0.1347473
0,0,0.2173275
0,0,0.43787155
0,0,0.17307383
0,0,0.16617826
0,0,0.15320605
0,0,0.36403245
0,0,0.16691096
0,0,0.22733596
0,0,0.32509664
0,1,0.5381985
0,0,0.17368142
1,0,0.15956014
0,1,0.5980943
0,0,0.27507403
0,1,0.5951249
0,0,0.19088317
0,0,0.33047676
0,0,0.16436285
0,0,0.22181475
0,0,0.1779263
0,0,0.2962036
0,0,0.23689319
0,1,0.51664966
0,0,0.4331651
0,0,0.13617772
0,0,0.42849794
0,0,0.18023053
0,0,0.22286822
0,0,0.21149135
0,0,0.4318839
0,0,0.13387601
1,1,0.5779185
0,0,0.15862244
0,0,0.36798105
0,1,0.5350813
0,0,0.29388145
0,0,0.42470843
0,0,0.31067878
0,0,0.13793343
1,1,0.6158631
0,0,0.4768218
0,0,0.2453556
0,0,0.17084858
0,0,0.44208473
0,0,0.2614423
0,0,0.17987387
0,1,0.57395977
0,0,0.41382262
0,0,0.2345827
0,0,0.44060415
0,0,0.21253638
0,0,0.17307134
0,0,0.49669197
0,0,0.3287813
0,1,0.5226993
0,1,0.5024199
0,0,0.32968593
0,0,0.25470218
0,0,0.31412038
0,1,0.5169649
0,0,0.13834368
0,0,0.15251733
0,0,0.16740184
1,0,0.40347233
0,0,0.15340701
0,0,0.1673938
0,0,0.15895733
0,0,0.1401273
0,0,0.34707654
0,0,0.15370429
0,0,0.27788496
0,1,0.55582887
0,0,0.15268628
0,0,0.19469509
0,0,0.13387601
0,1,0.53415567
0,0,0.2654276
0,0,0.14077355
0,0,0.4651392
0,0,0.15425007
0,0,0.16765507
0,0,0.23125911
0,0,0.16436285
1,1,0.65565556
1,0,0.4350038
0,0,0.39420417
0,0,0.29918185
0,0,0.30361032
1,1,0.64081097
1,0,0.48344076
1,0,0.38595426
0,0,0.16977394
1,0,0.15768655
0,0,0.37071648
0,0,0.1732316
0,0,0.3542424
0,0,0.15390366
0,1,0.50621194
0,0,0.4532265
0,0,0.17182896
0,0,0.1452839
0,1,0.5835474
0,0,0.13601595
0,0,0.47012997
0,0,0.3626349
0,0,0.15398891
0,0,0.22310787
0,0,0.4691077
0,0,0.15856038
0,0,0.2819532
0,0,0.1401273
0,1,0.5195379
0,0,0.4318839
1,1,0.6114742
0,0,0.1357884
0,0,0.1697931
0,0,0.13937497
0,0,0.15063229
0,0,0.47274733
0,0,0.22114767
0,0,0.13371655
0,0,0.4074473
1,1,0.5990174
0,0,0.1625982
0,0,0.14141095
0,0,0.16469054
0,0,0.29874274
0,0,0.43639317
0,0,0.34932178
1,1,0.53937817
0,0,0.3266213
0,0,0.34932178
0,0,0.43335873
0,0,0.2557039
0,0,0.34297144
0,0,0.14760427
0,1,0.5976743
0,0,0.13387601
0,1,0.5990174
1,1,0.5988605
0,1,0.5364157
0,0,0.30145752
0,0,0.15762506
0,0,0.13387601
0,0,0.33986148
1,1,0.52720654
0,0,0.32858828
0,0,0.15606539
0,0,0.24356487
0,0,0.4147808
0,0,0.15569994
0,0,0.14403494
0,0,0.15390366
1,1,0.55621773
1,1,0.6581434
1,0,0.367027
0,0,0.29043123
0,1,0.5325681
0,0,0.15632083
0,0,0.13371655
0,0,0.17756763
0,0,0.15190884
0,0,0.37529254
0,0,0.30486733
0,0,0.15852721
1,1,0.57771766
0,0,0.3442372
1,0,0.48747647
0,1,0.51845896
0,0,0.13408673
0,0,0.1682357
0,0,0.2761919
0,0,0.16508144
0,0,0.2778462
0,0,0.15373673
0,0,0.2581969
1,0,0.4950335
0,0,0.20696342
0,0,0.2778462
0,0,0.14316402
0,0,0.49966654
0,1,0.6613257
0,0,0.21060699
0,0,0.13536377
0,0,0.1547429
0,0,0.376482
0,0,0.1381636
0,0,0.3662239
0,1,0.52742475
0,0,0.18360111
0,0,0.36798105
0,0,0.45999417
0,0,0.4357922
0,0,0.49795112
0,0,0.15320605
0,0,0.2754535
0,0,0.1749917
0,0,0.32509664
1,1,0.58167106
0,0,0.2772806
0,1,0.52478397
0,0,0.4825645
1,1,0.5490428
0,0,0.49564445
1,1,0.5427855
0,0,0.20768236
0,0,0.42470843
1,0,0.2955011
0,0,0.17659874
0,0,0.25814375
0,0,0.42688712
0,0,0.17365769
0,0,0.15268628
0,0,0.33010638
0,0,0.38272947
0,0,0.16823412
0,0,0.15425007
0,1,0.54093367
0,1,0.5103482
0,1,0.59958327
0,0,0.1724696
0,0,0.1583375
0,1,0.5990174
0,0,0.3198513
0,0,0.16445392
0,0,0.23420888
0,0,0.17307134
0,1,0.6382097
0,0,0.27775627
0,0,0.1763596
1,1,0.63838464
0,0,0.15251733
0,0,0.15742847
0,0,0.15633422
1,0,0.45646226
0,0,0.20501141
0,0,0.36561894
0,1,0.55087125
0,0,0.32776308
0,0,0.3495843
0,1,0.5174014
0,0,0.13793343
0,0,0.15215907
0,0,0.2774647
0,0,0.17365769
0,0,0.13776991
0,0,0.17532612
0,0,0.27304238
0,0,0.35311672
0,0,0.16396788
0,1,0.5988175
0,0,0.2574776
0,0,0.25904635
0,0,0.21505612
0,0,0.4729694
0,0,0.17557795
0,0,0.4086294
0,0,0.15827109
0,0,0.41980183
0,0,0.15297061
0,0,0.23682113
0,0,0.24125494
0,0,0.15319254
0,0,0.1820499
1,1,0.584898
0,0,0.16742364
1,0,0.39420417
0,0,0.14129008
0,0,0.13457337
0,0,0.34707654
0,0,0.34688288
0,0,0.14517577
0,0,0.42933685
0,0,0.4372701
0,0,0.14094006
0,1,0.65214086
0,1,0.5436436
0,0,0.47154254
0,0,0.40715507
0,0,0.27788496
0,0,0.15273103
1,0,0.13960716
0,0,0.32475355
0,0,0.13388954
0,0,0.15286152
0,0,0.2995808
0,0,0.4920402
0,0,0.13521574
1,0,0.43753132
0,0,0.19209091
0,0,0.15329732
0,0,0.15525888
0,0,0.46791747
1,1,0.5974743
1,1,0.6214979
0,1,0.64809597
0,0,0.43639317
0,0,0.19629002
0,0,0.15204771
0,0,0.15584418
0,0,0.34932178
0,0,0.3479955
0,0,0.3715014
0,0,0.15320605
0,0,0.16824482
0,0,0.17144305
0,0,0.14094006
0,0,0.2050619
0,0,0.15840563
0,0,0.20713213
0,1,0.5178706
0,0,0.21141566
0,0,0.22197914
0,1,0.53180194
0,0,0.16947562
0,0,0.30695477
0,0,0.15268628
0,0,0.26266265
0,0,0.1368188
1,1,0.50940484
0,0,0.14758493
0,0,0.15320605
0,0,0.17269161
0,0,0.14094006
0,0,0.16726844
0,0,0.43036035
0,0,0.16869634
0,0,0.13387601
1,1,0.5975277
0,0,0.33511287
0,0,0.13371655
0,0,0.13588549
0,0,0.4327587
0,0,0.2574662
0,0,0.23889607
0,1,0.58474624
0,0,0.16897745
0,0,0.1711129
0,0,0.28026602
0,1,0.6622499
0,0,0.34932178
0,0,0.22350241
0,1,0.62520856
0,0,0.13601595
0,0,0.28196436
0,0,0.14961933
0,0,0.16717164
0,0,0.16444351
0,0,0.1357884
0,0,0.13387601
0,0,0.20387347
0,0,0.16655618
1,0,0.4764782
0,0,0.2773749
0,0,0.17567219
0,0,0.13776991
0,0,0.13371655
1,0,0.30142584
0,0,0.14757465
0,0,0.15398891
0,0,0.1729634
0,0,0.17064606
1,0,0.4119023
0,0,0.28311652
0,0,0.1673938
0,0,0.16740184
0,0,0.16350845
1,0,0.3775451
0,0,0.46745756
0,0,0.25065678
0,0,0.38595426
0,0,0.30016676
0,0,0.14607668
0,0,0.1673938
0,0,0.23761775
0,0,0.14561486
0,1,0.6088185
0,0,0.14568448
0,0,0.43446273
0,1,0.59829426
0,0,0.15629831
0,0,0.3724602
0,0,0.1534661
0,1,0.5366932
0,0,0.47860613
0,1,0.5313368
0,0,0.15166204
0,0,0.16436285
0,0,0.2532561
0,0,0.15544534
0,0,0.17453921
0,0,0.14435345
0,1,0.5974743
0,0,0.37446928
0,0,0.15568879
0,1,0.51894957
0,0,0.23109256
0,0,0.1594091
0,0,0.15869804
0,0,0.1581392
0,0,0.1729634
0,0,0.21621582
0,0,0.13371655
0,0,0.2782668
0,0,0.48145068
1,1,0.55763906
0,0,0.15320605
0,0,0.13745707
0,0,0.22354004
0,0,0.34023696
1,0,0.46695182
0,0,0.19713475
0,1,0.52653736
0,0,0.14858618
0,0,0.21287131
0,0,0.20187257
0,1,0.5311245
0,0,0.46975487
0,0,0.22646095
0,0,0.36235687
0,0,0.15659001
0,0,0.1499989
0,0,0.34518254
0,0,0.20483059
0,0,0.34932178
0,0,0.14077355
0,0,0.2818345
0,0,0.15793402
1,0,0.47713196
0,1,0.59958327
0,0,0.34932178
0,0,0.29810724
0,0,0.41913107
0,0,0.31412038
0,0,0.28482488
0,0,0.29874274
1,1,0.52467346
0,0,0.20912455
0,0,0.14094006
0,0,0.13371655
1,0,0.44754556
0,1,0.5058062
0,0,0.15331517
0,0,0.22119603
0,0,0.1581392
0,0,0.4327587
1,0,0.34665203
0,0,0.2755856
0,0,0.15351191
0,0,0.17876586
0,0,0.13793343
0,0,0.23557843
0,0,0.17399007
0,0,0.2782668
0,0,0.32818913
0,0,0.41924697
0,0,0.20917661
0,0,0.16361775
0,0,0.13457337
0,0,0.47048107
0,0,0.13776991
0,0,0.270741
0,1,0.5178706
0,0,0.36561894
0,0,0.13387601
1,0,0.4546948
0,0,0.15220644
0,0,0.16849475
0,0,0.15740164
0,0,0.332267
0,0,0.14310533
0,0,0.13371655
0,0,0.13387601
0,0,0.33124343
0,0,0.2782668
0,0,0.16445392
0,0,0.37676522
0,0,0.15425007
0,0,0.28446504
0,0,0.32774326
0,1,0.62748504
0,0,0.36882117
0,0,0.15297061
0,0,0.259969
0,0,0.49129093
0,0,0.15121
0,0,0.38146442
0,0,0.4711915
0,0,0.22708105
1,0,0.4718859
0,0,0.16655618
0,0,0.25683376
0,0,0.2318697
0,0,0.34932178
0,0,0.37226728
0,0,0.16960527
0,0,0.41811252
0,0,0.3650725
0,0,0.1521307
0,0,0.13750297
1,1,0.5299338
0,0,0.13387601
0,0,0.2782668
1,1,0.52194697
0,0,0.367027
1,1,0.5121343
0,0,0.15982023
0,0,0.4743532
0,0,0.30527055
0,0,0.16420719
0,0,0.13371655
0,0,0.27365205
0,0,0.1758378
1,1,0.6588808
0,0,0.20235544
0,0,0.15950257
0,0,0.16655618
0,0,0.1537525
0,0,0.27788496
0,0,0.14458273
1,0,0.48816684
0,0,0.25898156
1,0,0.22244868
0,0,0.15524308
0,0,0.15120693
0,0,0.2941844
0,0,0.43128434
0,0,0.25029373
0,0,0.2971401
0,0,0.16996412
0,0,0.43511003
0,0,0.15425007
0,0,0.15159166
0,0,0.47539645
0,0,0.47800073
0,1,0.51152074
0,1,0.5269808
0,0,0.32818913
0,1,0.5286819
0,0,0.1452839
0,1,0.5027308
0,0,0.28649676
0,0,0.24012889
0,0,0.30029044
0,0,0.48727033
0,0,0.14511313
0,0,0.37625527
0,0,0.35021496
0,0,0.1537525
0,0,0.14336596
0,0,0.46154356
0,0,0.21005002
0,0,0.14094006
0,0,0.14272386
0,0,0.32550788
0,0,0.30173144
0,0,0.24786717
0,0,0.15441735
0,0,0.13776991
0,0,0.34822565
0,0,0.26128387
0,0,0.36882117
0,0,0.49596375
0,0,0.13371655
0,0,0.21646622
0,0,0.17437798
1,1,0.5050998
0,0,0.15551162
0,0,0.16607529
0,0,0.14511313
0,0,0.16691096
0,1,0.6280933
0,0,0.2305751
0,0,0.25002447
0,0,0.2758118
0,0,0.22360389
0,0,0.15525888
0,0,0.46356514
0,0,0.1826098
0,0,0.13653375
0,0,0.35473707
0,0,0.32818913
1,1,0.5260488
0,0,0.19793664
0,0,0.34932178
0,0,0.15633422
0,0,0.20845024
0,1,0.53256726
0,0,0.1521307
0,0,0.47028315
0,1,0.5554059
0,0,0.15290906
1,1,0.5793971
0,0,0.31714842
0,0,0.15251733
0,0,0.21574959
0,0,0.46566373
0,0,0.20868836
0,0,0.41978243
0,0,0.17126758
0,1,0.53699064
0,0,0.16440856
0,0,0.13371655
0,0,0.2514786
1,0,0.4835789
0,0,0.26108855
0,0,0.4954544
0,1,0.5443297
0,0,0.16770305
0,0,0.30780604
0,0,0.24660116
0,0,0.33923915
0,0,0.16821428
0,1,0.5788227
0,0,0.34932178
0,0,0.13972762
0,1,0.5040058
1,1,0.52720654
0,0,0.15352117
1,0,0.4318839
0,1,0.54134804
1,1,0.59958327
0,0,0.15708347
0,0,0.15576042
0,0,0.16617826
0,0,0.47942638
0,0,0.36798105
0,0,0.16849475
0,0,0.36753187
0,1,0.5990174
0,0,0.21498114
1,1,0.52256167
0,0,0.1366047
0,0,0.13371655
0,0,0.25977975
0,0,0.15377446
0,0,0.15116955
1,0,0.32288197
1,0,0.25566944
0,0,0.24259831
0,0,0.26957366
0,0,0.2782668
0,0,0.15740164
0,1,0.5232119
1,0,0.4790152
0,0,0.32818913
0,0,0.2952727
0,0,0.37744597
0,0,0.37353963
0,0,0.2072319
0,0,0.1349078
0,0,0.16018791
0,0,0.16765507
0,0,0.16607529
0,0,0.318336
0,0,0.16696578
0,0,0.45575023
0,0,0.31138736
0,0,0.36492458
0,0,0.2206141
0,0,0.47560668
0,0,0.15983376
0,0,0.3488025
0,1,0.52190065
0,0,0.47548872
0,1,0.59294367
0,0,0.15061021
0,1,0.51448804
0,0,0.32818913
0,0,0.32388017
0,0,0.1779263
0,0,0.35478172
0,0,0.13387601
0,0,0.44120046
0,0,0.45042998
0,0,0.15659001
0,0,0.15740164
0,0,0.16765507
0,0,0.33344465
0,1,0.5791374
1,0,0.26702705
0,0,0.37819883
0,0,0.30311525
0,0,0.2658581
0,0,0.39509913
0,0,0.34822565
0,0,0.48613667
0,0,0.17320731
0,0,0.43345985
0,0,0.15982023
0,0,0.21806885
0,0,0.22456409
0,0,0.37397042
0,0,0.28002712
0,0,0.32818913
0,0,0.46415123
1,0,0.37795654
0,0,0.43450946
0,0,0.28298637
0,0,0.15854406
0,0,0.1771761
0,1,0.50328374
0,0,0.2437286
0,0,0.23722948
1,0,0.47539645
0,0,0.4420926
0,0,0.28354198
0,0,0.15319254
0,0,0.14791161
0,0,0.367027
0,0,0.1738184
0,0,0.17530221
0,0,0.13371655
0,0,0.3271803
0,0,0.43639317
0,0,0.15524629
0,0,0.27888224
0,0,0.151431
0,1,0.5202293
0,0,0.3724602
0,0,0.15895733
0,0,0.25751436
0,1,0.52274853
0,0,0.13387601
0,0,0.1519845
0,0,0.21502633
0,0,0.1615164
0,0,0.3715014
0,1,0.5084094
0,0,0.15740934
0,0,0.4370919
0,0,0.15251733
0,0,0.4086294
0,0,0.34251115
0,0,0.15802066
0,0,0.15374804
0,0,0.13387601
1,1,0.59958327
0,0,0.2540533
0,0,0.43526968
0,0,0.15220644
0,0,0.1534661
0,0,0.48132572
0,0,0.13371655
0,0,0.34166923
0,0,0.21661589
0,0,0.24536298
0,0,0.1547429
1,0,0.40801638
0,0,0.1581392
0,1,0.595311
0,0,0.4745005
0,0,0.16233686
0,0,0.13387601
0,0,0.14077355
0,0,0.19645315
0,1,0.5378031
0,0,0.18023053
0,0,0.13387601
0,0,0.4848265
0,1,0.5086756
0,0,0.4074473
0,0,0.15642768
0,0,0.43036035
1,0,0.47652355
0,0,0.27465644
0,0,0.34932178
1,1,0.5731673
0,0,0.25493172
0,0,0.17819872
0,0,0.16655618
0,0,0.18793535
0,0,0.14517577
0,0,0.46376222
0,0,0.15576042
0,0,0.22139685
0,1,0.6297776
0,0,0.17398593
0,0,0.2638468
0,0,0.3650725
0,0,0.18483739
0,0,0.4729694
0,0,0.29914135
0,0,0.27733615
0,0,0.33922246
0,0,0.4130973
0,0,0.1537525
0,0,0.1690597
0,0,0.16696578
0,0,0.20465578
0,0,0.4359396
0,0,0.34932178
0,0,0.14517577
0,0,0.1785498
0,0,0.43128434
0,0,0.16630426
0,0,0.2594934
0,0,0.15854406
0,0,0.4822072
0,0,0.3462282
0,0,0.41029486
0,1,0.59829426
0,0,0.13799985
0,1,0.59958327
0,0,0.13371655
0,0,0.26885918
1,1,0.5472152
0,0,0.42976135
0,1,0.56378835
0,0,0.14094006
0,1,0.5255665
0,0,0.16386381
0,0,0.15251733
0,0,0.26006913
0,0,0.46436998
0,0,0.2405795
0,0,0.3650725
0,0,0.2761919
0,0,0.36896387
0,0,0.20094416
0,0,0.33923915
0,0,0.33389026
0,0,0.15632083
0,0,0.15251733
0,0,0.13637161
0,0,0.16420719
0,0,0.16412662
0,0,0.32297236
0,0,0.17654318
0,0,0.23037821
0,0,0.13793343
0,0,0.22354004
0,0,0.2774647
0,0,0.47294763
0,0,0.43128434
0,0,0.38571244
0,0,0.4318839
0,0,0.25915235
0,0,0.4532265
0,0,0.47883824
0,0,0.13371655
1,1,0.55158615
0,0,0.1525651
0,0,0.13371655
0,0,0.23555547
1,0,0.41811252
0,0,0.15374804
0,0,0.20458762
0,0,0.3181638
0,0,0.15441735
0,0,0.3425974
0,0,0.37235388
0,0,0.14341798
0,0,0.1632872
0,0,0.15220644
0,0,0.40551823
0,0,0.17210966
0,0,0.15633422
0,0,0.3540201
0,0,0.17070255
0,0,0.43511003
0,0,0.37625527
0,0,0.1581392
0,0,0.2995808
0,0,0.43386236
0,0,0.38567936
0,0,0.167552
0,0,0.3780991
0,0,0.15098621
0,0,0.43511003
0,0,0.17795914
0,0,0.1633824
0,1,0.51443344
0,0,0.14263579
0,0,0.15525888
0,0,0.29170564
0,1,0.52687764
0,0,0.3684916
1,0,0.37744597
0,0,0.16744341
0,0,0.28196436
1,0,0.3724602
0,0,0.46888
0,0,0.16044113
0,1,0.5264783
0,0,0.15786785
0,0,0.2778462
0,0,0.367027
0,0,0.20156415
0,0,0.27386343
0,1,0.576913
0,1,0.5186793
0,0,0.23572336
0,0,0.13617772
0,1,0.50866205
0,0,0.36561894
0,0,0.17437798
0,0,0.1532259
0,0,0.351265
0,0,0.16790324
0,0,0.30361313
0,0,0.37625527
0,0,0.367027
0,0,0.20362552
0,0,0.15740602
1,1,0.5118179
0,0,0.15121
0,0,0.30735955
0,0,0.17307134
0,0,0.1366047
0,0,0.34932178
0,0,0.17087731
1,0,0.40254378
0,0,0.17842115
0,0,0.13387601
0,0,0.19570707
0,0,0.13371655
0,0,0.28256693
0,0,0.14117423
0,0,0.33047676
0,0,0.2216298
0,0,0.46495622
0,0,0.17592603
0,0,0.16714086
0,0,0.16655618
0,0,0.2223761
0,0,0.4468007
0,0,0.14094006
0,0,0.1357884
0,0,0.3923417
0,0,0.15659523
0,0,0.17910431
0,0,0.17627643
0,0,0.35021496
0,0,0.15319254
1,0,0.47537473
0,0,0.22047745
0,0,0.14760427
0,0,0.14094006
0,0,0.14077355
0,0,0.46456206
0,0,0.151431
0,0,0.15769252
0,0,0.17427495
0,0,0.36896387
0,0,0.36798105
0,0,0.15464067
0,0,0.36798105
0,0,0.17554961
0,0,0.30314764
0,0,0.23919733
0,0,0.36882117
0,1,0.53415567
0,0,0.1459139
0,0,0.15963894
0,0,0.41784766
0,0,0.15921114
0,0,0.14301515
0,0,0.2230371
0,0,0.33772373
0,0,0.3418214
0,0,0.36172768
0,0,0.15659001
0,0,0.26432747
0,0,0.15320605
0,0,0.4468007
0,0,0.15525888
0,0,0.43128434
0,0,0.2812542
0,0,0.25141522
0,0,0.15329732
0,0,0.22307584
0,0,0.15370429
0,0,0.13994588
0,0,0.25674763
1,1,0.584898
0,0,0.3018265
0,0,0.13457337
0,0,0.21121871
0,0,0.1673938
0,0,0.16508335
0,0,0.28350273
0,0,0.15740164
0,1,0.55163467
1,1,0.5990174
0,0,0.34020045
0,0,0.21956299
0,0,0.21053164
0,0,0.36420172
0,0,0.31786478
0,0,0.37819883
0,0,0.20250638
0,0,0.48198622
0,0,0.13387601
0,0,0.138478
1,0,0.23343512
0,0,0.4357922
0,0,0.45835304
0,0,0.14341798
0,0,0.20759027
0,0,0.1749917
0,0,0.15441735
0,0,0.16436285
0,0,0.1732316
0,0,0.36434546
0,0,0.15190884
0,0,0.25769538
0,0,0.2499363
0,0,0.34297144
0,0,0.3694472
1,1,0.6299418
0,0,0.20178373
0,0,0.3715014
0,0,0.17207347
1,0,0.3186881
0,0,0.169616
0,1,0.51464057
0,0,0.2962036
0,0,0.13387601
0,0,0.48693407
0,0,0.47548872
0,0,0.24597345
0,0,0.24786717
0,0,0.46437982
0,0,0.1673938
0,0,0.4100082
0,0,0.25915235
0,0,0.2754535
0,0,0.22454347
0,0,0.15473595
0,1,0.55026275
0,0,0.27596548
0,0,0.37235388
0,0,0.25421453
0,0,0.42933685
0,0,0.21212451
0,0,0.22307584
0,0,0.27623862
0,1,0.59642524
0,0,0.1419098
1,1,0.6650547
1,1,0.55591565
0,0,0.13752423
0,0,0.16436285
0,0,0.29914135
0,0,0.28383216
0,0,0.17333679
0,0,0.15251733
0,0,0.4790152
0,0,0.16436285
0,0,0.4372701
0,1,0.5790927
0,0,0.15275663
0,0,0.14225946
0,0,0.37197986
1,0,0.35688016
0,1,0.5990174
0,0,0.28311652
0,0,0.47311717
0,0,0.13637161
0,0,0.21060982
0,0,0.17297488
0,0,0.315471
0,0,0.17196871
0,0,0.13601595
0,0,0.4357922
0,0,0.17868249
0,0,0.13699518
0,0,0.27263847
0,0,0.1593914
0,0,0.13960716
0,0,0.14094006
0,0,0.42530566
0,0,0.13960716
0,0,0.2000635
0,0,0.15863848
0,0,0.1521307
0,0,0.17533726
0,0,0.2830847
0,0,0.15329732
0,0,0.33124343
1,0,0.30486733
0,0,0.15286152
0,0,0.47133133
0,1,0.5801134
0,1,0.5685283
0,0,0.20498814
0,0,0.15786785
0,0,0.37625527
0,0,0.2811982
0,0,0.16444351
0,0,0.4668842
0,1,0.5329489
0,0,0.2778462
0,0,0.26085898
1,0,0.36626416
0,0,0.20687722
0,0,0.16912542
0,0,0.34707654
0,0,0.4357922
0,0,0.15606539
0,0,0.16909027
0,0,0.15400885
0,0,0.15234274
0,0,0.13699518
0,0,0.16607529
0,0,0.41751808
0,0,0.2553426
1,0,0.2782668
0,1,0.5193592
0,0,0.35311672
0,0,0.13387601
0,0,0.17307134
1,1,0.5443297
0,0,0.1521307
0,0,0.13793343
0,0,0.29461968
0,0,0.2812542
0,0,0.15251733
0,0,0.18241364
0,0,0.1347473
0,0,0.22354004
0,0,0.16823412
0,0,0.22637348
0,0,0.13371655
0,0,0.14452507
0,0,0.15391934
1,1,0.58261
0,0,0.37359315
0,0,0.16495444
0,0,0.14943808
0,0,0.4150254
0,0,0.22031726
0,0,0.2444402
0,0,0.46567732
0,0,0.30488628
0,0,0.3380952
0,0,0.2975727
0,0,0.16908638
0,0,0.24151057
0,0,0.25988343
0,0,0.14200526
0,0,0.37625527
0,0,0.15576042
0,0,0.32818913
0,0,0.16765507
0,0,0.17087731
0,0,0.37821665
0,0,0.46871346
0,0,0.3182249
0,1,0.5484883
0,0,0.1516567
1,1,0.5042815
0,0,0.15082884
0,0,0.21980384
0,0,0.24012889
0,0,0.16949177
0,0,0.15761036
0,0,0.15735443
0,0,0.47599736
0,0,0.18014832
0,0,0.14209165
0,0,0.40528083
0,0,0.14179422
0,0,0.2782668
0,0,0.1755685
0,0,0.15606539
0,0,0.4327587
0,1,0.5752103
0,0,0.35944673
0,0,0.34932178
0,0,0.17909276
1,1,0.55410403
0,0,0.151431
0,0,0.49104762
0,0,0.13521634
0,0,0.15329732
0,0,0.2773749
0,0,0.15678674
0,1,0.5718644
0,0,0.37226728
0,0,0.41176316
0,0,0.21882808
1,0,0.25583383
0,0,0.23095742
1,1,0.55909795
0,0,0.39050856
0,0,0.42677486
0,0,0.16607529
0,0,0.37299436
0,0,0.32961687
0,0,0.3271803
0,0,0.20847677
0,0,0.47883824
0,0,0.31683105
0,0,0.13601595
0,0,0.49223554
0,0,0.21291302
0,0,0.23600057
0,0,0.16410695
0,0,0.499932
0,0,0.17472258
1,1,0.5246974
0,0,0.41089523
0,0,0.3018265
0,0,0.37032923
0,1,0.5289097
1,0,0.33010638
0,0,0.1762055
0,0,0.16838472
1,0,0.25224578
0,0,0.15372318
0,0,0.14285801
0,0,0.18241364
0,0,0.151431
0,0,0.32596344
0,1,0.53566754
0,0,0.20641826
1,1,0.50621814
0,0,0.1755066
0,0,0.37601903
0,0,0.23421362
0,0,0.30230385
0,0,0.21252
0,0,0.27986953
0,0,0.15769252
0,0,0.32550788
0,0,0.13371655
0,0,0.2995808
1,1,0.5964901
0,0,0.29918185
0,0,0.47860613
0,0,0.30486733
0,0,0.27260014
0,0,0.32050893
0,0,0.4532265
0,0,0.15320605
0,0,0.46456206
0,0,0.37500122
0,0,0.25814375
0,0,0.15390366
0,1,0.50839835
1,1,0.65854484
0,0,0.37353963
0,0,0.4573611
0,0,0.15393826
1,1,0.56986797
0,0,0.14285801
0,0,0.1781624
0,0,0.36798105
0,0,0.21046783
0,0,0.2782668
0,1,0.5442706
0,0,0.4191873
0,0,0.40884325
1,1,0.55158615
0,0,0.24158664
0,0,0.13371655
0,0,0.33047676
0,0,0.14511313
0,0,0.19702385
0,0,0.24597345
0,0,0.43345985
0,0,0.21402118
0,1,0.5093812
0,0,0.16745597
0,0,0.15895733
0,0,0.19734614
0,0,0.29043123
0,0,0.15659001
0,0,0.17533726
0,0,0.15632083
0,0,0.43892252
0,0,0.3713952
0,0,0.1749734
0,0,0.1779263
0,0,0.3153164
0,0,0.25198153
0,1,0.5655646
0,1,0.546608
1,0,0.35017374
0,0,0.46951187
0,0,0.16193032
0,0,0.25296316
0,0,0.16682307
0,1,0.5975277
0,0,0.45483285
0,0,0.24456435
0,0,0.14241391
0,0,0.2143646
0,0,0.13387601
0,0,0.41726354
0,1,0.5202346
0,0,0.34932178
0,0,0.29914135
0,0,0.47547567
0,1,0.511212
0,0,0.43787155
0,0,0.15678674
0,0,0.15377446
0,0,0.15290906
0,0,0.2072319
0,0,0.32880253
0,0,0.45246428
0,0,0.36571732
0,0,0.16361775
0,0,0.23158543
0,0,0.16977394
0,0,0.2415802
1,0,0.27439418
0,0,0.42530566
0,0,0.4318839
0,0,0.4357922
1,0,0.17722723
0,0,0.4318839
0,0,0.24493098
0,0,0.20973478
0,0,0.33862495
1,1,0.584898
0,0,0.2422534
0,0,0.2266706
0,0,0.37926206
0,0,0.15486658
0,0,0.21625724
0,0,0.30740094
0,0,0.35021496
0,0,0.14094006
0,1,0.52173865
0,0,0.15606539
0,0,0.2215664
0,0,0.31292763
1,1,0.5131198
1,1,0.53699064
0,1,0.6227558
0,0,0.2595554
0,1,0.5677559
0,0,0.1785498
1,1,0.59454787
1,1,0.53256726
0,0,0.15320605
0,0,0.29914135
0,0,0.37200877
0,0,0.28202298
0,0,0.24674065
1,0,0.2806961
1,0,0.22114767
0,0,0.3425352
0,1,0.53006345
0,0,0.15273103
0,0,0.30780604
0,0,0.27788496
0,1,0.6581434
1,1,0.5110856
0,0,0.2778462
0,0,0.17694679
0,0,0.1527081
0,0,0.17002706
0,0,0.3283711
1,0,0.36798105
0,0,0.37908015
0,0,0.44474286
0,0,0.1537525
0,1,0.59335804
0,0,0.43446273
0,0,0.4192067
0,0,0.16781132
0,0,0.3725797
0,0,0.13989441
0,1,0.5535217
0,0,0.15351191
0,0,0.15398891
0,0,0.25247568
0,0,0.15329732
0,0,0.23149951
0,0,0.1669642
0,0,0.13371655
0,0,0.37393767
1,0,0.3716123
0,0,0.15659001
0,0,0.16860354
0,0,0.13371655
0,0,0.3715014
0,0,0.1357884
1,0,0.28145558
1,0,0.3187807
0,0,0.33047676
0,0,0.37629402
0,0,0.24948035
0,0,0.1519845
0,0,0.3271803
0,0,0.13972762
0,0,0.30121744
1,1,0.5990174
0,0,0.41097972
0,0,0.17861572
0,0,0.15273103
0,0,0.15251733
0,0,0.30393955
0,0,0.16823412
0,0,0.3724602
0,0,0.13457337
0,0,0.13408673
0,0,0.16912542
0,0,0.32124743
0,0,0.16765507
0,0,0.15398891
1,1,0.53010386
0,0,0.4299357
0,0,0.2761919
0,0,0.1972789
0,0,0.25105074
0,0,0.18343735
0,0,0.13776991
0,0,0.21420565
0,0,0.15678674
0,0,0.15372318
0,0,0.14083682
1,1,0.58811617
0,0,0.15399753
0,0,0.23330276
0,1,0.50855553
0,0,0.46852592
0,0,0.48240188
0,0,0.15374804
0,0,0.496616
1,0,0.22379002
0,0,0.17023155
0,0,0.2594934
0,0,0.19036824
0,0,0.4288579
0,0,0.23188218
0,0,0.35478172
0,0,0.43128434
0,0,0.15121
0,0,0.28009745
0,0,0.1557311
0,1,0.5319236
0,0,0.2663969
0,0,0.14077355
0,0,0.42352465
0,1,0.5160819
0,0,0.16790324
0,1,0.57762176
0,0,0.2838065
0,1,0.5242719
0,0,0.15120693
0,0,0.22487743
0,0,0.2605377
0,0,0.13617772
0,0,0.47680414
0,1,0.52689725
0,0,0.15340701
0,0,0.2985731
0,1,0.52216053
0,0,0.33848017
0,0,0.23343512
0,0,0.40732133
0,1,0.51448804
0,0,0.14961933
0,0,0.25680572
0,0,0.15320605
0,0,0.1521307
0,0,0.15524308
1,1,0.5535217
1,1,0.53277516
0,1,0.54403925
1,0,0.36698037
0,1,0.5766851
0,0,0.15391934
0,0,0.15942764
1,1,0.63832575
1,1,0.54786056
1,0,0.3753133
0,0,0.21729635
0,0,0.26609868
0,0,0.23494843
0,0,0.1347473
0,1,0.57154644
0,0,0.13944197
0,0,0.1567328
0,0,0.13733988
0,0,0.2570974
0,0,0.37910822
0,0,0.13985205
0,0,0.1573095
1,0,0.4350038
1,0,0.43128434
0,0,0.151431
0,0,0.2184284
1,0,0.43134955
0,0,0.15253805
0,0,0.37353963
0,0,0.37625527
0,0,0.17160562
0,0,0.16097505
0,0,0.25887814
0,0,0.18177174
0,0,0.1683691
0,0,0.1507323
0,0,0.17307134
0,0,0.26115224
0,0,0.18343735
0,0,0.13505495
0,0,0.29857337
0,0,0.26155812
0,0,0.36798105
0,1,0.51448804
1,0,0.23722948
0,0,0.2778462
0,0,0.14077355
0,0,0.13371655
0,0,0.17832418
0,1,0.5111994
0,0,0.28350273
0,0,0.47163004
0,0,0.15697333
0,0,0.13793343
0,0,0.33862495
0,0,0.2157502
0,0,0.37353963
0,0,0.15947706
0,0,0.17745177
0,0,0.4290965
0,0,0.43128434
0,0,0.15370429
0,0,0.367027
0,0,0.1534661
0,0,0.34707654
0,0,0.180792
0,0,0.21396732
0,0,0.16655618
0,0,0.25839704
0,0,0.3724602
0,0,0.14207743
0,1,0.55084586
0,0,0.16977394
0,0,0.39290375
1,1,0.5034337
0,0,0.13793343
0,0,0.30173144
0,0,0.24722712
0,0,0.29677874
0,0,0.14077355
0,0,0.16655618
1,0,0.3197981
0,0,0.17702852
0,0,0.15425007
0,0,0.15436369
0,0,0.16519162
0,0,0.18088908
0,0,0.13793343
0,0,0.2759261
0,0,0.38272947
0,0,0.30195096
0,0,0.1785498
0,0,0.2778462
0,0,0.1782764
0,0,0.20527528
0,0,0.15273103
0,0,0.3536552
0,0,0.14971773
1,0,0.47035497
0,0,0.15064803
0,0,0.15524308
0,1,0.5110856
0,0,0.20327072
0,0,0.29914135
0,0,0.17876586
0,1,0.5488368
0,1,0.5360855
0,1,0.6650547
1,0,0.36172768
0,0,0.15220644
0,0,0.14606425
0,0,0.43153873
0,0,0.2778462
0,0,0.3862379
1,0,0.35066494
0,0,0.15697002
0,0,0.17235531
0,0,0.35688016
1,1,0.5832091
0,0,0.1682357
0,0,0.1521307
0,0,0.43335873
0,1,0.5319805
0,0,0.16630426
0,0,0.17721862
0,0,0.1381636
0,1,0.56476074
0,0,0.2582412
0,0,0.17659874
0,0,0.15042797
0,0,0.17735638
0,0,0.18218057
0,1,0.5561086
0,0,0.22885732
0,0,0.1749917
0,0,0.34137285
0,0,0.14552425
0,0,0.15159166
0,1,0.5879922
0,0,0.17250255
0,0,0.28845918
0,0,0.21335764
0,0,0.3724602
0,0,0.34932178
0,0,0.15678674
0,0,0.13944197
0,0,0.29809517
0,0,0.20128855
0,0,0.14179422
0,0,0.14029317
0,0,0.16482954
0,1,0.53052837
0,0,0.38319916
0,0,0.27493483
0,0,0.32818913
0,0,0.20581897
0,1,0.52522224
1,1,0.6587853
0,0,0.46236974
0,0,0.15121
0,0,0.25933513
0,0,0.3375067
0,0,0.3006884
0,0,0.15329732
0,0,0.2768609
0,0,0.30018744
0,0,0.22311528
0,0,0.15352117
0,0,0.13793343
0,0,0.14077355
0,0,0.2990474
0,0,0.23234549
0,0,0.22853616
0,0,0.17160562
0,0,0.1419098
0,1,0.52926826
0,0,0.13371655
0,0,0.16897745
0,0,0.36561894
0,0,0.27499005
0,0,0.25670874
0,0,0.43639317
0,0,0.32550788
0,0,0.29918185
0,0,0.24195893
0,0,0.30527055
0,0,0.14006005
0,0,0.14094006
0,0,0.22106662
0,0,0.23542513
0,0,0.33022985
0,0,0.4318839
0,0,0.16980429
0,0,0.1750566
0,0,0.43335873
0,0,0.21404366
0,0,0.1781624
0,0,0.34023696
0,0,0.2754535
0,1,0.5409835
0,0,0.3647476
0,0,0.17627431
0,0,0.21857241
0,0,0.1349078
0,0,0.27623054
0,0,0.1519845
0,0,0.24909742
0,0,0.15297061
0,0,0.1521307
0,0,0.14341798
0,0,0.29717582
0,0,0.21096683
0,0,0.46852592
0,0,0.31647414
0,0,0.16765507
0,1,0.5102003
0,0,0.37353963
0,0,0.17453921
0,1,0.58710384
0,1,0.52712476
0,0,0.37319177
0,0,0.1534661
1,0,0.32550788
0,0,0.43511003
0,0,0.34640113
0,0,0.15659001
0,1,0.53700167
0,0,0.2778462
0,1,0.5176888
0,0,0.17437798
0,0,0.37926206
0,0,0.15019658
0,0,0.14094006
0,0,0.1736919
0,0,0.28150412
1,0,0.40627047
0,0,0.14225946
0,0,0.4318839
0,0,0.28742248
0,0,0.30135924
0,0,0.15956014
0,0,0.13371655
0,0,0.13714483
1,0,0.27788496
0,0,0.21433331
0,0,0.49564445
0,0,0.40495023
0,0,0.1547429
0,0,0.17398429
1,1,0.59656453
0,0,0.280659
0,0,0.2305751
0,0,0.3751412
0,0,0.13387601
0,0,0.17328277
0,0,0.15220644
0,0,0.4807223
0,1,0.5406952
0,0,0.3713952
0,0,0.15740381
0,0,0.37630287
0,0,0.21036544
0,0,0.43892252
0,0,0.16790324
0,0,0.46067145
0,0,0.13994588
0,1,0.51764685
0,0,0.45573846
0,0,0.14006005
0,0,0.32968593
0,0,0.1721057
0,0,0.17987387
0,0,0.299788
0,0,0.15498056
1,0,0.31761077
0,0,0.26761916
0,0,0.15251733
0,0,0.32751244
0,0,0.3694472
0,0,0.14129008
0,0,0.13776991
0,0,0.14639167
0,0,0.14094006
0,0,0.14783306
1,0,0.37499863
0,0,0.36798105
1,0,0.46749252
0,0,0.35311672
0,0,0.26284102
0,0,0.29914135
0,0,0.1785498
0,0,0.39453605
0,0,0.1709336
0,0,0.25549746
0,0,0.21426031
0,0,0.16803455
0,0,0.367027
0,0,0.26209354
0,0,0.1452839
0,0,0.23262241
0,0,0.4327587
0,0,0.15632083
0,0,0.17140417
0,1,0.5241854
0,0,0.47154254
0,0,0.23185995
0,0,0.14094006
0,0,0.17778037
0,0,0.4093238
0,0,0.15732592
0,0,0.46806324
0,0,0.37226728
0,0,0.13387601
0,1,0.58226126
0,0,0.39290375
0,0,0.13387601
0,0,0.34166923
0,0,0.13776991
1,1,0.5170736
0,0,0.15678674
0,0,0.28298637
1,0,0.31220213
0,0,0.3185431
0,0,0.13387601
0,0,0.15678674
0,0,0.16776234
0,0,0.15632083
0,0,0.19775328
0,0,0.1480565
0,1,0.5505342
0,0,0.31683105
0,0,0.16897745
0,0,0.13371655
0,0,0.14341798
0,0,0.31220213
1,1,0.53067774
0,0,0.34822565
0,0,0.36798105
0,0,0.15428473
0,0,0.17235531
0,0,0.16884969
0,0,0.3187807
0,0,0.14341798
0,0,0.43639317
0,0,0.29918185
0,0,0.15320605
0,0,0.13960716
0,1,0.5584021
0,0,0.29910997
0,1,0.52759
0,0,0.3780991
0,0,0.22119603
0,0,0.46415123
0,0,0.48930222
0,0,0.1980707
0,0,0.13617772
0,0,0.2204819
0,0,0.15251733
0,0,0.14709172
1,0,0.1735744
0,0,0.16444351
0,0,0.14511313
0,1,0.5942918
0,0,0.45112208
0,0,0.17327283
0,0,0.1347473
0,0,0.2995808
0,0,0.24189296
0,1,0.51308084
0,0,0.17060384
0,0,0.1534661
0,0,0.13387601
0,0,0.21107511
0,0,0.29914135
0,0,0.37795654
0,0,0.15788135
0,0,0.20448166
0,0,0.23853761
0,0,0.18436697
0,0,0.13776991
0,0,0.1583375
0,0,0.13733988
0,0,0.17602785
0,1,0.501989
0,0,0.14301515
0,0,0.34877217
0,0,0.16660951
0,0,0.14315324
0,0,0.14689337
0,0,0.235512
1,0,0.46963605
0,0,0.15290906
0,1,0.5536757
0,0,0.1521307
0,0,0.20444065
1,0,0.34877217
0,0,0.33933
0,0,0.34665203
0,0,0.13387601
0,1,0.55084586
1,1,0.5217035
0,0,0.17581974
0,1,0.59958327
0,0,0.13960716
0,0,0.16912542
0,0,0.1347473
0,0,0.17269674
0,0,0.41014704
0,0,0.4829012
0,0,0.15374804
0,0,0.1401273
0,0,0.4909966
0,0,0.40357894
1,0,0.32968593
0,0,0.14094006
1,0,0.17470725
0,1,0.5473294
0,0,0.20569381
0,0,0.24994756
0,0,0.15681359
0,0,0.2171226
0,0,0.15633422
0,0,0.33780596
0,0,0.14666596
0,0,0.15398891
0,0,0.15888998
0,0,0.43183395
0,0,0.1581392
0,0,0.14258204
0,0,0.30740094
0,0,0.24458283
0,0,0.45431292
0,0,0.34665203
0,0,0.2080148
0,0,0.15651546
0,0,0.18573973
0,0,0.21958843
0,0,0.18647297
0,1,0.5893533
0,0,0.33047676
0,0,0.13371655
1,0,0.43128434
0,0,0.20722076
0,0,0.13699518
0,0,0.16793166
0,0,0.3725797
1,0,0.3027052
0,0,0.14552425
0,0,0.16909027
0,1,0.55552673
0,0,0.20917803
0,0,0.13793343
0,1,0.57821053
0,0,0.46506932
0,0,0.24909742
0,0,0.21559091
0,0,0.17437798
0,0,0.23112047
0,0,0.30695477
0,0,0.15297061
0,0,0.15320605
1,1,0.52502495
0,0,0.15297061
0,0,0.14094006
0,0,0.16655618
0,1,0.54374504
0,0,0.35396126
0,0,0.42872867
0,0,0.41250494
0,0,0.25024143
0,0,0.13371655
0,0,0.33999664
0,0,0.32810917
0,1,0.59642524
0,0,0.20598494
0,0,0.16922921
0,0,0.17210966
0,1,0.59135264
0,0,0.13371655
0,1,0.5787852
0,0,0.3724602
0,0,0.17756763
0,0,0.32818913
1,1,0.5953312
0,0,0.3440296
1,1,0.52947634
0,1,0.52759
0,0,0.13505553
1,1,0.5303203
0,1,0.53566754
1,1,0.5793971
0,0,0.3647476
0,0,0.34932178
0,0,0.3775451
0,0,0.15320605
0,0,0.4372701
0,0,0.47613513
1,0,0.22011071
0,0,0.2427978
0,1,0.55101246
0,0,0.15320605
0,0,0.15619493
0,0,0.15297061
0,0,0.15275663
0,0,0.3102938
0,0,0.14511313
0,0,0.13371655
0,0,0.13371655
0,0,0.15286152
0,1,0.5938629
0,0,0.15983376
0,0,0.18014832
0,0,0.13371655
0,0,0.47539645
0,0,0.13750297
0,0,0.30881667
0,0,0.23136166
0,0,0.36172768
0,0,0.15425007
0,1,0.50545174
0,0,0.16061392
1,0,0.3715014
0,0,0.39404088
0,0,0.1611331
0,0,0.26155812
0,1,0.5705409
0,0,0.27519077
0,0,0.16018791
0,0,0.32818913
0,0,0.4658821
0,0,0.1611331
0,0,0.18211187
0,0,0.15296616
0,0,0.26074776
0,0,0.22012287
0,1,0.5899745
0,1,0.584898
0,1,0.5131003
0,0,0.3724602
0,0,0.16266659
0,0,0.1534661
0,0,0.43036035
0,0,0.25750315
0,0,0.1521307
0,0,0.37625527
0,1,0.62178403
0,0,0.13750297
0,0,0.37353963
0,0,0.2620573
0,0,0.15251733
0,0,0.33022985
0,0,0.15390366
0,1,0.58892864
0,0,0.1412534
0,0,0.16607529
0,0,0.4167912
0,0,0.48033166
0,0,0.43123445
0,0,0.1713938
0,0,0.27465644
0,0,0.15329732
0,0,0.1537525
0,0,0.24911119
0,0,0.37744597
0,0,0.2995808
0,0,0.3285494
0,0,0.2782668
0,0,0.2171226
0,0,0.14006005
0,0,0.15983376
0,0,0.29571912
0,0,0.15398891
0,0,0.47880483
0,0,0.15627038
0,0,0.17558876
0,0,0.14094006
0,0,0.15329732
0,0,0.30780604
1,0,0.2819532
0,0,0.15869734
0,0,0.22253662
0,0,0.31227386
0,0,0.17482391
0,0,0.36434546
0,0,0.13371655
0,0,0.14094006
0,0,0.3804965
0,0,0.1521307
1,0,0.32509664
0,1,0.5988605
0,0,0.49828306
0,0,0.43658742
0,0,0.4583962
0,0,0.15495226
0,0,0.17721862
0,0,0.16260679
0,0,0.32818913
0,0,0.46535414
0,0,0.37601903
0,0,0.1565061
0,0,0.2608449
1,1,0.5950412
0,0,0.17453921
0,0,0.20648837
1,0,0.36798105
0,0,0.4147808
0,0,0.35311672
0,0,0.14094006
1,0,0.3375067
0,0,0.17612343
0,0,0.15251733
0,0,0.45103496
0,0,0.15633422
0,0,0.34739426
0,0,0.38147447
0,0,0.376482
0,0,0.2011233
0,0,0.21841101
0,0,0.17785606
0,0,0.15436737
0,0,0.32818913
0,1,0.659486
0,0,0.34297144
0,0,0.15320605
0,0,0.13457337
0,0,0.15319254
0,0,0.27507403
0,1,0.52653736
0,0,0.17890087
0,0,0.13505553
0,0,0.17199506
0,1,0.5535929
0,1,0.520614
0,0,0.1673938
0,0,0.18308353
0,0,0.15641694
0,0,0.40633094
0,0,0.4093022
0,0,0.4314089
0,0,0.37731144
0,0,0.35311672
0,0,0.17034227
1,0,0.40424463
0,0,0.13387601
0,1,0.53566754
0,0,0.31485587
0,0,0.18416253
0,0,0.47109047
0,0,0.43639317
0,0,0.15340701
0,0,0.29809237
0,0,0.13521634
1,1,0.5779185
0,0,0.22802596
0,0,0.47109047
0,0,0.29663906
0,0,0.42530566
0,0,0.13793343
0,0,0.16436285
0,0,0.32063243
0,0,0.25519088
0,0,0.14077355
0,1,0.57186013
0,1,0.5791374
0,0,0.15569994
0,1,0.6581434
0,0,0.16454473
0,0,0.45704708
0,0,0.21956299
0,0,0.43335873
0,0,0.22045165
0,1,0.5952736
0,0,0.31358692
0,0,0.2778462
0,0,0.13371655
0,0,0.30510578
0,1,0.5129023
0,0,0.151431
0,0,0.26214606
0,0,0.43335873
0,0,0.22395545
0,0,0.15351191
0,0,0.22345184
0,0,0.46349952
0,0,0.16444351
0,0,0.1519845
0,0,0.41250494
0,0,0.3156832
0,0,0.32550788
0,1,0.51058877
0,0,0.17307134
1,0,0.37638587
1,1,0.52572614
0,0,0.34448683
0,0,0.45485446
0,0,0.15659001
0,0,0.18252014
0,0,0.13944197
0,0,0.1502051
0,0,0.1579314
0,0,0.1972135
0,0,0.27499005
0,0,0.15633422
0,0,0.13596365
0,0,0.42530566
0,0,0.20634349
0,0,0.30680376
0,0,0.15486658
1,0,0.4947563
0,1,0.5281773
1,0,0.4318839
0,0,0.31110084
0,1,0.5217842
0,0,0.36827272
1,1,0.61258924
0,0,0.17744818
0,0,0.4662638
0,0,0.33935395
0,0,0.40528083
0,0,0.23112047
0,0,0.40495023
0,0,0.19723952
0,0,0.17378986
0,0,0.21613999
0,0,0.13596365
1,1,0.5050277
0,0,0.13387601
1,1,0.61863905
0,0,0.34932178
0,0,0.40627047
0,0,0.20726971
1,0,0.36798105
0,0,0.2059261
0,1,0.525726
1,1,0.5779185
0,0,0.15120693
0,0,0.25816098
0,0,0.151431
0,0,0.4086294
0,1,0.5225715
0,0,0.21653077
0,0,0.16726844
0,0,0.25994933
0,0,0.2565978
0,0,0.1755685
0,0,0.1482998
0,0,0.46652767
1,0,0.2065344
0,0,0.31634942
0,0,0.17327283
0,0,0.16655618
0,0,0.17365769
0,0,0.3440296
0,0,0.21757577
0,0,0.16691096
0,0,0.16960527
0,0,0.1682357
0,0,0.1401273
0,0,0.30270708
0,0,0.34715778
0,0,0.15953055
0,0,0.488998
0,0,0.28237757
0,0,0.22826695
0,0,0.23623233
0,0,0.31523046
0,0,0.1785498
1,0,0.28354198
1,1,0.59778106
0,0,0.43527293
0,0,0.46018428
0,0,0.49158552
0,0,0.17461026
0,0,0.45161855
0,0,0.36798105
0,1,0.50916636
0,0,0.28508216
0,0,0.13665658
0,0,0.2085188
0,1,0.5990174
0,0,0.13387601
0,0,0.28237757
0,0,0.47962508
0,1,0.5741909
1,1,0.5135227
0,0,0.2758237
0,0,0.1583375
0,0,0.3027052
0,0,0.14077355
0,0,0.13387601
0,0,0.1525651
0,0,0.16420719
0,0,0.29847524
0,0,0.37842584
0,0,0.1583375
0,0,0.2688942
0,0,0.1782764
0,0,0.1673938
0,0,0.24949218
0,0,0.32550788
0,0,0.39364153
0,0,0.40627047
0,0,0.17433408
0,0,0.24855465
0,0,0.14112088
0,0,0.16917884
0,0,0.29914135
0,0,0.13521634
0,0,0.43128434
0,0,0.46899125
0,0,0.16362816
0,0,0.14780803
0,0,0.16715077
0,0,0.27342004
0,0,0.28156826
0,0,0.376482
0,0,0.25975206
0,0,0.15856038
0,0,0.33862495
0,0,0.43639317
0,0,0.15452689
0,0,0.3952005
0,0,0.30695477
0,1,0.51744825
0,1,0.5969073
0,0,0.13793343
0,0,0.4337934
0,0,0.37574103
0,0,0.1435871
0,0,0.14606425
0,0,0.13371655
0,0,0.17644793
0,0,0.17656519
0,0,0.15729605
0,0,0.30993855
0,0,0.14760427
0,0,0.22314082
0,0,0.22345184
0,0,0.13371655
0,0,0.27912813
0,0,0.13371655
0,0,0.1521307
0,0,0.14077355
0,0,0.25725484
0,0,0.1734139
0,0,0.32818913
0,0,0.16765507
0,0,0.15659001
1,1,0.5364157
0,0,0.22845587
0,0,0.16740184
0,0,0.43639317
0,1,0.5680831
0,0,0.13776991
0,0,0.44875598
0,0,0.1570767
0,0,0.17080747
0,0,0.13776991
0,0,0.4318839
0,0,0.1732316
0,0,0.3780991
0,0,0.1557311
0,0,0.41250494
0,0,0.22153175
0,0,0.2812542
0,0,0.18198341
0,0,0.25819683
0,0,0.43128434
0,0,0.31028643
0,0,0.13828158
0,0,0.29914135
1,1,0.6587853
0,0,0.26232487
1,0,0.43837637
0,0,0.41029486
0,0,0.1377281
0,0,0.13371655
1,0,0.43639317
0,0,0.13387601
1,0,0.43448946
0,0,0.15398891
0,0,0.1779263
1,0,0.3168246
0,0,0.14077355
0,0,0.32818913
0,0,0.24382858
0,0,0.14077355
0,1,0.5411415
0,0,0.21060456
0,0,0.37987447
0,0,0.42813018
0,1,0.5934157
1,0,0.24942163
0,0,0.27661094
0,0,0.15740164
0,0,0.20822772
0,0,0.23623802
1,1,0.5154277
0,0,0.151431
0,0,0.23603044
0,0,0.31552935
1,1,0.6165202
0,0,0.351265
0,0,0.21518989
1,0,0.23088081
0,0,0.40596306
0,0,0.43770754
0,0,0.15700567
0,0,0.3780991
1,1,0.5933862
0,1,0.5453708
0,0,0.3805501
0,0,0.2311303
0,0,0.47091216
0,1,0.52292085
0,0,0.1534661
0,0,0.22106662
0,0,0.28297216
1,0,0.44076085
0,0,0.20242865
0,0,0.257987
0,0,0.37226728
0,0,0.16558203
1,1,0.5762532
0,0,0.17954426
0,0,0.13876668
0,0,0.2054041
0,1,0.57716864
0,0,0.44416094
0,0,0.22244868
0,1,0.5129023
0,1,0.5254778
0,1,0.52036285
0,1,0.5818083
0,0,0.15930808
0,0,0.4372701
0,0,0.2439005
0,0,0.34932178
1,0,0.34923705
0,0,0.2078535
0,0,0.1534661
0,0,0.17054084
0,0,0.26311502
0,0,0.13387601
0,0,0.20728925
0,0,0.34923705
0,0,0.13617772
0,1,0.5010818
0,1,0.5779185
0,1,0.664657
0,0,0.14851892
0,0,0.42530566
1,0,0.39364153
1,1,0.5026282
0,1,0.5174014
0,0,0.15352117
0,0,0.22170796
0,0,0.2230371
0,0,0.17890087
0,0,0.1598319
1,1,0.6609648
0,0,0.17671828
0,0,0.17780824
0,1,0.5148391
0,0,0.15329732
0,0,0.1702109
0,0,0.3724602
1,0,0.36798105
0,0,0.1416412
0,0,0.17327283
0,0,0.1519845
0,0,0.23145449
1,1,0.5101637
0,0,0.14408746
0,0,0.36798105
0,0,0.13371655
0,0,0.13408673
0,0,0.16765507
0,0,0.13387601
0,1,0.513583
0,1,0.5139913
0,0,0.13473369
0,0,0.22746214
0,0,0.13404918
0,0,0.14094006
1,0,0.43335873
0,0,0.48649704
0,1,0.5281158
0,0,0.28234962
0,0,0.18114157
0,1,0.56895894
0,0,0.28482488
0,0,0.16655618
0,0,0.16655618
0,0,0.17533726
0,0,0.15441735
0,0,0.16630426
1,0,0.3724602
0,0,0.19743052
1,0,0.23356119
1,1,0.53283155
0,0,0.15829329
0,0,0.37903655
0,0,0.17470725
0,0,0.22345184
0,0,0.17629504
0,0,0.2818589
0,0,0.20688306
1,1,0.5990174
0,0,0.16655618
0,0,0.1537639
0,0,0.2587873
0,1,0.5247066
1,0,0.3684864
0,0,0.13776991
0,0,0.47092217
0,0,0.16361775
0,0,0.45543885
0,0,0.13762029
0,0,0.15671703
0,0,0.21446957
0,0,0.14351152
0,1,0.53277516
0,0,0.15761036
0,0,0.15220644
0,0,0.32550788
0,0,0.17520373
0,0,0.48105592
0,0,0.2153858
0,0,0.2782668
0,0,0.16740184
0,0,0.47873724
1,0,0.45424855
0,0,0.13793343
0,0,0.20906597
0,0,0.21848233
1,1,0.5988605
0,0,0.15452689
0,0,0.17427076
0,0,0.15319254
0,1,0.6421545
0,0,0.16816376
0,0,0.19748512
0,0,0.4715643
0,0,0.22253197
0,0,0.33780596
0,0,0.29623312
0,0,0.18026008
0,0,0.3488025
0,0,0.2556492
0,0,0.41978243
0,0,0.15340701
0,0,0.4318839
0,0,0.42976135
0,0,0.2830336
0,0,0.47053006
0,0,0.27788496
0,0,0.43345985
0,1,0.54079676
0,0,0.1732316
0,0,0.15038714
0,1,0.55026275
0,0,0.15930808
1,0,0.3874016
0,0,0.17822179
0,0,0.15251733
0,0,0.15963894
1,1,0.6369047
1,0,0.21390282
0,0,0.43639317
0,0,0.14099336
0,0,0.15391934
0,0,0.16717164
0,0,0.18658955
0,0,0.3715014
0,0,0.16015194
0,0,0.22411315
0,1,0.586835
0,0,0.33047676
0,0,0.3694472
0,0,0.19056895
0,0,0.15452181
0,0,0.20981269
0,0,0.15704401
0,0,0.37397042
1,1,0.622601
0,0,0.33999664
0,0,0.18188901
1,0,0.4643483
0,0,0.14720476
0,0,0.208184
0,0,0.1562128
1,1,0.6449898
0,1,0.5209364
0,0,0.13793343
0,0,0.2110773
0,0,0.15525888
0,0,0.43588006
1,1,0.51685745
0,1,0.5234472
0,0,0.14517577
0,0,0.15329732
0,0,0.15320605
0,0,0.15579301
0,0,0.17239775
0,0,0.17426941
0,0,0.3488025
0,0,0.22996435
1,0,0.28006637
0,0,0.43892252
0,0,0.16717164
0,0,0.14487796
0,0,0.16444351
0,1,0.5242719
0,0,0.40695322
0,0,0.3255759
0,0,0.15271755
0,0,0.15895733
0,0,0.3647476
0,0,0.15398239
0,0,0.26761025
1,0,0.3159956
0,0,0.1519845
0,0,0.13387601
0,0,0.37393767
0,0,0.16607529
0,0,0.4318839
1,1,0.5232119
0,0,0.24870574
0,1,0.59543097
0,0,0.27856448
0,0,0.13989441
0,0,0.15121
0,0,0.1732316
0,0,0.1452839
0,0,0.18166871
0,0,0.33862495
0,0,0.2774647
0,0,0.22615573
0,0,0.13371655
0,0,0.27634516
0,0,0.3830989
0,0,0.28154036
0,0,0.15120693
0,0,0.43335873
0,0,0.22345184
0,0,0.15525888
0,1,0.5364157
1,1,0.59514433
0,0,0.22214666
0,0,0.4558759
0,1,0.5325681
0,0,0.22609657
1,0,0.3650725
0,0,0.367027
0,0,0.16770305
0,0,0.35189894
0,0,0.2995808
0,0,0.21989729
0,0,0.16860342
0,0,0.33389276
0,0,0.1713897
0,1,0.5284738
1,0,0.46665713
0,0,0.15390366
0,0,0.46251655
0,0,0.1499989
0,0,0.26115382
0,0,0.46840495
1,0,0.3488025
0,0,0.1730694
0,0,0.32872674
0,0,0.38139516
0,0,0.15796474
0,0,0.14094006
0,0,0.13776991
0,0,0.15829329
0,0,0.24819084
0,0,0.17795914
0,0,0.2561029
0,0,0.15251733
0,0,0.16714086
0,0,0.4413705
0,0,0.14221072
0,0,0.2231187
0,0,0.45485446
0,0,0.21094845
0,0,0.316114
1,0,0.21956299
0,0,0.20094416
0,0,0.44060415
0,0,0.14209165
0,0,0.17072557
0,0,0.1537525
0,0,0.13793343
0,0,0.17239775
0,0,0.2966406
0,0,0.32818913
0,0,0.145851
0,0,0.22178207
0,0,0.49864095
0,0,0.15251733
0,0,0.1673938
0,0,0.25913236
0,0,0.43511003
0,0,0.3775451
0,0,0.21191749
0,0,0.4046101
0,0,0.14511313
0,1,0.5478104
0,0,0.4911584
0,0,0.16765507
0,0,0.16817723
0,0,0.14458273
0,0,0.14207743
1,0,0.4141877
0,0,0.4123866
0,0,0.27596548
0,0,0.2045323
0,0,0.17205676
0,0,0.17365769
0,0,0.4357922
0,0,0.31745508
0,0,0.2050544
0,0,0.18578188
0,0,0.32818913
0,0,0.3536552
0,0,0.13371655
0,0,0.15623766
0,0,0.31647414
0,0,0.17466044
0,0,0.1779263
0,0,0.43908682
0,0,0.32818913
0,0,0.17064606
0,0,0.14416124
1,0,0.47231516
0,0,0.1749917
0,0,0.1785498
0,1,0.52788645
1,1,0.54443306
0,1,0.5345896
0,0,0.27922243
0,0,0.27733615
0,0,0.3649832
0,0,0.15999782
0,1,0.5177797
0,0,0.41546783
0,0,0.48386902
0,0,0.45843035
0,1,0.59695035
0,0,0.23222043
0,0,0.13371655
0,0,0.13681899
0,0,0.13457337
0,0,0.1537525
0,0,0.14511313
0,0,0.40559793
0,0,0.13371655
0,0,0.20755975
0,0,0.24498832
0,0,0.32818913
0,0,0.14456812
0,0,0.22152388
0,0,0.13371655
0,0,0.27540588
0,0,0.14799961
0,0,0.15398891
0,0,0.32901558
0,0,0.17522377
0,0,0.15221623
0,0,0.17191817
0,0,0.43646485
0,0,0.3549665
0,0,0.351265
0,0,0.1785498
0,0,0.1759061
0,0,0.41477293
0,0,0.44299278
0,0,0.43639317
0,0,0.4318839
1,1,0.5217035
0,0,0.47035497
0,0,0.22853616
0,0,0.15604901
0,0,0.2560915
0,0,0.15121
0,0,0.43335873
0,0,0.20153281
0,0,0.13371655
0,0,0.16770305
0,1,0.5502109
0,0,0.43036035
0,0,0.22002348
0,0,0.2172589
0,0,0.15398891
0,0,0.3725441
0,0,0.19580516
0,0,0.15869804
1,0,0.32880253
1,1,0.53474206
0,0,0.33710834
0,0,0.43128434
0,0,0.24660116
0,0,0.13776991
1,0,0.3930049
0,0,0.15632083
0,0,0.16740184
0,0,0.27262664
0,0,0.14094006
1,0,0.32391486
0,0,0.367027
1,1,0.5902554
0,0,0.46801338
0,1,0.59703785
0,0,0.14094006
0,1,0.664657
0,0,0.20636702
0,1,0.5772635
0,0,0.37947488
0,0,0.23395002
0,1,0.5301125
0,0,0.19689143
0,1,0.5251272
0,0,0.34131494
0,0,0.16276823
0,0,0.17437798
0,0,0.37529254
0,0,0.1347473
0,0,0.15576042
0,0,0.13675752
0,0,0.33551013
0,0,0.14511313
0,0,0.15374804
0,0,0.16097505
0,0,0.1525651
1,0,0.37393767
0,0,0.15320605
0,0,0.14077355
0,0,0.15251733
0,0,0.25020853
0,0,0.2574662
0,0,0.2195282
0,0,0.16386381
1,0,0.43639317
0,0,0.1521307
0,0,0.25814375
0,0,0.1534661
0,0,0.15329732
0,0,0.16607529
0,0,0.30706295
0,0,0.4357922
0,0,0.15930808
0,0,0.2386783
0,0,0.15329732
0,0,0.3637013
1,1,0.5953312
0,0,0.3156832
0,1,0.59829426
0,0,0.4782284
0,0,0.42530566
0,0,0.15329732
0,0,0.26369494
0,1,0.5189522
0,1,0.51222336
0,0,0.1347473
0,0,0.32550788
0,0,0.46154356
0,0,0.15983376
1,0,0.15274024
1,1,0.5561086
0,0,0.15398891
0,0,0.15290906
0,0,0.3775451
0,0,0.314922
0,0,0.32818913
0,0,0.14077355
1,0,0.33812875
0,0,0.36753187
0,0,0.43639317
0,0,0.2706528
0,0,0.48739234
0,0,0.13799985
0,0,0.13371655
0,0,0.22882812
1,0,0.4515342
0,0,0.47680414
0,0,0.24354866
0,0,0.15625978
0,0,0.15734212
0,0,0.31414434
0,0,0.23917899
0,0,0.20353182
0,1,0.51343644
0,0,0.15786526
0,1,0.5788227
0,0,0.14458273
1,0,0.45485446
0,0,0.16909027
0,0,0.24394014
0,0,0.20477033
0,0,0.13371655
0,0,0.37717354
1,0,0.3934783
0,0,0.15297061
0,0,0.15633422
0,0,0.32550788
0,0,0.16977394
0,0,0.17050667
1,0,0.32775944
0,0,0.30173424
1,0,0.49874905
1,0,0.34550098
0,0,0.48303467
0,0,0.15633422
0,0,0.20909081
0,1,0.62839466
1,1,0.5151904
0,0,0.15659001
0,0,0.23097289
0,0,0.17952265
0,0,0.13371655
0,0,0.4846654
0,0,0.15442677
0,0,0.38238215
0,0,0.136239
0,0,0.3884817
0,0,0.17092863
0,0,0.20716573
0,0,0.14719152
0,0,0.13601595
0,0,0.20415388
0,0,0.28646538
0,1,0.55552673
0,0,0.38595426
0,0,0.13371655
0,0,0.24143639
0,0,0.13404918
0,0,0.15166204
0,0,0.16897745
0,0,0.37403718
0,0,0.36995342
0,0,0.16444351
0,0,0.1357884
0,0,0.2782668
0,0,0.14077355
0,0,0.1679153
0,0,0.1480565
0,0,0.1537525
0,0,0.23947991
0,0,0.35585353
0,0,0.27503553
0,0,0.21600533
0,0,0.2892499
0,0,0.15271099
0,0,0.29914135
0,0,0.1381636
0,0,0.16010892
0,0,0.21887183
0,0,0.17365769
0,0,0.24488705
0,0,0.34707654
0,0,0.15707864
0,0,0.4779744
0,0,0.49129093
0,0,0.14094006
0,0,0.2812706
0,0,0.18646638
0,0,0.21505184
0,0,0.39106965
0,0,0.13960716
0,0,0.16917884
0,0,0.15340701
0,0,0.28408116
0,0,0.36798105
0,0,0.1604576
0,1,0.5080791
0,1,0.5097553
0,0,0.27788496
0,0,0.28234962
0,0,0.13776991
1,0,0.37601903
0,0,0.28026602
0,0,0.13371655
0,0,0.13776991
1,0,0.33935395
0,0,0.19865863
0,0,0.15425712
0,0,0.28245974
1,0,0.3095627
0,0,0.3156832
0,0,0.16143589
0,0,0.15329732
0,0,0.20703587
0,0,0.17716062
0,0,0.17365769
0,0,0.13371655
0,0,0.31647414
0,0,0.22106662
0,0,0.37403977
0,0,0.49284962
0,0,0.38651294
0,0,0.15320605
0,0,0.35823697
0,0,0.4318839
0,1,0.5133724
0,0,0.1547429
0,0,0.1557311
0,0,0.17876586
0,0,0.3715014
0,0,0.4658821
0,0,0.31714842
0,0,0.2754535
0,0,0.15297061
0,0,0.17658046
0,0,0.4318839
0,0,0.48407683
0,0,0.22215365
0,0,0.15498056
0,0,0.24691886
0,1,0.5189522
0,0,0.45796764
0,0,0.43128434
0,0,0.1537525
0,0,0.37235388
0,0,0.2215664
0,0,0.17335735
0,0,0.15190884
0,0,0.1521307
0,0,0.2171226
0,0,0.21147731
0,0,0.30311805
0,0,0.36798105
0,0,0.3549665
0,0,0.1771761
0,0,0.1670756
0,0,0.14555441
0,0,0.3524696
0,0,0.23978199
0,0,0.32550788
0,0,0.17040525
0,0,0.43646485
0,0,0.1785498
0,0,0.23065326
0,0,0.3724602
0,0,0.18014832
0,0,0.1785498
0,0,0.22513695
0,0,0.17716487
0,0,0.20719543
0,0,0.13793343
0,1,0.5511388
0,0,0.13387601
0,0,0.15659001
0,1,0.52506256
0,0,0.26155812
1,0,0.30138516
0,0,0.4372701
0,0,0.1357884
0,0,0.37353963
0,0,0.38595426
0,0,0.17250721
1,1,0.5975277
0,0,0.25537458
0,0,0.45475405
0,0,0.14338438
0,0,0.15632083
0,0,0.14310533
0,0,0.25707722
0,0,0.1749917
0,0,0.16444351
0,0,0.37110513
0,1,0.5333618
0,0,0.3715014
0,0,0.1673938
0,0,0.3271803
0,0,0.2774647
0,0,0.15166204
0,0,0.21936244
0,0,0.13793343
0,0,0.13387601
0,0,0.17437798
0,0,0.17453127
1,0,0.4350038
0,0,0.33047676
0,0,0.1534661
0,0,0.17472258
1,1,0.6292939
0,1,0.5974743
0,0,0.1749917
1,1,0.56125003
0,0,0.15671967
0,0,0.15399857
0,0,0.24878913
0,0,0.18456392
0,0,0.15340701
0,0,0.42933685
1,1,0.52653736
0,0,0.2206521
0,0,0.14535324
0,0,0.1452839
0,0,0.29803672
0,0,0.1502051
0,0,0.22278577
0,0,0.14225946
0,0,0.15251733
0,0,0.4477838
1,1,0.5522847
0,0,0.17222169
1,0,0.21648334
0,0,0.33885038
0,0,0.27908924
0,0,0.13457337
0,0,0.3425974
0,0,0.23188218
1,1,0.65230286
0,0,0.17987947
0,0,0.1673938
0,0,0.28177053
1,1,0.5333618
1,1,0.5976743
0,0,0.1447395
0,0,0.16168228
0,0,0.32818913
0,0,0.15452689
0,0,0.4372701
0,0,0.17160562
0,0,0.13371655
0,0,0.13960716
0,1,0.5305693
0,0,0.22277044
0,0,0.13371655
0,0,0.33124343
0,0,0.18241364
0,0,0.30409342
1,1,0.5257366
0,0,0.13793343
0,0,0.22354004
0,0,0.15319254
0,0,0.14272386
0,0,0.15678674
0,0,0.13387601
0,0,0.47509816
0,0,0.41810825
1,1,0.55591565
0,0,0.32818913
0,0,0.1727603
0,1,0.5537873
0,0,0.15391934
0,1,0.5020346
0,1,0.5411415
0,0,0.47548872
0,0,0.3440296
0,0,0.17602785
0,0,0.367027
0,0,0.36896387
0,0,0.49975085
0,0,0.45543885
0,0,0.15678674
0,0,0.17744818
0,0,0.3397263
0,0,0.17479101
0,0,0.13387601
0,0,0.25944048
0,0,0.1732316
0,0,0.17027465
0,0,0.38347834
0,0,0.46745756
0,0,0.13387601
0,0,0.15794413
0,0,0.3542424
1,1,0.53415567
0,0,0.44474286
0,0,0.31103146
1,1,0.50677055
0,0,0.34297144
0,0,0.27733615
1,1,0.5300221
0,0,0.32818913
1,1,0.6587853
0,1,0.5128805
0,0,0.19098645
0,0,0.30270708
0,0,0.16446403
0,0,0.15525888
0,0,0.15005918
0,0,0.2991986
0,0,0.25955904
0,0,0.1734139
0,1,0.59618294
0,0,0.1537525
1,0,0.32818913
1,1,0.58130556
0,0,0.31634942
0,0,0.17184672
0,0,0.15190884
0,0,0.36798105
0,0,0.13387601
0,0,0.14094006
0,1,0.58792377
0,0,0.15840563
0,0,0.49702612
0,0,0.15352117
0,0,0.36827272
0,0,0.41202235
0,0,0.26811972
0,0,0.22078426
0,0,0.1541518
0,0,0.20048688
0,0,0.2560915
0,0,0.28435132
0,0,0.16988325
0,0,0.37526435
0,0,0.31449783
0,0,0.41029486
0,0,0.13387601
0,0,0.3266213
0,1,0.525351
0,0,0.17493139
0,0,0.13776991
0,0,0.38147447
0,0,0.2772806
0,0,0.15251733
0,0,0.4364811
1,0,0.27999026
1,0,0.3935672
1,0,0.45568883
0,0,0.14263579
1,0,0.48357537
0,0,0.34932178
0,1,0.50621814
0,0,0.3694472
0,0,0.29501376
0,0,0.32550788
0,0,0.14858618
0,0,0.25655058
0,0,0.14863476
0,0,0.14094006
0,0,0.486381
0,0,0.22118208
0,0,0.16909027
1,0,0.4192067
0,0,0.15033337
0,0,0.3407466
0,0,0.23449205
0,0,0.15204771
1,1,0.5546162
0,0,0.14141095
0,0,0.15441735
0,0,0.28482488
0,0,0.1534661
0,0,0.17348678
0,0,0.13793343
0,0,0.1419098
0,0,0.37235388
0,0,0.45103496
0,0,0.16630426
0,0,0.1563988
0,0,0.17470725
0,1,0.51964104
0,0,0.17027715
1,0,0.3524696
0,0,0.32831883
0,0,0.15441735
0,0,0.17935951
0,0,0.15290906
1,0,0.16714086
0,0,0.43646485
0,0,0.15920897
0,0,0.16655618
0,0,0.4357922
1,1,0.62052125
1,1,0.5766851
1,0,0.41195118
0,0,0.32968593
0,0,0.17378075
0,0,0.3788344
0,0,0.2769551
0,0,0.16869634
1,0,0.41640845
0,0,0.15732592
0,0,0.33772373
0,0,0.2427978
0,0,0.391702
0,0,0.1854531
0,0,0.32818913
0,0,0.33047676
1,1,0.5990174
0,0,0.13387601
0,0,0.1673938
0,0,0.22345184
0,0,0.14341798
0,0,0.43873528
0,0,0.32550788
1,0,0.2778462
0,0,0.14094006
0,0,0.4318839
0,0,0.29847524
0,0,0.17488407
0,0,0.36172768
0,0,0.28808957
0,0,0.17050214
0,0,0.15390366
0,0,0.32591903
0,0,0.22119603
0,0,0.13387601
0,0,0.15220644
1,1,0.5701862
0,0,0.17160562
0,0,0.37574103
0,0,0.32818913
0,0,0.15098621
0,0,0.24718137
0,0,0.22379002
0,0,0.4048123
0,0,0.22198732
0,0,0.15285218
0,0,0.2427978
0,0,0.22673018
1,0,0.43128434
0,0,0.25259635
0,0,0.3694472
0,0,0.22147873
1,0,0.4372701
0,0,0.1381636
0,1,0.559725
0,1,0.50778097
0,0,0.17627431
1,1,0.5175646
0,0,0.13387601
0,0,0.22013357
0,1,0.5561086
0,0,0.20656712
0,0,0.13793343
0,0,0.13387601
0,0,0.1521307
0,0,0.2556492
0,0,0.29918185
0,0,0.40884325
0,0,0.22098075
0,1,0.5299553
0,0,0.3694472
0,0,0.2552022
0,1,0.53125674
0,0,0.21228693
0,0,0.17451611
0,0,0.21422105
0,0,0.1534661
0,0,0.25382203
0,0,0.24002902
0,0,0.24189296
0,0,0.26666674
0,0,0.16897745
0,0,0.16973111
0,0,0.32256433
0,0,0.44002667
0,0,0.25898156
0,0,0.21770339
0,0,0.3724602
0,0,0.30098483
0,0,0.13793343
0,0,0.13756476
0,0,0.13387601
1,1,0.5275683
0,0,0.31080306
0,0,0.17592663
0,0,0.15632083
1,0,0.34023696
0,1,0.50429887
1,0,0.15957654
0,0,0.15795279
0,0,0.2778462
1,0,0.4972933
0,0,0.30142584
0,0,0.1673938
0,0,0.2541141
0,0,0.13387601
0,0,0.42933685
0,0,0.41034013
0,0,0.29874274
0,0,0.14249338
0,0,0.1779263
0,0,0.17685975
1,0,0.43892252
0,1,0.5561086
0,0,0.22345997
0,1,0.5586136
0,0,0.23190637
0,0,0.34932178
0,0,0.1782651
0,0,0.15329732
1,1,0.6603459
0,0,0.17091565
0,1,0.582905
0,0,0.16655618
0,0,0.15725543
0,1,0.51728076
0,0,0.2564909
0,0,0.16412662
0,0,0.15989144
0,1,0.5292691
0,0,0.13371655
0,0,0.17826086
0,0,0.2312425
1,0,0.40330613
0,0,0.15297061
0,0,0.25876167
0,0,0.32550788
0,0,0.18288098
0,0,0.14315324
0,0,0.38347834
0,0,0.15251733
1,0,0.4965515
0,0,0.15334988
0,0,0.13387601
0,1,0.51464057
0,0,0.14965999
0,0,0.1690597
0,0,0.15533741
0,0,0.15849368
0,1,0.53256726
0,1,0.5951249
0,0,0.28251588
0,0,0.22119603
0,0,0.16823412
0,0,0.16433376
0,0,0.23454729
0,0,0.2563188
0,0,0.16168228
0,0,0.47932535
0,1,0.5980943
0,1,0.52135885
0,0,0.1782651
1,0,0.40231887
0,0,0.17062557
0,0,0.15488243
0,0,0.16655618
0,0,0.1785498
0,0,0.15234274
0,1,0.56272626
0,0,0.25996837
0,1,0.6613257
0,0,0.4343354
0,0,0.14077355
0,0,0.13473369
0,0,0.20228694
0,0,0.18225388
0,0,0.20250638
0,0,0.34023696
0,0,0.13371655
0,0,0.13404918
0,0,0.44474286
0,0,0.17432112
0,0,0.14094006
0,0,0.23598604
0,0,0.153643
0,0,0.22383581
0,0,0.1780481
0,0,0.23887311
1,1,0.531642
0,0,0.367027
1,0,0.32600892
0,0,0.27342004
0,0,0.22253662
0,0,0.30361032
0,0,0.166973
0,0,0.4318839
0,0,0.3018265
0,0,0.42976135
0,1,0.58017397
0,0,0.15546311
0,0,0.37999034
1,0,0.29914135
1,1,0.5131253
0,0,0.43345985
0,0,0.17585297
0,0,0.14386539
0,1,0.5122626
0,0,0.45103496
0,0,0.16420719
0,0,0.17413011
0,1,0.64147824
0,0,0.14094006
1,0,0.33124343
0,0,0.34707654
0,0,0.14733149
0,0,0.28251588
0,0,0.21592577
1,1,0.58811617
0,0,0.16744341
0,0,0.14011157
0,0,0.17438468
0,0,0.15452689
1,1,0.59958327
1,1,0.65457875
0,0,0.17826086
0,0,0.16717164
0,0,0.43036035
0,0,0.33047676
0,0,0.32013476
0,0,0.17148268
0,0,0.17853338
0,0,0.46637982
0,0,0.13756476
0,1,0.51933587
0,0,0.22336946
0,0,0.42470843
0,0,0.15398891
0,0,0.17441574
0,0,0.21711539
0,1,0.5273842
0,1,0.5128805
0,0,0.16445392
0,0,0.1525651
0,0,0.28947622
0,1,0.5559609
0,0,0.351265
0,0,0.15455969
0,0,0.14782621
0,0,0.30274597
0,0,0.13653375
0,0,0.32509664
0,1,0.5935869
0,0,0.15668626
0,1,0.5138993
0,0,0.34550098
0,0,0.16362816
0,0,0.42530566
0,0,0.14666596
1,0,0.47355685
0,0,0.28192523
0,0,0.15840563
0,0,0.16803455
0,0,0.247238
0,0,0.32818913
0,0,0.15441735
0,0,0.2381517
0,0,0.14094006
0,0,0.15296616
0,0,0.14141095
0,0,0.21563122
0,1,0.52947634
0,0,0.13371655
0,0,0.3775451
0,0,0.239746
0,0,0.14094006
0,0,0.4774083
0,0,0.42872867
0,0,0.46774635
0,0,0.37574103
0,0,0.41056457
0,0,0.20505436
0,0,0.47703022
0,0,0.15319254
0,1,0.5474884
0,0,0.47912517
0,0,0.17010489
0,0,0.17582783
0,0,0.1755685
0,0,0.4299357
0,0,0.17113765
0,0,0.455064
0,0,0.32550788
0,0,0.13371655
0,0,0.13371655
0,1,0.51845896
0,0,0.13570586
0,0,0.31523046
0,0,0.3407466
0,1,0.51933587
0,0,0.46885806
0,0,0.40976322
0,0,0.15425007
0,1,0.53866315
0,0,0.17365769
0,1,0.5390467
0,0,0.2121073
0,0,0.1534661
0,0,0.1381636
0,0,0.17987387
0,0,0.20938534
0,0,0.13776991
0,1,0.52229154
0,0,0.18483739
0,0,0.1557311
0,0,0.1534661
0,0,0.16436285
0,0,0.2842326
0,0,0.21173686
0,0,0.153643
1,0,0.34932178
0,0,0.15190884
0,0,0.14077355
0,0,0.15297061
0,0,0.15619493
0,0,0.14310533
0,1,0.58710384
0,0,0.3008499
0,0,0.23197824
0,0,0.20340161
0,0,0.15800186
1,1,0.5561086
0,0,0.30274597
0,1,0.52486056
0,0,0.47142446
0,0,0.26010197
0,0,0.16032192
0,0,0.17285676
0,0,0.45485446
1,1,0.5978677
0,0,0.15596826
1,0,0.4586036
0,0,0.38347834
0,0,0.13371655
1,1,0.52927774
0,0,0.1779263
0,0,0.15524308
0,0,0.24834937
0,0,0.48416406
0,0,0.18092129
0,0,0.4318839
0,0,0.17471148
0,0,0.40627047
0,0,0.13750297
0,0,0.136239
0,0,0.22165379
0,0,0.4131909
0,0,0.15121
0,0,0.2076481
0,0,0.16495444
0,0,0.37601903
0,0,0.29580724
0,1,0.53866315
0,0,0.45093477
0,0,0.13387601
0,0,0.13776991
0,0,0.17479101
0,0,0.23065326
0,0,0.47509816
0,0,0.18648443
0,0,0.25473747
0,0,0.37353963
0,0,0.28011224
0,0,0.13387601
1,1,0.57711333
1,0,0.36561894
0,0,0.43837637
0,0,0.47860613
0,0,0.13371655
0,0,0.16386381
0,0,0.17499961
0,0,0.16420719
0,0,0.29077637
0,0,0.17721862
0,0,0.22608434
0,0,0.17479591
0,0,0.29717582
1,1,0.5777096
0,0,0.21915343
0,0,0.34995416
1,0,0.23851557
0,0,0.36561894
0,0,0.13960716
0,0,0.2774647
0,0,0.2778462
0,0,0.33548293
0,0,0.17070669
0,1,0.5241854
1,1,0.5286819
0,0,0.3462282
0,0,0.15259324
0,1,0.52712476
0,0,0.15633422
0,0,0.26842538
1,0,0.30486733
1,1,0.5319805
1,0,0.2059261
0,1,0.53006345
0,0,0.1745312
0,0,0.25868183
0,0,0.29801083
1,1,0.5291305
0,0,0.24823864
0,0,0.15854406
1,0,0.38403568
0,0,0.17587906
0,0,0.28191867
1,0,0.48192683
0,0,0.34297144
0,0,0.24364999
0,0,0.1364425
0,0,0.15989144
0,0,0.1742533
0,0,0.4987685
0,0,0.15297061
1,1,0.5398122
0,1,0.5013999
0,0,0.2871506
0,1,0.5975277
0,1,0.52819455
0,0,0.34707654
0,0,0.36339545
0,0,0.27775627
0,0,0.42530566
0,0,0.32509664
0,0,0.16925089
0,1,0.5460023
0,0,0.17784072
0,0,0.37353963
0,0,0.1519845
0,0,0.24586904
0,0,0.15425007
0,0,0.43128434
0,0,0.13371655
0,0,0.15425007
0,0,0.15420303
0,0,0.25868613
0,0,0.1534661
0,1,0.51160765
0,0,0.19662881
0,0,0.1347473
0,0,0.16607529
0,0,0.25517768
0,0,0.17470725
0,0,0.35311672
0,0,0.15390366
0,0,0.42956495
0,0,0.21628387
0,0,0.15778755
0,0,0.2774647
1,1,0.53398144
0,1,0.62936664
0,0,0.36798105
0,0,0.34297144
0,0,0.23766579
0,0,0.30098483
0,0,0.13637161
0,0,0.15340701
0,1,0.5988605
0,0,0.15659001
0,0,0.15659001
0,0,0.17380884
0,0,0.14719152
1,0,0.44875598
0,0,0.4318839
0,0,0.2802446
0,0,0.40998653
0,0,0.4150254
0,0,0.3962803
0,0,0.4359396
0,0,0.47860613
0,0,0.20155497
0,0,0.16726844
0,0,0.367027
0,0,0.32142878
1,1,0.5178706
0,0,0.29918185
0,0,0.15922113
0,0,0.2995808
0,0,0.14077355
0,0,0.17426941
0,0,0.2654276
0,0,0.1785498
0,0,0.14094006
0,0,0.4745005
0,0,0.29874274
0,0,0.2756732
0,0,0.14578612
0,0,0.25343665
0,0,0.15367104
0,0,0.43153873
0,0,0.47801808
0,0,0.21490847
0,0,0.23117398
0,0,0.33862495
0,1,0.5274838
0,0,0.32818913
0,1,0.56613904
0,0,0.21876466
0,0,0.41051748
0,0,0.2782668
0,0,0.15767375
0,0,0.1534661
0,0,0.15319254
1,0,0.31182405
0,0,0.36882117
0,0,0.13387601
0,0,0.13392706
0,0,0.22653072
0,0,0.18371287
0,0,0.15268628
0,0,0.1476629
0,0,0.3775451
0,0,0.15486658
1,1,0.5299562
0,0,0.17472258
1,1,0.58120525
0,0,0.16910344
1,0,0.34755647
0,1,0.54008263
0,0,0.4960416
0,1,0.51586086
0,0,0.3740481
0,0,0.15370429
0,0,0.33514005
0,0,0.1557311
0,0,0.13371655
0,0,0.31647414
0,0,0.21698076
0,0,0.28557512
0,0,0.28123063
0,0,0.15251733
1,1,0.6609648
1,0,0.351265
0,0,0.15708347
0,0,0.29918185
0,1,0.5116127
1,0,0.20824395
0,0,0.13637161
0,0,0.22114767
0,0,0.34707654
0,1,0.52808636
0,0,0.34725913
0,0,0.15370429
0,0,0.41751808
1,0,0.34658572
0,0,0.13457337
1,1,0.5709463
0,0,0.13776991
0,0,0.20144038
0,0,0.15614209
0,0,0.43897814
1,0,0.23647302
0,0,0.1519845
0,0,0.1525651
0,0,0.15769252
0,0,0.17702086
0,0,0.27788267
0,0,0.2975727
0,0,0.46356514
0,0,0.13960716
0,0,0.1734139
0,1,0.5561086
1,1,0.57342625
0,0,0.15268628
0,0,0.25507402
0,0,0.17402494
0,0,0.17307134
0,0,0.34932178
0,1,0.60233283
0,0,0.16691096
0,1,0.59829426
0,1,0.54201436
0,0,0.15854406
0,0,0.239746
0,1,0.652612
0,0,0.4691128
0,1,0.5266044
0,1,0.52213377
0,0,0.13371655
0,0,0.4668842
0,0,0.47236025
0,0,0.15189046
0,0,0.49254403
0,1,0.664657
0,0,0.20517823
0,0,0.37397042
0,0,0.27955925
0,0,0.15121
0,0,0.21729635
0,0,0.3186881
0,0,0.3725797
0,0,0.4956226
1,1,0.63065255
0,0,0.20750728
0,0,0.47244516
0,0,0.15703557
0,0,0.15098621
0,1,0.5990174
1,0,0.4953515
0,0,0.22354004
0,0,0.2962036
0,0,0.26716626
0,0,0.13371655
0,0,0.3922637
0,0,0.28237757
0,0,0.42933685
0,0,0.13371655
0,0,0.15297061
0,0,0.3317326
0,0,0.27342004
0,0,0.1733058
0,0,0.16714086
0,0,0.34932178
1,0,0.32901558
0,0,0.23475045
0,0,0.30740094
0,0,0.2453807
1,0,0.4357922
0,0,0.24273862
1,0,0.43036035
0,1,0.5286819
0,0,0.32797432
0,0,0.2842326
0,0,0.13371655
0,0,0.34707654
0,0,0.13960716
0,0,0.271695
0,0,0.13793343
1,1,0.6400041
0,0,0.23722948
0,0,0.1749917
0,0,0.1734139
0,0,0.34932178
0,0,0.13371655
0,0,0.43533877
0,0,0.15567139
0,0,0.1768277
0,0,0.3266213
0,1,0.52712476
0,0,0.17365769
0,0,0.34707654
0,0,0.17826086
0,0,0.29617754
0,0,0.1673938
0,0,0.15320605
0,0,0.4631633
0,0,0.28999963
0,0,0.16010892
0,0,0.2991099
0,1,0.5442706
1,0,0.34932178
0,0,0.21488456
0,0,0.13776991
0,0,0.36798105
0,0,0.15659001
0,0,0.30253667
0,0,0.26115224
0,0,0.16960527
0,0,0.15643026
0,0,0.41650003
1,0,0.23667905
1,1,0.5225567
0,0,0.14341798
0,0,0.14511313
0,1,0.5008015
0,0,0.2106317
0,0,0.34707654
0,0,0.16717164
0,0,0.1755066
0,1,0.5959985
0,0,0.30920175
0,0,0.14077355
0,0,0.16385625
0,0,0.13505553
1,0,0.47570765
0,0,0.33047676
0,0,0.4576464
0,0,0.4607504
0,1,0.5033199
0,0,0.1749917
0,1,0.5242719
0,0,0.13799985
0,0,0.13371655
0,1,0.5787562
0,0,0.3156832
1,0,0.40284136
0,0,0.1557311
0,0,0.15271099
1,1,0.54825324
0,0,0.25105074
0,0,0.2782668
0,0,0.43847507
1,0,0.16126181
0,0,0.15098621
0,0,0.25360763
0,0,0.31647414
0,0,0.36798105
0,0,0.27788496
0,0,0.13371655
0,0,0.21887963
0,0,0.28178364
0,1,0.51422536
0,0,0.43787155
0,0,0.14782597
0,0,0.3780991
0,0,0.34715778
0,0,0.40330613
0,0,0.49311814
0,0,0.25519088
0,1,0.5214363
0,0,0.15878989
0,1,0.639326
0,0,0.15297061
0,0,0.47486624
0,0,0.4682715
0,0,0.15895952
0,0,0.25493172
0,1,0.53415567
0,0,0.15659001
0,0,0.15329732
0,0,0.20353182
0,0,0.15204771
1,1,0.6592818
0,0,0.34297144
0,0,0.22639757
0,0,0.13457337
0,0,0.14029317
0,0,0.17160562
0,1,0.53769284
0,0,0.4813729
0,0,0.2776448
0,0,0.3780991
0,0,0.17242569
1,1,0.5243646
0,0,0.15296616
0,0,0.32901558
0,0,0.29810724
0,0,0.13617772
0,0,0.16973111
0,0,0.4774083
0,0,0.23682113
0,0,0.15121
0,0,0.36403245
0,0,0.20515008
0,0,0.24160378
1,0,0.46637982
1,0,0.22197914
0,0,0.15042797
0,0,0.15619493
0,0,0.15525888
1,0,0.4896849
0,0,0.42470843
0,1,0.5423473
0,0,0.1755685
0,0,0.22230858
0,0,0.2586099
0,0,0.42530566
0,0,0.1673938
1,0,0.47311717
0,0,0.15632083
0,0,0.38535023
0,0,0.15220644
0,0,0.21198393
0,0,0.14709172
0,0,0.42470843
0,0,0.16908638
0,0,0.22411315
0,0,0.47668612
0,0,0.17109932
0,1,0.5172583
0,1,0.519566
0,0,0.43639317
0,0,0.41667038
0,0,0.37043887
0,0,0.15524629
0,0,0.48002017
0,0,0.15708347
0,0,0.28482488
0,0,0.36809668
0,0,0.15524308
0,0,0.14211734
0,0,0.17426941
1,0,0.367027
1,1,0.58426315
0,0,0.15374804
0,0,0.15778755
0,0,0.28234962
0,0,0.43639317
0,1,0.51845896
0,0,0.20757619
0,0,0.3536552
0,0,0.2819532
0,0,0.18622115
0,0,0.4674793
0,0,0.20392326
0,0,0.17335735
0,0,0.41978243
0,0,0.15042491
0,0,0.14316402
0,0,0.27507403
0,0,0.13484296
0,0,0.16361775
0,0,0.4909966
1,1,0.64346176
1,0,0.47370464
0,0,0.30263582
0,0,0.21447957
0,0,0.18308353
0,0,0.17368142
0,0,0.17381048
0,0,0.15353763
0,0,0.24984851
0,0,0.30782098
0,0,0.2542024
0,0,0.4318839
1,0,0.4718859
0,0,0.15297061
0,0,0.13960716
0,0,0.19660598
0,0,0.15340701
0,0,0.4991399
0,0,0.37403718
0,0,0.15374804
0,1,0.5443365
0,0,0.32550788
0,0,0.1534661
0,0,0.1452839
0,0,0.22133979
0,0,0.22253662
0,0,0.49728116
0,0,0.22672394
0,0,0.15722132
0,0,0.13388954
0,1,0.5303497
0,1,0.5178706
0,0,0.15470392
0,0,0.31021807
0,0,0.21793361
0,0,0.15823622
0,0,0.17189573
0,0,0.28192523
0,0,0.18198341
0,0,0.24887428
0,0,0.34297144
0,0,0.33117157
0,0,0.2898003
0,0,0.29724175
0,1,0.50229114
0,0,0.1452839
0,0,0.27507403
0,0,0.17307134
0,0,0.15190884
0,0,0.34591633
0,0,0.2995808
0,0,0.24282603
0,0,0.4357922
0,0,0.23222508
0,0,0.25521764
0,0,0.14841248
0,0,0.14865598
0,1,0.5291895
0,0,0.32818913
0,1,0.6095623
0,1,0.6035014
0,0,0.2828139
0,0,0.16765507
0,0,0.17514116
0,0,0.17199506
0,0,0.14011157
0,0,0.22354004
0,0,0.13387601
0,0,0.16022877
0,0,0.17437798
0,1,0.55552673
0,0,0.37601903
0,0,0.32818913
1,0,0.47093248
0,0,0.19748512
0,0,0.15297061
0,0,0.15606539
0,0,0.13799985
0,0,0.2818589
0,0,0.4337934
1,0,0.4719186
0,0,0.3034717
0,0,0.15243843
0,0,0.15485764
0,0,0.37403718
0,0,0.13392706
0,1,0.5976743
0,0,0.15452181
0,0,0.38272947
0,0,0.15478349
0,0,0.351265
0,0,0.15524629
0,0,0.3725797
0,0,0.42470843
0,0,0.13989441
0,0,0.13371655
0,0,0.14077355
1,1,0.56424534
0,0,0.13799985
0,0,0.15524308
1,1,0.5953312
0,0,0.14965999
0,0,0.3271803
0,0,0.42049122
0,0,0.14971773
0,0,0.17160755
0,0,0.15399857
0,0,0.17307134
0,0,0.1377281
0,1,0.5202406
0,0,0.45112208
0,0,0.1381636
0,0,0.17358877
0,0,0.2782668
0,0,0.21783882
1,1,0.5307504
0,0,0.43464708
1,1,0.59503454
1,1,0.59958327
0,0,0.34932178
0,1,0.53009075
0,0,0.16436285
0,0,0.39740962
0,0,0.2319764
1,0,0.48266557
0,0,0.21876466
0,0,0.3266213
0,0,0.26973224
0,0,0.15425007
0,0,0.15569994
0,0,0.1586298
0,0,0.13371655
0,0,0.28154036
0,0,0.32818913
0,0,0.1785498
0,0,0.17568399
0,0,0.1826098
0,0,0.33389276
0,0,0.18366487
0,0,0.16607529
0,0,0.13586733
1,1,0.65779716
0,0,0.43837637
1,1,0.55926305
0,0,0.37821403
0,0,0.4318839
0,0,0.26329517
0,0,0.32818913
0,0,0.15391934
0,0,0.2654276
0,0,0.22107175
1,1,0.6222999
0,0,0.16897745
0,0,0.1742428
0,0,0.1664237
0,0,0.36561894
0,0,0.15297061
0,0,0.4736076
0,0,0.1381636
1,1,0.5142754
0,0,0.2128215
1,1,0.63226825
1,0,0.34346113
0,0,0.46801254
0,1,0.5241854
0,0,0.13371655
0,0,0.22253662
0,0,0.19649547
0,1,0.5750894
0,0,0.32550788
0,0,0.17716062
1,0,0.43446273
0,0,0.18102355
0,0,0.14006005
0,0,0.16988325
0,0,0.15829329
0,0,0.29501376
0,0,0.14094006
0,0,0.3388671
0,0,0.27300403
0,0,0.1384994
0,0,0.15956014
0,0,0.31602082
0,0,0.17698376
0,0,0.22011071
0,0,0.15633422
0,0,0.47570765
0,0,0.16715513
0,0,0.1825913
1,0,0.15251733
0,0,0.14920367
0,0,0.1583375
0,0,0.20265202
0,0,0.26442602
0,1,0.511586
0,0,0.17471148
0,0,0.32550788
0,0,0.15374804
0,0,0.16655618
0,0,0.25650197
0,0,0.3285494
0,1,0.54374504
0,0,0.13387601
0,0,0.13484296
0,0,0.13960716
0,0,0.15352117
0,0,0.4725659
0,0,0.4684044
1,0,0.1581392
0,0,0.17470725
0,0,0.35311672
0,0,0.14382051
0,0,0.43273064
0,0,0.14505696
0,0,0.17721862
0,0,0.42530566
0,0,0.1768277
0,0,0.26927125
0,0,0.27503553
0,0,0.31437972
0,0,0.29810724
0,0,0.47791702
1,0,0.46495622
0,0,0.14782597
0,0,0.3715014
0,0,0.13505553
0,1,0.59163165
0,0,0.31895694
0,0,0.15340701
0,0,0.29580724
0,0,0.20743652
0,0,0.21228693
0,0,0.37353963
0,0,0.16740184
0,0,0.15398891
0,0,0.15525888
0,0,0.13733988
0,0,0.1499989
0,0,0.42470843
0,1,0.5114442
0,0,0.1785498
0,0,0.34541425
0,0,0.13960716
0,0,0.26842538
0,0,0.3581941
0,0,0.33022985
0,0,0.20182928
0,0,0.17040525
0,0,0.1537525
0,0,0.1476348
0,0,0.15524308
0,0,0.1534661
0,0,0.27554703
0,0,0.1534661
0,0,0.20291908
0,0,0.38717258
0,0,0.2519248
0,0,0.34707654
0,0,0.4832751
0,0,0.1381636
1,1,0.5282324
0,0,0.15761036
0,0,0.37529254
0,1,0.6650547
0,0,0.29874274
0,0,0.16972063
0,0,0.2603526
0,0,0.2779476
0,0,0.15340701
1,0,0.40877095
0,0,0.44323075
1,1,0.5561086
0,0,0.17588134
0,0,0.37961707
0,0,0.22083579
0,0,0.13594994
0,0,0.15320605
0,0,0.20016077
0,0,0.13371655
0,0,0.263697
0,0,0.1570393
1,1,0.55533373
0,0,0.47799632
0,0,0.17322372
0,0,0.17307383
0,0,0.3271803
0,0,0.39290375
0,0,0.17627431
0,0,0.13960716
0,0,0.34822565
0,0,0.1673938
0,0,0.1690294
0,0,0.17382999
0,0,0.43553147
0,0,0.16765507
0,0,0.23679717
0,0,0.37625527
0,0,0.35944673
0,0,0.13371655
0,0,0.47460863
0,0,0.28302556
0,0,0.1832323
0,0,0.27870673
0,1,0.57579994
0,0,0.17826086
0,0,0.17612343
0,1,0.52408785
1,1,0.5988605
0,0,0.20918404
0,0,0.15455969
0,0,0.13665639
0,0,0.15273103
0,0,0.14293668
0,0,0.24786717
0,0,0.2206141
1,0,0.16931096
0,0,0.1703174
0,0,0.2102556
0,0,0.30018744
0,0,0.21720669
0,0,0.15391934
0,0,0.15567377
0,0,0.49795112
0,0,0.20187257
0,0,0.15425007
0,0,0.15039845
0,0,0.13799985
0,0,0.1785498
0,0,0.20153381
0,0,0.2059261
1,1,0.6100456
0,0,0.28354198
0,0,0.17526557
0,0,0.22635888
0,1,0.529512
0,0,0.14175333
0,0,0.2603526
0,0,0.13776991
0,0,0.1673938
1,0,0.15919739
0,0,0.22962648
0,0,0.13989311
0,0,0.1780481
0,0,0.16726844
0,0,0.19229302
0,0,0.25669742
0,0,0.26485154
0,1,0.59642524
0,1,0.5931244
0,0,0.367027
1,0,0.1734139
1,1,0.55410403
0,0,0.2553762
0,0,0.4631633
0,0,0.20782864
0,0,0.25099546
0,0,0.15374804
0,0,0.3724602
0,1,0.5120829
0,0,0.16444351
0,0,0.2574662
1,0,0.36734107
0,0,0.46004492
0,0,0.19775328
0,0,0.16143589
0,1,0.5404447
0,0,0.33047676
0,0,0.1785498
0,0,0.15551162
0,1,0.5788227
0,1,0.53415567
1,0,0.17110835
0,0,0.30486733
0,1,0.5212738
0,0,0.15546311
0,0,0.34932178
0,0,0.1729634
0,0,0.18262471
0,1,0.58197385
0,0,0.1673938
0,0,0.22816658
0,0,0.36798105
0,0,0.26736954
0,0,0.16940948
0,0,0.27300403
0,1,0.59642524
0,0,0.37625527
0,1,0.52245426
0,1,0.53700167
0,0,0.15551396
0,0,0.27465644
1,1,0.639326
0,0,0.13799985
1,1,0.5969073
0,0,0.15144075
0,0,0.15585627
0,0,0.15659001
0,0,0.24625772
0,1,0.51613414
0,0,0.40695322
0,0,0.32818913
0,0,0.23088713
0,0,0.14989297
0,1,0.5964901
0,0,0.4290965
0,0,0.34932178
0,0,0.15585627
0,0,0.17487293
1,0,0.3684864
0,0,0.15320605
0,0,0.25992796
0,1,0.5873952
0,0,0.13387601
0,0,0.3724602
0,0,0.36798105
0,1,0.61845285
0,0,0.17036276
0,0,0.1349078
0,1,0.58120525
0,0,0.2196501
0,0,0.14552425
0,0,0.15150353
0,0,0.34308684
0,0,0.28252006
0,0,0.17298174
0,0,0.45796764
0,1,0.5563343
0,1,0.6070513
1,1,0.5584131
1,0,0.29918185
0,0,0.25391835
0,1,0.52563983
0,0,0.16444351
0,0,0.17160562
0,0,0.23512897
1,1,0.623175
0,0,0.26356715
0,0,0.43938646
0,0,0.13596365
0,0,0.17307134
0,0,0.15538289
0,0,0.43096066
0,0,0.2098843
0,0,0.23771693
0,0,0.46827123
0,0,0.13601595
0,0,0.3308824
0,0,0.25623772
0,0,0.15340701
0,0,0.21005002
0,0,0.15827109
0,0,0.1785498
0,0,0.23066297
0,1,0.58130556
0,0,0.1521307
0,0,0.32550788
0,0,0.40559924
0,0,0.3923417
0,0,0.15769252
0,1,0.5964707
0,0,0.1368188
0,0,0.17659874
0,0,0.25484702
0,0,0.23240991
0,0,0.48360118
0,0,0.17091565
0,0,0.13387601
0,0,0.14386539
0,0,0.1403984
0,0,0.1401273
0,1,0.5769896
0,0,0.4674708
0,0,0.37529254
0,0,0.32550788
1,0,0.4652957
0,0,0.15674058
0,0,0.14095418
0,0,0.17853338
0,0,0.1521307
0,0,0.17530221
0,0,0.47560668
0,0,0.3375067
0,0,0.16655618
0,0,0.42530566
0,1,0.63309354
0,0,0.42470843
0,0,0.32818913
0,0,0.27874282
0,0,0.15390366
0,1,0.5050018
0,0,0.17903899
1,1,0.5691114
0,0,0.31647414
0,0,0.4699275
0,0,0.13371655
0,0,0.37296808
0,0,0.4843838
0,0,0.48033166
0,0,0.2256154
0,1,0.5299553
0,0,0.22627339
0,0,0.37235388
0,0,0.13776991
0,0,0.22520338
0,0,0.27696645
0,0,0.4048123
0,0,0.2102556
0,0,0.43128434
0,0,0.18416196
0,1,0.5121125
0,1,0.5247949
0,0,0.2212836
0,0,0.21005002
0,0,0.43639317
1,1,0.5472152
0,0,0.17328276
0,0,0.13776991
1,0,0.31523046
0,0,0.4904932
0,0,0.222625
0,0,0.2230371
1,1,0.55773467
0,0,0.15251733
0,0,0.41844228
0,0,0.3397263
1,0,0.3287813
0,1,0.58161885
0,0,0.13594994
1,1,0.5795998
0,0,0.2148584
0,0,0.44045842
0,0,0.33733714
0,0,0.43096066
0,0,0.43693
0,0,0.17195736
0,0,0.2989772
1,0,0.33047676
0,0,0.15286152
0,0,0.2178421
0,0,0.13659517
0,0,0.3156832
1,1,0.5108664
0,0,0.16908638
0,0,0.1525651
0,0,0.17564824
0,0,0.22203527
0,0,0.22157453
0,0,0.3156832
0,0,0.15251733
0,0,0.16869634
0,0,0.30740094
0,0,0.40788534
0,0,0.39364153
0,0,0.28990734
0,0,0.26965293
0,0,0.37625527
0,0,0.14094006
1,0,0.34822565
0,0,0.40551823
0,0,0.15441735
0,0,0.43450946
0,1,0.58307534
1,0,0.48317477
0,0,0.30695477
0,0,0.48446986
0,0,0.15471463
0,0,0.17903085
0,0,0.21781608
0,0,0.16744341
0,0,0.42470843
1,0,0.37529254
0,0,0.20603378
0,0,0.17124523
0,0,0.1633824
0,0,0.13371655
0,0,0.1758378
0,0,0.15390366
0,0,0.19775328
0,0,0.17629504
0,0,0.20601772
0,0,0.14998046
0,0,0.15296616
0,0,0.16740184
0,1,0.52759
1,1,0.6587853
0,0,0.38299763
1,0,0.36798105
0,0,0.46045834
0,0,0.3488025
0,0,0.23338501
0,0,0.25764063
0,0,0.17368142
0,0,0.15956014
0,0,0.32818913
0,1,0.51669276
0,0,0.42688712
0,0,0.17080747
0,0,0.1736893
0,0,0.25989625
0,0,0.17400117
0,1,0.584898
0,0,0.21946998
0,0,0.15571329
0,0,0.15391934
0,0,0.13371655
0,0,0.2281089
0,0,0.2754535
0,0,0.21696156
0,0,0.16900569
0,0,0.30055794
1,1,0.52216053
0,0,0.3186763
0,0,0.16715077
0,1,0.51623785
0,0,0.17293696
0,0,0.15329732
0,0,0.15398891
0,1,0.5964707
0,0,0.35478172
0,0,0.26108855
0,0,0.36882117
0,1,0.5781318
0,0,0.32818913
0,0,0.3261187
0,0,0.17307134
0,0,0.15956014
1,1,0.55855155
0,0,0.23628592
0,0,0.3271803
0,0,0.43433774
0,0,0.14077355
0,0,0.17335735
0,0,0.17820212
0,0,0.367027
0,0,0.17533726
0,0,0.15398891
0,0,0.15471463
0,0,0.1349078
0,0,0.13387601
0,0,0.31517088
0,0,0.32961687
1,0,0.16714086
0,0,0.42470843
0,0,0.14971773
0,1,0.50855553
0,1,0.50264996
0,0,0.13793343
0,0,0.21786787
0,0,0.15930808
0,0,0.17532612
0,0,0.16873161
0,0,0.2995808
0,0,0.28446504
0,0,0.20194995
0,0,0.17629504
0,0,0.14920367
0,0,0.28689384
0,0,0.15398891
0,0,0.16908452
0,0,0.28766003
1,0,0.14444159
0,0,0.2056821
0,0,0.1782764
0,0,0.3409067
1,1,0.5350813
1,1,0.55238485
0,0,0.47801808
0,0,0.17460273
0,1,0.50167096
0,0,0.17235531
1,0,0.49326566
0,0,0.15425007
0,0,0.37744597
0,1,0.5085499
0,0,0.24339795
0,0,0.14341798
0,0,0.3715014
0,0,0.15398891
0,0,0.3923417
0,0,0.22360389
0,0,0.34308684
0,0,0.13371655
0,0,0.15350412
0,0,0.3747114
0,0,0.13473369
0,0,0.34297144
0,0,0.13371655
0,0,0.13733988
0,0,0.39364153
0,0,0.15159166
0,0,0.13371655
0,0,0.20201652
1,1,0.55990887
0,0,0.22310787
0,0,0.13505553
0,0,0.3285494
0,0,0.20756902
0,1,0.5091607
0,0,0.16909027
0,0,0.15329732
0,0,0.37926206
0,0,0.36753187
0,0,0.151431
0,0,0.2778462
0,0,0.30142584
0,0,0.3156832
0,0,0.22733596
0,0,0.17155917
0,0,0.35311672
0,0,0.49974805
0,0,0.2603526
0,0,0.23668495
0,1,0.5990174
0,0,0.13371655
0,0,0.45284033
1,0,0.23821029
0,0,0.15886447
0,0,0.13960716
0,1,0.51062953
0,0,0.17903869
0,0,0.14555441
0,0,0.15042797
0,0,0.33309537
0,0,0.22002348
0,0,0.22123578
0,0,0.42813018
0,0,0.37226728
0,0,0.47539645
0,0,0.36690795
0,0,0.19893175
1,1,0.59958327
0,0,0.3724602
1,0,0.3425974
0,0,0.1435871
0,0,0.16869634
0,1,0.52773166
0,1,0.525994
0,0,0.15234274
0,0,0.14207743
0,0,0.13799985
0,0,0.16558203
0,0,0.17218457
1,1,0.5256502
0,0,0.13601595
0,0,0.15121
0,0,0.17377265
0,0,0.3649832
0,0,0.14099336
0,1,0.59543234
0,0,0.20637178
0,1,0.5202526
0,0,0.17629504
0,0,0.34765032
0,0,0.32164532
0,1,0.54079676
0,0,0.23797867
1,1,0.50621194
0,0,0.22345184
0,0,0.22605276
0,0,0.25509912
0,0,0.13960716
0,0,0.32509664
0,0,0.49009985
0,0,0.15121
0,0,0.1401273
0,0,0.17497551
0,0,0.17322366
0,0,0.16058598
0,0,0.16157503
0,0,0.21954824
0,0,0.3715014
0,0,0.15859209
0,0,0.47568592
0,0,0.1521307
0,1,0.54821503
0,0,0.15329732
1,1,0.527707
0,1,0.5004708
0,0,0.13473369
0,0,0.4651859
0,0,0.2056377
0,0,0.15204771
0,0,0.26256743
1,0,0.1861158
1,0,0.47488803
0,0,0.15320605
0,0,0.15452181
0,0,0.15329732
0,0,0.32818913
0,0,0.2453807
0,0,0.28234962
0,0,0.23619412
0,0,0.1534661
0,1,0.5169867
0,0,0.17437798
0,0,0.31709546
0,0,0.17141497
0,0,0.15632083
0,0,0.36403245
0,0,0.36453557
1,0,0.30173424
1,1,0.56574947
0,0,0.26295254
0,0,0.1762055
0,0,0.19793664
0,0,0.24308589
0,0,0.23340671
0,0,0.13645282
0,0,0.20822772
0,0,0.16964729
0,0,0.22737314
0,0,0.45375618
0,0,0.33671388
0,0,0.37744597
0,0,0.15815236
0,0,0.32818913
0,1,0.5511342
0,1,0.5796929
0,1,0.5259059
1,0,0.48046762
0,0,0.14447346
0,0,0.15243843
0,0,0.14969938
0,0,0.38272947
0,0,0.37829632
0,0,0.2597938
1,0,0.22603346
0,0,0.15251733
0,0,0.31227386
0,0,0.15374804
0,1,0.6148442
0,0,0.17399007
0,0,0.16655618
1,0,0.46759728
0,0,0.15121
0,0,0.17694679
0,0,0.1826098
0,0,0.39420417
0,0,0.47570765
0,0,0.15251733
0,0,0.16361775
0,0,0.43639317
0,0,0.1745312
1,0,0.38347834
0,0,0.1762055
0,0,0.32533178
0,0,0.15347312
0,0,0.32922277
0,0,0.25542635
0,0,0.28941005
0,0,0.32067737
0,0,0.41811252
0,0,0.3488025
0,0,0.21621582
1,0,0.2773749
0,0,0.34144795
0,0,0.4357922
0,0,0.29857048
1,1,0.59958327
0,0,0.45101342
0,0,0.15251733
0,0,0.15832637
0,0,0.28144968
0,0,0.21157095
0,0,0.1452839
1,0,0.1785498
0,0,0.2624006
0,0,0.25410822
0,0,0.2528713
0,0,0.18036917
0,0,0.2230371
0,0,0.16303252
0,0,0.13776991
1,1,0.5982513
0,0,0.18184078
0,0,0.1679153
0,0,0.17205676
0,0,0.15243843
0,0,0.17998378
0,0,0.47509816
0,1,0.585804
0,0,0.17461026
0,0,0.43782705
0,0,0.15121
0,0,0.3724602
0,0,0.27596548
0,0,0.3271803
0,1,0.5441614
0,0,0.14511313
0,0,0.16015795
0,0,0.4711915
0,1,0.51638395
1,0,0.4288579
1,1,0.6066512
0,0,0.21525589
0,0,0.22310787
0,0,0.15327755
0,0,0.16436285
0,0,0.13371655
0,0,0.23866943
0,0,0.49854025
0,0,0.15320605
1,1,0.59111136
0,0,0.14416124
1,0,0.35649917
0,1,0.5004708
0,0,0.35017374
0,0,0.18185638
0,0,0.15329732
0,1,0.5333618
0,0,0.3271803
0,0,0.16394494
1,0,0.15319254
0,0,0.15524308
0,0,0.34707654
0,0,0.2818345
0,1,0.55247414
0,0,0.15921655
0,0,0.28999963
0,1,0.57402307
0,0,0.17338037
0,0,0.32818913
0,0,0.24927458
0,0,0.15274024
1,0,0.37926206
0,0,0.16052175
0,0,0.2839696
0,0,0.18364316
1,1,0.5324324
0,0,0.16617826
0,1,0.59695035
0,0,0.1349078
0,0,0.3728508
1,0,0.43511003
0,0,0.15861754
0,0,0.43832076
0,0,0.34012583
0,0,0.41029486
0,0,0.43639317
0,0,0.34456164
0,0,0.13371655
1,1,0.5833991
0,0,0.3448503
0,0,0.16458066
0,0,0.16936165
0,0,0.29897186
0,0,0.36995342
0,0,0.22031726
0,0,0.367027
0,1,0.5572481
0,0,0.2897057
0,0,0.15769252
0,0,0.26337352
0,0,0.16744341
0,0,0.1673938
0,0,0.4372262
0,0,0.15525888
0,0,0.28694293
0,0,0.49097142
0,0,0.4318839
1,0,0.4799406
0,0,0.39050856
0,0,0.13371655
0,0,0.23221281
0,0,0.46495622
0,0,0.15667497
0,0,0.32901558
0,0,0.43770754
0,0,0.24034898
0,0,0.34932178
0,0,0.15329732
0,0,0.14094006
0,0,0.27304238
0,0,0.2588106
0,0,0.37500122
0,0,0.3676531
0,0,0.33004832
1,0,0.464966
0,0,0.36995342
0,0,0.26581216
1,1,0.58488363
1,1,0.6581988
1,0,0.15320605
0,0,0.14207743
0,0,0.3934783
0,0,0.15886447
0,0,0.1452839
0,0,0.1435871
0,0,0.13960716
0,0,0.45485446
1,1,0.5865324
0,0,0.1519845
0,0,0.2876996
0,0,0.4955013
0,0,0.13793343
0,0,0.24465011
0,0,0.367027
0,0,0.15767375
0,0,0.31138736
0,0,0.17520373
0,0,0.27465644
0,0,0.15390366
1,1,0.52712476
0,0,0.355595
0,0,0.17148735
0,1,0.53006107
0,0,0.15633422
0,0,0.2711876
0,0,0.15390366
0,0,0.15220644
0,0,0.23654738
0,0,0.15472725
0,0,0.2577525
0,0,0.1417911
0,0,0.17383
0,0,0.17784072
0,0,0.45103496
0,0,0.15678674
0,0,0.1534661
0,0,0.27540538
0,0,0.27634516
0,0,0.15166204
0,0,0.15233968
0,0,0.3425974
0,0,0.13410029
0,0,0.367027
0,0,0.13776991
0,0,0.4327587
0,0,0.13989441
0,0,0.13733988
0,0,0.2560915
0,0,0.20425852
0,0,0.22345184
0,0,0.14077355
0,1,0.53125674
0,0,0.13653375
0,0,0.30076036
0,0,0.43128434
0,1,0.51093185
0,0,0.49889404
0,0,0.17609824
0,0,0.49725497
0,0,0.20643584
1,1,0.557238
0,0,0.17546411
0,0,0.32968593
0,0,0.2602563
1,1,0.53700167
0,0,0.17322366
0,0,0.43386236
0,1,0.59543097
0,0,0.15297061
0,0,0.14293668
0,0,0.14458273
0,0,0.21228693
0,0,0.28234962
0,0,0.21787949
0,0,0.19825567
1,1,0.5988175
0,1,0.5104968
0,1,0.51816815
0,0,0.21729635
0,0,0.3650725
0,0,0.45856047
0,0,0.15290906
0,1,0.55026275
0,0,0.34707654
0,1,0.63163745
1,1,0.5822008
0,0,0.17335735
0,0,0.48544207
0,0,0.32818913
0,0,0.27788496
0,0,0.30253148
1,1,0.5160819
0,0,0.22721675
0,0,0.2774647
0,0,0.13387601
0,0,0.3185431
0,0,0.28027326
0,0,0.36420172
0,0,0.37625527
0,0,0.1476629
0,0,0.13637161
0,0,0.20880967
0,0,0.42470843
0,0,0.21002509
0,0,0.17060384
0,0,0.13989441
0,1,0.53640467
0,0,0.15390366
0,0,0.16436285
0,0,0.17015912
0,0,0.23553264
0,0,0.13387601
1,1,0.5319814
0,0,0.38146707
0,0,0.16888827
0,0,0.24636512
1,1,0.64650476
0,0,0.49370274
0,0,0.1785498
0,0,0.4318839
0,0,0.13756476
0,0,0.26449418
0,1,0.55689555
0,0,0.15329732
0,0,0.32818913
0,0,0.2215664
0,0,0.14358038
0,0,0.13371655
0,0,0.15217927
0,0,0.21906054
1,1,0.51113707
0,0,0.15668626
0,1,0.64048785
0,0,0.29617754
0,0,0.4671745
0,0,0.37448955
0,1,0.50400376
0,0,0.15234274
0,0,0.28351408
0,1,0.51128316
0,0,0.43511003
0,1,0.64122176
0,0,0.24989961
0,0,0.23829849
0,1,0.5779185
0,0,0.46476784
0,0,0.14987913
0,0,0.15320605
0,0,0.42530566
0,0,0.15268628
0,0,0.34172696
0,0,0.32698417
0,0,0.17152858
1,1,0.62748504
0,0,0.14386539
0,0,0.14450791
0,0,0.31953594
0,0,0.33923915
0,0,0.17414747
0,0,0.14099336
0,1,0.52745014
1,1,0.5790783
0,0,0.13371655
0,0,0.23303537
0,1,0.5941553
0,0,0.2782668
0,0,0.1454575
0,1,0.5959999
0,1,0.51763725
0,0,0.21957082
0,0,0.17471148
1,1,0.62432307
0,0,0.14258204
0,0,0.3715014
0,0,0.16696578
0,1,0.5960991
0,0,0.14077355
0,0,0.17629504
0,0,0.15022153
0,0,0.17076074
0,0,0.15678674
0,0,0.13617772
0,0,0.3375067
0,0,0.20988525
0,1,0.5119291
0,0,0.1725389
0,0,0.26442602
0,0,0.3317326
0,0,0.3547189
0,0,0.17585297
0,1,0.5242719
0,1,0.5120829
0,0,0.32550788
0,0,0.15546851
0,0,0.43897238
0,1,0.55861825
0,0,0.15364295
0,0,0.40290737
0,0,0.1729003
0,0,0.28689992
0,0,0.18308353
0,0,0.1557311
0,0,0.15329732
0,1,0.52292085
0,0,0.15290906
0,0,0.15732752
0,0,0.13750297
0,0,0.3425974
0,0,0.16050112
0,1,0.583199
0,0,0.36420172
0,0,0.21141566
0,1,0.54127103
0,0,0.1349078
0,0,0.22355714
0,0,0.29420167
0,0,0.22555469
0,0,0.23617995
0,0,0.15102528
0,0,0.315471
0,0,0.34023696
0,0,0.35478172
0,0,0.15121
0,0,0.25864252
0,0,0.15273103
0,0,0.1381636
1,0,0.47942638
0,0,0.13793343
1,0,0.3488025
0,0,0.47801808
0,0,0.24978311
0,0,0.19209091
0,0,0.22253662
0,0,0.17160562
0,0,0.17592603
0,0,0.17368987
0,0,0.15930808
0,0,0.2995808
0,0,0.18114157
0,0,0.4886524
0,0,0.45485446
1,0,0.32818913
0,0,0.27507403
0,0,0.2603526
1,0,0.43938902
1,1,0.59034085
1,0,0.43036035
0,0,0.37744597
0,0,0.13505553
0,0,0.25153267
0,0,0.21447957
1,0,0.20122755
0,1,0.5952736
0,0,0.15329732
0,0,0.13989441
0,0,0.2166024
0,0,0.45230854
0,1,0.5936056
0,0,0.21342681
0,0,0.2101361
0,0,0.48969656
0,1,0.50508285
0,0,0.14341798
1,0,0.37393767
0,0,0.13387601
0,0,0.13371655
0,0,0.15121
0,0,0.303286
0,1,0.53796846
0,0,0.18411282
1,0,0.16545019
0,0,0.33061948
0,0,0.46749252
0,0,0.17791285
0,0,0.15121
0,0,0.1347473
0,0,0.41250494
0,0,0.17400117
0,0,0.24577662
0,0,0.4702264
0,0,0.28377584
0,0,0.22286674
0,0,0.15251733
0,0,0.23449205
0,0,0.4157367
0,0,0.15464067
0,0,0.18806322
0,0,0.2819532
0,0,0.1521307
0,1,0.59543234
0,0,0.4785051
0,0,0.24581246
0,0,0.20199433
0,0,0.15659001
1,0,0.38308686
0,0,0.16691096
0,0,0.19773005
1,1,0.5125439
0,0,0.43639317
0,0,0.3182249
0,0,0.15659001
0,0,0.3157544
0,0,0.47719485
0,1,0.5091445
0,0,0.15351191
0,0,0.21797961
0,0,0.15660414
0,0,0.4337934
0,0,0.2971753
0,0,0.2073598
0,0,0.3775451
0,0,0.43787155
0,0,0.2132125
0,0,0.24962229
0,0,0.33309537
0,0,0.2101361
0,0,0.21702172
0,0,0.15956014
0,1,0.5242719
1,0,0.43639317
0,0,0.2995808
0,0,0.37200877
0,0,0.2614569
0,0,0.42530566
0,0,0.38147447
0,1,0.5200006
0,0,0.4357922
0,0,0.15329732
0,0,0.13387601
1,1,0.5246051
0,0,0.1762055
0,0,0.16928108
0,0,0.29612648
0,1,0.510844
0,0,0.21663171
0,0,0.13960716
0,1,0.56546456
0,1,0.61269176
0,0,0.1534661
0,0,0.16974847
0,0,0.47140962
1,1,0.52178895
0,0,0.17160562
0,0,0.4372701
0,0,0.17236531
0,0,0.15930808
0,0,0.15761036
1,0,0.4107694
0,0,0.34707654
0,0,0.32550788
0,0,0.15290906
1,0,0.4915604
0,0,0.1499989
0,0,0.43096066
0,0,0.33457735
0,0,0.32818913
0,0,0.27260014
0,0,0.34715778
0,0,0.13387601
0,0,0.2204819
0,1,0.55621773
0,0,0.34541425
0,0,0.39486843
0,0,0.2072319
0,0,0.37574103
0,0,0.21785392
0,0,0.16714086
1,0,0.4299357
0,0,0.17654318
0,0,0.49777147
0,0,0.46879688
0,0,0.13371655
0,0,0.16790324
0,0,0.16010892
0,0,0.13601595
0,0,0.44045842
0,1,0.57819563
0,0,0.37593597
1,0,0.46752486
1,0,0.47305432
0,0,0.153643
0,0,0.4843971
0,0,0.13387601
1,1,0.5988175
0,0,0.24095164
0,0,0.23980108
0,0,0.15606539
0,0,0.27507403
0,0,0.16883527
0,1,0.52621156
0,0,0.30155897
0,0,0.17356652
0,0,0.26639277
0,0,0.13457337
0,0,0.2494981
0,0,0.16314404
0,0,0.4665243
0,0,0.16782828
0,0,0.15296616
1,0,0.21197154
0,0,0.1519845
0,0,0.13793343
0,0,0.15969142
0,0,0.13371655
0,1,0.52604777
0,0,0.17437798
0,0,0.13371655
0,0,0.15188813
0,0,0.31890365
0,0,0.17589654
0,0,0.14458273
0,0,0.13799985
0,0,0.4318839
0,0,0.3650725
0,0,0.29580724
0,0,0.40817362
0,0,0.13799985
0,0,0.19354616
0,0,0.19604054
0,0,0.3724602
0,0,0.29914135
0,0,0.34523076
1,1,0.5241854
0,0,0.31220213
1,0,0.43128434
0,0,0.17472258
1,1,0.5209364
0,0,0.37110513
0,0,0.15121
0,0,0.32550788
0,0,0.17612343
0,0,0.49019763
0,0,0.13828158
1,1,0.5766521
0,0,0.15656808
0,0,0.37353963
0,0,0.13371655
0,0,0.20917661
1,0,0.47488803
0,0,0.3626349
0,0,0.4343659
0,0,0.153643
0,0,0.1452839
1,1,0.5285846
0,0,0.13699518
0,0,0.15060107
0,0,0.16691096
0,0,0.15778755
0,1,0.664657
0,0,0.44416094
0,0,0.20636617
1,1,0.5988605
0,0,0.15243843
0,0,0.23395002
0,0,0.15190884
0,0,0.16691096
0,0,0.13989441
0,0,0.17337416
0,0,0.16655618
0,0,0.32818913
0,1,0.5990174
0,0,0.17365769
0,0,0.21183608
0,0,0.3870329
0,1,0.58130556
0,0,0.17903899
0,0,0.19498023
0,0,0.47860613
0,0,0.1825913
0,0,0.17662984
0,0,0.21095847
1,0,0.44060415
0,0,0.43639317
0,0,0.15220644
0,0,0.15166204
0,0,0.1347473
0,0,0.13387601
0,0,0.1732316
0,0,0.17466044
0,0,0.15524629
0,0,0.17110835
0,0,0.2995808
0,0,0.14447346
0,0,0.15678674
0,0,0.15398891
0,0,0.19689143
0,0,0.16431768
0,0,0.2782668
0,0,0.44464564
0,1,0.50778097
0,1,0.5306698
0,0,0.13404918
0,0,0.47539645
0,0,0.1452839
0,0,0.3787532
0,0,0.15524308
0,0,0.13387601
0,0,0.18367842
0,1,0.5787852
0,0,0.15320605
0,0,0.14505696
0,1,0.5050232
0,0,0.16546987
0,0,0.371817
0,0,0.40528083
0,0,0.17348523
0,0,0.376629
0,0,0.3874016
1,1,0.6563579
0,0,0.27676436
0,0,0.17053819
0,0,0.15786785
0,0,0.15633422
0,0,0.22645591
0,0,0.21011464
0,0,0.14943808
0,0,0.36882117
1,0,0.49943897
0,0,0.15778755
0,0,0.2505365
1,1,0.5307504
0,0,0.22846909
0,0,0.15307514
0,0,0.15144075
0,0,0.37075278
0,1,0.5483203
0,0,0.3923417
0,0,0.47592682
0,0,0.14719152
0,0,0.17794383
0,0,0.17238781
0,1,0.50521445
0,0,0.34707654
0,0,0.4372701
1,0,0.19705519
0,0,0.33828673
1,1,0.5008015
0,0,0.2759261
1,1,0.5854701
1,0,0.4965782
0,0,0.13521634
0,0,0.46859387
0,0,0.26892698
1,0,0.32818913
0,0,0.38595426
0,1,0.59829426
0,0,0.49887222
0,1,0.5913977
0,0,0.1749734
0,0,0.32633084
0,0,0.262792
1,0,0.14643721
1,0,0.41059542
0,0,0.21007241
0,0,0.18024825
0,0,0.17368142
0,1,0.5880067
0,0,0.15930808
0,0,0.13371655
0,0,0.4141877
0,0,0.32880253
1,1,0.50916636
0,0,0.34297144
0,0,0.21965235
0,0,0.48046762
0,0,0.33004832
0,0,0.22147873
0,0,0.15895952
0,0,0.15464067
0,0,0.15659001
0,0,0.43511003
0,0,0.14310533
0,0,0.39430547
0,0,0.4667322
0,0,0.1347473
0,0,0.1403984
0,0,0.29810724
0,0,0.4820279
0,0,0.1719992
1,1,0.5242719
0,0,0.28646538
0,0,0.15236777
0,0,0.4150254
0,0,0.13387601
0,0,0.22178207
0,0,0.16362816
0,0,0.35017374
0,0,0.13457337
0,0,0.14094006
0,1,0.55591565
0,0,0.13387601
0,0,0.22081685
0,0,0.468066
0,0,0.43096066
0,0,0.24677417
0,0,0.3276756
0,0,0.21240869
0,0,0.45796764
0,0,0.1347473
1,0,0.3751412
0,0,0.15329732
0,1,0.5253826
0,0,0.3271803
0,0,0.29887366
0,0,0.14077355
0,0,0.367027
0,0,0.37353963
0,0,0.3357141
0,0,0.13617772
1,1,0.55591565
0,0,0.1772502
1,0,0.43386236
0,0,0.17744818
1,1,0.505997
0,0,0.3724602
0,0,0.36827272
0,0,0.22985773
0,0,0.20425652
0,0,0.48131135
1,1,0.6650547
0,0,0.3724602
0,0,0.2595548
0,0,0.16740184
0,0,0.1779263
0,0,0.13473369
1,0,0.43386236
0,0,0.25978234
0,0,0.16240361
0,0,0.45385945
0,0,0.38347834
0,0,0.14094006
0,0,0.22921532
0,1,0.6587853
1,0,0.40789387
0,0,0.40962157
0,0,0.2175222
0,0,0.25181323
0,1,0.5199692
0,0,0.27612752
0,0,0.13854979
0,0,0.31947127
0,0,0.33124343
0,0,0.15391934
0,0,0.17199506
0,0,0.3156832
0,0,0.16143589
0,1,0.52670985
0,0,0.1357884
0,0,0.21245636
0,0,0.13371655
0,0,0.3199627
0,0,0.4359396
0,0,0.17532612
0,1,0.53277516
0,0,0.26156482
0,0,0.38347834
0,0,0.15686479
0,0,0.24313419
0,0,0.46852592
0,0,0.15887365
0,0,0.15442677
0,0,0.18123229
0,0,0.4290965
0,0,0.18254042
0,0,0.1500741
0,0,0.1670756
0,0,0.16936165
0,0,0.20501141
0,0,0.15398891
0,0,0.2918047
0,0,0.24327451
0,0,0.24980292
0,1,0.5931499
0,1,0.5241854
0,0,0.3542424
1,0,0.4337934
0,0,0.32818913
0,0,0.22146809
0,0,0.18735321
0,0,0.17987387
0,0,0.46908596
1,1,0.51160765
0,0,0.18177174
0,0,0.17205676
0,0,0.15659001
0,0,0.15829329
0,0,0.32550788
0,1,0.53013194
0,0,0.15606539
0,0,0.2056377
0,0,0.29461968
0,0,0.16883527
0,0,0.15391934
0,1,0.52625346
0,0,0.27365205
0,0,0.2757098
0,0,0.42976135
0,1,0.5621463
0,0,0.36798105
0,0,0.32818913
1,1,0.53256726
1,0,0.37973565
0,0,0.1682357
0,0,0.17189573
0,0,0.4684818
0,0,0.16931096
0,0,0.15329732
1,0,0.28002787
0,0,0.23733748
0,0,0.4582921
0,0,0.14077355
0,0,0.4845088
0,0,0.2778462
0,0,0.37124687
1,0,0.16049023
0,1,0.6152668
0,0,0.32818913
0,0,0.3018265
0,1,0.52208954
0,0,0.2212836
0,1,0.5237441
0,0,0.13756476
0,0,0.2363052
0,0,0.15282574
0,0,0.17592663
0,0,0.3287813
0,0,0.4729694
0,0,0.20123674
0,0,0.29043123
0,0,0.29914135
0,0,0.17169593
0,0,0.23282807
0,0,0.15166204
0,0,0.26902753
0,0,0.32818913
0,0,0.16973111
0,0,0.3694472
0,0,0.15220644
0,0,0.25920242
0,0,0.21359311
1,0,0.29914135
0,0,0.36753187
0,0,0.32818913
0,0,0.17522377
0,0,0.3271803
0,0,0.22354004
0,0,0.15251733
1,1,0.50461465
0,0,0.17637503
0,0,0.1381636
0,0,0.2157735
0,0,0.41391867
0,0,0.38593253
0,1,0.5436217
1,1,0.51492774
0,0,0.30486733
0,0,0.16655618
0,0,0.15390366
0,0,0.16883527
0,0,0.1565061
0,0,0.2096835
0,0,0.13387601
1,0,0.39740962
0,0,0.38921255
0,1,0.55533373
0,0,0.36798105
0,0,0.21087769
0,0,0.1734139
0,0,0.17585297
0,0,0.15827659
0,0,0.13944197
0,0,0.15175977
0,0,0.19973686
0,0,0.2755856
0,0,0.1611331
0,0,0.30527055
0,0,0.3713952
0,0,0.1673938
0,0,0.42530566
0,0,0.15251733
0,0,0.15521982
0,0,0.16250017
0,0,0.15549298
0,0,0.17010489
0,0,0.16936165
0,0,0.15251733
0,0,0.17716487
0,0,0.1781624
0,0,0.24263825
0,0,0.14795174
0,0,0.43598634
1,0,0.3684864
0,0,0.4627715
0,0,0.1682357
0,0,0.48490268
0,0,0.15352117
0,1,0.52720654
0,0,0.20493709
0,0,0.34256575
0,0,0.23438628
0,0,0.15370429
0,0,0.14733149
0,1,0.65287566
0,0,0.13387601
0,0,0.2215664
0,0,0.47857702
0,0,0.34707654
0,0,0.44060415
0,1,0.59942627
0,0,0.15983376
0,0,0.15390366
0,0,0.21729635
0,0,0.16607529
0,0,0.32388017
0,0,0.40627047
0,0,0.32633084
0,0,0.14667916
0,0,0.20543963
0,0,0.23933479
0,0,0.17437798
0,0,0.36798105
0,0,0.17820767
0,0,0.19928756
0,1,0.52485967
0,0,0.32797432
1,0,0.43787155
0,0,0.13387601
0,0,0.26279482
0,0,0.21437122
1,1,0.51487046
0,0,0.36506957
0,0,0.2842326
0,0,0.17438468
0,0,0.46517
0,0,0.47235802
0,0,0.34172696
0,0,0.15390366
0,0,0.4805538
0,0,0.17903899
0,0,0.19836098
0,0,0.3724602
0,0,0.13387601
1,0,0.34707654
1,0,0.27661094
0,0,0.4261771
0,0,0.15251733
0,1,0.5964901
0,0,0.13921002
0,0,0.3406661
1,0,0.17160562
0,0,0.16984777
0,0,0.15425007
0,1,0.5004708
0,0,0.25894082
0,0,0.23395795
0,0,0.18044819
0,0,0.13793343
0,0,0.31227386
0,0,0.1742533
0,0,0.26819333
0,0,0.15390366
0,0,0.13371655
0,0,0.15606539
0,0,0.46791747
0,0,0.20465043
0,0,0.28999963
0,0,0.16420719
0,0,0.2803434
0,0,0.1537525
0,0,0.21685714
0,0,0.47104284
0,0,0.22452274
0,1,0.51046395
0,0,0.14969938
0,0,0.17558454
0,0,0.24050753
0,1,0.5178706
0,0,0.13371655
0,0,0.14617379
0,0,0.16792643
0,0,0.15304606
0,0,0.14468925
0,0,0.2933622
0,0,0.14879078
0,0,0.20471331
0,0,0.17745177
1,0,0.43897814
0,0,0.47678378
1,0,0.25996077
0,0,0.15555434
0,0,0.2560915
0,0,0.2995808
1,0,0.41471493
0,0,0.14511313
0,0,0.15958132
0,0,0.22603346
0,0,0.28192523
1,0,0.49450508
0,0,0.22362868
0,0,0.3271803
0,0,0.38595426
0,0,0.1349078
0,0,0.16997242
1,0,0.43972147
0,0,0.1519845
0,1,0.5624155
0,0,0.1459139
0,0,0.1670756
0,0,0.36734107
0,0,0.16717164
0,0,0.37014517
0,0,0.15190884
0,0,0.3830989
0,0,0.27413672
0,1,0.53866315
0,1,0.5266543
0,0,0.1765377
0,0,0.23561457
0,0,0.3934783
0,0,0.13387601
0,0,0.3009584
0,0,0.45543885
0,0,0.27955925
1,1,0.65939456
0,0,0.4136241
0,0,0.43506488
0,0,0.13750297
0,0,0.2806961
0,0,0.16972063
0,0,0.15995167
0,0,0.16161151
0,0,0.36798105
1,1,0.5976743
0,0,0.3045894
0,0,0.20917661
0,0,0.20620298
0,0,0.20353182
0,1,0.62099075
0,0,0.37296808
1,1,0.6587853
1,0,0.45856047
0,0,0.13776991
0,0,0.24296366
0,0,0.47598428
0,0,0.32818913
0,1,0.59695035
0,0,0.38403568
0,0,0.22106662
0,0,0.34932178
0,0,0.4565134
0,0,0.3524696
0,0,0.30314764
0,0,0.30881667
0,0,0.14651349
0,0,0.3724602
0,0,0.1782651
0,1,0.6013888
1,0,0.23340671
0,0,0.32744992
0,0,0.32245246
0,0,0.3734188
0,0,0.46800014
0,0,0.2215664
0,0,0.15326035
0,0,0.43787155
0,0,0.1755066
0,0,0.14782597
0,0,0.13793343
0,1,0.5189885
0,0,0.25810483
0,0,0.43450946
0,0,0.20242807
0,0,0.4337934
0,0,0.17109138
1,1,0.664657
0,1,0.5492598
0,0,0.17868249
0,0,0.15398891
0,0,0.13536377
0,0,0.17888954
0,0,0.17383415
0,0,0.13371655
0,0,0.20838064
0,0,0.13387601
0,0,0.15985614
0,0,0.13702765
0,0,0.21518989
1,0,0.459359
0,0,0.18262471
0,0,0.15887365
0,1,0.5617647
0,0,0.3540201
1,0,0.1673938
0,0,0.13392706
1,0,0.43386236
0,0,0.1541518
0,0,0.14094006
0,0,0.1682357
0,0,0.1690597
0,0,0.15659001
0,0,0.19913481
0,0,0.15765344
1,0,0.39050856
0,0,0.15220644
1,0,0.41273516
0,0,0.17375793
0,0,0.1728171
1,0,0.4331932
0,0,0.2782668
0,0,0.17322366
0,0,0.14358038
0,0,0.43096066
0,0,0.48018554
0,0,0.15544534
0,0,0.17430885
0,0,0.13601595
1,0,0.15243843
0,0,0.34448683
0,0,0.25302318
0,0,0.13750297
0,0,0.22568938
0,0,0.16917884
1,1,0.6459902
0,0,0.15398891
0,0,0.3156832
0,0,0.32818913
0,1,0.59618294
0,0,0.21882808
0,0,0.17145245
0,1,0.51703596
0,0,0.13387601
1,0,0.36172768
0,1,0.594084
0,0,0.47311717
0,1,0.62383586
0,0,0.14511313
0,0,0.20673476
0,1,0.53772444
0,0,0.17878434
0,0,0.43787155
0,0,0.43639317
0,1,0.5990174
0,0,0.21728164
0,0,0.17622797
0,0,0.15870823
0,0,0.30065638
0,0,0.37414482
1,0,0.41289684
0,0,0.32245246
0,0,0.17987387
0,0,0.21685684
0,0,0.1525651
0,0,0.1419098
0,0,0.15464067
1,1,0.55026275
0,0,0.17365769
0,0,0.43892252
0,0,0.37926206
0,0,0.3375067
0,0,0.1755066
1,0,0.44416094
0,0,0.1755066
0,0,0.30142584
0,1,0.51131845
0,0,0.44962606
1,0,0.2900372
0,0,0.1755066
0,0,0.28018308
0,0,0.17307134
0,0,0.4633161
0,0,0.2749736
0,0,0.1825913
0,0,0.15963894
0,1,0.5108834
0,0,0.16655618
0,0,0.38347834
0,0,0.29901236
0,0,0.3694472
0,0,0.15398891
0,0,0.14006005
0,1,0.59570056
0,0,0.43183395
1,0,0.45267925
0,0,0.43335873
0,0,0.15227927
0,0,0.43897814
0,0,0.13371655
0,0,0.26047835
0,0,0.34932178
0,0,0.14780803
0,0,0.18367842
1,0,0.36798105
0,1,0.5317094
0,0,0.22327764
1,0,0.47883824
0,0,0.37448955
0,0,0.15524629
0,0,0.14077355
0,0,0.21614714
1,0,0.49158552
0,0,0.16909027
0,0,0.17835088
0,0,0.17878434
0,0,0.13617772
0,0,0.4805289
0,0,0.27775627
0,0,0.2006495
1,0,0.367027
0,0,0.14879078
0,0,0.15251733
0,0,0.1435871
0,0,0.45233428
0,0,0.15340701
0,0,0.18268465
0,0,0.43897238
0,0,0.15268628
0,0,0.15268628
0,0,0.15320605
0,0,0.13601595
0,0,0.14330654
0,0,0.37235388
0,0,0.15425007
0,0,0.17341395
0,0,0.49492928
0,0,0.17745177
0,0,0.1749917
0,0,0.1662665
0,0,0.16349247
0,0,0.44251195
0,0,0.3684916
0,1,0.5788227
0,0,0.14760427
0,0,0.1673938
0,0,0.4846654
0,0,0.4518081
0,0,0.33047676
0,0,0.21882808
0,0,0.4417058
0,0,0.16587785
0,0,0.1521307
0,0,0.3156832
1,0,0.33862495
0,0,0.19827756
0,0,0.20547873
0,1,0.51285225
0,0,0.1789189
0,0,0.23724003
0,0,0.14029317
0,0,0.1785498
0,0,0.2839285
0,0,0.20397563
0,0,0.46768472
1,1,0.5334181
0,1,0.6587853
0,0,0.27503553
0,0,0.1381636
1,1,0.5225678
0,1,0.58891785
0,0,0.13799985
0,0,0.22185257
0,0,0.36120015
0,0,0.15704401
0,0,0.38651294
0,0,0.15391934
0,0,0.4318839
1,0,0.4687792
0,0,0.14879078
0,0,0.29874274
0,0,0.367027
0,0,0.47609827
0,0,0.13776991
1,0,0.2611059
1,1,0.65918636
0,0,0.14065966
0,0,0.17402494
0,0,0.22244868
0,1,0.54270035
1,1,0.5914364
0,0,0.17211881
1,1,0.52088565
0,0,0.15829329
0,0,0.31733292
0,0,0.14077355
0,0,0.27874726
0,0,0.29773718
0,1,0.5107526
1,0,0.16765507
0,0,0.42530566
0,1,0.58344686
0,1,0.50211984
0,0,0.16436285
0,0,0.16444351
0,0,0.2782668
0,0,0.1593019
0,0,0.36899725
0,0,0.35017374
0,0,0.35478172
0,0,0.17514534
0,0,0.33074158
0,0,0.4718859
0,0,0.13776991
0,1,0.5822008
0,0,0.4780225
0,0,0.24134368
0,0,0.16444351
0,1,0.52357435
0,0,0.1683691
0,0,0.14094006
1,0,0.4633161
0,0,0.24447072
0,1,0.5421154
0,0,0.15121
1,1,0.5260039
0,0,0.13937497
0,0,0.33980387
0,0,0.13371655
0,0,0.13387601
0,0,0.1749917
0,0,0.23538177
0,0,0.204882
0,1,0.5823216
0,0,0.14272386
0,0,0.3649832
0,0,0.27456
0,0,0.15963894
0,0,0.13371655
0,0,0.13387601
0,0,0.22083457
0,0,0.1785498
0,0,0.2389711
0,0,0.14382051
0,1,0.63986695
0,0,0.13473369
0,1,0.5004708
0,0,0.2218094
0,0,0.4739129
0,0,0.1519845
0,0,0.44772807
0,0,0.31602082
0,0,0.39364153
0,0,0.30311805
0,0,0.21309195
0,0,0.16993077
1,0,0.4762955
0,0,0.29761308
0,0,0.13387601
0,0,0.22203527
1,1,0.5485819
0,0,0.38651294
0,0,0.17365769
0,0,0.13960716
0,0,0.15963894
0,0,0.30300173
0,0,0.23579828
0,0,0.13960716
1,0,0.45375618
0,0,0.14077355
0,0,0.13371655
0,0,0.14511313
0,0,0.27852994
1,1,0.5928175
1,0,0.48107585
0,0,0.24530332
1,1,0.5688325
0,0,0.1703882
0,0,0.17348523
1,0,0.41980183
0,0,0.21932423
0,0,0.14341798
0,0,0.37819883
0,0,0.2540006
0,0,0.15220644
0,0,0.17205676
0,0,0.38651294
0,0,0.19736288
1,0,0.39364153
0,0,0.35679486
0,0,0.16977394
0,0,0.14863476
0,0,0.34932178
0,0,0.20354734
0,1,0.5341886
1,0,0.33772373
0,0,0.34932178
0,0,0.3172287
0,0,0.3385114
0,0,0.20304151
0,0,0.1485933
0,0,0.46749252
0,1,0.5364157
0,0,0.13793343
0,1,0.5541752
0,0,0.15296616
1,1,0.62231296
0,0,0.13387601
0,0,0.31539577
0,0,0.43892252
0,0,0.25253922
0,0,0.13601595
0,0,0.21900485
0,0,0.17627431
0,0,0.14124398
0,0,0.16953126
0,0,0.17471148
0,0,0.36403245
0,0,0.1633824
1,0,0.40801638
0,0,0.17370036
0,0,0.43128434
0,0,0.47779137
1,0,0.34297144
0,0,0.21211992
0,0,0.23688515
0,0,0.31947127
0,1,0.5175752
0,0,0.15546311
0,0,0.15319254
0,0,0.45252314
1,0,0.1782764
0,0,0.13371655
0,1,0.55591565
0,0,0.1633824
1,0,0.33862495
0,0,0.1547429
1,1,0.55475485
0,1,0.64576536
0,0,0.45536014
0,0,0.13371655
0,0,0.14341798
0,0,0.34822565
0,0,0.23715161
0,0,0.19662881
0,0,0.20162207
1,0,0.34665203
1,0,0.4394838
0,0,0.21906054
0,0,0.13387601
0,0,0.2632173
0,0,0.3740481
0,0,0.3713952
0,0,0.16765507
0,0,0.28234962
0,1,0.5027308
0,0,0.17368142
0,0,0.2561773
0,0,0.20688306
0,0,0.15268628
0,0,0.15305275
0,0,0.1537525
0,0,0.15398891
0,0,0.1966175
0,0,0.1610669
0,0,0.39290375
0,0,0.13387601
0,0,0.4318839
0,0,0.13617772
0,0,0.16964573
1,1,0.58591366
0,0,0.21785392
0,0,0.2778462
0,0,0.3388671
0,0,0.13601595
1,0,0.32179102
0,0,0.27788496
0,0,0.28742248
0,0,0.22454347
0,0,0.1550613
0,1,0.5392487
0,0,0.43446273
0,0,0.3271803
0,1,0.5421154
0,0,0.13811772
0,0,0.13371655
0,0,0.32550788
0,0,0.17399007
0,0,0.45161855
0,0,0.15633422
0,0,0.4926766
0,0,0.15704401
0,0,0.21061787
0,1,0.5142797
0,0,0.3650725
0,0,0.21625376
0,0,0.1713897
0,0,0.39106965
0,0,0.28482488
0,0,0.43128434
0,0,0.43128434
0,0,0.13371655
0,0,0.2582412
0,0,0.43036035
0,0,0.1755066
0,0,0.42470843
0,1,0.6613257
0,0,0.15721115
1,0,0.4782284
0,0,0.31949022
0,0,0.15297061
0,0,0.4794224
0,0,0.13387601
0,0,0.14487796
0,0,0.16361775
0,0,0.20824341
1,0,0.38052943
0,0,0.13944197
0,0,0.17377265
0,0,0.4318839
0,0,0.35017374
0,0,0.49102503
0,0,0.14141095
0,0,0.14292385
0,0,0.17671245
0,0,0.27788496
1,1,0.5754996
0,0,0.13960716
0,0,0.17627431
1,1,0.59003127
0,0,0.4711915
0,0,0.25153267
1,1,0.5990174
0,0,0.13387601
0,0,0.20750728
0,0,0.46852592
0,0,0.16775468
0,0,0.22604126
1,1,0.52720654
0,0,0.15297061
1,1,0.59703785
0,1,0.5947633
0,0,0.46995592
0,0,0.31567875
0,0,0.13387601
0,0,0.43096066
0,0,0.46899125
0,0,0.16829807
0,0,0.15391934
0,0,0.15319254
0,0,0.32818913
0,0,0.48266557
0,0,0.15891543
0,0,0.14923275
0,0,0.29918185
0,0,0.30700806
0,0,0.17348678
0,0,0.367027
0,0,0.49071512
0,0,0.16775468
0,0,0.39871517
0,0,0.3038739
0,0,0.15546311
0,0,0.13473369
1,1,0.5945596
0,0,0.15521474
0,0,0.24022289
0,0,0.34082925
0,0,0.14077355
0,0,0.16996412
0,0,0.32818913
0,0,0.25977975
1,0,0.45062858
0,0,0.351265
0,0,0.1547429
0,0,0.17461026
0,0,0.15320605
0,0,0.15632083
0,0,0.2636815
0,0,0.17057692
1,1,0.5990174
0,0,0.42976135
0,0,0.15275663
0,0,0.21505184
0,1,0.51487046
0,0,0.17153028
0,0,0.15351191
0,1,0.5146867
0,0,0.14023241
0,0,0.16630426
0,0,0.15398891
0,0,0.15786785
0,0,0.47534576
1,1,0.5924086
1,1,0.52506256
0,0,0.17062557
0,1,0.51845896
0,0,0.2560915
0,0,0.26848248
0,0,0.15425007
0,0,0.32818913
0,0,0.43128434
0,0,0.1499989
1,0,0.4614414
0,0,0.17901738
0,0,0.17437798
0,0,0.14077355
0,1,0.51971984
0,0,0.37353963
0,0,0.37947488
0,0,0.15525888
0,0,0.22360389
0,0,0.14799961
0,0,0.28508216
1,1,0.664657
0,0,0.4838222
0,0,0.15221623
0,0,0.4357922
0,0,0.15741026
0,0,0.1781624
0,0,0.25955787
0,1,0.5209364
0,1,0.6401535
0,0,0.47370464
0,0,0.3715014
1,1,0.66296965
0,0,0.15544409
0,0,0.15166204
0,0,0.16146703
0,0,0.48141775
0,0,0.21770339
1,0,0.45103496
0,0,0.27788496
0,0,0.15374804
0,0,0.13371655
0,0,0.46899125
0,0,0.15399857
0,0,0.32800543
0,0,0.34448683
0,0,0.3647476
0,0,0.22181475
0,0,0.15364295
0,0,0.1581392
0,0,0.41089523
0,0,0.20746717
0,0,0.14112088
0,0,0.29810724
0,0,0.43128434
0,0,0.13387601
0,0,0.20179568
0,0,0.2608449
0,1,0.6609648
0,1,0.5990174
1,1,0.5933862
0,0,0.25000507
1,0,0.4318839
0,0,0.2407929
0,0,0.17239775
1,0,0.34932178
0,0,0.1779263
0,0,0.26155812
0,0,0.42813018
0,0,0.14124398
0,0,0.4147808
1,0,0.47170752
0,0,0.1357884
1,0,0.17335735
0,0,0.3524696
0,0,0.20559868
0,0,0.1972135
0,0,0.15329732
1,1,0.6473933
0,0,0.1673938
1,0,0.2585223
0,0,0.15295266
0,0,0.48094168
0,0,0.20702048
1,1,0.52827936
0,0,0.33124343
0,0,0.1782313
0,0,0.14325237
1,1,0.59543097
0,1,0.51830125
0,0,0.15633422
1,1,0.55591565
0,0,0.43128434
1,1,0.5706101
0,0,0.15633422
0,0,0.4898464
0,1,0.52563983
0,0,0.4318839
0,0,0.13404918
0,0,0.28999963
0,0,0.1725389
0,0,0.1803886
0,0,0.2995808
0,0,0.28255847
0,1,0.57920665
0,0,0.15551396
0,0,0.1583375
0,0,0.39364153
1,0,0.2987158
0,0,0.43787155
0,0,0.28625584
1,1,0.53277516
0,0,0.37235388
0,0,0.13570586
0,1,0.61155653
0,0,0.16410695
0,0,0.15190884
0,0,0.15740934
0,0,0.3684864
0,1,0.63448286
0,0,0.14141095
0,1,0.6403336
0,0,0.17689419
0,0,0.17161077
0,0,0.13500355
0,0,0.15498056
0,0,0.15606539
0,0,0.16740184
0,0,0.31599045
0,1,0.5535929
0,1,0.59958327
0,0,0.16655618
0,0,0.18354072
0,0,0.27465644
0,0,0.14023241
0,0,0.1604576
0,0,0.45776802
1,0,0.20214543
0,0,0.3167794
1,1,0.5990174
1,1,0.5865508
0,0,0.14447346
0,0,0.41158906
0,0,0.43273064
1,0,0.32550788
0,0,0.3524696
1,1,0.52539456
0,0,0.16630426
0,0,0.20284042
0,0,0.13388954
0,0,0.36172768
0,0,0.13371655
1,1,0.5097553
0,0,0.32550788
0,0,0.21816418
1,0,0.40732133
0,0,0.19804883
0,1,0.54421055
1,0,0.36882117
1,0,0.41811252
0,0,0.3203241
1,0,0.24543525
0,0,0.34456164
0,0,0.27638382
0,0,0.28382877
0,0,0.21192396
0,0,0.22699606
0,0,0.16765507
0,0,0.15347312
0,0,0.24195339
0,0,0.2883943
0,0,0.16909197
0,0,0.44401553
0,0,0.22673018
0,0,0.43258658
1,1,0.54156864
0,0,0.24094234
0,0,0.17160562
0,0,0.22178207
0,0,0.35944673
0,0,0.2906003
0,0,0.215227
1,0,0.16361775
0,0,0.17589375
0,0,0.17756763
0,0,0.34750092
0,0,0.1521307
0,0,0.15374804
0,0,0.49084994
0,0,0.45847386
0,0,0.15668626
0,0,0.13371655
0,1,0.53259665
0,0,0.16757205
0,0,0.4733986
0,0,0.16949177
0,0,0.27788267
0,0,0.13733988
0,0,0.13756476
0,0,0.31832558
0,0,0.16765507
0,0,0.47568592
0,0,0.28354198
0,0,0.17080747
0,0,0.4130973
0,1,0.5990174
0,1,0.5256648
0,0,0.3725797
0,0,0.16964251
0,0,0.1673938
0,0,0.1521307
0,0,0.13750297
1,1,0.51744825
0,1,0.5050014
0,0,0.40424463
0,0,0.15175977
0,0,0.22921814
0,0,0.13371655
0,1,0.5049459
0,0,0.2754535
0,0,0.436483
0,0,0.14029317
0,0,0.15390366
0,0,0.13612537
0,0,0.1381636
0,0,0.15340701
0,0,0.153643
1,0,0.48117828
0,1,0.5333618
0,1,0.5584131
0,0,0.15166204
0,0,0.1357884
0,0,0.151431
0,0,0.21089868
0,0,0.13776991
0,0,0.22278577
0,0,0.1452839
0,0,0.28341168
0,0,0.44328302
0,0,0.47568592
0,0,0.4299357
1,1,0.5561086
0,1,0.5064324
0,0,0.21486555
0,0,0.15329732
0,0,0.13371655
1,1,0.5430588
1,1,0.57916945
0,0,0.26432747
0,0,0.30138516
0,0,0.14835094
0,0,0.33686927
0,0,0.15888101
0,0,0.3187412
0,0,0.15319254
0,1,0.5098966
0,0,0.26967457
0,0,0.41980183
0,0,0.20336182
0,0,0.14116007
0,0,0.15921114
0,0,0.22419511
0,0,0.21925525
0,0,0.15925056
0,0,0.45485446
0,0,0.33176
0,0,0.27507403
0,0,0.13473369
0,0,0.15398891
0,0,0.1521307
0,0,0.15524308
0,0,0.45375618
0,0,0.13960716
0,0,0.19774756
0,0,0.38347834
0,0,0.45991018
0,0,0.45694304
0,1,0.59570056
0,0,0.15098621
0,1,0.5305693
0,0,0.17924623
0,0,0.19497095
0,0,0.21568006
0,0,0.13387601
1,1,0.5988175
0,0,0.15765344
0,0,0.17826086
0,0,0.41980183
0,0,0.26083195
0,0,0.21550278
0,0,0.28483024
0,0,0.15659001
0,0,0.17530221
0,0,0.14511313
0,1,0.56036246
0,0,0.14117423
0,0,0.29722473
0,0,0.36708465
0,0,0.21729635
0,0,0.2995808
0,0,0.30780604
0,0,0.351265
0,0,0.23279548
0,0,0.16883527
0,0,0.16973111
0,0,0.17368142
0,0,0.24988475
0,0,0.3923417
0,1,0.5793165
0,0,0.21588442
0,0,0.14923275
0,0,0.1710072
0,0,0.28350273
0,0,0.17453127
0,1,0.53912306
0,0,0.17987947
0,0,0.49284962
0,1,0.5209514
1,1,0.6654227
1,0,0.37296808
0,1,0.53700167
0,0,0.21181335
0,0,0.170565
0,0,0.22056928
0,1,0.53277516
0,0,0.43128434
1,1,0.5225104
0,0,0.28311652
0,0,0.15399732
0,0,0.14780803
0,1,0.5128369
0,0,0.20684676
0,1,0.51706624
0,0,0.17626186
0,0,0.15390366
0,0,0.38347834
1,0,0.4713236
0,0,0.17365769
0,0,0.15766333
0,0,0.13776991
1,1,0.56424534
0,0,0.13371655
0,0,0.44238982
0,0,0.18395382
0,0,0.14077355
0,0,0.2148584
0,0,0.16977394
0,0,0.13387601
0,1,0.5319805
0,0,0.13387601
0,0,0.17876586
0,0,0.22959216
0,0,0.1603675
0,0,0.13640101
0,0,0.32774326
0,0,0.21906054
1,0,0.45470357
0,0,0.38272947
1,0,0.33796534
0,0,0.20824905
1,1,0.58074504
1,0,0.33047676
0,0,0.47668612
0,0,0.38403568
0,0,0.19805147
1,0,0.30784938
0,0,0.17659874
0,0,0.24257848
0,0,0.16050112
0,0,0.41913557
0,0,0.21541584
0,0,0.31988835
0,0,0.43450946
0,1,0.53853744
0,1,0.57944405
0,0,0.13750297
0,0,0.205952
0,0,0.13408673
0,0,0.32901558
0,0,0.46116704
0,0,0.3156832
0,0,0.2782668
1,0,0.4497948
0,0,0.13371655
0,0,0.16519162
0,0,0.15668626
1,1,0.52879065
1,0,0.17426941
0,0,0.16691096
0,0,0.18224195
1,0,0.4957683
0,0,0.48133266
1,1,0.58102405
1,1,0.59958327
0,0,0.15350062
0,1,0.520951
0,0,0.15930808
0,0,0.13799985
0,0,0.26853508
0,0,0.17954467
0,0,0.14982772
0,1,0.50341463
0,0,0.43526968
0,0,0.3375067
0,0,0.14865598
0,0,0.2754535
0,0,0.43658742
0,0,0.21869248
0,0,0.17826086
1,1,0.5872802
0,0,0.1745312
0,0,0.14743125
1,0,0.23489137
0,0,0.22253662
0,0,0.15391934
0,0,0.16952209
0,0,0.1673938
0,0,0.21857241
0,0,0.16691096
0,0,0.38535023
0,0,0.17687993
0,0,0.25430563
0,1,0.5384206
0,0,0.1516567
1,0,0.4716518
1,0,0.49146277
0,0,0.26040757
0,0,0.13473369
0,0,0.42470843
0,0,0.2594934
0,0,0.4912182
0,0,0.4192067
0,0,0.31066686
0,0,0.34707654
0,0,0.1381636
0,0,0.15340701
0,0,0.15290906
0,0,0.27269912
0,0,0.17365769
1,0,0.32836044
0,0,0.43128434
0,0,0.1547429
0,1,0.5524438
0,0,0.15398891
0,0,0.32800502
0,0,0.29717582
0,0,0.17514113
0,1,0.51376796
0,0,0.13617772
1,1,0.5305693
0,0,0.13387601
0,0,0.15297061
0,0,0.15576042
0,0,0.33599463
0,0,0.14077355
0,0,0.42976135
0,0,0.45632306
0,0,0.4687319
0,0,0.47028315
0,0,0.15297061
0,0,0.24440923
0,0,0.16985644
0,0,0.2564909
0,0,0.16988325
0,0,0.3440296
0,0,0.29668623
0,0,0.3649832
0,0,0.26121694
0,1,0.5733255
0,0,0.4603315
0,0,0.2553762
0,0,0.37926206
0,0,0.32550788
0,0,0.37500122
0,0,0.2782668
0,0,0.2463279
0,1,0.518128
0,0,0.4299357
0,0,0.1452839
0,1,0.5333618
0,0,0.41029486
1,0,0.43123445
0,1,0.53105336
0,0,0.13387601
1,0,0.376482
0,0,0.15524308
0,0,0.22431152
0,0,0.22178207
0,0,0.16607529
0,0,0.16655618
0,0,0.17170237
0,0,0.21770339
0,0,0.1782764
0,0,0.2215664
1,0,0.43897814
0,0,0.3724602
0,0,0.37926206
0,0,0.15398891
0,0,0.18241307
1,1,0.511642
0,0,0.15273103
0,0,0.16743271
0,1,0.5865324
0,0,0.16012536
0,0,0.15522741
0,1,0.5251807
1,1,0.51404697
0,1,0.59642524
1,1,0.5325681
0,0,0.18074249
0,0,0.47623396
0,0,0.15747014
0,0,0.4922922
0,0,0.2835386
0,0,0.13371655
0,0,0.4327587
1,1,0.53474206
0,0,0.16436285
0,0,0.29874274
0,0,0.22147873
0,0,0.2782668
0,0,0.4651859
0,0,0.15930808
0,0,0.13637161
0,0,0.31182405
0,1,0.5108664
1,1,0.5263777
0,0,0.31138736
0,0,0.17472258
0,0,0.33010638
0,0,0.16118208
0,0,0.13960716
0,0,0.27764425
0,0,0.17437798
0,0,0.13617772
1,0,0.21110898
0,0,0.25954813
0,0,0.36734107
0,0,0.4762955
0,0,0.21298705
0,0,0.47953305
0,1,0.52990204
0,0,0.15243843
0,0,0.18166871
0,0,0.15643026
0,1,0.5203265
0,1,0.51933366
0,0,0.17774867
0,0,0.33010638
0,1,0.5131253
0,0,0.24402252
0,0,0.3788344
0,0,0.37226728
0,0,0.15788135
0,0,0.17427495
0,1,0.5618644
0,0,0.14511313
0,0,0.45264256
0,0,0.1452839
0,0,0.2209971
1,0,0.37601903
0,0,0.16119984
0,0,0.46833313
0,0,0.24555665
0,0,0.1381636
0,0,0.28192523
0,0,0.47942638
0,0,0.13371655
0,0,0.16663113
0,0,0.24065551
0,0,0.1785498
0,0,0.1521307
0,0,0.28568035
0,0,0.15551396
0,0,0.15470392
0,0,0.18416253
0,0,0.21443531
0,1,0.5149154
0,0,0.31271923
0,0,0.37580198
1,0,0.39420417
0,0,0.42956495
0,1,0.5988605
0,0,0.14094006
0,0,0.15912361
1,0,0.20615388
0,0,0.1377281
0,0,0.2995808
0,0,0.17619029
0,0,0.26690614
0,0,0.35311672
0,0,0.15576042
0,0,0.15747014
0,0,0.47883824
0,0,0.33923915
0,0,0.33551013
0,0,0.3684864
0,0,0.13387601
1,1,0.55533373
0,0,0.27424186
0,0,0.37403718
0,0,0.14998046
0,0,0.16521269
0,0,0.13944197
0,0,0.13387601
0,0,0.3775451
0,0,0.24883084
0,0,0.2259077
0,0,0.47335544
0,0,0.39278334
0,0,0.15221623
0,0,0.14336596
0,0,0.15416537
0,0,0.17144832
0,0,0.13387601
0,0,0.17239775
0,0,0.4366464
0,0,0.4959624
0,0,0.1768277
1,1,0.50211984
0,0,0.21800302
0,0,0.26121694
1,1,0.584898
0,0,0.15870823
0,0,0.15701629
0,0,0.4682715
0,0,0.22274484
0,0,0.16717164
0,0,0.18354072
0,0,0.15524308
0,0,0.43335873
0,0,0.36453557
0,0,0.21647002
0,0,0.36403245
0,1,0.5091445
0,0,0.14077355
0,0,0.42470843
0,0,0.34023696
0,0,0.1534661
0,0,0.17307134
0,0,0.1685162
0,0,0.16132037
0,0,0.22197914
0,1,0.5276575
0,0,0.22981158
0,0,0.367027
0,0,0.2919146
0,1,0.53283155
0,1,0.51933366
0,0,0.1521307
0,0,0.15551396
0,0,0.4359396
0,0,0.16691785
0,0,0.17365769
0,0,0.30204013
0,0,0.15486658
0,0,0.16861811
0,0,0.13500355
0,0,0.17398593
0,1,0.5242719
0,0,0.30527055
1,0,0.47163004
0,0,0.15251733
0,0,0.2101361
0,0,0.22253662
0,0,0.4574584
0,0,0.16607529
0,0,0.18088908
0,0,0.47560668
1,0,0.3388671
0,0,0.198286
1,0,0.24542423
0,0,0.14568448
0,0,0.26070213
0,0,0.37403977
0,0,0.2516791
0,0,0.24406342
0,0,0.15528367
0,0,0.34932178
0,0,0.1570767
0,0,0.13989441
0,0,0.42849794
0,0,0.2248632
0,0,0.3649832
0,0,0.15606539
0,0,0.40231887
0,0,0.3775451
0,1,0.5952736
0,0,0.36882117
0,0,0.16984777
0,0,0.29918185
0,0,0.17717643
0,0,0.34995416
0,0,0.17078204
0,0,0.15329732
0,0,0.32550788
0,0,0.15370429
0,0,0.13776991
0,0,0.3747114
0,1,0.5008015
0,0,0.208184
0,0,0.15330301
0,0,0.15268628
1,0,0.3501991
0,0,0.45161855
0,0,0.1349078
0,0,0.2290548
0,0,0.15659001
0,0,0.16504101
0,0,0.43128434
1,0,0.4325584
0,0,0.36561894
0,0,0.16770305
0,0,0.24911119
1,0,0.4114622
0,0,0.19827756
0,0,0.30155897
0,1,0.52653736
0,0,0.17526557
0,0,0.13371655
0,0,0.33780596
0,0,0.2565978
1,1,0.5104855
0,0,0.34201396
0,0,0.16744341
1,1,0.5333618
0,0,0.14077355
0,0,0.21618563
0,0,0.13387601
0,0,0.17459272
0,0,0.39050856
0,0,0.37403977
0,0,0.17656519
0,0,0.3724602
0,0,0.16521269
0,0,0.3715014
0,0,0.15704401
1,1,0.5848354
0,0,0.45633674
0,0,0.2631722
0,0,0.1691347
0,0,0.16715513
0,0,0.16714889
0,0,0.46514833
0,0,0.46975487
0,0,0.15016657
0,0,0.1534661
0,0,0.34932178
0,0,0.32818913
0,1,0.5265028
0,0,0.1559263
0,0,0.15606539
0,1,0.52585936
0,0,0.3407466
0,0,0.15678674
0,0,0.37448955
0,0,0.151665
0,0,0.33862495
0,0,0.14325237
0,0,0.15856038
0,0,0.13387601
0,0,0.15038714
0,0,0.17627431
0,1,0.63815707
0,0,0.38049912
0,0,0.2543512
0,0,0.15320605
0,0,0.17470725
0,1,0.52653736
0,0,0.1537525
0,0,0.15895733
0,0,0.3649832
0,0,0.22419176
0,0,0.4141877
0,0,0.46509644
0,0,0.16906884
0,0,0.14326261
0,0,0.21828961
0,1,0.5272282
0,0,0.16294383
0,0,0.39290375
1,0,0.34707654
0,0,0.15398891
1,1,0.51522225
0,0,0.15144075
0,0,0.4350177
0,0,0.24799448
0,0,0.34707654
0,0,0.24069308
0,0,0.32550788
0,0,0.1749734
0,0,0.41747075
0,0,0.4324138
0,0,0.13387601
0,1,0.5443297
0,0,0.22081685
1,1,0.5976743
0,0,0.16609903
0,0,0.26119983
0,0,0.20078146
0,1,0.52947634
0,0,0.3271803
0,0,0.21004663
0,0,0.28701517
0,0,0.3606765
0,0,0.27300403
1,1,0.53277516
1,1,0.5790783
0,0,0.3649832
0,0,0.3694472
0,1,0.59837824
0,0,0.1378036
0,1,0.5128805
0,0,0.15524308
0,0,0.15823622
0,0,0.1547429
0,0,0.16655618
0,1,0.5700402
0,0,0.14002974
0,0,0.47236025
0,0,0.2778462
0,0,0.15742847
0,0,0.14511313
0,0,0.3930049
1,0,0.34707654
0,0,0.4669269
0,1,0.5766519
0,0,0.33922246
0,0,0.19621962
0,0,0.24309598
0,0,0.20799065
0,0,0.17749852
0,0,0.47873724
0,0,0.21576709
0,1,0.59958327
0,0,0.17399529
0,0,0.14495938
1,1,0.5786321
1,0,0.3788344
0,1,0.50341463
0,0,0.16742364
1,0,0.37601903
0,0,0.28237757
0,0,0.4779744
0,0,0.21274209
0,0,0.2584696
0,0,0.16655618
0,0,0.16973111
0,0,0.15370429
0,0,0.33613813
0,0,0.17427266
0,0,0.3156832
0,0,0.15251733
0,0,0.31602082
0,0,0.1381636
0,0,0.4130973
0,0,0.1357884
0,0,0.39706704
0,0,0.28124565
0,0,0.42470843
0,0,0.17152858
0,0,0.37829632
0,0,0.2966406
0,0,0.17373756
1,0,0.36798105
0,0,0.17427495
0,0,0.29918185
0,0,0.13653375
0,0,0.17182969
0,0,0.46110466
0,1,0.5189826
1,0,0.4192067
0,0,0.14783306
0,1,0.5005212
0,0,0.13594994
1,0,0.33559158
1,0,0.26333594
1,0,0.3713952
0,0,0.43128434
0,0,0.4793471
0,0,0.45942897
0,0,0.2763929
0,0,0.1617062
0,0,0.17240787
0,0,0.3715014
0,0,0.23750618
0,0,0.15274024
0,0,0.15320605
0,0,0.37625527
0,0,0.37574103
0,0,0.15524308
0,0,0.36798105
0,0,0.15551396
0,0,0.20016077
0,0,0.15765344
0,0,0.30300173
0,0,0.20656712
0,0,0.3524696
0,0,0.26032114
1,0,0.4548972
0,0,0.13473369
0,0,0.15921114
0,0,0.37014773
0,0,0.16997242
0,0,0.15908028
0,0,0.16436285
0,0,0.16444351
0,0,0.23169793
0,0,0.41082063
0,0,0.14272386
0,0,0.15452689
0,0,0.47866353
1,1,0.65527767
0,0,0.15320605
0,0,0.28812128
0,0,0.19570707
0,0,0.28237757
0,0,0.15606539
0,0,0.30098483
0,0,0.33862495
0,0,0.25085673
0,0,0.1781624
0,0,0.13989441
0,0,0.15390366
0,0,0.36172768
0,0,0.41933
0,1,0.5406777
0,0,0.13594994
0,0,0.4318839
0,1,0.5982513
0,0,0.20849246
0,1,0.5216278
0,0,0.15144075
0,0,0.21993436
1,0,0.4130973
0,0,0.16809742
0,1,0.5889486
0,1,0.50000346
0,0,0.15271099
0,0,0.33780596
0,0,0.13387601
0,0,0.4888823
0,0,0.18014832
0,0,0.48243907
0,0,0.21785392
0,0,0.3266189
0,0,0.15772717
0,0,0.15190884
0,0,0.48105592
0,0,0.27912813
0,0,0.2745719
0,1,0.5561086
0,1,0.52686656
0,0,0.46833313
0,0,0.41029486
0,0,0.20955853
0,0,0.14924452
0,0,0.43639317
0,0,0.32818913
0,0,0.15390366
0,0,0.16744341
0,0,0.15329732
0,0,0.44659704
0,0,0.2124833
0,0,0.13387601
0,0,0.13637161
1,0,0.37529254
0,0,0.13799985
0,0,0.43665722
0,0,0.37071648
0,0,0.2574662
0,0,0.3713952
0,0,0.47860613
0,0,0.16667578
0,0,0.15159166
0,0,0.31709546
0,0,0.15251733
0,0,0.32872674
0,0,0.13387601
0,0,0.15668626
0,0,0.29461968
0,0,0.14077355
0,0,0.23708281
0,0,0.296785
0,0,0.21011464
0,0,0.22698131
0,0,0.13799985
0,1,0.51902133
0,1,0.5200757
0,0,0.18352753
0,0,0.15166204
0,0,0.2110773
0,0,0.36827272
0,0,0.13960716
0,0,0.2800587
1,1,0.5884121
0,0,0.2782668
0,0,0.16468295
0,0,0.28363085
0,0,0.170565
0,0,0.14666596
0,0,0.13854979
0,1,0.5238384
0,0,0.16740184
0,0,0.19006199
0,0,0.15251733
0,0,0.37160966
0,0,0.273647
0,0,0.31412038
0,0,0.28562647
0,0,0.1611331
0,0,0.1857119
0,0,0.28027326
0,0,0.34932178
0,0,0.478195
0,0,0.3715014
1,0,0.40633094
0,1,0.52418756
1,0,0.23306933
0,0,0.1814903
0,1,0.52917176
0,0,0.47130963
0,0,0.25807422
0,1,0.50393057
1,1,0.58017397
0,1,0.64497864
0,0,0.20215744
0,0,0.22478221
0,0,0.4318839
0,0,0.1349078
0,0,0.15644766
1,1,0.58710384
0,0,0.36026558
0,0,0.27930388
0,0,0.15567377
0,0,0.14403494
0,0,0.42828074
0,0,0.34932178
0,0,0.2565978
0,0,0.44416094
0,0,0.14760427
0,0,0.37629402
0,0,0.36798105
0,0,0.29918185
1,0,0.4722391
0,0,0.22788665
0,0,0.22089733
0,0,0.15296616
1,1,0.58130556
0,0,0.4782244
0,0,0.17447901
0,0,0.17826086
0,0,0.15331517
0,0,0.2182294
0,0,0.15190884
0,0,0.26032114
0,0,0.36798105
0,0,0.2782668
0,0,0.49889404
0,0,0.13793343
0,0,0.13793343
1,1,0.52608186
1,1,0.53277516
0,0,0.3724602
1,1,0.59824085
0,1,0.5079889
0,0,0.27788496
0,0,0.13387601
1,0,0.49490267
0,0,0.16349247
0,0,0.3684864
1,1,0.58811617
0,0,0.32550788
1,1,0.5768293
0,0,0.1557311
0,0,0.16909027
0,0,0.24255389
0,1,0.5407336
0,0,0.25507402
0,0,0.16691096
0,0,0.4639022
0,0,0.2812097
0,1,0.53731215
0,0,0.13371655
0,0,0.17567532
1,0,0.4155824
0,0,0.33025214
0,0,0.2991099
0,0,0.45454746
0,0,0.15740164
0,0,0.32024622
0,0,0.25737873
0,0,0.25335458
0,0,0.17307134
0,0,0.16980429
0,0,0.21763349
0,0,0.16444351
0,1,0.5990174
1,0,0.3266213
0,0,0.18508992
0,0,0.15643035
0,0,0.43128434
0,0,0.18326265
0,0,0.2212836
0,0,0.4086294
0,0,0.23138292
0,0,0.18300185
1,0,0.48456818
0,0,0.29704228
0,0,0.17118667
0,1,0.5490935
0,0,0.37947488
1,1,0.5681255
0,0,0.17118043
0,0,0.4565134
0,0,0.14987913
0,0,0.43506488
0,0,0.1673938
0,1,0.55763906
0,0,0.15297061
1,1,0.63986695
0,0,0.46426934
0,0,0.4318839
0,0,0.45692945
0,0,0.36882117
0,0,0.25024143
0,0,0.28311652
0,0,0.14452507
0,0,0.14578612
0,0,0.15329732
0,0,0.17235531
1,1,0.5990174
0,1,0.59829426
0,0,0.3780991
0,0,0.32550788
0,0,0.36403245
0,0,0.48058018
0,0,0.13793343
0,0,0.15329732
0,0,0.17736955
0,0,0.4762955
0,0,0.43450946
0,0,0.3952005
0,0,0.2524611
0,0,0.28199232
0,1,0.537226
0,0,0.43386236
0,0,0.15320605
0,0,0.14094006
0,0,0.15740164
0,0,0.17694679
0,0,0.15989144
0,0,0.18248023
0,1,0.5466313
0,0,0.3724602
0,0,0.46007144
0,0,0.17027192
0,0,0.4787038
0,0,0.37014773
0,0,0.16148357
0,0,0.17470725
0,0,0.4446923
0,0,0.18729444
0,0,0.14006005
0,0,0.29874274
0,0,0.4299357
0,0,0.15320605
0,0,0.17826086
0,0,0.4327587
0,0,0.14923275
0,0,0.14179422
0,0,0.29895997
1,0,0.16362816
0,0,0.25994933
0,0,0.1469066
0,0,0.15190884
0,0,0.16655618
0,0,0.28662834
0,0,0.2754535
1,0,0.3649832
0,1,0.518665
0,0,0.19056895
0,0,0.43787155
0,0,0.14325237
0,0,0.1799099
0,1,0.53125674
0,0,0.3536552
0,0,0.15740164
0,0,0.23755966
0,0,0.14427164
0,0,0.16607529
0,0,0.4657722
0,0,0.1547429
0,0,0.20184797
0,0,0.15290906
0,0,0.16691096
0,0,0.24190278
0,0,0.16984777
1,0,0.4890743
1,0,0.3425974
0,0,0.13793343
0,0,0.3018265
0,0,0.15121
1,1,0.533395
0,0,0.16545019
0,0,0.3649832
0,0,0.19793664
0,0,0.15042797
0,0,0.15268628
0,1,0.5579918
0,0,0.17472258
0,0,0.28192523
0,0,0.16655618
0,0,0.20914106
0,0,0.49030724
0,0,0.46154356
0,0,0.17383415
0,0,0.26333594
0,0,0.14316402
0,0,0.32818913
0,0,0.2803434
0,0,0.30343086
0,0,0.27032748
0,0,0.13371655
0,0,0.15022153
1,1,0.53232664
0,0,0.3156832
0,0,0.15329732
0,0,0.49660805
0,0,0.17377265
0,0,0.36648825
0,0,0.16726844
0,0,0.1519845
0,0,0.1357884
0,1,0.55410403
0,0,0.26083195
0,0,0.20213549
0,1,0.51446986
0,1,0.5976743
0,1,0.6613257
0,0,0.33828673
0,0,0.45204958
0,0,0.2990474
0,0,0.26239735
1,0,0.47883824
0,0,0.17348523
0,0,0.15329732
0,0,0.27916366
0,0,0.1377281
0,0,0.20755804
0,0,0.17470725
0,0,0.25996077
0,0,0.36120015
0,0,0.13410029
1,1,0.61134773
0,0,0.20076187
1,0,0.26119983
0,0,0.4448711
0,0,0.17087731
0,0,0.1734139
0,0,0.32001406
0,0,0.36220193
0,0,0.18371287
0,1,0.51881325
0,0,0.21818063
0,0,0.13387601
0,0,0.31299487
0,0,0.46356514
0,0,0.1357884
0,0,0.15221623
0,0,0.1673938
0,0,0.49545705
0,0,0.15958132
1,0,0.31619608
0,0,0.15525888
0,0,0.4548972
0,0,0.18882515
0,0,0.47370464
0,1,0.5106942
1,0,0.3046786
0,0,0.17488407
0,1,0.52585936
0,0,0.15606539
0,0,0.15668626
0,0,0.45914564
0,0,0.29677874
0,0,0.15632083
0,0,0.15870616
0,0,0.25710273
1,0,0.2608356
0,0,0.41212964
1,0,0.4142547
0,0,0.1782313
0,0,0.13387601
0,0,0.1377281
0,0,0.2962359
0,0,0.14077355
0,0,0.15765344
0,0,0.4807223
0,0,0.43036035
1,1,0.5305693
0,0,0.23018163
0,0,0.15393826
0,0,0.17471148
0,0,0.43179604
0,0,0.13653375
0,0,0.33935395
0,0,0.47801808
0,0,0.13793343
0,0,0.3663607
0,0,0.1452839
0,0,0.13776991
0,0,0.1729634
0,0,0.14607736
0,0,0.16883527
0,0,0.1534661
0,0,0.47570765
0,1,0.5041965
0,0,0.4780537
0,0,0.21758287
1,1,0.5178706
0,0,0.42976135
0,0,0.13457337
0,0,0.4357922
0,0,0.13944197
0,0,0.37381104
0,0,0.37926206
0,0,0.22098075
0,0,0.15633422
0,0,0.28426427
0,0,0.26609868
0,0,0.25132492
0,0,0.17160562
0,0,0.4299357
0,0,0.30173144
0,0,0.29864883
0,0,0.3488025
0,0,0.33862495
0,0,0.19278741
0,0,0.28482488
0,0,0.2498952
0,0,0.37629402
0,0,0.37235388
0,0,0.15251733
0,0,0.15425007
0,0,0.22240478
0,0,0.16765507
1,0,0.13944197
0,0,0.37639353
0,1,0.5036924
0,0,0.22056928
0,0,0.28394574
0,0,0.16980429
0,0,0.17365769
0,0,0.15022153
0,0,0.14077355
1,1,0.5750894
0,0,0.37110513
0,0,0.26696724
1,0,0.36798105
0,0,0.15121
0,0,0.34166923
0,0,0.43036035
0,0,0.34932178
0,0,0.1782764
0,0,0.24740562
0,0,0.15678674
0,0,0.15150353
0,1,0.54055625
0,0,0.17036276
0,0,0.24500155
0,0,0.13371655
0,0,0.1765798
0,0,0.15704401
0,0,0.4375477
1,1,0.5976743
0,0,0.15107413
0,0,0.23124723
0,0,0.30527055
0,0,0.1521307
0,0,0.18720081
1,0,0.33548293
0,0,0.15990785
0,0,0.14077355
0,0,0.43450946
0,0,0.20900059
0,0,0.13776991
1,0,0.47999424
0,0,0.16956297
0,1,0.5790783
1,0,0.4337934
0,0,0.45112208
0,0,0.1732316
0,0,0.34932178
0,0,0.21016958
0,0,0.45741007
0,0,0.2798188
1,1,0.5099919
0,0,0.17721862
0,1,0.5972143
0,0,0.2059261
0,0,0.26085898
0,0,0.35478172
0,0,0.13756476
0,0,0.13944197
0,0,0.15268628
0,0,0.14511313
0,0,0.25224578
0,0,0.4819282
0,0,0.36827272
0,0,0.13944197
0,0,0.22269602
0,1,0.5100495
1,0,0.3713952
0,0,0.29918185
0,0,0.1782313
0,0,0.15957654
0,0,0.20530182
0,0,0.15033337
0,0,0.43128434
0,0,0.17182969
0,0,0.28657082
0,0,0.2879138
0,0,0.20813479
0,0,0.25916377
0,0,0.14511313
0,0,0.15370429
0,0,0.15619493
0,0,0.16444351
0,0,0.28483024
0,0,0.25594965
0,0,0.15398891
0,0,0.17470725
1,0,0.4413705
0,0,0.3450099
1,0,0.4850585
0,1,0.5170736
0,0,0.24927458
0,0,0.18198341
0,0,0.28234962
0,1,0.53589123
1,0,0.43639317
0,0,0.15296616
0,0,0.24950334
0,0,0.15297061
0,0,0.2182294
0,0,0.41250494
1,1,0.52595234
0,0,0.1381636
0,0,0.37629402
0,0,0.27493903
1,0,0.43526968
0,0,0.48848537
0,0,0.15398891
0,0,0.15297061
0,0,0.22181475
0,0,0.1559263
0,0,0.27300403
0,0,0.48278326
1,1,0.6587853
0,0,0.22779503
0,0,0.17365769
0,0,0.17832036
0,0,0.379185
0,0,0.20383969
0,1,0.5482881
0,1,0.5106942
0,0,0.13799985
0,0,0.48845926
1,0,0.4318839
0,0,0.13371655
0,0,0.23181301
0,0,0.16740184
0,0,0.16691096
0,0,0.21811685
0,0,0.3650725
0,0,0.17890087
0,0,0.17426941
1,0,0.45103496
0,0,0.33922246
0,0,0.18260643
0,1,0.5339555
0,0,0.17348678
1,1,0.664657
0,0,0.16717164
0,0,0.23108049
0,0,0.13387601
0,0,0.13637161
0,0,0.17109138
0,0,0.25533175
0,0,0.24972996
0,0,0.43285978
0,0,0.14341798
0,0,0.16328259
0,0,0.2830847
0,0,0.3713952
0,0,0.13371655
1,1,0.5839718
0,0,0.23733217
0,0,0.46598387
0,0,0.24044201
0,0,0.15398891
0,0,0.30173424
0,0,0.25317368
0,0,0.15765126
0,0,0.41978243
0,0,0.3261187
0,0,0.17784072
0,0,0.16630426
0,0,0.2651154
0,0,0.25786698
0,0,0.34932178
0,0,0.16412662
0,0,0.16655618
1,1,0.63986695
0,0,0.15319254
0,0,0.25947174
1,0,0.43639317
0,0,0.15576042
0,1,0.52165985
0,0,0.36827272
0,0,0.24659014
0,0,0.36798105
0,0,0.39290375
0,0,0.16655618
0,0,0.15390366
1,0,0.43036035
0,0,0.3104825
0,1,0.64462787
0,0,0.21130851
0,0,0.13371655
0,0,0.19844197
0,0,0.15633422
0,1,0.54989105
0,0,0.15166204
0,0,0.28138518
0,0,0.1974458
0,0,0.15398891
0,0,0.15391934
0,0,0.15732592
0,0,0.4415107
0,1,0.51466423
1,1,0.5854666
0,0,0.16812958
0,0,0.13521634
0,0,0.26262334
0,0,0.15546311
0,0,0.16607529
0,0,0.18281208
0,0,0.486381
0,0,0.28311652
0,0,0.3733122
0,0,0.16977394
0,0,0.36827272
1,0,0.49623355
0,0,0.43036035
0,0,0.22630465
0,0,0.43440324
0,0,0.29719856
0,0,0.16982229
0,1,0.517662
0,0,0.17307134
0,0,0.21856189
0,0,0.22052695
0,1,0.5177797
0,0,0.28430519
0,0,0.15251733
0,0,0.15297061
0,0,0.3440296
1,0,0.3724602
0,0,0.16742364
0,0,0.45544043
0,0,0.22665347
0,0,0.16765507
0,0,0.34932178
0,0,0.2754535
0,0,0.26348436
1,0,0.49223554
0,0,0.34023696
0,0,0.33923915
1,0,0.3784968
0,0,0.40580457
0,0,0.23121873
0,0,0.33923915
0,0,0.14077355
0,0,0.28085518
0,0,0.367027
0,0,0.224124
0,0,0.17087731
0,0,0.28101274
0,0,0.2286274
0,0,0.46852592
0,0,0.2830336
0,0,0.21477188
0,1,0.5225715
1,0,0.48693407
1,1,0.51802593
0,0,0.13944197
0,0,0.21410517
0,0,0.37716675
0,0,0.17160755
1,1,0.5990174
0,0,0.14908718
0,0,0.27788496
0,0,0.1729634
0,0,0.34822565
0,0,0.33923915
0,0,0.17213754
0,0,0.43511003
0,0,0.13387601
0,0,0.38651294
0,0,0.19923863
0,0,0.43128434
0,1,0.5026946
0,0,0.23668022
0,1,0.5793311
0,0,0.30098483
0,0,0.2553426
0,1,0.58306456
0,0,0.3425974
0,1,0.5160819
1,1,0.58811617
0,0,0.18093209
1,0,0.47703022
0,0,0.22430037
0,0,0.47104284
1,1,0.6650547
0,0,0.20881093
0,0,0.33047676
0,0,0.13793343
0,0,0.17335735
0,1,0.50378436
0,0,0.2995808
0,0,0.14094006
0,0,0.40995952
0,0,0.15290906
0,0,0.25988343
0,0,0.15121
0,0,0.15824296
0,0,0.29914135
0,0,0.16897745
0,1,0.5712772
0,1,0.5242719
0,0,0.47547567
0,0,0.41250494
0,0,0.1534661
0,0,0.37499863
0,0,0.13637161
0,0,0.24028938
0,0,0.16655618
0,0,0.26339206
0,0,0.18036917
1,1,0.51560867
0,0,0.15704401
0,0,0.27788496
0,0,0.14077355
0,0,0.17437798
0,0,0.31517088
1,0,0.43511003
0,0,0.15390366
0,0,0.13944197
0,0,0.2761919
0,0,0.24127467
1,0,0.39430547
0,0,0.42530566
0,0,0.16444351
0,1,0.53640467
0,0,0.13793343
0,0,0.1381636
0,0,0.25996047
0,0,0.1349078
0,0,0.16420719
0,0,0.4657632
0,0,0.4130973
0,0,0.37786907
0,0,0.27681217
0,0,0.15275663
0,1,0.5235304
1,1,0.5604895
0,0,0.17269674
0,0,0.1721057
0,0,0.13505553
0,0,0.15221623
0,0,0.36698037
0,0,0.3780991
0,0,0.3271803
0,0,0.43450946
0,0,0.4021719
0,0,0.15668626
0,0,0.37296808
0,0,0.14023241
0,0,0.4631633
1,1,0.5941553
0,0,0.16607529
0,0,0.15664569
0,0,0.46001434
0,0,0.13500355
0,0,0.15297061
0,0,0.215886
1,1,0.58387005
0,0,0.1452839
0,0,0.37505656
0,1,0.5319814
0,0,0.2181709
0,0,0.15251733
0,1,0.5133724
0,1,0.52788645
0,0,0.14221072
0,0,0.21557248
0,0,0.1381636
0,1,0.55552673
0,0,0.13387601
0,0,0.27535692
0,0,0.15251733
0,0,0.34023696
0,0,0.15585627
0,0,0.15398891
0,0,0.13387601
0,0,0.23579179
0,0,0.27493483
0,0,0.47488803
0,0,0.24949218
1,0,0.21436933
0,0,0.17679672
0,1,0.50469285
0,0,0.15441735
0,0,0.31649297
0,0,0.25957382
0,0,0.47420594
0,0,0.1381636
0,0,0.17121862
0,0,0.17722723
0,0,0.20791124
0,0,0.20727214
0,0,0.29043123
0,0,0.37200877
0,0,0.16994089
0,0,0.48319894
0,0,0.15659001
1,0,0.48243907
0,0,0.24059504
0,0,0.15425007
0,1,0.5286811
0,1,0.5079607
0,0,0.15829329
0,0,0.17251508
0,0,0.3734188
0,0,0.29717582
0,0,0.3038739
0,0,0.17400117
0,0,0.34932178
0,0,0.15441735
0,1,0.53067774
0,0,0.2450221
0,0,0.2229192
0,0,0.17664614
0,0,0.48360062
0,0,0.33061948
0,0,0.34539956
0,0,0.22098075
0,0,0.15353763
0,0,0.2054041
0,0,0.15319254
0,0,0.14341798
0,0,0.17870164
0,0,0.18014832
0,0,0.1544363
0,0,0.25880027
0,0,0.17779754
0,0,0.30515593
0,0,0.15441735
0,0,0.14094006
0,0,0.40695322
0,0,0.23071682
0,0,0.15039845
0,1,0.5969924
0,0,0.13371655
0,0,0.28026602
0,0,0.26298645
0,0,0.3734188
0,0,0.4147808
0,0,0.23074056
1,1,0.6444833
1,1,0.5169293
0,0,0.15765126
0,0,0.38651294
0,0,0.15632083
0,0,0.1537525
0,0,0.13799985
0,0,0.1381636
0,0,0.17788687
0,0,0.1381636
0,0,0.17111069
0,0,0.2990474
0,0,0.40627047
0,0,0.2778462
0,0,0.40231887
0,0,0.19518463
0,1,0.58262604
0,0,0.33862495
0,0,0.33047676
0,1,0.53180194
0,0,0.1537525
0,0,0.16691096
0,0,0.15243843
0,0,0.13750297
0,0,0.13799985
0,0,0.17205676
0,1,0.5787354
0,0,0.15221623
0,1,0.5378031
0,1,0.62642044
0,1,0.51190734
0,0,0.14094006
0,0,0.2940552
0,0,0.19916533
0,0,0.37795654
0,1,0.5988605
0,0,0.4176375
0,0,0.13653375
0,0,0.41029486
0,0,0.13387601
0,1,0.5247949
0,0,0.16028363
0,0,0.36798105
0,0,0.2565978
0,0,0.13799985
0,0,0.13387601
0,0,0.3684864
0,0,0.4657564
0,0,0.3237266
0,0,0.1673938
0,0,0.15175977
0,0,0.13392706
0,0,0.17307134
0,0,0.28763995
0,0,0.1785498
0,0,0.2230371
0,0,0.14293668
1,1,0.57920665
1,0,0.32550788
0,0,0.15340701
0,0,0.41378355
0,0,0.1570393
0,0,0.17454845
0,0,0.1676381
0,0,0.3769921
0,0,0.23188464
0,0,0.15452689
0,1,0.5873952
1,0,0.28702205
0,0,0.43639317
0,0,0.47860613
0,0,0.14511313
0,0,0.17694679
0,0,0.28832972
0,0,0.13776991
0,0,0.2990474
0,0,0.37110254
0,0,0.367027
0,0,0.151431
0,0,0.3650725
1,0,0.45483285
0,0,0.15606539
0,0,0.15179901
0,0,0.2274613
0,0,0.20935644
1,1,0.5096861
1,0,0.31138736
0,0,0.22007114
0,0,0.16744341
0,1,0.517662
0,0,0.13387601
0,1,0.5625262
0,0,0.21711539
0,0,0.26761916
0,0,0.13371655
0,0,0.28102615
0,1,0.5094815
1,0,0.37550792
0,0,0.29918185
0,1,0.5050018
0,0,0.16980554
0,0,0.25602534
1,1,0.6078641
0,0,0.37353963
1,1,0.5251807
0,0,0.15320605
0,0,0.41109422
0,0,0.37744597
0,0,0.3780991
0,0,0.2774647
0,0,0.15888101
0,0,0.33856484
0,1,0.5166799
1,1,0.6609648
0,0,0.136239
0,0,0.21400757
1,1,0.5091445
0,0,0.36896387
0,0,0.16655618
0,0,0.17472258
0,1,0.5818017
0,0,0.13989441
0,0,0.13989441
0,0,0.27232647
0,1,0.52866304
0,1,0.5472265
0,0,0.31567875
0,0,0.4337934
1,1,0.5401098
0,0,0.1452839
0,0,0.30138516
0,0,0.22774455
0,0,0.3725797
0,0,0.1549061
0,0,0.1825913
1,1,0.502039
0,0,0.45310703
0,0,0.15390366
0,0,0.17743182
0,0,0.37226728
0,0,0.16655618
0,0,0.344746
0,0,0.15524308
0,0,0.4048123
0,0,0.13387601
0,1,0.58262604
0,0,0.15285218
0,0,0.47109047
0,0,0.17651711
0,0,0.13793343
0,0,0.17671828
0,0,0.27503553
0,0,0.16814987
0,0,0.2819532
0,1,0.5266543
0,0,0.2782668
0,0,0.24168395
0,0,0.41751808
0,0,0.1765297
0,0,0.23512897
0,1,0.5366932
0,0,0.15220644
0,0,0.27634493
0,0,0.14956579
0,0,0.28204128
0,0,0.16765507
0,0,0.1534661
0,0,0.13371655
0,0,0.43128434
0,1,0.54496145
0,0,0.15319254
0,0,0.151431
0,1,0.5209982
1,0,0.42976135
0,0,0.279511
0,0,0.3650725
0,0,0.17479591
0,0,0.33514005
1,0,0.4318839
0,0,0.3775451
0,0,0.15524308
0,0,0.15370429
0,0,0.1785498
1,0,0.16860342
0,1,0.53700167
1,1,0.55552673
0,1,0.5138993
0,0,0.21443531
0,0,0.4153082
0,0,0.2564909
0,0,0.17275956
0,0,0.39212033
0,0,0.1381636
0,1,0.5142754
0,0,0.13387601
0,0,0.26473513
0,0,0.15251733
0,0,0.16420719
0,0,0.16909027
0,0,0.13371655
0,0,0.41811252
0,0,0.17662984
0,0,0.13960716
0,0,0.16349709
0,0,0.14094006
0,0,0.15251733
0,1,0.582905
0,0,0.13799985
0,0,0.43036035
0,0,0.16977394
0,1,0.648283
0,0,0.1633824
0,0,0.42470843
0,0,0.20048688
0,0,0.13793343
0,0,0.15398891
0,0,0.1381636
0,0,0.17269674
0,0,0.16897745
0,0,0.16740184
0,0,0.2349805
0,0,0.17651063
0,0,0.49784413
0,0,0.22632007
0,0,0.15374804
0,0,0.20528358
0,1,0.59514433
0,0,0.30121744
0,0,0.37381104
0,0,0.45776802
0,0,0.15391934
0,0,0.1557311
0,0,0.21518989
0,1,0.5514665
0,0,0.17160562
0,0,0.37102157
0,0,0.15544409
0,0,0.18367842
1,0,0.30445608
0,0,0.13371655
0,0,0.30138516
0,0,0.26468098
0,0,0.1481261
0,0,0.29909772
0,0,0.4318839
0,0,0.13387601
0,0,0.43639317
1,0,0.16977394
0,0,0.16946745
0,0,0.16980429
0,1,0.5138776
0,0,0.4682932
0,0,0.14209165
0,0,0.24942501
0,0,0.16361775
0,0,0.16420719
0,0,0.33922246
0,0,0.27342004
0,0,0.18306637
0,0,0.37353963
0,0,0.42352465
1,1,0.60679793
0,0,0.45796764
0,0,0.15854406
1,0,0.46791747
0,0,0.4639148
0,1,0.5822693
0,0,0.25567448
0,0,0.13387601
0,0,0.43128434
0,0,0.2418946
0,0,0.17629504
0,0,0.25988343
0,0,0.15740164
0,0,0.13776991
0,0,0.48699152
0,0,0.24712789
0,0,0.3025342
0,0,0.32818913
0,0,0.15320605
1,0,0.29874274
0,0,0.32818913
0,0,0.15425007
0,0,0.37110513
0,0,0.37574103
0,0,0.24909742
0,0,0.25088024
1,1,0.5307289
0,0,0.43639317
0,0,0.13944197
0,0,0.19518463
0,0,0.16911353
0,0,0.44002667
0,0,0.13635787
1,0,0.43335873
0,0,0.2995808
0,0,0.30413178
0,0,0.13371655
0,0,0.14879078
0,0,0.46300673
0,0,0.15042491
0,0,0.15398891
0,0,0.3005851
0,1,0.51575774
0,0,0.15297061
0,0,0.20985074
0,1,0.5392487
0,0,0.29761308
0,0,0.15501188
0,0,0.34707654
0,0,0.20353182
0,0,0.13371655
0,0,0.15190884
0,0,0.3027052
0,0,0.1732316
0,1,0.5282448
0,0,0.34965384
0,1,0.53699064
0,0,0.33124343
0,0,0.15729605
0,0,0.1537525
0,0,0.14141095
0,0,0.1500741
0,0,0.43036035
0,0,0.17954467
0,0,0.48360062
0,0,0.17819872
0,0,0.45103496
0,0,0.46415123
0,0,0.4801647
0,0,0.15175977
0,0,0.4668842
0,0,0.1980707
0,0,0.16740184
0,0,0.15098621
0,0,0.36539218
0,0,0.14511313
0,0,0.20425652
1,0,0.35396126
0,0,0.17026961
0,0,0.1377281
0,0,0.15391934
0,0,0.2111744
0,0,0.2581969
0,0,0.13371655
1,1,0.5096861
0,0,0.15296616
0,0,0.28387487
0,0,0.15297061
1,1,0.5161043
0,0,0.15121
0,0,0.29523146
0,1,0.59958327
1,0,0.43832076
0,1,0.59723794
0,0,0.14557774
0,0,0.16691096
1,0,0.34812927
0,0,0.28435132
0,0,0.43511003
0,1,0.57376516
0,0,0.13473369
0,0,0.40695322
0,0,0.2505743
0,0,0.1673938
0,0,0.34331128
0,0,0.23524813
0,0,0.24668418
0,0,0.3769921
0,0,0.4915604
0,0,0.36172768
0,0,0.30145743
0,0,0.39364153
0,0,0.14733149
0,0,0.16362816
0,0,0.14258204
0,0,0.19715674
0,0,0.46364087
0,0,0.16617826
0,0,0.46749252
0,0,0.28196436
0,0,0.38347834
0,0,0.15320605
1,0,0.26183122
0,0,0.13371655
0,0,0.1519845
0,0,0.15633422
0,0,0.32550788
1,0,0.4782284
0,0,0.23067771
0,0,0.22794625
0,0,0.33514005
0,0,0.14961933
0,0,0.32550788
0,0,0.1972135
0,0,0.39290375
1,0,0.45786715
0,0,0.17914133
0,1,0.5010818
0,1,0.5964707
0,0,0.17461026
1,1,0.52483726
0,1,0.5796929
1,0,0.47614104
1,1,0.5500034
0,1,0.5254841
0,1,0.53277516
0,0,0.3156832
0,0,0.22025433
0,0,0.30780604
0,0,0.32818913
0,0,0.2996108
0,0,0.27368066
0,0,0.20510557
0,0,0.2696966
0,0,0.43036035
0,0,0.20851977
0,0,0.3555147
0,0,0.15425007
0,0,0.15297061
0,1,0.52485967
0,0,0.24501225
0,0,0.15681359
0,0,0.15208639
0,0,0.158434
0,0,0.2976525
0,0,0.25834733
0,0,0.49594733
0,0,0.14011157
0,1,0.5269808
0,0,0.17026961
0,0,0.22361511
0,0,0.13371655
0,0,0.15567377
0,0,0.1655819
0,0,0.15190884
0,0,0.1782764
0,0,0.17402494
0,0,0.17671828
0,0,0.15420303
0,0,0.16714086
0,0,0.14077355
0,0,0.34425542
0,0,0.15829329
0,0,0.31496635
0,0,0.2995808
0,0,0.20929559
0,0,0.3410126
0,0,0.15521474
0,1,0.53985935
1,1,0.57785815
0,0,0.18883526
0,0,0.16717164
0,0,0.29914135
0,0,0.1611331
0,1,0.5988175
0,0,0.17433408
0,0,0.30098483
0,0,0.16558203
0,0,0.13387601
0,1,0.59543234
0,0,0.15740164
0,0,0.22012287
0,0,0.1534661
0,0,0.14733149
0,0,0.15546311
0,0,0.18456392
0,0,0.13371655
0,0,0.16714086
1,0,0.26716626
0,0,0.13387601
0,0,0.13371655
0,0,0.29864883
0,0,0.36827272
0,1,0.5040255
0,0,0.35372835
0,0,0.3650725
1,0,0.4372701
0,1,0.51149404
1,1,0.5854016
0,0,0.1682357
0,0,0.16948786
0,0,0.17084858
0,0,0.17070669
0,0,0.1781624
0,0,0.21611726
1,0,0.39871517
0,1,0.5436436
0,0,0.35021496
0,0,0.15606539
0,0,0.18548338
0,0,0.13387601
0,0,0.25041053
0,0,0.29874274
0,0,0.43639317
0,1,0.52819455
0,0,0.23516923
0,0,0.17056198
0,0,0.455064
0,0,0.15797824
0,1,0.59470576
0,0,0.3728508
1,1,0.66056466
1,1,0.6040842
0,0,0.34932178
0,0,0.15888998
0,0,0.43128434
0,0,0.245296
0,0,0.15220644
0,1,0.57920665
0,0,0.1534661
0,0,0.19239262
0,0,0.32550788
0,0,0.13594994
0,0,0.26183122
0,0,0.40231887
0,0,0.24765179
0,0,0.20493709
0,0,0.13793343
0,0,0.43897814
0,0,0.3614091
0,0,0.15798482
0,0,0.22007114
0,0,0.19662881
0,0,0.15236777
0,0,0.13371655
1,0,0.351265
0,0,0.15268628
0,0,0.19860753
0,0,0.20843421
0,0,0.1534661
0,0,0.16469054
0,0,0.13793343
0,0,0.24939896
0,0,0.13371655
0,0,0.15375642
0,0,0.24622187
0,0,0.13601595
0,0,0.17585297
0,0,0.1633824
0,0,0.24220462
0,0,0.21174328
0,0,0.16361775
0,0,0.16715077
0,0,0.43128434
0,0,0.16864192
0,0,0.16717164
1,1,0.58556604
0,0,0.24291153
0,0,0.4771114
1,0,0.45424855
1,0,0.46749252
0,0,0.1757341
0,0,0.1785498
0,0,0.19226857
0,0,0.36798105
0,0,0.1581392
0,0,0.15765877
0,0,0.1377281
0,0,0.14094006
0,0,0.15374804
0,0,0.16714086
0,0,0.22253197
0,0,0.2122102
0,0,0.30316582
0,0,0.3724602
1,1,0.5302967
0,0,0.15221623
0,0,0.14848997
0,0,0.4357922
0,0,0.2544262
0,0,0.367027
0,1,0.5889486
1,1,0.5982513
0,0,0.1547429
0,1,0.54934996
0,0,0.1581392
0,0,0.22454605
0,0,0.17109138
0,0,0.13776991
0,0,0.4837972
0,0,0.23157413
0,0,0.44720113
0,0,0.1714282
0,0,0.13665639
1,0,0.48613667
0,0,0.16420719
0,0,0.30116734
0,0,0.41640845
1,0,0.25955787
0,0,0.2888894
0,0,0.1357884
0,0,0.30177358
0,0,0.1349078
0,0,0.14077355
0,0,0.16691096
0,0,0.1729634
0,0,0.16018791
1,1,0.55552673
0,0,0.43511003
0,0,0.15666372
0,0,0.36809668
0,1,0.54374504
0,0,0.15413606
0,0,0.18156308
0,1,0.5148708
0,0,0.22111174
0,0,0.13387601
0,0,0.4318839
0,0,0.16631411
0,0,0.3012908
0,0,0.1485933
0,0,0.2297181
0,0,0.16931096
1,1,0.5975277
0,0,0.49893707
0,0,0.43440324
0,0,0.24185663
0,0,0.31299487
0,0,0.15806255
1,0,0.3433461
0,0,0.2241263
0,0,0.20995064
0,0,0.17743182
0,0,0.2778462
0,1,0.57651097
0,0,0.1452839
0,1,0.51328886
0,0,0.15121
0,0,0.46510923
0,0,0.22098075
0,0,0.2513264
0,0,0.2215664
0,0,0.21568808
0,0,0.32818913
0,0,0.1749917
0,0,0.13387601
0,0,0.15061021
0,0,0.26033428
0,0,0.2184263
0,0,0.27535692
0,0,0.16655618
0,0,0.15329732
0,0,0.13793343
1,0,0.24589005
0,0,0.43750158
0,0,0.2996873
1,1,0.5472265
0,0,0.2774647
0,0,0.27818093
0,0,0.4471796
0,0,0.32818913
0,0,0.43285978
0,0,0.1429171
0,0,0.27503553
0,0,0.4691128
0,0,0.13371655
0,0,0.1734139
0,0,0.18198341
1,0,0.37829632
0,0,0.21807359
0,0,0.24981411
1,1,0.6403336
0,0,0.15697333
0,0,0.45279604
0,0,0.1357884
0,0,0.1534661
1,0,0.26433906
0,1,0.61386114
0,0,0.34665203
0,1,0.5974743
0,0,0.15949607
0,0,0.2962439
0,0,0.486381
0,0,0.367027
1,1,0.59646034
0,0,0.13387601
0,0,0.31694317
0,0,0.15678674
0,0,0.31709546
0,1,0.662983
0,0,0.3724602
0,1,0.59958327
0,0,0.47801808
0,0,0.15370429
0,0,0.30018538
0,0,0.15740164
0,0,0.35135072
0,0,0.44002667
0,0,0.13387601
0,0,0.15888101
0,0,0.16010892
1,1,0.5990174
0,0,0.15243843
0,0,0.37235388
0,0,0.15452689
0,0,0.15678674
0,0,0.44435546
0,1,0.52712476
0,1,0.5774178
0,0,0.2269287
1,1,0.5656195
0,1,0.52585936
0,0,0.29075068
0,0,0.4357922
0,0,0.15660414
0,1,0.65984935
0,0,0.2444402
0,0,0.17340416
0,0,0.4119328
1,0,0.46880096
0,0,0.17497551
1,0,0.33047676
0,0,0.15632083
0,0,0.15344338
0,0,0.17243631
0,0,0.4864511
0,0,0.1547429
0,1,0.5134911
0,0,0.25371855
0,0,0.23438628
0,0,0.23173462
0,0,0.13457337
0,0,0.21365346
0,0,0.3775451
0,0,0.3381556
0,0,0.19833475
0,0,0.13733988
0,1,0.5990174
0,1,0.51085526
0,0,0.17366321
0,0,0.32013476
0,0,0.16146703
0,0,0.367027
0,0,0.21443531
0,0,0.16817723
0,0,0.17470725
0,0,0.21082464
0,0,0.23578712
0,0,0.2128215
0,0,0.15251733
0,0,0.14505696
1,0,0.151431
0,0,0.43036035
0,0,0.18477541
0,0,0.16607529
0,0,0.15633422
0,0,0.14023241
0,0,0.47083727
0,0,0.15190884
0,0,0.13944197
1,0,0.37625527
0,0,0.15643026
0,0,0.43335873
0,0,0.13371655
0,1,0.59543097
0,0,0.17307134
1,1,0.53256726
0,0,0.13371655
0,0,0.16444351
0,0,0.14094006
0,0,0.16691096
0,0,0.15074979
0,0,0.15319254
0,0,0.14328845
0,0,0.30173144
0,0,0.15633422
0,0,0.43036035
0,0,0.15881687
0,0,0.3266213
0,0,0.23517156
0,0,0.4364811
0,0,0.44040272
1,0,0.43639317
0,0,0.29623312
1,1,0.6390807
0,0,0.47881648
0,0,0.22395545
0,0,0.15796474
0,1,0.55389535
0,0,0.45485446
1,0,0.29461968
0,1,0.57741845
0,0,0.17550166
1,0,0.18398741
0,0,0.28354198
0,0,0.13776991
0,0,0.47456142
0,0,0.1537525
0,0,0.14435138
0,0,0.16740184
0,0,0.1785498
1,1,0.5242719
1,1,0.59695035
1,0,0.3406038
0,0,0.41649854
0,0,0.21568006
0,0,0.17297488
1,1,0.54055625
0,1,0.55552673
0,0,0.23889607
0,0,0.13637161
0,0,0.47294763
0,1,0.5125439
0,1,0.5305693
1,1,0.52712476
0,0,0.17453921
0,0,0.16714086
0,0,0.1349078
0,1,0.59135264
0,0,0.16655618
0,0,0.13371655
0,0,0.46876627
0,0,0.4596071
0,0,0.15659001
0,1,0.5081036
0,1,0.5832091
0,0,0.15340701
0,0,0.26846668
0,1,0.5365296
0,0,0.24096183
0,0,0.17795914
0,0,0.4790152
0,0,0.15370429
0,0,0.26842538
0,0,0.22603346
0,0,0.15399857
0,0,0.34707654
0,0,0.21915343
0,1,0.53415567
0,0,0.13640101
0,0,0.14719152
0,0,0.19748512
0,0,0.26121694
0,0,0.1519845
0,0,0.17010489
0,0,0.43769324
0,0,0.20791124
1,1,0.529325
0,0,0.34932178
0,0,0.14777836
0,0,0.33109236
0,0,0.16714086
0,0,0.43036035
0,0,0.17467049
0,0,0.237788
0,0,0.24684846
1,1,0.5027308
0,1,0.5988175
0,0,0.19756313
0,1,0.51117766
0,0,0.17399007
0,1,0.5953312
0,1,0.5311866
0,0,0.15632083
0,0,0.44050717
0,1,0.51856965
0,0,0.33087173
0,0,0.15320605
0,0,0.13371655
0,0,0.17320731
0,0,0.47488803
0,0,0.13714483
0,0,0.16655618
0,0,0.15175977
0,1,0.59824085
0,0,0.40330613
0,1,0.51845896
1,1,0.6620717
0,0,0.26040757
0,0,0.17368142
0,1,0.51638395
0,0,0.27300403
0,0,0.15320605
0,0,0.24130014
0,0,0.14729854
0,1,0.58237493
0,0,0.33514005
0,0,0.19394468
0,0,0.4130973
0,0,0.32818913
0,0,0.23771693
0,0,0.13776991
0,1,0.50341195
0,0,0.21074495
0,0,0.21640207
0,0,0.15234274
0,0,0.36798105
0,0,0.17062557
0,0,0.23757525
0,0,0.3397263
0,0,0.42677486
0,0,0.17322372
0,0,0.13387601
0,0,0.2171226
0,0,0.16931096
0,0,0.14468925
0,0,0.15729605
0,0,0.13793343
0,0,0.43446273
0,0,0.15251733
0,1,0.57893497
0,0,0.13776991
0,0,0.21794333
1,1,0.6148442
0,0,0.13404918
0,0,0.15351191
0,0,0.17664614
0,0,0.17694679
0,0,0.15525888
0,0,0.20862493
0,1,0.6208612
0,1,0.52012
0,0,0.43639317
0,0,0.20956235
0,0,0.18185638
1,0,0.2575861
0,0,0.15329732
0,0,0.45672062
0,0,0.22354004
0,1,0.5653399
0,0,0.17832036
1,0,0.34932178
0,0,0.4739129
0,0,0.14969938
0,0,0.39740962
0,0,0.41546783
0,0,0.15121
1,0,0.33047676
0,0,0.24597345
0,0,0.3018265
0,1,0.5793616
0,0,0.37970245
1,1,0.62908053
0,0,0.4299357
0,0,0.23147969
0,0,0.16980429
0,1,0.6240791
0,0,0.17160562
0,0,0.17453127
0,0,0.34932178
0,0,0.42872867
0,0,0.34050974
0,0,0.43335873
0,0,0.23429327
0,0,0.32637385
0,0,0.30527055
0,0,0.448938
0,0,0.17888954
0,0,0.3266213
0,0,0.4192067
0,0,0.13371655
1,1,0.64232063
0,0,0.36798105
0,0,0.19833475
0,0,0.15340701
0,0,0.37353963
0,0,0.13944197
0,0,0.31567875
1,1,0.52712476
0,0,0.3531898
0,0,0.15296616
0,0,0.33124343
1,1,0.5976743
0,1,0.5755428
0,0,0.24332303
0,0,0.34932178
1,0,0.3515907
1,1,0.5128805
0,0,0.34715778
1,0,0.43153873
0,0,0.15329732
0,0,0.15703557
0,0,0.3694472
0,1,0.53866315
0,0,0.37601903
0,0,0.14341798
1,1,0.59778106
0,0,0.21924269
0,0,0.13612537
0,0,0.17786199
0,0,0.24193013
1,1,0.56916994
0,0,0.2754535
0,0,0.28234962
0,0,0.13601595
0,0,0.2782668
0,0,0.22549134
0,0,0.2688232
0,0,0.42530566
1,1,0.55405354
0,0,0.15320605
0,0,0.14943808
0,0,0.13371655
0,0,0.32818913
0,0,0.367027
0,0,0.42470843
0,0,0.34932178
0,0,0.13473369
0,1,0.5098966
0,0,0.38595426
0,0,0.15525888
0,1,0.55591565
0,0,0.16152774
0,0,0.13756476
0,0,0.31647414
0,0,0.17166908
0,0,0.18001877
0,0,0.2173275
0,1,0.54136676
0,0,0.16980429
0,0,0.16909027
0,0,0.32017037
0,0,0.16655618
1,0,0.46837386
0,0,0.4318839
0,0,0.29089504
0,0,0.1724696
0,0,0.1586984
0,0,0.27398896
0,0,0.3734188
0,0,0.13570586
0,0,0.2832053
1,1,0.56547993
0,0,0.17084858
0,0,0.41946313
0,0,0.15756659
0,0,0.15648155
0,0,0.2595548
0,0,0.33864442
0,0,0.4357922
0,0,0.23857407
1,1,0.6587853
0,0,0.36798105
0,0,0.15633422
0,0,0.42470843
0,0,0.14094006
0,0,0.29075342
0,0,0.4290965
0,0,0.16444351
0,0,0.20493709
1,1,0.62864125
0,0,0.26846668
0,0,0.29918185
0,0,0.13793343
0,0,0.16897745
0,0,0.1520569
0,0,0.16776234
0,0,0.36798105
0,0,0.4147808
0,0,0.151431
0,0,0.16385625
0,0,0.32550788
0,1,0.51058877
0,0,0.14458273
0,0,0.15251733
1,0,0.31145555
0,0,0.1521307
0,0,0.43639317
0,0,0.1467569
0,0,0.2169882
0,0,0.29914135
0,0,0.30527055
0,0,0.4327587
0,0,0.32818913
0,0,0.16172962
0,0,0.4848265
0,1,0.52208954
0,0,0.20194995
0,0,0.35093093
0,0,0.15275663
0,0,0.15297061
0,0,0.15425007
0,0,0.22089733
0,0,0.2754535
0,0,0.15704401
0,1,0.55026275
0,0,0.47607657
0,0,0.17269674
0,0,0.13793343
0,0,0.35515785
0,0,0.1734139
0,0,0.1537525
0,0,0.17924623
0,0,0.1401273
1,0,0.4691128
0,0,0.28646538
0,0,0.15485764
0,1,0.594084
0,0,0.14341798
0,0,0.27874282
0,0,0.14094006
0,0,0.15633422
0,0,0.43036035
0,0,0.15830678
0,0,0.45672062
0,1,0.5136048
0,0,0.21457146
0,0,0.4631633
0,0,0.2995808
0,0,0.17341395
0,0,0.3724602
0,0,0.15767375
0,0,0.2223793
1,0,0.4191873
0,0,0.26177397
0,0,0.16630426
0,0,0.2646426
0,0,0.17368142
0,0,0.15391934
0,0,0.16146703
0,0,0.21104541
0,1,0.6181006
0,0,0.27535692
0,0,0.15374804
0,1,0.51647854
0,0,0.3428353
0,0,0.37529254
1,1,0.59335804
1,0,0.43506488
0,0,0.30486733
0,0,0.17470725
0,0,0.46567732
0,0,0.3425974
0,1,0.53474206
0,0,0.32288197
0,0,0.15969142
0,0,0.13653375
0,0,0.32550788
0,0,0.17811316
1,1,0.5990174
0,0,0.27984357
0,0,0.1521307
0,0,0.31769273
0,0,0.15425712
0,0,0.13371655
0,0,0.14157893
0,1,0.5164057
0,0,0.47932535
0,0,0.47985762
0,0,0.49019885
0,0,0.37629402
0,0,0.2782668
0,0,0.16607529
0,0,0.16420719
0,1,0.55582887
0,0,0.38072878
0,0,0.27623862
0,0,0.16909027
0,0,0.4107694
0,0,0.36991996
0,0,0.20101838
0,0,0.16790324
0,0,0.1349078
0,0,0.17756763
1,0,0.47623396
0,0,0.15451251
0,0,0.2782668
1,1,0.6012005
0,0,0.31227386
0,0,0.24490802
0,0,0.1682357
0,0,0.15398891
0,0,0.15392873
0,0,0.2824075
0,1,0.51537967
0,0,0.17664614
0,0,0.2229507
0,0,0.30176917
0,0,0.46517
1,0,0.27507403
0,0,0.1673938
1,1,0.51273507
0,0,0.23124343
0,0,0.15398891
0,0,0.36420172
0,0,0.17954426
0,0,0.15296616
0,0,0.4093022
1,1,0.59958327
0,0,0.13793343
0,1,0.5108834
0,0,0.29623312
0,0,0.3684916
0,0,0.15930808
0,0,0.14458273
1,1,0.6288921
0,0,0.32966816
0,0,0.4960147
0,1,0.50974935
0,0,0.31517088
0,0,0.27821615
0,0,0.15296616
0,0,0.41698125
0,0,0.2782668
0,0,0.35669035
0,0,0.16971372
0,0,0.40347233
0,0,0.20634349
0,0,0.31683105
0,0,0.21841101
0,0,0.14917518
0,0,0.18512703
0,1,0.63267887
0,0,0.13637161
0,0,0.17145245
0,0,0.16766173
0,0,0.23348144
0,0,0.1537525
0,0,0.3462282
0,0,0.15033337
0,0,0.2864209
0,0,0.2041989
0,0,0.15679991
0,0,0.151431
0,0,0.31649297
0,1,0.510972
0,0,0.24718027
0,1,0.5879922
0,0,0.22197464
0,0,0.20034617
0,0,0.37625527
0,0,0.13811772
1,1,0.65979534
0,0,0.42021814
0,0,0.14077355
1,0,0.3425974
0,1,0.5435768
1,1,0.59958327
0,0,0.23658152
0,0,0.13776991
0,0,0.22178207
0,0,0.4837972
0,0,0.20189823
0,0,0.27579752
0,0,0.47570765
1,0,0.32818913
0,0,0.22695057
0,0,0.21957082
0,0,0.38595426
0,0,0.40528083
0,0,0.3734188
0,0,0.13776991
0,0,0.32779273
1,1,0.6105641
0,1,0.5242719
0,0,0.28329995
0,0,0.37601903
0,1,0.543686
0,0,0.27554703
0,0,0.32880253
0,0,0.36403245
0,0,0.47427857
0,0,0.43665722
0,0,0.15190884
0,0,0.15121
0,0,0.17716062
0,0,0.3788176
0,0,0.23318577
0,1,0.51238096
0,0,0.37454858
0,0,0.23356119
0,0,0.3715014
0,0,0.1429462
0,0,0.14802971
0,0,0.3540201
1,1,0.6125973
0,0,0.14094006
0,0,0.14094006
0,0,0.2966406
0,0,0.16545019
0,0,0.43386236
0,0,0.34932178
0,0,0.21571301
0,0,0.20577212
0,1,0.5403129
0,0,0.15487877
0,0,0.16655618
0,0,0.34297144
0,0,0.4318839
0,0,0.33885038
0,0,0.1534661
0,0,0.17327283
0,1,0.5872621
0,0,0.17441574
0,0,0.14094006
0,0,0.27596548
0,0,0.22106662
0,0,0.36882117
0,0,0.15967673
1,1,0.6592818
0,0,0.47653362
0,0,0.30926406
0,0,0.17624907
1,0,0.3018265
0,0,0.15268628
0,0,0.4995893
0,0,0.24415125
0,0,0.37232184
0,0,0.30299008
0,0,0.1521307
0,0,0.16897745
0,0,0.21161106
0,0,0.15329732
0,0,0.14325237
0,0,0.4991399
0,0,0.20952843
0,0,0.1782651
0,0,0.31189764
0,0,0.1782764
0,1,0.5941553
0,0,0.2888894
0,0,0.46955985
0,0,0.3715014
0,0,0.23376614
0,0,0.15329732
0,1,0.50916636
0,0,0.1673938
0,0,0.14511313
0,0,0.15329732
0,0,0.33010638
0,0,0.4673917
0,0,0.2147889
1,1,0.6581434
0,0,0.25368628
0,0,0.2778462
0,0,0.14998046
0,0,0.16607529
0,0,0.15471151
0,0,0.17876586
0,0,0.1347473
0,0,0.17368142
0,0,0.13371655
0,0,0.281175
0,0,0.15221623
0,1,0.52039033
0,0,0.15425007
1,1,0.5975277
0,0,0.47883824
0,0,0.42470843
0,0,0.1728489
0,0,0.25198153
0,0,0.28044972
0,0,0.28430519
0,0,0.13776991
0,0,0.40347233
0,0,0.13944197
0,0,0.151431
0,1,0.5988175
0,0,0.4318839
0,0,0.29918185
0,0,0.17208159
0,0,0.14729854
0,0,0.30527055
0,0,0.2754535
0,0,0.18125081
0,0,0.46791747
0,0,0.18573973
0,0,0.14258204
0,0,0.27300403
0,0,0.16980429
0,0,0.15390366
0,0,0.15121
1,0,0.37448955
0,1,0.5510517
0,0,0.1534661
0,0,0.2444402
0,0,0.17533726
1,0,0.48327968
0,0,0.4793471
0,0,0.14094006
0,0,0.15472725
0,0,0.13989311
0,0,0.14112088
0,0,0.28177053
0,0,0.16412662
0,0,0.14511313
0,0,0.13426013
0,0,0.47355685
0,0,0.15485764
0,0,0.36995342
0,0,0.20213549
0,0,0.15273103
0,0,0.15273103
0,0,0.22253662
0,0,0.15645777
0,0,0.4261771
0,0,0.17160562
0,0,0.43639317
1,1,0.50429887
0,0,0.26892698
1,0,0.3650725
0,0,0.24936709
0,0,0.33780596
0,0,0.17388926
0,0,0.13371655
0,1,0.53699064
0,0,0.367027
0,0,0.22812946
0,0,0.2694398
0,0,0.4318839
0,0,0.2824583
0,1,0.52184653
0,0,0.21924269
0,0,0.35017374
0,0,0.15704401
0,1,0.5122201
0,0,0.15473036
0,0,0.15989144
0,0,0.3719934
0,0,0.13371655
1,0,0.22287613
0,0,0.2768394
0,1,0.5299553
0,0,0.19702385
0,0,0.34932178
0,0,0.14134113
0,0,0.30098483
0,0,0.16770305
0,0,0.36798105
0,0,0.28931916
0,0,0.2418946
1,0,0.43639317
0,0,0.21849886
0,0,0.3380952
0,0,0.19662881
0,0,0.24187991
0,0,0.40263644
0,0,0.37601903
0,0,0.3647476
0,0,0.31457195
0,0,0.2823202
0,0,0.14077355
0,0,0.15022153
0,0,0.4318839
1,0,0.4318839
0,0,0.45784536
0,0,0.14293668
0,1,0.61532766
0,0,0.363483
0,0,0.25918275
0,0,0.17427076
0,0,0.13756476
1,0,0.27497756
0,0,0.4682932
0,0,0.23065859
0,0,0.19681276
0,0,0.17687099
0,0,0.4136241
0,0,0.24911119
0,0,0.16607529
0,0,0.15769252
0,0,0.47140962
0,0,0.14094006
0,0,0.45592877
0,0,0.14157893
0,0,0.13799985
0,0,0.25246465
0,0,0.20022297
0,0,0.286241
0,0,0.25655058
1,1,0.5762661
0,1,0.5071911
0,0,0.1452839
0,0,0.36734107
0,0,0.3715014
0,0,0.36991996
0,0,0.16977394
0,0,0.1666948
0,0,0.1549212
0,0,0.22572838
0,0,0.3715014
0,0,0.22377463
1,0,0.17709072
0,0,0.15633422
0,0,0.15329732
0,0,0.2754535
0,0,0.30259508
0,1,0.6164133
0,0,0.14310533
0,0,0.45492586
0,0,0.4100082
0,0,0.2754535
1,1,0.59958327
0,0,0.15221623
0,0,0.14077355
0,1,0.5193152
0,0,0.15042491
0,0,0.36798105
1,1,0.5988605
0,1,0.50639415
0,0,0.23853761
0,0,0.17269674
0,0,0.36882117
0,0,0.43506488
0,0,0.13371655
0,0,0.15329732
0,0,0.14606425
0,0,0.15606539
0,0,0.23722948
0,0,0.1537525
0,0,0.13457337
0,0,0.4370919
0,0,0.16901608
0,0,0.28154036
0,0,0.15329732
0,0,0.47892308
0,0,0.24870574
0,0,0.15190884
0,0,0.2216298
0,0,0.4736076
0,0,0.15921114
0,0,0.46517
0,0,0.3190794
0,0,0.4357922
0,0,0.20822772
0,0,0.16022877
0,0,0.15190884
0,0,0.20568225
1,1,0.5507644
0,0,0.27682763
0,0,0.22152388
0,0,0.15340701
1,0,0.4170604
0,0,0.14077355
0,0,0.16984777
0,0,0.39364153
0,0,0.1673938
0,0,0.39290375
0,0,0.2774647
1,1,0.52568865
0,0,0.15971577
0,0,0.14094006
0,0,0.16909027
0,0,0.14987913
0,0,0.15788135
0,0,0.14404425
0,0,0.2242279
0,0,0.24980292
0,0,0.21568808
0,0,0.14782597
0,0,0.46934053
0,0,0.32818913
0,0,0.25879875
0,1,0.51646364
0,0,0.42470843
1,1,0.57286626
0,0,0.17482391
0,0,0.15391934
0,0,0.17430885
0,0,0.43036035
0,0,0.45103496
0,0,0.42677486
0,0,0.26284102
0,0,0.32964298
0,0,0.29914135
0,0,0.32818913
0,0,0.45431292
0,1,0.53277516
0,0,0.1483552
0,0,0.2560621
0,0,0.4314089
0,0,0.22530875
0,0,0.43096066
0,0,0.15398891
0,1,0.5289043
0,0,0.1732316
0,0,0.17654318
0,0,0.21559091
0,0,0.21955565
0,0,0.34086144
0,0,0.13793343
0,0,0.14225946
0,0,0.1349078
1,1,0.52808636
0,0,0.15921114
0,0,0.15166204
0,0,0.2831258
0,0,0.17160562
1,0,0.4956226
0,1,0.5260011
0,0,0.3190794
0,0,0.1735744
0,0,0.1459139
0,0,0.4290965
1,1,0.5793971
0,0,0.21064901
0,0,0.29159275
0,0,0.15252653
0,0,0.13776991
0,0,0.20769462
0,0,0.17307134
1,1,0.64341265
0,0,0.37235388
0,0,0.15633422
0,0,0.1547429
0,0,0.26033822
0,0,0.1691347
0,0,0.17109932
0,0,0.24936709
0,0,0.16909027
0,1,0.54016906
0,0,0.18411282
0,0,0.15659001
0,0,0.46356514
0,0,0.30780604
0,0,0.17335735
0,0,0.40528083
0,0,0.43096066
0,0,0.38272947
0,0,0.1521307
0,0,0.32898888
0,0,0.43128434
0,0,0.20862493
0,0,0.1582552
0,0,0.15251733
0,0,0.151431
0,0,0.15297061
0,0,0.15393826
0,0,0.1435871
0,0,0.16714086
0,0,0.31647414
0,1,0.62460124
0,0,0.22354004
0,0,0.14094006
0,0,0.29918185
0,1,0.5988605
0,0,0.15319254
0,0,0.16607529
0,0,0.1521307
0,0,0.29918185
0,0,0.45966548
0,0,0.15251733
0,1,0.5857567
0,0,0.22509876
0,0,0.13371655
0,0,0.1827003
0,0,0.47873724
0,0,0.25000507
0,0,0.1349078
1,0,0.351265
0,0,0.15293756
0,0,0.43440324
0,0,0.20685336
1,1,0.5974743
0,0,0.19600524
1,0,0.13536377
0,0,0.30314764
0,0,0.15895733
0,0,0.15320605
0,0,0.42470843
0,0,0.20249747
0,0,0.14006005
0,0,0.17987387
0,0,0.13793343
0,0,0.1519845
0,0,0.13371655
0,0,0.1582552
0,0,0.3205297
0,0,0.1547429
0,0,0.15320605
0,0,0.14316402
0,0,0.15391934
0,0,0.3156832
0,1,0.65728706
0,0,0.13521634
1,0,0.24558502
0,0,0.3775451
0,0,0.21915343
0,0,0.17333679
0,0,0.23270564
0,0,0.15166204
0,0,0.17109138
0,0,0.13387601
0,0,0.15452689
0,0,0.18158637
0,0,0.15121
0,0,0.16631411
0,0,0.13387601
0,0,0.2995808
0,0,0.39453605
0,0,0.25814375
0,0,0.2778462
0,0,0.2559824
0,0,0.4820462
0,1,0.5109101
0,0,0.18166871
0,0,0.15504228
0,0,0.43403372
0,0,0.1972789
0,0,0.15120693
0,0,0.36899725
0,0,0.13776991
0,0,0.4668842
0,0,0.17472258
0,0,0.16740184
0,0,0.15271099
0,1,0.5333618
0,0,0.43450946
0,0,0.17999943
0,1,0.53474206
0,0,0.15929891
1,0,0.28614762
0,0,0.1734139
0,0,0.2547121
0,0,0.38295773
0,0,0.13989311
0,0,0.2756732
0,0,0.14511313
0,0,0.13371655
0,0,0.15320605
0,1,0.5319805
0,0,0.13601595
0,0,0.13617772
0,0,0.1519845
0,0,0.17255762
0,0,0.1519845
0,0,0.4130973
0,0,0.25916377
0,0,0.3650725
0,0,0.37676522
0,0,0.15390366
0,0,0.13371655
0,0,0.26121694
0,0,0.13473369
0,0,0.34707654
0,0,0.16936165
0,0,0.1597048
0,0,0.20569381
0,0,0.21144563
0,0,0.4357922
0,0,0.14029317
1,0,0.23075356
0,0,0.33124343
0,0,0.4209737
0,0,0.2586444
0,0,0.3148958
0,0,0.24929994
0,0,0.23391718
0,0,0.2778462
0,0,0.46154356
0,0,0.18476488
0,0,0.23343512
0,0,0.15390366
0,0,0.42530566
0,0,0.41473913
0,0,0.13371655
0,0,0.40315905
0,0,0.19745736
0,0,0.3716123
0,0,0.3775451
0,0,0.17602785
0,1,0.5988605
0,0,0.13793343
0,0,0.17189573
0,0,0.4832751
1,0,0.28256693
1,0,0.3411192
0,0,0.14835094
0,0,0.3780991
0,0,0.34932178
0,0,0.33047676
0,0,0.4131909
0,0,0.15788135
0,1,0.53180194
0,0,0.27715835
0,0,0.20015132
0,0,0.34932178
0,1,0.5931499
0,0,0.1779263
0,0,0.39420417
0,0,0.38403568
0,0,0.34932178
0,0,0.2819532
0,0,0.17532612
0,0,0.13387601
0,0,0.15930808
0,0,0.48423788
0,0,0.25976294
0,1,0.5400924
0,0,0.28509742
0,0,0.43128434
1,1,0.58426315
0,0,0.15425007
0,0,0.16172962
0,1,0.5604895
0,0,0.24259831
0,0,0.1357884
0,0,0.32818913
0,0,0.28417307
0,0,0.15551396
0,0,0.21606465
0,0,0.21636018
0,0,0.3780991
0,0,0.35017374
0,0,0.1557031
0,0,0.3780991
0,0,0.37550792
0,0,0.25024685
0,0,0.14077355
0,0,0.17272252
0,0,0.3156832
0,0,0.34628475
0,0,0.3459056
0,0,0.2782668
0,0,0.17759858
0,0,0.14124398
0,0,0.21711539
0,0,0.14517577
0,0,0.32179102
0,0,0.18038861
0,0,0.2054041
0,0,0.14029317
1,1,0.53772444
0,0,0.2691687
0,0,0.17721862
0,0,0.30527055
0,0,0.28237757
0,1,0.58383095
0,0,0.47488803
0,0,0.47860613
1,0,0.3775451
0,0,0.15297061
0,0,0.2552022
0,1,0.5790783
0,0,0.15606539
0,0,0.34169722
0,0,0.36798105
0,0,0.17307134
1,1,0.5264839
0,1,0.5964901
0,0,0.3203241
0,1,0.51445526
0,0,0.33923915
1,0,0.4318839
0,0,0.17144832
0,0,0.367027
1,0,0.48002017
0,0,0.13457337
0,0,0.14505696
1,0,0.4882289
0,0,0.4046101
0,0,0.2814106
1,1,0.5990174
0,0,0.32818913
0,0,0.15290906
0,1,0.55552673
0,0,0.13371655
0,0,0.17929792
0,0,0.1673938
0,0,0.14647666
1,0,0.46995246
0,0,0.35311672
0,0,0.30467522
0,1,0.517691
0,0,0.2586099
0,0,0.4718859
0,0,0.1566962
0,0,0.18084228
0,0,0.21395615
0,0,0.19088317
0,0,0.17849573
0,1,0.5857138
0,0,0.20187122
0,1,0.5114722
0,0,0.15351191
0,0,0.1611331
0,0,0.2636815
0,0,0.17335212
0,0,0.33922246
1,0,0.17199506
0,0,0.20830734
0,0,0.34023696
0,0,0.4318839
0,0,0.3005851
0,0,0.4357922
0,0,0.14782597
1,1,0.5237998
0,0,0.16909027
0,0,0.13387601
0,0,0.41393885
0,1,0.59958327
0,0,0.3022991
0,0,0.39470506
0,0,0.15504228
0,0,0.31563997
0,1,0.5134911
0,0,0.1381636
1,1,0.57452124
0,0,0.25352302
0,1,0.6447683
1,0,0.37629402
0,1,0.5105764
0,0,0.25915235
0,0,0.3775451
0,1,0.52561384
0,0,0.13944197
0,1,0.51328623
0,1,0.5974743
0,0,0.3271803
1,1,0.57678604
0,0,0.1476348
0,1,0.5922008
0,0,0.30527055
0,0,0.15268628
0,0,0.27908924
0,0,0.47486624
0,0,0.13552488
0,0,0.16952209
0,0,0.16140701
0,0,0.15166204
0,1,0.51492774
0,0,0.17201018
0,0,0.33923915
0,0,0.17453921
0,1,0.5251272
0,0,0.20695747
0,0,0.15659001
0,0,0.3713952
0,0,0.15632083
0,1,0.50308144
0,0,0.16717164
0,0,0.15398891
0,0,0.36798105
0,0,0.18026395
0,0,0.20061265
0,0,0.1785498
0,0,0.19879198
0,0,0.43639317
1,1,0.59958327
0,0,0.15729605
0,0,0.25996077
0,0,0.17437798
0,0,0.18443553
0,0,0.17153028
0,0,0.4736076
0,0,0.3637013
0,0,0.25813106
0,0,0.151431
0,0,0.47652355
0,0,0.36798105
0,1,0.54825324
0,0,0.17239775
0,0,0.42976135
1,1,0.5870008
0,0,0.20615469
0,0,0.19705962
0,0,0.179222
0,0,0.3769921
0,0,0.27799937
0,0,0.38921255
0,0,0.1521307
0,0,0.15351191
0,0,0.17235531
0,0,0.43693
0,0,0.4748049
0,0,0.14077355
0,0,0.1749917
0,0,0.2525009
1,0,0.46439186
0,0,0.13457337
0,0,0.17087731
0,0,0.1673938
0,0,0.29717582
0,0,0.30138516
0,0,0.21946998
0,0,0.1713938
0,0,0.13500355
0,0,0.15632083
0,0,0.37381104
0,0,0.34932178
0,0,0.27260014
0,0,0.2804734
0,1,0.5008015
0,0,0.1357884
0,0,0.33786723
0,0,0.37856814
0,0,0.13387601
0,0,0.13371655
0,0,0.20910361
0,0,0.17087731
0,0,0.15390366
1,1,0.5094815
0,0,0.28475916
1,0,0.43769324
1,1,0.5128805
0,0,0.22303513
0,0,0.14884652
0,0,0.1570393
1,0,0.3016328
0,0,0.29874274
0,0,0.13371655
0,0,0.45855275
1,0,0.36798105
0,0,0.28156826
0,1,0.5943539
1,1,0.5259116
0,0,0.17993948
0,0,0.34456164
0,0,0.15340701
0,0,0.2533222
0,0,0.42530566
0,0,0.16790324
0,0,0.28354198
0,0,0.17744818
0,0,0.27676436
0,0,0.15320605
0,0,0.1347473
0,0,0.4357922
0,0,0.151431
0,0,0.25996077
0,0,0.17389548
0,0,0.34707654
0,0,0.15963894
1,1,0.53277516
0,0,0.17084858
0,0,0.25720963
0,0,0.16655618
0,0,0.2038251
0,0,0.20391405
0,0,0.18218057
1,1,0.53700167
0,0,0.2054844
0,0,0.32818913
0,0,0.13944197
0,0,0.2002023
0,0,0.15606539
0,0,0.1357884
0,0,0.16630426
0,0,0.15274024
0,0,0.16897745
0,0,0.15350062
0,0,0.15370429
0,0,0.20161258
0,0,0.16714086
0,0,0.15425007
0,0,0.15319254
0,1,0.59778106
1,1,0.5209982
0,0,0.1452839
0,1,0.6244412
0,0,0.2091122
0,0,0.32818913
0,0,0.2749509
0,0,0.15391934
1,0,0.2967384
0,0,0.17732838
0,1,0.54420626
0,1,0.52643204
0,0,0.1381636
0,0,0.48048759
1,1,0.64221555
0,0,0.17671828
1,1,0.5333618
0,0,0.1741513
0,0,0.15963277
1,1,0.513254
0,0,0.25428027
0,0,0.22253197
0,0,0.16655618
0,0,0.24699883
1,0,0.28808957
0,0,0.3488025
1,0,0.16691096
0,0,0.15563953
0,0,0.21805078
0,0,0.25816098
0,0,0.15524308
0,1,0.63835484
0,0,0.2267754
0,0,0.48423788
0,0,0.15297061
0,0,0.47560096
0,0,0.18409106
0,0,0.13960716
0,0,0.4674793
0,0,0.13371655
0,0,0.15734889
0,0,0.21384314
0,0,0.14077355
0,0,0.1381636
0,0,0.21291104
0,0,0.1691347
0,0,0.38204235
0,0,0.3715014
0,0,0.16909027
0,0,0.17521831
0,0,0.21096683
0,0,0.16740184
1,0,0.2445271
0,0,0.14272386
0,0,0.15319254
0,0,0.13617772
1,1,0.5334181
0,0,0.1554702
1,1,0.5412399
0,0,0.13994588
0,1,0.5121125
0,0,0.15461199
1,1,0.5209728
0,0,0.15633422
0,0,0.4745005
0,1,0.519566
0,0,0.15870823
0,0,0.15778755
0,0,0.18044819
0,1,0.59224224
0,0,0.19840042
0,0,0.22093706
1,1,0.5952736
0,0,0.1785498
0,0,0.18241364
0,0,0.13983196
0,0,0.18026008
0,1,0.65854484
0,0,0.13776991
0,0,0.16025488
0,0,0.30274597
0,0,0.37353963
0,0,0.43506488
0,1,0.5990174
0,0,0.45492586
0,0,0.15221623
0,0,0.1610669
0,0,0.37625527
0,0,0.3724602
0,1,0.51699424
1,0,0.43639317
0,0,0.49697146
0,0,0.20427603
0,0,0.15551396
0,0,0.27676436
0,0,0.41546783
0,0,0.17437798
0,0,0.25879875
0,0,0.37810633
0,0,0.41072065
0,1,0.55737895
0,0,0.1562128
0,0,0.16963702
0,0,0.15391934
0,1,0.5988175
0,0,0.22244868
0,0,0.1569386
0,0,0.2571141
0,0,0.21856189
0,0,0.3388671
0,0,0.2539821
0,0,0.37448955
0,0,0.23473363
0,0,0.15567139
0,0,0.14094006
0,0,0.17654318
0,0,0.27788496
0,0,0.1452839
0,0,0.13473369
0,0,0.15854406
0,0,0.14517577
0,0,0.14077355
0,0,0.17533726
0,0,0.1734139
0,1,0.59294367
1,0,0.4357922
0,0,0.31745508
0,0,0.14258204
0,0,0.14826
0,1,0.5435185
1,1,0.55591565
0,0,0.4602218
0,0,0.23604289
0,1,0.5104968
0,0,0.2819532
0,0,0.22253662
0,0,0.30740094
1,0,0.4548972
0,1,0.55552673
0,0,0.22584705
1,1,0.50081414
0,0,0.2101361
1,1,0.5403976
0,0,0.17530221
0,0,0.13371655
0,0,0.47761813
0,0,0.34629205
0,0,0.15487868
0,0,0.17472258
1,1,0.6427857
0,0,0.17192106
0,0,0.17437798
0,0,0.17307134
1,0,0.4657722
0,0,0.32550788
0,0,0.13733988
0,0,0.24134172
0,0,0.47083727
0,0,0.3724602
0,0,0.15198143
1,1,0.664657
0,0,0.4718859
0,0,0.15551396
0,0,0.15374804
0,0,0.16617826
0,0,0.13793343
0,0,0.17913662
0,0,0.1377281
0,0,0.20125718
0,1,0.5119291
0,0,0.28018278
0,0,0.13937497
0,0,0.17795914
0,1,0.55391085
0,0,0.15320605
0,0,0.15259999
0,0,0.30112588
0,0,0.23225923
0,0,0.17199506
0,0,0.40347233
1,0,0.45632306
1,0,0.21906054
0,0,0.17836018
0,0,0.3536552
0,0,0.15182291
0,1,0.5832091
0,1,0.55032974
0,0,0.4832087
1,1,0.6650547
0,0,0.14099336
0,1,0.53283155
0,0,0.45485446
0,0,0.25451145
0,0,0.15190884
0,0,0.367027
0,0,0.15268628
0,0,0.16607529
0,0,0.21300468
0,0,0.15390366
0,0,0.16655618
0,0,0.2629733
0,0,0.34518254
0,0,0.14555441
0,0,0.4261771
0,1,0.5080083
0,0,0.49166736
0,0,0.2995808
0,0,0.18422346
0,0,0.1565061
0,0,0.14572562
0,1,0.52721655
0,1,0.5980943
1,0,0.45794603
0,1,0.5274499
0,0,0.4343659
0,1,0.6143331
0,1,0.50208366
0,0,0.2543512
1,1,0.62336624
0,1,0.51281506
0,0,0.2907061
0,0,0.4357922
0,0,0.32818913
0,0,0.28646538
0,0,0.14293668
0,0,0.13944197
0,0,0.3868425
0,0,0.30098483
0,0,0.29914135
0,0,0.27507403
0,0,0.17629504
0,0,0.15708347
0,0,0.1785498
0,0,0.32818913
1,1,0.5306698
0,0,0.14094006
0,0,0.37629402
0,1,0.5200199
0,0,0.4782284
0,0,0.33923915
0,0,0.15856038
0,0,0.19752565
0,0,0.36571732
0,0,0.17085661
0,0,0.15485764
0,0,0.30569282
0,0,0.13776991
1,0,0.28010532
0,1,0.54985476
0,0,0.2230371
0,0,0.29580724
0,0,0.30780604
0,1,0.50117385
0,0,0.15340701
0,0,0.15460457
1,1,0.56804675
0,1,0.5178706
0,0,0.31517088
0,0,0.1673938
0,0,0.14207743
0,1,0.60124415
0,0,0.1519845
0,0,0.34715778
0,0,0.13387601
1,1,0.5102333
1,0,0.49621665
0,0,0.15042797
0,0,0.2974961
0,0,0.14651349
0,0,0.47807544
0,0,0.2501707
0,0,0.13387601
1,1,0.54544824
0,0,0.2262171
0,0,0.43639317
0,0,0.15130627
0,0,0.17223302
0,0,0.1557311
1,0,0.45543885
1,0,0.36798105
0,1,0.51052636
1,1,0.590783
0,0,0.42956495
0,1,0.66349375
0,0,0.15182291
0,0,0.1673938
0,0,0.17160562
0,0,0.3271803
0,0,0.2830336
0,0,0.4716518
0,1,0.66056466
0,0,0.15290906
0,1,0.5800865
0,0,0.28237757
0,0,0.24985968
0,0,0.14916615
0,0,0.36809668
0,0,0.45796764
0,0,0.1357884
0,0,0.4350038
0,0,0.15983376
0,0,0.17664614
0,0,0.28568703
0,0,0.1787698
0,0,0.3285494
0,0,0.30780604
0,0,0.2224681
0,0,0.13594994
0,0,0.13404918
0,0,0.13371655
0,1,0.53415567
0,0,0.25908816
0,0,0.1729634
0,0,0.1521307
0,0,0.15005918
0,1,0.5818017
0,0,0.37829632
0,0,0.25487247
0,0,0.22199358
0,0,0.14006005
0,0,0.14552425
1,1,0.5861404
0,0,0.15251733
0,0,0.13793343
0,0,0.3684864
0,1,0.5392487
0,0,0.15273103
0,0,0.13505553
0,0,0.32053187
0,0,0.13776991
0,0,0.15854406
0,0,0.2091122
0,0,0.2410071
0,0,0.15329732
0,0,0.1476348
0,0,0.45568883
0,0,0.1381636
0,0,0.13937497
0,0,0.35135072
0,0,0.42976135
0,0,0.212081
0,0,0.17160562
0,0,0.30065638
0,1,0.5774159
0,0,0.16914198
0,0,0.16646113
1,1,0.5096083
0,1,0.5762661
0,0,0.3154076
0,1,0.65685105
0,0,0.15778755
0,0,0.1972135
0,0,0.15398891
0,0,0.27634516
0,0,0.14796233
0,0,0.16909027
0,0,0.1381636
0,0,0.2143646
0,0,0.37200877
0,1,0.55552673
0,0,0.17629504
0,0,0.4814735
0,0,0.15544409
1,1,0.5028627
0,0,0.33635628
0,0,0.17205676
0,0,0.3780991
0,1,0.58898133
0,0,0.23727922
0,0,0.13756476
0,0,0.1377281
1,0,0.2778462
0,1,0.5701781
0,1,0.5247949
0,0,0.17267025
0,0,0.32468632
0,0,0.15374804
0,0,0.3005343
0,0,0.43450946
0,1,0.53125674
0,0,0.16917884
0,0,0.38542408
0,0,0.33780596
1,0,0.47083727
0,0,0.15340701
0,0,0.40715507
0,0,0.16092823
0,0,0.26329517
0,0,0.4318839
0,0,0.40225738
0,1,0.50034004
0,0,0.2995808
1,1,0.6419105
1,1,0.56744385
0,0,0.13387601
0,0,0.16655618
0,0,0.16655618
0,0,0.30218935
0,0,0.15121
0,0,0.48013404
1,0,0.34764078
0,0,0.4318839
1,0,0.46426934
1,0,0.2870104
0,0,0.24095164
0,0,0.46638325
1,0,0.47892308
0,0,0.3650725
0,0,0.17368142
0,0,0.15390366
0,0,0.22759978
0,0,0.38595426
0,0,0.32509664
0,0,0.15259999
0,0,0.3179017
0,0,0.3320142
0,0,0.43128434
0,0,0.4191873
0,0,0.16521269
0,0,0.15986916
0,0,0.15667497
0,0,0.3650725
0,0,0.15398891
0,0,0.21555409
0,0,0.43036035
0,0,0.43153873
0,0,0.17694679
0,0,0.1525651
0,0,0.17243631
0,1,0.62575823
0,0,0.3724602
0,0,0.43897814
0,0,0.17924112
0,0,0.16883527
0,0,0.4453918
0,0,0.14325237
0,0,0.28165355
1,1,0.5158761
0,0,0.46657035
0,0,0.1381636
0,0,0.13617772
1,0,0.3923417
0,0,0.1779263
0,0,0.2578042
0,0,0.16444351
0,0,0.13617772
0,0,0.37629402
0,0,0.13776991
0,0,0.1749917
1,1,0.5394269
0,0,0.16860342
0,0,0.47810912
0,1,0.5010818
0,0,0.2778462
0,0,0.2215664
0,0,0.45543885
0,0,0.20917661
0,0,0.30735955
0,0,0.37235388
0,0,0.32042888
0,0,0.15329732
0,0,0.13371655
0,0,0.17888954
0,0,0.21793361
0,0,0.2575861
0,0,0.17558876
0,0,0.25027227
0,1,0.5288818
0,0,0.1349078
1,1,0.5169014
0,0,0.4782284
0,0,0.17878434
0,0,0.239746
0,0,0.45568883
0,0,0.21527839
0,0,0.15895733
0,0,0.15290906
0,0,0.4357922
0,0,0.17382607
0,0,0.42530566
0,0,0.3271803
0,0,0.25280753
0,0,0.3650725
0,0,0.4867254
0,0,0.17659874
0,1,0.5178706
0,0,0.37200877
0,0,0.1521307
0,0,0.15756659
0,0,0.43828765
0,0,0.15767375
0,0,0.27874282
0,0,0.13653375
0,0,0.37190253
0,0,0.40998653
0,0,0.20701988
0,1,0.5242719
0,0,0.16765507
0,0,0.20743364
0,1,0.5912322
0,0,0.38783064
0,0,0.13594994
0,0,0.46045834
0,0,0.14077355
0,0,0.22178207
0,0,0.13811772
0,1,0.53009075
0,0,0.13371655
0,0,0.45634472
0,0,0.15632083
0,0,0.22106662
0,0,0.35021496
0,0,0.1357884
0,0,0.15524308
0,1,0.58320427
0,0,0.15659001
0,0,0.30780604
0,1,0.5975277
0,1,0.58589935
0,0,0.1782764
1,0,0.49382737
0,0,0.22228299
0,0,0.2894255
0,0,0.22007114
0,0,0.15297061
0,1,0.59642524
0,0,0.2002023
0,0,0.13387601
0,0,0.1347473
1,0,0.4299357
0,0,0.250956
1,1,0.5284738
0,0,0.16590087
0,0,0.15370429
0,0,0.1537525
0,0,0.15273103
0,0,0.15234274
0,0,0.27665144
0,0,0.47568592
0,0,0.34023696
0,0,0.1534661
0,0,0.33274853
0,0,0.32633084
0,0,0.1357884
0,0,0.13944197
0,0,0.16934128
0,0,0.13371655
0,0,0.24991587
0,0,0.17461385
0,0,0.24992783
0,0,0.2172589
0,0,0.42470843
0,0,0.34932178
0,0,0.17203368
0,0,0.31145555
0,0,0.21128622
0,0,0.15441735
0,0,0.41405627
0,0,0.28568703
0,1,0.6276914
0,0,0.17072557
0,0,0.45908466
0,0,0.30527055
0,0,0.13473369
0,0,0.23233172
0,0,0.15425007
0,0,0.26170987
0,0,0.13944197
0,0,0.21597037
0,0,0.17437798
0,0,0.35017374
0,0,0.13793343
0,0,0.14365116
0,0,0.13505495
0,0,0.3188009
0,0,0.16915897
0,0,0.20173061
0,0,0.21069819
0,0,0.14029317
0,0,0.14095418
1,1,0.61542064
0,0,0.17370036
0,0,0.30740094
0,0,0.13371655
0,0,0.15398891
0,0,0.48509747
0,0,0.19743052
0,0,0.13371655
0,0,0.1381636
0,0,0.3208979
1,0,0.45710012
0,0,0.2995808
0,0,0.14865598
0,0,0.15633422
0,0,0.4343659
0,0,0.48501843
0,0,0.17070255
0,0,0.24197078
0,0,0.15452689
0,0,0.16717164
0,0,0.43646485
0,1,0.5472152
0,0,0.33186412
0,0,0.13371655
0,0,0.46969604
0,0,0.14916615
0,0,0.15930808
1,1,0.50704324
0,0,0.30695477
0,0,0.37601903
0,0,0.29874274
0,0,0.43704462
0,0,0.43036035
0,0,0.25002447
0,0,0.14458273
0,0,0.3326355
0,0,0.17470725
0,0,0.14458273
0,0,0.14094006
0,0,0.16630426
0,1,0.5128805
0,0,0.14310533
0,0,0.14551318
0,0,0.3225191
0,0,0.15769252
0,0,0.1357884
1,0,0.32509664
0,1,0.50113213
0,0,0.17876586
0,0,0.4357922
0,0,0.15632083
0,0,0.28072494
0,0,0.22219515
0,1,0.57156307
0,0,0.16495444
0,0,0.43128434
1,0,0.46495622
0,0,0.2774647
0,0,0.17780824
1,1,0.5171856
0,0,0.21689449
0,0,0.43128434
0,0,0.2996873
0,0,0.23052253
0,0,0.36798105
0,1,0.5097553
0,0,0.47820073
1,0,0.21856189
0,0,0.4147808
0,0,0.34932178
0,0,0.16883527
0,0,0.2995808
0,0,0.1377281
1,0,0.4639548
0,0,0.13776991
0,0,0.15319254
0,0,0.17637503
0,0,0.15154126
0,1,0.5535217
0,0,0.39050856
0,1,0.54761904
0,1,0.5114722
0,0,0.1534661
0,0,0.15121
0,0,0.13811772
0,0,0.28198308
0,0,0.33551013
0,0,0.43682468
0,0,0.14729854
0,0,0.30230385
0,0,0.3012171
0,0,0.42470843
0,0,0.2819578
0,0,0.17307134
0,0,0.4655461
0,0,0.47163004
0,0,0.40976322
0,0,0.34715778
0,0,0.22989412
0,0,0.47686303
1,1,0.5795306
0,0,0.24193013
0,0,0.15504228
0,0,0.20565411
0,0,0.25966573
0,0,0.1349078
0,0,0.1547429
0,0,0.37190253
0,1,0.5761457
1,0,0.2561029
0,0,0.21309145
0,0,0.33274853
0,1,0.52653736
0,0,0.13799985
0,0,0.34932178
0,0,0.21695308
0,0,0.14116007
0,0,0.25900647
0,0,0.36172768
1,0,0.17285676
1,0,0.3190794
0,0,0.15390366
0,0,0.15466617
0,0,0.16276823
0,0,0.17363872
0,0,0.16717164
1,0,0.166973
0,0,0.22147873
0,0,0.30076036
0,0,0.3775451
0,0,0.15888101
0,0,0.43639317
0,0,0.2215664
0,1,0.5593865
0,0,0.3187807
0,0,0.41546783
0,1,0.52834046
0,0,0.20908085
0,0,0.1521307
0,0,0.2543447
0,0,0.22407812
0,0,0.24530911
0,0,0.27554703
0,0,0.15756659
0,0,0.4477838
0,0,0.24935499
0,0,0.15807901
0,0,0.15398891
0,0,0.20817012
1,1,0.58459574
0,1,0.5281773
0,0,0.1452839
0,0,0.17470725
0,0,0.15659001
0,0,0.23525696
0,0,0.31769273
1,1,0.6417443
0,0,0.2782668
0,0,0.1768277
0,1,0.5241854
1,0,0.3271803
0,0,0.17041917
1,0,0.34707654
0,0,0.14325237
0,0,0.16184376
0,0,0.20955606
0,1,0.5146989
0,0,0.4357922
0,0,0.13387601
0,0,0.31592363
0,1,0.52947634
0,0,0.3684916
0,0,0.18026008
0,1,0.52501464
0,0,0.468066
0,0,0.1377281
0,0,0.151431
0,0,0.39364153
0,0,0.13521634
0,0,0.34715778
0,0,0.14094006
0,0,0.34932178
0,0,0.32797432
0,1,0.5199403
0,0,0.16958843
0,0,0.151431
0,0,0.1627618
1,0,0.48441076
0,1,0.5170736
0,0,0.1547429
1,0,0.41282317
0,0,0.16445392
1,1,0.5240922
0,1,0.66341025
0,0,0.16533113
0,0,0.17006823
0,0,0.30076036
0,0,0.13371655
0,0,0.20565219
0,0,0.23234549
0,0,0.2990474
0,0,0.25977975
0,1,0.624002
0,0,0.2143646
0,0,0.3414839
0,0,0.3775451
0,0,0.20850906
0,0,0.4882289
0,0,0.25020853
0,0,0.16655618
0,0,0.1785498
0,0,0.17864843
0,0,0.13408673
0,0,0.16668577
0,0,0.46274552
1,1,0.5443297
0,0,0.15320605
0,0,0.21924269
0,0,0.23881203
0,0,0.1521307
0,0,0.4797434
0,0,0.48554993
0,0,0.46888
0,0,0.37225154
0,0,0.1713938
0,0,0.30173424
0,1,0.5122917
0,1,0.5301419
0,0,0.15620014
0,0,0.21174328
0,0,0.28199232
0,0,0.3156832
1,1,0.52797556
1,1,0.5980943
0,0,0.16412662
0,0,0.16412662
0,0,0.15121
1,0,0.44158694
0,1,0.5679836
0,0,0.35944673
0,0,0.14116007
0,0,0.22106662
0,1,0.5027308
0,0,0.15524308
1,1,0.57568645
0,1,0.6137125
0,0,0.23587456
1,0,0.24175823
0,0,0.1377281
0,0,0.13637161
0,0,0.14511313
0,1,0.5128805
0,0,0.1541518
0,0,0.14077355
0,0,0.17470725
1,0,0.15486658
0,1,0.5795998
0,0,0.1381636
0,0,0.35421407
0,1,0.59958327
0,0,0.43770754
0,0,0.31647414
0,0,0.16775468
0,0,0.13793343
0,0,0.46573746
0,0,0.16119891
0,0,0.15732592
0,0,0.15975218
0,0,0.14023241
0,0,0.16607529
0,1,0.5319805
0,0,0.15121
0,0,0.17993677
0,0,0.13750297
0,0,0.15704401
0,0,0.48329538
0,0,0.36882117
0,0,0.29874274
0,0,0.17987387
0,1,0.5074791
0,0,0.37574103
0,0,0.3620369
1,1,0.6650547
0,0,0.16765507
0,0,0.15425007
0,0,0.1452839
0,0,0.40962157
1,0,0.36548683
0,0,0.25371128
0,1,0.59392655
0,0,0.17070255
1,1,0.5990174
1,1,0.5975277
0,0,0.3013812
0,0,0.36090025
0,0,0.13683258
0,0,0.2995808
0,0,0.36798105
0,0,0.20366402
1,1,0.5160819
0,0,0.42933685
0,0,0.3271803
0,0,0.4366464
0,0,0.21197154
0,0,0.30138516
0,1,0.50916636
1,1,0.51219666
0,0,0.40962157
0,0,0.22733596
0,0,0.3285494
0,0,0.21470217
0,0,0.22253197
1,1,0.5026946
0,0,0.15121
0,0,0.37296808
0,0,0.13387601
0,0,0.4331932
0,0,0.21597528
0,0,0.37926206
0,0,0.22921814
0,0,0.26580006
0,0,0.21484303
0,0,0.351265
0,1,0.50995255
0,0,0.3713952
1,0,0.367027
0,0,0.41804475
1,1,0.59543097
1,0,0.48132572
1,0,0.30350712
0,0,0.17378075
0,0,0.18272527
0,0,0.23306997
1,0,0.46968594
0,0,0.19117343
0,0,0.2754535
0,1,0.58426315
0,1,0.5577511
0,1,0.5325681
0,0,0.15761036
1,0,0.46749252
0,0,0.15925056
0,1,0.58710384
1,0,0.1673938
0,0,0.2516389
0,0,0.43450946
0,0,0.13989441
0,0,0.1567036
0,0,0.17987387
0,0,0.13387601
0,0,0.40596306
0,0,0.17472258
0,0,0.47570366
0,0,0.43892252
0,0,0.1451021
1,1,0.5042815
0,0,0.22311528
1,0,0.30527055
0,0,0.27222314
0,0,0.25879875
0,0,0.43837637
0,0,0.16655618
0,0,0.32818913
0,0,0.13505553
0,0,0.15740164
0,0,0.16810429
1,0,0.47570765
0,0,0.18343735
0,0,0.45632306
0,0,0.47081348
0,0,0.20234552
1,1,0.5969073
0,0,0.21775778
0,0,0.3734188
0,0,0.13776991
0,1,0.5964707
0,0,0.41640845
0,1,0.54055625
1,0,0.32818913
0,0,0.15268628
0,1,0.5307504
0,0,0.17884694
0,0,0.15234274
0,0,0.39420417
1,1,0.59958327
0,0,0.34932178
0,0,0.13594994
0,0,0.13371655
0,0,0.34707654
0,0,0.14341798
0,0,0.45847386
0,0,0.1790467
0,0,0.17721862
0,0,0.22183253
0,0,0.367027
0,0,0.25864232
0,0,0.24715273
0,0,0.17853338
0,0,0.15329732
0,0,0.17437798
0,0,0.34932178
0,0,0.32744992
0,0,0.43036035
0,0,0.2990474
1,0,0.32818913
1,1,0.59703785
0,0,0.2889008
0,0,0.4745005
0,0,0.15423578
0,0,0.37281817
0,0,0.43446273
0,1,0.5991682
0,0,0.45264256
0,0,0.2564909
0,0,0.45101342
0,1,0.5482881
1,1,0.5980943
0,0,0.47378454
0,0,0.32818913
0,0,0.40551823
0,0,0.14094006
0,0,0.13387601
0,0,0.15524308
0,0,0.17368142
0,0,0.1980707
0,0,0.15643035
0,1,0.5427855
0,0,0.2237773
0,0,0.4987685
1,0,0.16774146
0,0,0.47568592
0,0,0.15678674
0,1,0.5922468
0,0,0.20815615
0,0,0.4668842
0,0,0.14468925
0,0,0.16607529
0,0,0.16746403
0,0,0.14094006
0,0,0.42849794
1,0,0.4826163
0,0,0.4314089
1,1,0.52926826
0,1,0.5576503
0,0,0.2426391
0,0,0.17744818
0,0,0.34456164
0,0,0.16765507
1,0,0.47547567
0,0,0.25085697
0,0,0.4607504
0,0,0.20383969
0,1,0.61134773
0,0,0.37069696
0,0,0.15329732
0,0,0.49564445
0,0,0.18456392
0,0,0.15714476
0,0,0.20967059
0,0,0.49943897
1,0,0.48699152
0,0,0.17558876
0,0,0.23425819
0,0,0.34144795
0,0,0.15297061
0,0,0.31587687
0,1,0.5990174
0,0,0.14511313
0,0,0.13799985
1,0,0.37926206
0,1,0.5982513
0,0,0.1476348
1,0,0.37744597
0,0,0.34144795
0,0,0.14145711
0,0,0.15659001
0,0,0.18196732
0,0,0.13596365
0,0,0.1357884
0,1,0.5472152
0,0,0.1673938
0,0,0.20448166
0,0,0.16973111
0,0,0.29809237
0,0,0.49441648
1,0,0.3132307
0,1,0.5982513
0,0,0.16973111
0,0,0.15259324
0,0,0.39509913
0,0,0.19841525
0,0,0.24834338
0,0,0.2512915
0,0,0.17613892
0,0,0.3488025
0,0,0.1452839
0,0,0.1685162
0,0,0.17160562
0,0,0.23614508
0,0,0.43386236
0,0,0.20918404
1,1,0.6622499
0,0,0.17160562
0,0,0.36827272
0,0,0.26916972
0,0,0.17022043
0,0,0.47109047
0,0,0.40715507
0,0,0.37232184
0,0,0.37353963
0,0,0.20824905
1,0,0.47311717
0,0,0.41232505
1,0,0.26632133
0,0,0.37910822
0,0,0.16558203
1,0,0.4364811
0,0,0.45053867
0,0,0.43639317
0,0,0.1633824
0,0,0.13793343
0,0,0.48312548
0,0,0.27596548
0,0,0.18367842
0,0,0.48991743
0,1,0.5286521
0,0,0.15234274
0,0,0.14666596
1,1,0.5159028
0,1,0.5990174
0,0,0.33309537
0,0,0.16714086
0,0,0.2110978
1,1,0.50264996
0,0,0.18177174
0,0,0.13387601
0,0,0.4318839
0,0,0.13387601
0,0,0.3156832
0,0,0.3412348
0,0,0.13793343
0,0,0.15319254
0,0,0.16897745
0,0,0.33999664
1,0,0.13473369
1,0,0.3650725
0,0,0.13371655
0,1,0.5976743
0,0,0.26004168
0,0,0.15601516
0,0,0.26369447
0,1,0.55552673
0,0,0.14504229
0,0,0.26260483
0,0,0.46456206
0,0,0.29617754
0,0,0.36638778
0,0,0.47623396
0,0,0.31453195
0,0,0.23173998
0,0,0.24562481
1,0,0.39106965
0,0,0.21869248
0,0,0.21563122
0,0,0.1748596
0,0,0.221696
0,0,0.32550788
0,0,0.30270708
0,0,0.27572855
0,0,0.15297061
0,0,0.2872631
0,0,0.15632083
0,0,0.21797961
0,0,0.16836888
0,0,0.14987913
0,1,0.531642
0,0,0.17987387
1,0,0.46974602
0,0,0.26857966
0,0,0.1771761
0,0,0.15251733
0,0,0.15567139
0,0,0.2995808
0,1,0.5900974
0,0,0.16740184
0,0,0.42956495
0,0,0.3724602
0,0,0.13793343
0,0,0.21615177
1,0,0.33635628
0,0,0.47951123
0,0,0.21849443
0,1,0.5241854
0,0,0.17532612
0,0,0.46599245
0,0,0.14077355
0,1,0.5364157
0,0,0.18260643
0,0,0.3775451
0,0,0.17629504
0,0,0.14225946
0,0,0.27775913
0,0,0.280659
0,0,0.17822772
1,1,0.66341025
0,0,0.19734614
0,0,0.21946998
0,0,0.16765507
0,0,0.14511313
0,0,0.32968593
0,0,0.1785498
0,0,0.15299965
0,0,0.1537525
0,0,0.25580022
0,0,0.37296808
0,0,0.13371655
0,0,0.17163
0,0,0.23248257
0,0,0.16934128
0,0,0.16386381
0,1,0.59255046
0,0,0.2021345
0,0,0.42530566
0,0,0.17087731
0,0,0.17426941
0,0,0.1377281
0,0,0.48362058
0,0,0.14719152
1,0,0.49370274
0,0,0.29914135
0,0,0.1655819
0,0,0.2525009
0,0,0.15251733
0,0,0.36799937
0,0,0.15643026
0,0,0.14336738
0,0,0.15950257
0,0,0.43128434
0,0,0.17266403
0,0,0.13392706
1,0,0.48169464
0,0,0.47962508
0,0,0.47396472
0,1,0.58343965
0,0,0.21687376
1,1,0.5975277
0,0,0.3156832
0,0,0.13793343
0,0,0.15925618
0,0,0.40231887
1,1,0.5215245
0,0,0.43787155
0,0,0.15273103
1,1,0.5990571
0,0,0.351265
1,0,0.4413705
0,0,0.28196436
0,0,0.49333563
0,1,0.51800436
0,0,0.28255898
0,0,0.24692944
0,0,0.20327072
0,0,0.16949177
0,0,0.15740164
0,0,0.23112047
0,0,0.31714842
0,0,0.16018791
0,0,0.4705412
1,0,0.28237757
0,0,0.17522377
0,0,0.17322366
1,1,0.51830125
0,1,0.57568645
0,0,0.16917884
0,0,0.17856327
0,0,0.17795914
0,0,0.13371655
1,1,0.584898
0,0,0.46768472
0,0,0.27497756
0,1,0.5990174
0,0,0.16172962
0,0,0.18476488
0,0,0.15268628
1,0,0.20944041
0,0,0.46767846
1,1,0.62811947
0,0,0.13387601
0,0,0.43787155
0,0,0.44002336
0,0,0.15778755
0,0,0.30573386
0,1,0.5990174
0,1,0.51504785
0,0,0.15645777
0,0,0.1686683
0,0,0.29974744
0,0,0.16909027
0,0,0.13776991
0,0,0.14750442
0,0,0.15320605
0,0,0.47370464
0,0,0.17383415
0,1,0.50196594
0,0,0.14263579
0,0,0.28002787
0,0,0.22204632
0,0,0.1357884
0,0,0.4318839
0,0,0.170492
0,0,0.43828765
0,0,0.2612401
0,0,0.32550788
0,0,0.29887366
0,0,0.37580073
0,0,0.22715616
0,0,0.30117664
0,0,0.15441735
0,0,0.21743938
0,0,0.16740184
0,1,0.53500944
0,0,0.26041928
0,0,0.26807854
0,0,0.14436601
0,0,0.17177616
0,0,0.33109236
0,0,0.3409182
0,0,0.17437798
0,0,0.15334669
0,0,0.16114962
0,0,0.38403568
0,0,0.47680414
0,0,0.15551396
1,0,0.45483285
0,0,0.13388954
0,0,0.17528415
0,1,0.5884397
0,0,0.15425712
0,0,0.14094006
0,0,0.41090447
0,1,0.5964707
1,0,0.49490267
0,0,0.13776991
0,0,0.15390366
0,0,0.2344282
0,0,0.4318839
0,0,0.13371655
0,1,0.58161473
1,1,0.5865324
0,1,0.5988175
0,0,0.14285801
0,0,0.24936709
0,0,0.13637161
0,0,0.25876167
0,0,0.48253742
0,0,0.16010892
0,0,0.16607529
0,0,0.23110422
0,0,0.1593914
0,0,0.42813018
1,1,0.55216897
0,0,0.17721862
1,1,0.5242719
0,0,0.2740463
1,1,0.5854701
0,0,0.33923915
0,0,0.16912805
0,0,0.15425007
0,0,0.156672
0,0,0.1725389
0,0,0.15329732
0,0,0.13387601
0,0,0.46768472
0,0,0.1673938
0,0,0.13387601
0,0,0.29914135
1,1,0.5114722
0,0,0.1534661
0,0,0.25786698
1,0,0.2106229
1,1,0.54989105
0,0,0.20760247
0,0,0.15329732
0,0,0.33923915
0,0,0.38977295
0,0,0.42933685
0,0,0.17884672
0,0,0.44002336
0,0,0.30173424
0,0,0.48361355
0,0,0.167954
0,0,0.47355685
1,0,0.28509742
0,0,0.17327283
0,0,0.13960716
0,0,0.14782597
1,0,0.3380952
0,0,0.37296808
1,0,0.40627047
0,0,0.15251733
0,0,0.15641694
0,0,0.13371655
0,0,0.33010638
0,0,0.33437237
0,0,0.17493139
1,0,0.31457642
0,0,0.15740164
0,0,0.15425007
0,0,0.16909027
0,0,0.25909173
0,0,0.37235388
0,0,0.13371655
0,0,0.4327587
0,0,0.4693188
0,0,0.19652127
1,1,0.51305073
0,0,0.4896087
0,0,0.37299436
0,0,0.15074979
0,1,0.5176888
0,0,0.16980429
0,0,0.21856189
0,0,0.34944457
0,0,0.44016984
0,0,0.1745312
0,0,0.28251588
0,0,0.3449776
0,0,0.32872674
0,0,0.17264283
0,0,0.24463005
0,0,0.36995342
0,0,0.33047676
0,0,0.47311717
1,1,0.6612666
0,0,0.21134469
0,0,0.13521634
0,0,0.14094006
0,0,0.4655461
0,0,0.21794333
0,0,0.13944197
0,0,0.37725198
0,0,0.17471148
0,0,0.44720113
0,0,0.42933685
0,0,0.4147808
0,0,0.1521307
0,0,0.17613892
1,0,0.31647414
0,0,0.34707654
0,0,0.14077355
0,0,0.3725797
0,0,0.36172768
0,0,0.15190884
0,0,0.13750297
0,0,0.2157836
0,0,0.33923915
0,0,0.43639317
0,0,0.16630426
0,0,0.15751243
0,0,0.15802066
0,0,0.17400117
0,0,0.22106662
0,0,0.15606539
0,0,0.1729634
1,1,0.64101475
0,0,0.17127466
0,0,0.16655618
0,0,0.16201572
0,0,0.28234962
0,0,0.17514113
0,0,0.2196133
0,0,0.37625527
0,0,0.37235388
0,0,0.16655618
0,0,0.1610669
0,0,0.4171204
0,1,0.53277516
0,0,0.32633084
0,1,0.61845285
0,0,0.170243
0,0,0.47568592
0,1,0.59824085
0,0,0.17699426
0,0,0.1679153
0,0,0.1987824
0,0,0.34707654
0,0,0.15220644
0,0,0.15740164
0,0,0.15441735
0,0,0.1521307
0,1,0.54610264
1,1,0.5036706
0,0,0.42933685
1,1,0.6587853
0,0,0.17205676
0,0,0.17530221
0,0,0.22379002
0,0,0.45694304
1,1,0.53700167
0,0,0.3038739
0,0,0.44754556
1,0,0.46852592
0,0,0.21050864
0,0,0.20951729
0,0,0.43128434
0,0,0.20543635
0,0,0.34297144
0,0,0.13371655
0,1,0.51504266
0,0,0.20821837
0,0,0.25332603
0,0,0.48252547
1,1,0.5662877
0,0,0.15498056
0,0,0.15389499
0,0,0.34932178
0,0,0.32162586
0,0,0.43036035
1,1,0.5050021
0,1,0.58378184
0,0,0.34541425
0,0,0.15175977
0,0,0.34715778
0,0,0.20821914
0,0,0.1691347
0,0,0.15329732
0,0,0.34707654
0,0,0.3488025
0,0,0.28071493
0,1,0.53963226
1,1,0.5906414
0,0,0.31826183
1,0,0.46436998
0,0,0.2976525
0,0,0.15969142
0,0,0.22078426
0,0,0.14511313
0,0,0.33862495
1,0,0.36798105
1,1,0.52405685
0,0,0.14225946
0,0,0.15175977
